{
  "direction_selectivity_index": 0.7758620689655171,
  "tuning_curve_hwhm_deg": 68.65079365079364,
  "tuning_curve_reliability": 0.9835579184749684,
  "tuning_curve_rmse": 15.489547768408103
}
