{
  "count": 129,
  "min_depth": 3,
  "max_depth": 18,
  "min_L_um": 1.0923183072268654,
  "median_L_um": 11.41929364111361,
  "max_L_um": 89.64799747408945,
  "total_L_um": 2474.0661852466533,
  "identification_rule": "hoc_leaves_on_arbor_depth_ge_3"
}
