angle_deg,trial_seed,firing_rate_hz
0,1,14.000000
0,2,14.000000
90,1001,13.000000
90,1002,13.000000
180,2001,0.000000
180,2002,0.000000
270,3001,0.000000
270,3002,0.000000
