v_rest_mv,trial,direction_deg,spike_count,peak_mv,firing_rate_hz
-60.0,0,0,14,44.291,14.000000
-60.0,0,30,14,43.735,14.000000
-60.0,0,60,13,43.595,13.000000
-60.0,0,90,13,44.358,13.000000
-60.0,0,120,15,43.831,15.000000
-60.0,0,150,0,-45.508,0.000000
-60.0,0,180,0,-55.781,0.000000
-60.0,0,210,0,-54.665,0.000000
-60.0,0,240,0,-55.316,0.000000
-60.0,0,270,0,-56.184,0.000000
-60.0,0,300,0,-55.765,0.000000
-60.0,0,330,10,44.497,10.000000
