{
  "0.50": 1435.0997967720032,
  "0.75": 1433.977742433548,
  "1.00": 1428.6435651779175,
  "1.25": 1427.8053929805756,
  "1.50": 1427.2012202739716,
  "1.75": 1430.802568435669,
  "2.00": 1429.8105478286743
}
