angle_deg,trial_seed,sample_idx,t_ms,voltage_mv
0,1,0,0.0000,-65.0000
0,1,8,0.0699,-64.9855
0,1,16,0.6811,-64.9173
0,1,24,5.5147,-64.6276
0,1,32,14.0905,-64.5433
0,1,40,22.6664,-64.5540
0,1,48,36.8228,-64.5609
0,1,56,100.0000,-64.5618
0,1,64,100.0348,-64.5435
0,1,72,100.0564,-64.5132
0,1,80,100.0925,-64.4311
0,1,88,100.2995,-63.4064
0,1,96,100.3621,-62.9605
0,1,104,100.4119,-62.5743
0,1,112,100.4886,-61.9369
0,1,120,100.5590,-61.3150
0,1,128,100.7335,-59.6830
0,1,136,100.9963,-57.1450
0,1,144,101.0603,-56.5289
0,1,152,101.1445,-55.7182
0,1,160,101.4422,-52.7481
0,1,168,101.7253,-49.3111
0,1,176,102.0078,-42.7418
0,1,184,102.1962,-30.7444
0,1,192,102.3712,-14.5750
0,1,200,102.5462,-1.1316
0,1,208,102.6630,5.7980
0,1,216,102.6817,6.7551
0,1,224,102.7400,9.4611
0,1,232,102.7669,10.5752
0,1,240,102.9000,14.9177
0,1,248,102.9614,16.3247
0,1,256,103.0649,17.9626
0,1,264,103.2101,18.9509
0,1,272,103.6717,15.2039
0,1,280,103.7688,13.5377
0,1,288,104.0300,8.1816
0,1,296,104.0925,6.7583
0,1,304,104.5004,-3.1797
0,1,312,104.7540,-9.5064
0,1,320,104.8485,-11.8235
0,1,328,105.0100,-15.6864
0,1,336,105.1387,-18.6526
0,1,344,105.8495,-32.6886
0,1,352,106.2345,-38.6824
0,1,360,106.4256,-41.3547
0,1,368,106.5797,-43.4011
0,1,376,107.0378,-48.9842
0,1,384,107.4202,-52.9863
0,1,392,107.4701,-53.4520
0,1,400,107.6325,-54.8537
0,1,408,107.9851,-57.3328
0,1,416,108.1354,-58.1810
0,1,424,108.2715,-58.8541
0,1,432,108.3505,-59.2025
0,1,440,108.4054,-59.4242
0,1,448,108.6248,-60.1569
0,1,456,108.6878,-60.3275
0,1,464,109.0898,-61.1208
0,1,472,109.2366,-61.3251
0,1,480,109.3128,-61.4150
0,1,488,109.3744,-61.4770
0,1,496,109.6450,-61.6377
0,1,504,109.7338,-61.6634
0,1,512,110.1000,-61.6794
0,1,520,110.2183,-61.6662
0,1,528,110.7499,-61.5467
0,1,536,110.9825,-61.5023
0,1,544,111.1656,-61.4626
0,1,552,111.2303,-61.4479
0,1,560,111.3350,-61.4205
0,1,568,111.4144,-61.3952
0,1,576,111.5401,-61.3453
0,1,584,111.6150,-61.3082
0,1,592,111.6721,-61.2754
0,1,600,111.7615,-61.2177
0,1,608,111.9950,-61.0306
0,1,616,112.0784,-60.9539
0,1,624,112.1726,-60.8618
0,1,632,112.2837,-60.7445
0,1,640,112.3292,-60.6919
0,1,648,112.5058,-60.4624
0,1,656,112.7115,-60.1602
0,1,664,113.2050,-59.4308
0,1,672,113.2340,-59.3923
0,1,680,113.3950,-59.1690
0,1,688,113.4904,-59.0333
0,1,696,113.6402,-58.8199
0,1,704,113.7703,-58.6348
0,1,712,113.9523,-58.3727
0,1,720,114.6145,-57.5074
0,1,728,115.6950,-56.8714
0,1,736,115.7548,-56.8634
0,1,744,116.0550,-56.8399
0,1,752,116.1153,-56.8370
0,1,760,116.2302,-56.8279
0,1,768,116.2774,-56.8233
0,1,776,116.5133,-56.7787
0,1,784,117.1831,-56.5927
0,1,792,117.6163,-56.5549
0,1,800,117.7351,-56.5543
0,1,808,117.9220,-56.5479
0,1,816,118.6233,-56.5309
0,1,824,118.8844,-56.5681
0,1,832,119.0951,-56.6141
0,1,840,119.3559,-56.6768
0,1,848,119.4401,-56.6992
0,1,856,119.6741,-56.7374
0,1,864,120.3977,-56.8187
0,1,872,120.8848,-56.9738
0,1,880,121.1918,-57.0942
0,1,888,121.8750,-57.4235
0,1,896,122.0373,-57.5153
0,1,904,122.1899,-57.5970
0,1,912,122.4545,-57.7162
0,1,920,123.3431,-58.1360
0,1,928,124.1068,-58.6686
0,1,936,124.3320,-58.8364
0,1,944,125.2469,-59.4783
0,1,952,127.4417,-61.2709
0,1,960,130.8650,-63.4606
0,1,968,130.9149,-63.4816
0,1,976,131.2691,-63.5774
0,1,984,132.1488,-63.6838
0,1,992,133.7550,-63.8824
0,1,1000,133.8059,-63.8889
0,1,1008,134.2381,-63.8830
0,1,1016,135.4045,-63.7922
0,1,1024,137.9729,-63.9466
0,1,1032,142.9987,-64.4441
0,1,1040,148.0246,-64.6100
0,1,1048,154.2900,-64.6153
0,1,1056,173.0008,-64.5645
0,1,1064,218.8178,-64.5605
0,1,1072,263.9092,-64.5604
0,1,1080,302.7579,-64.5606
0,2,0,0.0000,-65.0000
0,2,8,0.0699,-64.9855
0,2,16,0.6811,-64.9173
0,2,24,5.5147,-64.6276
0,2,32,14.0905,-64.5433
0,2,40,22.6664,-64.5540
0,2,48,36.8228,-64.5609
0,2,56,100.0000,-64.5618
0,2,64,100.0348,-64.5435
0,2,72,100.0564,-64.5132
0,2,80,100.0925,-64.4311
0,2,88,100.2995,-63.4064
0,2,96,100.3621,-62.9605
0,2,104,100.4119,-62.5743
0,2,112,100.4886,-61.9369
0,2,120,100.5590,-61.3150
0,2,128,100.7335,-59.6830
0,2,136,100.9963,-57.1450
0,2,144,101.0603,-56.5289
0,2,152,101.1445,-55.7182
0,2,160,101.4422,-52.7481
0,2,168,101.7253,-49.3111
0,2,176,102.0078,-42.7418
0,2,184,102.1962,-30.7444
0,2,192,102.3712,-14.5750
0,2,200,102.5462,-1.1316
0,2,208,102.6630,5.7980
0,2,216,102.6817,6.7551
0,2,224,102.7400,9.4611
0,2,232,102.7669,10.5752
0,2,240,102.9000,14.9177
0,2,248,102.9614,16.3247
0,2,256,103.0649,17.9626
0,2,264,103.2101,18.9509
0,2,272,103.6717,15.2039
0,2,280,103.7688,13.5377
0,2,288,104.0300,8.1816
0,2,296,104.0925,6.7583
0,2,304,104.5004,-3.1797
0,2,312,104.7540,-9.5064
0,2,320,104.8485,-11.8235
0,2,328,105.0100,-15.6864
0,2,336,105.1387,-18.6526
0,2,344,105.8495,-32.6886
0,2,352,106.2345,-38.6824
0,2,360,106.4256,-41.3547
0,2,368,106.5797,-43.4011
0,2,376,107.0378,-48.9842
0,2,384,107.4202,-52.9863
0,2,392,107.4701,-53.4520
0,2,400,107.6325,-54.8537
0,2,408,107.9851,-57.3328
0,2,416,108.1354,-58.1810
0,2,424,108.2715,-58.8541
0,2,432,108.3505,-59.2025
0,2,440,108.4054,-59.4242
0,2,448,108.6248,-60.1569
0,2,456,108.6878,-60.3275
0,2,464,109.0898,-61.1208
0,2,472,109.2366,-61.3251
0,2,480,109.3128,-61.4150
0,2,488,109.3744,-61.4770
0,2,496,109.6450,-61.6377
0,2,504,109.7338,-61.6634
0,2,512,110.1000,-61.6794
0,2,520,110.2183,-61.6662
0,2,528,110.7499,-61.5467
0,2,536,110.9825,-61.5023
0,2,544,111.1656,-61.4626
0,2,552,111.2303,-61.4479
0,2,560,111.3350,-61.4205
0,2,568,111.4144,-61.3952
0,2,576,111.5401,-61.3453
0,2,584,111.6150,-61.3082
0,2,592,111.6721,-61.2754
0,2,600,111.7615,-61.2177
0,2,608,111.9950,-61.0306
0,2,616,112.0784,-60.9539
0,2,624,112.1726,-60.8618
0,2,632,112.2837,-60.7445
0,2,640,112.3292,-60.6919
0,2,648,112.5058,-60.4624
0,2,656,112.7115,-60.1602
0,2,664,113.2050,-59.4308
0,2,672,113.2340,-59.3923
0,2,680,113.3950,-59.1690
0,2,688,113.4904,-59.0333
0,2,696,113.6402,-58.8199
0,2,704,113.7703,-58.6348
0,2,712,113.9523,-58.3727
0,2,720,114.6145,-57.5074
0,2,728,115.6950,-56.8714
0,2,736,115.7548,-56.8634
0,2,744,116.0550,-56.8399
0,2,752,116.1153,-56.8370
0,2,760,116.2302,-56.8279
0,2,768,116.2774,-56.8233
0,2,776,116.5133,-56.7787
0,2,784,117.1831,-56.5927
0,2,792,117.6163,-56.5549
0,2,800,117.7351,-56.5543
0,2,808,117.9220,-56.5479
0,2,816,118.6233,-56.5309
0,2,824,118.8844,-56.5681
0,2,832,119.0951,-56.6141
0,2,840,119.3559,-56.6768
0,2,848,119.4401,-56.6992
0,2,856,119.6741,-56.7374
0,2,864,120.3977,-56.8187
0,2,872,120.8848,-56.9738
0,2,880,121.1918,-57.0942
0,2,888,121.8750,-57.4235
0,2,896,122.0373,-57.5153
0,2,904,122.1899,-57.5970
0,2,912,122.4545,-57.7162
0,2,920,123.3431,-58.1360
0,2,928,124.1068,-58.6686
0,2,936,124.3320,-58.8364
0,2,944,125.2469,-59.4783
0,2,952,127.4417,-61.2709
0,2,960,130.8650,-63.4606
0,2,968,130.9149,-63.4816
0,2,976,131.2691,-63.5774
0,2,984,132.1488,-63.6838
0,2,992,133.7550,-63.8824
0,2,1000,133.8059,-63.8889
0,2,1008,134.2381,-63.8830
0,2,1016,135.4045,-63.7922
0,2,1024,137.9729,-63.9466
0,2,1032,142.9987,-64.4441
0,2,1040,148.0246,-64.6100
0,2,1048,154.2900,-64.6153
0,2,1056,173.0008,-64.5645
0,2,1064,218.8178,-64.5605
0,2,1072,263.9092,-64.5604
0,2,1080,302.7579,-64.5606
0,3,0,0.0000,-65.0000
0,3,8,0.0699,-64.9855
0,3,16,0.6811,-64.9173
0,3,24,5.5147,-64.6276
0,3,32,14.0905,-64.5433
0,3,40,22.6664,-64.5540
0,3,48,36.8228,-64.5609
0,3,56,100.0000,-64.5618
0,3,64,100.0348,-64.5435
0,3,72,100.0564,-64.5132
0,3,80,100.0925,-64.4311
0,3,88,100.2995,-63.4064
0,3,96,100.3621,-62.9605
0,3,104,100.4119,-62.5743
0,3,112,100.4886,-61.9369
0,3,120,100.5590,-61.3150
0,3,128,100.7335,-59.6830
0,3,136,100.9963,-57.1450
0,3,144,101.0603,-56.5289
0,3,152,101.1445,-55.7182
0,3,160,101.4422,-52.7481
0,3,168,101.7253,-49.3111
0,3,176,102.0078,-42.7418
0,3,184,102.1962,-30.7444
0,3,192,102.3712,-14.5750
0,3,200,102.5462,-1.1316
0,3,208,102.6630,5.7980
0,3,216,102.6817,6.7551
0,3,224,102.7400,9.4611
0,3,232,102.7669,10.5752
0,3,240,102.9000,14.9177
0,3,248,102.9614,16.3247
0,3,256,103.0649,17.9626
0,3,264,103.2101,18.9509
0,3,272,103.6717,15.2039
0,3,280,103.7688,13.5377
0,3,288,104.0300,8.1816
0,3,296,104.0925,6.7583
0,3,304,104.5004,-3.1797
0,3,312,104.7540,-9.5064
0,3,320,104.8485,-11.8235
0,3,328,105.0100,-15.6864
0,3,336,105.1387,-18.6526
0,3,344,105.8495,-32.6886
0,3,352,106.2345,-38.6824
0,3,360,106.4256,-41.3547
0,3,368,106.5797,-43.4011
0,3,376,107.0378,-48.9842
0,3,384,107.4202,-52.9863
0,3,392,107.4701,-53.4520
0,3,400,107.6325,-54.8537
0,3,408,107.9851,-57.3328
0,3,416,108.1354,-58.1810
0,3,424,108.2715,-58.8541
0,3,432,108.3505,-59.2025
0,3,440,108.4054,-59.4242
0,3,448,108.6248,-60.1569
0,3,456,108.6878,-60.3275
0,3,464,109.0898,-61.1208
0,3,472,109.2366,-61.3251
0,3,480,109.3128,-61.4150
0,3,488,109.3744,-61.4770
0,3,496,109.6450,-61.6377
0,3,504,109.7338,-61.6634
0,3,512,110.1000,-61.6794
0,3,520,110.2183,-61.6662
0,3,528,110.7499,-61.5467
0,3,536,110.9825,-61.5023
0,3,544,111.1656,-61.4626
0,3,552,111.2303,-61.4479
0,3,560,111.3350,-61.4205
0,3,568,111.4144,-61.3952
0,3,576,111.5401,-61.3453
0,3,584,111.6150,-61.3082
0,3,592,111.6721,-61.2754
0,3,600,111.7615,-61.2177
0,3,608,111.9950,-61.0306
0,3,616,112.0784,-60.9539
0,3,624,112.1726,-60.8618
0,3,632,112.2837,-60.7445
0,3,640,112.3292,-60.6919
0,3,648,112.5058,-60.4624
0,3,656,112.7115,-60.1602
0,3,664,113.2050,-59.4308
0,3,672,113.2340,-59.3923
0,3,680,113.3950,-59.1690
0,3,688,113.4904,-59.0333
0,3,696,113.6402,-58.8199
0,3,704,113.7703,-58.6348
0,3,712,113.9523,-58.3727
0,3,720,114.6145,-57.5074
0,3,728,115.6950,-56.8714
0,3,736,115.7548,-56.8634
0,3,744,116.0550,-56.8399
0,3,752,116.1153,-56.8370
0,3,760,116.2302,-56.8279
0,3,768,116.2774,-56.8233
0,3,776,116.5133,-56.7787
0,3,784,117.1831,-56.5927
0,3,792,117.6163,-56.5549
0,3,800,117.7351,-56.5543
0,3,808,117.9220,-56.5479
0,3,816,118.6233,-56.5309
0,3,824,118.8844,-56.5681
0,3,832,119.0951,-56.6141
0,3,840,119.3559,-56.6768
0,3,848,119.4401,-56.6992
0,3,856,119.6741,-56.7374
0,3,864,120.3977,-56.8187
0,3,872,120.8848,-56.9738
0,3,880,121.1918,-57.0942
0,3,888,121.8750,-57.4235
0,3,896,122.0373,-57.5153
0,3,904,122.1899,-57.5970
0,3,912,122.4545,-57.7162
0,3,920,123.3431,-58.1360
0,3,928,124.1068,-58.6686
0,3,936,124.3320,-58.8364
0,3,944,125.2469,-59.4783
0,3,952,127.4417,-61.2709
0,3,960,130.8650,-63.4606
0,3,968,130.9149,-63.4816
0,3,976,131.2691,-63.5774
0,3,984,132.1488,-63.6838
0,3,992,133.7550,-63.8824
0,3,1000,133.8059,-63.8889
0,3,1008,134.2381,-63.8830
0,3,1016,135.4045,-63.7922
0,3,1024,137.9729,-63.9466
0,3,1032,142.9987,-64.4441
0,3,1040,148.0246,-64.6100
0,3,1048,154.2900,-64.6153
0,3,1056,173.0008,-64.5645
0,3,1064,218.8178,-64.5605
0,3,1072,263.9092,-64.5604
0,3,1080,302.7579,-64.5606
0,4,0,0.0000,-65.0000
0,4,8,0.0699,-64.9855
0,4,16,0.6811,-64.9173
0,4,24,5.5147,-64.6276
0,4,32,14.0905,-64.5433
0,4,40,22.6664,-64.5540
0,4,48,36.8228,-64.5609
0,4,56,100.0000,-64.5618
0,4,64,100.0348,-64.5435
0,4,72,100.0564,-64.5132
0,4,80,100.0925,-64.4311
0,4,88,100.2995,-63.4064
0,4,96,100.3621,-62.9605
0,4,104,100.4119,-62.5743
0,4,112,100.4886,-61.9369
0,4,120,100.5590,-61.3150
0,4,128,100.7335,-59.6830
0,4,136,100.9963,-57.1450
0,4,144,101.0603,-56.5289
0,4,152,101.1445,-55.7182
0,4,160,101.4422,-52.7481
0,4,168,101.7253,-49.3111
0,4,176,102.0078,-42.7418
0,4,184,102.1962,-30.7444
0,4,192,102.3712,-14.5750
0,4,200,102.5462,-1.1316
0,4,208,102.6630,5.7980
0,4,216,102.6817,6.7551
0,4,224,102.7400,9.4611
0,4,232,102.7669,10.5752
0,4,240,102.9000,14.9177
0,4,248,102.9614,16.3247
0,4,256,103.0649,17.9626
0,4,264,103.2101,18.9509
0,4,272,103.6717,15.2039
0,4,280,103.7688,13.5377
0,4,288,104.0300,8.1816
0,4,296,104.0925,6.7583
0,4,304,104.5004,-3.1797
0,4,312,104.7540,-9.5064
0,4,320,104.8485,-11.8235
0,4,328,105.0100,-15.6864
0,4,336,105.1387,-18.6526
0,4,344,105.8495,-32.6886
0,4,352,106.2345,-38.6824
0,4,360,106.4256,-41.3547
0,4,368,106.5797,-43.4011
0,4,376,107.0378,-48.9842
0,4,384,107.4202,-52.9863
0,4,392,107.4701,-53.4520
0,4,400,107.6325,-54.8537
0,4,408,107.9851,-57.3328
0,4,416,108.1354,-58.1810
0,4,424,108.2715,-58.8541
0,4,432,108.3505,-59.2025
0,4,440,108.4054,-59.4242
0,4,448,108.6248,-60.1569
0,4,456,108.6878,-60.3275
0,4,464,109.0898,-61.1208
0,4,472,109.2366,-61.3251
0,4,480,109.3128,-61.4150
0,4,488,109.3744,-61.4770
0,4,496,109.6450,-61.6377
0,4,504,109.7338,-61.6634
0,4,512,110.1000,-61.6794
0,4,520,110.2183,-61.6662
0,4,528,110.7499,-61.5467
0,4,536,110.9825,-61.5023
0,4,544,111.1656,-61.4626
0,4,552,111.2303,-61.4479
0,4,560,111.3350,-61.4205
0,4,568,111.4144,-61.3952
0,4,576,111.5401,-61.3453
0,4,584,111.6150,-61.3082
0,4,592,111.6721,-61.2754
0,4,600,111.7615,-61.2177
0,4,608,111.9950,-61.0306
0,4,616,112.0784,-60.9539
0,4,624,112.1726,-60.8618
0,4,632,112.2837,-60.7445
0,4,640,112.3292,-60.6919
0,4,648,112.5058,-60.4624
0,4,656,112.7115,-60.1602
0,4,664,113.2050,-59.4308
0,4,672,113.2340,-59.3923
0,4,680,113.3950,-59.1690
0,4,688,113.4904,-59.0333
0,4,696,113.6402,-58.8199
0,4,704,113.7703,-58.6348
0,4,712,113.9523,-58.3727
0,4,720,114.6145,-57.5074
0,4,728,115.6950,-56.8714
0,4,736,115.7548,-56.8634
0,4,744,116.0550,-56.8399
0,4,752,116.1153,-56.8370
0,4,760,116.2302,-56.8279
0,4,768,116.2774,-56.8233
0,4,776,116.5133,-56.7787
0,4,784,117.1831,-56.5927
0,4,792,117.6163,-56.5549
0,4,800,117.7351,-56.5543
0,4,808,117.9220,-56.5479
0,4,816,118.6233,-56.5309
0,4,824,118.8844,-56.5681
0,4,832,119.0951,-56.6141
0,4,840,119.3559,-56.6768
0,4,848,119.4401,-56.6992
0,4,856,119.6741,-56.7374
0,4,864,120.3977,-56.8187
0,4,872,120.8848,-56.9738
0,4,880,121.1918,-57.0942
0,4,888,121.8750,-57.4235
0,4,896,122.0373,-57.5153
0,4,904,122.1899,-57.5970
0,4,912,122.4545,-57.7162
0,4,920,123.3431,-58.1360
0,4,928,124.1068,-58.6686
0,4,936,124.3320,-58.8364
0,4,944,125.2469,-59.4783
0,4,952,127.4417,-61.2709
0,4,960,130.8650,-63.4606
0,4,968,130.9149,-63.4816
0,4,976,131.2691,-63.5774
0,4,984,132.1488,-63.6838
0,4,992,133.7550,-63.8824
0,4,1000,133.8059,-63.8889
0,4,1008,134.2381,-63.8830
0,4,1016,135.4045,-63.7922
0,4,1024,137.9729,-63.9466
0,4,1032,142.9987,-64.4441
0,4,1040,148.0246,-64.6100
0,4,1048,154.2900,-64.6153
0,4,1056,173.0008,-64.5645
0,4,1064,218.8178,-64.5605
0,4,1072,263.9092,-64.5604
0,4,1080,302.7579,-64.5606
0,5,0,0.0000,-65.0000
0,5,8,0.0699,-64.9855
0,5,16,0.6811,-64.9173
0,5,24,5.5147,-64.6276
0,5,32,14.0905,-64.5433
0,5,40,22.6664,-64.5540
0,5,48,36.8228,-64.5609
0,5,56,100.0000,-64.5618
0,5,64,100.0348,-64.5435
0,5,72,100.0564,-64.5132
0,5,80,100.0925,-64.4311
0,5,88,100.2995,-63.4064
0,5,96,100.3621,-62.9605
0,5,104,100.4119,-62.5743
0,5,112,100.4886,-61.9369
0,5,120,100.5590,-61.3150
0,5,128,100.7335,-59.6830
0,5,136,100.9963,-57.1450
0,5,144,101.0603,-56.5289
0,5,152,101.1445,-55.7182
0,5,160,101.4422,-52.7481
0,5,168,101.7253,-49.3111
0,5,176,102.0078,-42.7418
0,5,184,102.1962,-30.7444
0,5,192,102.3712,-14.5750
0,5,200,102.5462,-1.1316
0,5,208,102.6630,5.7980
0,5,216,102.6817,6.7551
0,5,224,102.7400,9.4611
0,5,232,102.7669,10.5752
0,5,240,102.9000,14.9177
0,5,248,102.9614,16.3247
0,5,256,103.0649,17.9626
0,5,264,103.2101,18.9509
0,5,272,103.6717,15.2039
0,5,280,103.7688,13.5377
0,5,288,104.0300,8.1816
0,5,296,104.0925,6.7583
0,5,304,104.5004,-3.1797
0,5,312,104.7540,-9.5064
0,5,320,104.8485,-11.8235
0,5,328,105.0100,-15.6864
0,5,336,105.1387,-18.6526
0,5,344,105.8495,-32.6886
0,5,352,106.2345,-38.6824
0,5,360,106.4256,-41.3547
0,5,368,106.5797,-43.4011
0,5,376,107.0378,-48.9842
0,5,384,107.4202,-52.9863
0,5,392,107.4701,-53.4520
0,5,400,107.6325,-54.8537
0,5,408,107.9851,-57.3328
0,5,416,108.1354,-58.1810
0,5,424,108.2715,-58.8541
0,5,432,108.3505,-59.2025
0,5,440,108.4054,-59.4242
0,5,448,108.6248,-60.1569
0,5,456,108.6878,-60.3275
0,5,464,109.0898,-61.1208
0,5,472,109.2366,-61.3251
0,5,480,109.3128,-61.4150
0,5,488,109.3744,-61.4770
0,5,496,109.6450,-61.6377
0,5,504,109.7338,-61.6634
0,5,512,110.1000,-61.6794
0,5,520,110.2183,-61.6662
0,5,528,110.7499,-61.5467
0,5,536,110.9825,-61.5023
0,5,544,111.1656,-61.4626
0,5,552,111.2303,-61.4479
0,5,560,111.3350,-61.4205
0,5,568,111.4144,-61.3952
0,5,576,111.5401,-61.3453
0,5,584,111.6150,-61.3082
0,5,592,111.6721,-61.2754
0,5,600,111.7615,-61.2177
0,5,608,111.9950,-61.0306
0,5,616,112.0784,-60.9539
0,5,624,112.1726,-60.8618
0,5,632,112.2837,-60.7445
0,5,640,112.3292,-60.6919
0,5,648,112.5058,-60.4624
0,5,656,112.7115,-60.1602
0,5,664,113.2050,-59.4308
0,5,672,113.2340,-59.3923
0,5,680,113.3950,-59.1690
0,5,688,113.4904,-59.0333
0,5,696,113.6402,-58.8199
0,5,704,113.7703,-58.6348
0,5,712,113.9523,-58.3727
0,5,720,114.6145,-57.5074
0,5,728,115.6950,-56.8714
0,5,736,115.7548,-56.8634
0,5,744,116.0550,-56.8399
0,5,752,116.1153,-56.8370
0,5,760,116.2302,-56.8279
0,5,768,116.2774,-56.8233
0,5,776,116.5133,-56.7787
0,5,784,117.1831,-56.5927
0,5,792,117.6163,-56.5549
0,5,800,117.7351,-56.5543
0,5,808,117.9220,-56.5479
0,5,816,118.6233,-56.5309
0,5,824,118.8844,-56.5681
0,5,832,119.0951,-56.6141
0,5,840,119.3559,-56.6768
0,5,848,119.4401,-56.6992
0,5,856,119.6741,-56.7374
0,5,864,120.3977,-56.8187
0,5,872,120.8848,-56.9738
0,5,880,121.1918,-57.0942
0,5,888,121.8750,-57.4235
0,5,896,122.0373,-57.5153
0,5,904,122.1899,-57.5970
0,5,912,122.4545,-57.7162
0,5,920,123.3431,-58.1360
0,5,928,124.1068,-58.6686
0,5,936,124.3320,-58.8364
0,5,944,125.2469,-59.4783
0,5,952,127.4417,-61.2709
0,5,960,130.8650,-63.4606
0,5,968,130.9149,-63.4816
0,5,976,131.2691,-63.5774
0,5,984,132.1488,-63.6838
0,5,992,133.7550,-63.8824
0,5,1000,133.8059,-63.8889
0,5,1008,134.2381,-63.8830
0,5,1016,135.4045,-63.7922
0,5,1024,137.9729,-63.9466
0,5,1032,142.9987,-64.4441
0,5,1040,148.0246,-64.6100
0,5,1048,154.2900,-64.6153
0,5,1056,173.0008,-64.5645
0,5,1064,218.8178,-64.5605
0,5,1072,263.9092,-64.5604
0,5,1080,302.7579,-64.5606
0,6,0,0.0000,-65.0000
0,6,8,0.0699,-64.9855
0,6,16,0.6811,-64.9173
0,6,24,5.5147,-64.6276
0,6,32,14.0905,-64.5433
0,6,40,22.6664,-64.5540
0,6,48,36.8228,-64.5609
0,6,56,100.0000,-64.5618
0,6,64,100.0348,-64.5435
0,6,72,100.0564,-64.5132
0,6,80,100.0925,-64.4311
0,6,88,100.2995,-63.4064
0,6,96,100.3621,-62.9605
0,6,104,100.4119,-62.5743
0,6,112,100.4886,-61.9369
0,6,120,100.5590,-61.3150
0,6,128,100.7335,-59.6830
0,6,136,100.9963,-57.1450
0,6,144,101.0603,-56.5289
0,6,152,101.1445,-55.7182
0,6,160,101.4422,-52.7481
0,6,168,101.7253,-49.3111
0,6,176,102.0078,-42.7418
0,6,184,102.1962,-30.7444
0,6,192,102.3712,-14.5750
0,6,200,102.5462,-1.1316
0,6,208,102.6630,5.7980
0,6,216,102.6817,6.7551
0,6,224,102.7400,9.4611
0,6,232,102.7669,10.5752
0,6,240,102.9000,14.9177
0,6,248,102.9614,16.3247
0,6,256,103.0649,17.9626
0,6,264,103.2101,18.9509
0,6,272,103.6717,15.2039
0,6,280,103.7688,13.5377
0,6,288,104.0300,8.1816
0,6,296,104.0925,6.7583
0,6,304,104.5004,-3.1797
0,6,312,104.7540,-9.5064
0,6,320,104.8485,-11.8235
0,6,328,105.0100,-15.6864
0,6,336,105.1387,-18.6526
0,6,344,105.8495,-32.6886
0,6,352,106.2345,-38.6824
0,6,360,106.4256,-41.3547
0,6,368,106.5797,-43.4011
0,6,376,107.0378,-48.9842
0,6,384,107.4202,-52.9863
0,6,392,107.4701,-53.4520
0,6,400,107.6325,-54.8537
0,6,408,107.9851,-57.3328
0,6,416,108.1354,-58.1810
0,6,424,108.2715,-58.8541
0,6,432,108.3505,-59.2025
0,6,440,108.4054,-59.4242
0,6,448,108.6248,-60.1569
0,6,456,108.6878,-60.3275
0,6,464,109.0898,-61.1208
0,6,472,109.2366,-61.3251
0,6,480,109.3128,-61.4150
0,6,488,109.3744,-61.4770
0,6,496,109.6450,-61.6377
0,6,504,109.7338,-61.6634
0,6,512,110.1000,-61.6794
0,6,520,110.2183,-61.6662
0,6,528,110.7499,-61.5467
0,6,536,110.9825,-61.5023
0,6,544,111.1656,-61.4626
0,6,552,111.2303,-61.4479
0,6,560,111.3350,-61.4205
0,6,568,111.4144,-61.3952
0,6,576,111.5401,-61.3453
0,6,584,111.6150,-61.3082
0,6,592,111.6721,-61.2754
0,6,600,111.7615,-61.2177
0,6,608,111.9950,-61.0306
0,6,616,112.0784,-60.9539
0,6,624,112.1726,-60.8618
0,6,632,112.2837,-60.7445
0,6,640,112.3292,-60.6919
0,6,648,112.5058,-60.4624
0,6,656,112.7115,-60.1602
0,6,664,113.2050,-59.4308
0,6,672,113.2340,-59.3923
0,6,680,113.3950,-59.1690
0,6,688,113.4904,-59.0333
0,6,696,113.6402,-58.8199
0,6,704,113.7703,-58.6348
0,6,712,113.9523,-58.3727
0,6,720,114.6145,-57.5074
0,6,728,115.6950,-56.8714
0,6,736,115.7548,-56.8634
0,6,744,116.0550,-56.8399
0,6,752,116.1153,-56.8370
0,6,760,116.2302,-56.8279
0,6,768,116.2774,-56.8233
0,6,776,116.5133,-56.7787
0,6,784,117.1831,-56.5927
0,6,792,117.6163,-56.5549
0,6,800,117.7351,-56.5543
0,6,808,117.9220,-56.5479
0,6,816,118.6233,-56.5309
0,6,824,118.8844,-56.5681
0,6,832,119.0951,-56.6141
0,6,840,119.3559,-56.6768
0,6,848,119.4401,-56.6992
0,6,856,119.6741,-56.7374
0,6,864,120.3977,-56.8187
0,6,872,120.8848,-56.9738
0,6,880,121.1918,-57.0942
0,6,888,121.8750,-57.4235
0,6,896,122.0373,-57.5153
0,6,904,122.1899,-57.5970
0,6,912,122.4545,-57.7162
0,6,920,123.3431,-58.1360
0,6,928,124.1068,-58.6686
0,6,936,124.3320,-58.8364
0,6,944,125.2469,-59.4783
0,6,952,127.4417,-61.2709
0,6,960,130.8650,-63.4606
0,6,968,130.9149,-63.4816
0,6,976,131.2691,-63.5774
0,6,984,132.1488,-63.6838
0,6,992,133.7550,-63.8824
0,6,1000,133.8059,-63.8889
0,6,1008,134.2381,-63.8830
0,6,1016,135.4045,-63.7922
0,6,1024,137.9729,-63.9466
0,6,1032,142.9987,-64.4441
0,6,1040,148.0246,-64.6100
0,6,1048,154.2900,-64.6153
0,6,1056,173.0008,-64.5645
0,6,1064,218.8178,-64.5605
0,6,1072,263.9092,-64.5604
0,6,1080,302.7579,-64.5606
0,7,0,0.0000,-65.0000
0,7,8,0.0699,-64.9855
0,7,16,0.6811,-64.9173
0,7,24,5.5147,-64.6276
0,7,32,14.0905,-64.5433
0,7,40,22.6664,-64.5540
0,7,48,36.8228,-64.5609
0,7,56,100.0000,-64.5618
0,7,64,100.0348,-64.5435
0,7,72,100.0564,-64.5132
0,7,80,100.0925,-64.4311
0,7,88,100.2995,-63.4064
0,7,96,100.3621,-62.9605
0,7,104,100.4119,-62.5743
0,7,112,100.4886,-61.9369
0,7,120,100.5590,-61.3150
0,7,128,100.7335,-59.6830
0,7,136,100.9963,-57.1450
0,7,144,101.0603,-56.5289
0,7,152,101.1445,-55.7182
0,7,160,101.4422,-52.7481
0,7,168,101.7253,-49.3111
0,7,176,102.0078,-42.7418
0,7,184,102.1962,-30.7444
0,7,192,102.3712,-14.5750
0,7,200,102.5462,-1.1316
0,7,208,102.6630,5.7980
0,7,216,102.6817,6.7551
0,7,224,102.7400,9.4611
0,7,232,102.7669,10.5752
0,7,240,102.9000,14.9177
0,7,248,102.9614,16.3247
0,7,256,103.0649,17.9626
0,7,264,103.2101,18.9509
0,7,272,103.6717,15.2039
0,7,280,103.7688,13.5377
0,7,288,104.0300,8.1816
0,7,296,104.0925,6.7583
0,7,304,104.5004,-3.1797
0,7,312,104.7540,-9.5064
0,7,320,104.8485,-11.8235
0,7,328,105.0100,-15.6864
0,7,336,105.1387,-18.6526
0,7,344,105.8495,-32.6886
0,7,352,106.2345,-38.6824
0,7,360,106.4256,-41.3547
0,7,368,106.5797,-43.4011
0,7,376,107.0378,-48.9842
0,7,384,107.4202,-52.9863
0,7,392,107.4701,-53.4520
0,7,400,107.6325,-54.8537
0,7,408,107.9851,-57.3328
0,7,416,108.1354,-58.1810
0,7,424,108.2715,-58.8541
0,7,432,108.3505,-59.2025
0,7,440,108.4054,-59.4242
0,7,448,108.6248,-60.1569
0,7,456,108.6878,-60.3275
0,7,464,109.0898,-61.1208
0,7,472,109.2366,-61.3251
0,7,480,109.3128,-61.4150
0,7,488,109.3744,-61.4770
0,7,496,109.6450,-61.6377
0,7,504,109.7338,-61.6634
0,7,512,110.1000,-61.6794
0,7,520,110.2183,-61.6662
0,7,528,110.7499,-61.5467
0,7,536,110.9825,-61.5023
0,7,544,111.1656,-61.4626
0,7,552,111.2303,-61.4479
0,7,560,111.3350,-61.4205
0,7,568,111.4144,-61.3952
0,7,576,111.5401,-61.3453
0,7,584,111.6150,-61.3082
0,7,592,111.6721,-61.2754
0,7,600,111.7615,-61.2177
0,7,608,111.9950,-61.0306
0,7,616,112.0784,-60.9539
0,7,624,112.1726,-60.8618
0,7,632,112.2837,-60.7445
0,7,640,112.3292,-60.6919
0,7,648,112.5058,-60.4624
0,7,656,112.7115,-60.1602
0,7,664,113.2050,-59.4308
0,7,672,113.2340,-59.3923
0,7,680,113.3950,-59.1690
0,7,688,113.4904,-59.0333
0,7,696,113.6402,-58.8199
0,7,704,113.7703,-58.6348
0,7,712,113.9523,-58.3727
0,7,720,114.6145,-57.5074
0,7,728,115.6950,-56.8714
0,7,736,115.7548,-56.8634
0,7,744,116.0550,-56.8399
0,7,752,116.1153,-56.8370
0,7,760,116.2302,-56.8279
0,7,768,116.2774,-56.8233
0,7,776,116.5133,-56.7787
0,7,784,117.1831,-56.5927
0,7,792,117.6163,-56.5549
0,7,800,117.7351,-56.5543
0,7,808,117.9220,-56.5479
0,7,816,118.6233,-56.5309
0,7,824,118.8844,-56.5681
0,7,832,119.0951,-56.6141
0,7,840,119.3559,-56.6768
0,7,848,119.4401,-56.6992
0,7,856,119.6741,-56.7374
0,7,864,120.3977,-56.8187
0,7,872,120.8848,-56.9738
0,7,880,121.1918,-57.0942
0,7,888,121.8750,-57.4235
0,7,896,122.0373,-57.5153
0,7,904,122.1899,-57.5970
0,7,912,122.4545,-57.7162
0,7,920,123.3431,-58.1360
0,7,928,124.1068,-58.6686
0,7,936,124.3320,-58.8364
0,7,944,125.2469,-59.4783
0,7,952,127.4417,-61.2709
0,7,960,130.8650,-63.4606
0,7,968,130.9149,-63.4816
0,7,976,131.2691,-63.5774
0,7,984,132.1488,-63.6838
0,7,992,133.7550,-63.8824
0,7,1000,133.8059,-63.8889
0,7,1008,134.2381,-63.8830
0,7,1016,135.4045,-63.7922
0,7,1024,137.9729,-63.9466
0,7,1032,142.9987,-64.4441
0,7,1040,148.0246,-64.6100
0,7,1048,154.2900,-64.6153
0,7,1056,173.0008,-64.5645
0,7,1064,218.8178,-64.5605
0,7,1072,263.9092,-64.5604
0,7,1080,302.7579,-64.5606
0,8,0,0.0000,-65.0000
0,8,8,0.0699,-64.9855
0,8,16,0.6811,-64.9173
0,8,24,5.5147,-64.6276
0,8,32,14.0905,-64.5433
0,8,40,22.6664,-64.5540
0,8,48,36.8228,-64.5609
0,8,56,100.0000,-64.5618
0,8,64,100.0348,-64.5435
0,8,72,100.0564,-64.5132
0,8,80,100.0925,-64.4311
0,8,88,100.2995,-63.4064
0,8,96,100.3621,-62.9605
0,8,104,100.4119,-62.5743
0,8,112,100.4886,-61.9369
0,8,120,100.5590,-61.3150
0,8,128,100.7335,-59.6830
0,8,136,100.9963,-57.1450
0,8,144,101.0603,-56.5289
0,8,152,101.1445,-55.7182
0,8,160,101.4422,-52.7481
0,8,168,101.7253,-49.3111
0,8,176,102.0078,-42.7418
0,8,184,102.1962,-30.7444
0,8,192,102.3712,-14.5750
0,8,200,102.5462,-1.1316
0,8,208,102.6630,5.7980
0,8,216,102.6817,6.7551
0,8,224,102.7400,9.4611
0,8,232,102.7669,10.5752
0,8,240,102.9000,14.9177
0,8,248,102.9614,16.3247
0,8,256,103.0649,17.9626
0,8,264,103.2101,18.9509
0,8,272,103.6717,15.2039
0,8,280,103.7688,13.5377
0,8,288,104.0300,8.1816
0,8,296,104.0925,6.7583
0,8,304,104.5004,-3.1797
0,8,312,104.7540,-9.5064
0,8,320,104.8485,-11.8235
0,8,328,105.0100,-15.6864
0,8,336,105.1387,-18.6526
0,8,344,105.8495,-32.6886
0,8,352,106.2345,-38.6824
0,8,360,106.4256,-41.3547
0,8,368,106.5797,-43.4011
0,8,376,107.0378,-48.9842
0,8,384,107.4202,-52.9863
0,8,392,107.4701,-53.4520
0,8,400,107.6325,-54.8537
0,8,408,107.9851,-57.3328
0,8,416,108.1354,-58.1810
0,8,424,108.2715,-58.8541
0,8,432,108.3505,-59.2025
0,8,440,108.4054,-59.4242
0,8,448,108.6248,-60.1569
0,8,456,108.6878,-60.3275
0,8,464,109.0898,-61.1208
0,8,472,109.2366,-61.3251
0,8,480,109.3128,-61.4150
0,8,488,109.3744,-61.4770
0,8,496,109.6450,-61.6377
0,8,504,109.7338,-61.6634
0,8,512,110.1000,-61.6794
0,8,520,110.2183,-61.6662
0,8,528,110.7499,-61.5467
0,8,536,110.9825,-61.5023
0,8,544,111.1656,-61.4626
0,8,552,111.2303,-61.4479
0,8,560,111.3350,-61.4205
0,8,568,111.4144,-61.3952
0,8,576,111.5401,-61.3453
0,8,584,111.6150,-61.3082
0,8,592,111.6721,-61.2754
0,8,600,111.7615,-61.2177
0,8,608,111.9950,-61.0306
0,8,616,112.0784,-60.9539
0,8,624,112.1726,-60.8618
0,8,632,112.2837,-60.7445
0,8,640,112.3292,-60.6919
0,8,648,112.5058,-60.4624
0,8,656,112.7115,-60.1602
0,8,664,113.2050,-59.4308
0,8,672,113.2340,-59.3923
0,8,680,113.3950,-59.1690
0,8,688,113.4904,-59.0333
0,8,696,113.6402,-58.8199
0,8,704,113.7703,-58.6348
0,8,712,113.9523,-58.3727
0,8,720,114.6145,-57.5074
0,8,728,115.6950,-56.8714
0,8,736,115.7548,-56.8634
0,8,744,116.0550,-56.8399
0,8,752,116.1153,-56.8370
0,8,760,116.2302,-56.8279
0,8,768,116.2774,-56.8233
0,8,776,116.5133,-56.7787
0,8,784,117.1831,-56.5927
0,8,792,117.6163,-56.5549
0,8,800,117.7351,-56.5543
0,8,808,117.9220,-56.5479
0,8,816,118.6233,-56.5309
0,8,824,118.8844,-56.5681
0,8,832,119.0951,-56.6141
0,8,840,119.3559,-56.6768
0,8,848,119.4401,-56.6992
0,8,856,119.6741,-56.7374
0,8,864,120.3977,-56.8187
0,8,872,120.8848,-56.9738
0,8,880,121.1918,-57.0942
0,8,888,121.8750,-57.4235
0,8,896,122.0373,-57.5153
0,8,904,122.1899,-57.5970
0,8,912,122.4545,-57.7162
0,8,920,123.3431,-58.1360
0,8,928,124.1068,-58.6686
0,8,936,124.3320,-58.8364
0,8,944,125.2469,-59.4783
0,8,952,127.4417,-61.2709
0,8,960,130.8650,-63.4606
0,8,968,130.9149,-63.4816
0,8,976,131.2691,-63.5774
0,8,984,132.1488,-63.6838
0,8,992,133.7550,-63.8824
0,8,1000,133.8059,-63.8889
0,8,1008,134.2381,-63.8830
0,8,1016,135.4045,-63.7922
0,8,1024,137.9729,-63.9466
0,8,1032,142.9987,-64.4441
0,8,1040,148.0246,-64.6100
0,8,1048,154.2900,-64.6153
0,8,1056,173.0008,-64.5645
0,8,1064,218.8178,-64.5605
0,8,1072,263.9092,-64.5604
0,8,1080,302.7579,-64.5606
0,9,0,0.0000,-65.0000
0,9,8,0.0699,-64.9855
0,9,16,0.6811,-64.9173
0,9,24,5.5147,-64.6276
0,9,32,14.0905,-64.5433
0,9,40,22.6664,-64.5540
0,9,48,36.8228,-64.5609
0,9,56,100.0000,-64.5618
0,9,64,100.0348,-64.5435
0,9,72,100.0564,-64.5132
0,9,80,100.0925,-64.4311
0,9,88,100.2995,-63.4064
0,9,96,100.3621,-62.9605
0,9,104,100.4119,-62.5743
0,9,112,100.4886,-61.9369
0,9,120,100.5590,-61.3150
0,9,128,100.7335,-59.6830
0,9,136,100.9963,-57.1450
0,9,144,101.0603,-56.5289
0,9,152,101.1445,-55.7182
0,9,160,101.4422,-52.7481
0,9,168,101.7253,-49.3111
0,9,176,102.0078,-42.7418
0,9,184,102.1962,-30.7444
0,9,192,102.3712,-14.5750
0,9,200,102.5462,-1.1316
0,9,208,102.6630,5.7980
0,9,216,102.6817,6.7551
0,9,224,102.7400,9.4611
0,9,232,102.7669,10.5752
0,9,240,102.9000,14.9177
0,9,248,102.9614,16.3247
0,9,256,103.0649,17.9626
0,9,264,103.2101,18.9509
0,9,272,103.6717,15.2039
0,9,280,103.7688,13.5377
0,9,288,104.0300,8.1816
0,9,296,104.0925,6.7583
0,9,304,104.5004,-3.1797
0,9,312,104.7540,-9.5064
0,9,320,104.8485,-11.8235
0,9,328,105.0100,-15.6864
0,9,336,105.1387,-18.6526
0,9,344,105.8495,-32.6886
0,9,352,106.2345,-38.6824
0,9,360,106.4256,-41.3547
0,9,368,106.5797,-43.4011
0,9,376,107.0378,-48.9842
0,9,384,107.4202,-52.9863
0,9,392,107.4701,-53.4520
0,9,400,107.6325,-54.8537
0,9,408,107.9851,-57.3328
0,9,416,108.1354,-58.1810
0,9,424,108.2715,-58.8541
0,9,432,108.3505,-59.2025
0,9,440,108.4054,-59.4242
0,9,448,108.6248,-60.1569
0,9,456,108.6878,-60.3275
0,9,464,109.0898,-61.1208
0,9,472,109.2366,-61.3251
0,9,480,109.3128,-61.4150
0,9,488,109.3744,-61.4770
0,9,496,109.6450,-61.6377
0,9,504,109.7338,-61.6634
0,9,512,110.1000,-61.6794
0,9,520,110.2183,-61.6662
0,9,528,110.7499,-61.5467
0,9,536,110.9825,-61.5023
0,9,544,111.1656,-61.4626
0,9,552,111.2303,-61.4479
0,9,560,111.3350,-61.4205
0,9,568,111.4144,-61.3952
0,9,576,111.5401,-61.3453
0,9,584,111.6150,-61.3082
0,9,592,111.6721,-61.2754
0,9,600,111.7615,-61.2177
0,9,608,111.9950,-61.0306
0,9,616,112.0784,-60.9539
0,9,624,112.1726,-60.8618
0,9,632,112.2837,-60.7445
0,9,640,112.3292,-60.6919
0,9,648,112.5058,-60.4624
0,9,656,112.7115,-60.1602
0,9,664,113.2050,-59.4308
0,9,672,113.2340,-59.3923
0,9,680,113.3950,-59.1690
0,9,688,113.4904,-59.0333
0,9,696,113.6402,-58.8199
0,9,704,113.7703,-58.6348
0,9,712,113.9523,-58.3727
0,9,720,114.6145,-57.5074
0,9,728,115.6950,-56.8714
0,9,736,115.7548,-56.8634
0,9,744,116.0550,-56.8399
0,9,752,116.1153,-56.8370
0,9,760,116.2302,-56.8279
0,9,768,116.2774,-56.8233
0,9,776,116.5133,-56.7787
0,9,784,117.1831,-56.5927
0,9,792,117.6163,-56.5549
0,9,800,117.7351,-56.5543
0,9,808,117.9220,-56.5479
0,9,816,118.6233,-56.5309
0,9,824,118.8844,-56.5681
0,9,832,119.0951,-56.6141
0,9,840,119.3559,-56.6768
0,9,848,119.4401,-56.6992
0,9,856,119.6741,-56.7374
0,9,864,120.3977,-56.8187
0,9,872,120.8848,-56.9738
0,9,880,121.1918,-57.0942
0,9,888,121.8750,-57.4235
0,9,896,122.0373,-57.5153
0,9,904,122.1899,-57.5970
0,9,912,122.4545,-57.7162
0,9,920,123.3431,-58.1360
0,9,928,124.1068,-58.6686
0,9,936,124.3320,-58.8364
0,9,944,125.2469,-59.4783
0,9,952,127.4417,-61.2709
0,9,960,130.8650,-63.4606
0,9,968,130.9149,-63.4816
0,9,976,131.2691,-63.5774
0,9,984,132.1488,-63.6838
0,9,992,133.7550,-63.8824
0,9,1000,133.8059,-63.8889
0,9,1008,134.2381,-63.8830
0,9,1016,135.4045,-63.7922
0,9,1024,137.9729,-63.9466
0,9,1032,142.9987,-64.4441
0,9,1040,148.0246,-64.6100
0,9,1048,154.2900,-64.6153
0,9,1056,173.0008,-64.5645
0,9,1064,218.8178,-64.5605
0,9,1072,263.9092,-64.5604
0,9,1080,302.7579,-64.5606
0,10,0,0.0000,-65.0000
0,10,8,0.0699,-64.9855
0,10,16,0.6811,-64.9173
0,10,24,5.5147,-64.6276
0,10,32,14.0905,-64.5433
0,10,40,22.6664,-64.5540
0,10,48,36.8228,-64.5609
0,10,56,100.0000,-64.5618
0,10,64,100.0348,-64.5435
0,10,72,100.0564,-64.5132
0,10,80,100.0925,-64.4311
0,10,88,100.2995,-63.4064
0,10,96,100.3621,-62.9605
0,10,104,100.4119,-62.5743
0,10,112,100.4886,-61.9369
0,10,120,100.5590,-61.3150
0,10,128,100.7335,-59.6830
0,10,136,100.9963,-57.1450
0,10,144,101.0603,-56.5289
0,10,152,101.1445,-55.7182
0,10,160,101.4422,-52.7481
0,10,168,101.7253,-49.3111
0,10,176,102.0078,-42.7418
0,10,184,102.1962,-30.7444
0,10,192,102.3712,-14.5750
0,10,200,102.5462,-1.1316
0,10,208,102.6630,5.7980
0,10,216,102.6817,6.7551
0,10,224,102.7400,9.4611
0,10,232,102.7669,10.5752
0,10,240,102.9000,14.9177
0,10,248,102.9614,16.3247
0,10,256,103.0649,17.9626
0,10,264,103.2101,18.9509
0,10,272,103.6717,15.2039
0,10,280,103.7688,13.5377
0,10,288,104.0300,8.1816
0,10,296,104.0925,6.7583
0,10,304,104.5004,-3.1797
0,10,312,104.7540,-9.5064
0,10,320,104.8485,-11.8235
0,10,328,105.0100,-15.6864
0,10,336,105.1387,-18.6526
0,10,344,105.8495,-32.6886
0,10,352,106.2345,-38.6824
0,10,360,106.4256,-41.3547
0,10,368,106.5797,-43.4011
0,10,376,107.0378,-48.9842
0,10,384,107.4202,-52.9863
0,10,392,107.4701,-53.4520
0,10,400,107.6325,-54.8537
0,10,408,107.9851,-57.3328
0,10,416,108.1354,-58.1810
0,10,424,108.2715,-58.8541
0,10,432,108.3505,-59.2025
0,10,440,108.4054,-59.4242
0,10,448,108.6248,-60.1569
0,10,456,108.6878,-60.3275
0,10,464,109.0898,-61.1208
0,10,472,109.2366,-61.3251
0,10,480,109.3128,-61.4150
0,10,488,109.3744,-61.4770
0,10,496,109.6450,-61.6377
0,10,504,109.7338,-61.6634
0,10,512,110.1000,-61.6794
0,10,520,110.2183,-61.6662
0,10,528,110.7499,-61.5467
0,10,536,110.9825,-61.5023
0,10,544,111.1656,-61.4626
0,10,552,111.2303,-61.4479
0,10,560,111.3350,-61.4205
0,10,568,111.4144,-61.3952
0,10,576,111.5401,-61.3453
0,10,584,111.6150,-61.3082
0,10,592,111.6721,-61.2754
0,10,600,111.7615,-61.2177
0,10,608,111.9950,-61.0306
0,10,616,112.0784,-60.9539
0,10,624,112.1726,-60.8618
0,10,632,112.2837,-60.7445
0,10,640,112.3292,-60.6919
0,10,648,112.5058,-60.4624
0,10,656,112.7115,-60.1602
0,10,664,113.2050,-59.4308
0,10,672,113.2340,-59.3923
0,10,680,113.3950,-59.1690
0,10,688,113.4904,-59.0333
0,10,696,113.6402,-58.8199
0,10,704,113.7703,-58.6348
0,10,712,113.9523,-58.3727
0,10,720,114.6145,-57.5074
0,10,728,115.6950,-56.8714
0,10,736,115.7548,-56.8634
0,10,744,116.0550,-56.8399
0,10,752,116.1153,-56.8370
0,10,760,116.2302,-56.8279
0,10,768,116.2774,-56.8233
0,10,776,116.5133,-56.7787
0,10,784,117.1831,-56.5927
0,10,792,117.6163,-56.5549
0,10,800,117.7351,-56.5543
0,10,808,117.9220,-56.5479
0,10,816,118.6233,-56.5309
0,10,824,118.8844,-56.5681
0,10,832,119.0951,-56.6141
0,10,840,119.3559,-56.6768
0,10,848,119.4401,-56.6992
0,10,856,119.6741,-56.7374
0,10,864,120.3977,-56.8187
0,10,872,120.8848,-56.9738
0,10,880,121.1918,-57.0942
0,10,888,121.8750,-57.4235
0,10,896,122.0373,-57.5153
0,10,904,122.1899,-57.5970
0,10,912,122.4545,-57.7162
0,10,920,123.3431,-58.1360
0,10,928,124.1068,-58.6686
0,10,936,124.3320,-58.8364
0,10,944,125.2469,-59.4783
0,10,952,127.4417,-61.2709
0,10,960,130.8650,-63.4606
0,10,968,130.9149,-63.4816
0,10,976,131.2691,-63.5774
0,10,984,132.1488,-63.6838
0,10,992,133.7550,-63.8824
0,10,1000,133.8059,-63.8889
0,10,1008,134.2381,-63.8830
0,10,1016,135.4045,-63.7922
0,10,1024,137.9729,-63.9466
0,10,1032,142.9987,-64.4441
0,10,1040,148.0246,-64.6100
0,10,1048,154.2900,-64.6153
0,10,1056,173.0008,-64.5645
0,10,1064,218.8178,-64.5605
0,10,1072,263.9092,-64.5604
0,10,1080,302.7579,-64.5606
30,1001,0,0.0000,-65.0000
30,1001,8,0.0699,-64.9855
30,1001,16,0.6811,-64.9173
30,1001,24,5.5147,-64.6276
30,1001,32,14.0905,-64.5433
30,1001,40,22.6664,-64.5540
30,1001,48,36.8228,-64.5609
30,1001,56,100.0000,-64.5618
30,1001,64,100.0355,-64.5446
30,1001,72,100.0710,-64.4948
30,1001,80,100.1262,-64.3620
30,1001,88,100.1630,-64.2358
30,1001,96,100.3847,-63.0050
30,1001,104,100.4467,-62.5544
30,1001,112,100.8233,-59.4054
30,1001,120,101.2982,-55.3537
30,1001,128,101.5773,-52.9506
30,1001,136,101.6798,-51.9801
30,1001,144,101.8507,-50.0731
30,1001,152,101.9150,-49.1865
30,1001,160,101.9823,-48.0931
30,1001,168,102.0258,-47.2572
30,1001,176,102.2053,-41.7481
30,1001,184,102.4185,-25.8628
30,1001,192,102.5605,-12.9838
30,1001,200,102.6093,-9.0041
30,1001,208,102.7854,3.0519
30,1001,216,102.9267,10.0353
30,1001,224,103.0109,13.0943
30,1001,232,103.2042,17.4432
30,1001,240,103.2792,18.2898
30,1001,248,103.5041,18.6908
30,1001,256,103.5745,18.2813
30,1001,264,103.7530,16.3848
30,1001,272,103.8963,14.1468
30,1001,280,103.9858,12.5002
30,1001,288,104.1707,8.6445
30,1001,296,104.4473,2.1346
30,1001,304,104.6445,-2.7687
30,1001,312,104.9210,-9.6799
30,1001,320,104.9807,-11.1487
30,1001,328,105.1100,-14.2724
30,1001,336,105.7486,-28.0207
30,1001,344,105.8352,-29.6269
30,1001,352,105.9307,-31.3250
30,1001,360,106.2120,-35.9090
30,1001,368,107.0621,-47.2588
30,1001,376,107.1826,-48.6695
30,1001,384,107.2714,-49.6733
30,1001,392,107.4879,-51.9405
30,1001,400,107.6140,-53.1388
30,1001,408,107.6685,-53.6257
30,1001,416,107.9219,-55.6300
30,1001,424,108.0460,-56.4607
30,1001,432,108.1007,-56.7961
30,1001,440,108.2292,-57.5159
30,1001,448,108.2737,-57.7429
30,1001,456,108.3045,-57.8927
30,1001,464,108.3866,-58.2600
30,1001,472,108.4548,-58.5287
30,1001,480,108.5313,-58.7954
30,1001,488,108.7754,-59.4361
30,1001,496,108.8439,-59.5695
30,1001,504,109.1902,-60.0284
30,1001,512,109.2816,-60.1061
30,1001,520,109.7727,-60.3422
30,1001,528,110.4473,-60.5410
30,1001,536,110.6604,-60.6076
30,1001,544,110.7463,-60.6305
30,1001,552,110.8377,-60.6496
30,1001,560,110.9096,-60.6573
30,1001,568,111.0591,-60.6506
30,1001,576,111.1532,-60.6283
30,1001,584,111.3624,-60.5249
30,1001,592,111.4609,-60.4619
30,1001,600,111.8188,-60.1998
30,1001,608,112.0713,-60.0195
30,1001,616,112.3477,-59.8423
30,1001,624,112.3917,-59.8157
30,1001,632,112.7265,-59.6162
30,1001,640,112.9403,-59.5034
30,1001,648,113.3397,-59.3046
30,1001,656,113.8627,-59.1553
30,1001,664,114.1020,-59.1255
30,1001,672,114.2266,-59.1125
30,1001,680,114.5852,-59.0729
30,1001,688,115.6744,-59.1733
30,1001,696,115.9136,-59.2616
30,1001,704,116.2223,-59.3674
30,1001,712,116.4891,-59.4610
30,1001,720,116.6433,-59.5101
30,1001,728,116.8319,-59.5531
30,1001,736,117.2578,-59.6054
30,1001,744,117.3688,-59.6116
30,1001,752,117.5281,-59.6116
30,1001,760,117.8558,-59.5676
30,1001,768,117.9256,-59.5558
30,1001,776,118.0739,-59.5260
30,1001,784,118.1462,-59.5053
30,1001,792,118.6344,-59.3094
30,1001,800,119.2161,-59.1503
30,1001,808,119.2724,-59.1419
30,1001,816,119.3907,-59.1152
30,1001,824,119.9324,-58.9492
30,1001,832,121.2335,-58.9826
30,1001,840,121.6301,-59.1348
30,1001,848,121.9900,-59.2671
30,1001,856,122.1249,-59.3162
30,1001,864,122.3682,-59.3931
30,1001,872,122.4984,-59.4271
30,1001,880,122.8049,-59.4709
30,1001,888,122.9394,-59.4829
30,1001,896,123.0262,-59.4887
30,1001,904,123.1297,-59.4850
30,1001,912,123.2318,-59.4704
30,1001,920,123.3489,-59.4355
30,1001,928,123.8420,-59.1615
30,1001,936,124.5331,-58.8247
30,1001,944,124.6650,-58.7798
30,1001,952,125.3119,-58.5945
30,1001,960,126.7287,-58.7971
30,1001,968,126.9052,-58.8784
30,1001,976,127.2600,-59.0277
30,1001,984,127.7864,-59.2553
30,1001,992,127.8710,-59.2954
30,1001,1000,128.1818,-59.4228
30,1001,1008,129.1326,-59.8267
30,1001,1016,131.1998,-61.1539
30,1001,1024,132.5241,-62.0661
30,1001,1032,132.7185,-62.1766
30,1001,1040,133.4710,-62.4645
30,1001,1048,135.1438,-63.0149
30,1001,1056,140.6264,-64.3423
30,1001,1064,147.0163,-64.6791
30,1001,1072,154.0210,-64.6423
30,1001,1080,165.3291,-64.5761
30,1001,1088,191.4845,-64.5617
30,1001,1096,354.1375,-64.5610
30,1002,0,0.0000,-65.0000
30,1002,8,0.0699,-64.9855
30,1002,16,0.6811,-64.9173
30,1002,24,5.5147,-64.6276
30,1002,32,14.0905,-64.5433
30,1002,40,22.6664,-64.5540
30,1002,48,36.8228,-64.5609
30,1002,56,100.0000,-64.5618
30,1002,64,100.0355,-64.5446
30,1002,72,100.0710,-64.4948
30,1002,80,100.1262,-64.3620
30,1002,88,100.1630,-64.2358
30,1002,96,100.3847,-63.0050
30,1002,104,100.4467,-62.5544
30,1002,112,100.8233,-59.4054
30,1002,120,101.2982,-55.3537
30,1002,128,101.5773,-52.9506
30,1002,136,101.6798,-51.9801
30,1002,144,101.8507,-50.0731
30,1002,152,101.9150,-49.1865
30,1002,160,101.9823,-48.0931
30,1002,168,102.0258,-47.2572
30,1002,176,102.2053,-41.7481
30,1002,184,102.4185,-25.8628
30,1002,192,102.5605,-12.9838
30,1002,200,102.6093,-9.0041
30,1002,208,102.7854,3.0519
30,1002,216,102.9267,10.0353
30,1002,224,103.0109,13.0943
30,1002,232,103.2042,17.4432
30,1002,240,103.2792,18.2898
30,1002,248,103.5041,18.6908
30,1002,256,103.5745,18.2813
30,1002,264,103.7530,16.3848
30,1002,272,103.8963,14.1468
30,1002,280,103.9858,12.5002
30,1002,288,104.1707,8.6445
30,1002,296,104.4473,2.1346
30,1002,304,104.6445,-2.7687
30,1002,312,104.9210,-9.6799
30,1002,320,104.9807,-11.1487
30,1002,328,105.1100,-14.2724
30,1002,336,105.7486,-28.0207
30,1002,344,105.8352,-29.6269
30,1002,352,105.9307,-31.3250
30,1002,360,106.2120,-35.9090
30,1002,368,107.0621,-47.2588
30,1002,376,107.1826,-48.6695
30,1002,384,107.2714,-49.6733
30,1002,392,107.4879,-51.9405
30,1002,400,107.6140,-53.1388
30,1002,408,107.6685,-53.6257
30,1002,416,107.9219,-55.6300
30,1002,424,108.0460,-56.4607
30,1002,432,108.1007,-56.7961
30,1002,440,108.2292,-57.5159
30,1002,448,108.2737,-57.7429
30,1002,456,108.3045,-57.8927
30,1002,464,108.3866,-58.2600
30,1002,472,108.4548,-58.5287
30,1002,480,108.5313,-58.7954
30,1002,488,108.7754,-59.4361
30,1002,496,108.8439,-59.5695
30,1002,504,109.1902,-60.0284
30,1002,512,109.2816,-60.1061
30,1002,520,109.7727,-60.3422
30,1002,528,110.4473,-60.5410
30,1002,536,110.6604,-60.6076
30,1002,544,110.7463,-60.6305
30,1002,552,110.8377,-60.6496
30,1002,560,110.9096,-60.6573
30,1002,568,111.0591,-60.6506
30,1002,576,111.1532,-60.6283
30,1002,584,111.3624,-60.5249
30,1002,592,111.4609,-60.4619
30,1002,600,111.8188,-60.1998
30,1002,608,112.0713,-60.0195
30,1002,616,112.3477,-59.8423
30,1002,624,112.3917,-59.8157
30,1002,632,112.7265,-59.6162
30,1002,640,112.9403,-59.5034
30,1002,648,113.3397,-59.3046
30,1002,656,113.8627,-59.1553
30,1002,664,114.1020,-59.1255
30,1002,672,114.2266,-59.1125
30,1002,680,114.5852,-59.0729
30,1002,688,115.6744,-59.1733
30,1002,696,115.9136,-59.2616
30,1002,704,116.2223,-59.3674
30,1002,712,116.4891,-59.4610
30,1002,720,116.6433,-59.5101
30,1002,728,116.8319,-59.5531
30,1002,736,117.2578,-59.6054
30,1002,744,117.3688,-59.6116
30,1002,752,117.5281,-59.6116
30,1002,760,117.8558,-59.5676
30,1002,768,117.9256,-59.5558
30,1002,776,118.0739,-59.5260
30,1002,784,118.1462,-59.5053
30,1002,792,118.6344,-59.3094
30,1002,800,119.2161,-59.1503
30,1002,808,119.2724,-59.1419
30,1002,816,119.3907,-59.1152
30,1002,824,119.9324,-58.9492
30,1002,832,121.2335,-58.9826
30,1002,840,121.6301,-59.1348
30,1002,848,121.9900,-59.2671
30,1002,856,122.1249,-59.3162
30,1002,864,122.3682,-59.3931
30,1002,872,122.4984,-59.4271
30,1002,880,122.8049,-59.4709
30,1002,888,122.9394,-59.4829
30,1002,896,123.0262,-59.4887
30,1002,904,123.1297,-59.4850
30,1002,912,123.2318,-59.4704
30,1002,920,123.3489,-59.4355
30,1002,928,123.8420,-59.1615
30,1002,936,124.5331,-58.8247
30,1002,944,124.6650,-58.7798
30,1002,952,125.3119,-58.5945
30,1002,960,126.7287,-58.7971
30,1002,968,126.9052,-58.8784
30,1002,976,127.2600,-59.0277
30,1002,984,127.7864,-59.2553
30,1002,992,127.8710,-59.2954
30,1002,1000,128.1818,-59.4228
30,1002,1008,129.1326,-59.8267
30,1002,1016,131.1998,-61.1539
30,1002,1024,132.5241,-62.0661
30,1002,1032,132.7185,-62.1766
30,1002,1040,133.4710,-62.4645
30,1002,1048,135.1438,-63.0149
30,1002,1056,140.6264,-64.3423
30,1002,1064,147.0163,-64.6791
30,1002,1072,154.0210,-64.6423
30,1002,1080,165.3291,-64.5761
30,1002,1088,191.4845,-64.5617
30,1002,1096,354.1375,-64.5610
30,1003,0,0.0000,-65.0000
30,1003,8,0.0699,-64.9855
30,1003,16,0.6811,-64.9173
30,1003,24,5.5147,-64.6276
30,1003,32,14.0905,-64.5433
30,1003,40,22.6664,-64.5540
30,1003,48,36.8228,-64.5609
30,1003,56,100.0000,-64.5618
30,1003,64,100.0355,-64.5446
30,1003,72,100.0710,-64.4948
30,1003,80,100.1262,-64.3620
30,1003,88,100.1630,-64.2358
30,1003,96,100.3847,-63.0050
30,1003,104,100.4467,-62.5544
30,1003,112,100.8233,-59.4054
30,1003,120,101.2982,-55.3537
30,1003,128,101.5773,-52.9506
30,1003,136,101.6798,-51.9801
30,1003,144,101.8507,-50.0731
30,1003,152,101.9150,-49.1865
30,1003,160,101.9823,-48.0931
30,1003,168,102.0258,-47.2572
30,1003,176,102.2053,-41.7481
30,1003,184,102.4185,-25.8628
30,1003,192,102.5605,-12.9838
30,1003,200,102.6093,-9.0041
30,1003,208,102.7854,3.0519
30,1003,216,102.9267,10.0353
30,1003,224,103.0109,13.0943
30,1003,232,103.2042,17.4432
30,1003,240,103.2792,18.2898
30,1003,248,103.5041,18.6908
30,1003,256,103.5745,18.2813
30,1003,264,103.7530,16.3848
30,1003,272,103.8963,14.1468
30,1003,280,103.9858,12.5002
30,1003,288,104.1707,8.6445
30,1003,296,104.4473,2.1346
30,1003,304,104.6445,-2.7687
30,1003,312,104.9210,-9.6799
30,1003,320,104.9807,-11.1487
30,1003,328,105.1100,-14.2724
30,1003,336,105.7486,-28.0207
30,1003,344,105.8352,-29.6269
30,1003,352,105.9307,-31.3250
30,1003,360,106.2120,-35.9090
30,1003,368,107.0621,-47.2588
30,1003,376,107.1826,-48.6695
30,1003,384,107.2714,-49.6733
30,1003,392,107.4879,-51.9405
30,1003,400,107.6140,-53.1388
30,1003,408,107.6685,-53.6257
30,1003,416,107.9219,-55.6300
30,1003,424,108.0460,-56.4607
30,1003,432,108.1007,-56.7961
30,1003,440,108.2292,-57.5159
30,1003,448,108.2737,-57.7429
30,1003,456,108.3045,-57.8927
30,1003,464,108.3866,-58.2600
30,1003,472,108.4548,-58.5287
30,1003,480,108.5313,-58.7954
30,1003,488,108.7754,-59.4361
30,1003,496,108.8439,-59.5695
30,1003,504,109.1902,-60.0284
30,1003,512,109.2816,-60.1061
30,1003,520,109.7727,-60.3422
30,1003,528,110.4473,-60.5410
30,1003,536,110.6604,-60.6076
30,1003,544,110.7463,-60.6305
30,1003,552,110.8377,-60.6496
30,1003,560,110.9096,-60.6573
30,1003,568,111.0591,-60.6506
30,1003,576,111.1532,-60.6283
30,1003,584,111.3624,-60.5249
30,1003,592,111.4609,-60.4619
30,1003,600,111.8188,-60.1998
30,1003,608,112.0713,-60.0195
30,1003,616,112.3477,-59.8423
30,1003,624,112.3917,-59.8157
30,1003,632,112.7265,-59.6162
30,1003,640,112.9403,-59.5034
30,1003,648,113.3397,-59.3046
30,1003,656,113.8627,-59.1553
30,1003,664,114.1020,-59.1255
30,1003,672,114.2266,-59.1125
30,1003,680,114.5852,-59.0729
30,1003,688,115.6744,-59.1733
30,1003,696,115.9136,-59.2616
30,1003,704,116.2223,-59.3674
30,1003,712,116.4891,-59.4610
30,1003,720,116.6433,-59.5101
30,1003,728,116.8319,-59.5531
30,1003,736,117.2578,-59.6054
30,1003,744,117.3688,-59.6116
30,1003,752,117.5281,-59.6116
30,1003,760,117.8558,-59.5676
30,1003,768,117.9256,-59.5558
30,1003,776,118.0739,-59.5260
30,1003,784,118.1462,-59.5053
30,1003,792,118.6344,-59.3094
30,1003,800,119.2161,-59.1503
30,1003,808,119.2724,-59.1419
30,1003,816,119.3907,-59.1152
30,1003,824,119.9324,-58.9492
30,1003,832,121.2335,-58.9826
30,1003,840,121.6301,-59.1348
30,1003,848,121.9900,-59.2671
30,1003,856,122.1249,-59.3162
30,1003,864,122.3682,-59.3931
30,1003,872,122.4984,-59.4271
30,1003,880,122.8049,-59.4709
30,1003,888,122.9394,-59.4829
30,1003,896,123.0262,-59.4887
30,1003,904,123.1297,-59.4850
30,1003,912,123.2318,-59.4704
30,1003,920,123.3489,-59.4355
30,1003,928,123.8420,-59.1615
30,1003,936,124.5331,-58.8247
30,1003,944,124.6650,-58.7798
30,1003,952,125.3119,-58.5945
30,1003,960,126.7287,-58.7971
30,1003,968,126.9052,-58.8784
30,1003,976,127.2600,-59.0277
30,1003,984,127.7864,-59.2553
30,1003,992,127.8710,-59.2954
30,1003,1000,128.1818,-59.4228
30,1003,1008,129.1326,-59.8267
30,1003,1016,131.1998,-61.1539
30,1003,1024,132.5241,-62.0661
30,1003,1032,132.7185,-62.1766
30,1003,1040,133.4710,-62.4645
30,1003,1048,135.1438,-63.0149
30,1003,1056,140.6264,-64.3423
30,1003,1064,147.0163,-64.6791
30,1003,1072,154.0210,-64.6423
30,1003,1080,165.3291,-64.5761
30,1003,1088,191.4845,-64.5617
30,1003,1096,354.1375,-64.5610
30,1004,0,0.0000,-65.0000
30,1004,8,0.0699,-64.9855
30,1004,16,0.6811,-64.9173
30,1004,24,5.5147,-64.6276
30,1004,32,14.0905,-64.5433
30,1004,40,22.6664,-64.5540
30,1004,48,36.8228,-64.5609
30,1004,56,100.0000,-64.5618
30,1004,64,100.0355,-64.5446
30,1004,72,100.0710,-64.4948
30,1004,80,100.1262,-64.3620
30,1004,88,100.1630,-64.2358
30,1004,96,100.3847,-63.0050
30,1004,104,100.4467,-62.5544
30,1004,112,100.8233,-59.4054
30,1004,120,101.2982,-55.3537
30,1004,128,101.5773,-52.9506
30,1004,136,101.6798,-51.9801
30,1004,144,101.8507,-50.0731
30,1004,152,101.9150,-49.1865
30,1004,160,101.9823,-48.0931
30,1004,168,102.0258,-47.2572
30,1004,176,102.2053,-41.7481
30,1004,184,102.4185,-25.8628
30,1004,192,102.5605,-12.9838
30,1004,200,102.6093,-9.0041
30,1004,208,102.7854,3.0519
30,1004,216,102.9267,10.0353
30,1004,224,103.0109,13.0943
30,1004,232,103.2042,17.4432
30,1004,240,103.2792,18.2898
30,1004,248,103.5041,18.6908
30,1004,256,103.5745,18.2813
30,1004,264,103.7530,16.3848
30,1004,272,103.8963,14.1468
30,1004,280,103.9858,12.5002
30,1004,288,104.1707,8.6445
30,1004,296,104.4473,2.1346
30,1004,304,104.6445,-2.7687
30,1004,312,104.9210,-9.6799
30,1004,320,104.9807,-11.1487
30,1004,328,105.1100,-14.2724
30,1004,336,105.7486,-28.0207
30,1004,344,105.8352,-29.6269
30,1004,352,105.9307,-31.3250
30,1004,360,106.2120,-35.9090
30,1004,368,107.0621,-47.2588
30,1004,376,107.1826,-48.6695
30,1004,384,107.2714,-49.6733
30,1004,392,107.4879,-51.9405
30,1004,400,107.6140,-53.1388
30,1004,408,107.6685,-53.6257
30,1004,416,107.9219,-55.6300
30,1004,424,108.0460,-56.4607
30,1004,432,108.1007,-56.7961
30,1004,440,108.2292,-57.5159
30,1004,448,108.2737,-57.7429
30,1004,456,108.3045,-57.8927
30,1004,464,108.3866,-58.2600
30,1004,472,108.4548,-58.5287
30,1004,480,108.5313,-58.7954
30,1004,488,108.7754,-59.4361
30,1004,496,108.8439,-59.5695
30,1004,504,109.1902,-60.0284
30,1004,512,109.2816,-60.1061
30,1004,520,109.7727,-60.3422
30,1004,528,110.4473,-60.5410
30,1004,536,110.6604,-60.6076
30,1004,544,110.7463,-60.6305
30,1004,552,110.8377,-60.6496
30,1004,560,110.9096,-60.6573
30,1004,568,111.0591,-60.6506
30,1004,576,111.1532,-60.6283
30,1004,584,111.3624,-60.5249
30,1004,592,111.4609,-60.4619
30,1004,600,111.8188,-60.1998
30,1004,608,112.0713,-60.0195
30,1004,616,112.3477,-59.8423
30,1004,624,112.3917,-59.8157
30,1004,632,112.7265,-59.6162
30,1004,640,112.9403,-59.5034
30,1004,648,113.3397,-59.3046
30,1004,656,113.8627,-59.1553
30,1004,664,114.1020,-59.1255
30,1004,672,114.2266,-59.1125
30,1004,680,114.5852,-59.0729
30,1004,688,115.6744,-59.1733
30,1004,696,115.9136,-59.2616
30,1004,704,116.2223,-59.3674
30,1004,712,116.4891,-59.4610
30,1004,720,116.6433,-59.5101
30,1004,728,116.8319,-59.5531
30,1004,736,117.2578,-59.6054
30,1004,744,117.3688,-59.6116
30,1004,752,117.5281,-59.6116
30,1004,760,117.8558,-59.5676
30,1004,768,117.9256,-59.5558
30,1004,776,118.0739,-59.5260
30,1004,784,118.1462,-59.5053
30,1004,792,118.6344,-59.3094
30,1004,800,119.2161,-59.1503
30,1004,808,119.2724,-59.1419
30,1004,816,119.3907,-59.1152
30,1004,824,119.9324,-58.9492
30,1004,832,121.2335,-58.9826
30,1004,840,121.6301,-59.1348
30,1004,848,121.9900,-59.2671
30,1004,856,122.1249,-59.3162
30,1004,864,122.3682,-59.3931
30,1004,872,122.4984,-59.4271
30,1004,880,122.8049,-59.4709
30,1004,888,122.9394,-59.4829
30,1004,896,123.0262,-59.4887
30,1004,904,123.1297,-59.4850
30,1004,912,123.2318,-59.4704
30,1004,920,123.3489,-59.4355
30,1004,928,123.8420,-59.1615
30,1004,936,124.5331,-58.8247
30,1004,944,124.6650,-58.7798
30,1004,952,125.3119,-58.5945
30,1004,960,126.7287,-58.7971
30,1004,968,126.9052,-58.8784
30,1004,976,127.2600,-59.0277
30,1004,984,127.7864,-59.2553
30,1004,992,127.8710,-59.2954
30,1004,1000,128.1818,-59.4228
30,1004,1008,129.1326,-59.8267
30,1004,1016,131.1998,-61.1539
30,1004,1024,132.5241,-62.0661
30,1004,1032,132.7185,-62.1766
30,1004,1040,133.4710,-62.4645
30,1004,1048,135.1438,-63.0149
30,1004,1056,140.6264,-64.3423
30,1004,1064,147.0163,-64.6791
30,1004,1072,154.0210,-64.6423
30,1004,1080,165.3291,-64.5761
30,1004,1088,191.4845,-64.5617
30,1004,1096,354.1375,-64.5610
30,1005,0,0.0000,-65.0000
30,1005,8,0.0699,-64.9855
30,1005,16,0.6811,-64.9173
30,1005,24,5.5147,-64.6276
30,1005,32,14.0905,-64.5433
30,1005,40,22.6664,-64.5540
30,1005,48,36.8228,-64.5609
30,1005,56,100.0000,-64.5618
30,1005,64,100.0355,-64.5446
30,1005,72,100.0710,-64.4948
30,1005,80,100.1262,-64.3620
30,1005,88,100.1630,-64.2358
30,1005,96,100.3847,-63.0050
30,1005,104,100.4467,-62.5544
30,1005,112,100.8233,-59.4054
30,1005,120,101.2982,-55.3537
30,1005,128,101.5773,-52.9506
30,1005,136,101.6798,-51.9801
30,1005,144,101.8507,-50.0731
30,1005,152,101.9150,-49.1865
30,1005,160,101.9823,-48.0931
30,1005,168,102.0258,-47.2572
30,1005,176,102.2053,-41.7481
30,1005,184,102.4185,-25.8628
30,1005,192,102.5605,-12.9838
30,1005,200,102.6093,-9.0041
30,1005,208,102.7854,3.0519
30,1005,216,102.9267,10.0353
30,1005,224,103.0109,13.0943
30,1005,232,103.2042,17.4432
30,1005,240,103.2792,18.2898
30,1005,248,103.5041,18.6908
30,1005,256,103.5745,18.2813
30,1005,264,103.7530,16.3848
30,1005,272,103.8963,14.1468
30,1005,280,103.9858,12.5002
30,1005,288,104.1707,8.6445
30,1005,296,104.4473,2.1346
30,1005,304,104.6445,-2.7687
30,1005,312,104.9210,-9.6799
30,1005,320,104.9807,-11.1487
30,1005,328,105.1100,-14.2724
30,1005,336,105.7486,-28.0207
30,1005,344,105.8352,-29.6269
30,1005,352,105.9307,-31.3250
30,1005,360,106.2120,-35.9090
30,1005,368,107.0621,-47.2588
30,1005,376,107.1826,-48.6695
30,1005,384,107.2714,-49.6733
30,1005,392,107.4879,-51.9405
30,1005,400,107.6140,-53.1388
30,1005,408,107.6685,-53.6257
30,1005,416,107.9219,-55.6300
30,1005,424,108.0460,-56.4607
30,1005,432,108.1007,-56.7961
30,1005,440,108.2292,-57.5159
30,1005,448,108.2737,-57.7429
30,1005,456,108.3045,-57.8927
30,1005,464,108.3866,-58.2600
30,1005,472,108.4548,-58.5287
30,1005,480,108.5313,-58.7954
30,1005,488,108.7754,-59.4361
30,1005,496,108.8439,-59.5695
30,1005,504,109.1902,-60.0284
30,1005,512,109.2816,-60.1061
30,1005,520,109.7727,-60.3422
30,1005,528,110.4473,-60.5410
30,1005,536,110.6604,-60.6076
30,1005,544,110.7463,-60.6305
30,1005,552,110.8377,-60.6496
30,1005,560,110.9096,-60.6573
30,1005,568,111.0591,-60.6506
30,1005,576,111.1532,-60.6283
30,1005,584,111.3624,-60.5249
30,1005,592,111.4609,-60.4619
30,1005,600,111.8188,-60.1998
30,1005,608,112.0713,-60.0195
30,1005,616,112.3477,-59.8423
30,1005,624,112.3917,-59.8157
30,1005,632,112.7265,-59.6162
30,1005,640,112.9403,-59.5034
30,1005,648,113.3397,-59.3046
30,1005,656,113.8627,-59.1553
30,1005,664,114.1020,-59.1255
30,1005,672,114.2266,-59.1125
30,1005,680,114.5852,-59.0729
30,1005,688,115.6744,-59.1733
30,1005,696,115.9136,-59.2616
30,1005,704,116.2223,-59.3674
30,1005,712,116.4891,-59.4610
30,1005,720,116.6433,-59.5101
30,1005,728,116.8319,-59.5531
30,1005,736,117.2578,-59.6054
30,1005,744,117.3688,-59.6116
30,1005,752,117.5281,-59.6116
30,1005,760,117.8558,-59.5676
30,1005,768,117.9256,-59.5558
30,1005,776,118.0739,-59.5260
30,1005,784,118.1462,-59.5053
30,1005,792,118.6344,-59.3094
30,1005,800,119.2161,-59.1503
30,1005,808,119.2724,-59.1419
30,1005,816,119.3907,-59.1152
30,1005,824,119.9324,-58.9492
30,1005,832,121.2335,-58.9826
30,1005,840,121.6301,-59.1348
30,1005,848,121.9900,-59.2671
30,1005,856,122.1249,-59.3162
30,1005,864,122.3682,-59.3931
30,1005,872,122.4984,-59.4271
30,1005,880,122.8049,-59.4709
30,1005,888,122.9394,-59.4829
30,1005,896,123.0262,-59.4887
30,1005,904,123.1297,-59.4850
30,1005,912,123.2318,-59.4704
30,1005,920,123.3489,-59.4355
30,1005,928,123.8420,-59.1615
30,1005,936,124.5331,-58.8247
30,1005,944,124.6650,-58.7798
30,1005,952,125.3119,-58.5945
30,1005,960,126.7287,-58.7971
30,1005,968,126.9052,-58.8784
30,1005,976,127.2600,-59.0277
30,1005,984,127.7864,-59.2553
30,1005,992,127.8710,-59.2954
30,1005,1000,128.1818,-59.4228
30,1005,1008,129.1326,-59.8267
30,1005,1016,131.1998,-61.1539
30,1005,1024,132.5241,-62.0661
30,1005,1032,132.7185,-62.1766
30,1005,1040,133.4710,-62.4645
30,1005,1048,135.1438,-63.0149
30,1005,1056,140.6264,-64.3423
30,1005,1064,147.0163,-64.6791
30,1005,1072,154.0210,-64.6423
30,1005,1080,165.3291,-64.5761
30,1005,1088,191.4845,-64.5617
30,1005,1096,354.1375,-64.5610
30,1006,0,0.0000,-65.0000
30,1006,8,0.0699,-64.9855
30,1006,16,0.6811,-64.9173
30,1006,24,5.5147,-64.6276
30,1006,32,14.0905,-64.5433
30,1006,40,22.6664,-64.5540
30,1006,48,36.8228,-64.5609
30,1006,56,100.0000,-64.5618
30,1006,64,100.0355,-64.5446
30,1006,72,100.0710,-64.4948
30,1006,80,100.1262,-64.3620
30,1006,88,100.1630,-64.2358
30,1006,96,100.3847,-63.0050
30,1006,104,100.4467,-62.5544
30,1006,112,100.8233,-59.4054
30,1006,120,101.2982,-55.3537
30,1006,128,101.5773,-52.9506
30,1006,136,101.6798,-51.9801
30,1006,144,101.8507,-50.0731
30,1006,152,101.9150,-49.1865
30,1006,160,101.9823,-48.0931
30,1006,168,102.0258,-47.2572
30,1006,176,102.2053,-41.7481
30,1006,184,102.4185,-25.8628
30,1006,192,102.5605,-12.9838
30,1006,200,102.6093,-9.0041
30,1006,208,102.7854,3.0519
30,1006,216,102.9267,10.0353
30,1006,224,103.0109,13.0943
30,1006,232,103.2042,17.4432
30,1006,240,103.2792,18.2898
30,1006,248,103.5041,18.6908
30,1006,256,103.5745,18.2813
30,1006,264,103.7530,16.3848
30,1006,272,103.8963,14.1468
30,1006,280,103.9858,12.5002
30,1006,288,104.1707,8.6445
30,1006,296,104.4473,2.1346
30,1006,304,104.6445,-2.7687
30,1006,312,104.9210,-9.6799
30,1006,320,104.9807,-11.1487
30,1006,328,105.1100,-14.2724
30,1006,336,105.7486,-28.0207
30,1006,344,105.8352,-29.6269
30,1006,352,105.9307,-31.3250
30,1006,360,106.2120,-35.9090
30,1006,368,107.0621,-47.2588
30,1006,376,107.1826,-48.6695
30,1006,384,107.2714,-49.6733
30,1006,392,107.4879,-51.9405
30,1006,400,107.6140,-53.1388
30,1006,408,107.6685,-53.6257
30,1006,416,107.9219,-55.6300
30,1006,424,108.0460,-56.4607
30,1006,432,108.1007,-56.7961
30,1006,440,108.2292,-57.5159
30,1006,448,108.2737,-57.7429
30,1006,456,108.3045,-57.8927
30,1006,464,108.3866,-58.2600
30,1006,472,108.4548,-58.5287
30,1006,480,108.5313,-58.7954
30,1006,488,108.7754,-59.4361
30,1006,496,108.8439,-59.5695
30,1006,504,109.1902,-60.0284
30,1006,512,109.2816,-60.1061
30,1006,520,109.7727,-60.3422
30,1006,528,110.4473,-60.5410
30,1006,536,110.6604,-60.6076
30,1006,544,110.7463,-60.6305
30,1006,552,110.8377,-60.6496
30,1006,560,110.9096,-60.6573
30,1006,568,111.0591,-60.6506
30,1006,576,111.1532,-60.6283
30,1006,584,111.3624,-60.5249
30,1006,592,111.4609,-60.4619
30,1006,600,111.8188,-60.1998
30,1006,608,112.0713,-60.0195
30,1006,616,112.3477,-59.8423
30,1006,624,112.3917,-59.8157
30,1006,632,112.7265,-59.6162
30,1006,640,112.9403,-59.5034
30,1006,648,113.3397,-59.3046
30,1006,656,113.8627,-59.1553
30,1006,664,114.1020,-59.1255
30,1006,672,114.2266,-59.1125
30,1006,680,114.5852,-59.0729
30,1006,688,115.6744,-59.1733
30,1006,696,115.9136,-59.2616
30,1006,704,116.2223,-59.3674
30,1006,712,116.4891,-59.4610
30,1006,720,116.6433,-59.5101
30,1006,728,116.8319,-59.5531
30,1006,736,117.2578,-59.6054
30,1006,744,117.3688,-59.6116
30,1006,752,117.5281,-59.6116
30,1006,760,117.8558,-59.5676
30,1006,768,117.9256,-59.5558
30,1006,776,118.0739,-59.5260
30,1006,784,118.1462,-59.5053
30,1006,792,118.6344,-59.3094
30,1006,800,119.2161,-59.1503
30,1006,808,119.2724,-59.1419
30,1006,816,119.3907,-59.1152
30,1006,824,119.9324,-58.9492
30,1006,832,121.2335,-58.9826
30,1006,840,121.6301,-59.1348
30,1006,848,121.9900,-59.2671
30,1006,856,122.1249,-59.3162
30,1006,864,122.3682,-59.3931
30,1006,872,122.4984,-59.4271
30,1006,880,122.8049,-59.4709
30,1006,888,122.9394,-59.4829
30,1006,896,123.0262,-59.4887
30,1006,904,123.1297,-59.4850
30,1006,912,123.2318,-59.4704
30,1006,920,123.3489,-59.4355
30,1006,928,123.8420,-59.1615
30,1006,936,124.5331,-58.8247
30,1006,944,124.6650,-58.7798
30,1006,952,125.3119,-58.5945
30,1006,960,126.7287,-58.7971
30,1006,968,126.9052,-58.8784
30,1006,976,127.2600,-59.0277
30,1006,984,127.7864,-59.2553
30,1006,992,127.8710,-59.2954
30,1006,1000,128.1818,-59.4228
30,1006,1008,129.1326,-59.8267
30,1006,1016,131.1998,-61.1539
30,1006,1024,132.5241,-62.0661
30,1006,1032,132.7185,-62.1766
30,1006,1040,133.4710,-62.4645
30,1006,1048,135.1438,-63.0149
30,1006,1056,140.6264,-64.3423
30,1006,1064,147.0163,-64.6791
30,1006,1072,154.0210,-64.6423
30,1006,1080,165.3291,-64.5761
30,1006,1088,191.4845,-64.5617
30,1006,1096,354.1375,-64.5610
30,1007,0,0.0000,-65.0000
30,1007,8,0.0699,-64.9855
30,1007,16,0.6811,-64.9173
30,1007,24,5.5147,-64.6276
30,1007,32,14.0905,-64.5433
30,1007,40,22.6664,-64.5540
30,1007,48,36.8228,-64.5609
30,1007,56,100.0000,-64.5618
30,1007,64,100.0355,-64.5446
30,1007,72,100.0710,-64.4948
30,1007,80,100.1262,-64.3620
30,1007,88,100.1630,-64.2358
30,1007,96,100.3847,-63.0050
30,1007,104,100.4467,-62.5544
30,1007,112,100.8233,-59.4054
30,1007,120,101.2982,-55.3537
30,1007,128,101.5773,-52.9506
30,1007,136,101.6798,-51.9801
30,1007,144,101.8507,-50.0731
30,1007,152,101.9150,-49.1865
30,1007,160,101.9823,-48.0931
30,1007,168,102.0258,-47.2572
30,1007,176,102.2053,-41.7481
30,1007,184,102.4185,-25.8628
30,1007,192,102.5605,-12.9838
30,1007,200,102.6093,-9.0041
30,1007,208,102.7854,3.0519
30,1007,216,102.9267,10.0353
30,1007,224,103.0109,13.0943
30,1007,232,103.2042,17.4432
30,1007,240,103.2792,18.2898
30,1007,248,103.5041,18.6908
30,1007,256,103.5745,18.2813
30,1007,264,103.7530,16.3848
30,1007,272,103.8963,14.1468
30,1007,280,103.9858,12.5002
30,1007,288,104.1707,8.6445
30,1007,296,104.4473,2.1346
30,1007,304,104.6445,-2.7687
30,1007,312,104.9210,-9.6799
30,1007,320,104.9807,-11.1487
30,1007,328,105.1100,-14.2724
30,1007,336,105.7486,-28.0207
30,1007,344,105.8352,-29.6269
30,1007,352,105.9307,-31.3250
30,1007,360,106.2120,-35.9090
30,1007,368,107.0621,-47.2588
30,1007,376,107.1826,-48.6695
30,1007,384,107.2714,-49.6733
30,1007,392,107.4879,-51.9405
30,1007,400,107.6140,-53.1388
30,1007,408,107.6685,-53.6257
30,1007,416,107.9219,-55.6300
30,1007,424,108.0460,-56.4607
30,1007,432,108.1007,-56.7961
30,1007,440,108.2292,-57.5159
30,1007,448,108.2737,-57.7429
30,1007,456,108.3045,-57.8927
30,1007,464,108.3866,-58.2600
30,1007,472,108.4548,-58.5287
30,1007,480,108.5313,-58.7954
30,1007,488,108.7754,-59.4361
30,1007,496,108.8439,-59.5695
30,1007,504,109.1902,-60.0284
30,1007,512,109.2816,-60.1061
30,1007,520,109.7727,-60.3422
30,1007,528,110.4473,-60.5410
30,1007,536,110.6604,-60.6076
30,1007,544,110.7463,-60.6305
30,1007,552,110.8377,-60.6496
30,1007,560,110.9096,-60.6573
30,1007,568,111.0591,-60.6506
30,1007,576,111.1532,-60.6283
30,1007,584,111.3624,-60.5249
30,1007,592,111.4609,-60.4619
30,1007,600,111.8188,-60.1998
30,1007,608,112.0713,-60.0195
30,1007,616,112.3477,-59.8423
30,1007,624,112.3917,-59.8157
30,1007,632,112.7265,-59.6162
30,1007,640,112.9403,-59.5034
30,1007,648,113.3397,-59.3046
30,1007,656,113.8627,-59.1553
30,1007,664,114.1020,-59.1255
30,1007,672,114.2266,-59.1125
30,1007,680,114.5852,-59.0729
30,1007,688,115.6744,-59.1733
30,1007,696,115.9136,-59.2616
30,1007,704,116.2223,-59.3674
30,1007,712,116.4891,-59.4610
30,1007,720,116.6433,-59.5101
30,1007,728,116.8319,-59.5531
30,1007,736,117.2578,-59.6054
30,1007,744,117.3688,-59.6116
30,1007,752,117.5281,-59.6116
30,1007,760,117.8558,-59.5676
30,1007,768,117.9256,-59.5558
30,1007,776,118.0739,-59.5260
30,1007,784,118.1462,-59.5053
30,1007,792,118.6344,-59.3094
30,1007,800,119.2161,-59.1503
30,1007,808,119.2724,-59.1419
30,1007,816,119.3907,-59.1152
30,1007,824,119.9324,-58.9492
30,1007,832,121.2335,-58.9826
30,1007,840,121.6301,-59.1348
30,1007,848,121.9900,-59.2671
30,1007,856,122.1249,-59.3162
30,1007,864,122.3682,-59.3931
30,1007,872,122.4984,-59.4271
30,1007,880,122.8049,-59.4709
30,1007,888,122.9394,-59.4829
30,1007,896,123.0262,-59.4887
30,1007,904,123.1297,-59.4850
30,1007,912,123.2318,-59.4704
30,1007,920,123.3489,-59.4355
30,1007,928,123.8420,-59.1615
30,1007,936,124.5331,-58.8247
30,1007,944,124.6650,-58.7798
30,1007,952,125.3119,-58.5945
30,1007,960,126.7287,-58.7971
30,1007,968,126.9052,-58.8784
30,1007,976,127.2600,-59.0277
30,1007,984,127.7864,-59.2553
30,1007,992,127.8710,-59.2954
30,1007,1000,128.1818,-59.4228
30,1007,1008,129.1326,-59.8267
30,1007,1016,131.1998,-61.1539
30,1007,1024,132.5241,-62.0661
30,1007,1032,132.7185,-62.1766
30,1007,1040,133.4710,-62.4645
30,1007,1048,135.1438,-63.0149
30,1007,1056,140.6264,-64.3423
30,1007,1064,147.0163,-64.6791
30,1007,1072,154.0210,-64.6423
30,1007,1080,165.3291,-64.5761
30,1007,1088,191.4845,-64.5617
30,1007,1096,354.1375,-64.5610
30,1008,0,0.0000,-65.0000
30,1008,8,0.0699,-64.9855
30,1008,16,0.6811,-64.9173
30,1008,24,5.5147,-64.6276
30,1008,32,14.0905,-64.5433
30,1008,40,22.6664,-64.5540
30,1008,48,36.8228,-64.5609
30,1008,56,100.0000,-64.5618
30,1008,64,100.0355,-64.5446
30,1008,72,100.0710,-64.4948
30,1008,80,100.1262,-64.3620
30,1008,88,100.1630,-64.2358
30,1008,96,100.3847,-63.0050
30,1008,104,100.4467,-62.5544
30,1008,112,100.8233,-59.4054
30,1008,120,101.2982,-55.3537
30,1008,128,101.5773,-52.9506
30,1008,136,101.6798,-51.9801
30,1008,144,101.8507,-50.0731
30,1008,152,101.9150,-49.1865
30,1008,160,101.9823,-48.0931
30,1008,168,102.0258,-47.2572
30,1008,176,102.2053,-41.7481
30,1008,184,102.4185,-25.8628
30,1008,192,102.5605,-12.9838
30,1008,200,102.6093,-9.0041
30,1008,208,102.7854,3.0519
30,1008,216,102.9267,10.0353
30,1008,224,103.0109,13.0943
30,1008,232,103.2042,17.4432
30,1008,240,103.2792,18.2898
30,1008,248,103.5041,18.6908
30,1008,256,103.5745,18.2813
30,1008,264,103.7530,16.3848
30,1008,272,103.8963,14.1468
30,1008,280,103.9858,12.5002
30,1008,288,104.1707,8.6445
30,1008,296,104.4473,2.1346
30,1008,304,104.6445,-2.7687
30,1008,312,104.9210,-9.6799
30,1008,320,104.9807,-11.1487
30,1008,328,105.1100,-14.2724
30,1008,336,105.7486,-28.0207
30,1008,344,105.8352,-29.6269
30,1008,352,105.9307,-31.3250
30,1008,360,106.2120,-35.9090
30,1008,368,107.0621,-47.2588
30,1008,376,107.1826,-48.6695
30,1008,384,107.2714,-49.6733
30,1008,392,107.4879,-51.9405
30,1008,400,107.6140,-53.1388
30,1008,408,107.6685,-53.6257
30,1008,416,107.9219,-55.6300
30,1008,424,108.0460,-56.4607
30,1008,432,108.1007,-56.7961
30,1008,440,108.2292,-57.5159
30,1008,448,108.2737,-57.7429
30,1008,456,108.3045,-57.8927
30,1008,464,108.3866,-58.2600
30,1008,472,108.4548,-58.5287
30,1008,480,108.5313,-58.7954
30,1008,488,108.7754,-59.4361
30,1008,496,108.8439,-59.5695
30,1008,504,109.1902,-60.0284
30,1008,512,109.2816,-60.1061
30,1008,520,109.7727,-60.3422
30,1008,528,110.4473,-60.5410
30,1008,536,110.6604,-60.6076
30,1008,544,110.7463,-60.6305
30,1008,552,110.8377,-60.6496
30,1008,560,110.9096,-60.6573
30,1008,568,111.0591,-60.6506
30,1008,576,111.1532,-60.6283
30,1008,584,111.3624,-60.5249
30,1008,592,111.4609,-60.4619
30,1008,600,111.8188,-60.1998
30,1008,608,112.0713,-60.0195
30,1008,616,112.3477,-59.8423
30,1008,624,112.3917,-59.8157
30,1008,632,112.7265,-59.6162
30,1008,640,112.9403,-59.5034
30,1008,648,113.3397,-59.3046
30,1008,656,113.8627,-59.1553
30,1008,664,114.1020,-59.1255
30,1008,672,114.2266,-59.1125
30,1008,680,114.5852,-59.0729
30,1008,688,115.6744,-59.1733
30,1008,696,115.9136,-59.2616
30,1008,704,116.2223,-59.3674
30,1008,712,116.4891,-59.4610
30,1008,720,116.6433,-59.5101
30,1008,728,116.8319,-59.5531
30,1008,736,117.2578,-59.6054
30,1008,744,117.3688,-59.6116
30,1008,752,117.5281,-59.6116
30,1008,760,117.8558,-59.5676
30,1008,768,117.9256,-59.5558
30,1008,776,118.0739,-59.5260
30,1008,784,118.1462,-59.5053
30,1008,792,118.6344,-59.3094
30,1008,800,119.2161,-59.1503
30,1008,808,119.2724,-59.1419
30,1008,816,119.3907,-59.1152
30,1008,824,119.9324,-58.9492
30,1008,832,121.2335,-58.9826
30,1008,840,121.6301,-59.1348
30,1008,848,121.9900,-59.2671
30,1008,856,122.1249,-59.3162
30,1008,864,122.3682,-59.3931
30,1008,872,122.4984,-59.4271
30,1008,880,122.8049,-59.4709
30,1008,888,122.9394,-59.4829
30,1008,896,123.0262,-59.4887
30,1008,904,123.1297,-59.4850
30,1008,912,123.2318,-59.4704
30,1008,920,123.3489,-59.4355
30,1008,928,123.8420,-59.1615
30,1008,936,124.5331,-58.8247
30,1008,944,124.6650,-58.7798
30,1008,952,125.3119,-58.5945
30,1008,960,126.7287,-58.7971
30,1008,968,126.9052,-58.8784
30,1008,976,127.2600,-59.0277
30,1008,984,127.7864,-59.2553
30,1008,992,127.8710,-59.2954
30,1008,1000,128.1818,-59.4228
30,1008,1008,129.1326,-59.8267
30,1008,1016,131.1998,-61.1539
30,1008,1024,132.5241,-62.0661
30,1008,1032,132.7185,-62.1766
30,1008,1040,133.4710,-62.4645
30,1008,1048,135.1438,-63.0149
30,1008,1056,140.6264,-64.3423
30,1008,1064,147.0163,-64.6791
30,1008,1072,154.0210,-64.6423
30,1008,1080,165.3291,-64.5761
30,1008,1088,191.4845,-64.5617
30,1008,1096,354.1375,-64.5610
30,1009,0,0.0000,-65.0000
30,1009,8,0.0699,-64.9855
30,1009,16,0.6811,-64.9173
30,1009,24,5.5147,-64.6276
30,1009,32,14.0905,-64.5433
30,1009,40,22.6664,-64.5540
30,1009,48,36.8228,-64.5609
30,1009,56,100.0000,-64.5618
30,1009,64,100.0355,-64.5446
30,1009,72,100.0710,-64.4948
30,1009,80,100.1262,-64.3620
30,1009,88,100.1630,-64.2358
30,1009,96,100.3847,-63.0050
30,1009,104,100.4467,-62.5544
30,1009,112,100.8233,-59.4054
30,1009,120,101.2982,-55.3537
30,1009,128,101.5773,-52.9506
30,1009,136,101.6798,-51.9801
30,1009,144,101.8507,-50.0731
30,1009,152,101.9150,-49.1865
30,1009,160,101.9823,-48.0931
30,1009,168,102.0258,-47.2572
30,1009,176,102.2053,-41.7481
30,1009,184,102.4185,-25.8628
30,1009,192,102.5605,-12.9838
30,1009,200,102.6093,-9.0041
30,1009,208,102.7854,3.0519
30,1009,216,102.9267,10.0353
30,1009,224,103.0109,13.0943
30,1009,232,103.2042,17.4432
30,1009,240,103.2792,18.2898
30,1009,248,103.5041,18.6908
30,1009,256,103.5745,18.2813
30,1009,264,103.7530,16.3848
30,1009,272,103.8963,14.1468
30,1009,280,103.9858,12.5002
30,1009,288,104.1707,8.6445
30,1009,296,104.4473,2.1346
30,1009,304,104.6445,-2.7687
30,1009,312,104.9210,-9.6799
30,1009,320,104.9807,-11.1487
30,1009,328,105.1100,-14.2724
30,1009,336,105.7486,-28.0207
30,1009,344,105.8352,-29.6269
30,1009,352,105.9307,-31.3250
30,1009,360,106.2120,-35.9090
30,1009,368,107.0621,-47.2588
30,1009,376,107.1826,-48.6695
30,1009,384,107.2714,-49.6733
30,1009,392,107.4879,-51.9405
30,1009,400,107.6140,-53.1388
30,1009,408,107.6685,-53.6257
30,1009,416,107.9219,-55.6300
30,1009,424,108.0460,-56.4607
30,1009,432,108.1007,-56.7961
30,1009,440,108.2292,-57.5159
30,1009,448,108.2737,-57.7429
30,1009,456,108.3045,-57.8927
30,1009,464,108.3866,-58.2600
30,1009,472,108.4548,-58.5287
30,1009,480,108.5313,-58.7954
30,1009,488,108.7754,-59.4361
30,1009,496,108.8439,-59.5695
30,1009,504,109.1902,-60.0284
30,1009,512,109.2816,-60.1061
30,1009,520,109.7727,-60.3422
30,1009,528,110.4473,-60.5410
30,1009,536,110.6604,-60.6076
30,1009,544,110.7463,-60.6305
30,1009,552,110.8377,-60.6496
30,1009,560,110.9096,-60.6573
30,1009,568,111.0591,-60.6506
30,1009,576,111.1532,-60.6283
30,1009,584,111.3624,-60.5249
30,1009,592,111.4609,-60.4619
30,1009,600,111.8188,-60.1998
30,1009,608,112.0713,-60.0195
30,1009,616,112.3477,-59.8423
30,1009,624,112.3917,-59.8157
30,1009,632,112.7265,-59.6162
30,1009,640,112.9403,-59.5034
30,1009,648,113.3397,-59.3046
30,1009,656,113.8627,-59.1553
30,1009,664,114.1020,-59.1255
30,1009,672,114.2266,-59.1125
30,1009,680,114.5852,-59.0729
30,1009,688,115.6744,-59.1733
30,1009,696,115.9136,-59.2616
30,1009,704,116.2223,-59.3674
30,1009,712,116.4891,-59.4610
30,1009,720,116.6433,-59.5101
30,1009,728,116.8319,-59.5531
30,1009,736,117.2578,-59.6054
30,1009,744,117.3688,-59.6116
30,1009,752,117.5281,-59.6116
30,1009,760,117.8558,-59.5676
30,1009,768,117.9256,-59.5558
30,1009,776,118.0739,-59.5260
30,1009,784,118.1462,-59.5053
30,1009,792,118.6344,-59.3094
30,1009,800,119.2161,-59.1503
30,1009,808,119.2724,-59.1419
30,1009,816,119.3907,-59.1152
30,1009,824,119.9324,-58.9492
30,1009,832,121.2335,-58.9826
30,1009,840,121.6301,-59.1348
30,1009,848,121.9900,-59.2671
30,1009,856,122.1249,-59.3162
30,1009,864,122.3682,-59.3931
30,1009,872,122.4984,-59.4271
30,1009,880,122.8049,-59.4709
30,1009,888,122.9394,-59.4829
30,1009,896,123.0262,-59.4887
30,1009,904,123.1297,-59.4850
30,1009,912,123.2318,-59.4704
30,1009,920,123.3489,-59.4355
30,1009,928,123.8420,-59.1615
30,1009,936,124.5331,-58.8247
30,1009,944,124.6650,-58.7798
30,1009,952,125.3119,-58.5945
30,1009,960,126.7287,-58.7971
30,1009,968,126.9052,-58.8784
30,1009,976,127.2600,-59.0277
30,1009,984,127.7864,-59.2553
30,1009,992,127.8710,-59.2954
30,1009,1000,128.1818,-59.4228
30,1009,1008,129.1326,-59.8267
30,1009,1016,131.1998,-61.1539
30,1009,1024,132.5241,-62.0661
30,1009,1032,132.7185,-62.1766
30,1009,1040,133.4710,-62.4645
30,1009,1048,135.1438,-63.0149
30,1009,1056,140.6264,-64.3423
30,1009,1064,147.0163,-64.6791
30,1009,1072,154.0210,-64.6423
30,1009,1080,165.3291,-64.5761
30,1009,1088,191.4845,-64.5617
30,1009,1096,354.1375,-64.5610
30,1010,0,0.0000,-65.0000
30,1010,8,0.0699,-64.9855
30,1010,16,0.6811,-64.9173
30,1010,24,5.5147,-64.6276
30,1010,32,14.0905,-64.5433
30,1010,40,22.6664,-64.5540
30,1010,48,36.8228,-64.5609
30,1010,56,100.0000,-64.5618
30,1010,64,100.0355,-64.5446
30,1010,72,100.0710,-64.4948
30,1010,80,100.1262,-64.3620
30,1010,88,100.1630,-64.2358
30,1010,96,100.3847,-63.0050
30,1010,104,100.4467,-62.5544
30,1010,112,100.8233,-59.4054
30,1010,120,101.2982,-55.3537
30,1010,128,101.5773,-52.9506
30,1010,136,101.6798,-51.9801
30,1010,144,101.8507,-50.0731
30,1010,152,101.9150,-49.1865
30,1010,160,101.9823,-48.0931
30,1010,168,102.0258,-47.2572
30,1010,176,102.2053,-41.7481
30,1010,184,102.4185,-25.8628
30,1010,192,102.5605,-12.9838
30,1010,200,102.6093,-9.0041
30,1010,208,102.7854,3.0519
30,1010,216,102.9267,10.0353
30,1010,224,103.0109,13.0943
30,1010,232,103.2042,17.4432
30,1010,240,103.2792,18.2898
30,1010,248,103.5041,18.6908
30,1010,256,103.5745,18.2813
30,1010,264,103.7530,16.3848
30,1010,272,103.8963,14.1468
30,1010,280,103.9858,12.5002
30,1010,288,104.1707,8.6445
30,1010,296,104.4473,2.1346
30,1010,304,104.6445,-2.7687
30,1010,312,104.9210,-9.6799
30,1010,320,104.9807,-11.1487
30,1010,328,105.1100,-14.2724
30,1010,336,105.7486,-28.0207
30,1010,344,105.8352,-29.6269
30,1010,352,105.9307,-31.3250
30,1010,360,106.2120,-35.9090
30,1010,368,107.0621,-47.2588
30,1010,376,107.1826,-48.6695
30,1010,384,107.2714,-49.6733
30,1010,392,107.4879,-51.9405
30,1010,400,107.6140,-53.1388
30,1010,408,107.6685,-53.6257
30,1010,416,107.9219,-55.6300
30,1010,424,108.0460,-56.4607
30,1010,432,108.1007,-56.7961
30,1010,440,108.2292,-57.5159
30,1010,448,108.2737,-57.7429
30,1010,456,108.3045,-57.8927
30,1010,464,108.3866,-58.2600
30,1010,472,108.4548,-58.5287
30,1010,480,108.5313,-58.7954
30,1010,488,108.7754,-59.4361
30,1010,496,108.8439,-59.5695
30,1010,504,109.1902,-60.0284
30,1010,512,109.2816,-60.1061
30,1010,520,109.7727,-60.3422
30,1010,528,110.4473,-60.5410
30,1010,536,110.6604,-60.6076
30,1010,544,110.7463,-60.6305
30,1010,552,110.8377,-60.6496
30,1010,560,110.9096,-60.6573
30,1010,568,111.0591,-60.6506
30,1010,576,111.1532,-60.6283
30,1010,584,111.3624,-60.5249
30,1010,592,111.4609,-60.4619
30,1010,600,111.8188,-60.1998
30,1010,608,112.0713,-60.0195
30,1010,616,112.3477,-59.8423
30,1010,624,112.3917,-59.8157
30,1010,632,112.7265,-59.6162
30,1010,640,112.9403,-59.5034
30,1010,648,113.3397,-59.3046
30,1010,656,113.8627,-59.1553
30,1010,664,114.1020,-59.1255
30,1010,672,114.2266,-59.1125
30,1010,680,114.5852,-59.0729
30,1010,688,115.6744,-59.1733
30,1010,696,115.9136,-59.2616
30,1010,704,116.2223,-59.3674
30,1010,712,116.4891,-59.4610
30,1010,720,116.6433,-59.5101
30,1010,728,116.8319,-59.5531
30,1010,736,117.2578,-59.6054
30,1010,744,117.3688,-59.6116
30,1010,752,117.5281,-59.6116
30,1010,760,117.8558,-59.5676
30,1010,768,117.9256,-59.5558
30,1010,776,118.0739,-59.5260
30,1010,784,118.1462,-59.5053
30,1010,792,118.6344,-59.3094
30,1010,800,119.2161,-59.1503
30,1010,808,119.2724,-59.1419
30,1010,816,119.3907,-59.1152
30,1010,824,119.9324,-58.9492
30,1010,832,121.2335,-58.9826
30,1010,840,121.6301,-59.1348
30,1010,848,121.9900,-59.2671
30,1010,856,122.1249,-59.3162
30,1010,864,122.3682,-59.3931
30,1010,872,122.4984,-59.4271
30,1010,880,122.8049,-59.4709
30,1010,888,122.9394,-59.4829
30,1010,896,123.0262,-59.4887
30,1010,904,123.1297,-59.4850
30,1010,912,123.2318,-59.4704
30,1010,920,123.3489,-59.4355
30,1010,928,123.8420,-59.1615
30,1010,936,124.5331,-58.8247
30,1010,944,124.6650,-58.7798
30,1010,952,125.3119,-58.5945
30,1010,960,126.7287,-58.7971
30,1010,968,126.9052,-58.8784
30,1010,976,127.2600,-59.0277
30,1010,984,127.7864,-59.2553
30,1010,992,127.8710,-59.2954
30,1010,1000,128.1818,-59.4228
30,1010,1008,129.1326,-59.8267
30,1010,1016,131.1998,-61.1539
30,1010,1024,132.5241,-62.0661
30,1010,1032,132.7185,-62.1766
30,1010,1040,133.4710,-62.4645
30,1010,1048,135.1438,-63.0149
30,1010,1056,140.6264,-64.3423
30,1010,1064,147.0163,-64.6791
30,1010,1072,154.0210,-64.6423
30,1010,1080,165.3291,-64.5761
30,1010,1088,191.4845,-64.5617
30,1010,1096,354.1375,-64.5610
60,2001,0,0.0000,-65.0000
60,2001,8,0.0699,-64.9855
60,2001,16,0.6811,-64.9173
60,2001,24,5.5147,-64.6276
60,2001,32,14.0905,-64.5433
60,2001,40,22.6664,-64.5540
60,2001,48,36.8228,-64.5609
60,2001,56,100.0000,-64.5618
60,2001,64,100.0232,-64.5554
60,2001,72,100.0971,-64.4382
60,2001,80,100.1663,-64.2125
60,2001,88,100.2117,-64.0062
60,2001,96,100.4042,-62.7494
60,2001,104,100.5330,-61.6799
60,2001,112,100.6077,-61.0066
60,2001,120,100.9516,-57.7168
60,2001,128,101.5423,-51.9596
60,2001,136,101.6004,-51.3180
60,2001,144,101.7423,-49.5270
60,2001,152,101.8055,-48.5616
60,2001,160,101.8499,-47.7839
60,2001,168,101.9568,-45.3904
60,2001,176,102.0284,-43.0959
60,2001,184,102.0706,-41.3244
60,2001,192,102.1830,-34.2719
60,2001,200,102.3101,-22.6719
60,2001,208,102.4461,-10.5460
60,2001,216,102.5071,-5.7607
60,2001,224,102.6801,5.3752
60,2001,232,102.7490,8.7845
60,2001,240,102.8646,13.2353
60,2001,248,103.1137,18.2888
60,2001,256,103.2579,19.0425
60,2001,264,103.4412,18.3631
60,2001,272,103.9121,11.2618
60,2001,280,104.0246,8.8660
60,2001,288,104.1076,6.9961
60,2001,296,104.5054,-2.6608
60,2001,304,105.1040,-17.2721
60,2001,312,105.1580,-18.5076
60,2001,320,105.4186,-24.1633
60,2001,328,105.8900,-32.9682
60,2001,336,106.1230,-36.6768
60,2001,344,106.2495,-38.5442
60,2001,352,106.3647,-40.1702
60,2001,360,106.4912,-41.8820
60,2001,368,106.6640,-44.1123
60,2001,376,107.2003,-50.3339
60,2001,384,107.8489,-56.0531
60,2001,392,107.9329,-56.6237
60,2001,400,108.0320,-57.2438
60,2001,408,108.3703,-58.9835
60,2001,416,108.5265,-59.6183
60,2001,424,108.6974,-60.2087
60,2001,432,109.0031,-61.0301
60,2001,440,109.1493,-61.3359
60,2001,448,109.5112,-61.8863
60,2001,456,109.9348,-62.3107
60,2001,464,110.0982,-62.4309
60,2001,472,110.2445,-62.5055
60,2001,480,110.6865,-62.6105
60,2001,488,110.7951,-62.6183
60,2001,496,110.8905,-62.6119
60,2001,504,110.9966,-62.5926
60,2001,512,111.2034,-62.5253
60,2001,520,111.2348,-62.5117
60,2001,528,111.3487,-62.4468
60,2001,536,111.4817,-62.3428
60,2001,544,112.0243,-61.7978
60,2001,552,112.4297,-61.4545
60,2001,560,112.5970,-61.3371
60,2001,568,113.2402,-60.9775
60,2001,576,114.3006,-60.8821
60,2001,584,114.3455,-60.8893
60,2001,592,114.4945,-60.9094
60,2001,600,114.7670,-60.9153
60,2001,608,115.0136,-60.9008
60,2001,616,115.0841,-60.8941
60,2001,624,115.2804,-60.8543
60,2001,632,115.3369,-60.8367
60,2001,640,115.6880,-60.6733
60,2001,648,115.7229,-60.6546
60,2001,656,116.0710,-60.4369
60,2001,664,117.0066,-60.0203
60,2001,672,117.1786,-59.9937
60,2001,680,117.5949,-59.9377
60,2001,688,118.0501,-59.9202
60,2001,696,118.2341,-59.9207
60,2001,704,118.3251,-59.9181
60,2001,712,118.3832,-59.9129
60,2001,720,118.4479,-59.9007
60,2001,728,118.7850,-59.7474
60,2001,736,119.6993,-59.3180
60,2001,744,119.7932,-59.2940
60,2001,752,120.0779,-59.2148
60,2001,760,120.1680,-59.1874
60,2001,768,120.5032,-59.0726
60,2001,776,120.6373,-59.0257
60,2001,784,120.7296,-58.9905
60,2001,792,120.8018,-58.9610
60,2001,800,120.8378,-58.9444
60,2001,808,121.0765,-58.7930
60,2001,816,121.4965,-58.4476
60,2001,824,121.6119,-58.3475
60,2001,832,122.0611,-57.9597
60,2001,840,122.1431,-57.8924
60,2001,848,122.2358,-57.8146
60,2001,856,122.4288,-57.6408
60,2001,864,122.5837,-57.4964
60,2001,872,122.8185,-57.2662
60,2001,880,123.6456,-56.5397
60,2001,888,123.9548,-56.3452
60,2001,896,124.2775,-56.1572
60,2001,904,125.2774,-55.7152
60,2001,912,126.4457,-55.6651
60,2001,920,126.6146,-55.6942
60,2001,928,127.3909,-55.8942
60,2001,936,128.1107,-56.3143
60,2001,944,128.1820,-56.3693
60,2001,952,128.5395,-56.6429
60,2001,960,129.5651,-57.6064
60,2001,968,131.6381,-60.1686
60,2001,976,132.0615,-60.6745
60,2001,984,132.2247,-60.8550
60,2001,992,132.7975,-61.3652
60,2001,1000,134.0390,-62.2323
60,2001,1008,136.7925,-63.6227
60,2001,1016,136.8442,-63.6418
60,2001,1024,137.0793,-63.7059
60,2001,1032,137.9160,-63.7858
60,2001,1040,139.6543,-63.9362
60,2001,1048,143.0722,-64.3447
60,2001,1056,150.7678,-64.6593
60,2001,1064,159.5322,-64.6106
60,2001,1072,168.2967,-64.5747
60,2001,1080,175.6574,-64.5612
60,2001,1088,181.6142,-64.5575
60,2001,1096,187.5711,-64.5635
60,2001,1104,193.5280,-64.5646
60,2001,1112,198.2859,-64.5611
60,2001,1120,201.2007,-64.5612
60,2001,1128,203.0544,-64.5589
60,2001,1136,204.8099,-64.5574
60,2001,1144,206.5654,-64.5605
60,2001,1152,208.3210,-64.5603
60,2001,1160,211.1853,-64.5609
60,2001,1168,233.7977,-64.5610
60,2001,1176,265.4138,-64.5610
60,2001,1184,297.0300,-64.5611
60,2002,0,0.0000,-65.0000
60,2002,8,0.0699,-64.9855
60,2002,16,0.6811,-64.9173
60,2002,24,5.5147,-64.6276
60,2002,32,14.0905,-64.5433
60,2002,40,22.6664,-64.5540
60,2002,48,36.8228,-64.5609
60,2002,56,100.0000,-64.5618
60,2002,64,100.0232,-64.5554
60,2002,72,100.0971,-64.4382
60,2002,80,100.1663,-64.2125
60,2002,88,100.2117,-64.0062
60,2002,96,100.4042,-62.7494
60,2002,104,100.5330,-61.6799
60,2002,112,100.6077,-61.0066
60,2002,120,100.9516,-57.7168
60,2002,128,101.5423,-51.9596
60,2002,136,101.6004,-51.3180
60,2002,144,101.7423,-49.5270
60,2002,152,101.8055,-48.5616
60,2002,160,101.8499,-47.7839
60,2002,168,101.9568,-45.3904
60,2002,176,102.0284,-43.0959
60,2002,184,102.0706,-41.3244
60,2002,192,102.1830,-34.2719
60,2002,200,102.3101,-22.6719
60,2002,208,102.4461,-10.5460
60,2002,216,102.5071,-5.7607
60,2002,224,102.6801,5.3752
60,2002,232,102.7490,8.7845
60,2002,240,102.8646,13.2353
60,2002,248,103.1137,18.2888
60,2002,256,103.2579,19.0425
60,2002,264,103.4412,18.3631
60,2002,272,103.9121,11.2618
60,2002,280,104.0246,8.8660
60,2002,288,104.1076,6.9961
60,2002,296,104.5054,-2.6608
60,2002,304,105.1040,-17.2721
60,2002,312,105.1580,-18.5076
60,2002,320,105.4186,-24.1633
60,2002,328,105.8900,-32.9682
60,2002,336,106.1230,-36.6768
60,2002,344,106.2495,-38.5442
60,2002,352,106.3647,-40.1702
60,2002,360,106.4912,-41.8820
60,2002,368,106.6640,-44.1123
60,2002,376,107.2003,-50.3339
60,2002,384,107.8489,-56.0531
60,2002,392,107.9329,-56.6237
60,2002,400,108.0320,-57.2438
60,2002,408,108.3703,-58.9835
60,2002,416,108.5265,-59.6183
60,2002,424,108.6974,-60.2087
60,2002,432,109.0031,-61.0301
60,2002,440,109.1493,-61.3359
60,2002,448,109.5112,-61.8863
60,2002,456,109.9348,-62.3107
60,2002,464,110.0982,-62.4309
60,2002,472,110.2445,-62.5055
60,2002,480,110.6865,-62.6105
60,2002,488,110.7951,-62.6183
60,2002,496,110.8905,-62.6119
60,2002,504,110.9966,-62.5926
60,2002,512,111.2034,-62.5253
60,2002,520,111.2348,-62.5117
60,2002,528,111.3487,-62.4468
60,2002,536,111.4817,-62.3428
60,2002,544,112.0243,-61.7978
60,2002,552,112.4297,-61.4545
60,2002,560,112.5970,-61.3371
60,2002,568,113.2402,-60.9775
60,2002,576,114.3006,-60.8821
60,2002,584,114.3455,-60.8893
60,2002,592,114.4945,-60.9094
60,2002,600,114.7670,-60.9153
60,2002,608,115.0136,-60.9008
60,2002,616,115.0841,-60.8941
60,2002,624,115.2804,-60.8543
60,2002,632,115.3369,-60.8367
60,2002,640,115.6880,-60.6733
60,2002,648,115.7229,-60.6546
60,2002,656,116.0710,-60.4369
60,2002,664,117.0066,-60.0203
60,2002,672,117.1786,-59.9937
60,2002,680,117.5949,-59.9377
60,2002,688,118.0501,-59.9202
60,2002,696,118.2341,-59.9207
60,2002,704,118.3251,-59.9181
60,2002,712,118.3832,-59.9129
60,2002,720,118.4479,-59.9007
60,2002,728,118.7850,-59.7474
60,2002,736,119.6993,-59.3180
60,2002,744,119.7932,-59.2940
60,2002,752,120.0779,-59.2148
60,2002,760,120.1680,-59.1874
60,2002,768,120.5032,-59.0726
60,2002,776,120.6373,-59.0257
60,2002,784,120.7296,-58.9905
60,2002,792,120.8018,-58.9610
60,2002,800,120.8378,-58.9444
60,2002,808,121.0765,-58.7930
60,2002,816,121.4965,-58.4476
60,2002,824,121.6119,-58.3475
60,2002,832,122.0611,-57.9597
60,2002,840,122.1431,-57.8924
60,2002,848,122.2358,-57.8146
60,2002,856,122.4288,-57.6408
60,2002,864,122.5837,-57.4964
60,2002,872,122.8185,-57.2662
60,2002,880,123.6456,-56.5397
60,2002,888,123.9548,-56.3452
60,2002,896,124.2775,-56.1572
60,2002,904,125.2774,-55.7152
60,2002,912,126.4457,-55.6651
60,2002,920,126.6146,-55.6942
60,2002,928,127.3909,-55.8942
60,2002,936,128.1107,-56.3143
60,2002,944,128.1820,-56.3693
60,2002,952,128.5395,-56.6429
60,2002,960,129.5651,-57.6064
60,2002,968,131.6381,-60.1686
60,2002,976,132.0615,-60.6745
60,2002,984,132.2247,-60.8550
60,2002,992,132.7975,-61.3652
60,2002,1000,134.0390,-62.2323
60,2002,1008,136.7925,-63.6227
60,2002,1016,136.8442,-63.6418
60,2002,1024,137.0793,-63.7059
60,2002,1032,137.9160,-63.7858
60,2002,1040,139.6543,-63.9362
60,2002,1048,143.0722,-64.3447
60,2002,1056,150.7678,-64.6593
60,2002,1064,159.5322,-64.6106
60,2002,1072,168.2967,-64.5747
60,2002,1080,175.6574,-64.5612
60,2002,1088,181.6142,-64.5575
60,2002,1096,187.5711,-64.5635
60,2002,1104,193.5280,-64.5646
60,2002,1112,198.2859,-64.5611
60,2002,1120,201.2007,-64.5612
60,2002,1128,203.0544,-64.5589
60,2002,1136,204.8099,-64.5574
60,2002,1144,206.5654,-64.5605
60,2002,1152,208.3210,-64.5603
60,2002,1160,211.1853,-64.5609
60,2002,1168,233.7977,-64.5610
60,2002,1176,265.4138,-64.5610
60,2002,1184,297.0300,-64.5611
60,2003,0,0.0000,-65.0000
60,2003,8,0.0699,-64.9855
60,2003,16,0.6811,-64.9173
60,2003,24,5.5147,-64.6276
60,2003,32,14.0905,-64.5433
60,2003,40,22.6664,-64.5540
60,2003,48,36.8228,-64.5609
60,2003,56,100.0000,-64.5618
60,2003,64,100.0232,-64.5554
60,2003,72,100.0971,-64.4382
60,2003,80,100.1663,-64.2125
60,2003,88,100.2117,-64.0062
60,2003,96,100.4042,-62.7494
60,2003,104,100.5330,-61.6799
60,2003,112,100.6077,-61.0066
60,2003,120,100.9516,-57.7168
60,2003,128,101.5423,-51.9596
60,2003,136,101.6004,-51.3180
60,2003,144,101.7423,-49.5270
60,2003,152,101.8055,-48.5616
60,2003,160,101.8499,-47.7839
60,2003,168,101.9568,-45.3904
60,2003,176,102.0284,-43.0959
60,2003,184,102.0706,-41.3244
60,2003,192,102.1830,-34.2719
60,2003,200,102.3101,-22.6719
60,2003,208,102.4461,-10.5460
60,2003,216,102.5071,-5.7607
60,2003,224,102.6801,5.3752
60,2003,232,102.7490,8.7845
60,2003,240,102.8646,13.2353
60,2003,248,103.1137,18.2888
60,2003,256,103.2579,19.0425
60,2003,264,103.4412,18.3631
60,2003,272,103.9121,11.2618
60,2003,280,104.0246,8.8660
60,2003,288,104.1076,6.9961
60,2003,296,104.5054,-2.6608
60,2003,304,105.1040,-17.2721
60,2003,312,105.1580,-18.5076
60,2003,320,105.4186,-24.1633
60,2003,328,105.8900,-32.9682
60,2003,336,106.1230,-36.6768
60,2003,344,106.2495,-38.5442
60,2003,352,106.3647,-40.1702
60,2003,360,106.4912,-41.8820
60,2003,368,106.6640,-44.1123
60,2003,376,107.2003,-50.3339
60,2003,384,107.8489,-56.0531
60,2003,392,107.9329,-56.6237
60,2003,400,108.0320,-57.2438
60,2003,408,108.3703,-58.9835
60,2003,416,108.5265,-59.6183
60,2003,424,108.6974,-60.2087
60,2003,432,109.0031,-61.0301
60,2003,440,109.1493,-61.3359
60,2003,448,109.5112,-61.8863
60,2003,456,109.9348,-62.3107
60,2003,464,110.0982,-62.4309
60,2003,472,110.2445,-62.5055
60,2003,480,110.6865,-62.6105
60,2003,488,110.7951,-62.6183
60,2003,496,110.8905,-62.6119
60,2003,504,110.9966,-62.5926
60,2003,512,111.2034,-62.5253
60,2003,520,111.2348,-62.5117
60,2003,528,111.3487,-62.4468
60,2003,536,111.4817,-62.3428
60,2003,544,112.0243,-61.7978
60,2003,552,112.4297,-61.4545
60,2003,560,112.5970,-61.3371
60,2003,568,113.2402,-60.9775
60,2003,576,114.3006,-60.8821
60,2003,584,114.3455,-60.8893
60,2003,592,114.4945,-60.9094
60,2003,600,114.7670,-60.9153
60,2003,608,115.0136,-60.9008
60,2003,616,115.0841,-60.8941
60,2003,624,115.2804,-60.8543
60,2003,632,115.3369,-60.8367
60,2003,640,115.6880,-60.6733
60,2003,648,115.7229,-60.6546
60,2003,656,116.0710,-60.4369
60,2003,664,117.0066,-60.0203
60,2003,672,117.1786,-59.9937
60,2003,680,117.5949,-59.9377
60,2003,688,118.0501,-59.9202
60,2003,696,118.2341,-59.9207
60,2003,704,118.3251,-59.9181
60,2003,712,118.3832,-59.9129
60,2003,720,118.4479,-59.9007
60,2003,728,118.7850,-59.7474
60,2003,736,119.6993,-59.3180
60,2003,744,119.7932,-59.2940
60,2003,752,120.0779,-59.2148
60,2003,760,120.1680,-59.1874
60,2003,768,120.5032,-59.0726
60,2003,776,120.6373,-59.0257
60,2003,784,120.7296,-58.9905
60,2003,792,120.8018,-58.9610
60,2003,800,120.8378,-58.9444
60,2003,808,121.0765,-58.7930
60,2003,816,121.4965,-58.4476
60,2003,824,121.6119,-58.3475
60,2003,832,122.0611,-57.9597
60,2003,840,122.1431,-57.8924
60,2003,848,122.2358,-57.8146
60,2003,856,122.4288,-57.6408
60,2003,864,122.5837,-57.4964
60,2003,872,122.8185,-57.2662
60,2003,880,123.6456,-56.5397
60,2003,888,123.9548,-56.3452
60,2003,896,124.2775,-56.1572
60,2003,904,125.2774,-55.7152
60,2003,912,126.4457,-55.6651
60,2003,920,126.6146,-55.6942
60,2003,928,127.3909,-55.8942
60,2003,936,128.1107,-56.3143
60,2003,944,128.1820,-56.3693
60,2003,952,128.5395,-56.6429
60,2003,960,129.5651,-57.6064
60,2003,968,131.6381,-60.1686
60,2003,976,132.0615,-60.6745
60,2003,984,132.2247,-60.8550
60,2003,992,132.7975,-61.3652
60,2003,1000,134.0390,-62.2323
60,2003,1008,136.7925,-63.6227
60,2003,1016,136.8442,-63.6418
60,2003,1024,137.0793,-63.7059
60,2003,1032,137.9160,-63.7858
60,2003,1040,139.6543,-63.9362
60,2003,1048,143.0722,-64.3447
60,2003,1056,150.7678,-64.6593
60,2003,1064,159.5322,-64.6106
60,2003,1072,168.2967,-64.5747
60,2003,1080,175.6574,-64.5612
60,2003,1088,181.6142,-64.5575
60,2003,1096,187.5711,-64.5635
60,2003,1104,193.5280,-64.5646
60,2003,1112,198.2859,-64.5611
60,2003,1120,201.2007,-64.5612
60,2003,1128,203.0544,-64.5589
60,2003,1136,204.8099,-64.5574
60,2003,1144,206.5654,-64.5605
60,2003,1152,208.3210,-64.5603
60,2003,1160,211.1853,-64.5609
60,2003,1168,233.7977,-64.5610
60,2003,1176,265.4138,-64.5610
60,2003,1184,297.0300,-64.5611
60,2004,0,0.0000,-65.0000
60,2004,8,0.0699,-64.9855
60,2004,16,0.6811,-64.9173
60,2004,24,5.5147,-64.6276
60,2004,32,14.0905,-64.5433
60,2004,40,22.6664,-64.5540
60,2004,48,36.8228,-64.5609
60,2004,56,100.0000,-64.5618
60,2004,64,100.0232,-64.5554
60,2004,72,100.0971,-64.4382
60,2004,80,100.1663,-64.2125
60,2004,88,100.2117,-64.0062
60,2004,96,100.4042,-62.7494
60,2004,104,100.5330,-61.6799
60,2004,112,100.6077,-61.0066
60,2004,120,100.9516,-57.7168
60,2004,128,101.5423,-51.9596
60,2004,136,101.6004,-51.3180
60,2004,144,101.7423,-49.5270
60,2004,152,101.8055,-48.5616
60,2004,160,101.8499,-47.7839
60,2004,168,101.9568,-45.3904
60,2004,176,102.0284,-43.0959
60,2004,184,102.0706,-41.3244
60,2004,192,102.1830,-34.2719
60,2004,200,102.3101,-22.6719
60,2004,208,102.4461,-10.5460
60,2004,216,102.5071,-5.7607
60,2004,224,102.6801,5.3752
60,2004,232,102.7490,8.7845
60,2004,240,102.8646,13.2353
60,2004,248,103.1137,18.2888
60,2004,256,103.2579,19.0425
60,2004,264,103.4412,18.3631
60,2004,272,103.9121,11.2618
60,2004,280,104.0246,8.8660
60,2004,288,104.1076,6.9961
60,2004,296,104.5054,-2.6608
60,2004,304,105.1040,-17.2721
60,2004,312,105.1580,-18.5076
60,2004,320,105.4186,-24.1633
60,2004,328,105.8900,-32.9682
60,2004,336,106.1230,-36.6768
60,2004,344,106.2495,-38.5442
60,2004,352,106.3647,-40.1702
60,2004,360,106.4912,-41.8820
60,2004,368,106.6640,-44.1123
60,2004,376,107.2003,-50.3339
60,2004,384,107.8489,-56.0531
60,2004,392,107.9329,-56.6237
60,2004,400,108.0320,-57.2438
60,2004,408,108.3703,-58.9835
60,2004,416,108.5265,-59.6183
60,2004,424,108.6974,-60.2087
60,2004,432,109.0031,-61.0301
60,2004,440,109.1493,-61.3359
60,2004,448,109.5112,-61.8863
60,2004,456,109.9348,-62.3107
60,2004,464,110.0982,-62.4309
60,2004,472,110.2445,-62.5055
60,2004,480,110.6865,-62.6105
60,2004,488,110.7951,-62.6183
60,2004,496,110.8905,-62.6119
60,2004,504,110.9966,-62.5926
60,2004,512,111.2034,-62.5253
60,2004,520,111.2348,-62.5117
60,2004,528,111.3487,-62.4468
60,2004,536,111.4817,-62.3428
60,2004,544,112.0243,-61.7978
60,2004,552,112.4297,-61.4545
60,2004,560,112.5970,-61.3371
60,2004,568,113.2402,-60.9775
60,2004,576,114.3006,-60.8821
60,2004,584,114.3455,-60.8893
60,2004,592,114.4945,-60.9094
60,2004,600,114.7670,-60.9153
60,2004,608,115.0136,-60.9008
60,2004,616,115.0841,-60.8941
60,2004,624,115.2804,-60.8543
60,2004,632,115.3369,-60.8367
60,2004,640,115.6880,-60.6733
60,2004,648,115.7229,-60.6546
60,2004,656,116.0710,-60.4369
60,2004,664,117.0066,-60.0203
60,2004,672,117.1786,-59.9937
60,2004,680,117.5949,-59.9377
60,2004,688,118.0501,-59.9202
60,2004,696,118.2341,-59.9207
60,2004,704,118.3251,-59.9181
60,2004,712,118.3832,-59.9129
60,2004,720,118.4479,-59.9007
60,2004,728,118.7850,-59.7474
60,2004,736,119.6993,-59.3180
60,2004,744,119.7932,-59.2940
60,2004,752,120.0779,-59.2148
60,2004,760,120.1680,-59.1874
60,2004,768,120.5032,-59.0726
60,2004,776,120.6373,-59.0257
60,2004,784,120.7296,-58.9905
60,2004,792,120.8018,-58.9610
60,2004,800,120.8378,-58.9444
60,2004,808,121.0765,-58.7930
60,2004,816,121.4965,-58.4476
60,2004,824,121.6119,-58.3475
60,2004,832,122.0611,-57.9597
60,2004,840,122.1431,-57.8924
60,2004,848,122.2358,-57.8146
60,2004,856,122.4288,-57.6408
60,2004,864,122.5837,-57.4964
60,2004,872,122.8185,-57.2662
60,2004,880,123.6456,-56.5397
60,2004,888,123.9548,-56.3452
60,2004,896,124.2775,-56.1572
60,2004,904,125.2774,-55.7152
60,2004,912,126.4457,-55.6651
60,2004,920,126.6146,-55.6942
60,2004,928,127.3909,-55.8942
60,2004,936,128.1107,-56.3143
60,2004,944,128.1820,-56.3693
60,2004,952,128.5395,-56.6429
60,2004,960,129.5651,-57.6064
60,2004,968,131.6381,-60.1686
60,2004,976,132.0615,-60.6745
60,2004,984,132.2247,-60.8550
60,2004,992,132.7975,-61.3652
60,2004,1000,134.0390,-62.2323
60,2004,1008,136.7925,-63.6227
60,2004,1016,136.8442,-63.6418
60,2004,1024,137.0793,-63.7059
60,2004,1032,137.9160,-63.7858
60,2004,1040,139.6543,-63.9362
60,2004,1048,143.0722,-64.3447
60,2004,1056,150.7678,-64.6593
60,2004,1064,159.5322,-64.6106
60,2004,1072,168.2967,-64.5747
60,2004,1080,175.6574,-64.5612
60,2004,1088,181.6142,-64.5575
60,2004,1096,187.5711,-64.5635
60,2004,1104,193.5280,-64.5646
60,2004,1112,198.2859,-64.5611
60,2004,1120,201.2007,-64.5612
60,2004,1128,203.0544,-64.5589
60,2004,1136,204.8099,-64.5574
60,2004,1144,206.5654,-64.5605
60,2004,1152,208.3210,-64.5603
60,2004,1160,211.1853,-64.5609
60,2004,1168,233.7977,-64.5610
60,2004,1176,265.4138,-64.5610
60,2004,1184,297.0300,-64.5611
60,2005,0,0.0000,-65.0000
60,2005,8,0.0699,-64.9855
60,2005,16,0.6811,-64.9173
60,2005,24,5.5147,-64.6276
60,2005,32,14.0905,-64.5433
60,2005,40,22.6664,-64.5540
60,2005,48,36.8228,-64.5609
60,2005,56,100.0000,-64.5618
60,2005,64,100.0232,-64.5554
60,2005,72,100.0971,-64.4382
60,2005,80,100.1663,-64.2125
60,2005,88,100.2117,-64.0062
60,2005,96,100.4042,-62.7494
60,2005,104,100.5330,-61.6799
60,2005,112,100.6077,-61.0066
60,2005,120,100.9516,-57.7168
60,2005,128,101.5423,-51.9596
60,2005,136,101.6004,-51.3180
60,2005,144,101.7423,-49.5270
60,2005,152,101.8055,-48.5616
60,2005,160,101.8499,-47.7839
60,2005,168,101.9568,-45.3904
60,2005,176,102.0284,-43.0959
60,2005,184,102.0706,-41.3244
60,2005,192,102.1830,-34.2719
60,2005,200,102.3101,-22.6719
60,2005,208,102.4461,-10.5460
60,2005,216,102.5071,-5.7607
60,2005,224,102.6801,5.3752
60,2005,232,102.7490,8.7845
60,2005,240,102.8646,13.2353
60,2005,248,103.1137,18.2888
60,2005,256,103.2579,19.0425
60,2005,264,103.4412,18.3631
60,2005,272,103.9121,11.2618
60,2005,280,104.0246,8.8660
60,2005,288,104.1076,6.9961
60,2005,296,104.5054,-2.6608
60,2005,304,105.1040,-17.2721
60,2005,312,105.1580,-18.5076
60,2005,320,105.4186,-24.1633
60,2005,328,105.8900,-32.9682
60,2005,336,106.1230,-36.6768
60,2005,344,106.2495,-38.5442
60,2005,352,106.3647,-40.1702
60,2005,360,106.4912,-41.8820
60,2005,368,106.6640,-44.1123
60,2005,376,107.2003,-50.3339
60,2005,384,107.8489,-56.0531
60,2005,392,107.9329,-56.6237
60,2005,400,108.0320,-57.2438
60,2005,408,108.3703,-58.9835
60,2005,416,108.5265,-59.6183
60,2005,424,108.6974,-60.2087
60,2005,432,109.0031,-61.0301
60,2005,440,109.1493,-61.3359
60,2005,448,109.5112,-61.8863
60,2005,456,109.9348,-62.3107
60,2005,464,110.0982,-62.4309
60,2005,472,110.2445,-62.5055
60,2005,480,110.6865,-62.6105
60,2005,488,110.7951,-62.6183
60,2005,496,110.8905,-62.6119
60,2005,504,110.9966,-62.5926
60,2005,512,111.2034,-62.5253
60,2005,520,111.2348,-62.5117
60,2005,528,111.3487,-62.4468
60,2005,536,111.4817,-62.3428
60,2005,544,112.0243,-61.7978
60,2005,552,112.4297,-61.4545
60,2005,560,112.5970,-61.3371
60,2005,568,113.2402,-60.9775
60,2005,576,114.3006,-60.8821
60,2005,584,114.3455,-60.8893
60,2005,592,114.4945,-60.9094
60,2005,600,114.7670,-60.9153
60,2005,608,115.0136,-60.9008
60,2005,616,115.0841,-60.8941
60,2005,624,115.2804,-60.8543
60,2005,632,115.3369,-60.8367
60,2005,640,115.6880,-60.6733
60,2005,648,115.7229,-60.6546
60,2005,656,116.0710,-60.4369
60,2005,664,117.0066,-60.0203
60,2005,672,117.1786,-59.9937
60,2005,680,117.5949,-59.9377
60,2005,688,118.0501,-59.9202
60,2005,696,118.2341,-59.9207
60,2005,704,118.3251,-59.9181
60,2005,712,118.3832,-59.9129
60,2005,720,118.4479,-59.9007
60,2005,728,118.7850,-59.7474
60,2005,736,119.6993,-59.3180
60,2005,744,119.7932,-59.2940
60,2005,752,120.0779,-59.2148
60,2005,760,120.1680,-59.1874
60,2005,768,120.5032,-59.0726
60,2005,776,120.6373,-59.0257
60,2005,784,120.7296,-58.9905
60,2005,792,120.8018,-58.9610
60,2005,800,120.8378,-58.9444
60,2005,808,121.0765,-58.7930
60,2005,816,121.4965,-58.4476
60,2005,824,121.6119,-58.3475
60,2005,832,122.0611,-57.9597
60,2005,840,122.1431,-57.8924
60,2005,848,122.2358,-57.8146
60,2005,856,122.4288,-57.6408
60,2005,864,122.5837,-57.4964
60,2005,872,122.8185,-57.2662
60,2005,880,123.6456,-56.5397
60,2005,888,123.9548,-56.3452
60,2005,896,124.2775,-56.1572
60,2005,904,125.2774,-55.7152
60,2005,912,126.4457,-55.6651
60,2005,920,126.6146,-55.6942
60,2005,928,127.3909,-55.8942
60,2005,936,128.1107,-56.3143
60,2005,944,128.1820,-56.3693
60,2005,952,128.5395,-56.6429
60,2005,960,129.5651,-57.6064
60,2005,968,131.6381,-60.1686
60,2005,976,132.0615,-60.6745
60,2005,984,132.2247,-60.8550
60,2005,992,132.7975,-61.3652
60,2005,1000,134.0390,-62.2323
60,2005,1008,136.7925,-63.6227
60,2005,1016,136.8442,-63.6418
60,2005,1024,137.0793,-63.7059
60,2005,1032,137.9160,-63.7858
60,2005,1040,139.6543,-63.9362
60,2005,1048,143.0722,-64.3447
60,2005,1056,150.7678,-64.6593
60,2005,1064,159.5322,-64.6106
60,2005,1072,168.2967,-64.5747
60,2005,1080,175.6574,-64.5612
60,2005,1088,181.6142,-64.5575
60,2005,1096,187.5711,-64.5635
60,2005,1104,193.5280,-64.5646
60,2005,1112,198.2859,-64.5611
60,2005,1120,201.2007,-64.5612
60,2005,1128,203.0544,-64.5589
60,2005,1136,204.8099,-64.5574
60,2005,1144,206.5654,-64.5605
60,2005,1152,208.3210,-64.5603
60,2005,1160,211.1853,-64.5609
60,2005,1168,233.7977,-64.5610
60,2005,1176,265.4138,-64.5610
60,2005,1184,297.0300,-64.5611
60,2006,0,0.0000,-65.0000
60,2006,8,0.0699,-64.9855
60,2006,16,0.6811,-64.9173
60,2006,24,5.5147,-64.6276
60,2006,32,14.0905,-64.5433
60,2006,40,22.6664,-64.5540
60,2006,48,36.8228,-64.5609
60,2006,56,100.0000,-64.5618
60,2006,64,100.0232,-64.5554
60,2006,72,100.0971,-64.4382
60,2006,80,100.1663,-64.2125
60,2006,88,100.2117,-64.0062
60,2006,96,100.4042,-62.7494
60,2006,104,100.5330,-61.6799
60,2006,112,100.6077,-61.0066
60,2006,120,100.9516,-57.7168
60,2006,128,101.5423,-51.9596
60,2006,136,101.6004,-51.3180
60,2006,144,101.7423,-49.5270
60,2006,152,101.8055,-48.5616
60,2006,160,101.8499,-47.7839
60,2006,168,101.9568,-45.3904
60,2006,176,102.0284,-43.0959
60,2006,184,102.0706,-41.3244
60,2006,192,102.1830,-34.2719
60,2006,200,102.3101,-22.6719
60,2006,208,102.4461,-10.5460
60,2006,216,102.5071,-5.7607
60,2006,224,102.6801,5.3752
60,2006,232,102.7490,8.7845
60,2006,240,102.8646,13.2353
60,2006,248,103.1137,18.2888
60,2006,256,103.2579,19.0425
60,2006,264,103.4412,18.3631
60,2006,272,103.9121,11.2618
60,2006,280,104.0246,8.8660
60,2006,288,104.1076,6.9961
60,2006,296,104.5054,-2.6608
60,2006,304,105.1040,-17.2721
60,2006,312,105.1580,-18.5076
60,2006,320,105.4186,-24.1633
60,2006,328,105.8900,-32.9682
60,2006,336,106.1230,-36.6768
60,2006,344,106.2495,-38.5442
60,2006,352,106.3647,-40.1702
60,2006,360,106.4912,-41.8820
60,2006,368,106.6640,-44.1123
60,2006,376,107.2003,-50.3339
60,2006,384,107.8489,-56.0531
60,2006,392,107.9329,-56.6237
60,2006,400,108.0320,-57.2438
60,2006,408,108.3703,-58.9835
60,2006,416,108.5265,-59.6183
60,2006,424,108.6974,-60.2087
60,2006,432,109.0031,-61.0301
60,2006,440,109.1493,-61.3359
60,2006,448,109.5112,-61.8863
60,2006,456,109.9348,-62.3107
60,2006,464,110.0982,-62.4309
60,2006,472,110.2445,-62.5055
60,2006,480,110.6865,-62.6105
60,2006,488,110.7951,-62.6183
60,2006,496,110.8905,-62.6119
60,2006,504,110.9966,-62.5926
60,2006,512,111.2034,-62.5253
60,2006,520,111.2348,-62.5117
60,2006,528,111.3487,-62.4468
60,2006,536,111.4817,-62.3428
60,2006,544,112.0243,-61.7978
60,2006,552,112.4297,-61.4545
60,2006,560,112.5970,-61.3371
60,2006,568,113.2402,-60.9775
60,2006,576,114.3006,-60.8821
60,2006,584,114.3455,-60.8893
60,2006,592,114.4945,-60.9094
60,2006,600,114.7670,-60.9153
60,2006,608,115.0136,-60.9008
60,2006,616,115.0841,-60.8941
60,2006,624,115.2804,-60.8543
60,2006,632,115.3369,-60.8367
60,2006,640,115.6880,-60.6733
60,2006,648,115.7229,-60.6546
60,2006,656,116.0710,-60.4369
60,2006,664,117.0066,-60.0203
60,2006,672,117.1786,-59.9937
60,2006,680,117.5949,-59.9377
60,2006,688,118.0501,-59.9202
60,2006,696,118.2341,-59.9207
60,2006,704,118.3251,-59.9181
60,2006,712,118.3832,-59.9129
60,2006,720,118.4479,-59.9007
60,2006,728,118.7850,-59.7474
60,2006,736,119.6993,-59.3180
60,2006,744,119.7932,-59.2940
60,2006,752,120.0779,-59.2148
60,2006,760,120.1680,-59.1874
60,2006,768,120.5032,-59.0726
60,2006,776,120.6373,-59.0257
60,2006,784,120.7296,-58.9905
60,2006,792,120.8018,-58.9610
60,2006,800,120.8378,-58.9444
60,2006,808,121.0765,-58.7930
60,2006,816,121.4965,-58.4476
60,2006,824,121.6119,-58.3475
60,2006,832,122.0611,-57.9597
60,2006,840,122.1431,-57.8924
60,2006,848,122.2358,-57.8146
60,2006,856,122.4288,-57.6408
60,2006,864,122.5837,-57.4964
60,2006,872,122.8185,-57.2662
60,2006,880,123.6456,-56.5397
60,2006,888,123.9548,-56.3452
60,2006,896,124.2775,-56.1572
60,2006,904,125.2774,-55.7152
60,2006,912,126.4457,-55.6651
60,2006,920,126.6146,-55.6942
60,2006,928,127.3909,-55.8942
60,2006,936,128.1107,-56.3143
60,2006,944,128.1820,-56.3693
60,2006,952,128.5395,-56.6429
60,2006,960,129.5651,-57.6064
60,2006,968,131.6381,-60.1686
60,2006,976,132.0615,-60.6745
60,2006,984,132.2247,-60.8550
60,2006,992,132.7975,-61.3652
60,2006,1000,134.0390,-62.2323
60,2006,1008,136.7925,-63.6227
60,2006,1016,136.8442,-63.6418
60,2006,1024,137.0793,-63.7059
60,2006,1032,137.9160,-63.7858
60,2006,1040,139.6543,-63.9362
60,2006,1048,143.0722,-64.3447
60,2006,1056,150.7678,-64.6593
60,2006,1064,159.5322,-64.6106
60,2006,1072,168.2967,-64.5747
60,2006,1080,175.6574,-64.5612
60,2006,1088,181.6142,-64.5575
60,2006,1096,187.5711,-64.5635
60,2006,1104,193.5280,-64.5646
60,2006,1112,198.2859,-64.5611
60,2006,1120,201.2007,-64.5612
60,2006,1128,203.0544,-64.5589
60,2006,1136,204.8099,-64.5574
60,2006,1144,206.5654,-64.5605
60,2006,1152,208.3210,-64.5603
60,2006,1160,211.1853,-64.5609
60,2006,1168,233.7977,-64.5610
60,2006,1176,265.4138,-64.5610
60,2006,1184,297.0300,-64.5611
60,2007,0,0.0000,-65.0000
60,2007,8,0.0699,-64.9855
60,2007,16,0.6811,-64.9173
60,2007,24,5.5147,-64.6276
60,2007,32,14.0905,-64.5433
60,2007,40,22.6664,-64.5540
60,2007,48,36.8228,-64.5609
60,2007,56,100.0000,-64.5618
60,2007,64,100.0232,-64.5554
60,2007,72,100.0971,-64.4382
60,2007,80,100.1663,-64.2125
60,2007,88,100.2117,-64.0062
60,2007,96,100.4042,-62.7494
60,2007,104,100.5330,-61.6799
60,2007,112,100.6077,-61.0066
60,2007,120,100.9516,-57.7168
60,2007,128,101.5423,-51.9596
60,2007,136,101.6004,-51.3180
60,2007,144,101.7423,-49.5270
60,2007,152,101.8055,-48.5616
60,2007,160,101.8499,-47.7839
60,2007,168,101.9568,-45.3904
60,2007,176,102.0284,-43.0959
60,2007,184,102.0706,-41.3244
60,2007,192,102.1830,-34.2719
60,2007,200,102.3101,-22.6719
60,2007,208,102.4461,-10.5460
60,2007,216,102.5071,-5.7607
60,2007,224,102.6801,5.3752
60,2007,232,102.7490,8.7845
60,2007,240,102.8646,13.2353
60,2007,248,103.1137,18.2888
60,2007,256,103.2579,19.0425
60,2007,264,103.4412,18.3631
60,2007,272,103.9121,11.2618
60,2007,280,104.0246,8.8660
60,2007,288,104.1076,6.9961
60,2007,296,104.5054,-2.6608
60,2007,304,105.1040,-17.2721
60,2007,312,105.1580,-18.5076
60,2007,320,105.4186,-24.1633
60,2007,328,105.8900,-32.9682
60,2007,336,106.1230,-36.6768
60,2007,344,106.2495,-38.5442
60,2007,352,106.3647,-40.1702
60,2007,360,106.4912,-41.8820
60,2007,368,106.6640,-44.1123
60,2007,376,107.2003,-50.3339
60,2007,384,107.8489,-56.0531
60,2007,392,107.9329,-56.6237
60,2007,400,108.0320,-57.2438
60,2007,408,108.3703,-58.9835
60,2007,416,108.5265,-59.6183
60,2007,424,108.6974,-60.2087
60,2007,432,109.0031,-61.0301
60,2007,440,109.1493,-61.3359
60,2007,448,109.5112,-61.8863
60,2007,456,109.9348,-62.3107
60,2007,464,110.0982,-62.4309
60,2007,472,110.2445,-62.5055
60,2007,480,110.6865,-62.6105
60,2007,488,110.7951,-62.6183
60,2007,496,110.8905,-62.6119
60,2007,504,110.9966,-62.5926
60,2007,512,111.2034,-62.5253
60,2007,520,111.2348,-62.5117
60,2007,528,111.3487,-62.4468
60,2007,536,111.4817,-62.3428
60,2007,544,112.0243,-61.7978
60,2007,552,112.4297,-61.4545
60,2007,560,112.5970,-61.3371
60,2007,568,113.2402,-60.9775
60,2007,576,114.3006,-60.8821
60,2007,584,114.3455,-60.8893
60,2007,592,114.4945,-60.9094
60,2007,600,114.7670,-60.9153
60,2007,608,115.0136,-60.9008
60,2007,616,115.0841,-60.8941
60,2007,624,115.2804,-60.8543
60,2007,632,115.3369,-60.8367
60,2007,640,115.6880,-60.6733
60,2007,648,115.7229,-60.6546
60,2007,656,116.0710,-60.4369
60,2007,664,117.0066,-60.0203
60,2007,672,117.1786,-59.9937
60,2007,680,117.5949,-59.9377
60,2007,688,118.0501,-59.9202
60,2007,696,118.2341,-59.9207
60,2007,704,118.3251,-59.9181
60,2007,712,118.3832,-59.9129
60,2007,720,118.4479,-59.9007
60,2007,728,118.7850,-59.7474
60,2007,736,119.6993,-59.3180
60,2007,744,119.7932,-59.2940
60,2007,752,120.0779,-59.2148
60,2007,760,120.1680,-59.1874
60,2007,768,120.5032,-59.0726
60,2007,776,120.6373,-59.0257
60,2007,784,120.7296,-58.9905
60,2007,792,120.8018,-58.9610
60,2007,800,120.8378,-58.9444
60,2007,808,121.0765,-58.7930
60,2007,816,121.4965,-58.4476
60,2007,824,121.6119,-58.3475
60,2007,832,122.0611,-57.9597
60,2007,840,122.1431,-57.8924
60,2007,848,122.2358,-57.8146
60,2007,856,122.4288,-57.6408
60,2007,864,122.5837,-57.4964
60,2007,872,122.8185,-57.2662
60,2007,880,123.6456,-56.5397
60,2007,888,123.9548,-56.3452
60,2007,896,124.2775,-56.1572
60,2007,904,125.2774,-55.7152
60,2007,912,126.4457,-55.6651
60,2007,920,126.6146,-55.6942
60,2007,928,127.3909,-55.8942
60,2007,936,128.1107,-56.3143
60,2007,944,128.1820,-56.3693
60,2007,952,128.5395,-56.6429
60,2007,960,129.5651,-57.6064
60,2007,968,131.6381,-60.1686
60,2007,976,132.0615,-60.6745
60,2007,984,132.2247,-60.8550
60,2007,992,132.7975,-61.3652
60,2007,1000,134.0390,-62.2323
60,2007,1008,136.7925,-63.6227
60,2007,1016,136.8442,-63.6418
60,2007,1024,137.0793,-63.7059
60,2007,1032,137.9160,-63.7858
60,2007,1040,139.6543,-63.9362
60,2007,1048,143.0722,-64.3447
60,2007,1056,150.7678,-64.6593
60,2007,1064,159.5322,-64.6106
60,2007,1072,168.2967,-64.5747
60,2007,1080,175.6574,-64.5612
60,2007,1088,181.6142,-64.5575
60,2007,1096,187.5711,-64.5635
60,2007,1104,193.5280,-64.5646
60,2007,1112,198.2859,-64.5611
60,2007,1120,201.2007,-64.5612
60,2007,1128,203.0544,-64.5589
60,2007,1136,204.8099,-64.5574
60,2007,1144,206.5654,-64.5605
60,2007,1152,208.3210,-64.5603
60,2007,1160,211.1853,-64.5609
60,2007,1168,233.7977,-64.5610
60,2007,1176,265.4138,-64.5610
60,2007,1184,297.0300,-64.5611
60,2008,0,0.0000,-65.0000
60,2008,8,0.0699,-64.9855
60,2008,16,0.6811,-64.9173
60,2008,24,5.5147,-64.6276
60,2008,32,14.0905,-64.5433
60,2008,40,22.6664,-64.5540
60,2008,48,36.8228,-64.5609
60,2008,56,100.0000,-64.5618
60,2008,64,100.0232,-64.5554
60,2008,72,100.0971,-64.4382
60,2008,80,100.1663,-64.2125
60,2008,88,100.2117,-64.0062
60,2008,96,100.4042,-62.7494
60,2008,104,100.5330,-61.6799
60,2008,112,100.6077,-61.0066
60,2008,120,100.9516,-57.7168
60,2008,128,101.5423,-51.9596
60,2008,136,101.6004,-51.3180
60,2008,144,101.7423,-49.5270
60,2008,152,101.8055,-48.5616
60,2008,160,101.8499,-47.7839
60,2008,168,101.9568,-45.3904
60,2008,176,102.0284,-43.0959
60,2008,184,102.0706,-41.3244
60,2008,192,102.1830,-34.2719
60,2008,200,102.3101,-22.6719
60,2008,208,102.4461,-10.5460
60,2008,216,102.5071,-5.7607
60,2008,224,102.6801,5.3752
60,2008,232,102.7490,8.7845
60,2008,240,102.8646,13.2353
60,2008,248,103.1137,18.2888
60,2008,256,103.2579,19.0425
60,2008,264,103.4412,18.3631
60,2008,272,103.9121,11.2618
60,2008,280,104.0246,8.8660
60,2008,288,104.1076,6.9961
60,2008,296,104.5054,-2.6608
60,2008,304,105.1040,-17.2721
60,2008,312,105.1580,-18.5076
60,2008,320,105.4186,-24.1633
60,2008,328,105.8900,-32.9682
60,2008,336,106.1230,-36.6768
60,2008,344,106.2495,-38.5442
60,2008,352,106.3647,-40.1702
60,2008,360,106.4912,-41.8820
60,2008,368,106.6640,-44.1123
60,2008,376,107.2003,-50.3339
60,2008,384,107.8489,-56.0531
60,2008,392,107.9329,-56.6237
60,2008,400,108.0320,-57.2438
60,2008,408,108.3703,-58.9835
60,2008,416,108.5265,-59.6183
60,2008,424,108.6974,-60.2087
60,2008,432,109.0031,-61.0301
60,2008,440,109.1493,-61.3359
60,2008,448,109.5112,-61.8863
60,2008,456,109.9348,-62.3107
60,2008,464,110.0982,-62.4309
60,2008,472,110.2445,-62.5055
60,2008,480,110.6865,-62.6105
60,2008,488,110.7951,-62.6183
60,2008,496,110.8905,-62.6119
60,2008,504,110.9966,-62.5926
60,2008,512,111.2034,-62.5253
60,2008,520,111.2348,-62.5117
60,2008,528,111.3487,-62.4468
60,2008,536,111.4817,-62.3428
60,2008,544,112.0243,-61.7978
60,2008,552,112.4297,-61.4545
60,2008,560,112.5970,-61.3371
60,2008,568,113.2402,-60.9775
60,2008,576,114.3006,-60.8821
60,2008,584,114.3455,-60.8893
60,2008,592,114.4945,-60.9094
60,2008,600,114.7670,-60.9153
60,2008,608,115.0136,-60.9008
60,2008,616,115.0841,-60.8941
60,2008,624,115.2804,-60.8543
60,2008,632,115.3369,-60.8367
60,2008,640,115.6880,-60.6733
60,2008,648,115.7229,-60.6546
60,2008,656,116.0710,-60.4369
60,2008,664,117.0066,-60.0203
60,2008,672,117.1786,-59.9937
60,2008,680,117.5949,-59.9377
60,2008,688,118.0501,-59.9202
60,2008,696,118.2341,-59.9207
60,2008,704,118.3251,-59.9181
60,2008,712,118.3832,-59.9129
60,2008,720,118.4479,-59.9007
60,2008,728,118.7850,-59.7474
60,2008,736,119.6993,-59.3180
60,2008,744,119.7932,-59.2940
60,2008,752,120.0779,-59.2148
60,2008,760,120.1680,-59.1874
60,2008,768,120.5032,-59.0726
60,2008,776,120.6373,-59.0257
60,2008,784,120.7296,-58.9905
60,2008,792,120.8018,-58.9610
60,2008,800,120.8378,-58.9444
60,2008,808,121.0765,-58.7930
60,2008,816,121.4965,-58.4476
60,2008,824,121.6119,-58.3475
60,2008,832,122.0611,-57.9597
60,2008,840,122.1431,-57.8924
60,2008,848,122.2358,-57.8146
60,2008,856,122.4288,-57.6408
60,2008,864,122.5837,-57.4964
60,2008,872,122.8185,-57.2662
60,2008,880,123.6456,-56.5397
60,2008,888,123.9548,-56.3452
60,2008,896,124.2775,-56.1572
60,2008,904,125.2774,-55.7152
60,2008,912,126.4457,-55.6651
60,2008,920,126.6146,-55.6942
60,2008,928,127.3909,-55.8942
60,2008,936,128.1107,-56.3143
60,2008,944,128.1820,-56.3693
60,2008,952,128.5395,-56.6429
60,2008,960,129.5651,-57.6064
60,2008,968,131.6381,-60.1686
60,2008,976,132.0615,-60.6745
60,2008,984,132.2247,-60.8550
60,2008,992,132.7975,-61.3652
60,2008,1000,134.0390,-62.2323
60,2008,1008,136.7925,-63.6227
60,2008,1016,136.8442,-63.6418
60,2008,1024,137.0793,-63.7059
60,2008,1032,137.9160,-63.7858
60,2008,1040,139.6543,-63.9362
60,2008,1048,143.0722,-64.3447
60,2008,1056,150.7678,-64.6593
60,2008,1064,159.5322,-64.6106
60,2008,1072,168.2967,-64.5747
60,2008,1080,175.6574,-64.5612
60,2008,1088,181.6142,-64.5575
60,2008,1096,187.5711,-64.5635
60,2008,1104,193.5280,-64.5646
60,2008,1112,198.2859,-64.5611
60,2008,1120,201.2007,-64.5612
60,2008,1128,203.0544,-64.5589
60,2008,1136,204.8099,-64.5574
60,2008,1144,206.5654,-64.5605
60,2008,1152,208.3210,-64.5603
60,2008,1160,211.1853,-64.5609
60,2008,1168,233.7977,-64.5610
60,2008,1176,265.4138,-64.5610
60,2008,1184,297.0300,-64.5611
60,2009,0,0.0000,-65.0000
60,2009,8,0.0699,-64.9855
60,2009,16,0.6811,-64.9173
60,2009,24,5.5147,-64.6276
60,2009,32,14.0905,-64.5433
60,2009,40,22.6664,-64.5540
60,2009,48,36.8228,-64.5609
60,2009,56,100.0000,-64.5618
60,2009,64,100.0232,-64.5554
60,2009,72,100.0971,-64.4382
60,2009,80,100.1663,-64.2125
60,2009,88,100.2117,-64.0062
60,2009,96,100.4042,-62.7494
60,2009,104,100.5330,-61.6799
60,2009,112,100.6077,-61.0066
60,2009,120,100.9516,-57.7168
60,2009,128,101.5423,-51.9596
60,2009,136,101.6004,-51.3180
60,2009,144,101.7423,-49.5270
60,2009,152,101.8055,-48.5616
60,2009,160,101.8499,-47.7839
60,2009,168,101.9568,-45.3904
60,2009,176,102.0284,-43.0959
60,2009,184,102.0706,-41.3244
60,2009,192,102.1830,-34.2719
60,2009,200,102.3101,-22.6719
60,2009,208,102.4461,-10.5460
60,2009,216,102.5071,-5.7607
60,2009,224,102.6801,5.3752
60,2009,232,102.7490,8.7845
60,2009,240,102.8646,13.2353
60,2009,248,103.1137,18.2888
60,2009,256,103.2579,19.0425
60,2009,264,103.4412,18.3631
60,2009,272,103.9121,11.2618
60,2009,280,104.0246,8.8660
60,2009,288,104.1076,6.9961
60,2009,296,104.5054,-2.6608
60,2009,304,105.1040,-17.2721
60,2009,312,105.1580,-18.5076
60,2009,320,105.4186,-24.1633
60,2009,328,105.8900,-32.9682
60,2009,336,106.1230,-36.6768
60,2009,344,106.2495,-38.5442
60,2009,352,106.3647,-40.1702
60,2009,360,106.4912,-41.8820
60,2009,368,106.6640,-44.1123
60,2009,376,107.2003,-50.3339
60,2009,384,107.8489,-56.0531
60,2009,392,107.9329,-56.6237
60,2009,400,108.0320,-57.2438
60,2009,408,108.3703,-58.9835
60,2009,416,108.5265,-59.6183
60,2009,424,108.6974,-60.2087
60,2009,432,109.0031,-61.0301
60,2009,440,109.1493,-61.3359
60,2009,448,109.5112,-61.8863
60,2009,456,109.9348,-62.3107
60,2009,464,110.0982,-62.4309
60,2009,472,110.2445,-62.5055
60,2009,480,110.6865,-62.6105
60,2009,488,110.7951,-62.6183
60,2009,496,110.8905,-62.6119
60,2009,504,110.9966,-62.5926
60,2009,512,111.2034,-62.5253
60,2009,520,111.2348,-62.5117
60,2009,528,111.3487,-62.4468
60,2009,536,111.4817,-62.3428
60,2009,544,112.0243,-61.7978
60,2009,552,112.4297,-61.4545
60,2009,560,112.5970,-61.3371
60,2009,568,113.2402,-60.9775
60,2009,576,114.3006,-60.8821
60,2009,584,114.3455,-60.8893
60,2009,592,114.4945,-60.9094
60,2009,600,114.7670,-60.9153
60,2009,608,115.0136,-60.9008
60,2009,616,115.0841,-60.8941
60,2009,624,115.2804,-60.8543
60,2009,632,115.3369,-60.8367
60,2009,640,115.6880,-60.6733
60,2009,648,115.7229,-60.6546
60,2009,656,116.0710,-60.4369
60,2009,664,117.0066,-60.0203
60,2009,672,117.1786,-59.9937
60,2009,680,117.5949,-59.9377
60,2009,688,118.0501,-59.9202
60,2009,696,118.2341,-59.9207
60,2009,704,118.3251,-59.9181
60,2009,712,118.3832,-59.9129
60,2009,720,118.4479,-59.9007
60,2009,728,118.7850,-59.7474
60,2009,736,119.6993,-59.3180
60,2009,744,119.7932,-59.2940
60,2009,752,120.0779,-59.2148
60,2009,760,120.1680,-59.1874
60,2009,768,120.5032,-59.0726
60,2009,776,120.6373,-59.0257
60,2009,784,120.7296,-58.9905
60,2009,792,120.8018,-58.9610
60,2009,800,120.8378,-58.9444
60,2009,808,121.0765,-58.7930
60,2009,816,121.4965,-58.4476
60,2009,824,121.6119,-58.3475
60,2009,832,122.0611,-57.9597
60,2009,840,122.1431,-57.8924
60,2009,848,122.2358,-57.8146
60,2009,856,122.4288,-57.6408
60,2009,864,122.5837,-57.4964
60,2009,872,122.8185,-57.2662
60,2009,880,123.6456,-56.5397
60,2009,888,123.9548,-56.3452
60,2009,896,124.2775,-56.1572
60,2009,904,125.2774,-55.7152
60,2009,912,126.4457,-55.6651
60,2009,920,126.6146,-55.6942
60,2009,928,127.3909,-55.8942
60,2009,936,128.1107,-56.3143
60,2009,944,128.1820,-56.3693
60,2009,952,128.5395,-56.6429
60,2009,960,129.5651,-57.6064
60,2009,968,131.6381,-60.1686
60,2009,976,132.0615,-60.6745
60,2009,984,132.2247,-60.8550
60,2009,992,132.7975,-61.3652
60,2009,1000,134.0390,-62.2323
60,2009,1008,136.7925,-63.6227
60,2009,1016,136.8442,-63.6418
60,2009,1024,137.0793,-63.7059
60,2009,1032,137.9160,-63.7858
60,2009,1040,139.6543,-63.9362
60,2009,1048,143.0722,-64.3447
60,2009,1056,150.7678,-64.6593
60,2009,1064,159.5322,-64.6106
60,2009,1072,168.2967,-64.5747
60,2009,1080,175.6574,-64.5612
60,2009,1088,181.6142,-64.5575
60,2009,1096,187.5711,-64.5635
60,2009,1104,193.5280,-64.5646
60,2009,1112,198.2859,-64.5611
60,2009,1120,201.2007,-64.5612
60,2009,1128,203.0544,-64.5589
60,2009,1136,204.8099,-64.5574
60,2009,1144,206.5654,-64.5605
60,2009,1152,208.3210,-64.5603
60,2009,1160,211.1853,-64.5609
60,2009,1168,233.7977,-64.5610
60,2009,1176,265.4138,-64.5610
60,2009,1184,297.0300,-64.5611
60,2010,0,0.0000,-65.0000
60,2010,8,0.0699,-64.9855
60,2010,16,0.6811,-64.9173
60,2010,24,5.5147,-64.6276
60,2010,32,14.0905,-64.5433
60,2010,40,22.6664,-64.5540
60,2010,48,36.8228,-64.5609
60,2010,56,100.0000,-64.5618
60,2010,64,100.0232,-64.5554
60,2010,72,100.0971,-64.4382
60,2010,80,100.1663,-64.2125
60,2010,88,100.2117,-64.0062
60,2010,96,100.4042,-62.7494
60,2010,104,100.5330,-61.6799
60,2010,112,100.6077,-61.0066
60,2010,120,100.9516,-57.7168
60,2010,128,101.5423,-51.9596
60,2010,136,101.6004,-51.3180
60,2010,144,101.7423,-49.5270
60,2010,152,101.8055,-48.5616
60,2010,160,101.8499,-47.7839
60,2010,168,101.9568,-45.3904
60,2010,176,102.0284,-43.0959
60,2010,184,102.0706,-41.3244
60,2010,192,102.1830,-34.2719
60,2010,200,102.3101,-22.6719
60,2010,208,102.4461,-10.5460
60,2010,216,102.5071,-5.7607
60,2010,224,102.6801,5.3752
60,2010,232,102.7490,8.7845
60,2010,240,102.8646,13.2353
60,2010,248,103.1137,18.2888
60,2010,256,103.2579,19.0425
60,2010,264,103.4412,18.3631
60,2010,272,103.9121,11.2618
60,2010,280,104.0246,8.8660
60,2010,288,104.1076,6.9961
60,2010,296,104.5054,-2.6608
60,2010,304,105.1040,-17.2721
60,2010,312,105.1580,-18.5076
60,2010,320,105.4186,-24.1633
60,2010,328,105.8900,-32.9682
60,2010,336,106.1230,-36.6768
60,2010,344,106.2495,-38.5442
60,2010,352,106.3647,-40.1702
60,2010,360,106.4912,-41.8820
60,2010,368,106.6640,-44.1123
60,2010,376,107.2003,-50.3339
60,2010,384,107.8489,-56.0531
60,2010,392,107.9329,-56.6237
60,2010,400,108.0320,-57.2438
60,2010,408,108.3703,-58.9835
60,2010,416,108.5265,-59.6183
60,2010,424,108.6974,-60.2087
60,2010,432,109.0031,-61.0301
60,2010,440,109.1493,-61.3359
60,2010,448,109.5112,-61.8863
60,2010,456,109.9348,-62.3107
60,2010,464,110.0982,-62.4309
60,2010,472,110.2445,-62.5055
60,2010,480,110.6865,-62.6105
60,2010,488,110.7951,-62.6183
60,2010,496,110.8905,-62.6119
60,2010,504,110.9966,-62.5926
60,2010,512,111.2034,-62.5253
60,2010,520,111.2348,-62.5117
60,2010,528,111.3487,-62.4468
60,2010,536,111.4817,-62.3428
60,2010,544,112.0243,-61.7978
60,2010,552,112.4297,-61.4545
60,2010,560,112.5970,-61.3371
60,2010,568,113.2402,-60.9775
60,2010,576,114.3006,-60.8821
60,2010,584,114.3455,-60.8893
60,2010,592,114.4945,-60.9094
60,2010,600,114.7670,-60.9153
60,2010,608,115.0136,-60.9008
60,2010,616,115.0841,-60.8941
60,2010,624,115.2804,-60.8543
60,2010,632,115.3369,-60.8367
60,2010,640,115.6880,-60.6733
60,2010,648,115.7229,-60.6546
60,2010,656,116.0710,-60.4369
60,2010,664,117.0066,-60.0203
60,2010,672,117.1786,-59.9937
60,2010,680,117.5949,-59.9377
60,2010,688,118.0501,-59.9202
60,2010,696,118.2341,-59.9207
60,2010,704,118.3251,-59.9181
60,2010,712,118.3832,-59.9129
60,2010,720,118.4479,-59.9007
60,2010,728,118.7850,-59.7474
60,2010,736,119.6993,-59.3180
60,2010,744,119.7932,-59.2940
60,2010,752,120.0779,-59.2148
60,2010,760,120.1680,-59.1874
60,2010,768,120.5032,-59.0726
60,2010,776,120.6373,-59.0257
60,2010,784,120.7296,-58.9905
60,2010,792,120.8018,-58.9610
60,2010,800,120.8378,-58.9444
60,2010,808,121.0765,-58.7930
60,2010,816,121.4965,-58.4476
60,2010,824,121.6119,-58.3475
60,2010,832,122.0611,-57.9597
60,2010,840,122.1431,-57.8924
60,2010,848,122.2358,-57.8146
60,2010,856,122.4288,-57.6408
60,2010,864,122.5837,-57.4964
60,2010,872,122.8185,-57.2662
60,2010,880,123.6456,-56.5397
60,2010,888,123.9548,-56.3452
60,2010,896,124.2775,-56.1572
60,2010,904,125.2774,-55.7152
60,2010,912,126.4457,-55.6651
60,2010,920,126.6146,-55.6942
60,2010,928,127.3909,-55.8942
60,2010,936,128.1107,-56.3143
60,2010,944,128.1820,-56.3693
60,2010,952,128.5395,-56.6429
60,2010,960,129.5651,-57.6064
60,2010,968,131.6381,-60.1686
60,2010,976,132.0615,-60.6745
60,2010,984,132.2247,-60.8550
60,2010,992,132.7975,-61.3652
60,2010,1000,134.0390,-62.2323
60,2010,1008,136.7925,-63.6227
60,2010,1016,136.8442,-63.6418
60,2010,1024,137.0793,-63.7059
60,2010,1032,137.9160,-63.7858
60,2010,1040,139.6543,-63.9362
60,2010,1048,143.0722,-64.3447
60,2010,1056,150.7678,-64.6593
60,2010,1064,159.5322,-64.6106
60,2010,1072,168.2967,-64.5747
60,2010,1080,175.6574,-64.5612
60,2010,1088,181.6142,-64.5575
60,2010,1096,187.5711,-64.5635
60,2010,1104,193.5280,-64.5646
60,2010,1112,198.2859,-64.5611
60,2010,1120,201.2007,-64.5612
60,2010,1128,203.0544,-64.5589
60,2010,1136,204.8099,-64.5574
60,2010,1144,206.5654,-64.5605
60,2010,1152,208.3210,-64.5603
60,2010,1160,211.1853,-64.5609
60,2010,1168,233.7977,-64.5610
60,2010,1176,265.4138,-64.5610
60,2010,1184,297.0300,-64.5611
90,3001,0,0.0000,-65.0000
90,3001,8,0.0699,-64.9855
90,3001,16,0.6811,-64.9173
90,3001,24,5.5147,-64.6276
90,3001,32,14.0905,-64.5433
90,3001,40,22.6664,-64.5540
90,3001,48,36.8228,-64.5609
90,3001,56,100.0000,-64.5618
90,3001,64,100.0317,-64.5441
90,3001,72,100.1450,-64.2171
90,3001,80,100.1595,-64.1476
90,3001,88,100.2873,-63.3058
90,3001,96,100.3151,-63.0767
90,3001,104,100.3649,-62.6300
90,3001,112,100.5251,-60.9748
90,3001,120,100.5670,-60.5001
90,3001,128,100.6169,-59.9184
90,3001,136,100.8931,-56.5428
90,3001,144,101.4618,-48.9671
90,3001,152,101.8615,-35.7374
90,3001,160,102.0506,-18.6523
90,3001,168,102.1339,-11.2151
90,3001,176,102.2501,-2.1992
90,3001,184,102.4450,9.0996
90,3001,192,102.4715,10.2673
90,3001,200,102.6532,16.1276
90,3001,208,102.9892,19.4096
90,3001,216,103.6104,11.6551
90,3001,224,104.1850,-1.7421
90,3001,232,104.3633,-6.1914
90,3001,240,104.5828,-11.6058
90,3001,248,104.6475,-13.1699
90,3001,256,104.7945,-16.6375
90,3001,264,104.9861,-20.9430
90,3001,272,105.2999,-27.3689
90,3001,280,105.5913,-32.5845
90,3001,288,106.2199,-41.8755
90,3001,296,106.5801,-46.4602
90,3001,304,106.7677,-48.6823
90,3001,312,107.3150,-54.2407
90,3001,320,107.3600,-54.6243
90,3001,328,107.4193,-55.1075
90,3001,336,107.6501,-56.7704
90,3001,344,107.7966,-57.6560
90,3001,352,108.1202,-59.2263
90,3001,360,108.2650,-59.7837
90,3001,368,108.3155,-59.9580
90,3001,376,108.4466,-60.3638
90,3001,384,108.5751,-60.6985
90,3001,392,108.7221,-61.0079
90,3001,400,108.8248,-61.1839
90,3001,408,109.1609,-61.5720
90,3001,416,109.4544,-61.7767
90,3001,424,109.7797,-61.9172
90,3001,432,110.0766,-61.9926
90,3001,440,110.3650,-62.0239
90,3001,448,110.4866,-62.0216
90,3001,456,111.1691,-61.9295
90,3001,464,111.3136,-61.9176
90,3001,472,111.7821,-61.8595
90,3001,480,112.4900,-61.8439
90,3001,488,112.5828,-61.8507
90,3001,496,112.7456,-61.8555
90,3001,504,112.9035,-61.8524
90,3001,512,113.1264,-61.8311
90,3001,520,113.2533,-61.8124
90,3001,528,113.7118,-61.7042
90,3001,536,114.4750,-61.5928
90,3001,544,114.6364,-61.5852
90,3001,552,115.3282,-61.5428
90,3001,560,115.5314,-61.5488
90,3001,568,115.5753,-61.5495
90,3001,576,115.8100,-61.5162
90,3001,584,115.8467,-61.5069
90,3001,592,116.1600,-61.3851
90,3001,600,116.2041,-61.3642
90,3001,608,116.5723,-61.1539
90,3001,616,116.8770,-60.9883
90,3001,624,117.2247,-60.8045
90,3001,632,118.3532,-60.4755
90,3001,640,118.5787,-60.4780
90,3001,648,118.9600,-60.4793
90,3001,656,119.0044,-60.4788
90,3001,664,119.3341,-60.4513
90,3001,672,119.9750,-60.4101
90,3001,680,120.1186,-60.4056
90,3001,688,120.6150,-60.3767
90,3001,696,120.6638,-60.3753
90,3001,704,120.7183,-60.3725
90,3001,712,120.9945,-60.3143
90,3001,720,121.3024,-60.2229
90,3001,728,121.5923,-60.1220
90,3001,736,122.5860,-59.8729
90,3001,744,122.7647,-59.8678
90,3001,752,123.1762,-59.8490
90,3001,760,124.2050,-59.9501
90,3001,768,124.2841,-59.9677
90,3001,776,124.7200,-60.0389
90,3001,784,124.7840,-60.0485
90,3001,792,125.2631,-60.0799
90,3001,800,126.4905,-60.3023
90,3001,808,127.5914,-60.7935
90,3001,816,127.6603,-60.8293
90,3001,824,127.8247,-60.8962
90,3001,832,128.4137,-60.9982
90,3001,840,129.7342,-61.2722
90,3001,848,130.7895,-61.6839
90,3001,856,130.9042,-61.7322
90,3001,864,131.4377,-61.8865
90,3001,872,132.7390,-62.2390
90,3001,880,133.4202,-62.4679
90,3001,888,133.5656,-62.5141
90,3001,896,134.0557,-62.6030
90,3001,904,135.2226,-62.7744
90,3001,912,135.9447,-62.9282
90,3001,920,136.0724,-62.9553
90,3001,928,136.5307,-62.9938
90,3001,936,137.6441,-63.0477
90,3001,944,140.1909,-63.4882
90,3001,952,144.1941,-64.2060
90,3001,960,151.4966,-64.6158
90,3001,968,163.5605,-64.5885
90,3001,976,178.9320,-64.5628
90,3001,984,194.3036,-64.5631
90,3001,992,209.6751,-64.5593
90,3001,1000,238.5009,-64.5591
90,3001,1008,454.4389,-64.5610
90,3002,0,0.0000,-65.0000
90,3002,8,0.0699,-64.9855
90,3002,16,0.6811,-64.9173
90,3002,24,5.5147,-64.6276
90,3002,32,14.0905,-64.5433
90,3002,40,22.6664,-64.5540
90,3002,48,36.8228,-64.5609
90,3002,56,100.0000,-64.5618
90,3002,64,100.0317,-64.5441
90,3002,72,100.1450,-64.2171
90,3002,80,100.1595,-64.1476
90,3002,88,100.2873,-63.3058
90,3002,96,100.3151,-63.0767
90,3002,104,100.3649,-62.6300
90,3002,112,100.5251,-60.9748
90,3002,120,100.5670,-60.5001
90,3002,128,100.6169,-59.9184
90,3002,136,100.8931,-56.5428
90,3002,144,101.4618,-48.9671
90,3002,152,101.8615,-35.7374
90,3002,160,102.0506,-18.6523
90,3002,168,102.1339,-11.2151
90,3002,176,102.2501,-2.1992
90,3002,184,102.4450,9.0996
90,3002,192,102.4715,10.2673
90,3002,200,102.6532,16.1276
90,3002,208,102.9892,19.4096
90,3002,216,103.6104,11.6551
90,3002,224,104.1850,-1.7421
90,3002,232,104.3633,-6.1914
90,3002,240,104.5828,-11.6058
90,3002,248,104.6475,-13.1699
90,3002,256,104.7945,-16.6375
90,3002,264,104.9861,-20.9430
90,3002,272,105.2999,-27.3689
90,3002,280,105.5913,-32.5845
90,3002,288,106.2199,-41.8755
90,3002,296,106.5801,-46.4602
90,3002,304,106.7677,-48.6823
90,3002,312,107.3150,-54.2407
90,3002,320,107.3600,-54.6243
90,3002,328,107.4193,-55.1075
90,3002,336,107.6501,-56.7704
90,3002,344,107.7966,-57.6560
90,3002,352,108.1202,-59.2263
90,3002,360,108.2650,-59.7837
90,3002,368,108.3155,-59.9580
90,3002,376,108.4466,-60.3638
90,3002,384,108.5751,-60.6985
90,3002,392,108.7221,-61.0079
90,3002,400,108.8248,-61.1839
90,3002,408,109.1609,-61.5720
90,3002,416,109.4544,-61.7767
90,3002,424,109.7797,-61.9172
90,3002,432,110.0766,-61.9926
90,3002,440,110.3650,-62.0239
90,3002,448,110.4866,-62.0216
90,3002,456,111.1691,-61.9295
90,3002,464,111.3136,-61.9176
90,3002,472,111.7821,-61.8595
90,3002,480,112.4900,-61.8439
90,3002,488,112.5828,-61.8507
90,3002,496,112.7456,-61.8555
90,3002,504,112.9035,-61.8524
90,3002,512,113.1264,-61.8311
90,3002,520,113.2533,-61.8124
90,3002,528,113.7118,-61.7042
90,3002,536,114.4750,-61.5928
90,3002,544,114.6364,-61.5852
90,3002,552,115.3282,-61.5428
90,3002,560,115.5314,-61.5488
90,3002,568,115.5753,-61.5495
90,3002,576,115.8100,-61.5162
90,3002,584,115.8467,-61.5069
90,3002,592,116.1600,-61.3851
90,3002,600,116.2041,-61.3642
90,3002,608,116.5723,-61.1539
90,3002,616,116.8770,-60.9883
90,3002,624,117.2247,-60.8045
90,3002,632,118.3532,-60.4755
90,3002,640,118.5787,-60.4780
90,3002,648,118.9600,-60.4793
90,3002,656,119.0044,-60.4788
90,3002,664,119.3341,-60.4513
90,3002,672,119.9750,-60.4101
90,3002,680,120.1186,-60.4056
90,3002,688,120.6150,-60.3767
90,3002,696,120.6638,-60.3753
90,3002,704,120.7183,-60.3725
90,3002,712,120.9945,-60.3143
90,3002,720,121.3024,-60.2229
90,3002,728,121.5923,-60.1220
90,3002,736,122.5860,-59.8729
90,3002,744,122.7647,-59.8678
90,3002,752,123.1762,-59.8490
90,3002,760,124.2050,-59.9501
90,3002,768,124.2841,-59.9677
90,3002,776,124.7200,-60.0389
90,3002,784,124.7840,-60.0485
90,3002,792,125.2631,-60.0799
90,3002,800,126.4905,-60.3023
90,3002,808,127.5914,-60.7935
90,3002,816,127.6603,-60.8293
90,3002,824,127.8247,-60.8962
90,3002,832,128.4137,-60.9982
90,3002,840,129.7342,-61.2722
90,3002,848,130.7895,-61.6839
90,3002,856,130.9042,-61.7322
90,3002,864,131.4377,-61.8865
90,3002,872,132.7390,-62.2390
90,3002,880,133.4202,-62.4679
90,3002,888,133.5656,-62.5141
90,3002,896,134.0557,-62.6030
90,3002,904,135.2226,-62.7744
90,3002,912,135.9447,-62.9282
90,3002,920,136.0724,-62.9553
90,3002,928,136.5307,-62.9938
90,3002,936,137.6441,-63.0477
90,3002,944,140.1909,-63.4882
90,3002,952,144.1941,-64.2060
90,3002,960,151.4966,-64.6158
90,3002,968,163.5605,-64.5885
90,3002,976,178.9320,-64.5628
90,3002,984,194.3036,-64.5631
90,3002,992,209.6751,-64.5593
90,3002,1000,238.5009,-64.5591
90,3002,1008,454.4389,-64.5610
90,3003,0,0.0000,-65.0000
90,3003,8,0.0699,-64.9855
90,3003,16,0.6811,-64.9173
90,3003,24,5.5147,-64.6276
90,3003,32,14.0905,-64.5433
90,3003,40,22.6664,-64.5540
90,3003,48,36.8228,-64.5609
90,3003,56,100.0000,-64.5618
90,3003,64,100.0317,-64.5441
90,3003,72,100.1450,-64.2171
90,3003,80,100.1595,-64.1476
90,3003,88,100.2873,-63.3058
90,3003,96,100.3151,-63.0767
90,3003,104,100.3649,-62.6300
90,3003,112,100.5251,-60.9748
90,3003,120,100.5670,-60.5001
90,3003,128,100.6169,-59.9184
90,3003,136,100.8931,-56.5428
90,3003,144,101.4618,-48.9671
90,3003,152,101.8615,-35.7374
90,3003,160,102.0506,-18.6523
90,3003,168,102.1339,-11.2151
90,3003,176,102.2501,-2.1992
90,3003,184,102.4450,9.0996
90,3003,192,102.4715,10.2673
90,3003,200,102.6532,16.1276
90,3003,208,102.9892,19.4096
90,3003,216,103.6104,11.6551
90,3003,224,104.1850,-1.7421
90,3003,232,104.3633,-6.1914
90,3003,240,104.5828,-11.6058
90,3003,248,104.6475,-13.1699
90,3003,256,104.7945,-16.6375
90,3003,264,104.9861,-20.9430
90,3003,272,105.2999,-27.3689
90,3003,280,105.5913,-32.5845
90,3003,288,106.2199,-41.8755
90,3003,296,106.5801,-46.4602
90,3003,304,106.7677,-48.6823
90,3003,312,107.3150,-54.2407
90,3003,320,107.3600,-54.6243
90,3003,328,107.4193,-55.1075
90,3003,336,107.6501,-56.7704
90,3003,344,107.7966,-57.6560
90,3003,352,108.1202,-59.2263
90,3003,360,108.2650,-59.7837
90,3003,368,108.3155,-59.9580
90,3003,376,108.4466,-60.3638
90,3003,384,108.5751,-60.6985
90,3003,392,108.7221,-61.0079
90,3003,400,108.8248,-61.1839
90,3003,408,109.1609,-61.5720
90,3003,416,109.4544,-61.7767
90,3003,424,109.7797,-61.9172
90,3003,432,110.0766,-61.9926
90,3003,440,110.3650,-62.0239
90,3003,448,110.4866,-62.0216
90,3003,456,111.1691,-61.9295
90,3003,464,111.3136,-61.9176
90,3003,472,111.7821,-61.8595
90,3003,480,112.4900,-61.8439
90,3003,488,112.5828,-61.8507
90,3003,496,112.7456,-61.8555
90,3003,504,112.9035,-61.8524
90,3003,512,113.1264,-61.8311
90,3003,520,113.2533,-61.8124
90,3003,528,113.7118,-61.7042
90,3003,536,114.4750,-61.5928
90,3003,544,114.6364,-61.5852
90,3003,552,115.3282,-61.5428
90,3003,560,115.5314,-61.5488
90,3003,568,115.5753,-61.5495
90,3003,576,115.8100,-61.5162
90,3003,584,115.8467,-61.5069
90,3003,592,116.1600,-61.3851
90,3003,600,116.2041,-61.3642
90,3003,608,116.5723,-61.1539
90,3003,616,116.8770,-60.9883
90,3003,624,117.2247,-60.8045
90,3003,632,118.3532,-60.4755
90,3003,640,118.5787,-60.4780
90,3003,648,118.9600,-60.4793
90,3003,656,119.0044,-60.4788
90,3003,664,119.3341,-60.4513
90,3003,672,119.9750,-60.4101
90,3003,680,120.1186,-60.4056
90,3003,688,120.6150,-60.3767
90,3003,696,120.6638,-60.3753
90,3003,704,120.7183,-60.3725
90,3003,712,120.9945,-60.3143
90,3003,720,121.3024,-60.2229
90,3003,728,121.5923,-60.1220
90,3003,736,122.5860,-59.8729
90,3003,744,122.7647,-59.8678
90,3003,752,123.1762,-59.8490
90,3003,760,124.2050,-59.9501
90,3003,768,124.2841,-59.9677
90,3003,776,124.7200,-60.0389
90,3003,784,124.7840,-60.0485
90,3003,792,125.2631,-60.0799
90,3003,800,126.4905,-60.3023
90,3003,808,127.5914,-60.7935
90,3003,816,127.6603,-60.8293
90,3003,824,127.8247,-60.8962
90,3003,832,128.4137,-60.9982
90,3003,840,129.7342,-61.2722
90,3003,848,130.7895,-61.6839
90,3003,856,130.9042,-61.7322
90,3003,864,131.4377,-61.8865
90,3003,872,132.7390,-62.2390
90,3003,880,133.4202,-62.4679
90,3003,888,133.5656,-62.5141
90,3003,896,134.0557,-62.6030
90,3003,904,135.2226,-62.7744
90,3003,912,135.9447,-62.9282
90,3003,920,136.0724,-62.9553
90,3003,928,136.5307,-62.9938
90,3003,936,137.6441,-63.0477
90,3003,944,140.1909,-63.4882
90,3003,952,144.1941,-64.2060
90,3003,960,151.4966,-64.6158
90,3003,968,163.5605,-64.5885
90,3003,976,178.9320,-64.5628
90,3003,984,194.3036,-64.5631
90,3003,992,209.6751,-64.5593
90,3003,1000,238.5009,-64.5591
90,3003,1008,454.4389,-64.5610
90,3004,0,0.0000,-65.0000
90,3004,8,0.0699,-64.9855
90,3004,16,0.6811,-64.9173
90,3004,24,5.5147,-64.6276
90,3004,32,14.0905,-64.5433
90,3004,40,22.6664,-64.5540
90,3004,48,36.8228,-64.5609
90,3004,56,100.0000,-64.5618
90,3004,64,100.0317,-64.5441
90,3004,72,100.1450,-64.2171
90,3004,80,100.1595,-64.1476
90,3004,88,100.2873,-63.3058
90,3004,96,100.3151,-63.0767
90,3004,104,100.3649,-62.6300
90,3004,112,100.5251,-60.9748
90,3004,120,100.5670,-60.5001
90,3004,128,100.6169,-59.9184
90,3004,136,100.8931,-56.5428
90,3004,144,101.4618,-48.9671
90,3004,152,101.8615,-35.7374
90,3004,160,102.0506,-18.6523
90,3004,168,102.1339,-11.2151
90,3004,176,102.2501,-2.1992
90,3004,184,102.4450,9.0996
90,3004,192,102.4715,10.2673
90,3004,200,102.6532,16.1276
90,3004,208,102.9892,19.4096
90,3004,216,103.6104,11.6551
90,3004,224,104.1850,-1.7421
90,3004,232,104.3633,-6.1914
90,3004,240,104.5828,-11.6058
90,3004,248,104.6475,-13.1699
90,3004,256,104.7945,-16.6375
90,3004,264,104.9861,-20.9430
90,3004,272,105.2999,-27.3689
90,3004,280,105.5913,-32.5845
90,3004,288,106.2199,-41.8755
90,3004,296,106.5801,-46.4602
90,3004,304,106.7677,-48.6823
90,3004,312,107.3150,-54.2407
90,3004,320,107.3600,-54.6243
90,3004,328,107.4193,-55.1075
90,3004,336,107.6501,-56.7704
90,3004,344,107.7966,-57.6560
90,3004,352,108.1202,-59.2263
90,3004,360,108.2650,-59.7837
90,3004,368,108.3155,-59.9580
90,3004,376,108.4466,-60.3638
90,3004,384,108.5751,-60.6985
90,3004,392,108.7221,-61.0079
90,3004,400,108.8248,-61.1839
90,3004,408,109.1609,-61.5720
90,3004,416,109.4544,-61.7767
90,3004,424,109.7797,-61.9172
90,3004,432,110.0766,-61.9926
90,3004,440,110.3650,-62.0239
90,3004,448,110.4866,-62.0216
90,3004,456,111.1691,-61.9295
90,3004,464,111.3136,-61.9176
90,3004,472,111.7821,-61.8595
90,3004,480,112.4900,-61.8439
90,3004,488,112.5828,-61.8507
90,3004,496,112.7456,-61.8555
90,3004,504,112.9035,-61.8524
90,3004,512,113.1264,-61.8311
90,3004,520,113.2533,-61.8124
90,3004,528,113.7118,-61.7042
90,3004,536,114.4750,-61.5928
90,3004,544,114.6364,-61.5852
90,3004,552,115.3282,-61.5428
90,3004,560,115.5314,-61.5488
90,3004,568,115.5753,-61.5495
90,3004,576,115.8100,-61.5162
90,3004,584,115.8467,-61.5069
90,3004,592,116.1600,-61.3851
90,3004,600,116.2041,-61.3642
90,3004,608,116.5723,-61.1539
90,3004,616,116.8770,-60.9883
90,3004,624,117.2247,-60.8045
90,3004,632,118.3532,-60.4755
90,3004,640,118.5787,-60.4780
90,3004,648,118.9600,-60.4793
90,3004,656,119.0044,-60.4788
90,3004,664,119.3341,-60.4513
90,3004,672,119.9750,-60.4101
90,3004,680,120.1186,-60.4056
90,3004,688,120.6150,-60.3767
90,3004,696,120.6638,-60.3753
90,3004,704,120.7183,-60.3725
90,3004,712,120.9945,-60.3143
90,3004,720,121.3024,-60.2229
90,3004,728,121.5923,-60.1220
90,3004,736,122.5860,-59.8729
90,3004,744,122.7647,-59.8678
90,3004,752,123.1762,-59.8490
90,3004,760,124.2050,-59.9501
90,3004,768,124.2841,-59.9677
90,3004,776,124.7200,-60.0389
90,3004,784,124.7840,-60.0485
90,3004,792,125.2631,-60.0799
90,3004,800,126.4905,-60.3023
90,3004,808,127.5914,-60.7935
90,3004,816,127.6603,-60.8293
90,3004,824,127.8247,-60.8962
90,3004,832,128.4137,-60.9982
90,3004,840,129.7342,-61.2722
90,3004,848,130.7895,-61.6839
90,3004,856,130.9042,-61.7322
90,3004,864,131.4377,-61.8865
90,3004,872,132.7390,-62.2390
90,3004,880,133.4202,-62.4679
90,3004,888,133.5656,-62.5141
90,3004,896,134.0557,-62.6030
90,3004,904,135.2226,-62.7744
90,3004,912,135.9447,-62.9282
90,3004,920,136.0724,-62.9553
90,3004,928,136.5307,-62.9938
90,3004,936,137.6441,-63.0477
90,3004,944,140.1909,-63.4882
90,3004,952,144.1941,-64.2060
90,3004,960,151.4966,-64.6158
90,3004,968,163.5605,-64.5885
90,3004,976,178.9320,-64.5628
90,3004,984,194.3036,-64.5631
90,3004,992,209.6751,-64.5593
90,3004,1000,238.5009,-64.5591
90,3004,1008,454.4389,-64.5610
90,3005,0,0.0000,-65.0000
90,3005,8,0.0699,-64.9855
90,3005,16,0.6811,-64.9173
90,3005,24,5.5147,-64.6276
90,3005,32,14.0905,-64.5433
90,3005,40,22.6664,-64.5540
90,3005,48,36.8228,-64.5609
90,3005,56,100.0000,-64.5618
90,3005,64,100.0317,-64.5441
90,3005,72,100.1450,-64.2171
90,3005,80,100.1595,-64.1476
90,3005,88,100.2873,-63.3058
90,3005,96,100.3151,-63.0767
90,3005,104,100.3649,-62.6300
90,3005,112,100.5251,-60.9748
90,3005,120,100.5670,-60.5001
90,3005,128,100.6169,-59.9184
90,3005,136,100.8931,-56.5428
90,3005,144,101.4618,-48.9671
90,3005,152,101.8615,-35.7374
90,3005,160,102.0506,-18.6523
90,3005,168,102.1339,-11.2151
90,3005,176,102.2501,-2.1992
90,3005,184,102.4450,9.0996
90,3005,192,102.4715,10.2673
90,3005,200,102.6532,16.1276
90,3005,208,102.9892,19.4096
90,3005,216,103.6104,11.6551
90,3005,224,104.1850,-1.7421
90,3005,232,104.3633,-6.1914
90,3005,240,104.5828,-11.6058
90,3005,248,104.6475,-13.1699
90,3005,256,104.7945,-16.6375
90,3005,264,104.9861,-20.9430
90,3005,272,105.2999,-27.3689
90,3005,280,105.5913,-32.5845
90,3005,288,106.2199,-41.8755
90,3005,296,106.5801,-46.4602
90,3005,304,106.7677,-48.6823
90,3005,312,107.3150,-54.2407
90,3005,320,107.3600,-54.6243
90,3005,328,107.4193,-55.1075
90,3005,336,107.6501,-56.7704
90,3005,344,107.7966,-57.6560
90,3005,352,108.1202,-59.2263
90,3005,360,108.2650,-59.7837
90,3005,368,108.3155,-59.9580
90,3005,376,108.4466,-60.3638
90,3005,384,108.5751,-60.6985
90,3005,392,108.7221,-61.0079
90,3005,400,108.8248,-61.1839
90,3005,408,109.1609,-61.5720
90,3005,416,109.4544,-61.7767
90,3005,424,109.7797,-61.9172
90,3005,432,110.0766,-61.9926
90,3005,440,110.3650,-62.0239
90,3005,448,110.4866,-62.0216
90,3005,456,111.1691,-61.9295
90,3005,464,111.3136,-61.9176
90,3005,472,111.7821,-61.8595
90,3005,480,112.4900,-61.8439
90,3005,488,112.5828,-61.8507
90,3005,496,112.7456,-61.8555
90,3005,504,112.9035,-61.8524
90,3005,512,113.1264,-61.8311
90,3005,520,113.2533,-61.8124
90,3005,528,113.7118,-61.7042
90,3005,536,114.4750,-61.5928
90,3005,544,114.6364,-61.5852
90,3005,552,115.3282,-61.5428
90,3005,560,115.5314,-61.5488
90,3005,568,115.5753,-61.5495
90,3005,576,115.8100,-61.5162
90,3005,584,115.8467,-61.5069
90,3005,592,116.1600,-61.3851
90,3005,600,116.2041,-61.3642
90,3005,608,116.5723,-61.1539
90,3005,616,116.8770,-60.9883
90,3005,624,117.2247,-60.8045
90,3005,632,118.3532,-60.4755
90,3005,640,118.5787,-60.4780
90,3005,648,118.9600,-60.4793
90,3005,656,119.0044,-60.4788
90,3005,664,119.3341,-60.4513
90,3005,672,119.9750,-60.4101
90,3005,680,120.1186,-60.4056
90,3005,688,120.6150,-60.3767
90,3005,696,120.6638,-60.3753
90,3005,704,120.7183,-60.3725
90,3005,712,120.9945,-60.3143
90,3005,720,121.3024,-60.2229
90,3005,728,121.5923,-60.1220
90,3005,736,122.5860,-59.8729
90,3005,744,122.7647,-59.8678
90,3005,752,123.1762,-59.8490
90,3005,760,124.2050,-59.9501
90,3005,768,124.2841,-59.9677
90,3005,776,124.7200,-60.0389
90,3005,784,124.7840,-60.0485
90,3005,792,125.2631,-60.0799
90,3005,800,126.4905,-60.3023
90,3005,808,127.5914,-60.7935
90,3005,816,127.6603,-60.8293
90,3005,824,127.8247,-60.8962
90,3005,832,128.4137,-60.9982
90,3005,840,129.7342,-61.2722
90,3005,848,130.7895,-61.6839
90,3005,856,130.9042,-61.7322
90,3005,864,131.4377,-61.8865
90,3005,872,132.7390,-62.2390
90,3005,880,133.4202,-62.4679
90,3005,888,133.5656,-62.5141
90,3005,896,134.0557,-62.6030
90,3005,904,135.2226,-62.7744
90,3005,912,135.9447,-62.9282
90,3005,920,136.0724,-62.9553
90,3005,928,136.5307,-62.9938
90,3005,936,137.6441,-63.0477
90,3005,944,140.1909,-63.4882
90,3005,952,144.1941,-64.2060
90,3005,960,151.4966,-64.6158
90,3005,968,163.5605,-64.5885
90,3005,976,178.9320,-64.5628
90,3005,984,194.3036,-64.5631
90,3005,992,209.6751,-64.5593
90,3005,1000,238.5009,-64.5591
90,3005,1008,454.4389,-64.5610
90,3006,0,0.0000,-65.0000
90,3006,8,0.0699,-64.9855
90,3006,16,0.6811,-64.9173
90,3006,24,5.5147,-64.6276
90,3006,32,14.0905,-64.5433
90,3006,40,22.6664,-64.5540
90,3006,48,36.8228,-64.5609
90,3006,56,100.0000,-64.5618
90,3006,64,100.0317,-64.5441
90,3006,72,100.1450,-64.2171
90,3006,80,100.1595,-64.1476
90,3006,88,100.2873,-63.3058
90,3006,96,100.3151,-63.0767
90,3006,104,100.3649,-62.6300
90,3006,112,100.5251,-60.9748
90,3006,120,100.5670,-60.5001
90,3006,128,100.6169,-59.9184
90,3006,136,100.8931,-56.5428
90,3006,144,101.4618,-48.9671
90,3006,152,101.8615,-35.7374
90,3006,160,102.0506,-18.6523
90,3006,168,102.1339,-11.2151
90,3006,176,102.2501,-2.1992
90,3006,184,102.4450,9.0996
90,3006,192,102.4715,10.2673
90,3006,200,102.6532,16.1276
90,3006,208,102.9892,19.4096
90,3006,216,103.6104,11.6551
90,3006,224,104.1850,-1.7421
90,3006,232,104.3633,-6.1914
90,3006,240,104.5828,-11.6058
90,3006,248,104.6475,-13.1699
90,3006,256,104.7945,-16.6375
90,3006,264,104.9861,-20.9430
90,3006,272,105.2999,-27.3689
90,3006,280,105.5913,-32.5845
90,3006,288,106.2199,-41.8755
90,3006,296,106.5801,-46.4602
90,3006,304,106.7677,-48.6823
90,3006,312,107.3150,-54.2407
90,3006,320,107.3600,-54.6243
90,3006,328,107.4193,-55.1075
90,3006,336,107.6501,-56.7704
90,3006,344,107.7966,-57.6560
90,3006,352,108.1202,-59.2263
90,3006,360,108.2650,-59.7837
90,3006,368,108.3155,-59.9580
90,3006,376,108.4466,-60.3638
90,3006,384,108.5751,-60.6985
90,3006,392,108.7221,-61.0079
90,3006,400,108.8248,-61.1839
90,3006,408,109.1609,-61.5720
90,3006,416,109.4544,-61.7767
90,3006,424,109.7797,-61.9172
90,3006,432,110.0766,-61.9926
90,3006,440,110.3650,-62.0239
90,3006,448,110.4866,-62.0216
90,3006,456,111.1691,-61.9295
90,3006,464,111.3136,-61.9176
90,3006,472,111.7821,-61.8595
90,3006,480,112.4900,-61.8439
90,3006,488,112.5828,-61.8507
90,3006,496,112.7456,-61.8555
90,3006,504,112.9035,-61.8524
90,3006,512,113.1264,-61.8311
90,3006,520,113.2533,-61.8124
90,3006,528,113.7118,-61.7042
90,3006,536,114.4750,-61.5928
90,3006,544,114.6364,-61.5852
90,3006,552,115.3282,-61.5428
90,3006,560,115.5314,-61.5488
90,3006,568,115.5753,-61.5495
90,3006,576,115.8100,-61.5162
90,3006,584,115.8467,-61.5069
90,3006,592,116.1600,-61.3851
90,3006,600,116.2041,-61.3642
90,3006,608,116.5723,-61.1539
90,3006,616,116.8770,-60.9883
90,3006,624,117.2247,-60.8045
90,3006,632,118.3532,-60.4755
90,3006,640,118.5787,-60.4780
90,3006,648,118.9600,-60.4793
90,3006,656,119.0044,-60.4788
90,3006,664,119.3341,-60.4513
90,3006,672,119.9750,-60.4101
90,3006,680,120.1186,-60.4056
90,3006,688,120.6150,-60.3767
90,3006,696,120.6638,-60.3753
90,3006,704,120.7183,-60.3725
90,3006,712,120.9945,-60.3143
90,3006,720,121.3024,-60.2229
90,3006,728,121.5923,-60.1220
90,3006,736,122.5860,-59.8729
90,3006,744,122.7647,-59.8678
90,3006,752,123.1762,-59.8490
90,3006,760,124.2050,-59.9501
90,3006,768,124.2841,-59.9677
90,3006,776,124.7200,-60.0389
90,3006,784,124.7840,-60.0485
90,3006,792,125.2631,-60.0799
90,3006,800,126.4905,-60.3023
90,3006,808,127.5914,-60.7935
90,3006,816,127.6603,-60.8293
90,3006,824,127.8247,-60.8962
90,3006,832,128.4137,-60.9982
90,3006,840,129.7342,-61.2722
90,3006,848,130.7895,-61.6839
90,3006,856,130.9042,-61.7322
90,3006,864,131.4377,-61.8865
90,3006,872,132.7390,-62.2390
90,3006,880,133.4202,-62.4679
90,3006,888,133.5656,-62.5141
90,3006,896,134.0557,-62.6030
90,3006,904,135.2226,-62.7744
90,3006,912,135.9447,-62.9282
90,3006,920,136.0724,-62.9553
90,3006,928,136.5307,-62.9938
90,3006,936,137.6441,-63.0477
90,3006,944,140.1909,-63.4882
90,3006,952,144.1941,-64.2060
90,3006,960,151.4966,-64.6158
90,3006,968,163.5605,-64.5885
90,3006,976,178.9320,-64.5628
90,3006,984,194.3036,-64.5631
90,3006,992,209.6751,-64.5593
90,3006,1000,238.5009,-64.5591
90,3006,1008,454.4389,-64.5610
90,3007,0,0.0000,-65.0000
90,3007,8,0.0699,-64.9855
90,3007,16,0.6811,-64.9173
90,3007,24,5.5147,-64.6276
90,3007,32,14.0905,-64.5433
90,3007,40,22.6664,-64.5540
90,3007,48,36.8228,-64.5609
90,3007,56,100.0000,-64.5618
90,3007,64,100.0317,-64.5441
90,3007,72,100.1450,-64.2171
90,3007,80,100.1595,-64.1476
90,3007,88,100.2873,-63.3058
90,3007,96,100.3151,-63.0767
90,3007,104,100.3649,-62.6300
90,3007,112,100.5251,-60.9748
90,3007,120,100.5670,-60.5001
90,3007,128,100.6169,-59.9184
90,3007,136,100.8931,-56.5428
90,3007,144,101.4618,-48.9671
90,3007,152,101.8615,-35.7374
90,3007,160,102.0506,-18.6523
90,3007,168,102.1339,-11.2151
90,3007,176,102.2501,-2.1992
90,3007,184,102.4450,9.0996
90,3007,192,102.4715,10.2673
90,3007,200,102.6532,16.1276
90,3007,208,102.9892,19.4096
90,3007,216,103.6104,11.6551
90,3007,224,104.1850,-1.7421
90,3007,232,104.3633,-6.1914
90,3007,240,104.5828,-11.6058
90,3007,248,104.6475,-13.1699
90,3007,256,104.7945,-16.6375
90,3007,264,104.9861,-20.9430
90,3007,272,105.2999,-27.3689
90,3007,280,105.5913,-32.5845
90,3007,288,106.2199,-41.8755
90,3007,296,106.5801,-46.4602
90,3007,304,106.7677,-48.6823
90,3007,312,107.3150,-54.2407
90,3007,320,107.3600,-54.6243
90,3007,328,107.4193,-55.1075
90,3007,336,107.6501,-56.7704
90,3007,344,107.7966,-57.6560
90,3007,352,108.1202,-59.2263
90,3007,360,108.2650,-59.7837
90,3007,368,108.3155,-59.9580
90,3007,376,108.4466,-60.3638
90,3007,384,108.5751,-60.6985
90,3007,392,108.7221,-61.0079
90,3007,400,108.8248,-61.1839
90,3007,408,109.1609,-61.5720
90,3007,416,109.4544,-61.7767
90,3007,424,109.7797,-61.9172
90,3007,432,110.0766,-61.9926
90,3007,440,110.3650,-62.0239
90,3007,448,110.4866,-62.0216
90,3007,456,111.1691,-61.9295
90,3007,464,111.3136,-61.9176
90,3007,472,111.7821,-61.8595
90,3007,480,112.4900,-61.8439
90,3007,488,112.5828,-61.8507
90,3007,496,112.7456,-61.8555
90,3007,504,112.9035,-61.8524
90,3007,512,113.1264,-61.8311
90,3007,520,113.2533,-61.8124
90,3007,528,113.7118,-61.7042
90,3007,536,114.4750,-61.5928
90,3007,544,114.6364,-61.5852
90,3007,552,115.3282,-61.5428
90,3007,560,115.5314,-61.5488
90,3007,568,115.5753,-61.5495
90,3007,576,115.8100,-61.5162
90,3007,584,115.8467,-61.5069
90,3007,592,116.1600,-61.3851
90,3007,600,116.2041,-61.3642
90,3007,608,116.5723,-61.1539
90,3007,616,116.8770,-60.9883
90,3007,624,117.2247,-60.8045
90,3007,632,118.3532,-60.4755
90,3007,640,118.5787,-60.4780
90,3007,648,118.9600,-60.4793
90,3007,656,119.0044,-60.4788
90,3007,664,119.3341,-60.4513
90,3007,672,119.9750,-60.4101
90,3007,680,120.1186,-60.4056
90,3007,688,120.6150,-60.3767
90,3007,696,120.6638,-60.3753
90,3007,704,120.7183,-60.3725
90,3007,712,120.9945,-60.3143
90,3007,720,121.3024,-60.2229
90,3007,728,121.5923,-60.1220
90,3007,736,122.5860,-59.8729
90,3007,744,122.7647,-59.8678
90,3007,752,123.1762,-59.8490
90,3007,760,124.2050,-59.9501
90,3007,768,124.2841,-59.9677
90,3007,776,124.7200,-60.0389
90,3007,784,124.7840,-60.0485
90,3007,792,125.2631,-60.0799
90,3007,800,126.4905,-60.3023
90,3007,808,127.5914,-60.7935
90,3007,816,127.6603,-60.8293
90,3007,824,127.8247,-60.8962
90,3007,832,128.4137,-60.9982
90,3007,840,129.7342,-61.2722
90,3007,848,130.7895,-61.6839
90,3007,856,130.9042,-61.7322
90,3007,864,131.4377,-61.8865
90,3007,872,132.7390,-62.2390
90,3007,880,133.4202,-62.4679
90,3007,888,133.5656,-62.5141
90,3007,896,134.0557,-62.6030
90,3007,904,135.2226,-62.7744
90,3007,912,135.9447,-62.9282
90,3007,920,136.0724,-62.9553
90,3007,928,136.5307,-62.9938
90,3007,936,137.6441,-63.0477
90,3007,944,140.1909,-63.4882
90,3007,952,144.1941,-64.2060
90,3007,960,151.4966,-64.6158
90,3007,968,163.5605,-64.5885
90,3007,976,178.9320,-64.5628
90,3007,984,194.3036,-64.5631
90,3007,992,209.6751,-64.5593
90,3007,1000,238.5009,-64.5591
90,3007,1008,454.4389,-64.5610
90,3008,0,0.0000,-65.0000
90,3008,8,0.0699,-64.9855
90,3008,16,0.6811,-64.9173
90,3008,24,5.5147,-64.6276
90,3008,32,14.0905,-64.5433
90,3008,40,22.6664,-64.5540
90,3008,48,36.8228,-64.5609
90,3008,56,100.0000,-64.5618
90,3008,64,100.0317,-64.5441
90,3008,72,100.1450,-64.2171
90,3008,80,100.1595,-64.1476
90,3008,88,100.2873,-63.3058
90,3008,96,100.3151,-63.0767
90,3008,104,100.3649,-62.6300
90,3008,112,100.5251,-60.9748
90,3008,120,100.5670,-60.5001
90,3008,128,100.6169,-59.9184
90,3008,136,100.8931,-56.5428
90,3008,144,101.4618,-48.9671
90,3008,152,101.8615,-35.7374
90,3008,160,102.0506,-18.6523
90,3008,168,102.1339,-11.2151
90,3008,176,102.2501,-2.1992
90,3008,184,102.4450,9.0996
90,3008,192,102.4715,10.2673
90,3008,200,102.6532,16.1276
90,3008,208,102.9892,19.4096
90,3008,216,103.6104,11.6551
90,3008,224,104.1850,-1.7421
90,3008,232,104.3633,-6.1914
90,3008,240,104.5828,-11.6058
90,3008,248,104.6475,-13.1699
90,3008,256,104.7945,-16.6375
90,3008,264,104.9861,-20.9430
90,3008,272,105.2999,-27.3689
90,3008,280,105.5913,-32.5845
90,3008,288,106.2199,-41.8755
90,3008,296,106.5801,-46.4602
90,3008,304,106.7677,-48.6823
90,3008,312,107.3150,-54.2407
90,3008,320,107.3600,-54.6243
90,3008,328,107.4193,-55.1075
90,3008,336,107.6501,-56.7704
90,3008,344,107.7966,-57.6560
90,3008,352,108.1202,-59.2263
90,3008,360,108.2650,-59.7837
90,3008,368,108.3155,-59.9580
90,3008,376,108.4466,-60.3638
90,3008,384,108.5751,-60.6985
90,3008,392,108.7221,-61.0079
90,3008,400,108.8248,-61.1839
90,3008,408,109.1609,-61.5720
90,3008,416,109.4544,-61.7767
90,3008,424,109.7797,-61.9172
90,3008,432,110.0766,-61.9926
90,3008,440,110.3650,-62.0239
90,3008,448,110.4866,-62.0216
90,3008,456,111.1691,-61.9295
90,3008,464,111.3136,-61.9176
90,3008,472,111.7821,-61.8595
90,3008,480,112.4900,-61.8439
90,3008,488,112.5828,-61.8507
90,3008,496,112.7456,-61.8555
90,3008,504,112.9035,-61.8524
90,3008,512,113.1264,-61.8311
90,3008,520,113.2533,-61.8124
90,3008,528,113.7118,-61.7042
90,3008,536,114.4750,-61.5928
90,3008,544,114.6364,-61.5852
90,3008,552,115.3282,-61.5428
90,3008,560,115.5314,-61.5488
90,3008,568,115.5753,-61.5495
90,3008,576,115.8100,-61.5162
90,3008,584,115.8467,-61.5069
90,3008,592,116.1600,-61.3851
90,3008,600,116.2041,-61.3642
90,3008,608,116.5723,-61.1539
90,3008,616,116.8770,-60.9883
90,3008,624,117.2247,-60.8045
90,3008,632,118.3532,-60.4755
90,3008,640,118.5787,-60.4780
90,3008,648,118.9600,-60.4793
90,3008,656,119.0044,-60.4788
90,3008,664,119.3341,-60.4513
90,3008,672,119.9750,-60.4101
90,3008,680,120.1186,-60.4056
90,3008,688,120.6150,-60.3767
90,3008,696,120.6638,-60.3753
90,3008,704,120.7183,-60.3725
90,3008,712,120.9945,-60.3143
90,3008,720,121.3024,-60.2229
90,3008,728,121.5923,-60.1220
90,3008,736,122.5860,-59.8729
90,3008,744,122.7647,-59.8678
90,3008,752,123.1762,-59.8490
90,3008,760,124.2050,-59.9501
90,3008,768,124.2841,-59.9677
90,3008,776,124.7200,-60.0389
90,3008,784,124.7840,-60.0485
90,3008,792,125.2631,-60.0799
90,3008,800,126.4905,-60.3023
90,3008,808,127.5914,-60.7935
90,3008,816,127.6603,-60.8293
90,3008,824,127.8247,-60.8962
90,3008,832,128.4137,-60.9982
90,3008,840,129.7342,-61.2722
90,3008,848,130.7895,-61.6839
90,3008,856,130.9042,-61.7322
90,3008,864,131.4377,-61.8865
90,3008,872,132.7390,-62.2390
90,3008,880,133.4202,-62.4679
90,3008,888,133.5656,-62.5141
90,3008,896,134.0557,-62.6030
90,3008,904,135.2226,-62.7744
90,3008,912,135.9447,-62.9282
90,3008,920,136.0724,-62.9553
90,3008,928,136.5307,-62.9938
90,3008,936,137.6441,-63.0477
90,3008,944,140.1909,-63.4882
90,3008,952,144.1941,-64.2060
90,3008,960,151.4966,-64.6158
90,3008,968,163.5605,-64.5885
90,3008,976,178.9320,-64.5628
90,3008,984,194.3036,-64.5631
90,3008,992,209.6751,-64.5593
90,3008,1000,238.5009,-64.5591
90,3008,1008,454.4389,-64.5610
90,3009,0,0.0000,-65.0000
90,3009,8,0.0699,-64.9855
90,3009,16,0.6811,-64.9173
90,3009,24,5.5147,-64.6276
90,3009,32,14.0905,-64.5433
90,3009,40,22.6664,-64.5540
90,3009,48,36.8228,-64.5609
90,3009,56,100.0000,-64.5618
90,3009,64,100.0317,-64.5441
90,3009,72,100.1450,-64.2171
90,3009,80,100.1595,-64.1476
90,3009,88,100.2873,-63.3058
90,3009,96,100.3151,-63.0767
90,3009,104,100.3649,-62.6300
90,3009,112,100.5251,-60.9748
90,3009,120,100.5670,-60.5001
90,3009,128,100.6169,-59.9184
90,3009,136,100.8931,-56.5428
90,3009,144,101.4618,-48.9671
90,3009,152,101.8615,-35.7374
90,3009,160,102.0506,-18.6523
90,3009,168,102.1339,-11.2151
90,3009,176,102.2501,-2.1992
90,3009,184,102.4450,9.0996
90,3009,192,102.4715,10.2673
90,3009,200,102.6532,16.1276
90,3009,208,102.9892,19.4096
90,3009,216,103.6104,11.6551
90,3009,224,104.1850,-1.7421
90,3009,232,104.3633,-6.1914
90,3009,240,104.5828,-11.6058
90,3009,248,104.6475,-13.1699
90,3009,256,104.7945,-16.6375
90,3009,264,104.9861,-20.9430
90,3009,272,105.2999,-27.3689
90,3009,280,105.5913,-32.5845
90,3009,288,106.2199,-41.8755
90,3009,296,106.5801,-46.4602
90,3009,304,106.7677,-48.6823
90,3009,312,107.3150,-54.2407
90,3009,320,107.3600,-54.6243
90,3009,328,107.4193,-55.1075
90,3009,336,107.6501,-56.7704
90,3009,344,107.7966,-57.6560
90,3009,352,108.1202,-59.2263
90,3009,360,108.2650,-59.7837
90,3009,368,108.3155,-59.9580
90,3009,376,108.4466,-60.3638
90,3009,384,108.5751,-60.6985
90,3009,392,108.7221,-61.0079
90,3009,400,108.8248,-61.1839
90,3009,408,109.1609,-61.5720
90,3009,416,109.4544,-61.7767
90,3009,424,109.7797,-61.9172
90,3009,432,110.0766,-61.9926
90,3009,440,110.3650,-62.0239
90,3009,448,110.4866,-62.0216
90,3009,456,111.1691,-61.9295
90,3009,464,111.3136,-61.9176
90,3009,472,111.7821,-61.8595
90,3009,480,112.4900,-61.8439
90,3009,488,112.5828,-61.8507
90,3009,496,112.7456,-61.8555
90,3009,504,112.9035,-61.8524
90,3009,512,113.1264,-61.8311
90,3009,520,113.2533,-61.8124
90,3009,528,113.7118,-61.7042
90,3009,536,114.4750,-61.5928
90,3009,544,114.6364,-61.5852
90,3009,552,115.3282,-61.5428
90,3009,560,115.5314,-61.5488
90,3009,568,115.5753,-61.5495
90,3009,576,115.8100,-61.5162
90,3009,584,115.8467,-61.5069
90,3009,592,116.1600,-61.3851
90,3009,600,116.2041,-61.3642
90,3009,608,116.5723,-61.1539
90,3009,616,116.8770,-60.9883
90,3009,624,117.2247,-60.8045
90,3009,632,118.3532,-60.4755
90,3009,640,118.5787,-60.4780
90,3009,648,118.9600,-60.4793
90,3009,656,119.0044,-60.4788
90,3009,664,119.3341,-60.4513
90,3009,672,119.9750,-60.4101
90,3009,680,120.1186,-60.4056
90,3009,688,120.6150,-60.3767
90,3009,696,120.6638,-60.3753
90,3009,704,120.7183,-60.3725
90,3009,712,120.9945,-60.3143
90,3009,720,121.3024,-60.2229
90,3009,728,121.5923,-60.1220
90,3009,736,122.5860,-59.8729
90,3009,744,122.7647,-59.8678
90,3009,752,123.1762,-59.8490
90,3009,760,124.2050,-59.9501
90,3009,768,124.2841,-59.9677
90,3009,776,124.7200,-60.0389
90,3009,784,124.7840,-60.0485
90,3009,792,125.2631,-60.0799
90,3009,800,126.4905,-60.3023
90,3009,808,127.5914,-60.7935
90,3009,816,127.6603,-60.8293
90,3009,824,127.8247,-60.8962
90,3009,832,128.4137,-60.9982
90,3009,840,129.7342,-61.2722
90,3009,848,130.7895,-61.6839
90,3009,856,130.9042,-61.7322
90,3009,864,131.4377,-61.8865
90,3009,872,132.7390,-62.2390
90,3009,880,133.4202,-62.4679
90,3009,888,133.5656,-62.5141
90,3009,896,134.0557,-62.6030
90,3009,904,135.2226,-62.7744
90,3009,912,135.9447,-62.9282
90,3009,920,136.0724,-62.9553
90,3009,928,136.5307,-62.9938
90,3009,936,137.6441,-63.0477
90,3009,944,140.1909,-63.4882
90,3009,952,144.1941,-64.2060
90,3009,960,151.4966,-64.6158
90,3009,968,163.5605,-64.5885
90,3009,976,178.9320,-64.5628
90,3009,984,194.3036,-64.5631
90,3009,992,209.6751,-64.5593
90,3009,1000,238.5009,-64.5591
90,3009,1008,454.4389,-64.5610
90,3010,0,0.0000,-65.0000
90,3010,8,0.0699,-64.9855
90,3010,16,0.6811,-64.9173
90,3010,24,5.5147,-64.6276
90,3010,32,14.0905,-64.5433
90,3010,40,22.6664,-64.5540
90,3010,48,36.8228,-64.5609
90,3010,56,100.0000,-64.5618
90,3010,64,100.0317,-64.5441
90,3010,72,100.1450,-64.2171
90,3010,80,100.1595,-64.1476
90,3010,88,100.2873,-63.3058
90,3010,96,100.3151,-63.0767
90,3010,104,100.3649,-62.6300
90,3010,112,100.5251,-60.9748
90,3010,120,100.5670,-60.5001
90,3010,128,100.6169,-59.9184
90,3010,136,100.8931,-56.5428
90,3010,144,101.4618,-48.9671
90,3010,152,101.8615,-35.7374
90,3010,160,102.0506,-18.6523
90,3010,168,102.1339,-11.2151
90,3010,176,102.2501,-2.1992
90,3010,184,102.4450,9.0996
90,3010,192,102.4715,10.2673
90,3010,200,102.6532,16.1276
90,3010,208,102.9892,19.4096
90,3010,216,103.6104,11.6551
90,3010,224,104.1850,-1.7421
90,3010,232,104.3633,-6.1914
90,3010,240,104.5828,-11.6058
90,3010,248,104.6475,-13.1699
90,3010,256,104.7945,-16.6375
90,3010,264,104.9861,-20.9430
90,3010,272,105.2999,-27.3689
90,3010,280,105.5913,-32.5845
90,3010,288,106.2199,-41.8755
90,3010,296,106.5801,-46.4602
90,3010,304,106.7677,-48.6823
90,3010,312,107.3150,-54.2407
90,3010,320,107.3600,-54.6243
90,3010,328,107.4193,-55.1075
90,3010,336,107.6501,-56.7704
90,3010,344,107.7966,-57.6560
90,3010,352,108.1202,-59.2263
90,3010,360,108.2650,-59.7837
90,3010,368,108.3155,-59.9580
90,3010,376,108.4466,-60.3638
90,3010,384,108.5751,-60.6985
90,3010,392,108.7221,-61.0079
90,3010,400,108.8248,-61.1839
90,3010,408,109.1609,-61.5720
90,3010,416,109.4544,-61.7767
90,3010,424,109.7797,-61.9172
90,3010,432,110.0766,-61.9926
90,3010,440,110.3650,-62.0239
90,3010,448,110.4866,-62.0216
90,3010,456,111.1691,-61.9295
90,3010,464,111.3136,-61.9176
90,3010,472,111.7821,-61.8595
90,3010,480,112.4900,-61.8439
90,3010,488,112.5828,-61.8507
90,3010,496,112.7456,-61.8555
90,3010,504,112.9035,-61.8524
90,3010,512,113.1264,-61.8311
90,3010,520,113.2533,-61.8124
90,3010,528,113.7118,-61.7042
90,3010,536,114.4750,-61.5928
90,3010,544,114.6364,-61.5852
90,3010,552,115.3282,-61.5428
90,3010,560,115.5314,-61.5488
90,3010,568,115.5753,-61.5495
90,3010,576,115.8100,-61.5162
90,3010,584,115.8467,-61.5069
90,3010,592,116.1600,-61.3851
90,3010,600,116.2041,-61.3642
90,3010,608,116.5723,-61.1539
90,3010,616,116.8770,-60.9883
90,3010,624,117.2247,-60.8045
90,3010,632,118.3532,-60.4755
90,3010,640,118.5787,-60.4780
90,3010,648,118.9600,-60.4793
90,3010,656,119.0044,-60.4788
90,3010,664,119.3341,-60.4513
90,3010,672,119.9750,-60.4101
90,3010,680,120.1186,-60.4056
90,3010,688,120.6150,-60.3767
90,3010,696,120.6638,-60.3753
90,3010,704,120.7183,-60.3725
90,3010,712,120.9945,-60.3143
90,3010,720,121.3024,-60.2229
90,3010,728,121.5923,-60.1220
90,3010,736,122.5860,-59.8729
90,3010,744,122.7647,-59.8678
90,3010,752,123.1762,-59.8490
90,3010,760,124.2050,-59.9501
90,3010,768,124.2841,-59.9677
90,3010,776,124.7200,-60.0389
90,3010,784,124.7840,-60.0485
90,3010,792,125.2631,-60.0799
90,3010,800,126.4905,-60.3023
90,3010,808,127.5914,-60.7935
90,3010,816,127.6603,-60.8293
90,3010,824,127.8247,-60.8962
90,3010,832,128.4137,-60.9982
90,3010,840,129.7342,-61.2722
90,3010,848,130.7895,-61.6839
90,3010,856,130.9042,-61.7322
90,3010,864,131.4377,-61.8865
90,3010,872,132.7390,-62.2390
90,3010,880,133.4202,-62.4679
90,3010,888,133.5656,-62.5141
90,3010,896,134.0557,-62.6030
90,3010,904,135.2226,-62.7744
90,3010,912,135.9447,-62.9282
90,3010,920,136.0724,-62.9553
90,3010,928,136.5307,-62.9938
90,3010,936,137.6441,-63.0477
90,3010,944,140.1909,-63.4882
90,3010,952,144.1941,-64.2060
90,3010,960,151.4966,-64.6158
90,3010,968,163.5605,-64.5885
90,3010,976,178.9320,-64.5628
90,3010,984,194.3036,-64.5631
90,3010,992,209.6751,-64.5593
90,3010,1000,238.5009,-64.5591
90,3010,1008,454.4389,-64.5610
120,4001,0,0.0000,-65.0000
120,4001,8,0.0699,-64.9855
120,4001,16,0.6811,-64.9173
120,4001,24,5.5147,-64.6276
120,4001,32,14.0905,-64.5433
120,4001,40,22.6664,-64.5540
120,4001,48,36.8228,-64.5609
120,4001,56,100.0000,-64.5618
120,4001,64,100.0303,-64.5431
120,4001,72,100.0657,-64.4717
120,4001,80,100.1160,-64.2809
120,4001,88,100.2219,-63.5715
120,4001,96,100.5386,-59.9043
120,4001,104,101.1857,-50.6009
120,4001,112,101.3134,-48.4766
120,4001,120,101.3523,-47.7490
120,4001,128,101.3923,-46.9417
120,4001,136,101.5707,-41.9003
120,4001,144,101.7524,-30.5098
120,4001,152,101.8064,-25.4237
120,4001,160,101.8781,-18.4710
120,4001,168,101.9400,-12.7949
120,4001,176,102.0246,-5.7701
120,4001,184,102.0788,-1.7518
120,4001,192,102.2210,6.9655
120,4001,200,102.4563,15.8251
120,4001,208,102.5578,17.8491
120,4001,216,102.8151,19.4961
120,4001,224,103.2953,14.3352
120,4001,232,103.5170,9.9694
120,4001,240,103.8539,2.2203
120,4001,248,104.5381,-14.4172
120,4001,256,104.7212,-18.5969
120,4001,264,105.3546,-31.1191
120,4001,272,106.2596,-44.2910
120,4001,280,106.8730,-51.4669
120,4001,288,107.0083,-52.8279
120,4001,296,107.8178,-58.7889
120,4001,304,108.2378,-60.6872
120,4001,312,108.4476,-61.4042
120,4001,320,109.0819,-62.9067
120,4001,328,109.1266,-62.9845
120,4001,336,109.5216,-63.5173
120,4001,344,109.6587,-63.6557
120,4001,352,110.0682,-63.9273
120,4001,360,110.1594,-63.9642
120,4001,368,110.2977,-64.0020
120,4001,376,110.5239,-64.0143
120,4001,384,110.5870,-64.0074
120,4001,392,110.9652,-63.8840
120,4001,400,111.5492,-63.6399
120,4001,408,111.5845,-63.6267
120,4001,416,111.7464,-63.5485
120,4001,424,111.8487,-63.4840
120,4001,432,112.3770,-63.0646
120,4001,440,113.1015,-62.6148
120,4001,448,113.2940,-62.5232
120,4001,456,113.8011,-62.3053
120,4001,464,113.8682,-62.2800
120,4001,472,113.9605,-62.2391
120,4001,480,114.5271,-61.9254
120,4001,488,114.7254,-61.8281
120,4001,496,115.0650,-61.6621
120,4001,504,115.4836,-61.4842
120,4001,512,115.6307,-61.4261
120,4001,520,116.1076,-61.2506
120,4001,528,116.8404,-61.1266
120,4001,536,116.8680,-61.1258
120,4001,544,117.1869,-61.1026
120,4001,552,118.2753,-61.1293
120,4001,560,119.7302,-61.5967
120,4001,568,119.8033,-61.6269
120,4001,576,120.2631,-61.7653
120,4001,584,120.4415,-61.8089
120,4001,592,120.7512,-61.8524
120,4001,600,121.4056,-61.8907
120,4001,608,121.4799,-61.8957
120,4001,616,121.8847,-61.8864
120,4001,624,122.3146,-61.8695
120,4001,632,122.5182,-61.8582
120,4001,640,123.1726,-61.7831
120,4001,648,123.8595,-61.7803
120,4001,656,124.0452,-61.7875
120,4001,664,124.3508,-61.7795
120,4001,672,124.5598,-61.7590
120,4001,680,125.2106,-61.6422
120,4001,688,125.2489,-61.6367
120,4001,696,125.4575,-61.5969
120,4001,704,125.5207,-61.5819
120,4001,712,125.7865,-61.4933
120,4001,720,125.8426,-61.4713
120,4001,728,126.0480,-61.3776
120,4001,736,126.6130,-61.0863
120,4001,744,127.1554,-60.8893
120,4001,752,127.3577,-60.8331
120,4001,760,128.0226,-60.6593
120,4001,768,129.4930,-60.7379
120,4001,776,132.5529,-62.1384
120,4001,784,135.6128,-63.4927
120,4001,792,138.6728,-64.2449
120,4001,800,141.7327,-64.5631
120,4001,808,145.2429,-64.6681
120,4001,816,153.6437,-64.6258
120,4001,824,170.7425,-64.5638
120,4001,832,187.8412,-64.5606
120,4001,840,207.1074,-64.5605
120,4001,848,391.4127,-64.5610
120,4002,0,0.0000,-65.0000
120,4002,8,0.0699,-64.9855
120,4002,16,0.6811,-64.9173
120,4002,24,5.5147,-64.6276
120,4002,32,14.0905,-64.5433
120,4002,40,22.6664,-64.5540
120,4002,48,36.8228,-64.5609
120,4002,56,100.0000,-64.5618
120,4002,64,100.0303,-64.5431
120,4002,72,100.0657,-64.4717
120,4002,80,100.1160,-64.2809
120,4002,88,100.2219,-63.5715
120,4002,96,100.5386,-59.9043
120,4002,104,101.1857,-50.6009
120,4002,112,101.3134,-48.4766
120,4002,120,101.3523,-47.7490
120,4002,128,101.3923,-46.9417
120,4002,136,101.5707,-41.9003
120,4002,144,101.7524,-30.5098
120,4002,152,101.8064,-25.4237
120,4002,160,101.8781,-18.4710
120,4002,168,101.9400,-12.7949
120,4002,176,102.0246,-5.7701
120,4002,184,102.0788,-1.7518
120,4002,192,102.2210,6.9655
120,4002,200,102.4563,15.8251
120,4002,208,102.5578,17.8491
120,4002,216,102.8151,19.4961
120,4002,224,103.2953,14.3352
120,4002,232,103.5170,9.9694
120,4002,240,103.8539,2.2203
120,4002,248,104.5381,-14.4172
120,4002,256,104.7212,-18.5969
120,4002,264,105.3546,-31.1191
120,4002,272,106.2596,-44.2910
120,4002,280,106.8730,-51.4669
120,4002,288,107.0083,-52.8279
120,4002,296,107.8178,-58.7889
120,4002,304,108.2378,-60.6872
120,4002,312,108.4476,-61.4042
120,4002,320,109.0819,-62.9067
120,4002,328,109.1266,-62.9845
120,4002,336,109.5216,-63.5173
120,4002,344,109.6587,-63.6557
120,4002,352,110.0682,-63.9273
120,4002,360,110.1594,-63.9642
120,4002,368,110.2977,-64.0020
120,4002,376,110.5239,-64.0143
120,4002,384,110.5870,-64.0074
120,4002,392,110.9652,-63.8840
120,4002,400,111.5492,-63.6399
120,4002,408,111.5845,-63.6267
120,4002,416,111.7464,-63.5485
120,4002,424,111.8487,-63.4840
120,4002,432,112.3770,-63.0646
120,4002,440,113.1015,-62.6148
120,4002,448,113.2940,-62.5232
120,4002,456,113.8011,-62.3053
120,4002,464,113.8682,-62.2800
120,4002,472,113.9605,-62.2391
120,4002,480,114.5271,-61.9254
120,4002,488,114.7254,-61.8281
120,4002,496,115.0650,-61.6621
120,4002,504,115.4836,-61.4842
120,4002,512,115.6307,-61.4261
120,4002,520,116.1076,-61.2506
120,4002,528,116.8404,-61.1266
120,4002,536,116.8680,-61.1258
120,4002,544,117.1869,-61.1026
120,4002,552,118.2753,-61.1293
120,4002,560,119.7302,-61.5967
120,4002,568,119.8033,-61.6269
120,4002,576,120.2631,-61.7653
120,4002,584,120.4415,-61.8089
120,4002,592,120.7512,-61.8524
120,4002,600,121.4056,-61.8907
120,4002,608,121.4799,-61.8957
120,4002,616,121.8847,-61.8864
120,4002,624,122.3146,-61.8695
120,4002,632,122.5182,-61.8582
120,4002,640,123.1726,-61.7831
120,4002,648,123.8595,-61.7803
120,4002,656,124.0452,-61.7875
120,4002,664,124.3508,-61.7795
120,4002,672,124.5598,-61.7590
120,4002,680,125.2106,-61.6422
120,4002,688,125.2489,-61.6367
120,4002,696,125.4575,-61.5969
120,4002,704,125.5207,-61.5819
120,4002,712,125.7865,-61.4933
120,4002,720,125.8426,-61.4713
120,4002,728,126.0480,-61.3776
120,4002,736,126.6130,-61.0863
120,4002,744,127.1554,-60.8893
120,4002,752,127.3577,-60.8331
120,4002,760,128.0226,-60.6593
120,4002,768,129.4930,-60.7379
120,4002,776,132.5529,-62.1384
120,4002,784,135.6128,-63.4927
120,4002,792,138.6728,-64.2449
120,4002,800,141.7327,-64.5631
120,4002,808,145.2429,-64.6681
120,4002,816,153.6437,-64.6258
120,4002,824,170.7425,-64.5638
120,4002,832,187.8412,-64.5606
120,4002,840,207.1074,-64.5605
120,4002,848,391.4127,-64.5610
120,4003,0,0.0000,-65.0000
120,4003,8,0.0699,-64.9855
120,4003,16,0.6811,-64.9173
120,4003,24,5.5147,-64.6276
120,4003,32,14.0905,-64.5433
120,4003,40,22.6664,-64.5540
120,4003,48,36.8228,-64.5609
120,4003,56,100.0000,-64.5618
120,4003,64,100.0303,-64.5431
120,4003,72,100.0657,-64.4717
120,4003,80,100.1160,-64.2809
120,4003,88,100.2219,-63.5715
120,4003,96,100.5386,-59.9043
120,4003,104,101.1857,-50.6009
120,4003,112,101.3134,-48.4766
120,4003,120,101.3523,-47.7490
120,4003,128,101.3923,-46.9417
120,4003,136,101.5707,-41.9003
120,4003,144,101.7524,-30.5098
120,4003,152,101.8064,-25.4237
120,4003,160,101.8781,-18.4710
120,4003,168,101.9400,-12.7949
120,4003,176,102.0246,-5.7701
120,4003,184,102.0788,-1.7518
120,4003,192,102.2210,6.9655
120,4003,200,102.4563,15.8251
120,4003,208,102.5578,17.8491
120,4003,216,102.8151,19.4961
120,4003,224,103.2953,14.3352
120,4003,232,103.5170,9.9694
120,4003,240,103.8539,2.2203
120,4003,248,104.5381,-14.4172
120,4003,256,104.7212,-18.5969
120,4003,264,105.3546,-31.1191
120,4003,272,106.2596,-44.2910
120,4003,280,106.8730,-51.4669
120,4003,288,107.0083,-52.8279
120,4003,296,107.8178,-58.7889
120,4003,304,108.2378,-60.6872
120,4003,312,108.4476,-61.4042
120,4003,320,109.0819,-62.9067
120,4003,328,109.1266,-62.9845
120,4003,336,109.5216,-63.5173
120,4003,344,109.6587,-63.6557
120,4003,352,110.0682,-63.9273
120,4003,360,110.1594,-63.9642
120,4003,368,110.2977,-64.0020
120,4003,376,110.5239,-64.0143
120,4003,384,110.5870,-64.0074
120,4003,392,110.9652,-63.8840
120,4003,400,111.5492,-63.6399
120,4003,408,111.5845,-63.6267
120,4003,416,111.7464,-63.5485
120,4003,424,111.8487,-63.4840
120,4003,432,112.3770,-63.0646
120,4003,440,113.1015,-62.6148
120,4003,448,113.2940,-62.5232
120,4003,456,113.8011,-62.3053
120,4003,464,113.8682,-62.2800
120,4003,472,113.9605,-62.2391
120,4003,480,114.5271,-61.9254
120,4003,488,114.7254,-61.8281
120,4003,496,115.0650,-61.6621
120,4003,504,115.4836,-61.4842
120,4003,512,115.6307,-61.4261
120,4003,520,116.1076,-61.2506
120,4003,528,116.8404,-61.1266
120,4003,536,116.8680,-61.1258
120,4003,544,117.1869,-61.1026
120,4003,552,118.2753,-61.1293
120,4003,560,119.7302,-61.5967
120,4003,568,119.8033,-61.6269
120,4003,576,120.2631,-61.7653
120,4003,584,120.4415,-61.8089
120,4003,592,120.7512,-61.8524
120,4003,600,121.4056,-61.8907
120,4003,608,121.4799,-61.8957
120,4003,616,121.8847,-61.8864
120,4003,624,122.3146,-61.8695
120,4003,632,122.5182,-61.8582
120,4003,640,123.1726,-61.7831
120,4003,648,123.8595,-61.7803
120,4003,656,124.0452,-61.7875
120,4003,664,124.3508,-61.7795
120,4003,672,124.5598,-61.7590
120,4003,680,125.2106,-61.6422
120,4003,688,125.2489,-61.6367
120,4003,696,125.4575,-61.5969
120,4003,704,125.5207,-61.5819
120,4003,712,125.7865,-61.4933
120,4003,720,125.8426,-61.4713
120,4003,728,126.0480,-61.3776
120,4003,736,126.6130,-61.0863
120,4003,744,127.1554,-60.8893
120,4003,752,127.3577,-60.8331
120,4003,760,128.0226,-60.6593
120,4003,768,129.4930,-60.7379
120,4003,776,132.5529,-62.1384
120,4003,784,135.6128,-63.4927
120,4003,792,138.6728,-64.2449
120,4003,800,141.7327,-64.5631
120,4003,808,145.2429,-64.6681
120,4003,816,153.6437,-64.6258
120,4003,824,170.7425,-64.5638
120,4003,832,187.8412,-64.5606
120,4003,840,207.1074,-64.5605
120,4003,848,391.4127,-64.5610
120,4004,0,0.0000,-65.0000
120,4004,8,0.0699,-64.9855
120,4004,16,0.6811,-64.9173
120,4004,24,5.5147,-64.6276
120,4004,32,14.0905,-64.5433
120,4004,40,22.6664,-64.5540
120,4004,48,36.8228,-64.5609
120,4004,56,100.0000,-64.5618
120,4004,64,100.0303,-64.5431
120,4004,72,100.0657,-64.4717
120,4004,80,100.1160,-64.2809
120,4004,88,100.2219,-63.5715
120,4004,96,100.5386,-59.9043
120,4004,104,101.1857,-50.6009
120,4004,112,101.3134,-48.4766
120,4004,120,101.3523,-47.7490
120,4004,128,101.3923,-46.9417
120,4004,136,101.5707,-41.9003
120,4004,144,101.7524,-30.5098
120,4004,152,101.8064,-25.4237
120,4004,160,101.8781,-18.4710
120,4004,168,101.9400,-12.7949
120,4004,176,102.0246,-5.7701
120,4004,184,102.0788,-1.7518
120,4004,192,102.2210,6.9655
120,4004,200,102.4563,15.8251
120,4004,208,102.5578,17.8491
120,4004,216,102.8151,19.4961
120,4004,224,103.2953,14.3352
120,4004,232,103.5170,9.9694
120,4004,240,103.8539,2.2203
120,4004,248,104.5381,-14.4172
120,4004,256,104.7212,-18.5969
120,4004,264,105.3546,-31.1191
120,4004,272,106.2596,-44.2910
120,4004,280,106.8730,-51.4669
120,4004,288,107.0083,-52.8279
120,4004,296,107.8178,-58.7889
120,4004,304,108.2378,-60.6872
120,4004,312,108.4476,-61.4042
120,4004,320,109.0819,-62.9067
120,4004,328,109.1266,-62.9845
120,4004,336,109.5216,-63.5173
120,4004,344,109.6587,-63.6557
120,4004,352,110.0682,-63.9273
120,4004,360,110.1594,-63.9642
120,4004,368,110.2977,-64.0020
120,4004,376,110.5239,-64.0143
120,4004,384,110.5870,-64.0074
120,4004,392,110.9652,-63.8840
120,4004,400,111.5492,-63.6399
120,4004,408,111.5845,-63.6267
120,4004,416,111.7464,-63.5485
120,4004,424,111.8487,-63.4840
120,4004,432,112.3770,-63.0646
120,4004,440,113.1015,-62.6148
120,4004,448,113.2940,-62.5232
120,4004,456,113.8011,-62.3053
120,4004,464,113.8682,-62.2800
120,4004,472,113.9605,-62.2391
120,4004,480,114.5271,-61.9254
120,4004,488,114.7254,-61.8281
120,4004,496,115.0650,-61.6621
120,4004,504,115.4836,-61.4842
120,4004,512,115.6307,-61.4261
120,4004,520,116.1076,-61.2506
120,4004,528,116.8404,-61.1266
120,4004,536,116.8680,-61.1258
120,4004,544,117.1869,-61.1026
120,4004,552,118.2753,-61.1293
120,4004,560,119.7302,-61.5967
120,4004,568,119.8033,-61.6269
120,4004,576,120.2631,-61.7653
120,4004,584,120.4415,-61.8089
120,4004,592,120.7512,-61.8524
120,4004,600,121.4056,-61.8907
120,4004,608,121.4799,-61.8957
120,4004,616,121.8847,-61.8864
120,4004,624,122.3146,-61.8695
120,4004,632,122.5182,-61.8582
120,4004,640,123.1726,-61.7831
120,4004,648,123.8595,-61.7803
120,4004,656,124.0452,-61.7875
120,4004,664,124.3508,-61.7795
120,4004,672,124.5598,-61.7590
120,4004,680,125.2106,-61.6422
120,4004,688,125.2489,-61.6367
120,4004,696,125.4575,-61.5969
120,4004,704,125.5207,-61.5819
120,4004,712,125.7865,-61.4933
120,4004,720,125.8426,-61.4713
120,4004,728,126.0480,-61.3776
120,4004,736,126.6130,-61.0863
120,4004,744,127.1554,-60.8893
120,4004,752,127.3577,-60.8331
120,4004,760,128.0226,-60.6593
120,4004,768,129.4930,-60.7379
120,4004,776,132.5529,-62.1384
120,4004,784,135.6128,-63.4927
120,4004,792,138.6728,-64.2449
120,4004,800,141.7327,-64.5631
120,4004,808,145.2429,-64.6681
120,4004,816,153.6437,-64.6258
120,4004,824,170.7425,-64.5638
120,4004,832,187.8412,-64.5606
120,4004,840,207.1074,-64.5605
120,4004,848,391.4127,-64.5610
120,4005,0,0.0000,-65.0000
120,4005,8,0.0699,-64.9855
120,4005,16,0.6811,-64.9173
120,4005,24,5.5147,-64.6276
120,4005,32,14.0905,-64.5433
120,4005,40,22.6664,-64.5540
120,4005,48,36.8228,-64.5609
120,4005,56,100.0000,-64.5618
120,4005,64,100.0303,-64.5431
120,4005,72,100.0657,-64.4717
120,4005,80,100.1160,-64.2809
120,4005,88,100.2219,-63.5715
120,4005,96,100.5386,-59.9043
120,4005,104,101.1857,-50.6009
120,4005,112,101.3134,-48.4766
120,4005,120,101.3523,-47.7490
120,4005,128,101.3923,-46.9417
120,4005,136,101.5707,-41.9003
120,4005,144,101.7524,-30.5098
120,4005,152,101.8064,-25.4237
120,4005,160,101.8781,-18.4710
120,4005,168,101.9400,-12.7949
120,4005,176,102.0246,-5.7701
120,4005,184,102.0788,-1.7518
120,4005,192,102.2210,6.9655
120,4005,200,102.4563,15.8251
120,4005,208,102.5578,17.8491
120,4005,216,102.8151,19.4961
120,4005,224,103.2953,14.3352
120,4005,232,103.5170,9.9694
120,4005,240,103.8539,2.2203
120,4005,248,104.5381,-14.4172
120,4005,256,104.7212,-18.5969
120,4005,264,105.3546,-31.1191
120,4005,272,106.2596,-44.2910
120,4005,280,106.8730,-51.4669
120,4005,288,107.0083,-52.8279
120,4005,296,107.8178,-58.7889
120,4005,304,108.2378,-60.6872
120,4005,312,108.4476,-61.4042
120,4005,320,109.0819,-62.9067
120,4005,328,109.1266,-62.9845
120,4005,336,109.5216,-63.5173
120,4005,344,109.6587,-63.6557
120,4005,352,110.0682,-63.9273
120,4005,360,110.1594,-63.9642
120,4005,368,110.2977,-64.0020
120,4005,376,110.5239,-64.0143
120,4005,384,110.5870,-64.0074
120,4005,392,110.9652,-63.8840
120,4005,400,111.5492,-63.6399
120,4005,408,111.5845,-63.6267
120,4005,416,111.7464,-63.5485
120,4005,424,111.8487,-63.4840
120,4005,432,112.3770,-63.0646
120,4005,440,113.1015,-62.6148
120,4005,448,113.2940,-62.5232
120,4005,456,113.8011,-62.3053
120,4005,464,113.8682,-62.2800
120,4005,472,113.9605,-62.2391
120,4005,480,114.5271,-61.9254
120,4005,488,114.7254,-61.8281
120,4005,496,115.0650,-61.6621
120,4005,504,115.4836,-61.4842
120,4005,512,115.6307,-61.4261
120,4005,520,116.1076,-61.2506
120,4005,528,116.8404,-61.1266
120,4005,536,116.8680,-61.1258
120,4005,544,117.1869,-61.1026
120,4005,552,118.2753,-61.1293
120,4005,560,119.7302,-61.5967
120,4005,568,119.8033,-61.6269
120,4005,576,120.2631,-61.7653
120,4005,584,120.4415,-61.8089
120,4005,592,120.7512,-61.8524
120,4005,600,121.4056,-61.8907
120,4005,608,121.4799,-61.8957
120,4005,616,121.8847,-61.8864
120,4005,624,122.3146,-61.8695
120,4005,632,122.5182,-61.8582
120,4005,640,123.1726,-61.7831
120,4005,648,123.8595,-61.7803
120,4005,656,124.0452,-61.7875
120,4005,664,124.3508,-61.7795
120,4005,672,124.5598,-61.7590
120,4005,680,125.2106,-61.6422
120,4005,688,125.2489,-61.6367
120,4005,696,125.4575,-61.5969
120,4005,704,125.5207,-61.5819
120,4005,712,125.7865,-61.4933
120,4005,720,125.8426,-61.4713
120,4005,728,126.0480,-61.3776
120,4005,736,126.6130,-61.0863
120,4005,744,127.1554,-60.8893
120,4005,752,127.3577,-60.8331
120,4005,760,128.0226,-60.6593
120,4005,768,129.4930,-60.7379
120,4005,776,132.5529,-62.1384
120,4005,784,135.6128,-63.4927
120,4005,792,138.6728,-64.2449
120,4005,800,141.7327,-64.5631
120,4005,808,145.2429,-64.6681
120,4005,816,153.6437,-64.6258
120,4005,824,170.7425,-64.5638
120,4005,832,187.8412,-64.5606
120,4005,840,207.1074,-64.5605
120,4005,848,391.4127,-64.5610
120,4006,0,0.0000,-65.0000
120,4006,8,0.0699,-64.9855
120,4006,16,0.6811,-64.9173
120,4006,24,5.5147,-64.6276
120,4006,32,14.0905,-64.5433
120,4006,40,22.6664,-64.5540
120,4006,48,36.8228,-64.5609
120,4006,56,100.0000,-64.5618
120,4006,64,100.0303,-64.5431
120,4006,72,100.0657,-64.4717
120,4006,80,100.1160,-64.2809
120,4006,88,100.2219,-63.5715
120,4006,96,100.5386,-59.9043
120,4006,104,101.1857,-50.6009
120,4006,112,101.3134,-48.4766
120,4006,120,101.3523,-47.7490
120,4006,128,101.3923,-46.9417
120,4006,136,101.5707,-41.9003
120,4006,144,101.7524,-30.5098
120,4006,152,101.8064,-25.4237
120,4006,160,101.8781,-18.4710
120,4006,168,101.9400,-12.7949
120,4006,176,102.0246,-5.7701
120,4006,184,102.0788,-1.7518
120,4006,192,102.2210,6.9655
120,4006,200,102.4563,15.8251
120,4006,208,102.5578,17.8491
120,4006,216,102.8151,19.4961
120,4006,224,103.2953,14.3352
120,4006,232,103.5170,9.9694
120,4006,240,103.8539,2.2203
120,4006,248,104.5381,-14.4172
120,4006,256,104.7212,-18.5969
120,4006,264,105.3546,-31.1191
120,4006,272,106.2596,-44.2910
120,4006,280,106.8730,-51.4669
120,4006,288,107.0083,-52.8279
120,4006,296,107.8178,-58.7889
120,4006,304,108.2378,-60.6872
120,4006,312,108.4476,-61.4042
120,4006,320,109.0819,-62.9067
120,4006,328,109.1266,-62.9845
120,4006,336,109.5216,-63.5173
120,4006,344,109.6587,-63.6557
120,4006,352,110.0682,-63.9273
120,4006,360,110.1594,-63.9642
120,4006,368,110.2977,-64.0020
120,4006,376,110.5239,-64.0143
120,4006,384,110.5870,-64.0074
120,4006,392,110.9652,-63.8840
120,4006,400,111.5492,-63.6399
120,4006,408,111.5845,-63.6267
120,4006,416,111.7464,-63.5485
120,4006,424,111.8487,-63.4840
120,4006,432,112.3770,-63.0646
120,4006,440,113.1015,-62.6148
120,4006,448,113.2940,-62.5232
120,4006,456,113.8011,-62.3053
120,4006,464,113.8682,-62.2800
120,4006,472,113.9605,-62.2391
120,4006,480,114.5271,-61.9254
120,4006,488,114.7254,-61.8281
120,4006,496,115.0650,-61.6621
120,4006,504,115.4836,-61.4842
120,4006,512,115.6307,-61.4261
120,4006,520,116.1076,-61.2506
120,4006,528,116.8404,-61.1266
120,4006,536,116.8680,-61.1258
120,4006,544,117.1869,-61.1026
120,4006,552,118.2753,-61.1293
120,4006,560,119.7302,-61.5967
120,4006,568,119.8033,-61.6269
120,4006,576,120.2631,-61.7653
120,4006,584,120.4415,-61.8089
120,4006,592,120.7512,-61.8524
120,4006,600,121.4056,-61.8907
120,4006,608,121.4799,-61.8957
120,4006,616,121.8847,-61.8864
120,4006,624,122.3146,-61.8695
120,4006,632,122.5182,-61.8582
120,4006,640,123.1726,-61.7831
120,4006,648,123.8595,-61.7803
120,4006,656,124.0452,-61.7875
120,4006,664,124.3508,-61.7795
120,4006,672,124.5598,-61.7590
120,4006,680,125.2106,-61.6422
120,4006,688,125.2489,-61.6367
120,4006,696,125.4575,-61.5969
120,4006,704,125.5207,-61.5819
120,4006,712,125.7865,-61.4933
120,4006,720,125.8426,-61.4713
120,4006,728,126.0480,-61.3776
120,4006,736,126.6130,-61.0863
120,4006,744,127.1554,-60.8893
120,4006,752,127.3577,-60.8331
120,4006,760,128.0226,-60.6593
120,4006,768,129.4930,-60.7379
120,4006,776,132.5529,-62.1384
120,4006,784,135.6128,-63.4927
120,4006,792,138.6728,-64.2449
120,4006,800,141.7327,-64.5631
120,4006,808,145.2429,-64.6681
120,4006,816,153.6437,-64.6258
120,4006,824,170.7425,-64.5638
120,4006,832,187.8412,-64.5606
120,4006,840,207.1074,-64.5605
120,4006,848,391.4127,-64.5610
120,4007,0,0.0000,-65.0000
120,4007,8,0.0699,-64.9855
120,4007,16,0.6811,-64.9173
120,4007,24,5.5147,-64.6276
120,4007,32,14.0905,-64.5433
120,4007,40,22.6664,-64.5540
120,4007,48,36.8228,-64.5609
120,4007,56,100.0000,-64.5618
120,4007,64,100.0303,-64.5431
120,4007,72,100.0657,-64.4717
120,4007,80,100.1160,-64.2809
120,4007,88,100.2219,-63.5715
120,4007,96,100.5386,-59.9043
120,4007,104,101.1857,-50.6009
120,4007,112,101.3134,-48.4766
120,4007,120,101.3523,-47.7490
120,4007,128,101.3923,-46.9417
120,4007,136,101.5707,-41.9003
120,4007,144,101.7524,-30.5098
120,4007,152,101.8064,-25.4237
120,4007,160,101.8781,-18.4710
120,4007,168,101.9400,-12.7949
120,4007,176,102.0246,-5.7701
120,4007,184,102.0788,-1.7518
120,4007,192,102.2210,6.9655
120,4007,200,102.4563,15.8251
120,4007,208,102.5578,17.8491
120,4007,216,102.8151,19.4961
120,4007,224,103.2953,14.3352
120,4007,232,103.5170,9.9694
120,4007,240,103.8539,2.2203
120,4007,248,104.5381,-14.4172
120,4007,256,104.7212,-18.5969
120,4007,264,105.3546,-31.1191
120,4007,272,106.2596,-44.2910
120,4007,280,106.8730,-51.4669
120,4007,288,107.0083,-52.8279
120,4007,296,107.8178,-58.7889
120,4007,304,108.2378,-60.6872
120,4007,312,108.4476,-61.4042
120,4007,320,109.0819,-62.9067
120,4007,328,109.1266,-62.9845
120,4007,336,109.5216,-63.5173
120,4007,344,109.6587,-63.6557
120,4007,352,110.0682,-63.9273
120,4007,360,110.1594,-63.9642
120,4007,368,110.2977,-64.0020
120,4007,376,110.5239,-64.0143
120,4007,384,110.5870,-64.0074
120,4007,392,110.9652,-63.8840
120,4007,400,111.5492,-63.6399
120,4007,408,111.5845,-63.6267
120,4007,416,111.7464,-63.5485
120,4007,424,111.8487,-63.4840
120,4007,432,112.3770,-63.0646
120,4007,440,113.1015,-62.6148
120,4007,448,113.2940,-62.5232
120,4007,456,113.8011,-62.3053
120,4007,464,113.8682,-62.2800
120,4007,472,113.9605,-62.2391
120,4007,480,114.5271,-61.9254
120,4007,488,114.7254,-61.8281
120,4007,496,115.0650,-61.6621
120,4007,504,115.4836,-61.4842
120,4007,512,115.6307,-61.4261
120,4007,520,116.1076,-61.2506
120,4007,528,116.8404,-61.1266
120,4007,536,116.8680,-61.1258
120,4007,544,117.1869,-61.1026
120,4007,552,118.2753,-61.1293
120,4007,560,119.7302,-61.5967
120,4007,568,119.8033,-61.6269
120,4007,576,120.2631,-61.7653
120,4007,584,120.4415,-61.8089
120,4007,592,120.7512,-61.8524
120,4007,600,121.4056,-61.8907
120,4007,608,121.4799,-61.8957
120,4007,616,121.8847,-61.8864
120,4007,624,122.3146,-61.8695
120,4007,632,122.5182,-61.8582
120,4007,640,123.1726,-61.7831
120,4007,648,123.8595,-61.7803
120,4007,656,124.0452,-61.7875
120,4007,664,124.3508,-61.7795
120,4007,672,124.5598,-61.7590
120,4007,680,125.2106,-61.6422
120,4007,688,125.2489,-61.6367
120,4007,696,125.4575,-61.5969
120,4007,704,125.5207,-61.5819
120,4007,712,125.7865,-61.4933
120,4007,720,125.8426,-61.4713
120,4007,728,126.0480,-61.3776
120,4007,736,126.6130,-61.0863
120,4007,744,127.1554,-60.8893
120,4007,752,127.3577,-60.8331
120,4007,760,128.0226,-60.6593
120,4007,768,129.4930,-60.7379
120,4007,776,132.5529,-62.1384
120,4007,784,135.6128,-63.4927
120,4007,792,138.6728,-64.2449
120,4007,800,141.7327,-64.5631
120,4007,808,145.2429,-64.6681
120,4007,816,153.6437,-64.6258
120,4007,824,170.7425,-64.5638
120,4007,832,187.8412,-64.5606
120,4007,840,207.1074,-64.5605
120,4007,848,391.4127,-64.5610
120,4008,0,0.0000,-65.0000
120,4008,8,0.0699,-64.9855
120,4008,16,0.6811,-64.9173
120,4008,24,5.5147,-64.6276
120,4008,32,14.0905,-64.5433
120,4008,40,22.6664,-64.5540
120,4008,48,36.8228,-64.5609
120,4008,56,100.0000,-64.5618
120,4008,64,100.0303,-64.5431
120,4008,72,100.0657,-64.4717
120,4008,80,100.1160,-64.2809
120,4008,88,100.2219,-63.5715
120,4008,96,100.5386,-59.9043
120,4008,104,101.1857,-50.6009
120,4008,112,101.3134,-48.4766
120,4008,120,101.3523,-47.7490
120,4008,128,101.3923,-46.9417
120,4008,136,101.5707,-41.9003
120,4008,144,101.7524,-30.5098
120,4008,152,101.8064,-25.4237
120,4008,160,101.8781,-18.4710
120,4008,168,101.9400,-12.7949
120,4008,176,102.0246,-5.7701
120,4008,184,102.0788,-1.7518
120,4008,192,102.2210,6.9655
120,4008,200,102.4563,15.8251
120,4008,208,102.5578,17.8491
120,4008,216,102.8151,19.4961
120,4008,224,103.2953,14.3352
120,4008,232,103.5170,9.9694
120,4008,240,103.8539,2.2203
120,4008,248,104.5381,-14.4172
120,4008,256,104.7212,-18.5969
120,4008,264,105.3546,-31.1191
120,4008,272,106.2596,-44.2910
120,4008,280,106.8730,-51.4669
120,4008,288,107.0083,-52.8279
120,4008,296,107.8178,-58.7889
120,4008,304,108.2378,-60.6872
120,4008,312,108.4476,-61.4042
120,4008,320,109.0819,-62.9067
120,4008,328,109.1266,-62.9845
120,4008,336,109.5216,-63.5173
120,4008,344,109.6587,-63.6557
120,4008,352,110.0682,-63.9273
120,4008,360,110.1594,-63.9642
120,4008,368,110.2977,-64.0020
120,4008,376,110.5239,-64.0143
120,4008,384,110.5870,-64.0074
120,4008,392,110.9652,-63.8840
120,4008,400,111.5492,-63.6399
120,4008,408,111.5845,-63.6267
120,4008,416,111.7464,-63.5485
120,4008,424,111.8487,-63.4840
120,4008,432,112.3770,-63.0646
120,4008,440,113.1015,-62.6148
120,4008,448,113.2940,-62.5232
120,4008,456,113.8011,-62.3053
120,4008,464,113.8682,-62.2800
120,4008,472,113.9605,-62.2391
120,4008,480,114.5271,-61.9254
120,4008,488,114.7254,-61.8281
120,4008,496,115.0650,-61.6621
120,4008,504,115.4836,-61.4842
120,4008,512,115.6307,-61.4261
120,4008,520,116.1076,-61.2506
120,4008,528,116.8404,-61.1266
120,4008,536,116.8680,-61.1258
120,4008,544,117.1869,-61.1026
120,4008,552,118.2753,-61.1293
120,4008,560,119.7302,-61.5967
120,4008,568,119.8033,-61.6269
120,4008,576,120.2631,-61.7653
120,4008,584,120.4415,-61.8089
120,4008,592,120.7512,-61.8524
120,4008,600,121.4056,-61.8907
120,4008,608,121.4799,-61.8957
120,4008,616,121.8847,-61.8864
120,4008,624,122.3146,-61.8695
120,4008,632,122.5182,-61.8582
120,4008,640,123.1726,-61.7831
120,4008,648,123.8595,-61.7803
120,4008,656,124.0452,-61.7875
120,4008,664,124.3508,-61.7795
120,4008,672,124.5598,-61.7590
120,4008,680,125.2106,-61.6422
120,4008,688,125.2489,-61.6367
120,4008,696,125.4575,-61.5969
120,4008,704,125.5207,-61.5819
120,4008,712,125.7865,-61.4933
120,4008,720,125.8426,-61.4713
120,4008,728,126.0480,-61.3776
120,4008,736,126.6130,-61.0863
120,4008,744,127.1554,-60.8893
120,4008,752,127.3577,-60.8331
120,4008,760,128.0226,-60.6593
120,4008,768,129.4930,-60.7379
120,4008,776,132.5529,-62.1384
120,4008,784,135.6128,-63.4927
120,4008,792,138.6728,-64.2449
120,4008,800,141.7327,-64.5631
120,4008,808,145.2429,-64.6681
120,4008,816,153.6437,-64.6258
120,4008,824,170.7425,-64.5638
120,4008,832,187.8412,-64.5606
120,4008,840,207.1074,-64.5605
120,4008,848,391.4127,-64.5610
120,4009,0,0.0000,-65.0000
120,4009,8,0.0699,-64.9855
120,4009,16,0.6811,-64.9173
120,4009,24,5.5147,-64.6276
120,4009,32,14.0905,-64.5433
120,4009,40,22.6664,-64.5540
120,4009,48,36.8228,-64.5609
120,4009,56,100.0000,-64.5618
120,4009,64,100.0303,-64.5431
120,4009,72,100.0657,-64.4717
120,4009,80,100.1160,-64.2809
120,4009,88,100.2219,-63.5715
120,4009,96,100.5386,-59.9043
120,4009,104,101.1857,-50.6009
120,4009,112,101.3134,-48.4766
120,4009,120,101.3523,-47.7490
120,4009,128,101.3923,-46.9417
120,4009,136,101.5707,-41.9003
120,4009,144,101.7524,-30.5098
120,4009,152,101.8064,-25.4237
120,4009,160,101.8781,-18.4710
120,4009,168,101.9400,-12.7949
120,4009,176,102.0246,-5.7701
120,4009,184,102.0788,-1.7518
120,4009,192,102.2210,6.9655
120,4009,200,102.4563,15.8251
120,4009,208,102.5578,17.8491
120,4009,216,102.8151,19.4961
120,4009,224,103.2953,14.3352
120,4009,232,103.5170,9.9694
120,4009,240,103.8539,2.2203
120,4009,248,104.5381,-14.4172
120,4009,256,104.7212,-18.5969
120,4009,264,105.3546,-31.1191
120,4009,272,106.2596,-44.2910
120,4009,280,106.8730,-51.4669
120,4009,288,107.0083,-52.8279
120,4009,296,107.8178,-58.7889
120,4009,304,108.2378,-60.6872
120,4009,312,108.4476,-61.4042
120,4009,320,109.0819,-62.9067
120,4009,328,109.1266,-62.9845
120,4009,336,109.5216,-63.5173
120,4009,344,109.6587,-63.6557
120,4009,352,110.0682,-63.9273
120,4009,360,110.1594,-63.9642
120,4009,368,110.2977,-64.0020
120,4009,376,110.5239,-64.0143
120,4009,384,110.5870,-64.0074
120,4009,392,110.9652,-63.8840
120,4009,400,111.5492,-63.6399
120,4009,408,111.5845,-63.6267
120,4009,416,111.7464,-63.5485
120,4009,424,111.8487,-63.4840
120,4009,432,112.3770,-63.0646
120,4009,440,113.1015,-62.6148
120,4009,448,113.2940,-62.5232
120,4009,456,113.8011,-62.3053
120,4009,464,113.8682,-62.2800
120,4009,472,113.9605,-62.2391
120,4009,480,114.5271,-61.9254
120,4009,488,114.7254,-61.8281
120,4009,496,115.0650,-61.6621
120,4009,504,115.4836,-61.4842
120,4009,512,115.6307,-61.4261
120,4009,520,116.1076,-61.2506
120,4009,528,116.8404,-61.1266
120,4009,536,116.8680,-61.1258
120,4009,544,117.1869,-61.1026
120,4009,552,118.2753,-61.1293
120,4009,560,119.7302,-61.5967
120,4009,568,119.8033,-61.6269
120,4009,576,120.2631,-61.7653
120,4009,584,120.4415,-61.8089
120,4009,592,120.7512,-61.8524
120,4009,600,121.4056,-61.8907
120,4009,608,121.4799,-61.8957
120,4009,616,121.8847,-61.8864
120,4009,624,122.3146,-61.8695
120,4009,632,122.5182,-61.8582
120,4009,640,123.1726,-61.7831
120,4009,648,123.8595,-61.7803
120,4009,656,124.0452,-61.7875
120,4009,664,124.3508,-61.7795
120,4009,672,124.5598,-61.7590
120,4009,680,125.2106,-61.6422
120,4009,688,125.2489,-61.6367
120,4009,696,125.4575,-61.5969
120,4009,704,125.5207,-61.5819
120,4009,712,125.7865,-61.4933
120,4009,720,125.8426,-61.4713
120,4009,728,126.0480,-61.3776
120,4009,736,126.6130,-61.0863
120,4009,744,127.1554,-60.8893
120,4009,752,127.3577,-60.8331
120,4009,760,128.0226,-60.6593
120,4009,768,129.4930,-60.7379
120,4009,776,132.5529,-62.1384
120,4009,784,135.6128,-63.4927
120,4009,792,138.6728,-64.2449
120,4009,800,141.7327,-64.5631
120,4009,808,145.2429,-64.6681
120,4009,816,153.6437,-64.6258
120,4009,824,170.7425,-64.5638
120,4009,832,187.8412,-64.5606
120,4009,840,207.1074,-64.5605
120,4009,848,391.4127,-64.5610
120,4010,0,0.0000,-65.0000
120,4010,8,0.0699,-64.9855
120,4010,16,0.6811,-64.9173
120,4010,24,5.5147,-64.6276
120,4010,32,14.0905,-64.5433
120,4010,40,22.6664,-64.5540
120,4010,48,36.8228,-64.5609
120,4010,56,100.0000,-64.5618
120,4010,64,100.0303,-64.5431
120,4010,72,100.0657,-64.4717
120,4010,80,100.1160,-64.2809
120,4010,88,100.2219,-63.5715
120,4010,96,100.5386,-59.9043
120,4010,104,101.1857,-50.6009
120,4010,112,101.3134,-48.4766
120,4010,120,101.3523,-47.7490
120,4010,128,101.3923,-46.9417
120,4010,136,101.5707,-41.9003
120,4010,144,101.7524,-30.5098
120,4010,152,101.8064,-25.4237
120,4010,160,101.8781,-18.4710
120,4010,168,101.9400,-12.7949
120,4010,176,102.0246,-5.7701
120,4010,184,102.0788,-1.7518
120,4010,192,102.2210,6.9655
120,4010,200,102.4563,15.8251
120,4010,208,102.5578,17.8491
120,4010,216,102.8151,19.4961
120,4010,224,103.2953,14.3352
120,4010,232,103.5170,9.9694
120,4010,240,103.8539,2.2203
120,4010,248,104.5381,-14.4172
120,4010,256,104.7212,-18.5969
120,4010,264,105.3546,-31.1191
120,4010,272,106.2596,-44.2910
120,4010,280,106.8730,-51.4669
120,4010,288,107.0083,-52.8279
120,4010,296,107.8178,-58.7889
120,4010,304,108.2378,-60.6872
120,4010,312,108.4476,-61.4042
120,4010,320,109.0819,-62.9067
120,4010,328,109.1266,-62.9845
120,4010,336,109.5216,-63.5173
120,4010,344,109.6587,-63.6557
120,4010,352,110.0682,-63.9273
120,4010,360,110.1594,-63.9642
120,4010,368,110.2977,-64.0020
120,4010,376,110.5239,-64.0143
120,4010,384,110.5870,-64.0074
120,4010,392,110.9652,-63.8840
120,4010,400,111.5492,-63.6399
120,4010,408,111.5845,-63.6267
120,4010,416,111.7464,-63.5485
120,4010,424,111.8487,-63.4840
120,4010,432,112.3770,-63.0646
120,4010,440,113.1015,-62.6148
120,4010,448,113.2940,-62.5232
120,4010,456,113.8011,-62.3053
120,4010,464,113.8682,-62.2800
120,4010,472,113.9605,-62.2391
120,4010,480,114.5271,-61.9254
120,4010,488,114.7254,-61.8281
120,4010,496,115.0650,-61.6621
120,4010,504,115.4836,-61.4842
120,4010,512,115.6307,-61.4261
120,4010,520,116.1076,-61.2506
120,4010,528,116.8404,-61.1266
120,4010,536,116.8680,-61.1258
120,4010,544,117.1869,-61.1026
120,4010,552,118.2753,-61.1293
120,4010,560,119.7302,-61.5967
120,4010,568,119.8033,-61.6269
120,4010,576,120.2631,-61.7653
120,4010,584,120.4415,-61.8089
120,4010,592,120.7512,-61.8524
120,4010,600,121.4056,-61.8907
120,4010,608,121.4799,-61.8957
120,4010,616,121.8847,-61.8864
120,4010,624,122.3146,-61.8695
120,4010,632,122.5182,-61.8582
120,4010,640,123.1726,-61.7831
120,4010,648,123.8595,-61.7803
120,4010,656,124.0452,-61.7875
120,4010,664,124.3508,-61.7795
120,4010,672,124.5598,-61.7590
120,4010,680,125.2106,-61.6422
120,4010,688,125.2489,-61.6367
120,4010,696,125.4575,-61.5969
120,4010,704,125.5207,-61.5819
120,4010,712,125.7865,-61.4933
120,4010,720,125.8426,-61.4713
120,4010,728,126.0480,-61.3776
120,4010,736,126.6130,-61.0863
120,4010,744,127.1554,-60.8893
120,4010,752,127.3577,-60.8331
120,4010,760,128.0226,-60.6593
120,4010,768,129.4930,-60.7379
120,4010,776,132.5529,-62.1384
120,4010,784,135.6128,-63.4927
120,4010,792,138.6728,-64.2449
120,4010,800,141.7327,-64.5631
120,4010,808,145.2429,-64.6681
120,4010,816,153.6437,-64.6258
120,4010,824,170.7425,-64.5638
120,4010,832,187.8412,-64.5606
120,4010,840,207.1074,-64.5605
120,4010,848,391.4127,-64.5610
150,5001,0,0.0000,-65.0000
150,5001,8,0.0699,-64.9855
150,5001,16,0.6811,-64.9173
150,5001,24,5.5147,-64.6276
150,5001,32,14.0905,-64.5433
150,5001,40,22.6664,-64.5540
150,5001,48,36.8228,-64.5609
150,5001,56,100.0000,-64.5618
150,5001,64,100.0302,-64.5437
150,5001,72,100.0521,-64.5041
150,5001,80,100.1640,-63.9792
150,5001,88,100.2218,-63.5235
150,5001,96,100.4145,-61.3783
150,5001,104,100.4540,-60.8559
150,5001,112,100.5070,-60.1265
150,5001,120,100.6537,-57.9916
150,5001,128,100.7865,-55.9783
150,5001,136,101.0516,-51.8599
150,5001,144,101.0911,-51.2223
150,5001,152,101.2908,-47.6570
150,5001,160,101.6275,-35.4560
150,5001,168,101.8306,-16.9946
150,5001,176,102.0338,-0.4109
150,5001,184,102.3022,13.2443
150,5001,192,102.4321,16.7944
150,5001,200,102.6065,19.1840
150,5001,208,102.6285,19.3252
150,5001,216,102.7198,19.5950
150,5001,224,102.8370,19.2838
150,5001,232,103.1991,14.9901
150,5001,240,103.2545,14.0166
150,5001,248,103.6025,6.7677
150,5001,256,103.9092,-0.5438
150,5001,264,104.0383,-3.7104
150,5001,272,104.3149,-10.4460
150,5001,280,104.4774,-14.2849
150,5001,288,104.9283,-24.0881
150,5001,296,105.0007,-25.5178
150,5001,304,105.3271,-31.4303
150,5001,312,105.3564,-31.9191
150,5001,320,105.5078,-34.3389
150,5001,328,106.0562,-41.9164
150,5001,336,106.7469,-49.8875
150,5001,344,107.4377,-55.9029
150,5001,352,108.1536,-59.7680
150,5001,360,108.2199,-60.0311
150,5001,368,108.4743,-60.9067
150,5001,376,108.6393,-61.3772
150,5001,384,108.9788,-62.1286
150,5001,392,109.3313,-62.6868
150,5001,400,109.5455,-62.9367
150,5001,408,109.6765,-63.0528
150,5001,416,109.8460,-63.1642
150,5001,424,109.9398,-63.2069
150,5001,432,109.9980,-63.2251
150,5001,440,110.2759,-63.2129
150,5001,448,110.6240,-63.0849
150,5001,456,110.7231,-63.0397
150,5001,464,111.2811,-62.7419
150,5001,472,111.3310,-62.7177
150,5001,480,111.5390,-62.6155
150,5001,488,111.7844,-62.4932
150,5001,496,111.9158,-62.4262
150,5001,504,112.5397,-62.1171
150,5001,512,112.8837,-62.0074
150,5001,520,112.9530,-61.9898
150,5001,528,113.3103,-61.8475
150,5001,536,113.7347,-61.6726
150,5001,544,113.9054,-61.6100
150,5001,552,113.9790,-61.5805
150,5001,560,114.5067,-61.3187
150,5001,568,115.7792,-61.0554
150,5001,576,116.4141,-61.1666
150,5001,584,116.4725,-61.1813
150,5001,592,116.6789,-61.2079
150,5001,600,117.2737,-61.1893
150,5001,608,118.5820,-61.3517
150,5001,616,119.3729,-61.6291
150,5001,624,119.4655,-61.6646
150,5001,632,119.6378,-61.7093
150,5001,640,120.2349,-61.7325
150,5001,648,121.5586,-61.8648
150,5001,656,124.4261,-62.8747
150,5001,664,128.6398,-64.1251
150,5001,672,134.8896,-64.6623
150,5001,680,142.8605,-64.6457
150,5001,688,150.8315,-64.5880
150,5001,696,169.9725,-64.5620
150,5001,704,278.2629,-64.5613
150,5002,0,0.0000,-65.0000
150,5002,8,0.0699,-64.9855
150,5002,16,0.6811,-64.9173
150,5002,24,5.5147,-64.6276
150,5002,32,14.0905,-64.5433
150,5002,40,22.6664,-64.5540
150,5002,48,36.8228,-64.5609
150,5002,56,100.0000,-64.5618
150,5002,64,100.0302,-64.5437
150,5002,72,100.0521,-64.5041
150,5002,80,100.1640,-63.9792
150,5002,88,100.2218,-63.5235
150,5002,96,100.4145,-61.3783
150,5002,104,100.4540,-60.8559
150,5002,112,100.5070,-60.1265
150,5002,120,100.6537,-57.9916
150,5002,128,100.7865,-55.9783
150,5002,136,101.0516,-51.8599
150,5002,144,101.0911,-51.2223
150,5002,152,101.2908,-47.6570
150,5002,160,101.6275,-35.4560
150,5002,168,101.8306,-16.9946
150,5002,176,102.0338,-0.4109
150,5002,184,102.3022,13.2443
150,5002,192,102.4321,16.7944
150,5002,200,102.6065,19.1840
150,5002,208,102.6285,19.3252
150,5002,216,102.7198,19.5950
150,5002,224,102.8370,19.2838
150,5002,232,103.1991,14.9901
150,5002,240,103.2545,14.0166
150,5002,248,103.6025,6.7677
150,5002,256,103.9092,-0.5438
150,5002,264,104.0383,-3.7104
150,5002,272,104.3149,-10.4460
150,5002,280,104.4774,-14.2849
150,5002,288,104.9283,-24.0881
150,5002,296,105.0007,-25.5178
150,5002,304,105.3271,-31.4303
150,5002,312,105.3564,-31.9191
150,5002,320,105.5078,-34.3389
150,5002,328,106.0562,-41.9164
150,5002,336,106.7469,-49.8875
150,5002,344,107.4377,-55.9029
150,5002,352,108.1536,-59.7680
150,5002,360,108.2199,-60.0311
150,5002,368,108.4743,-60.9067
150,5002,376,108.6393,-61.3772
150,5002,384,108.9788,-62.1286
150,5002,392,109.3313,-62.6868
150,5002,400,109.5455,-62.9367
150,5002,408,109.6765,-63.0528
150,5002,416,109.8460,-63.1642
150,5002,424,109.9398,-63.2069
150,5002,432,109.9980,-63.2251
150,5002,440,110.2759,-63.2129
150,5002,448,110.6240,-63.0849
150,5002,456,110.7231,-63.0397
150,5002,464,111.2811,-62.7419
150,5002,472,111.3310,-62.7177
150,5002,480,111.5390,-62.6155
150,5002,488,111.7844,-62.4932
150,5002,496,111.9158,-62.4262
150,5002,504,112.5397,-62.1171
150,5002,512,112.8837,-62.0074
150,5002,520,112.9530,-61.9898
150,5002,528,113.3103,-61.8475
150,5002,536,113.7347,-61.6726
150,5002,544,113.9054,-61.6100
150,5002,552,113.9790,-61.5805
150,5002,560,114.5067,-61.3187
150,5002,568,115.7792,-61.0554
150,5002,576,116.4141,-61.1666
150,5002,584,116.4725,-61.1813
150,5002,592,116.6789,-61.2079
150,5002,600,117.2737,-61.1893
150,5002,608,118.5820,-61.3517
150,5002,616,119.3729,-61.6291
150,5002,624,119.4655,-61.6646
150,5002,632,119.6378,-61.7093
150,5002,640,120.2349,-61.7325
150,5002,648,121.5586,-61.8648
150,5002,656,124.4261,-62.8747
150,5002,664,128.6398,-64.1251
150,5002,672,134.8896,-64.6623
150,5002,680,142.8605,-64.6457
150,5002,688,150.8315,-64.5880
150,5002,696,169.9725,-64.5620
150,5002,704,278.2629,-64.5613
150,5003,0,0.0000,-65.0000
150,5003,8,0.0699,-64.9855
150,5003,16,0.6811,-64.9173
150,5003,24,5.5147,-64.6276
150,5003,32,14.0905,-64.5433
150,5003,40,22.6664,-64.5540
150,5003,48,36.8228,-64.5609
150,5003,56,100.0000,-64.5618
150,5003,64,100.0302,-64.5437
150,5003,72,100.0521,-64.5041
150,5003,80,100.1640,-63.9792
150,5003,88,100.2218,-63.5235
150,5003,96,100.4145,-61.3783
150,5003,104,100.4540,-60.8559
150,5003,112,100.5070,-60.1265
150,5003,120,100.6537,-57.9916
150,5003,128,100.7865,-55.9783
150,5003,136,101.0516,-51.8599
150,5003,144,101.0911,-51.2223
150,5003,152,101.2908,-47.6570
150,5003,160,101.6275,-35.4560
150,5003,168,101.8306,-16.9946
150,5003,176,102.0338,-0.4109
150,5003,184,102.3022,13.2443
150,5003,192,102.4321,16.7944
150,5003,200,102.6065,19.1840
150,5003,208,102.6285,19.3252
150,5003,216,102.7198,19.5950
150,5003,224,102.8370,19.2838
150,5003,232,103.1991,14.9901
150,5003,240,103.2545,14.0166
150,5003,248,103.6025,6.7677
150,5003,256,103.9092,-0.5438
150,5003,264,104.0383,-3.7104
150,5003,272,104.3149,-10.4460
150,5003,280,104.4774,-14.2849
150,5003,288,104.9283,-24.0881
150,5003,296,105.0007,-25.5178
150,5003,304,105.3271,-31.4303
150,5003,312,105.3564,-31.9191
150,5003,320,105.5078,-34.3389
150,5003,328,106.0562,-41.9164
150,5003,336,106.7469,-49.8875
150,5003,344,107.4377,-55.9029
150,5003,352,108.1536,-59.7680
150,5003,360,108.2199,-60.0311
150,5003,368,108.4743,-60.9067
150,5003,376,108.6393,-61.3772
150,5003,384,108.9788,-62.1286
150,5003,392,109.3313,-62.6868
150,5003,400,109.5455,-62.9367
150,5003,408,109.6765,-63.0528
150,5003,416,109.8460,-63.1642
150,5003,424,109.9398,-63.2069
150,5003,432,109.9980,-63.2251
150,5003,440,110.2759,-63.2129
150,5003,448,110.6240,-63.0849
150,5003,456,110.7231,-63.0397
150,5003,464,111.2811,-62.7419
150,5003,472,111.3310,-62.7177
150,5003,480,111.5390,-62.6155
150,5003,488,111.7844,-62.4932
150,5003,496,111.9158,-62.4262
150,5003,504,112.5397,-62.1171
150,5003,512,112.8837,-62.0074
150,5003,520,112.9530,-61.9898
150,5003,528,113.3103,-61.8475
150,5003,536,113.7347,-61.6726
150,5003,544,113.9054,-61.6100
150,5003,552,113.9790,-61.5805
150,5003,560,114.5067,-61.3187
150,5003,568,115.7792,-61.0554
150,5003,576,116.4141,-61.1666
150,5003,584,116.4725,-61.1813
150,5003,592,116.6789,-61.2079
150,5003,600,117.2737,-61.1893
150,5003,608,118.5820,-61.3517
150,5003,616,119.3729,-61.6291
150,5003,624,119.4655,-61.6646
150,5003,632,119.6378,-61.7093
150,5003,640,120.2349,-61.7325
150,5003,648,121.5586,-61.8648
150,5003,656,124.4261,-62.8747
150,5003,664,128.6398,-64.1251
150,5003,672,134.8896,-64.6623
150,5003,680,142.8605,-64.6457
150,5003,688,150.8315,-64.5880
150,5003,696,169.9725,-64.5620
150,5003,704,278.2629,-64.5613
150,5004,0,0.0000,-65.0000
150,5004,8,0.0699,-64.9855
150,5004,16,0.6811,-64.9173
150,5004,24,5.5147,-64.6276
150,5004,32,14.0905,-64.5433
150,5004,40,22.6664,-64.5540
150,5004,48,36.8228,-64.5609
150,5004,56,100.0000,-64.5618
150,5004,64,100.0302,-64.5437
150,5004,72,100.0521,-64.5041
150,5004,80,100.1640,-63.9792
150,5004,88,100.2218,-63.5235
150,5004,96,100.4145,-61.3783
150,5004,104,100.4540,-60.8559
150,5004,112,100.5070,-60.1265
150,5004,120,100.6537,-57.9916
150,5004,128,100.7865,-55.9783
150,5004,136,101.0516,-51.8599
150,5004,144,101.0911,-51.2223
150,5004,152,101.2908,-47.6570
150,5004,160,101.6275,-35.4560
150,5004,168,101.8306,-16.9946
150,5004,176,102.0338,-0.4109
150,5004,184,102.3022,13.2443
150,5004,192,102.4321,16.7944
150,5004,200,102.6065,19.1840
150,5004,208,102.6285,19.3252
150,5004,216,102.7198,19.5950
150,5004,224,102.8370,19.2838
150,5004,232,103.1991,14.9901
150,5004,240,103.2545,14.0166
150,5004,248,103.6025,6.7677
150,5004,256,103.9092,-0.5438
150,5004,264,104.0383,-3.7104
150,5004,272,104.3149,-10.4460
150,5004,280,104.4774,-14.2849
150,5004,288,104.9283,-24.0881
150,5004,296,105.0007,-25.5178
150,5004,304,105.3271,-31.4303
150,5004,312,105.3564,-31.9191
150,5004,320,105.5078,-34.3389
150,5004,328,106.0562,-41.9164
150,5004,336,106.7469,-49.8875
150,5004,344,107.4377,-55.9029
150,5004,352,108.1536,-59.7680
150,5004,360,108.2199,-60.0311
150,5004,368,108.4743,-60.9067
150,5004,376,108.6393,-61.3772
150,5004,384,108.9788,-62.1286
150,5004,392,109.3313,-62.6868
150,5004,400,109.5455,-62.9367
150,5004,408,109.6765,-63.0528
150,5004,416,109.8460,-63.1642
150,5004,424,109.9398,-63.2069
150,5004,432,109.9980,-63.2251
150,5004,440,110.2759,-63.2129
150,5004,448,110.6240,-63.0849
150,5004,456,110.7231,-63.0397
150,5004,464,111.2811,-62.7419
150,5004,472,111.3310,-62.7177
150,5004,480,111.5390,-62.6155
150,5004,488,111.7844,-62.4932
150,5004,496,111.9158,-62.4262
150,5004,504,112.5397,-62.1171
150,5004,512,112.8837,-62.0074
150,5004,520,112.9530,-61.9898
150,5004,528,113.3103,-61.8475
150,5004,536,113.7347,-61.6726
150,5004,544,113.9054,-61.6100
150,5004,552,113.9790,-61.5805
150,5004,560,114.5067,-61.3187
150,5004,568,115.7792,-61.0554
150,5004,576,116.4141,-61.1666
150,5004,584,116.4725,-61.1813
150,5004,592,116.6789,-61.2079
150,5004,600,117.2737,-61.1893
150,5004,608,118.5820,-61.3517
150,5004,616,119.3729,-61.6291
150,5004,624,119.4655,-61.6646
150,5004,632,119.6378,-61.7093
150,5004,640,120.2349,-61.7325
150,5004,648,121.5586,-61.8648
150,5004,656,124.4261,-62.8747
150,5004,664,128.6398,-64.1251
150,5004,672,134.8896,-64.6623
150,5004,680,142.8605,-64.6457
150,5004,688,150.8315,-64.5880
150,5004,696,169.9725,-64.5620
150,5004,704,278.2629,-64.5613
150,5005,0,0.0000,-65.0000
150,5005,8,0.0699,-64.9855
150,5005,16,0.6811,-64.9173
150,5005,24,5.5147,-64.6276
150,5005,32,14.0905,-64.5433
150,5005,40,22.6664,-64.5540
150,5005,48,36.8228,-64.5609
150,5005,56,100.0000,-64.5618
150,5005,64,100.0302,-64.5437
150,5005,72,100.0521,-64.5041
150,5005,80,100.1640,-63.9792
150,5005,88,100.2218,-63.5235
150,5005,96,100.4145,-61.3783
150,5005,104,100.4540,-60.8559
150,5005,112,100.5070,-60.1265
150,5005,120,100.6537,-57.9916
150,5005,128,100.7865,-55.9783
150,5005,136,101.0516,-51.8599
150,5005,144,101.0911,-51.2223
150,5005,152,101.2908,-47.6570
150,5005,160,101.6275,-35.4560
150,5005,168,101.8306,-16.9946
150,5005,176,102.0338,-0.4109
150,5005,184,102.3022,13.2443
150,5005,192,102.4321,16.7944
150,5005,200,102.6065,19.1840
150,5005,208,102.6285,19.3252
150,5005,216,102.7198,19.5950
150,5005,224,102.8370,19.2838
150,5005,232,103.1991,14.9901
150,5005,240,103.2545,14.0166
150,5005,248,103.6025,6.7677
150,5005,256,103.9092,-0.5438
150,5005,264,104.0383,-3.7104
150,5005,272,104.3149,-10.4460
150,5005,280,104.4774,-14.2849
150,5005,288,104.9283,-24.0881
150,5005,296,105.0007,-25.5178
150,5005,304,105.3271,-31.4303
150,5005,312,105.3564,-31.9191
150,5005,320,105.5078,-34.3389
150,5005,328,106.0562,-41.9164
150,5005,336,106.7469,-49.8875
150,5005,344,107.4377,-55.9029
150,5005,352,108.1536,-59.7680
150,5005,360,108.2199,-60.0311
150,5005,368,108.4743,-60.9067
150,5005,376,108.6393,-61.3772
150,5005,384,108.9788,-62.1286
150,5005,392,109.3313,-62.6868
150,5005,400,109.5455,-62.9367
150,5005,408,109.6765,-63.0528
150,5005,416,109.8460,-63.1642
150,5005,424,109.9398,-63.2069
150,5005,432,109.9980,-63.2251
150,5005,440,110.2759,-63.2129
150,5005,448,110.6240,-63.0849
150,5005,456,110.7231,-63.0397
150,5005,464,111.2811,-62.7419
150,5005,472,111.3310,-62.7177
150,5005,480,111.5390,-62.6155
150,5005,488,111.7844,-62.4932
150,5005,496,111.9158,-62.4262
150,5005,504,112.5397,-62.1171
150,5005,512,112.8837,-62.0074
150,5005,520,112.9530,-61.9898
150,5005,528,113.3103,-61.8475
150,5005,536,113.7347,-61.6726
150,5005,544,113.9054,-61.6100
150,5005,552,113.9790,-61.5805
150,5005,560,114.5067,-61.3187
150,5005,568,115.7792,-61.0554
150,5005,576,116.4141,-61.1666
150,5005,584,116.4725,-61.1813
150,5005,592,116.6789,-61.2079
150,5005,600,117.2737,-61.1893
150,5005,608,118.5820,-61.3517
150,5005,616,119.3729,-61.6291
150,5005,624,119.4655,-61.6646
150,5005,632,119.6378,-61.7093
150,5005,640,120.2349,-61.7325
150,5005,648,121.5586,-61.8648
150,5005,656,124.4261,-62.8747
150,5005,664,128.6398,-64.1251
150,5005,672,134.8896,-64.6623
150,5005,680,142.8605,-64.6457
150,5005,688,150.8315,-64.5880
150,5005,696,169.9725,-64.5620
150,5005,704,278.2629,-64.5613
150,5006,0,0.0000,-65.0000
150,5006,8,0.0699,-64.9855
150,5006,16,0.6811,-64.9173
150,5006,24,5.5147,-64.6276
150,5006,32,14.0905,-64.5433
150,5006,40,22.6664,-64.5540
150,5006,48,36.8228,-64.5609
150,5006,56,100.0000,-64.5618
150,5006,64,100.0302,-64.5437
150,5006,72,100.0521,-64.5041
150,5006,80,100.1640,-63.9792
150,5006,88,100.2218,-63.5235
150,5006,96,100.4145,-61.3783
150,5006,104,100.4540,-60.8559
150,5006,112,100.5070,-60.1265
150,5006,120,100.6537,-57.9916
150,5006,128,100.7865,-55.9783
150,5006,136,101.0516,-51.8599
150,5006,144,101.0911,-51.2223
150,5006,152,101.2908,-47.6570
150,5006,160,101.6275,-35.4560
150,5006,168,101.8306,-16.9946
150,5006,176,102.0338,-0.4109
150,5006,184,102.3022,13.2443
150,5006,192,102.4321,16.7944
150,5006,200,102.6065,19.1840
150,5006,208,102.6285,19.3252
150,5006,216,102.7198,19.5950
150,5006,224,102.8370,19.2838
150,5006,232,103.1991,14.9901
150,5006,240,103.2545,14.0166
150,5006,248,103.6025,6.7677
150,5006,256,103.9092,-0.5438
150,5006,264,104.0383,-3.7104
150,5006,272,104.3149,-10.4460
150,5006,280,104.4774,-14.2849
150,5006,288,104.9283,-24.0881
150,5006,296,105.0007,-25.5178
150,5006,304,105.3271,-31.4303
150,5006,312,105.3564,-31.9191
150,5006,320,105.5078,-34.3389
150,5006,328,106.0562,-41.9164
150,5006,336,106.7469,-49.8875
150,5006,344,107.4377,-55.9029
150,5006,352,108.1536,-59.7680
150,5006,360,108.2199,-60.0311
150,5006,368,108.4743,-60.9067
150,5006,376,108.6393,-61.3772
150,5006,384,108.9788,-62.1286
150,5006,392,109.3313,-62.6868
150,5006,400,109.5455,-62.9367
150,5006,408,109.6765,-63.0528
150,5006,416,109.8460,-63.1642
150,5006,424,109.9398,-63.2069
150,5006,432,109.9980,-63.2251
150,5006,440,110.2759,-63.2129
150,5006,448,110.6240,-63.0849
150,5006,456,110.7231,-63.0397
150,5006,464,111.2811,-62.7419
150,5006,472,111.3310,-62.7177
150,5006,480,111.5390,-62.6155
150,5006,488,111.7844,-62.4932
150,5006,496,111.9158,-62.4262
150,5006,504,112.5397,-62.1171
150,5006,512,112.8837,-62.0074
150,5006,520,112.9530,-61.9898
150,5006,528,113.3103,-61.8475
150,5006,536,113.7347,-61.6726
150,5006,544,113.9054,-61.6100
150,5006,552,113.9790,-61.5805
150,5006,560,114.5067,-61.3187
150,5006,568,115.7792,-61.0554
150,5006,576,116.4141,-61.1666
150,5006,584,116.4725,-61.1813
150,5006,592,116.6789,-61.2079
150,5006,600,117.2737,-61.1893
150,5006,608,118.5820,-61.3517
150,5006,616,119.3729,-61.6291
150,5006,624,119.4655,-61.6646
150,5006,632,119.6378,-61.7093
150,5006,640,120.2349,-61.7325
150,5006,648,121.5586,-61.8648
150,5006,656,124.4261,-62.8747
150,5006,664,128.6398,-64.1251
150,5006,672,134.8896,-64.6623
150,5006,680,142.8605,-64.6457
150,5006,688,150.8315,-64.5880
150,5006,696,169.9725,-64.5620
150,5006,704,278.2629,-64.5613
150,5007,0,0.0000,-65.0000
150,5007,8,0.0699,-64.9855
150,5007,16,0.6811,-64.9173
150,5007,24,5.5147,-64.6276
150,5007,32,14.0905,-64.5433
150,5007,40,22.6664,-64.5540
150,5007,48,36.8228,-64.5609
150,5007,56,100.0000,-64.5618
150,5007,64,100.0302,-64.5437
150,5007,72,100.0521,-64.5041
150,5007,80,100.1640,-63.9792
150,5007,88,100.2218,-63.5235
150,5007,96,100.4145,-61.3783
150,5007,104,100.4540,-60.8559
150,5007,112,100.5070,-60.1265
150,5007,120,100.6537,-57.9916
150,5007,128,100.7865,-55.9783
150,5007,136,101.0516,-51.8599
150,5007,144,101.0911,-51.2223
150,5007,152,101.2908,-47.6570
150,5007,160,101.6275,-35.4560
150,5007,168,101.8306,-16.9946
150,5007,176,102.0338,-0.4109
150,5007,184,102.3022,13.2443
150,5007,192,102.4321,16.7944
150,5007,200,102.6065,19.1840
150,5007,208,102.6285,19.3252
150,5007,216,102.7198,19.5950
150,5007,224,102.8370,19.2838
150,5007,232,103.1991,14.9901
150,5007,240,103.2545,14.0166
150,5007,248,103.6025,6.7677
150,5007,256,103.9092,-0.5438
150,5007,264,104.0383,-3.7104
150,5007,272,104.3149,-10.4460
150,5007,280,104.4774,-14.2849
150,5007,288,104.9283,-24.0881
150,5007,296,105.0007,-25.5178
150,5007,304,105.3271,-31.4303
150,5007,312,105.3564,-31.9191
150,5007,320,105.5078,-34.3389
150,5007,328,106.0562,-41.9164
150,5007,336,106.7469,-49.8875
150,5007,344,107.4377,-55.9029
150,5007,352,108.1536,-59.7680
150,5007,360,108.2199,-60.0311
150,5007,368,108.4743,-60.9067
150,5007,376,108.6393,-61.3772
150,5007,384,108.9788,-62.1286
150,5007,392,109.3313,-62.6868
150,5007,400,109.5455,-62.9367
150,5007,408,109.6765,-63.0528
150,5007,416,109.8460,-63.1642
150,5007,424,109.9398,-63.2069
150,5007,432,109.9980,-63.2251
150,5007,440,110.2759,-63.2129
150,5007,448,110.6240,-63.0849
150,5007,456,110.7231,-63.0397
150,5007,464,111.2811,-62.7419
150,5007,472,111.3310,-62.7177
150,5007,480,111.5390,-62.6155
150,5007,488,111.7844,-62.4932
150,5007,496,111.9158,-62.4262
150,5007,504,112.5397,-62.1171
150,5007,512,112.8837,-62.0074
150,5007,520,112.9530,-61.9898
150,5007,528,113.3103,-61.8475
150,5007,536,113.7347,-61.6726
150,5007,544,113.9054,-61.6100
150,5007,552,113.9790,-61.5805
150,5007,560,114.5067,-61.3187
150,5007,568,115.7792,-61.0554
150,5007,576,116.4141,-61.1666
150,5007,584,116.4725,-61.1813
150,5007,592,116.6789,-61.2079
150,5007,600,117.2737,-61.1893
150,5007,608,118.5820,-61.3517
150,5007,616,119.3729,-61.6291
150,5007,624,119.4655,-61.6646
150,5007,632,119.6378,-61.7093
150,5007,640,120.2349,-61.7325
150,5007,648,121.5586,-61.8648
150,5007,656,124.4261,-62.8747
150,5007,664,128.6398,-64.1251
150,5007,672,134.8896,-64.6623
150,5007,680,142.8605,-64.6457
150,5007,688,150.8315,-64.5880
150,5007,696,169.9725,-64.5620
150,5007,704,278.2629,-64.5613
150,5008,0,0.0000,-65.0000
150,5008,8,0.0699,-64.9855
150,5008,16,0.6811,-64.9173
150,5008,24,5.5147,-64.6276
150,5008,32,14.0905,-64.5433
150,5008,40,22.6664,-64.5540
150,5008,48,36.8228,-64.5609
150,5008,56,100.0000,-64.5618
150,5008,64,100.0302,-64.5437
150,5008,72,100.0521,-64.5041
150,5008,80,100.1640,-63.9792
150,5008,88,100.2218,-63.5235
150,5008,96,100.4145,-61.3783
150,5008,104,100.4540,-60.8559
150,5008,112,100.5070,-60.1265
150,5008,120,100.6537,-57.9916
150,5008,128,100.7865,-55.9783
150,5008,136,101.0516,-51.8599
150,5008,144,101.0911,-51.2223
150,5008,152,101.2908,-47.6570
150,5008,160,101.6275,-35.4560
150,5008,168,101.8306,-16.9946
150,5008,176,102.0338,-0.4109
150,5008,184,102.3022,13.2443
150,5008,192,102.4321,16.7944
150,5008,200,102.6065,19.1840
150,5008,208,102.6285,19.3252
150,5008,216,102.7198,19.5950
150,5008,224,102.8370,19.2838
150,5008,232,103.1991,14.9901
150,5008,240,103.2545,14.0166
150,5008,248,103.6025,6.7677
150,5008,256,103.9092,-0.5438
150,5008,264,104.0383,-3.7104
150,5008,272,104.3149,-10.4460
150,5008,280,104.4774,-14.2849
150,5008,288,104.9283,-24.0881
150,5008,296,105.0007,-25.5178
150,5008,304,105.3271,-31.4303
150,5008,312,105.3564,-31.9191
150,5008,320,105.5078,-34.3389
150,5008,328,106.0562,-41.9164
150,5008,336,106.7469,-49.8875
150,5008,344,107.4377,-55.9029
150,5008,352,108.1536,-59.7680
150,5008,360,108.2199,-60.0311
150,5008,368,108.4743,-60.9067
150,5008,376,108.6393,-61.3772
150,5008,384,108.9788,-62.1286
150,5008,392,109.3313,-62.6868
150,5008,400,109.5455,-62.9367
150,5008,408,109.6765,-63.0528
150,5008,416,109.8460,-63.1642
150,5008,424,109.9398,-63.2069
150,5008,432,109.9980,-63.2251
150,5008,440,110.2759,-63.2129
150,5008,448,110.6240,-63.0849
150,5008,456,110.7231,-63.0397
150,5008,464,111.2811,-62.7419
150,5008,472,111.3310,-62.7177
150,5008,480,111.5390,-62.6155
150,5008,488,111.7844,-62.4932
150,5008,496,111.9158,-62.4262
150,5008,504,112.5397,-62.1171
150,5008,512,112.8837,-62.0074
150,5008,520,112.9530,-61.9898
150,5008,528,113.3103,-61.8475
150,5008,536,113.7347,-61.6726
150,5008,544,113.9054,-61.6100
150,5008,552,113.9790,-61.5805
150,5008,560,114.5067,-61.3187
150,5008,568,115.7792,-61.0554
150,5008,576,116.4141,-61.1666
150,5008,584,116.4725,-61.1813
150,5008,592,116.6789,-61.2079
150,5008,600,117.2737,-61.1893
150,5008,608,118.5820,-61.3517
150,5008,616,119.3729,-61.6291
150,5008,624,119.4655,-61.6646
150,5008,632,119.6378,-61.7093
150,5008,640,120.2349,-61.7325
150,5008,648,121.5586,-61.8648
150,5008,656,124.4261,-62.8747
150,5008,664,128.6398,-64.1251
150,5008,672,134.8896,-64.6623
150,5008,680,142.8605,-64.6457
150,5008,688,150.8315,-64.5880
150,5008,696,169.9725,-64.5620
150,5008,704,278.2629,-64.5613
150,5009,0,0.0000,-65.0000
150,5009,8,0.0699,-64.9855
150,5009,16,0.6811,-64.9173
150,5009,24,5.5147,-64.6276
150,5009,32,14.0905,-64.5433
150,5009,40,22.6664,-64.5540
150,5009,48,36.8228,-64.5609
150,5009,56,100.0000,-64.5618
150,5009,64,100.0302,-64.5437
150,5009,72,100.0521,-64.5041
150,5009,80,100.1640,-63.9792
150,5009,88,100.2218,-63.5235
150,5009,96,100.4145,-61.3783
150,5009,104,100.4540,-60.8559
150,5009,112,100.5070,-60.1265
150,5009,120,100.6537,-57.9916
150,5009,128,100.7865,-55.9783
150,5009,136,101.0516,-51.8599
150,5009,144,101.0911,-51.2223
150,5009,152,101.2908,-47.6570
150,5009,160,101.6275,-35.4560
150,5009,168,101.8306,-16.9946
150,5009,176,102.0338,-0.4109
150,5009,184,102.3022,13.2443
150,5009,192,102.4321,16.7944
150,5009,200,102.6065,19.1840
150,5009,208,102.6285,19.3252
150,5009,216,102.7198,19.5950
150,5009,224,102.8370,19.2838
150,5009,232,103.1991,14.9901
150,5009,240,103.2545,14.0166
150,5009,248,103.6025,6.7677
150,5009,256,103.9092,-0.5438
150,5009,264,104.0383,-3.7104
150,5009,272,104.3149,-10.4460
150,5009,280,104.4774,-14.2849
150,5009,288,104.9283,-24.0881
150,5009,296,105.0007,-25.5178
150,5009,304,105.3271,-31.4303
150,5009,312,105.3564,-31.9191
150,5009,320,105.5078,-34.3389
150,5009,328,106.0562,-41.9164
150,5009,336,106.7469,-49.8875
150,5009,344,107.4377,-55.9029
150,5009,352,108.1536,-59.7680
150,5009,360,108.2199,-60.0311
150,5009,368,108.4743,-60.9067
150,5009,376,108.6393,-61.3772
150,5009,384,108.9788,-62.1286
150,5009,392,109.3313,-62.6868
150,5009,400,109.5455,-62.9367
150,5009,408,109.6765,-63.0528
150,5009,416,109.8460,-63.1642
150,5009,424,109.9398,-63.2069
150,5009,432,109.9980,-63.2251
150,5009,440,110.2759,-63.2129
150,5009,448,110.6240,-63.0849
150,5009,456,110.7231,-63.0397
150,5009,464,111.2811,-62.7419
150,5009,472,111.3310,-62.7177
150,5009,480,111.5390,-62.6155
150,5009,488,111.7844,-62.4932
150,5009,496,111.9158,-62.4262
150,5009,504,112.5397,-62.1171
150,5009,512,112.8837,-62.0074
150,5009,520,112.9530,-61.9898
150,5009,528,113.3103,-61.8475
150,5009,536,113.7347,-61.6726
150,5009,544,113.9054,-61.6100
150,5009,552,113.9790,-61.5805
150,5009,560,114.5067,-61.3187
150,5009,568,115.7792,-61.0554
150,5009,576,116.4141,-61.1666
150,5009,584,116.4725,-61.1813
150,5009,592,116.6789,-61.2079
150,5009,600,117.2737,-61.1893
150,5009,608,118.5820,-61.3517
150,5009,616,119.3729,-61.6291
150,5009,624,119.4655,-61.6646
150,5009,632,119.6378,-61.7093
150,5009,640,120.2349,-61.7325
150,5009,648,121.5586,-61.8648
150,5009,656,124.4261,-62.8747
150,5009,664,128.6398,-64.1251
150,5009,672,134.8896,-64.6623
150,5009,680,142.8605,-64.6457
150,5009,688,150.8315,-64.5880
150,5009,696,169.9725,-64.5620
150,5009,704,278.2629,-64.5613
150,5010,0,0.0000,-65.0000
150,5010,8,0.0699,-64.9855
150,5010,16,0.6811,-64.9173
150,5010,24,5.5147,-64.6276
150,5010,32,14.0905,-64.5433
150,5010,40,22.6664,-64.5540
150,5010,48,36.8228,-64.5609
150,5010,56,100.0000,-64.5618
150,5010,64,100.0302,-64.5437
150,5010,72,100.0521,-64.5041
150,5010,80,100.1640,-63.9792
150,5010,88,100.2218,-63.5235
150,5010,96,100.4145,-61.3783
150,5010,104,100.4540,-60.8559
150,5010,112,100.5070,-60.1265
150,5010,120,100.6537,-57.9916
150,5010,128,100.7865,-55.9783
150,5010,136,101.0516,-51.8599
150,5010,144,101.0911,-51.2223
150,5010,152,101.2908,-47.6570
150,5010,160,101.6275,-35.4560
150,5010,168,101.8306,-16.9946
150,5010,176,102.0338,-0.4109
150,5010,184,102.3022,13.2443
150,5010,192,102.4321,16.7944
150,5010,200,102.6065,19.1840
150,5010,208,102.6285,19.3252
150,5010,216,102.7198,19.5950
150,5010,224,102.8370,19.2838
150,5010,232,103.1991,14.9901
150,5010,240,103.2545,14.0166
150,5010,248,103.6025,6.7677
150,5010,256,103.9092,-0.5438
150,5010,264,104.0383,-3.7104
150,5010,272,104.3149,-10.4460
150,5010,280,104.4774,-14.2849
150,5010,288,104.9283,-24.0881
150,5010,296,105.0007,-25.5178
150,5010,304,105.3271,-31.4303
150,5010,312,105.3564,-31.9191
150,5010,320,105.5078,-34.3389
150,5010,328,106.0562,-41.9164
150,5010,336,106.7469,-49.8875
150,5010,344,107.4377,-55.9029
150,5010,352,108.1536,-59.7680
150,5010,360,108.2199,-60.0311
150,5010,368,108.4743,-60.9067
150,5010,376,108.6393,-61.3772
150,5010,384,108.9788,-62.1286
150,5010,392,109.3313,-62.6868
150,5010,400,109.5455,-62.9367
150,5010,408,109.6765,-63.0528
150,5010,416,109.8460,-63.1642
150,5010,424,109.9398,-63.2069
150,5010,432,109.9980,-63.2251
150,5010,440,110.2759,-63.2129
150,5010,448,110.6240,-63.0849
150,5010,456,110.7231,-63.0397
150,5010,464,111.2811,-62.7419
150,5010,472,111.3310,-62.7177
150,5010,480,111.5390,-62.6155
150,5010,488,111.7844,-62.4932
150,5010,496,111.9158,-62.4262
150,5010,504,112.5397,-62.1171
150,5010,512,112.8837,-62.0074
150,5010,520,112.9530,-61.9898
150,5010,528,113.3103,-61.8475
150,5010,536,113.7347,-61.6726
150,5010,544,113.9054,-61.6100
150,5010,552,113.9790,-61.5805
150,5010,560,114.5067,-61.3187
150,5010,568,115.7792,-61.0554
150,5010,576,116.4141,-61.1666
150,5010,584,116.4725,-61.1813
150,5010,592,116.6789,-61.2079
150,5010,600,117.2737,-61.1893
150,5010,608,118.5820,-61.3517
150,5010,616,119.3729,-61.6291
150,5010,624,119.4655,-61.6646
150,5010,632,119.6378,-61.7093
150,5010,640,120.2349,-61.7325
150,5010,648,121.5586,-61.8648
150,5010,656,124.4261,-62.8747
150,5010,664,128.6398,-64.1251
150,5010,672,134.8896,-64.6623
150,5010,680,142.8605,-64.6457
150,5010,688,150.8315,-64.5880
150,5010,696,169.9725,-64.5620
150,5010,704,278.2629,-64.5613
180,6001,0,0.0000,-65.0000
180,6001,8,0.0699,-64.9855
180,6001,16,0.6811,-64.9173
180,6001,24,5.5147,-64.6276
180,6001,32,14.0905,-64.5433
180,6001,40,22.6664,-64.5540
180,6001,48,36.8228,-64.5609
180,6001,56,100.0000,-64.5618
180,6001,64,100.0343,-64.5378
180,6001,72,100.1492,-64.0822
180,6001,80,100.2221,-63.5369
180,6001,88,100.2689,-63.1035
180,6001,96,100.5629,-59.4476
180,6001,104,101.1626,-50.6063
180,6001,112,101.3062,-48.1578
180,6001,120,101.3784,-46.7062
180,6001,128,101.4811,-44.1174
180,6001,136,101.5670,-41.0634
180,6001,144,101.6366,-37.5008
180,6001,152,101.7650,-27.1773
180,6001,160,101.7964,-24.1295
180,6001,168,101.8301,-20.8501
180,6001,176,101.9282,-11.7869
180,6001,184,102.0896,0.5684
180,6001,192,102.1945,6.7749
180,6001,200,102.2867,11.0511
180,6001,208,102.4850,16.9385
180,6001,216,102.5400,17.8928
180,6001,224,102.5606,18.1842
180,6001,232,102.5884,18.5259
180,6001,240,102.6650,19.1796
180,6001,248,102.7396,19.4472
180,6001,256,102.8466,19.2901
180,6001,264,103.0072,18.0812
180,6001,272,103.2752,14.1836
180,6001,280,103.3077,13.5927
180,6001,288,103.4208,11.3904
180,6001,296,103.6543,6.2916
180,6001,304,104.0600,-3.4385
180,6001,312,104.1354,-5.2764
180,6001,320,104.2714,-8.5637
180,6001,328,104.4319,-12.3593
180,6001,336,104.8344,-21.2731
180,6001,344,105.3801,-31.4430
180,6001,352,105.5352,-33.9088
180,6001,360,105.6084,-35.0104
180,6001,368,105.6750,-35.9832
180,6001,376,105.7656,-37.2576
180,6001,384,105.8658,-38.6046
180,6001,392,105.9556,-39.7627
180,6001,400,106.0693,-41.1685
180,6001,408,106.1193,-41.7672
180,6001,416,106.3950,-44.8748
180,6001,424,106.4750,-45.7219
180,6001,432,106.5594,-46.5866
180,6001,440,107.1050,-51.4512
180,6001,448,107.1507,-51.7996
180,6001,456,107.5149,-54.2233
180,6001,464,107.9503,-56.4096
180,6001,472,107.9901,-56.5775
180,6001,480,108.1086,-57.0437
180,6001,488,108.2685,-57.5940
180,6001,496,108.4134,-58.0238
180,6001,504,108.8350,-58.9839
180,6001,512,108.8941,-59.0919
180,6001,520,109.3598,-59.7607
180,6001,528,109.4167,-59.8267
180,6001,536,109.8650,-60.2352
180,6001,544,109.9081,-60.2676
180,6001,552,110.2605,-60.4820
180,6001,560,111.1370,-60.9053
180,6001,568,113.1559,-62.0967
180,6001,576,117.0873,-64.0168
180,6001,584,123.1366,-64.8738
180,6001,592,129.4883,-64.8071
180,6001,600,135.8401,-64.6679
180,6001,608,156.1838,-64.5636
180,6001,616,183.4032,-64.5601
180,6001,624,210.6226,-64.5622
180,6001,632,260.6013,-64.5611
180,6001,640,444.7925,-64.5608
180,6001,648,488.4268,-64.5611
180,6001,656,532.0610,-64.5612
180,6001,664,575.6953,-64.5612
180,6001,672,619.3296,-64.5612
180,6001,680,662.9638,-64.5628
180,6001,688,695.0697,-64.5631
180,6001,696,714.1426,-64.5592
180,6001,704,724.2977,-64.5634
180,6001,712,734.4527,-64.5592
180,6001,720,744.6078,-64.5640
180,6001,728,754.7629,-64.5620
180,6001,736,764.9180,-64.5631
180,6001,744,775.0730,-64.5582
180,6001,752,785.2281,-64.5631
180,6001,760,794.5387,-64.5612
180,6001,768,800.5253,-64.5633
180,6001,776,805.1945,-64.5584
180,6001,784,808.4964,-64.5529
180,6001,792,811.3425,-64.5579
180,6001,800,814.1886,-64.5605
180,6001,808,817.0347,-64.5581
180,6001,816,819.7680,-64.5503
180,6001,824,821.7118,-64.5548
180,6001,832,823.1910,-64.5562
180,6001,840,824.5153,-64.5568
180,6001,848,825.8396,-64.5555
180,6001,856,827.1639,-64.5566
180,6001,864,828.4881,-64.5596
180,6001,872,829.8124,-64.5614
180,6001,880,831.1367,-64.5615
180,6001,888,833.7599,-64.5616
180,6001,896,848.2410,-64.5614
180,6001,904,1125.6425,-64.5610
180,6002,0,0.0000,-65.0000
180,6002,8,0.0699,-64.9855
180,6002,16,0.6811,-64.9173
180,6002,24,5.5147,-64.6276
180,6002,32,14.0905,-64.5433
180,6002,40,22.6664,-64.5540
180,6002,48,36.8228,-64.5609
180,6002,56,100.0000,-64.5618
180,6002,64,100.0343,-64.5378
180,6002,72,100.1492,-64.0822
180,6002,80,100.2221,-63.5369
180,6002,88,100.2689,-63.1035
180,6002,96,100.5629,-59.4476
180,6002,104,101.1626,-50.6063
180,6002,112,101.3062,-48.1578
180,6002,120,101.3784,-46.7062
180,6002,128,101.4811,-44.1174
180,6002,136,101.5670,-41.0634
180,6002,144,101.6366,-37.5008
180,6002,152,101.7650,-27.1773
180,6002,160,101.7964,-24.1295
180,6002,168,101.8301,-20.8501
180,6002,176,101.9282,-11.7869
180,6002,184,102.0896,0.5684
180,6002,192,102.1945,6.7749
180,6002,200,102.2867,11.0511
180,6002,208,102.4850,16.9385
180,6002,216,102.5400,17.8928
180,6002,224,102.5606,18.1842
180,6002,232,102.5884,18.5259
180,6002,240,102.6650,19.1796
180,6002,248,102.7396,19.4472
180,6002,256,102.8466,19.2901
180,6002,264,103.0072,18.0812
180,6002,272,103.2752,14.1836
180,6002,280,103.3077,13.5927
180,6002,288,103.4208,11.3904
180,6002,296,103.6543,6.2916
180,6002,304,104.0600,-3.4385
180,6002,312,104.1354,-5.2764
180,6002,320,104.2714,-8.5637
180,6002,328,104.4319,-12.3593
180,6002,336,104.8344,-21.2731
180,6002,344,105.3801,-31.4430
180,6002,352,105.5352,-33.9088
180,6002,360,105.6084,-35.0104
180,6002,368,105.6750,-35.9832
180,6002,376,105.7656,-37.2576
180,6002,384,105.8658,-38.6046
180,6002,392,105.9556,-39.7627
180,6002,400,106.0693,-41.1685
180,6002,408,106.1193,-41.7672
180,6002,416,106.3950,-44.8748
180,6002,424,106.4750,-45.7219
180,6002,432,106.5594,-46.5866
180,6002,440,107.1050,-51.4512
180,6002,448,107.1507,-51.7996
180,6002,456,107.5149,-54.2233
180,6002,464,107.9503,-56.4096
180,6002,472,107.9901,-56.5775
180,6002,480,108.1086,-57.0437
180,6002,488,108.2685,-57.5940
180,6002,496,108.4134,-58.0238
180,6002,504,108.8350,-58.9839
180,6002,512,108.8941,-59.0919
180,6002,520,109.3598,-59.7607
180,6002,528,109.4167,-59.8267
180,6002,536,109.8650,-60.2352
180,6002,544,109.9081,-60.2676
180,6002,552,110.2605,-60.4820
180,6002,560,111.1370,-60.9053
180,6002,568,113.1559,-62.0967
180,6002,576,117.0873,-64.0168
180,6002,584,123.1366,-64.8738
180,6002,592,129.4883,-64.8071
180,6002,600,135.8401,-64.6679
180,6002,608,156.1838,-64.5636
180,6002,616,183.4032,-64.5601
180,6002,624,210.6226,-64.5622
180,6002,632,260.6013,-64.5611
180,6002,640,444.7925,-64.5608
180,6002,648,488.4268,-64.5611
180,6002,656,532.0610,-64.5612
180,6002,664,575.6953,-64.5612
180,6002,672,619.3296,-64.5612
180,6002,680,662.9638,-64.5628
180,6002,688,695.0697,-64.5631
180,6002,696,714.1426,-64.5592
180,6002,704,724.2977,-64.5634
180,6002,712,734.4527,-64.5592
180,6002,720,744.6078,-64.5640
180,6002,728,754.7629,-64.5620
180,6002,736,764.9180,-64.5631
180,6002,744,775.0730,-64.5582
180,6002,752,785.2281,-64.5631
180,6002,760,794.5387,-64.5612
180,6002,768,800.5253,-64.5633
180,6002,776,805.1945,-64.5584
180,6002,784,808.4964,-64.5529
180,6002,792,811.3425,-64.5579
180,6002,800,814.1886,-64.5605
180,6002,808,817.0347,-64.5581
180,6002,816,819.7680,-64.5503
180,6002,824,821.7118,-64.5548
180,6002,832,823.1910,-64.5562
180,6002,840,824.5153,-64.5568
180,6002,848,825.8396,-64.5555
180,6002,856,827.1639,-64.5566
180,6002,864,828.4881,-64.5596
180,6002,872,829.8124,-64.5614
180,6002,880,831.1367,-64.5615
180,6002,888,833.7599,-64.5616
180,6002,896,848.2410,-64.5614
180,6002,904,1125.6425,-64.5610
180,6003,0,0.0000,-65.0000
180,6003,8,0.0699,-64.9855
180,6003,16,0.6811,-64.9173
180,6003,24,5.5147,-64.6276
180,6003,32,14.0905,-64.5433
180,6003,40,22.6664,-64.5540
180,6003,48,36.8228,-64.5609
180,6003,56,100.0000,-64.5618
180,6003,64,100.0343,-64.5378
180,6003,72,100.1492,-64.0822
180,6003,80,100.2221,-63.5369
180,6003,88,100.2689,-63.1035
180,6003,96,100.5629,-59.4476
180,6003,104,101.1626,-50.6063
180,6003,112,101.3062,-48.1578
180,6003,120,101.3784,-46.7062
180,6003,128,101.4811,-44.1174
180,6003,136,101.5670,-41.0634
180,6003,144,101.6366,-37.5008
180,6003,152,101.7650,-27.1773
180,6003,160,101.7964,-24.1295
180,6003,168,101.8301,-20.8501
180,6003,176,101.9282,-11.7869
180,6003,184,102.0896,0.5684
180,6003,192,102.1945,6.7749
180,6003,200,102.2867,11.0511
180,6003,208,102.4850,16.9385
180,6003,216,102.5400,17.8928
180,6003,224,102.5606,18.1842
180,6003,232,102.5884,18.5259
180,6003,240,102.6650,19.1796
180,6003,248,102.7396,19.4472
180,6003,256,102.8466,19.2901
180,6003,264,103.0072,18.0812
180,6003,272,103.2752,14.1836
180,6003,280,103.3077,13.5927
180,6003,288,103.4208,11.3904
180,6003,296,103.6543,6.2916
180,6003,304,104.0600,-3.4385
180,6003,312,104.1354,-5.2764
180,6003,320,104.2714,-8.5637
180,6003,328,104.4319,-12.3593
180,6003,336,104.8344,-21.2731
180,6003,344,105.3801,-31.4430
180,6003,352,105.5352,-33.9088
180,6003,360,105.6084,-35.0104
180,6003,368,105.6750,-35.9832
180,6003,376,105.7656,-37.2576
180,6003,384,105.8658,-38.6046
180,6003,392,105.9556,-39.7627
180,6003,400,106.0693,-41.1685
180,6003,408,106.1193,-41.7672
180,6003,416,106.3950,-44.8748
180,6003,424,106.4750,-45.7219
180,6003,432,106.5594,-46.5866
180,6003,440,107.1050,-51.4512
180,6003,448,107.1507,-51.7996
180,6003,456,107.5149,-54.2233
180,6003,464,107.9503,-56.4096
180,6003,472,107.9901,-56.5775
180,6003,480,108.1086,-57.0437
180,6003,488,108.2685,-57.5940
180,6003,496,108.4134,-58.0238
180,6003,504,108.8350,-58.9839
180,6003,512,108.8941,-59.0919
180,6003,520,109.3598,-59.7607
180,6003,528,109.4167,-59.8267
180,6003,536,109.8650,-60.2352
180,6003,544,109.9081,-60.2676
180,6003,552,110.2605,-60.4820
180,6003,560,111.1370,-60.9053
180,6003,568,113.1559,-62.0967
180,6003,576,117.0873,-64.0168
180,6003,584,123.1366,-64.8738
180,6003,592,129.4883,-64.8071
180,6003,600,135.8401,-64.6679
180,6003,608,156.1838,-64.5636
180,6003,616,183.4032,-64.5601
180,6003,624,210.6226,-64.5622
180,6003,632,260.6013,-64.5611
180,6003,640,444.7925,-64.5608
180,6003,648,488.4268,-64.5611
180,6003,656,532.0610,-64.5612
180,6003,664,575.6953,-64.5612
180,6003,672,619.3296,-64.5612
180,6003,680,662.9638,-64.5628
180,6003,688,695.0697,-64.5631
180,6003,696,714.1426,-64.5592
180,6003,704,724.2977,-64.5634
180,6003,712,734.4527,-64.5592
180,6003,720,744.6078,-64.5640
180,6003,728,754.7629,-64.5620
180,6003,736,764.9180,-64.5631
180,6003,744,775.0730,-64.5582
180,6003,752,785.2281,-64.5631
180,6003,760,794.5387,-64.5612
180,6003,768,800.5253,-64.5633
180,6003,776,805.1945,-64.5584
180,6003,784,808.4964,-64.5529
180,6003,792,811.3425,-64.5579
180,6003,800,814.1886,-64.5605
180,6003,808,817.0347,-64.5581
180,6003,816,819.7680,-64.5503
180,6003,824,821.7118,-64.5548
180,6003,832,823.1910,-64.5562
180,6003,840,824.5153,-64.5568
180,6003,848,825.8396,-64.5555
180,6003,856,827.1639,-64.5566
180,6003,864,828.4881,-64.5596
180,6003,872,829.8124,-64.5614
180,6003,880,831.1367,-64.5615
180,6003,888,833.7599,-64.5616
180,6003,896,848.2410,-64.5614
180,6003,904,1125.6425,-64.5610
180,6004,0,0.0000,-65.0000
180,6004,8,0.0699,-64.9855
180,6004,16,0.6811,-64.9173
180,6004,24,5.5147,-64.6276
180,6004,32,14.0905,-64.5433
180,6004,40,22.6664,-64.5540
180,6004,48,36.8228,-64.5609
180,6004,56,100.0000,-64.5618
180,6004,64,100.0343,-64.5378
180,6004,72,100.1492,-64.0822
180,6004,80,100.2221,-63.5369
180,6004,88,100.2689,-63.1035
180,6004,96,100.5629,-59.4476
180,6004,104,101.1626,-50.6063
180,6004,112,101.3062,-48.1578
180,6004,120,101.3784,-46.7062
180,6004,128,101.4811,-44.1174
180,6004,136,101.5670,-41.0634
180,6004,144,101.6366,-37.5008
180,6004,152,101.7650,-27.1773
180,6004,160,101.7964,-24.1295
180,6004,168,101.8301,-20.8501
180,6004,176,101.9282,-11.7869
180,6004,184,102.0896,0.5684
180,6004,192,102.1945,6.7749
180,6004,200,102.2867,11.0511
180,6004,208,102.4850,16.9385
180,6004,216,102.5400,17.8928
180,6004,224,102.5606,18.1842
180,6004,232,102.5884,18.5259
180,6004,240,102.6650,19.1796
180,6004,248,102.7396,19.4472
180,6004,256,102.8466,19.2901
180,6004,264,103.0072,18.0812
180,6004,272,103.2752,14.1836
180,6004,280,103.3077,13.5927
180,6004,288,103.4208,11.3904
180,6004,296,103.6543,6.2916
180,6004,304,104.0600,-3.4385
180,6004,312,104.1354,-5.2764
180,6004,320,104.2714,-8.5637
180,6004,328,104.4319,-12.3593
180,6004,336,104.8344,-21.2731
180,6004,344,105.3801,-31.4430
180,6004,352,105.5352,-33.9088
180,6004,360,105.6084,-35.0104
180,6004,368,105.6750,-35.9832
180,6004,376,105.7656,-37.2576
180,6004,384,105.8658,-38.6046
180,6004,392,105.9556,-39.7627
180,6004,400,106.0693,-41.1685
180,6004,408,106.1193,-41.7672
180,6004,416,106.3950,-44.8748
180,6004,424,106.4750,-45.7219
180,6004,432,106.5594,-46.5866
180,6004,440,107.1050,-51.4512
180,6004,448,107.1507,-51.7996
180,6004,456,107.5149,-54.2233
180,6004,464,107.9503,-56.4096
180,6004,472,107.9901,-56.5775
180,6004,480,108.1086,-57.0437
180,6004,488,108.2685,-57.5940
180,6004,496,108.4134,-58.0238
180,6004,504,108.8350,-58.9839
180,6004,512,108.8941,-59.0919
180,6004,520,109.3598,-59.7607
180,6004,528,109.4167,-59.8267
180,6004,536,109.8650,-60.2352
180,6004,544,109.9081,-60.2676
180,6004,552,110.2605,-60.4820
180,6004,560,111.1370,-60.9053
180,6004,568,113.1559,-62.0967
180,6004,576,117.0873,-64.0168
180,6004,584,123.1366,-64.8738
180,6004,592,129.4883,-64.8071
180,6004,600,135.8401,-64.6679
180,6004,608,156.1838,-64.5636
180,6004,616,183.4032,-64.5601
180,6004,624,210.6226,-64.5622
180,6004,632,260.6013,-64.5611
180,6004,640,444.7925,-64.5608
180,6004,648,488.4268,-64.5611
180,6004,656,532.0610,-64.5612
180,6004,664,575.6953,-64.5612
180,6004,672,619.3296,-64.5612
180,6004,680,662.9638,-64.5628
180,6004,688,695.0697,-64.5631
180,6004,696,714.1426,-64.5592
180,6004,704,724.2977,-64.5634
180,6004,712,734.4527,-64.5592
180,6004,720,744.6078,-64.5640
180,6004,728,754.7629,-64.5620
180,6004,736,764.9180,-64.5631
180,6004,744,775.0730,-64.5582
180,6004,752,785.2281,-64.5631
180,6004,760,794.5387,-64.5612
180,6004,768,800.5253,-64.5633
180,6004,776,805.1945,-64.5584
180,6004,784,808.4964,-64.5529
180,6004,792,811.3425,-64.5579
180,6004,800,814.1886,-64.5605
180,6004,808,817.0347,-64.5581
180,6004,816,819.7680,-64.5503
180,6004,824,821.7118,-64.5548
180,6004,832,823.1910,-64.5562
180,6004,840,824.5153,-64.5568
180,6004,848,825.8396,-64.5555
180,6004,856,827.1639,-64.5566
180,6004,864,828.4881,-64.5596
180,6004,872,829.8124,-64.5614
180,6004,880,831.1367,-64.5615
180,6004,888,833.7599,-64.5616
180,6004,896,848.2410,-64.5614
180,6004,904,1125.6425,-64.5610
180,6005,0,0.0000,-65.0000
180,6005,8,0.0699,-64.9855
180,6005,16,0.6811,-64.9173
180,6005,24,5.5147,-64.6276
180,6005,32,14.0905,-64.5433
180,6005,40,22.6664,-64.5540
180,6005,48,36.8228,-64.5609
180,6005,56,100.0000,-64.5618
180,6005,64,100.0343,-64.5378
180,6005,72,100.1492,-64.0822
180,6005,80,100.2221,-63.5369
180,6005,88,100.2689,-63.1035
180,6005,96,100.5629,-59.4476
180,6005,104,101.1626,-50.6063
180,6005,112,101.3062,-48.1578
180,6005,120,101.3784,-46.7062
180,6005,128,101.4811,-44.1174
180,6005,136,101.5670,-41.0634
180,6005,144,101.6366,-37.5008
180,6005,152,101.7650,-27.1773
180,6005,160,101.7964,-24.1295
180,6005,168,101.8301,-20.8501
180,6005,176,101.9282,-11.7869
180,6005,184,102.0896,0.5684
180,6005,192,102.1945,6.7749
180,6005,200,102.2867,11.0511
180,6005,208,102.4850,16.9385
180,6005,216,102.5400,17.8928
180,6005,224,102.5606,18.1842
180,6005,232,102.5884,18.5259
180,6005,240,102.6650,19.1796
180,6005,248,102.7396,19.4472
180,6005,256,102.8466,19.2901
180,6005,264,103.0072,18.0812
180,6005,272,103.2752,14.1836
180,6005,280,103.3077,13.5927
180,6005,288,103.4208,11.3904
180,6005,296,103.6543,6.2916
180,6005,304,104.0600,-3.4385
180,6005,312,104.1354,-5.2764
180,6005,320,104.2714,-8.5637
180,6005,328,104.4319,-12.3593
180,6005,336,104.8344,-21.2731
180,6005,344,105.3801,-31.4430
180,6005,352,105.5352,-33.9088
180,6005,360,105.6084,-35.0104
180,6005,368,105.6750,-35.9832
180,6005,376,105.7656,-37.2576
180,6005,384,105.8658,-38.6046
180,6005,392,105.9556,-39.7627
180,6005,400,106.0693,-41.1685
180,6005,408,106.1193,-41.7672
180,6005,416,106.3950,-44.8748
180,6005,424,106.4750,-45.7219
180,6005,432,106.5594,-46.5866
180,6005,440,107.1050,-51.4512
180,6005,448,107.1507,-51.7996
180,6005,456,107.5149,-54.2233
180,6005,464,107.9503,-56.4096
180,6005,472,107.9901,-56.5775
180,6005,480,108.1086,-57.0437
180,6005,488,108.2685,-57.5940
180,6005,496,108.4134,-58.0238
180,6005,504,108.8350,-58.9839
180,6005,512,108.8941,-59.0919
180,6005,520,109.3598,-59.7607
180,6005,528,109.4167,-59.8267
180,6005,536,109.8650,-60.2352
180,6005,544,109.9081,-60.2676
180,6005,552,110.2605,-60.4820
180,6005,560,111.1370,-60.9053
180,6005,568,113.1559,-62.0967
180,6005,576,117.0873,-64.0168
180,6005,584,123.1366,-64.8738
180,6005,592,129.4883,-64.8071
180,6005,600,135.8401,-64.6679
180,6005,608,156.1838,-64.5636
180,6005,616,183.4032,-64.5601
180,6005,624,210.6226,-64.5622
180,6005,632,260.6013,-64.5611
180,6005,640,444.7925,-64.5608
180,6005,648,488.4268,-64.5611
180,6005,656,532.0610,-64.5612
180,6005,664,575.6953,-64.5612
180,6005,672,619.3296,-64.5612
180,6005,680,662.9638,-64.5628
180,6005,688,695.0697,-64.5631
180,6005,696,714.1426,-64.5592
180,6005,704,724.2977,-64.5634
180,6005,712,734.4527,-64.5592
180,6005,720,744.6078,-64.5640
180,6005,728,754.7629,-64.5620
180,6005,736,764.9180,-64.5631
180,6005,744,775.0730,-64.5582
180,6005,752,785.2281,-64.5631
180,6005,760,794.5387,-64.5612
180,6005,768,800.5253,-64.5633
180,6005,776,805.1945,-64.5584
180,6005,784,808.4964,-64.5529
180,6005,792,811.3425,-64.5579
180,6005,800,814.1886,-64.5605
180,6005,808,817.0347,-64.5581
180,6005,816,819.7680,-64.5503
180,6005,824,821.7118,-64.5548
180,6005,832,823.1910,-64.5562
180,6005,840,824.5153,-64.5568
180,6005,848,825.8396,-64.5555
180,6005,856,827.1639,-64.5566
180,6005,864,828.4881,-64.5596
180,6005,872,829.8124,-64.5614
180,6005,880,831.1367,-64.5615
180,6005,888,833.7599,-64.5616
180,6005,896,848.2410,-64.5614
180,6005,904,1125.6425,-64.5610
180,6006,0,0.0000,-65.0000
180,6006,8,0.0699,-64.9855
180,6006,16,0.6811,-64.9173
180,6006,24,5.5147,-64.6276
180,6006,32,14.0905,-64.5433
180,6006,40,22.6664,-64.5540
180,6006,48,36.8228,-64.5609
180,6006,56,100.0000,-64.5618
180,6006,64,100.0343,-64.5378
180,6006,72,100.1492,-64.0822
180,6006,80,100.2221,-63.5369
180,6006,88,100.2689,-63.1035
180,6006,96,100.5629,-59.4476
180,6006,104,101.1626,-50.6063
180,6006,112,101.3062,-48.1578
180,6006,120,101.3784,-46.7062
180,6006,128,101.4811,-44.1174
180,6006,136,101.5670,-41.0634
180,6006,144,101.6366,-37.5008
180,6006,152,101.7650,-27.1773
180,6006,160,101.7964,-24.1295
180,6006,168,101.8301,-20.8501
180,6006,176,101.9282,-11.7869
180,6006,184,102.0896,0.5684
180,6006,192,102.1945,6.7749
180,6006,200,102.2867,11.0511
180,6006,208,102.4850,16.9385
180,6006,216,102.5400,17.8928
180,6006,224,102.5606,18.1842
180,6006,232,102.5884,18.5259
180,6006,240,102.6650,19.1796
180,6006,248,102.7396,19.4472
180,6006,256,102.8466,19.2901
180,6006,264,103.0072,18.0812
180,6006,272,103.2752,14.1836
180,6006,280,103.3077,13.5927
180,6006,288,103.4208,11.3904
180,6006,296,103.6543,6.2916
180,6006,304,104.0600,-3.4385
180,6006,312,104.1354,-5.2764
180,6006,320,104.2714,-8.5637
180,6006,328,104.4319,-12.3593
180,6006,336,104.8344,-21.2731
180,6006,344,105.3801,-31.4430
180,6006,352,105.5352,-33.9088
180,6006,360,105.6084,-35.0104
180,6006,368,105.6750,-35.9832
180,6006,376,105.7656,-37.2576
180,6006,384,105.8658,-38.6046
180,6006,392,105.9556,-39.7627
180,6006,400,106.0693,-41.1685
180,6006,408,106.1193,-41.7672
180,6006,416,106.3950,-44.8748
180,6006,424,106.4750,-45.7219
180,6006,432,106.5594,-46.5866
180,6006,440,107.1050,-51.4512
180,6006,448,107.1507,-51.7996
180,6006,456,107.5149,-54.2233
180,6006,464,107.9503,-56.4096
180,6006,472,107.9901,-56.5775
180,6006,480,108.1086,-57.0437
180,6006,488,108.2685,-57.5940
180,6006,496,108.4134,-58.0238
180,6006,504,108.8350,-58.9839
180,6006,512,108.8941,-59.0919
180,6006,520,109.3598,-59.7607
180,6006,528,109.4167,-59.8267
180,6006,536,109.8650,-60.2352
180,6006,544,109.9081,-60.2676
180,6006,552,110.2605,-60.4820
180,6006,560,111.1370,-60.9053
180,6006,568,113.1559,-62.0967
180,6006,576,117.0873,-64.0168
180,6006,584,123.1366,-64.8738
180,6006,592,129.4883,-64.8071
180,6006,600,135.8401,-64.6679
180,6006,608,156.1838,-64.5636
180,6006,616,183.4032,-64.5601
180,6006,624,210.6226,-64.5622
180,6006,632,260.6013,-64.5611
180,6006,640,444.7925,-64.5608
180,6006,648,488.4268,-64.5611
180,6006,656,532.0610,-64.5612
180,6006,664,575.6953,-64.5612
180,6006,672,619.3296,-64.5612
180,6006,680,662.9638,-64.5628
180,6006,688,695.0697,-64.5631
180,6006,696,714.1426,-64.5592
180,6006,704,724.2977,-64.5634
180,6006,712,734.4527,-64.5592
180,6006,720,744.6078,-64.5640
180,6006,728,754.7629,-64.5620
180,6006,736,764.9180,-64.5631
180,6006,744,775.0730,-64.5582
180,6006,752,785.2281,-64.5631
180,6006,760,794.5387,-64.5612
180,6006,768,800.5253,-64.5633
180,6006,776,805.1945,-64.5584
180,6006,784,808.4964,-64.5529
180,6006,792,811.3425,-64.5579
180,6006,800,814.1886,-64.5605
180,6006,808,817.0347,-64.5581
180,6006,816,819.7680,-64.5503
180,6006,824,821.7118,-64.5548
180,6006,832,823.1910,-64.5562
180,6006,840,824.5153,-64.5568
180,6006,848,825.8396,-64.5555
180,6006,856,827.1639,-64.5566
180,6006,864,828.4881,-64.5596
180,6006,872,829.8124,-64.5614
180,6006,880,831.1367,-64.5615
180,6006,888,833.7599,-64.5616
180,6006,896,848.2410,-64.5614
180,6006,904,1125.6425,-64.5610
180,6007,0,0.0000,-65.0000
180,6007,8,0.0699,-64.9855
180,6007,16,0.6811,-64.9173
180,6007,24,5.5147,-64.6276
180,6007,32,14.0905,-64.5433
180,6007,40,22.6664,-64.5540
180,6007,48,36.8228,-64.5609
180,6007,56,100.0000,-64.5618
180,6007,64,100.0343,-64.5378
180,6007,72,100.1492,-64.0822
180,6007,80,100.2221,-63.5369
180,6007,88,100.2689,-63.1035
180,6007,96,100.5629,-59.4476
180,6007,104,101.1626,-50.6063
180,6007,112,101.3062,-48.1578
180,6007,120,101.3784,-46.7062
180,6007,128,101.4811,-44.1174
180,6007,136,101.5670,-41.0634
180,6007,144,101.6366,-37.5008
180,6007,152,101.7650,-27.1773
180,6007,160,101.7964,-24.1295
180,6007,168,101.8301,-20.8501
180,6007,176,101.9282,-11.7869
180,6007,184,102.0896,0.5684
180,6007,192,102.1945,6.7749
180,6007,200,102.2867,11.0511
180,6007,208,102.4850,16.9385
180,6007,216,102.5400,17.8928
180,6007,224,102.5606,18.1842
180,6007,232,102.5884,18.5259
180,6007,240,102.6650,19.1796
180,6007,248,102.7396,19.4472
180,6007,256,102.8466,19.2901
180,6007,264,103.0072,18.0812
180,6007,272,103.2752,14.1836
180,6007,280,103.3077,13.5927
180,6007,288,103.4208,11.3904
180,6007,296,103.6543,6.2916
180,6007,304,104.0600,-3.4385
180,6007,312,104.1354,-5.2764
180,6007,320,104.2714,-8.5637
180,6007,328,104.4319,-12.3593
180,6007,336,104.8344,-21.2731
180,6007,344,105.3801,-31.4430
180,6007,352,105.5352,-33.9088
180,6007,360,105.6084,-35.0104
180,6007,368,105.6750,-35.9832
180,6007,376,105.7656,-37.2576
180,6007,384,105.8658,-38.6046
180,6007,392,105.9556,-39.7627
180,6007,400,106.0693,-41.1685
180,6007,408,106.1193,-41.7672
180,6007,416,106.3950,-44.8748
180,6007,424,106.4750,-45.7219
180,6007,432,106.5594,-46.5866
180,6007,440,107.1050,-51.4512
180,6007,448,107.1507,-51.7996
180,6007,456,107.5149,-54.2233
180,6007,464,107.9503,-56.4096
180,6007,472,107.9901,-56.5775
180,6007,480,108.1086,-57.0437
180,6007,488,108.2685,-57.5940
180,6007,496,108.4134,-58.0238
180,6007,504,108.8350,-58.9839
180,6007,512,108.8941,-59.0919
180,6007,520,109.3598,-59.7607
180,6007,528,109.4167,-59.8267
180,6007,536,109.8650,-60.2352
180,6007,544,109.9081,-60.2676
180,6007,552,110.2605,-60.4820
180,6007,560,111.1370,-60.9053
180,6007,568,113.1559,-62.0967
180,6007,576,117.0873,-64.0168
180,6007,584,123.1366,-64.8738
180,6007,592,129.4883,-64.8071
180,6007,600,135.8401,-64.6679
180,6007,608,156.1838,-64.5636
180,6007,616,183.4032,-64.5601
180,6007,624,210.6226,-64.5622
180,6007,632,260.6013,-64.5611
180,6007,640,444.7925,-64.5608
180,6007,648,488.4268,-64.5611
180,6007,656,532.0610,-64.5612
180,6007,664,575.6953,-64.5612
180,6007,672,619.3296,-64.5612
180,6007,680,662.9638,-64.5628
180,6007,688,695.0697,-64.5631
180,6007,696,714.1426,-64.5592
180,6007,704,724.2977,-64.5634
180,6007,712,734.4527,-64.5592
180,6007,720,744.6078,-64.5640
180,6007,728,754.7629,-64.5620
180,6007,736,764.9180,-64.5631
180,6007,744,775.0730,-64.5582
180,6007,752,785.2281,-64.5631
180,6007,760,794.5387,-64.5612
180,6007,768,800.5253,-64.5633
180,6007,776,805.1945,-64.5584
180,6007,784,808.4964,-64.5529
180,6007,792,811.3425,-64.5579
180,6007,800,814.1886,-64.5605
180,6007,808,817.0347,-64.5581
180,6007,816,819.7680,-64.5503
180,6007,824,821.7118,-64.5548
180,6007,832,823.1910,-64.5562
180,6007,840,824.5153,-64.5568
180,6007,848,825.8396,-64.5555
180,6007,856,827.1639,-64.5566
180,6007,864,828.4881,-64.5596
180,6007,872,829.8124,-64.5614
180,6007,880,831.1367,-64.5615
180,6007,888,833.7599,-64.5616
180,6007,896,848.2410,-64.5614
180,6007,904,1125.6425,-64.5610
180,6008,0,0.0000,-65.0000
180,6008,8,0.0699,-64.9855
180,6008,16,0.6811,-64.9173
180,6008,24,5.5147,-64.6276
180,6008,32,14.0905,-64.5433
180,6008,40,22.6664,-64.5540
180,6008,48,36.8228,-64.5609
180,6008,56,100.0000,-64.5618
180,6008,64,100.0343,-64.5378
180,6008,72,100.1492,-64.0822
180,6008,80,100.2221,-63.5369
180,6008,88,100.2689,-63.1035
180,6008,96,100.5629,-59.4476
180,6008,104,101.1626,-50.6063
180,6008,112,101.3062,-48.1578
180,6008,120,101.3784,-46.7062
180,6008,128,101.4811,-44.1174
180,6008,136,101.5670,-41.0634
180,6008,144,101.6366,-37.5008
180,6008,152,101.7650,-27.1773
180,6008,160,101.7964,-24.1295
180,6008,168,101.8301,-20.8501
180,6008,176,101.9282,-11.7869
180,6008,184,102.0896,0.5684
180,6008,192,102.1945,6.7749
180,6008,200,102.2867,11.0511
180,6008,208,102.4850,16.9385
180,6008,216,102.5400,17.8928
180,6008,224,102.5606,18.1842
180,6008,232,102.5884,18.5259
180,6008,240,102.6650,19.1796
180,6008,248,102.7396,19.4472
180,6008,256,102.8466,19.2901
180,6008,264,103.0072,18.0812
180,6008,272,103.2752,14.1836
180,6008,280,103.3077,13.5927
180,6008,288,103.4208,11.3904
180,6008,296,103.6543,6.2916
180,6008,304,104.0600,-3.4385
180,6008,312,104.1354,-5.2764
180,6008,320,104.2714,-8.5637
180,6008,328,104.4319,-12.3593
180,6008,336,104.8344,-21.2731
180,6008,344,105.3801,-31.4430
180,6008,352,105.5352,-33.9088
180,6008,360,105.6084,-35.0104
180,6008,368,105.6750,-35.9832
180,6008,376,105.7656,-37.2576
180,6008,384,105.8658,-38.6046
180,6008,392,105.9556,-39.7627
180,6008,400,106.0693,-41.1685
180,6008,408,106.1193,-41.7672
180,6008,416,106.3950,-44.8748
180,6008,424,106.4750,-45.7219
180,6008,432,106.5594,-46.5866
180,6008,440,107.1050,-51.4512
180,6008,448,107.1507,-51.7996
180,6008,456,107.5149,-54.2233
180,6008,464,107.9503,-56.4096
180,6008,472,107.9901,-56.5775
180,6008,480,108.1086,-57.0437
180,6008,488,108.2685,-57.5940
180,6008,496,108.4134,-58.0238
180,6008,504,108.8350,-58.9839
180,6008,512,108.8941,-59.0919
180,6008,520,109.3598,-59.7607
180,6008,528,109.4167,-59.8267
180,6008,536,109.8650,-60.2352
180,6008,544,109.9081,-60.2676
180,6008,552,110.2605,-60.4820
180,6008,560,111.1370,-60.9053
180,6008,568,113.1559,-62.0967
180,6008,576,117.0873,-64.0168
180,6008,584,123.1366,-64.8738
180,6008,592,129.4883,-64.8071
180,6008,600,135.8401,-64.6679
180,6008,608,156.1838,-64.5636
180,6008,616,183.4032,-64.5601
180,6008,624,210.6226,-64.5622
180,6008,632,260.6013,-64.5611
180,6008,640,444.7925,-64.5608
180,6008,648,488.4268,-64.5611
180,6008,656,532.0610,-64.5612
180,6008,664,575.6953,-64.5612
180,6008,672,619.3296,-64.5612
180,6008,680,662.9638,-64.5628
180,6008,688,695.0697,-64.5631
180,6008,696,714.1426,-64.5592
180,6008,704,724.2977,-64.5634
180,6008,712,734.4527,-64.5592
180,6008,720,744.6078,-64.5640
180,6008,728,754.7629,-64.5620
180,6008,736,764.9180,-64.5631
180,6008,744,775.0730,-64.5582
180,6008,752,785.2281,-64.5631
180,6008,760,794.5387,-64.5612
180,6008,768,800.5253,-64.5633
180,6008,776,805.1945,-64.5584
180,6008,784,808.4964,-64.5529
180,6008,792,811.3425,-64.5579
180,6008,800,814.1886,-64.5605
180,6008,808,817.0347,-64.5581
180,6008,816,819.7680,-64.5503
180,6008,824,821.7118,-64.5548
180,6008,832,823.1910,-64.5562
180,6008,840,824.5153,-64.5568
180,6008,848,825.8396,-64.5555
180,6008,856,827.1639,-64.5566
180,6008,864,828.4881,-64.5596
180,6008,872,829.8124,-64.5614
180,6008,880,831.1367,-64.5615
180,6008,888,833.7599,-64.5616
180,6008,896,848.2410,-64.5614
180,6008,904,1125.6425,-64.5610
180,6009,0,0.0000,-65.0000
180,6009,8,0.0699,-64.9855
180,6009,16,0.6811,-64.9173
180,6009,24,5.5147,-64.6276
180,6009,32,14.0905,-64.5433
180,6009,40,22.6664,-64.5540
180,6009,48,36.8228,-64.5609
180,6009,56,100.0000,-64.5618
180,6009,64,100.0343,-64.5378
180,6009,72,100.1492,-64.0822
180,6009,80,100.2221,-63.5369
180,6009,88,100.2689,-63.1035
180,6009,96,100.5629,-59.4476
180,6009,104,101.1626,-50.6063
180,6009,112,101.3062,-48.1578
180,6009,120,101.3784,-46.7062
180,6009,128,101.4811,-44.1174
180,6009,136,101.5670,-41.0634
180,6009,144,101.6366,-37.5008
180,6009,152,101.7650,-27.1773
180,6009,160,101.7964,-24.1295
180,6009,168,101.8301,-20.8501
180,6009,176,101.9282,-11.7869
180,6009,184,102.0896,0.5684
180,6009,192,102.1945,6.7749
180,6009,200,102.2867,11.0511
180,6009,208,102.4850,16.9385
180,6009,216,102.5400,17.8928
180,6009,224,102.5606,18.1842
180,6009,232,102.5884,18.5259
180,6009,240,102.6650,19.1796
180,6009,248,102.7396,19.4472
180,6009,256,102.8466,19.2901
180,6009,264,103.0072,18.0812
180,6009,272,103.2752,14.1836
180,6009,280,103.3077,13.5927
180,6009,288,103.4208,11.3904
180,6009,296,103.6543,6.2916
180,6009,304,104.0600,-3.4385
180,6009,312,104.1354,-5.2764
180,6009,320,104.2714,-8.5637
180,6009,328,104.4319,-12.3593
180,6009,336,104.8344,-21.2731
180,6009,344,105.3801,-31.4430
180,6009,352,105.5352,-33.9088
180,6009,360,105.6084,-35.0104
180,6009,368,105.6750,-35.9832
180,6009,376,105.7656,-37.2576
180,6009,384,105.8658,-38.6046
180,6009,392,105.9556,-39.7627
180,6009,400,106.0693,-41.1685
180,6009,408,106.1193,-41.7672
180,6009,416,106.3950,-44.8748
180,6009,424,106.4750,-45.7219
180,6009,432,106.5594,-46.5866
180,6009,440,107.1050,-51.4512
180,6009,448,107.1507,-51.7996
180,6009,456,107.5149,-54.2233
180,6009,464,107.9503,-56.4096
180,6009,472,107.9901,-56.5775
180,6009,480,108.1086,-57.0437
180,6009,488,108.2685,-57.5940
180,6009,496,108.4134,-58.0238
180,6009,504,108.8350,-58.9839
180,6009,512,108.8941,-59.0919
180,6009,520,109.3598,-59.7607
180,6009,528,109.4167,-59.8267
180,6009,536,109.8650,-60.2352
180,6009,544,109.9081,-60.2676
180,6009,552,110.2605,-60.4820
180,6009,560,111.1370,-60.9053
180,6009,568,113.1559,-62.0967
180,6009,576,117.0873,-64.0168
180,6009,584,123.1366,-64.8738
180,6009,592,129.4883,-64.8071
180,6009,600,135.8401,-64.6679
180,6009,608,156.1838,-64.5636
180,6009,616,183.4032,-64.5601
180,6009,624,210.6226,-64.5622
180,6009,632,260.6013,-64.5611
180,6009,640,444.7925,-64.5608
180,6009,648,488.4268,-64.5611
180,6009,656,532.0610,-64.5612
180,6009,664,575.6953,-64.5612
180,6009,672,619.3296,-64.5612
180,6009,680,662.9638,-64.5628
180,6009,688,695.0697,-64.5631
180,6009,696,714.1426,-64.5592
180,6009,704,724.2977,-64.5634
180,6009,712,734.4527,-64.5592
180,6009,720,744.6078,-64.5640
180,6009,728,754.7629,-64.5620
180,6009,736,764.9180,-64.5631
180,6009,744,775.0730,-64.5582
180,6009,752,785.2281,-64.5631
180,6009,760,794.5387,-64.5612
180,6009,768,800.5253,-64.5633
180,6009,776,805.1945,-64.5584
180,6009,784,808.4964,-64.5529
180,6009,792,811.3425,-64.5579
180,6009,800,814.1886,-64.5605
180,6009,808,817.0347,-64.5581
180,6009,816,819.7680,-64.5503
180,6009,824,821.7118,-64.5548
180,6009,832,823.1910,-64.5562
180,6009,840,824.5153,-64.5568
180,6009,848,825.8396,-64.5555
180,6009,856,827.1639,-64.5566
180,6009,864,828.4881,-64.5596
180,6009,872,829.8124,-64.5614
180,6009,880,831.1367,-64.5615
180,6009,888,833.7599,-64.5616
180,6009,896,848.2410,-64.5614
180,6009,904,1125.6425,-64.5610
180,6010,0,0.0000,-65.0000
180,6010,8,0.0699,-64.9855
180,6010,16,0.6811,-64.9173
180,6010,24,5.5147,-64.6276
180,6010,32,14.0905,-64.5433
180,6010,40,22.6664,-64.5540
180,6010,48,36.8228,-64.5609
180,6010,56,100.0000,-64.5618
180,6010,64,100.0343,-64.5378
180,6010,72,100.1492,-64.0822
180,6010,80,100.2221,-63.5369
180,6010,88,100.2689,-63.1035
180,6010,96,100.5629,-59.4476
180,6010,104,101.1626,-50.6063
180,6010,112,101.3062,-48.1578
180,6010,120,101.3784,-46.7062
180,6010,128,101.4811,-44.1174
180,6010,136,101.5670,-41.0634
180,6010,144,101.6366,-37.5008
180,6010,152,101.7650,-27.1773
180,6010,160,101.7964,-24.1295
180,6010,168,101.8301,-20.8501
180,6010,176,101.9282,-11.7869
180,6010,184,102.0896,0.5684
180,6010,192,102.1945,6.7749
180,6010,200,102.2867,11.0511
180,6010,208,102.4850,16.9385
180,6010,216,102.5400,17.8928
180,6010,224,102.5606,18.1842
180,6010,232,102.5884,18.5259
180,6010,240,102.6650,19.1796
180,6010,248,102.7396,19.4472
180,6010,256,102.8466,19.2901
180,6010,264,103.0072,18.0812
180,6010,272,103.2752,14.1836
180,6010,280,103.3077,13.5927
180,6010,288,103.4208,11.3904
180,6010,296,103.6543,6.2916
180,6010,304,104.0600,-3.4385
180,6010,312,104.1354,-5.2764
180,6010,320,104.2714,-8.5637
180,6010,328,104.4319,-12.3593
180,6010,336,104.8344,-21.2731
180,6010,344,105.3801,-31.4430
180,6010,352,105.5352,-33.9088
180,6010,360,105.6084,-35.0104
180,6010,368,105.6750,-35.9832
180,6010,376,105.7656,-37.2576
180,6010,384,105.8658,-38.6046
180,6010,392,105.9556,-39.7627
180,6010,400,106.0693,-41.1685
180,6010,408,106.1193,-41.7672
180,6010,416,106.3950,-44.8748
180,6010,424,106.4750,-45.7219
180,6010,432,106.5594,-46.5866
180,6010,440,107.1050,-51.4512
180,6010,448,107.1507,-51.7996
180,6010,456,107.5149,-54.2233
180,6010,464,107.9503,-56.4096
180,6010,472,107.9901,-56.5775
180,6010,480,108.1086,-57.0437
180,6010,488,108.2685,-57.5940
180,6010,496,108.4134,-58.0238
180,6010,504,108.8350,-58.9839
180,6010,512,108.8941,-59.0919
180,6010,520,109.3598,-59.7607
180,6010,528,109.4167,-59.8267
180,6010,536,109.8650,-60.2352
180,6010,544,109.9081,-60.2676
180,6010,552,110.2605,-60.4820
180,6010,560,111.1370,-60.9053
180,6010,568,113.1559,-62.0967
180,6010,576,117.0873,-64.0168
180,6010,584,123.1366,-64.8738
180,6010,592,129.4883,-64.8071
180,6010,600,135.8401,-64.6679
180,6010,608,156.1838,-64.5636
180,6010,616,183.4032,-64.5601
180,6010,624,210.6226,-64.5622
180,6010,632,260.6013,-64.5611
180,6010,640,444.7925,-64.5608
180,6010,648,488.4268,-64.5611
180,6010,656,532.0610,-64.5612
180,6010,664,575.6953,-64.5612
180,6010,672,619.3296,-64.5612
180,6010,680,662.9638,-64.5628
180,6010,688,695.0697,-64.5631
180,6010,696,714.1426,-64.5592
180,6010,704,724.2977,-64.5634
180,6010,712,734.4527,-64.5592
180,6010,720,744.6078,-64.5640
180,6010,728,754.7629,-64.5620
180,6010,736,764.9180,-64.5631
180,6010,744,775.0730,-64.5582
180,6010,752,785.2281,-64.5631
180,6010,760,794.5387,-64.5612
180,6010,768,800.5253,-64.5633
180,6010,776,805.1945,-64.5584
180,6010,784,808.4964,-64.5529
180,6010,792,811.3425,-64.5579
180,6010,800,814.1886,-64.5605
180,6010,808,817.0347,-64.5581
180,6010,816,819.7680,-64.5503
180,6010,824,821.7118,-64.5548
180,6010,832,823.1910,-64.5562
180,6010,840,824.5153,-64.5568
180,6010,848,825.8396,-64.5555
180,6010,856,827.1639,-64.5566
180,6010,864,828.4881,-64.5596
180,6010,872,829.8124,-64.5614
180,6010,880,831.1367,-64.5615
180,6010,888,833.7599,-64.5616
180,6010,896,848.2410,-64.5614
180,6010,904,1125.6425,-64.5610
210,7001,0,0.0000,-65.0000
210,7001,8,0.0699,-64.9855
210,7001,16,0.6811,-64.9173
210,7001,24,5.5147,-64.6276
210,7001,32,14.0905,-64.5433
210,7001,40,22.6664,-64.5540
210,7001,48,36.8228,-64.5609
210,7001,56,100.0000,-64.5618
210,7001,64,100.0336,-64.5372
210,7001,72,100.1396,-64.1029
210,7001,80,100.3360,-62.2358
210,7001,88,100.4638,-60.5868
210,7001,96,100.7455,-56.5006
210,7001,104,101.0839,-51.3971
210,7001,112,101.2124,-49.2986
210,7001,120,101.3838,-45.8760
210,7001,128,101.4135,-45.1351
210,7001,136,101.5692,-39.5536
210,7001,144,101.7741,-23.4301
210,7001,152,101.8155,-19.4142
210,7001,160,101.8887,-12.6841
210,7001,168,101.9261,-9.4815
210,7001,176,101.9671,-6.1795
210,7001,184,102.0557,0.2188
210,7001,192,102.0763,1.5576
210,7001,200,102.1762,7.2671
210,7001,208,102.3339,13.7269
210,7001,216,102.4326,16.3581
210,7001,224,102.6782,19.2781
210,7001,232,102.8512,19.0488
210,7001,240,103.0106,17.6737
210,7001,248,103.4687,9.8205
210,7001,256,103.5750,7.4916
210,7001,264,103.9888,-2.3359
210,7001,272,104.5045,-14.7460
210,7001,280,104.5882,-16.6603
210,7001,288,104.7453,-20.1291
210,7001,296,104.9260,-23.8929
210,7001,304,105.2048,-29.1772
210,7001,312,105.4571,-33.4140
210,7001,320,105.5525,-34.8933
210,7001,328,105.9920,-40.9984
210,7001,336,106.2891,-44.6715
210,7001,344,106.3905,-45.8590
210,7001,352,106.8080,-50.3308
210,7001,360,107.2620,-54.2870
210,7001,368,107.4242,-55.4452
210,7001,376,107.9869,-58.4945
210,7001,384,108.1764,-59.2511
210,7001,392,108.2821,-59.6201
210,7001,400,108.3268,-59.7643
210,7001,408,108.4765,-60.1872
210,7001,416,108.6355,-60.5468
210,7001,424,108.9297,-61.0208
210,7001,432,109.0259,-61.1326
210,7001,440,109.2052,-61.2889
210,7001,448,109.3842,-61.3849
210,7001,456,109.4292,-61.4012
210,7001,464,109.5147,-61.4208
210,7001,472,109.8173,-61.4011
210,7001,480,109.9797,-61.3569
210,7001,488,110.6207,-61.1102
210,7001,496,110.8570,-61.0453
210,7001,504,111.2106,-60.9653
210,7001,512,111.2738,-60.9523
210,7001,520,111.7274,-60.8507
210,7001,528,112.1625,-60.7905
210,7001,536,112.3389,-60.7785
210,7001,544,113.1230,-60.7677
210,7001,552,113.5196,-60.8336
210,7001,560,113.6512,-60.8649
210,7001,568,114.2269,-60.9824
210,7001,576,115.5237,-61.4106
210,7001,584,118.1083,-62.7469
210,7001,592,119.8051,-63.5105
210,7001,600,119.9686,-63.5658
210,7001,608,120.1387,-63.6067
210,7001,616,120.2913,-63.6263
210,7001,624,120.8864,-63.5769
210,7001,632,122.2694,-63.4504
210,7001,640,125.2226,-63.8119
210,7001,648,129.5761,-64.4092
210,7001,656,133.5855,-64.6185
210,7001,664,136.4501,-64.6503
210,7001,672,138.5266,-64.6488
210,7001,680,140.1814,-64.6393
210,7001,688,141.5831,-64.6297
210,7001,696,142.7706,-64.6208
210,7001,704,143.7438,-64.6148
210,7001,712,144.9680,-64.6076
210,7001,720,151.3192,-64.5789
210,7001,728,181.4978,-64.5607
210,7001,736,229.9880,-64.5620
210,7001,744,278.4783,-64.5610
210,7001,752,326.9685,-64.5605
210,7001,760,418.9758,-64.5609
210,7002,0,0.0000,-65.0000
210,7002,8,0.0699,-64.9855
210,7002,16,0.6811,-64.9173
210,7002,24,5.5147,-64.6276
210,7002,32,14.0905,-64.5433
210,7002,40,22.6664,-64.5540
210,7002,48,36.8228,-64.5609
210,7002,56,100.0000,-64.5618
210,7002,64,100.0336,-64.5372
210,7002,72,100.1396,-64.1029
210,7002,80,100.3360,-62.2358
210,7002,88,100.4638,-60.5868
210,7002,96,100.7455,-56.5006
210,7002,104,101.0839,-51.3971
210,7002,112,101.2124,-49.2986
210,7002,120,101.3838,-45.8760
210,7002,128,101.4135,-45.1351
210,7002,136,101.5692,-39.5536
210,7002,144,101.7741,-23.4301
210,7002,152,101.8155,-19.4142
210,7002,160,101.8887,-12.6841
210,7002,168,101.9261,-9.4815
210,7002,176,101.9671,-6.1795
210,7002,184,102.0557,0.2188
210,7002,192,102.0763,1.5576
210,7002,200,102.1762,7.2671
210,7002,208,102.3339,13.7269
210,7002,216,102.4326,16.3581
210,7002,224,102.6782,19.2781
210,7002,232,102.8512,19.0488
210,7002,240,103.0106,17.6737
210,7002,248,103.4687,9.8205
210,7002,256,103.5750,7.4916
210,7002,264,103.9888,-2.3359
210,7002,272,104.5045,-14.7460
210,7002,280,104.5882,-16.6603
210,7002,288,104.7453,-20.1291
210,7002,296,104.9260,-23.8929
210,7002,304,105.2048,-29.1772
210,7002,312,105.4571,-33.4140
210,7002,320,105.5525,-34.8933
210,7002,328,105.9920,-40.9984
210,7002,336,106.2891,-44.6715
210,7002,344,106.3905,-45.8590
210,7002,352,106.8080,-50.3308
210,7002,360,107.2620,-54.2870
210,7002,368,107.4242,-55.4452
210,7002,376,107.9869,-58.4945
210,7002,384,108.1764,-59.2511
210,7002,392,108.2821,-59.6201
210,7002,400,108.3268,-59.7643
210,7002,408,108.4765,-60.1872
210,7002,416,108.6355,-60.5468
210,7002,424,108.9297,-61.0208
210,7002,432,109.0259,-61.1326
210,7002,440,109.2052,-61.2889
210,7002,448,109.3842,-61.3849
210,7002,456,109.4292,-61.4012
210,7002,464,109.5147,-61.4208
210,7002,472,109.8173,-61.4011
210,7002,480,109.9797,-61.3569
210,7002,488,110.6207,-61.1102
210,7002,496,110.8570,-61.0453
210,7002,504,111.2106,-60.9653
210,7002,512,111.2738,-60.9523
210,7002,520,111.7274,-60.8507
210,7002,528,112.1625,-60.7905
210,7002,536,112.3389,-60.7785
210,7002,544,113.1230,-60.7677
210,7002,552,113.5196,-60.8336
210,7002,560,113.6512,-60.8649
210,7002,568,114.2269,-60.9824
210,7002,576,115.5237,-61.4106
210,7002,584,118.1083,-62.7469
210,7002,592,119.8051,-63.5105
210,7002,600,119.9686,-63.5658
210,7002,608,120.1387,-63.6067
210,7002,616,120.2913,-63.6263
210,7002,624,120.8864,-63.5769
210,7002,632,122.2694,-63.4504
210,7002,640,125.2226,-63.8119
210,7002,648,129.5761,-64.4092
210,7002,656,133.5855,-64.6185
210,7002,664,136.4501,-64.6503
210,7002,672,138.5266,-64.6488
210,7002,680,140.1814,-64.6393
210,7002,688,141.5831,-64.6297
210,7002,696,142.7706,-64.6208
210,7002,704,143.7438,-64.6148
210,7002,712,144.9680,-64.6076
210,7002,720,151.3192,-64.5789
210,7002,728,181.4978,-64.5607
210,7002,736,229.9880,-64.5620
210,7002,744,278.4783,-64.5610
210,7002,752,326.9685,-64.5605
210,7002,760,418.9758,-64.5609
210,7003,0,0.0000,-65.0000
210,7003,8,0.0699,-64.9855
210,7003,16,0.6811,-64.9173
210,7003,24,5.5147,-64.6276
210,7003,32,14.0905,-64.5433
210,7003,40,22.6664,-64.5540
210,7003,48,36.8228,-64.5609
210,7003,56,100.0000,-64.5618
210,7003,64,100.0336,-64.5372
210,7003,72,100.1396,-64.1029
210,7003,80,100.3360,-62.2358
210,7003,88,100.4638,-60.5868
210,7003,96,100.7455,-56.5006
210,7003,104,101.0839,-51.3971
210,7003,112,101.2124,-49.2986
210,7003,120,101.3838,-45.8760
210,7003,128,101.4135,-45.1351
210,7003,136,101.5692,-39.5536
210,7003,144,101.7741,-23.4301
210,7003,152,101.8155,-19.4142
210,7003,160,101.8887,-12.6841
210,7003,168,101.9261,-9.4815
210,7003,176,101.9671,-6.1795
210,7003,184,102.0557,0.2188
210,7003,192,102.0763,1.5576
210,7003,200,102.1762,7.2671
210,7003,208,102.3339,13.7269
210,7003,216,102.4326,16.3581
210,7003,224,102.6782,19.2781
210,7003,232,102.8512,19.0488
210,7003,240,103.0106,17.6737
210,7003,248,103.4687,9.8205
210,7003,256,103.5750,7.4916
210,7003,264,103.9888,-2.3359
210,7003,272,104.5045,-14.7460
210,7003,280,104.5882,-16.6603
210,7003,288,104.7453,-20.1291
210,7003,296,104.9260,-23.8929
210,7003,304,105.2048,-29.1772
210,7003,312,105.4571,-33.4140
210,7003,320,105.5525,-34.8933
210,7003,328,105.9920,-40.9984
210,7003,336,106.2891,-44.6715
210,7003,344,106.3905,-45.8590
210,7003,352,106.8080,-50.3308
210,7003,360,107.2620,-54.2870
210,7003,368,107.4242,-55.4452
210,7003,376,107.9869,-58.4945
210,7003,384,108.1764,-59.2511
210,7003,392,108.2821,-59.6201
210,7003,400,108.3268,-59.7643
210,7003,408,108.4765,-60.1872
210,7003,416,108.6355,-60.5468
210,7003,424,108.9297,-61.0208
210,7003,432,109.0259,-61.1326
210,7003,440,109.2052,-61.2889
210,7003,448,109.3842,-61.3849
210,7003,456,109.4292,-61.4012
210,7003,464,109.5147,-61.4208
210,7003,472,109.8173,-61.4011
210,7003,480,109.9797,-61.3569
210,7003,488,110.6207,-61.1102
210,7003,496,110.8570,-61.0453
210,7003,504,111.2106,-60.9653
210,7003,512,111.2738,-60.9523
210,7003,520,111.7274,-60.8507
210,7003,528,112.1625,-60.7905
210,7003,536,112.3389,-60.7785
210,7003,544,113.1230,-60.7677
210,7003,552,113.5196,-60.8336
210,7003,560,113.6512,-60.8649
210,7003,568,114.2269,-60.9824
210,7003,576,115.5237,-61.4106
210,7003,584,118.1083,-62.7469
210,7003,592,119.8051,-63.5105
210,7003,600,119.9686,-63.5658
210,7003,608,120.1387,-63.6067
210,7003,616,120.2913,-63.6263
210,7003,624,120.8864,-63.5769
210,7003,632,122.2694,-63.4504
210,7003,640,125.2226,-63.8119
210,7003,648,129.5761,-64.4092
210,7003,656,133.5855,-64.6185
210,7003,664,136.4501,-64.6503
210,7003,672,138.5266,-64.6488
210,7003,680,140.1814,-64.6393
210,7003,688,141.5831,-64.6297
210,7003,696,142.7706,-64.6208
210,7003,704,143.7438,-64.6148
210,7003,712,144.9680,-64.6076
210,7003,720,151.3192,-64.5789
210,7003,728,181.4978,-64.5607
210,7003,736,229.9880,-64.5620
210,7003,744,278.4783,-64.5610
210,7003,752,326.9685,-64.5605
210,7003,760,418.9758,-64.5609
210,7004,0,0.0000,-65.0000
210,7004,8,0.0699,-64.9855
210,7004,16,0.6811,-64.9173
210,7004,24,5.5147,-64.6276
210,7004,32,14.0905,-64.5433
210,7004,40,22.6664,-64.5540
210,7004,48,36.8228,-64.5609
210,7004,56,100.0000,-64.5618
210,7004,64,100.0336,-64.5372
210,7004,72,100.1396,-64.1029
210,7004,80,100.3360,-62.2358
210,7004,88,100.4638,-60.5868
210,7004,96,100.7455,-56.5006
210,7004,104,101.0839,-51.3971
210,7004,112,101.2124,-49.2986
210,7004,120,101.3838,-45.8760
210,7004,128,101.4135,-45.1351
210,7004,136,101.5692,-39.5536
210,7004,144,101.7741,-23.4301
210,7004,152,101.8155,-19.4142
210,7004,160,101.8887,-12.6841
210,7004,168,101.9261,-9.4815
210,7004,176,101.9671,-6.1795
210,7004,184,102.0557,0.2188
210,7004,192,102.0763,1.5576
210,7004,200,102.1762,7.2671
210,7004,208,102.3339,13.7269
210,7004,216,102.4326,16.3581
210,7004,224,102.6782,19.2781
210,7004,232,102.8512,19.0488
210,7004,240,103.0106,17.6737
210,7004,248,103.4687,9.8205
210,7004,256,103.5750,7.4916
210,7004,264,103.9888,-2.3359
210,7004,272,104.5045,-14.7460
210,7004,280,104.5882,-16.6603
210,7004,288,104.7453,-20.1291
210,7004,296,104.9260,-23.8929
210,7004,304,105.2048,-29.1772
210,7004,312,105.4571,-33.4140
210,7004,320,105.5525,-34.8933
210,7004,328,105.9920,-40.9984
210,7004,336,106.2891,-44.6715
210,7004,344,106.3905,-45.8590
210,7004,352,106.8080,-50.3308
210,7004,360,107.2620,-54.2870
210,7004,368,107.4242,-55.4452
210,7004,376,107.9869,-58.4945
210,7004,384,108.1764,-59.2511
210,7004,392,108.2821,-59.6201
210,7004,400,108.3268,-59.7643
210,7004,408,108.4765,-60.1872
210,7004,416,108.6355,-60.5468
210,7004,424,108.9297,-61.0208
210,7004,432,109.0259,-61.1326
210,7004,440,109.2052,-61.2889
210,7004,448,109.3842,-61.3849
210,7004,456,109.4292,-61.4012
210,7004,464,109.5147,-61.4208
210,7004,472,109.8173,-61.4011
210,7004,480,109.9797,-61.3569
210,7004,488,110.6207,-61.1102
210,7004,496,110.8570,-61.0453
210,7004,504,111.2106,-60.9653
210,7004,512,111.2738,-60.9523
210,7004,520,111.7274,-60.8507
210,7004,528,112.1625,-60.7905
210,7004,536,112.3389,-60.7785
210,7004,544,113.1230,-60.7677
210,7004,552,113.5196,-60.8336
210,7004,560,113.6512,-60.8649
210,7004,568,114.2269,-60.9824
210,7004,576,115.5237,-61.4106
210,7004,584,118.1083,-62.7469
210,7004,592,119.8051,-63.5105
210,7004,600,119.9686,-63.5658
210,7004,608,120.1387,-63.6067
210,7004,616,120.2913,-63.6263
210,7004,624,120.8864,-63.5769
210,7004,632,122.2694,-63.4504
210,7004,640,125.2226,-63.8119
210,7004,648,129.5761,-64.4092
210,7004,656,133.5855,-64.6185
210,7004,664,136.4501,-64.6503
210,7004,672,138.5266,-64.6488
210,7004,680,140.1814,-64.6393
210,7004,688,141.5831,-64.6297
210,7004,696,142.7706,-64.6208
210,7004,704,143.7438,-64.6148
210,7004,712,144.9680,-64.6076
210,7004,720,151.3192,-64.5789
210,7004,728,181.4978,-64.5607
210,7004,736,229.9880,-64.5620
210,7004,744,278.4783,-64.5610
210,7004,752,326.9685,-64.5605
210,7004,760,418.9758,-64.5609
210,7005,0,0.0000,-65.0000
210,7005,8,0.0699,-64.9855
210,7005,16,0.6811,-64.9173
210,7005,24,5.5147,-64.6276
210,7005,32,14.0905,-64.5433
210,7005,40,22.6664,-64.5540
210,7005,48,36.8228,-64.5609
210,7005,56,100.0000,-64.5618
210,7005,64,100.0336,-64.5372
210,7005,72,100.1396,-64.1029
210,7005,80,100.3360,-62.2358
210,7005,88,100.4638,-60.5868
210,7005,96,100.7455,-56.5006
210,7005,104,101.0839,-51.3971
210,7005,112,101.2124,-49.2986
210,7005,120,101.3838,-45.8760
210,7005,128,101.4135,-45.1351
210,7005,136,101.5692,-39.5536
210,7005,144,101.7741,-23.4301
210,7005,152,101.8155,-19.4142
210,7005,160,101.8887,-12.6841
210,7005,168,101.9261,-9.4815
210,7005,176,101.9671,-6.1795
210,7005,184,102.0557,0.2188
210,7005,192,102.0763,1.5576
210,7005,200,102.1762,7.2671
210,7005,208,102.3339,13.7269
210,7005,216,102.4326,16.3581
210,7005,224,102.6782,19.2781
210,7005,232,102.8512,19.0488
210,7005,240,103.0106,17.6737
210,7005,248,103.4687,9.8205
210,7005,256,103.5750,7.4916
210,7005,264,103.9888,-2.3359
210,7005,272,104.5045,-14.7460
210,7005,280,104.5882,-16.6603
210,7005,288,104.7453,-20.1291
210,7005,296,104.9260,-23.8929
210,7005,304,105.2048,-29.1772
210,7005,312,105.4571,-33.4140
210,7005,320,105.5525,-34.8933
210,7005,328,105.9920,-40.9984
210,7005,336,106.2891,-44.6715
210,7005,344,106.3905,-45.8590
210,7005,352,106.8080,-50.3308
210,7005,360,107.2620,-54.2870
210,7005,368,107.4242,-55.4452
210,7005,376,107.9869,-58.4945
210,7005,384,108.1764,-59.2511
210,7005,392,108.2821,-59.6201
210,7005,400,108.3268,-59.7643
210,7005,408,108.4765,-60.1872
210,7005,416,108.6355,-60.5468
210,7005,424,108.9297,-61.0208
210,7005,432,109.0259,-61.1326
210,7005,440,109.2052,-61.2889
210,7005,448,109.3842,-61.3849
210,7005,456,109.4292,-61.4012
210,7005,464,109.5147,-61.4208
210,7005,472,109.8173,-61.4011
210,7005,480,109.9797,-61.3569
210,7005,488,110.6207,-61.1102
210,7005,496,110.8570,-61.0453
210,7005,504,111.2106,-60.9653
210,7005,512,111.2738,-60.9523
210,7005,520,111.7274,-60.8507
210,7005,528,112.1625,-60.7905
210,7005,536,112.3389,-60.7785
210,7005,544,113.1230,-60.7677
210,7005,552,113.5196,-60.8336
210,7005,560,113.6512,-60.8649
210,7005,568,114.2269,-60.9824
210,7005,576,115.5237,-61.4106
210,7005,584,118.1083,-62.7469
210,7005,592,119.8051,-63.5105
210,7005,600,119.9686,-63.5658
210,7005,608,120.1387,-63.6067
210,7005,616,120.2913,-63.6263
210,7005,624,120.8864,-63.5769
210,7005,632,122.2694,-63.4504
210,7005,640,125.2226,-63.8119
210,7005,648,129.5761,-64.4092
210,7005,656,133.5855,-64.6185
210,7005,664,136.4501,-64.6503
210,7005,672,138.5266,-64.6488
210,7005,680,140.1814,-64.6393
210,7005,688,141.5831,-64.6297
210,7005,696,142.7706,-64.6208
210,7005,704,143.7438,-64.6148
210,7005,712,144.9680,-64.6076
210,7005,720,151.3192,-64.5789
210,7005,728,181.4978,-64.5607
210,7005,736,229.9880,-64.5620
210,7005,744,278.4783,-64.5610
210,7005,752,326.9685,-64.5605
210,7005,760,418.9758,-64.5609
210,7006,0,0.0000,-65.0000
210,7006,8,0.0699,-64.9855
210,7006,16,0.6811,-64.9173
210,7006,24,5.5147,-64.6276
210,7006,32,14.0905,-64.5433
210,7006,40,22.6664,-64.5540
210,7006,48,36.8228,-64.5609
210,7006,56,100.0000,-64.5618
210,7006,64,100.0336,-64.5372
210,7006,72,100.1396,-64.1029
210,7006,80,100.3360,-62.2358
210,7006,88,100.4638,-60.5868
210,7006,96,100.7455,-56.5006
210,7006,104,101.0839,-51.3971
210,7006,112,101.2124,-49.2986
210,7006,120,101.3838,-45.8760
210,7006,128,101.4135,-45.1351
210,7006,136,101.5692,-39.5536
210,7006,144,101.7741,-23.4301
210,7006,152,101.8155,-19.4142
210,7006,160,101.8887,-12.6841
210,7006,168,101.9261,-9.4815
210,7006,176,101.9671,-6.1795
210,7006,184,102.0557,0.2188
210,7006,192,102.0763,1.5576
210,7006,200,102.1762,7.2671
210,7006,208,102.3339,13.7269
210,7006,216,102.4326,16.3581
210,7006,224,102.6782,19.2781
210,7006,232,102.8512,19.0488
210,7006,240,103.0106,17.6737
210,7006,248,103.4687,9.8205
210,7006,256,103.5750,7.4916
210,7006,264,103.9888,-2.3359
210,7006,272,104.5045,-14.7460
210,7006,280,104.5882,-16.6603
210,7006,288,104.7453,-20.1291
210,7006,296,104.9260,-23.8929
210,7006,304,105.2048,-29.1772
210,7006,312,105.4571,-33.4140
210,7006,320,105.5525,-34.8933
210,7006,328,105.9920,-40.9984
210,7006,336,106.2891,-44.6715
210,7006,344,106.3905,-45.8590
210,7006,352,106.8080,-50.3308
210,7006,360,107.2620,-54.2870
210,7006,368,107.4242,-55.4452
210,7006,376,107.9869,-58.4945
210,7006,384,108.1764,-59.2511
210,7006,392,108.2821,-59.6201
210,7006,400,108.3268,-59.7643
210,7006,408,108.4765,-60.1872
210,7006,416,108.6355,-60.5468
210,7006,424,108.9297,-61.0208
210,7006,432,109.0259,-61.1326
210,7006,440,109.2052,-61.2889
210,7006,448,109.3842,-61.3849
210,7006,456,109.4292,-61.4012
210,7006,464,109.5147,-61.4208
210,7006,472,109.8173,-61.4011
210,7006,480,109.9797,-61.3569
210,7006,488,110.6207,-61.1102
210,7006,496,110.8570,-61.0453
210,7006,504,111.2106,-60.9653
210,7006,512,111.2738,-60.9523
210,7006,520,111.7274,-60.8507
210,7006,528,112.1625,-60.7905
210,7006,536,112.3389,-60.7785
210,7006,544,113.1230,-60.7677
210,7006,552,113.5196,-60.8336
210,7006,560,113.6512,-60.8649
210,7006,568,114.2269,-60.9824
210,7006,576,115.5237,-61.4106
210,7006,584,118.1083,-62.7469
210,7006,592,119.8051,-63.5105
210,7006,600,119.9686,-63.5658
210,7006,608,120.1387,-63.6067
210,7006,616,120.2913,-63.6263
210,7006,624,120.8864,-63.5769
210,7006,632,122.2694,-63.4504
210,7006,640,125.2226,-63.8119
210,7006,648,129.5761,-64.4092
210,7006,656,133.5855,-64.6185
210,7006,664,136.4501,-64.6503
210,7006,672,138.5266,-64.6488
210,7006,680,140.1814,-64.6393
210,7006,688,141.5831,-64.6297
210,7006,696,142.7706,-64.6208
210,7006,704,143.7438,-64.6148
210,7006,712,144.9680,-64.6076
210,7006,720,151.3192,-64.5789
210,7006,728,181.4978,-64.5607
210,7006,736,229.9880,-64.5620
210,7006,744,278.4783,-64.5610
210,7006,752,326.9685,-64.5605
210,7006,760,418.9758,-64.5609
210,7007,0,0.0000,-65.0000
210,7007,8,0.0699,-64.9855
210,7007,16,0.6811,-64.9173
210,7007,24,5.5147,-64.6276
210,7007,32,14.0905,-64.5433
210,7007,40,22.6664,-64.5540
210,7007,48,36.8228,-64.5609
210,7007,56,100.0000,-64.5618
210,7007,64,100.0336,-64.5372
210,7007,72,100.1396,-64.1029
210,7007,80,100.3360,-62.2358
210,7007,88,100.4638,-60.5868
210,7007,96,100.7455,-56.5006
210,7007,104,101.0839,-51.3971
210,7007,112,101.2124,-49.2986
210,7007,120,101.3838,-45.8760
210,7007,128,101.4135,-45.1351
210,7007,136,101.5692,-39.5536
210,7007,144,101.7741,-23.4301
210,7007,152,101.8155,-19.4142
210,7007,160,101.8887,-12.6841
210,7007,168,101.9261,-9.4815
210,7007,176,101.9671,-6.1795
210,7007,184,102.0557,0.2188
210,7007,192,102.0763,1.5576
210,7007,200,102.1762,7.2671
210,7007,208,102.3339,13.7269
210,7007,216,102.4326,16.3581
210,7007,224,102.6782,19.2781
210,7007,232,102.8512,19.0488
210,7007,240,103.0106,17.6737
210,7007,248,103.4687,9.8205
210,7007,256,103.5750,7.4916
210,7007,264,103.9888,-2.3359
210,7007,272,104.5045,-14.7460
210,7007,280,104.5882,-16.6603
210,7007,288,104.7453,-20.1291
210,7007,296,104.9260,-23.8929
210,7007,304,105.2048,-29.1772
210,7007,312,105.4571,-33.4140
210,7007,320,105.5525,-34.8933
210,7007,328,105.9920,-40.9984
210,7007,336,106.2891,-44.6715
210,7007,344,106.3905,-45.8590
210,7007,352,106.8080,-50.3308
210,7007,360,107.2620,-54.2870
210,7007,368,107.4242,-55.4452
210,7007,376,107.9869,-58.4945
210,7007,384,108.1764,-59.2511
210,7007,392,108.2821,-59.6201
210,7007,400,108.3268,-59.7643
210,7007,408,108.4765,-60.1872
210,7007,416,108.6355,-60.5468
210,7007,424,108.9297,-61.0208
210,7007,432,109.0259,-61.1326
210,7007,440,109.2052,-61.2889
210,7007,448,109.3842,-61.3849
210,7007,456,109.4292,-61.4012
210,7007,464,109.5147,-61.4208
210,7007,472,109.8173,-61.4011
210,7007,480,109.9797,-61.3569
210,7007,488,110.6207,-61.1102
210,7007,496,110.8570,-61.0453
210,7007,504,111.2106,-60.9653
210,7007,512,111.2738,-60.9523
210,7007,520,111.7274,-60.8507
210,7007,528,112.1625,-60.7905
210,7007,536,112.3389,-60.7785
210,7007,544,113.1230,-60.7677
210,7007,552,113.5196,-60.8336
210,7007,560,113.6512,-60.8649
210,7007,568,114.2269,-60.9824
210,7007,576,115.5237,-61.4106
210,7007,584,118.1083,-62.7469
210,7007,592,119.8051,-63.5105
210,7007,600,119.9686,-63.5658
210,7007,608,120.1387,-63.6067
210,7007,616,120.2913,-63.6263
210,7007,624,120.8864,-63.5769
210,7007,632,122.2694,-63.4504
210,7007,640,125.2226,-63.8119
210,7007,648,129.5761,-64.4092
210,7007,656,133.5855,-64.6185
210,7007,664,136.4501,-64.6503
210,7007,672,138.5266,-64.6488
210,7007,680,140.1814,-64.6393
210,7007,688,141.5831,-64.6297
210,7007,696,142.7706,-64.6208
210,7007,704,143.7438,-64.6148
210,7007,712,144.9680,-64.6076
210,7007,720,151.3192,-64.5789
210,7007,728,181.4978,-64.5607
210,7007,736,229.9880,-64.5620
210,7007,744,278.4783,-64.5610
210,7007,752,326.9685,-64.5605
210,7007,760,418.9758,-64.5609
210,7008,0,0.0000,-65.0000
210,7008,8,0.0699,-64.9855
210,7008,16,0.6811,-64.9173
210,7008,24,5.5147,-64.6276
210,7008,32,14.0905,-64.5433
210,7008,40,22.6664,-64.5540
210,7008,48,36.8228,-64.5609
210,7008,56,100.0000,-64.5618
210,7008,64,100.0336,-64.5372
210,7008,72,100.1396,-64.1029
210,7008,80,100.3360,-62.2358
210,7008,88,100.4638,-60.5868
210,7008,96,100.7455,-56.5006
210,7008,104,101.0839,-51.3971
210,7008,112,101.2124,-49.2986
210,7008,120,101.3838,-45.8760
210,7008,128,101.4135,-45.1351
210,7008,136,101.5692,-39.5536
210,7008,144,101.7741,-23.4301
210,7008,152,101.8155,-19.4142
210,7008,160,101.8887,-12.6841
210,7008,168,101.9261,-9.4815
210,7008,176,101.9671,-6.1795
210,7008,184,102.0557,0.2188
210,7008,192,102.0763,1.5576
210,7008,200,102.1762,7.2671
210,7008,208,102.3339,13.7269
210,7008,216,102.4326,16.3581
210,7008,224,102.6782,19.2781
210,7008,232,102.8512,19.0488
210,7008,240,103.0106,17.6737
210,7008,248,103.4687,9.8205
210,7008,256,103.5750,7.4916
210,7008,264,103.9888,-2.3359
210,7008,272,104.5045,-14.7460
210,7008,280,104.5882,-16.6603
210,7008,288,104.7453,-20.1291
210,7008,296,104.9260,-23.8929
210,7008,304,105.2048,-29.1772
210,7008,312,105.4571,-33.4140
210,7008,320,105.5525,-34.8933
210,7008,328,105.9920,-40.9984
210,7008,336,106.2891,-44.6715
210,7008,344,106.3905,-45.8590
210,7008,352,106.8080,-50.3308
210,7008,360,107.2620,-54.2870
210,7008,368,107.4242,-55.4452
210,7008,376,107.9869,-58.4945
210,7008,384,108.1764,-59.2511
210,7008,392,108.2821,-59.6201
210,7008,400,108.3268,-59.7643
210,7008,408,108.4765,-60.1872
210,7008,416,108.6355,-60.5468
210,7008,424,108.9297,-61.0208
210,7008,432,109.0259,-61.1326
210,7008,440,109.2052,-61.2889
210,7008,448,109.3842,-61.3849
210,7008,456,109.4292,-61.4012
210,7008,464,109.5147,-61.4208
210,7008,472,109.8173,-61.4011
210,7008,480,109.9797,-61.3569
210,7008,488,110.6207,-61.1102
210,7008,496,110.8570,-61.0453
210,7008,504,111.2106,-60.9653
210,7008,512,111.2738,-60.9523
210,7008,520,111.7274,-60.8507
210,7008,528,112.1625,-60.7905
210,7008,536,112.3389,-60.7785
210,7008,544,113.1230,-60.7677
210,7008,552,113.5196,-60.8336
210,7008,560,113.6512,-60.8649
210,7008,568,114.2269,-60.9824
210,7008,576,115.5237,-61.4106
210,7008,584,118.1083,-62.7469
210,7008,592,119.8051,-63.5105
210,7008,600,119.9686,-63.5658
210,7008,608,120.1387,-63.6067
210,7008,616,120.2913,-63.6263
210,7008,624,120.8864,-63.5769
210,7008,632,122.2694,-63.4504
210,7008,640,125.2226,-63.8119
210,7008,648,129.5761,-64.4092
210,7008,656,133.5855,-64.6185
210,7008,664,136.4501,-64.6503
210,7008,672,138.5266,-64.6488
210,7008,680,140.1814,-64.6393
210,7008,688,141.5831,-64.6297
210,7008,696,142.7706,-64.6208
210,7008,704,143.7438,-64.6148
210,7008,712,144.9680,-64.6076
210,7008,720,151.3192,-64.5789
210,7008,728,181.4978,-64.5607
210,7008,736,229.9880,-64.5620
210,7008,744,278.4783,-64.5610
210,7008,752,326.9685,-64.5605
210,7008,760,418.9758,-64.5609
210,7009,0,0.0000,-65.0000
210,7009,8,0.0699,-64.9855
210,7009,16,0.6811,-64.9173
210,7009,24,5.5147,-64.6276
210,7009,32,14.0905,-64.5433
210,7009,40,22.6664,-64.5540
210,7009,48,36.8228,-64.5609
210,7009,56,100.0000,-64.5618
210,7009,64,100.0336,-64.5372
210,7009,72,100.1396,-64.1029
210,7009,80,100.3360,-62.2358
210,7009,88,100.4638,-60.5868
210,7009,96,100.7455,-56.5006
210,7009,104,101.0839,-51.3971
210,7009,112,101.2124,-49.2986
210,7009,120,101.3838,-45.8760
210,7009,128,101.4135,-45.1351
210,7009,136,101.5692,-39.5536
210,7009,144,101.7741,-23.4301
210,7009,152,101.8155,-19.4142
210,7009,160,101.8887,-12.6841
210,7009,168,101.9261,-9.4815
210,7009,176,101.9671,-6.1795
210,7009,184,102.0557,0.2188
210,7009,192,102.0763,1.5576
210,7009,200,102.1762,7.2671
210,7009,208,102.3339,13.7269
210,7009,216,102.4326,16.3581
210,7009,224,102.6782,19.2781
210,7009,232,102.8512,19.0488
210,7009,240,103.0106,17.6737
210,7009,248,103.4687,9.8205
210,7009,256,103.5750,7.4916
210,7009,264,103.9888,-2.3359
210,7009,272,104.5045,-14.7460
210,7009,280,104.5882,-16.6603
210,7009,288,104.7453,-20.1291
210,7009,296,104.9260,-23.8929
210,7009,304,105.2048,-29.1772
210,7009,312,105.4571,-33.4140
210,7009,320,105.5525,-34.8933
210,7009,328,105.9920,-40.9984
210,7009,336,106.2891,-44.6715
210,7009,344,106.3905,-45.8590
210,7009,352,106.8080,-50.3308
210,7009,360,107.2620,-54.2870
210,7009,368,107.4242,-55.4452
210,7009,376,107.9869,-58.4945
210,7009,384,108.1764,-59.2511
210,7009,392,108.2821,-59.6201
210,7009,400,108.3268,-59.7643
210,7009,408,108.4765,-60.1872
210,7009,416,108.6355,-60.5468
210,7009,424,108.9297,-61.0208
210,7009,432,109.0259,-61.1326
210,7009,440,109.2052,-61.2889
210,7009,448,109.3842,-61.3849
210,7009,456,109.4292,-61.4012
210,7009,464,109.5147,-61.4208
210,7009,472,109.8173,-61.4011
210,7009,480,109.9797,-61.3569
210,7009,488,110.6207,-61.1102
210,7009,496,110.8570,-61.0453
210,7009,504,111.2106,-60.9653
210,7009,512,111.2738,-60.9523
210,7009,520,111.7274,-60.8507
210,7009,528,112.1625,-60.7905
210,7009,536,112.3389,-60.7785
210,7009,544,113.1230,-60.7677
210,7009,552,113.5196,-60.8336
210,7009,560,113.6512,-60.8649
210,7009,568,114.2269,-60.9824
210,7009,576,115.5237,-61.4106
210,7009,584,118.1083,-62.7469
210,7009,592,119.8051,-63.5105
210,7009,600,119.9686,-63.5658
210,7009,608,120.1387,-63.6067
210,7009,616,120.2913,-63.6263
210,7009,624,120.8864,-63.5769
210,7009,632,122.2694,-63.4504
210,7009,640,125.2226,-63.8119
210,7009,648,129.5761,-64.4092
210,7009,656,133.5855,-64.6185
210,7009,664,136.4501,-64.6503
210,7009,672,138.5266,-64.6488
210,7009,680,140.1814,-64.6393
210,7009,688,141.5831,-64.6297
210,7009,696,142.7706,-64.6208
210,7009,704,143.7438,-64.6148
210,7009,712,144.9680,-64.6076
210,7009,720,151.3192,-64.5789
210,7009,728,181.4978,-64.5607
210,7009,736,229.9880,-64.5620
210,7009,744,278.4783,-64.5610
210,7009,752,326.9685,-64.5605
210,7009,760,418.9758,-64.5609
210,7010,0,0.0000,-65.0000
210,7010,8,0.0699,-64.9855
210,7010,16,0.6811,-64.9173
210,7010,24,5.5147,-64.6276
210,7010,32,14.0905,-64.5433
210,7010,40,22.6664,-64.5540
210,7010,48,36.8228,-64.5609
210,7010,56,100.0000,-64.5618
210,7010,64,100.0336,-64.5372
210,7010,72,100.1396,-64.1029
210,7010,80,100.3360,-62.2358
210,7010,88,100.4638,-60.5868
210,7010,96,100.7455,-56.5006
210,7010,104,101.0839,-51.3971
210,7010,112,101.2124,-49.2986
210,7010,120,101.3838,-45.8760
210,7010,128,101.4135,-45.1351
210,7010,136,101.5692,-39.5536
210,7010,144,101.7741,-23.4301
210,7010,152,101.8155,-19.4142
210,7010,160,101.8887,-12.6841
210,7010,168,101.9261,-9.4815
210,7010,176,101.9671,-6.1795
210,7010,184,102.0557,0.2188
210,7010,192,102.0763,1.5576
210,7010,200,102.1762,7.2671
210,7010,208,102.3339,13.7269
210,7010,216,102.4326,16.3581
210,7010,224,102.6782,19.2781
210,7010,232,102.8512,19.0488
210,7010,240,103.0106,17.6737
210,7010,248,103.4687,9.8205
210,7010,256,103.5750,7.4916
210,7010,264,103.9888,-2.3359
210,7010,272,104.5045,-14.7460
210,7010,280,104.5882,-16.6603
210,7010,288,104.7453,-20.1291
210,7010,296,104.9260,-23.8929
210,7010,304,105.2048,-29.1772
210,7010,312,105.4571,-33.4140
210,7010,320,105.5525,-34.8933
210,7010,328,105.9920,-40.9984
210,7010,336,106.2891,-44.6715
210,7010,344,106.3905,-45.8590
210,7010,352,106.8080,-50.3308
210,7010,360,107.2620,-54.2870
210,7010,368,107.4242,-55.4452
210,7010,376,107.9869,-58.4945
210,7010,384,108.1764,-59.2511
210,7010,392,108.2821,-59.6201
210,7010,400,108.3268,-59.7643
210,7010,408,108.4765,-60.1872
210,7010,416,108.6355,-60.5468
210,7010,424,108.9297,-61.0208
210,7010,432,109.0259,-61.1326
210,7010,440,109.2052,-61.2889
210,7010,448,109.3842,-61.3849
210,7010,456,109.4292,-61.4012
210,7010,464,109.5147,-61.4208
210,7010,472,109.8173,-61.4011
210,7010,480,109.9797,-61.3569
210,7010,488,110.6207,-61.1102
210,7010,496,110.8570,-61.0453
210,7010,504,111.2106,-60.9653
210,7010,512,111.2738,-60.9523
210,7010,520,111.7274,-60.8507
210,7010,528,112.1625,-60.7905
210,7010,536,112.3389,-60.7785
210,7010,544,113.1230,-60.7677
210,7010,552,113.5196,-60.8336
210,7010,560,113.6512,-60.8649
210,7010,568,114.2269,-60.9824
210,7010,576,115.5237,-61.4106
210,7010,584,118.1083,-62.7469
210,7010,592,119.8051,-63.5105
210,7010,600,119.9686,-63.5658
210,7010,608,120.1387,-63.6067
210,7010,616,120.2913,-63.6263
210,7010,624,120.8864,-63.5769
210,7010,632,122.2694,-63.4504
210,7010,640,125.2226,-63.8119
210,7010,648,129.5761,-64.4092
210,7010,656,133.5855,-64.6185
210,7010,664,136.4501,-64.6503
210,7010,672,138.5266,-64.6488
210,7010,680,140.1814,-64.6393
210,7010,688,141.5831,-64.6297
210,7010,696,142.7706,-64.6208
210,7010,704,143.7438,-64.6148
210,7010,712,144.9680,-64.6076
210,7010,720,151.3192,-64.5789
210,7010,728,181.4978,-64.5607
210,7010,736,229.9880,-64.5620
210,7010,744,278.4783,-64.5610
210,7010,752,326.9685,-64.5605
210,7010,760,418.9758,-64.5609
240,8001,0,0.0000,-65.0000
240,8001,8,0.0699,-64.9855
240,8001,16,0.6811,-64.9173
240,8001,24,5.5147,-64.6276
240,8001,32,14.0905,-64.5433
240,8001,40,22.6664,-64.5540
240,8001,48,36.8228,-64.5609
240,8001,56,100.0000,-64.5618
240,8001,64,100.0360,-64.5317
240,8001,72,100.1692,-63.9084
240,8001,80,100.5261,-59.9426
240,8001,88,100.9713,-53.7894
240,8001,96,101.1472,-51.2677
240,8001,104,101.2777,-49.2197
240,8001,112,101.3132,-48.6054
240,8001,120,101.5101,-44.2021
240,8001,128,101.5411,-43.2260
240,8001,136,101.6608,-37.8486
240,8001,144,101.8330,-23.4629
240,8001,152,102.0051,-7.9493
240,8001,160,102.1923,4.8306
240,8001,168,102.2712,8.8659
240,8001,176,102.3853,13.3541
240,8001,184,102.6316,18.4993
240,8001,192,102.6944,19.0244
240,8001,200,102.8671,19.2370
240,8001,208,102.9529,18.7863
240,8001,216,103.3102,14.1394
240,8001,224,103.4037,12.3949
240,8001,232,103.7538,4.7524
240,8001,240,103.8286,2.9738
240,8001,248,103.9018,1.2046
240,8001,256,104.0812,-3.1920
240,8001,264,104.2354,-6.9806
240,8001,272,104.3859,-10.6258
240,8001,280,104.6062,-15.7893
240,8001,288,104.8608,-21.3762
240,8001,296,105.0086,-24.3901
240,8001,304,105.4533,-32.3662
240,8001,312,105.7337,-36.6322
240,8001,320,105.9409,-39.4841
240,8001,328,106.7653,-49.2532
240,8001,336,107.0222,-51.8148
240,8001,344,107.4277,-55.1570
240,8001,352,108.2060,-59.3857
240,8001,360,108.3665,-59.9868
240,8001,368,108.8613,-61.3821
240,8001,376,109.6557,-62.7545
240,8001,384,109.7553,-62.8793
240,8001,392,109.9174,-63.0445
240,8001,400,110.0384,-63.1400
240,8001,408,110.3530,-63.2776
240,8001,416,110.7098,-63.3335
240,8001,424,110.8371,-63.3348
240,8001,432,110.9705,-63.3245
240,8001,440,111.1939,-63.2717
240,8001,448,111.2548,-63.2512
240,8001,456,111.6302,-63.0772
240,8001,464,111.8016,-62.9891
240,8001,472,111.9082,-62.9306
240,8001,480,112.2321,-62.7114
240,8001,488,112.2638,-62.6878
240,8001,496,112.3637,-62.6093
240,8001,504,112.7874,-62.2121
240,8001,512,113.3574,-61.7243
240,8001,520,113.4930,-61.6332
240,8001,528,113.5396,-61.6027
240,8001,536,113.6137,-61.5532
240,8001,544,113.9591,-61.2829
240,8001,552,114.8170,-60.6734
240,8001,560,116.4626,-60.6027
240,8001,568,117.0223,-60.8134
240,8001,576,117.3904,-60.9498
240,8001,584,117.9818,-61.1400
240,8001,592,118.1434,-61.1921
240,8001,600,118.8068,-61.3412
240,8001,608,119.7437,-61.5906
240,8001,616,119.8649,-61.6298
240,8001,624,120.0155,-61.6720
240,8001,632,120.2768,-61.7157
240,8001,640,121.1266,-61.7183
240,8001,648,122.7823,-62.0135
240,8001,656,125.5420,-63.0568
240,8001,664,126.0904,-63.2570
240,8001,672,126.3119,-63.3240
240,8001,680,126.3704,-63.3372
240,8001,688,126.6015,-63.3593
240,8001,696,126.6444,-63.3581
240,8001,704,126.9948,-63.2843
240,8001,712,127.8872,-62.9585
240,8001,720,129.7282,-62.8033
240,8001,728,133.8020,-63.6666
240,8001,736,137.8758,-64.3293
240,8001,744,143.0674,-64.6028
240,8001,752,150.6007,-64.6162
240,8001,760,168.8526,-64.5640
240,8001,768,217.8415,-64.5613
240,8001,776,326.2378,-64.5611
240,8002,0,0.0000,-65.0000
240,8002,8,0.0699,-64.9855
240,8002,16,0.6811,-64.9173
240,8002,24,5.5147,-64.6276
240,8002,32,14.0905,-64.5433
240,8002,40,22.6664,-64.5540
240,8002,48,36.8228,-64.5609
240,8002,56,100.0000,-64.5618
240,8002,64,100.0360,-64.5317
240,8002,72,100.1692,-63.9084
240,8002,80,100.5261,-59.9426
240,8002,88,100.9713,-53.7894
240,8002,96,101.1472,-51.2677
240,8002,104,101.2777,-49.2197
240,8002,112,101.3132,-48.6054
240,8002,120,101.5101,-44.2021
240,8002,128,101.5411,-43.2260
240,8002,136,101.6608,-37.8486
240,8002,144,101.8330,-23.4629
240,8002,152,102.0051,-7.9493
240,8002,160,102.1923,4.8306
240,8002,168,102.2712,8.8659
240,8002,176,102.3853,13.3541
240,8002,184,102.6316,18.4993
240,8002,192,102.6944,19.0244
240,8002,200,102.8671,19.2370
240,8002,208,102.9529,18.7863
240,8002,216,103.3102,14.1394
240,8002,224,103.4037,12.3949
240,8002,232,103.7538,4.7524
240,8002,240,103.8286,2.9738
240,8002,248,103.9018,1.2046
240,8002,256,104.0812,-3.1920
240,8002,264,104.2354,-6.9806
240,8002,272,104.3859,-10.6258
240,8002,280,104.6062,-15.7893
240,8002,288,104.8608,-21.3762
240,8002,296,105.0086,-24.3901
240,8002,304,105.4533,-32.3662
240,8002,312,105.7337,-36.6322
240,8002,320,105.9409,-39.4841
240,8002,328,106.7653,-49.2532
240,8002,336,107.0222,-51.8148
240,8002,344,107.4277,-55.1570
240,8002,352,108.2060,-59.3857
240,8002,360,108.3665,-59.9868
240,8002,368,108.8613,-61.3821
240,8002,376,109.6557,-62.7545
240,8002,384,109.7553,-62.8793
240,8002,392,109.9174,-63.0445
240,8002,400,110.0384,-63.1400
240,8002,408,110.3530,-63.2776
240,8002,416,110.7098,-63.3335
240,8002,424,110.8371,-63.3348
240,8002,432,110.9705,-63.3245
240,8002,440,111.1939,-63.2717
240,8002,448,111.2548,-63.2512
240,8002,456,111.6302,-63.0772
240,8002,464,111.8016,-62.9891
240,8002,472,111.9082,-62.9306
240,8002,480,112.2321,-62.7114
240,8002,488,112.2638,-62.6878
240,8002,496,112.3637,-62.6093
240,8002,504,112.7874,-62.2121
240,8002,512,113.3574,-61.7243
240,8002,520,113.4930,-61.6332
240,8002,528,113.5396,-61.6027
240,8002,536,113.6137,-61.5532
240,8002,544,113.9591,-61.2829
240,8002,552,114.8170,-60.6734
240,8002,560,116.4626,-60.6027
240,8002,568,117.0223,-60.8134
240,8002,576,117.3904,-60.9498
240,8002,584,117.9818,-61.1400
240,8002,592,118.1434,-61.1921
240,8002,600,118.8068,-61.3412
240,8002,608,119.7437,-61.5906
240,8002,616,119.8649,-61.6298
240,8002,624,120.0155,-61.6720
240,8002,632,120.2768,-61.7157
240,8002,640,121.1266,-61.7183
240,8002,648,122.7823,-62.0135
240,8002,656,125.5420,-63.0568
240,8002,664,126.0904,-63.2570
240,8002,672,126.3119,-63.3240
240,8002,680,126.3704,-63.3372
240,8002,688,126.6015,-63.3593
240,8002,696,126.6444,-63.3581
240,8002,704,126.9948,-63.2843
240,8002,712,127.8872,-62.9585
240,8002,720,129.7282,-62.8033
240,8002,728,133.8020,-63.6666
240,8002,736,137.8758,-64.3293
240,8002,744,143.0674,-64.6028
240,8002,752,150.6007,-64.6162
240,8002,760,168.8526,-64.5640
240,8002,768,217.8415,-64.5613
240,8002,776,326.2378,-64.5611
240,8003,0,0.0000,-65.0000
240,8003,8,0.0699,-64.9855
240,8003,16,0.6811,-64.9173
240,8003,24,5.5147,-64.6276
240,8003,32,14.0905,-64.5433
240,8003,40,22.6664,-64.5540
240,8003,48,36.8228,-64.5609
240,8003,56,100.0000,-64.5618
240,8003,64,100.0360,-64.5317
240,8003,72,100.1692,-63.9084
240,8003,80,100.5261,-59.9426
240,8003,88,100.9713,-53.7894
240,8003,96,101.1472,-51.2677
240,8003,104,101.2777,-49.2197
240,8003,112,101.3132,-48.6054
240,8003,120,101.5101,-44.2021
240,8003,128,101.5411,-43.2260
240,8003,136,101.6608,-37.8486
240,8003,144,101.8330,-23.4629
240,8003,152,102.0051,-7.9493
240,8003,160,102.1923,4.8306
240,8003,168,102.2712,8.8659
240,8003,176,102.3853,13.3541
240,8003,184,102.6316,18.4993
240,8003,192,102.6944,19.0244
240,8003,200,102.8671,19.2370
240,8003,208,102.9529,18.7863
240,8003,216,103.3102,14.1394
240,8003,224,103.4037,12.3949
240,8003,232,103.7538,4.7524
240,8003,240,103.8286,2.9738
240,8003,248,103.9018,1.2046
240,8003,256,104.0812,-3.1920
240,8003,264,104.2354,-6.9806
240,8003,272,104.3859,-10.6258
240,8003,280,104.6062,-15.7893
240,8003,288,104.8608,-21.3762
240,8003,296,105.0086,-24.3901
240,8003,304,105.4533,-32.3662
240,8003,312,105.7337,-36.6322
240,8003,320,105.9409,-39.4841
240,8003,328,106.7653,-49.2532
240,8003,336,107.0222,-51.8148
240,8003,344,107.4277,-55.1570
240,8003,352,108.2060,-59.3857
240,8003,360,108.3665,-59.9868
240,8003,368,108.8613,-61.3821
240,8003,376,109.6557,-62.7545
240,8003,384,109.7553,-62.8793
240,8003,392,109.9174,-63.0445
240,8003,400,110.0384,-63.1400
240,8003,408,110.3530,-63.2776
240,8003,416,110.7098,-63.3335
240,8003,424,110.8371,-63.3348
240,8003,432,110.9705,-63.3245
240,8003,440,111.1939,-63.2717
240,8003,448,111.2548,-63.2512
240,8003,456,111.6302,-63.0772
240,8003,464,111.8016,-62.9891
240,8003,472,111.9082,-62.9306
240,8003,480,112.2321,-62.7114
240,8003,488,112.2638,-62.6878
240,8003,496,112.3637,-62.6093
240,8003,504,112.7874,-62.2121
240,8003,512,113.3574,-61.7243
240,8003,520,113.4930,-61.6332
240,8003,528,113.5396,-61.6027
240,8003,536,113.6137,-61.5532
240,8003,544,113.9591,-61.2829
240,8003,552,114.8170,-60.6734
240,8003,560,116.4626,-60.6027
240,8003,568,117.0223,-60.8134
240,8003,576,117.3904,-60.9498
240,8003,584,117.9818,-61.1400
240,8003,592,118.1434,-61.1921
240,8003,600,118.8068,-61.3412
240,8003,608,119.7437,-61.5906
240,8003,616,119.8649,-61.6298
240,8003,624,120.0155,-61.6720
240,8003,632,120.2768,-61.7157
240,8003,640,121.1266,-61.7183
240,8003,648,122.7823,-62.0135
240,8003,656,125.5420,-63.0568
240,8003,664,126.0904,-63.2570
240,8003,672,126.3119,-63.3240
240,8003,680,126.3704,-63.3372
240,8003,688,126.6015,-63.3593
240,8003,696,126.6444,-63.3581
240,8003,704,126.9948,-63.2843
240,8003,712,127.8872,-62.9585
240,8003,720,129.7282,-62.8033
240,8003,728,133.8020,-63.6666
240,8003,736,137.8758,-64.3293
240,8003,744,143.0674,-64.6028
240,8003,752,150.6007,-64.6162
240,8003,760,168.8526,-64.5640
240,8003,768,217.8415,-64.5613
240,8003,776,326.2378,-64.5611
240,8004,0,0.0000,-65.0000
240,8004,8,0.0699,-64.9855
240,8004,16,0.6811,-64.9173
240,8004,24,5.5147,-64.6276
240,8004,32,14.0905,-64.5433
240,8004,40,22.6664,-64.5540
240,8004,48,36.8228,-64.5609
240,8004,56,100.0000,-64.5618
240,8004,64,100.0360,-64.5317
240,8004,72,100.1692,-63.9084
240,8004,80,100.5261,-59.9426
240,8004,88,100.9713,-53.7894
240,8004,96,101.1472,-51.2677
240,8004,104,101.2777,-49.2197
240,8004,112,101.3132,-48.6054
240,8004,120,101.5101,-44.2021
240,8004,128,101.5411,-43.2260
240,8004,136,101.6608,-37.8486
240,8004,144,101.8330,-23.4629
240,8004,152,102.0051,-7.9493
240,8004,160,102.1923,4.8306
240,8004,168,102.2712,8.8659
240,8004,176,102.3853,13.3541
240,8004,184,102.6316,18.4993
240,8004,192,102.6944,19.0244
240,8004,200,102.8671,19.2370
240,8004,208,102.9529,18.7863
240,8004,216,103.3102,14.1394
240,8004,224,103.4037,12.3949
240,8004,232,103.7538,4.7524
240,8004,240,103.8286,2.9738
240,8004,248,103.9018,1.2046
240,8004,256,104.0812,-3.1920
240,8004,264,104.2354,-6.9806
240,8004,272,104.3859,-10.6258
240,8004,280,104.6062,-15.7893
240,8004,288,104.8608,-21.3762
240,8004,296,105.0086,-24.3901
240,8004,304,105.4533,-32.3662
240,8004,312,105.7337,-36.6322
240,8004,320,105.9409,-39.4841
240,8004,328,106.7653,-49.2532
240,8004,336,107.0222,-51.8148
240,8004,344,107.4277,-55.1570
240,8004,352,108.2060,-59.3857
240,8004,360,108.3665,-59.9868
240,8004,368,108.8613,-61.3821
240,8004,376,109.6557,-62.7545
240,8004,384,109.7553,-62.8793
240,8004,392,109.9174,-63.0445
240,8004,400,110.0384,-63.1400
240,8004,408,110.3530,-63.2776
240,8004,416,110.7098,-63.3335
240,8004,424,110.8371,-63.3348
240,8004,432,110.9705,-63.3245
240,8004,440,111.1939,-63.2717
240,8004,448,111.2548,-63.2512
240,8004,456,111.6302,-63.0772
240,8004,464,111.8016,-62.9891
240,8004,472,111.9082,-62.9306
240,8004,480,112.2321,-62.7114
240,8004,488,112.2638,-62.6878
240,8004,496,112.3637,-62.6093
240,8004,504,112.7874,-62.2121
240,8004,512,113.3574,-61.7243
240,8004,520,113.4930,-61.6332
240,8004,528,113.5396,-61.6027
240,8004,536,113.6137,-61.5532
240,8004,544,113.9591,-61.2829
240,8004,552,114.8170,-60.6734
240,8004,560,116.4626,-60.6027
240,8004,568,117.0223,-60.8134
240,8004,576,117.3904,-60.9498
240,8004,584,117.9818,-61.1400
240,8004,592,118.1434,-61.1921
240,8004,600,118.8068,-61.3412
240,8004,608,119.7437,-61.5906
240,8004,616,119.8649,-61.6298
240,8004,624,120.0155,-61.6720
240,8004,632,120.2768,-61.7157
240,8004,640,121.1266,-61.7183
240,8004,648,122.7823,-62.0135
240,8004,656,125.5420,-63.0568
240,8004,664,126.0904,-63.2570
240,8004,672,126.3119,-63.3240
240,8004,680,126.3704,-63.3372
240,8004,688,126.6015,-63.3593
240,8004,696,126.6444,-63.3581
240,8004,704,126.9948,-63.2843
240,8004,712,127.8872,-62.9585
240,8004,720,129.7282,-62.8033
240,8004,728,133.8020,-63.6666
240,8004,736,137.8758,-64.3293
240,8004,744,143.0674,-64.6028
240,8004,752,150.6007,-64.6162
240,8004,760,168.8526,-64.5640
240,8004,768,217.8415,-64.5613
240,8004,776,326.2378,-64.5611
240,8005,0,0.0000,-65.0000
240,8005,8,0.0699,-64.9855
240,8005,16,0.6811,-64.9173
240,8005,24,5.5147,-64.6276
240,8005,32,14.0905,-64.5433
240,8005,40,22.6664,-64.5540
240,8005,48,36.8228,-64.5609
240,8005,56,100.0000,-64.5618
240,8005,64,100.0360,-64.5317
240,8005,72,100.1692,-63.9084
240,8005,80,100.5261,-59.9426
240,8005,88,100.9713,-53.7894
240,8005,96,101.1472,-51.2677
240,8005,104,101.2777,-49.2197
240,8005,112,101.3132,-48.6054
240,8005,120,101.5101,-44.2021
240,8005,128,101.5411,-43.2260
240,8005,136,101.6608,-37.8486
240,8005,144,101.8330,-23.4629
240,8005,152,102.0051,-7.9493
240,8005,160,102.1923,4.8306
240,8005,168,102.2712,8.8659
240,8005,176,102.3853,13.3541
240,8005,184,102.6316,18.4993
240,8005,192,102.6944,19.0244
240,8005,200,102.8671,19.2370
240,8005,208,102.9529,18.7863
240,8005,216,103.3102,14.1394
240,8005,224,103.4037,12.3949
240,8005,232,103.7538,4.7524
240,8005,240,103.8286,2.9738
240,8005,248,103.9018,1.2046
240,8005,256,104.0812,-3.1920
240,8005,264,104.2354,-6.9806
240,8005,272,104.3859,-10.6258
240,8005,280,104.6062,-15.7893
240,8005,288,104.8608,-21.3762
240,8005,296,105.0086,-24.3901
240,8005,304,105.4533,-32.3662
240,8005,312,105.7337,-36.6322
240,8005,320,105.9409,-39.4841
240,8005,328,106.7653,-49.2532
240,8005,336,107.0222,-51.8148
240,8005,344,107.4277,-55.1570
240,8005,352,108.2060,-59.3857
240,8005,360,108.3665,-59.9868
240,8005,368,108.8613,-61.3821
240,8005,376,109.6557,-62.7545
240,8005,384,109.7553,-62.8793
240,8005,392,109.9174,-63.0445
240,8005,400,110.0384,-63.1400
240,8005,408,110.3530,-63.2776
240,8005,416,110.7098,-63.3335
240,8005,424,110.8371,-63.3348
240,8005,432,110.9705,-63.3245
240,8005,440,111.1939,-63.2717
240,8005,448,111.2548,-63.2512
240,8005,456,111.6302,-63.0772
240,8005,464,111.8016,-62.9891
240,8005,472,111.9082,-62.9306
240,8005,480,112.2321,-62.7114
240,8005,488,112.2638,-62.6878
240,8005,496,112.3637,-62.6093
240,8005,504,112.7874,-62.2121
240,8005,512,113.3574,-61.7243
240,8005,520,113.4930,-61.6332
240,8005,528,113.5396,-61.6027
240,8005,536,113.6137,-61.5532
240,8005,544,113.9591,-61.2829
240,8005,552,114.8170,-60.6734
240,8005,560,116.4626,-60.6027
240,8005,568,117.0223,-60.8134
240,8005,576,117.3904,-60.9498
240,8005,584,117.9818,-61.1400
240,8005,592,118.1434,-61.1921
240,8005,600,118.8068,-61.3412
240,8005,608,119.7437,-61.5906
240,8005,616,119.8649,-61.6298
240,8005,624,120.0155,-61.6720
240,8005,632,120.2768,-61.7157
240,8005,640,121.1266,-61.7183
240,8005,648,122.7823,-62.0135
240,8005,656,125.5420,-63.0568
240,8005,664,126.0904,-63.2570
240,8005,672,126.3119,-63.3240
240,8005,680,126.3704,-63.3372
240,8005,688,126.6015,-63.3593
240,8005,696,126.6444,-63.3581
240,8005,704,126.9948,-63.2843
240,8005,712,127.8872,-62.9585
240,8005,720,129.7282,-62.8033
240,8005,728,133.8020,-63.6666
240,8005,736,137.8758,-64.3293
240,8005,744,143.0674,-64.6028
240,8005,752,150.6007,-64.6162
240,8005,760,168.8526,-64.5640
240,8005,768,217.8415,-64.5613
240,8005,776,326.2378,-64.5611
240,8006,0,0.0000,-65.0000
240,8006,8,0.0699,-64.9855
240,8006,16,0.6811,-64.9173
240,8006,24,5.5147,-64.6276
240,8006,32,14.0905,-64.5433
240,8006,40,22.6664,-64.5540
240,8006,48,36.8228,-64.5609
240,8006,56,100.0000,-64.5618
240,8006,64,100.0360,-64.5317
240,8006,72,100.1692,-63.9084
240,8006,80,100.5261,-59.9426
240,8006,88,100.9713,-53.7894
240,8006,96,101.1472,-51.2677
240,8006,104,101.2777,-49.2197
240,8006,112,101.3132,-48.6054
240,8006,120,101.5101,-44.2021
240,8006,128,101.5411,-43.2260
240,8006,136,101.6608,-37.8486
240,8006,144,101.8330,-23.4629
240,8006,152,102.0051,-7.9493
240,8006,160,102.1923,4.8306
240,8006,168,102.2712,8.8659
240,8006,176,102.3853,13.3541
240,8006,184,102.6316,18.4993
240,8006,192,102.6944,19.0244
240,8006,200,102.8671,19.2370
240,8006,208,102.9529,18.7863
240,8006,216,103.3102,14.1394
240,8006,224,103.4037,12.3949
240,8006,232,103.7538,4.7524
240,8006,240,103.8286,2.9738
240,8006,248,103.9018,1.2046
240,8006,256,104.0812,-3.1920
240,8006,264,104.2354,-6.9806
240,8006,272,104.3859,-10.6258
240,8006,280,104.6062,-15.7893
240,8006,288,104.8608,-21.3762
240,8006,296,105.0086,-24.3901
240,8006,304,105.4533,-32.3662
240,8006,312,105.7337,-36.6322
240,8006,320,105.9409,-39.4841
240,8006,328,106.7653,-49.2532
240,8006,336,107.0222,-51.8148
240,8006,344,107.4277,-55.1570
240,8006,352,108.2060,-59.3857
240,8006,360,108.3665,-59.9868
240,8006,368,108.8613,-61.3821
240,8006,376,109.6557,-62.7545
240,8006,384,109.7553,-62.8793
240,8006,392,109.9174,-63.0445
240,8006,400,110.0384,-63.1400
240,8006,408,110.3530,-63.2776
240,8006,416,110.7098,-63.3335
240,8006,424,110.8371,-63.3348
240,8006,432,110.9705,-63.3245
240,8006,440,111.1939,-63.2717
240,8006,448,111.2548,-63.2512
240,8006,456,111.6302,-63.0772
240,8006,464,111.8016,-62.9891
240,8006,472,111.9082,-62.9306
240,8006,480,112.2321,-62.7114
240,8006,488,112.2638,-62.6878
240,8006,496,112.3637,-62.6093
240,8006,504,112.7874,-62.2121
240,8006,512,113.3574,-61.7243
240,8006,520,113.4930,-61.6332
240,8006,528,113.5396,-61.6027
240,8006,536,113.6137,-61.5532
240,8006,544,113.9591,-61.2829
240,8006,552,114.8170,-60.6734
240,8006,560,116.4626,-60.6027
240,8006,568,117.0223,-60.8134
240,8006,576,117.3904,-60.9498
240,8006,584,117.9818,-61.1400
240,8006,592,118.1434,-61.1921
240,8006,600,118.8068,-61.3412
240,8006,608,119.7437,-61.5906
240,8006,616,119.8649,-61.6298
240,8006,624,120.0155,-61.6720
240,8006,632,120.2768,-61.7157
240,8006,640,121.1266,-61.7183
240,8006,648,122.7823,-62.0135
240,8006,656,125.5420,-63.0568
240,8006,664,126.0904,-63.2570
240,8006,672,126.3119,-63.3240
240,8006,680,126.3704,-63.3372
240,8006,688,126.6015,-63.3593
240,8006,696,126.6444,-63.3581
240,8006,704,126.9948,-63.2843
240,8006,712,127.8872,-62.9585
240,8006,720,129.7282,-62.8033
240,8006,728,133.8020,-63.6666
240,8006,736,137.8758,-64.3293
240,8006,744,143.0674,-64.6028
240,8006,752,150.6007,-64.6162
240,8006,760,168.8526,-64.5640
240,8006,768,217.8415,-64.5613
240,8006,776,326.2378,-64.5611
240,8007,0,0.0000,-65.0000
240,8007,8,0.0699,-64.9855
240,8007,16,0.6811,-64.9173
240,8007,24,5.5147,-64.6276
240,8007,32,14.0905,-64.5433
240,8007,40,22.6664,-64.5540
240,8007,48,36.8228,-64.5609
240,8007,56,100.0000,-64.5618
240,8007,64,100.0360,-64.5317
240,8007,72,100.1692,-63.9084
240,8007,80,100.5261,-59.9426
240,8007,88,100.9713,-53.7894
240,8007,96,101.1472,-51.2677
240,8007,104,101.2777,-49.2197
240,8007,112,101.3132,-48.6054
240,8007,120,101.5101,-44.2021
240,8007,128,101.5411,-43.2260
240,8007,136,101.6608,-37.8486
240,8007,144,101.8330,-23.4629
240,8007,152,102.0051,-7.9493
240,8007,160,102.1923,4.8306
240,8007,168,102.2712,8.8659
240,8007,176,102.3853,13.3541
240,8007,184,102.6316,18.4993
240,8007,192,102.6944,19.0244
240,8007,200,102.8671,19.2370
240,8007,208,102.9529,18.7863
240,8007,216,103.3102,14.1394
240,8007,224,103.4037,12.3949
240,8007,232,103.7538,4.7524
240,8007,240,103.8286,2.9738
240,8007,248,103.9018,1.2046
240,8007,256,104.0812,-3.1920
240,8007,264,104.2354,-6.9806
240,8007,272,104.3859,-10.6258
240,8007,280,104.6062,-15.7893
240,8007,288,104.8608,-21.3762
240,8007,296,105.0086,-24.3901
240,8007,304,105.4533,-32.3662
240,8007,312,105.7337,-36.6322
240,8007,320,105.9409,-39.4841
240,8007,328,106.7653,-49.2532
240,8007,336,107.0222,-51.8148
240,8007,344,107.4277,-55.1570
240,8007,352,108.2060,-59.3857
240,8007,360,108.3665,-59.9868
240,8007,368,108.8613,-61.3821
240,8007,376,109.6557,-62.7545
240,8007,384,109.7553,-62.8793
240,8007,392,109.9174,-63.0445
240,8007,400,110.0384,-63.1400
240,8007,408,110.3530,-63.2776
240,8007,416,110.7098,-63.3335
240,8007,424,110.8371,-63.3348
240,8007,432,110.9705,-63.3245
240,8007,440,111.1939,-63.2717
240,8007,448,111.2548,-63.2512
240,8007,456,111.6302,-63.0772
240,8007,464,111.8016,-62.9891
240,8007,472,111.9082,-62.9306
240,8007,480,112.2321,-62.7114
240,8007,488,112.2638,-62.6878
240,8007,496,112.3637,-62.6093
240,8007,504,112.7874,-62.2121
240,8007,512,113.3574,-61.7243
240,8007,520,113.4930,-61.6332
240,8007,528,113.5396,-61.6027
240,8007,536,113.6137,-61.5532
240,8007,544,113.9591,-61.2829
240,8007,552,114.8170,-60.6734
240,8007,560,116.4626,-60.6027
240,8007,568,117.0223,-60.8134
240,8007,576,117.3904,-60.9498
240,8007,584,117.9818,-61.1400
240,8007,592,118.1434,-61.1921
240,8007,600,118.8068,-61.3412
240,8007,608,119.7437,-61.5906
240,8007,616,119.8649,-61.6298
240,8007,624,120.0155,-61.6720
240,8007,632,120.2768,-61.7157
240,8007,640,121.1266,-61.7183
240,8007,648,122.7823,-62.0135
240,8007,656,125.5420,-63.0568
240,8007,664,126.0904,-63.2570
240,8007,672,126.3119,-63.3240
240,8007,680,126.3704,-63.3372
240,8007,688,126.6015,-63.3593
240,8007,696,126.6444,-63.3581
240,8007,704,126.9948,-63.2843
240,8007,712,127.8872,-62.9585
240,8007,720,129.7282,-62.8033
240,8007,728,133.8020,-63.6666
240,8007,736,137.8758,-64.3293
240,8007,744,143.0674,-64.6028
240,8007,752,150.6007,-64.6162
240,8007,760,168.8526,-64.5640
240,8007,768,217.8415,-64.5613
240,8007,776,326.2378,-64.5611
240,8008,0,0.0000,-65.0000
240,8008,8,0.0699,-64.9855
240,8008,16,0.6811,-64.9173
240,8008,24,5.5147,-64.6276
240,8008,32,14.0905,-64.5433
240,8008,40,22.6664,-64.5540
240,8008,48,36.8228,-64.5609
240,8008,56,100.0000,-64.5618
240,8008,64,100.0360,-64.5317
240,8008,72,100.1692,-63.9084
240,8008,80,100.5261,-59.9426
240,8008,88,100.9713,-53.7894
240,8008,96,101.1472,-51.2677
240,8008,104,101.2777,-49.2197
240,8008,112,101.3132,-48.6054
240,8008,120,101.5101,-44.2021
240,8008,128,101.5411,-43.2260
240,8008,136,101.6608,-37.8486
240,8008,144,101.8330,-23.4629
240,8008,152,102.0051,-7.9493
240,8008,160,102.1923,4.8306
240,8008,168,102.2712,8.8659
240,8008,176,102.3853,13.3541
240,8008,184,102.6316,18.4993
240,8008,192,102.6944,19.0244
240,8008,200,102.8671,19.2370
240,8008,208,102.9529,18.7863
240,8008,216,103.3102,14.1394
240,8008,224,103.4037,12.3949
240,8008,232,103.7538,4.7524
240,8008,240,103.8286,2.9738
240,8008,248,103.9018,1.2046
240,8008,256,104.0812,-3.1920
240,8008,264,104.2354,-6.9806
240,8008,272,104.3859,-10.6258
240,8008,280,104.6062,-15.7893
240,8008,288,104.8608,-21.3762
240,8008,296,105.0086,-24.3901
240,8008,304,105.4533,-32.3662
240,8008,312,105.7337,-36.6322
240,8008,320,105.9409,-39.4841
240,8008,328,106.7653,-49.2532
240,8008,336,107.0222,-51.8148
240,8008,344,107.4277,-55.1570
240,8008,352,108.2060,-59.3857
240,8008,360,108.3665,-59.9868
240,8008,368,108.8613,-61.3821
240,8008,376,109.6557,-62.7545
240,8008,384,109.7553,-62.8793
240,8008,392,109.9174,-63.0445
240,8008,400,110.0384,-63.1400
240,8008,408,110.3530,-63.2776
240,8008,416,110.7098,-63.3335
240,8008,424,110.8371,-63.3348
240,8008,432,110.9705,-63.3245
240,8008,440,111.1939,-63.2717
240,8008,448,111.2548,-63.2512
240,8008,456,111.6302,-63.0772
240,8008,464,111.8016,-62.9891
240,8008,472,111.9082,-62.9306
240,8008,480,112.2321,-62.7114
240,8008,488,112.2638,-62.6878
240,8008,496,112.3637,-62.6093
240,8008,504,112.7874,-62.2121
240,8008,512,113.3574,-61.7243
240,8008,520,113.4930,-61.6332
240,8008,528,113.5396,-61.6027
240,8008,536,113.6137,-61.5532
240,8008,544,113.9591,-61.2829
240,8008,552,114.8170,-60.6734
240,8008,560,116.4626,-60.6027
240,8008,568,117.0223,-60.8134
240,8008,576,117.3904,-60.9498
240,8008,584,117.9818,-61.1400
240,8008,592,118.1434,-61.1921
240,8008,600,118.8068,-61.3412
240,8008,608,119.7437,-61.5906
240,8008,616,119.8649,-61.6298
240,8008,624,120.0155,-61.6720
240,8008,632,120.2768,-61.7157
240,8008,640,121.1266,-61.7183
240,8008,648,122.7823,-62.0135
240,8008,656,125.5420,-63.0568
240,8008,664,126.0904,-63.2570
240,8008,672,126.3119,-63.3240
240,8008,680,126.3704,-63.3372
240,8008,688,126.6015,-63.3593
240,8008,696,126.6444,-63.3581
240,8008,704,126.9948,-63.2843
240,8008,712,127.8872,-62.9585
240,8008,720,129.7282,-62.8033
240,8008,728,133.8020,-63.6666
240,8008,736,137.8758,-64.3293
240,8008,744,143.0674,-64.6028
240,8008,752,150.6007,-64.6162
240,8008,760,168.8526,-64.5640
240,8008,768,217.8415,-64.5613
240,8008,776,326.2378,-64.5611
240,8009,0,0.0000,-65.0000
240,8009,8,0.0699,-64.9855
240,8009,16,0.6811,-64.9173
240,8009,24,5.5147,-64.6276
240,8009,32,14.0905,-64.5433
240,8009,40,22.6664,-64.5540
240,8009,48,36.8228,-64.5609
240,8009,56,100.0000,-64.5618
240,8009,64,100.0360,-64.5317
240,8009,72,100.1692,-63.9084
240,8009,80,100.5261,-59.9426
240,8009,88,100.9713,-53.7894
240,8009,96,101.1472,-51.2677
240,8009,104,101.2777,-49.2197
240,8009,112,101.3132,-48.6054
240,8009,120,101.5101,-44.2021
240,8009,128,101.5411,-43.2260
240,8009,136,101.6608,-37.8486
240,8009,144,101.8330,-23.4629
240,8009,152,102.0051,-7.9493
240,8009,160,102.1923,4.8306
240,8009,168,102.2712,8.8659
240,8009,176,102.3853,13.3541
240,8009,184,102.6316,18.4993
240,8009,192,102.6944,19.0244
240,8009,200,102.8671,19.2370
240,8009,208,102.9529,18.7863
240,8009,216,103.3102,14.1394
240,8009,224,103.4037,12.3949
240,8009,232,103.7538,4.7524
240,8009,240,103.8286,2.9738
240,8009,248,103.9018,1.2046
240,8009,256,104.0812,-3.1920
240,8009,264,104.2354,-6.9806
240,8009,272,104.3859,-10.6258
240,8009,280,104.6062,-15.7893
240,8009,288,104.8608,-21.3762
240,8009,296,105.0086,-24.3901
240,8009,304,105.4533,-32.3662
240,8009,312,105.7337,-36.6322
240,8009,320,105.9409,-39.4841
240,8009,328,106.7653,-49.2532
240,8009,336,107.0222,-51.8148
240,8009,344,107.4277,-55.1570
240,8009,352,108.2060,-59.3857
240,8009,360,108.3665,-59.9868
240,8009,368,108.8613,-61.3821
240,8009,376,109.6557,-62.7545
240,8009,384,109.7553,-62.8793
240,8009,392,109.9174,-63.0445
240,8009,400,110.0384,-63.1400
240,8009,408,110.3530,-63.2776
240,8009,416,110.7098,-63.3335
240,8009,424,110.8371,-63.3348
240,8009,432,110.9705,-63.3245
240,8009,440,111.1939,-63.2717
240,8009,448,111.2548,-63.2512
240,8009,456,111.6302,-63.0772
240,8009,464,111.8016,-62.9891
240,8009,472,111.9082,-62.9306
240,8009,480,112.2321,-62.7114
240,8009,488,112.2638,-62.6878
240,8009,496,112.3637,-62.6093
240,8009,504,112.7874,-62.2121
240,8009,512,113.3574,-61.7243
240,8009,520,113.4930,-61.6332
240,8009,528,113.5396,-61.6027
240,8009,536,113.6137,-61.5532
240,8009,544,113.9591,-61.2829
240,8009,552,114.8170,-60.6734
240,8009,560,116.4626,-60.6027
240,8009,568,117.0223,-60.8134
240,8009,576,117.3904,-60.9498
240,8009,584,117.9818,-61.1400
240,8009,592,118.1434,-61.1921
240,8009,600,118.8068,-61.3412
240,8009,608,119.7437,-61.5906
240,8009,616,119.8649,-61.6298
240,8009,624,120.0155,-61.6720
240,8009,632,120.2768,-61.7157
240,8009,640,121.1266,-61.7183
240,8009,648,122.7823,-62.0135
240,8009,656,125.5420,-63.0568
240,8009,664,126.0904,-63.2570
240,8009,672,126.3119,-63.3240
240,8009,680,126.3704,-63.3372
240,8009,688,126.6015,-63.3593
240,8009,696,126.6444,-63.3581
240,8009,704,126.9948,-63.2843
240,8009,712,127.8872,-62.9585
240,8009,720,129.7282,-62.8033
240,8009,728,133.8020,-63.6666
240,8009,736,137.8758,-64.3293
240,8009,744,143.0674,-64.6028
240,8009,752,150.6007,-64.6162
240,8009,760,168.8526,-64.5640
240,8009,768,217.8415,-64.5613
240,8009,776,326.2378,-64.5611
240,8010,0,0.0000,-65.0000
240,8010,8,0.0699,-64.9855
240,8010,16,0.6811,-64.9173
240,8010,24,5.5147,-64.6276
240,8010,32,14.0905,-64.5433
240,8010,40,22.6664,-64.5540
240,8010,48,36.8228,-64.5609
240,8010,56,100.0000,-64.5618
240,8010,64,100.0360,-64.5317
240,8010,72,100.1692,-63.9084
240,8010,80,100.5261,-59.9426
240,8010,88,100.9713,-53.7894
240,8010,96,101.1472,-51.2677
240,8010,104,101.2777,-49.2197
240,8010,112,101.3132,-48.6054
240,8010,120,101.5101,-44.2021
240,8010,128,101.5411,-43.2260
240,8010,136,101.6608,-37.8486
240,8010,144,101.8330,-23.4629
240,8010,152,102.0051,-7.9493
240,8010,160,102.1923,4.8306
240,8010,168,102.2712,8.8659
240,8010,176,102.3853,13.3541
240,8010,184,102.6316,18.4993
240,8010,192,102.6944,19.0244
240,8010,200,102.8671,19.2370
240,8010,208,102.9529,18.7863
240,8010,216,103.3102,14.1394
240,8010,224,103.4037,12.3949
240,8010,232,103.7538,4.7524
240,8010,240,103.8286,2.9738
240,8010,248,103.9018,1.2046
240,8010,256,104.0812,-3.1920
240,8010,264,104.2354,-6.9806
240,8010,272,104.3859,-10.6258
240,8010,280,104.6062,-15.7893
240,8010,288,104.8608,-21.3762
240,8010,296,105.0086,-24.3901
240,8010,304,105.4533,-32.3662
240,8010,312,105.7337,-36.6322
240,8010,320,105.9409,-39.4841
240,8010,328,106.7653,-49.2532
240,8010,336,107.0222,-51.8148
240,8010,344,107.4277,-55.1570
240,8010,352,108.2060,-59.3857
240,8010,360,108.3665,-59.9868
240,8010,368,108.8613,-61.3821
240,8010,376,109.6557,-62.7545
240,8010,384,109.7553,-62.8793
240,8010,392,109.9174,-63.0445
240,8010,400,110.0384,-63.1400
240,8010,408,110.3530,-63.2776
240,8010,416,110.7098,-63.3335
240,8010,424,110.8371,-63.3348
240,8010,432,110.9705,-63.3245
240,8010,440,111.1939,-63.2717
240,8010,448,111.2548,-63.2512
240,8010,456,111.6302,-63.0772
240,8010,464,111.8016,-62.9891
240,8010,472,111.9082,-62.9306
240,8010,480,112.2321,-62.7114
240,8010,488,112.2638,-62.6878
240,8010,496,112.3637,-62.6093
240,8010,504,112.7874,-62.2121
240,8010,512,113.3574,-61.7243
240,8010,520,113.4930,-61.6332
240,8010,528,113.5396,-61.6027
240,8010,536,113.6137,-61.5532
240,8010,544,113.9591,-61.2829
240,8010,552,114.8170,-60.6734
240,8010,560,116.4626,-60.6027
240,8010,568,117.0223,-60.8134
240,8010,576,117.3904,-60.9498
240,8010,584,117.9818,-61.1400
240,8010,592,118.1434,-61.1921
240,8010,600,118.8068,-61.3412
240,8010,608,119.7437,-61.5906
240,8010,616,119.8649,-61.6298
240,8010,624,120.0155,-61.6720
240,8010,632,120.2768,-61.7157
240,8010,640,121.1266,-61.7183
240,8010,648,122.7823,-62.0135
240,8010,656,125.5420,-63.0568
240,8010,664,126.0904,-63.2570
240,8010,672,126.3119,-63.3240
240,8010,680,126.3704,-63.3372
240,8010,688,126.6015,-63.3593
240,8010,696,126.6444,-63.3581
240,8010,704,126.9948,-63.2843
240,8010,712,127.8872,-62.9585
240,8010,720,129.7282,-62.8033
240,8010,728,133.8020,-63.6666
240,8010,736,137.8758,-64.3293
240,8010,744,143.0674,-64.6028
240,8010,752,150.6007,-64.6162
240,8010,760,168.8526,-64.5640
240,8010,768,217.8415,-64.5613
240,8010,776,326.2378,-64.5611
270,9001,0,0.0000,-65.0000
270,9001,8,0.0699,-64.9855
270,9001,16,0.6811,-64.9173
270,9001,24,5.5147,-64.6276
270,9001,32,14.0905,-64.5433
270,9001,40,22.6664,-64.5540
270,9001,48,36.8228,-64.5609
270,9001,56,100.0000,-64.5618
270,9001,64,100.0090,-64.5604
270,9001,72,100.0833,-64.4218
270,9001,80,100.3120,-62.8958
270,9001,88,100.6950,-58.7483
270,9001,96,100.8075,-57.4376
270,9001,104,100.9166,-56.1640
270,9001,112,100.9816,-55.4030
270,9001,120,101.2000,-52.7881
270,9001,128,101.2510,-52.1502
270,9001,136,101.3398,-50.9869
270,9001,144,101.5209,-48.2031
270,9001,152,101.6684,-44.9722
270,9001,160,101.7537,-42.1561
270,9001,168,101.8662,-36.1311
270,9001,176,101.9037,-33.2788
270,9001,184,102.0038,-24.1153
270,9001,192,102.1356,-12.0324
270,9001,200,102.2850,-0.7100
270,9001,208,102.3250,1.8519
270,9001,216,102.3435,2.9680
270,9001,224,102.4857,10.1241
270,9001,232,102.7983,18.0784
270,9001,240,103.3083,16.7657
270,9001,248,103.4671,14.3436
270,9001,256,103.6750,10.3525
270,9001,264,103.7450,8.8518
270,9001,272,103.9084,5.1358
270,9001,280,104.1017,0.4853
270,9001,288,104.3560,-5.7990
270,9001,296,104.5618,-10.8431
270,9001,304,104.6753,-13.5616
270,9001,312,104.7300,-14.8471
270,9001,320,104.8350,-17.2660
270,9001,328,104.9100,-18.9463
270,9001,336,104.9293,-19.3714
270,9001,344,105.1117,-23.2428
270,9001,352,105.6500,-32.9908
270,9001,360,105.7250,-34.1608
270,9001,368,105.7700,-34.8429
270,9001,376,105.8836,-36.5001
270,9001,384,106.5127,-44.4555
270,9001,392,107.2300,-51.8427
270,9001,400,107.2934,-52.3952
270,9001,408,107.7914,-56.0126
270,9001,416,107.8963,-56.6233
270,9001,424,107.9450,-56.8888
270,9001,432,108.0269,-57.3049
270,9001,440,108.1403,-57.8233
270,9001,448,108.1799,-57.9875
270,9001,456,108.4412,-58.8749
270,9001,464,109.2532,-60.4490
270,9001,472,109.5536,-60.8231
270,9001,480,109.8811,-61.1345
270,9001,488,110.2698,-61.4211
270,9001,496,110.4002,-61.4999
270,9001,504,110.5218,-61.5534
270,9001,512,111.1018,-61.6815
270,9001,520,111.9250,-61.8583
270,9001,528,112.0170,-61.8845
270,9001,536,112.1583,-61.9195
270,9001,544,112.2900,-61.9390
270,9001,552,112.5800,-61.9233
270,9001,560,112.6584,-61.9070
270,9001,568,112.8610,-61.8390
270,9001,576,112.9451,-61.8030
270,9001,584,113.0570,-61.7433
270,9001,592,113.6358,-61.3298
270,9001,600,113.8981,-61.1653
270,9001,608,114.1967,-61.0046
270,9001,616,115.1129,-60.6948
270,9001,624,116.2453,-60.8346
270,9001,632,116.4348,-60.8941
270,9001,640,117.1553,-61.0820
270,9001,648,118.5950,-61.6301
270,9001,656,118.6679,-61.6634
270,9001,664,119.1609,-61.8364
270,9001,672,120.5321,-62.2548
270,9001,680,122.5300,-63.0196
270,9001,688,122.6077,-63.0486
270,9001,696,123.2200,-63.1844
270,9001,704,123.2582,-63.1892
270,9001,712,123.5342,-63.2026
270,9001,720,124.3800,-63.1261
270,9001,728,124.4743,-63.1179
270,9001,736,124.9450,-63.0386
270,9001,744,125.0099,-63.0248
270,9001,752,125.2550,-62.9581
270,9001,760,125.3224,-62.9357
270,9001,768,125.8234,-62.7021
270,9001,776,125.8541,-62.6860
270,9001,784,125.9451,-62.6355
270,9001,792,126.0155,-62.5932
270,9001,800,126.3894,-62.3154
270,9001,808,127.1841,-61.7417
270,9001,816,128.9271,-61.3786
270,9001,824,131.0615,-61.9835
270,9001,832,131.6501,-62.2251
270,9001,840,131.8478,-62.3016
270,9001,848,132.5563,-62.4655
270,9001,856,134.1997,-62.8184
270,9001,864,137.4918,-63.6984
270,9001,872,143.6563,-64.5204
270,9001,880,153.7613,-64.6213
270,9001,888,167.4736,-64.5692
270,9001,896,186.9188,-64.5612
270,9001,904,233.5341,-64.5610
270,9001,912,280.1494,-64.5610
270,9001,920,371.7917,-64.5611
270,9002,0,0.0000,-65.0000
270,9002,8,0.0699,-64.9855
270,9002,16,0.6811,-64.9173
270,9002,24,5.5147,-64.6276
270,9002,32,14.0905,-64.5433
270,9002,40,22.6664,-64.5540
270,9002,48,36.8228,-64.5609
270,9002,56,100.0000,-64.5618
270,9002,64,100.0090,-64.5604
270,9002,72,100.0833,-64.4218
270,9002,80,100.3120,-62.8958
270,9002,88,100.6950,-58.7483
270,9002,96,100.8075,-57.4376
270,9002,104,100.9166,-56.1640
270,9002,112,100.9816,-55.4030
270,9002,120,101.2000,-52.7881
270,9002,128,101.2510,-52.1502
270,9002,136,101.3398,-50.9869
270,9002,144,101.5209,-48.2031
270,9002,152,101.6684,-44.9722
270,9002,160,101.7537,-42.1561
270,9002,168,101.8662,-36.1311
270,9002,176,101.9037,-33.2788
270,9002,184,102.0038,-24.1153
270,9002,192,102.1356,-12.0324
270,9002,200,102.2850,-0.7100
270,9002,208,102.3250,1.8519
270,9002,216,102.3435,2.9680
270,9002,224,102.4857,10.1241
270,9002,232,102.7983,18.0784
270,9002,240,103.3083,16.7657
270,9002,248,103.4671,14.3436
270,9002,256,103.6750,10.3525
270,9002,264,103.7450,8.8518
270,9002,272,103.9084,5.1358
270,9002,280,104.1017,0.4853
270,9002,288,104.3560,-5.7990
270,9002,296,104.5618,-10.8431
270,9002,304,104.6753,-13.5616
270,9002,312,104.7300,-14.8471
270,9002,320,104.8350,-17.2660
270,9002,328,104.9100,-18.9463
270,9002,336,104.9293,-19.3714
270,9002,344,105.1117,-23.2428
270,9002,352,105.6500,-32.9908
270,9002,360,105.7250,-34.1608
270,9002,368,105.7700,-34.8429
270,9002,376,105.8836,-36.5001
270,9002,384,106.5127,-44.4555
270,9002,392,107.2300,-51.8427
270,9002,400,107.2934,-52.3952
270,9002,408,107.7914,-56.0126
270,9002,416,107.8963,-56.6233
270,9002,424,107.9450,-56.8888
270,9002,432,108.0269,-57.3049
270,9002,440,108.1403,-57.8233
270,9002,448,108.1799,-57.9875
270,9002,456,108.4412,-58.8749
270,9002,464,109.2532,-60.4490
270,9002,472,109.5536,-60.8231
270,9002,480,109.8811,-61.1345
270,9002,488,110.2698,-61.4211
270,9002,496,110.4002,-61.4999
270,9002,504,110.5218,-61.5534
270,9002,512,111.1018,-61.6815
270,9002,520,111.9250,-61.8583
270,9002,528,112.0170,-61.8845
270,9002,536,112.1583,-61.9195
270,9002,544,112.2900,-61.9390
270,9002,552,112.5800,-61.9233
270,9002,560,112.6584,-61.9070
270,9002,568,112.8610,-61.8390
270,9002,576,112.9451,-61.8030
270,9002,584,113.0570,-61.7433
270,9002,592,113.6358,-61.3298
270,9002,600,113.8981,-61.1653
270,9002,608,114.1967,-61.0046
270,9002,616,115.1129,-60.6948
270,9002,624,116.2453,-60.8346
270,9002,632,116.4348,-60.8941
270,9002,640,117.1553,-61.0820
270,9002,648,118.5950,-61.6301
270,9002,656,118.6679,-61.6634
270,9002,664,119.1609,-61.8364
270,9002,672,120.5321,-62.2548
270,9002,680,122.5300,-63.0196
270,9002,688,122.6077,-63.0486
270,9002,696,123.2200,-63.1844
270,9002,704,123.2582,-63.1892
270,9002,712,123.5342,-63.2026
270,9002,720,124.3800,-63.1261
270,9002,728,124.4743,-63.1179
270,9002,736,124.9450,-63.0386
270,9002,744,125.0099,-63.0248
270,9002,752,125.2550,-62.9581
270,9002,760,125.3224,-62.9357
270,9002,768,125.8234,-62.7021
270,9002,776,125.8541,-62.6860
270,9002,784,125.9451,-62.6355
270,9002,792,126.0155,-62.5932
270,9002,800,126.3894,-62.3154
270,9002,808,127.1841,-61.7417
270,9002,816,128.9271,-61.3786
270,9002,824,131.0615,-61.9835
270,9002,832,131.6501,-62.2251
270,9002,840,131.8478,-62.3016
270,9002,848,132.5563,-62.4655
270,9002,856,134.1997,-62.8184
270,9002,864,137.4918,-63.6984
270,9002,872,143.6563,-64.5204
270,9002,880,153.7613,-64.6213
270,9002,888,167.4736,-64.5692
270,9002,896,186.9188,-64.5612
270,9002,904,233.5341,-64.5610
270,9002,912,280.1494,-64.5610
270,9002,920,371.7917,-64.5611
270,9003,0,0.0000,-65.0000
270,9003,8,0.0699,-64.9855
270,9003,16,0.6811,-64.9173
270,9003,24,5.5147,-64.6276
270,9003,32,14.0905,-64.5433
270,9003,40,22.6664,-64.5540
270,9003,48,36.8228,-64.5609
270,9003,56,100.0000,-64.5618
270,9003,64,100.0090,-64.5604
270,9003,72,100.0833,-64.4218
270,9003,80,100.3120,-62.8958
270,9003,88,100.6950,-58.7483
270,9003,96,100.8075,-57.4376
270,9003,104,100.9166,-56.1640
270,9003,112,100.9816,-55.4030
270,9003,120,101.2000,-52.7881
270,9003,128,101.2510,-52.1502
270,9003,136,101.3398,-50.9869
270,9003,144,101.5209,-48.2031
270,9003,152,101.6684,-44.9722
270,9003,160,101.7537,-42.1561
270,9003,168,101.8662,-36.1311
270,9003,176,101.9037,-33.2788
270,9003,184,102.0038,-24.1153
270,9003,192,102.1356,-12.0324
270,9003,200,102.2850,-0.7100
270,9003,208,102.3250,1.8519
270,9003,216,102.3435,2.9680
270,9003,224,102.4857,10.1241
270,9003,232,102.7983,18.0784
270,9003,240,103.3083,16.7657
270,9003,248,103.4671,14.3436
270,9003,256,103.6750,10.3525
270,9003,264,103.7450,8.8518
270,9003,272,103.9084,5.1358
270,9003,280,104.1017,0.4853
270,9003,288,104.3560,-5.7990
270,9003,296,104.5618,-10.8431
270,9003,304,104.6753,-13.5616
270,9003,312,104.7300,-14.8471
270,9003,320,104.8350,-17.2660
270,9003,328,104.9100,-18.9463
270,9003,336,104.9293,-19.3714
270,9003,344,105.1117,-23.2428
270,9003,352,105.6500,-32.9908
270,9003,360,105.7250,-34.1608
270,9003,368,105.7700,-34.8429
270,9003,376,105.8836,-36.5001
270,9003,384,106.5127,-44.4555
270,9003,392,107.2300,-51.8427
270,9003,400,107.2934,-52.3952
270,9003,408,107.7914,-56.0126
270,9003,416,107.8963,-56.6233
270,9003,424,107.9450,-56.8888
270,9003,432,108.0269,-57.3049
270,9003,440,108.1403,-57.8233
270,9003,448,108.1799,-57.9875
270,9003,456,108.4412,-58.8749
270,9003,464,109.2532,-60.4490
270,9003,472,109.5536,-60.8231
270,9003,480,109.8811,-61.1345
270,9003,488,110.2698,-61.4211
270,9003,496,110.4002,-61.4999
270,9003,504,110.5218,-61.5534
270,9003,512,111.1018,-61.6815
270,9003,520,111.9250,-61.8583
270,9003,528,112.0170,-61.8845
270,9003,536,112.1583,-61.9195
270,9003,544,112.2900,-61.9390
270,9003,552,112.5800,-61.9233
270,9003,560,112.6584,-61.9070
270,9003,568,112.8610,-61.8390
270,9003,576,112.9451,-61.8030
270,9003,584,113.0570,-61.7433
270,9003,592,113.6358,-61.3298
270,9003,600,113.8981,-61.1653
270,9003,608,114.1967,-61.0046
270,9003,616,115.1129,-60.6948
270,9003,624,116.2453,-60.8346
270,9003,632,116.4348,-60.8941
270,9003,640,117.1553,-61.0820
270,9003,648,118.5950,-61.6301
270,9003,656,118.6679,-61.6634
270,9003,664,119.1609,-61.8364
270,9003,672,120.5321,-62.2548
270,9003,680,122.5300,-63.0196
270,9003,688,122.6077,-63.0486
270,9003,696,123.2200,-63.1844
270,9003,704,123.2582,-63.1892
270,9003,712,123.5342,-63.2026
270,9003,720,124.3800,-63.1261
270,9003,728,124.4743,-63.1179
270,9003,736,124.9450,-63.0386
270,9003,744,125.0099,-63.0248
270,9003,752,125.2550,-62.9581
270,9003,760,125.3224,-62.9357
270,9003,768,125.8234,-62.7021
270,9003,776,125.8541,-62.6860
270,9003,784,125.9451,-62.6355
270,9003,792,126.0155,-62.5932
270,9003,800,126.3894,-62.3154
270,9003,808,127.1841,-61.7417
270,9003,816,128.9271,-61.3786
270,9003,824,131.0615,-61.9835
270,9003,832,131.6501,-62.2251
270,9003,840,131.8478,-62.3016
270,9003,848,132.5563,-62.4655
270,9003,856,134.1997,-62.8184
270,9003,864,137.4918,-63.6984
270,9003,872,143.6563,-64.5204
270,9003,880,153.7613,-64.6213
270,9003,888,167.4736,-64.5692
270,9003,896,186.9188,-64.5612
270,9003,904,233.5341,-64.5610
270,9003,912,280.1494,-64.5610
270,9003,920,371.7917,-64.5611
270,9004,0,0.0000,-65.0000
270,9004,8,0.0699,-64.9855
270,9004,16,0.6811,-64.9173
270,9004,24,5.5147,-64.6276
270,9004,32,14.0905,-64.5433
270,9004,40,22.6664,-64.5540
270,9004,48,36.8228,-64.5609
270,9004,56,100.0000,-64.5618
270,9004,64,100.0090,-64.5604
270,9004,72,100.0833,-64.4218
270,9004,80,100.3120,-62.8958
270,9004,88,100.6950,-58.7483
270,9004,96,100.8075,-57.4376
270,9004,104,100.9166,-56.1640
270,9004,112,100.9816,-55.4030
270,9004,120,101.2000,-52.7881
270,9004,128,101.2510,-52.1502
270,9004,136,101.3398,-50.9869
270,9004,144,101.5209,-48.2031
270,9004,152,101.6684,-44.9722
270,9004,160,101.7537,-42.1561
270,9004,168,101.8662,-36.1311
270,9004,176,101.9037,-33.2788
270,9004,184,102.0038,-24.1153
270,9004,192,102.1356,-12.0324
270,9004,200,102.2850,-0.7100
270,9004,208,102.3250,1.8519
270,9004,216,102.3435,2.9680
270,9004,224,102.4857,10.1241
270,9004,232,102.7983,18.0784
270,9004,240,103.3083,16.7657
270,9004,248,103.4671,14.3436
270,9004,256,103.6750,10.3525
270,9004,264,103.7450,8.8518
270,9004,272,103.9084,5.1358
270,9004,280,104.1017,0.4853
270,9004,288,104.3560,-5.7990
270,9004,296,104.5618,-10.8431
270,9004,304,104.6753,-13.5616
270,9004,312,104.7300,-14.8471
270,9004,320,104.8350,-17.2660
270,9004,328,104.9100,-18.9463
270,9004,336,104.9293,-19.3714
270,9004,344,105.1117,-23.2428
270,9004,352,105.6500,-32.9908
270,9004,360,105.7250,-34.1608
270,9004,368,105.7700,-34.8429
270,9004,376,105.8836,-36.5001
270,9004,384,106.5127,-44.4555
270,9004,392,107.2300,-51.8427
270,9004,400,107.2934,-52.3952
270,9004,408,107.7914,-56.0126
270,9004,416,107.8963,-56.6233
270,9004,424,107.9450,-56.8888
270,9004,432,108.0269,-57.3049
270,9004,440,108.1403,-57.8233
270,9004,448,108.1799,-57.9875
270,9004,456,108.4412,-58.8749
270,9004,464,109.2532,-60.4490
270,9004,472,109.5536,-60.8231
270,9004,480,109.8811,-61.1345
270,9004,488,110.2698,-61.4211
270,9004,496,110.4002,-61.4999
270,9004,504,110.5218,-61.5534
270,9004,512,111.1018,-61.6815
270,9004,520,111.9250,-61.8583
270,9004,528,112.0170,-61.8845
270,9004,536,112.1583,-61.9195
270,9004,544,112.2900,-61.9390
270,9004,552,112.5800,-61.9233
270,9004,560,112.6584,-61.9070
270,9004,568,112.8610,-61.8390
270,9004,576,112.9451,-61.8030
270,9004,584,113.0570,-61.7433
270,9004,592,113.6358,-61.3298
270,9004,600,113.8981,-61.1653
270,9004,608,114.1967,-61.0046
270,9004,616,115.1129,-60.6948
270,9004,624,116.2453,-60.8346
270,9004,632,116.4348,-60.8941
270,9004,640,117.1553,-61.0820
270,9004,648,118.5950,-61.6301
270,9004,656,118.6679,-61.6634
270,9004,664,119.1609,-61.8364
270,9004,672,120.5321,-62.2548
270,9004,680,122.5300,-63.0196
270,9004,688,122.6077,-63.0486
270,9004,696,123.2200,-63.1844
270,9004,704,123.2582,-63.1892
270,9004,712,123.5342,-63.2026
270,9004,720,124.3800,-63.1261
270,9004,728,124.4743,-63.1179
270,9004,736,124.9450,-63.0386
270,9004,744,125.0099,-63.0248
270,9004,752,125.2550,-62.9581
270,9004,760,125.3224,-62.9357
270,9004,768,125.8234,-62.7021
270,9004,776,125.8541,-62.6860
270,9004,784,125.9451,-62.6355
270,9004,792,126.0155,-62.5932
270,9004,800,126.3894,-62.3154
270,9004,808,127.1841,-61.7417
270,9004,816,128.9271,-61.3786
270,9004,824,131.0615,-61.9835
270,9004,832,131.6501,-62.2251
270,9004,840,131.8478,-62.3016
270,9004,848,132.5563,-62.4655
270,9004,856,134.1997,-62.8184
270,9004,864,137.4918,-63.6984
270,9004,872,143.6563,-64.5204
270,9004,880,153.7613,-64.6213
270,9004,888,167.4736,-64.5692
270,9004,896,186.9188,-64.5612
270,9004,904,233.5341,-64.5610
270,9004,912,280.1494,-64.5610
270,9004,920,371.7917,-64.5611
270,9005,0,0.0000,-65.0000
270,9005,8,0.0699,-64.9855
270,9005,16,0.6811,-64.9173
270,9005,24,5.5147,-64.6276
270,9005,32,14.0905,-64.5433
270,9005,40,22.6664,-64.5540
270,9005,48,36.8228,-64.5609
270,9005,56,100.0000,-64.5618
270,9005,64,100.0090,-64.5604
270,9005,72,100.0833,-64.4218
270,9005,80,100.3120,-62.8958
270,9005,88,100.6950,-58.7483
270,9005,96,100.8075,-57.4376
270,9005,104,100.9166,-56.1640
270,9005,112,100.9816,-55.4030
270,9005,120,101.2000,-52.7881
270,9005,128,101.2510,-52.1502
270,9005,136,101.3398,-50.9869
270,9005,144,101.5209,-48.2031
270,9005,152,101.6684,-44.9722
270,9005,160,101.7537,-42.1561
270,9005,168,101.8662,-36.1311
270,9005,176,101.9037,-33.2788
270,9005,184,102.0038,-24.1153
270,9005,192,102.1356,-12.0324
270,9005,200,102.2850,-0.7100
270,9005,208,102.3250,1.8519
270,9005,216,102.3435,2.9680
270,9005,224,102.4857,10.1241
270,9005,232,102.7983,18.0784
270,9005,240,103.3083,16.7657
270,9005,248,103.4671,14.3436
270,9005,256,103.6750,10.3525
270,9005,264,103.7450,8.8518
270,9005,272,103.9084,5.1358
270,9005,280,104.1017,0.4853
270,9005,288,104.3560,-5.7990
270,9005,296,104.5618,-10.8431
270,9005,304,104.6753,-13.5616
270,9005,312,104.7300,-14.8471
270,9005,320,104.8350,-17.2660
270,9005,328,104.9100,-18.9463
270,9005,336,104.9293,-19.3714
270,9005,344,105.1117,-23.2428
270,9005,352,105.6500,-32.9908
270,9005,360,105.7250,-34.1608
270,9005,368,105.7700,-34.8429
270,9005,376,105.8836,-36.5001
270,9005,384,106.5127,-44.4555
270,9005,392,107.2300,-51.8427
270,9005,400,107.2934,-52.3952
270,9005,408,107.7914,-56.0126
270,9005,416,107.8963,-56.6233
270,9005,424,107.9450,-56.8888
270,9005,432,108.0269,-57.3049
270,9005,440,108.1403,-57.8233
270,9005,448,108.1799,-57.9875
270,9005,456,108.4412,-58.8749
270,9005,464,109.2532,-60.4490
270,9005,472,109.5536,-60.8231
270,9005,480,109.8811,-61.1345
270,9005,488,110.2698,-61.4211
270,9005,496,110.4002,-61.4999
270,9005,504,110.5218,-61.5534
270,9005,512,111.1018,-61.6815
270,9005,520,111.9250,-61.8583
270,9005,528,112.0170,-61.8845
270,9005,536,112.1583,-61.9195
270,9005,544,112.2900,-61.9390
270,9005,552,112.5800,-61.9233
270,9005,560,112.6584,-61.9070
270,9005,568,112.8610,-61.8390
270,9005,576,112.9451,-61.8030
270,9005,584,113.0570,-61.7433
270,9005,592,113.6358,-61.3298
270,9005,600,113.8981,-61.1653
270,9005,608,114.1967,-61.0046
270,9005,616,115.1129,-60.6948
270,9005,624,116.2453,-60.8346
270,9005,632,116.4348,-60.8941
270,9005,640,117.1553,-61.0820
270,9005,648,118.5950,-61.6301
270,9005,656,118.6679,-61.6634
270,9005,664,119.1609,-61.8364
270,9005,672,120.5321,-62.2548
270,9005,680,122.5300,-63.0196
270,9005,688,122.6077,-63.0486
270,9005,696,123.2200,-63.1844
270,9005,704,123.2582,-63.1892
270,9005,712,123.5342,-63.2026
270,9005,720,124.3800,-63.1261
270,9005,728,124.4743,-63.1179
270,9005,736,124.9450,-63.0386
270,9005,744,125.0099,-63.0248
270,9005,752,125.2550,-62.9581
270,9005,760,125.3224,-62.9357
270,9005,768,125.8234,-62.7021
270,9005,776,125.8541,-62.6860
270,9005,784,125.9451,-62.6355
270,9005,792,126.0155,-62.5932
270,9005,800,126.3894,-62.3154
270,9005,808,127.1841,-61.7417
270,9005,816,128.9271,-61.3786
270,9005,824,131.0615,-61.9835
270,9005,832,131.6501,-62.2251
270,9005,840,131.8478,-62.3016
270,9005,848,132.5563,-62.4655
270,9005,856,134.1997,-62.8184
270,9005,864,137.4918,-63.6984
270,9005,872,143.6563,-64.5204
270,9005,880,153.7613,-64.6213
270,9005,888,167.4736,-64.5692
270,9005,896,186.9188,-64.5612
270,9005,904,233.5341,-64.5610
270,9005,912,280.1494,-64.5610
270,9005,920,371.7917,-64.5611
270,9006,0,0.0000,-65.0000
270,9006,8,0.0699,-64.9855
270,9006,16,0.6811,-64.9173
270,9006,24,5.5147,-64.6276
270,9006,32,14.0905,-64.5433
270,9006,40,22.6664,-64.5540
270,9006,48,36.8228,-64.5609
270,9006,56,100.0000,-64.5618
270,9006,64,100.0090,-64.5604
270,9006,72,100.0833,-64.4218
270,9006,80,100.3120,-62.8958
270,9006,88,100.6950,-58.7483
270,9006,96,100.8075,-57.4376
270,9006,104,100.9166,-56.1640
270,9006,112,100.9816,-55.4030
270,9006,120,101.2000,-52.7881
270,9006,128,101.2510,-52.1502
270,9006,136,101.3398,-50.9869
270,9006,144,101.5209,-48.2031
270,9006,152,101.6684,-44.9722
270,9006,160,101.7537,-42.1561
270,9006,168,101.8662,-36.1311
270,9006,176,101.9037,-33.2788
270,9006,184,102.0038,-24.1153
270,9006,192,102.1356,-12.0324
270,9006,200,102.2850,-0.7100
270,9006,208,102.3250,1.8519
270,9006,216,102.3435,2.9680
270,9006,224,102.4857,10.1241
270,9006,232,102.7983,18.0784
270,9006,240,103.3083,16.7657
270,9006,248,103.4671,14.3436
270,9006,256,103.6750,10.3525
270,9006,264,103.7450,8.8518
270,9006,272,103.9084,5.1358
270,9006,280,104.1017,0.4853
270,9006,288,104.3560,-5.7990
270,9006,296,104.5618,-10.8431
270,9006,304,104.6753,-13.5616
270,9006,312,104.7300,-14.8471
270,9006,320,104.8350,-17.2660
270,9006,328,104.9100,-18.9463
270,9006,336,104.9293,-19.3714
270,9006,344,105.1117,-23.2428
270,9006,352,105.6500,-32.9908
270,9006,360,105.7250,-34.1608
270,9006,368,105.7700,-34.8429
270,9006,376,105.8836,-36.5001
270,9006,384,106.5127,-44.4555
270,9006,392,107.2300,-51.8427
270,9006,400,107.2934,-52.3952
270,9006,408,107.7914,-56.0126
270,9006,416,107.8963,-56.6233
270,9006,424,107.9450,-56.8888
270,9006,432,108.0269,-57.3049
270,9006,440,108.1403,-57.8233
270,9006,448,108.1799,-57.9875
270,9006,456,108.4412,-58.8749
270,9006,464,109.2532,-60.4490
270,9006,472,109.5536,-60.8231
270,9006,480,109.8811,-61.1345
270,9006,488,110.2698,-61.4211
270,9006,496,110.4002,-61.4999
270,9006,504,110.5218,-61.5534
270,9006,512,111.1018,-61.6815
270,9006,520,111.9250,-61.8583
270,9006,528,112.0170,-61.8845
270,9006,536,112.1583,-61.9195
270,9006,544,112.2900,-61.9390
270,9006,552,112.5800,-61.9233
270,9006,560,112.6584,-61.9070
270,9006,568,112.8610,-61.8390
270,9006,576,112.9451,-61.8030
270,9006,584,113.0570,-61.7433
270,9006,592,113.6358,-61.3298
270,9006,600,113.8981,-61.1653
270,9006,608,114.1967,-61.0046
270,9006,616,115.1129,-60.6948
270,9006,624,116.2453,-60.8346
270,9006,632,116.4348,-60.8941
270,9006,640,117.1553,-61.0820
270,9006,648,118.5950,-61.6301
270,9006,656,118.6679,-61.6634
270,9006,664,119.1609,-61.8364
270,9006,672,120.5321,-62.2548
270,9006,680,122.5300,-63.0196
270,9006,688,122.6077,-63.0486
270,9006,696,123.2200,-63.1844
270,9006,704,123.2582,-63.1892
270,9006,712,123.5342,-63.2026
270,9006,720,124.3800,-63.1261
270,9006,728,124.4743,-63.1179
270,9006,736,124.9450,-63.0386
270,9006,744,125.0099,-63.0248
270,9006,752,125.2550,-62.9581
270,9006,760,125.3224,-62.9357
270,9006,768,125.8234,-62.7021
270,9006,776,125.8541,-62.6860
270,9006,784,125.9451,-62.6355
270,9006,792,126.0155,-62.5932
270,9006,800,126.3894,-62.3154
270,9006,808,127.1841,-61.7417
270,9006,816,128.9271,-61.3786
270,9006,824,131.0615,-61.9835
270,9006,832,131.6501,-62.2251
270,9006,840,131.8478,-62.3016
270,9006,848,132.5563,-62.4655
270,9006,856,134.1997,-62.8184
270,9006,864,137.4918,-63.6984
270,9006,872,143.6563,-64.5204
270,9006,880,153.7613,-64.6213
270,9006,888,167.4736,-64.5692
270,9006,896,186.9188,-64.5612
270,9006,904,233.5341,-64.5610
270,9006,912,280.1494,-64.5610
270,9006,920,371.7917,-64.5611
270,9007,0,0.0000,-65.0000
270,9007,8,0.0699,-64.9855
270,9007,16,0.6811,-64.9173
270,9007,24,5.5147,-64.6276
270,9007,32,14.0905,-64.5433
270,9007,40,22.6664,-64.5540
270,9007,48,36.8228,-64.5609
270,9007,56,100.0000,-64.5618
270,9007,64,100.0090,-64.5604
270,9007,72,100.0833,-64.4218
270,9007,80,100.3120,-62.8958
270,9007,88,100.6950,-58.7483
270,9007,96,100.8075,-57.4376
270,9007,104,100.9166,-56.1640
270,9007,112,100.9816,-55.4030
270,9007,120,101.2000,-52.7881
270,9007,128,101.2510,-52.1502
270,9007,136,101.3398,-50.9869
270,9007,144,101.5209,-48.2031
270,9007,152,101.6684,-44.9722
270,9007,160,101.7537,-42.1561
270,9007,168,101.8662,-36.1311
270,9007,176,101.9037,-33.2788
270,9007,184,102.0038,-24.1153
270,9007,192,102.1356,-12.0324
270,9007,200,102.2850,-0.7100
270,9007,208,102.3250,1.8519
270,9007,216,102.3435,2.9680
270,9007,224,102.4857,10.1241
270,9007,232,102.7983,18.0784
270,9007,240,103.3083,16.7657
270,9007,248,103.4671,14.3436
270,9007,256,103.6750,10.3525
270,9007,264,103.7450,8.8518
270,9007,272,103.9084,5.1358
270,9007,280,104.1017,0.4853
270,9007,288,104.3560,-5.7990
270,9007,296,104.5618,-10.8431
270,9007,304,104.6753,-13.5616
270,9007,312,104.7300,-14.8471
270,9007,320,104.8350,-17.2660
270,9007,328,104.9100,-18.9463
270,9007,336,104.9293,-19.3714
270,9007,344,105.1117,-23.2428
270,9007,352,105.6500,-32.9908
270,9007,360,105.7250,-34.1608
270,9007,368,105.7700,-34.8429
270,9007,376,105.8836,-36.5001
270,9007,384,106.5127,-44.4555
270,9007,392,107.2300,-51.8427
270,9007,400,107.2934,-52.3952
270,9007,408,107.7914,-56.0126
270,9007,416,107.8963,-56.6233
270,9007,424,107.9450,-56.8888
270,9007,432,108.0269,-57.3049
270,9007,440,108.1403,-57.8233
270,9007,448,108.1799,-57.9875
270,9007,456,108.4412,-58.8749
270,9007,464,109.2532,-60.4490
270,9007,472,109.5536,-60.8231
270,9007,480,109.8811,-61.1345
270,9007,488,110.2698,-61.4211
270,9007,496,110.4002,-61.4999
270,9007,504,110.5218,-61.5534
270,9007,512,111.1018,-61.6815
270,9007,520,111.9250,-61.8583
270,9007,528,112.0170,-61.8845
270,9007,536,112.1583,-61.9195
270,9007,544,112.2900,-61.9390
270,9007,552,112.5800,-61.9233
270,9007,560,112.6584,-61.9070
270,9007,568,112.8610,-61.8390
270,9007,576,112.9451,-61.8030
270,9007,584,113.0570,-61.7433
270,9007,592,113.6358,-61.3298
270,9007,600,113.8981,-61.1653
270,9007,608,114.1967,-61.0046
270,9007,616,115.1129,-60.6948
270,9007,624,116.2453,-60.8346
270,9007,632,116.4348,-60.8941
270,9007,640,117.1553,-61.0820
270,9007,648,118.5950,-61.6301
270,9007,656,118.6679,-61.6634
270,9007,664,119.1609,-61.8364
270,9007,672,120.5321,-62.2548
270,9007,680,122.5300,-63.0196
270,9007,688,122.6077,-63.0486
270,9007,696,123.2200,-63.1844
270,9007,704,123.2582,-63.1892
270,9007,712,123.5342,-63.2026
270,9007,720,124.3800,-63.1261
270,9007,728,124.4743,-63.1179
270,9007,736,124.9450,-63.0386
270,9007,744,125.0099,-63.0248
270,9007,752,125.2550,-62.9581
270,9007,760,125.3224,-62.9357
270,9007,768,125.8234,-62.7021
270,9007,776,125.8541,-62.6860
270,9007,784,125.9451,-62.6355
270,9007,792,126.0155,-62.5932
270,9007,800,126.3894,-62.3154
270,9007,808,127.1841,-61.7417
270,9007,816,128.9271,-61.3786
270,9007,824,131.0615,-61.9835
270,9007,832,131.6501,-62.2251
270,9007,840,131.8478,-62.3016
270,9007,848,132.5563,-62.4655
270,9007,856,134.1997,-62.8184
270,9007,864,137.4918,-63.6984
270,9007,872,143.6563,-64.5204
270,9007,880,153.7613,-64.6213
270,9007,888,167.4736,-64.5692
270,9007,896,186.9188,-64.5612
270,9007,904,233.5341,-64.5610
270,9007,912,280.1494,-64.5610
270,9007,920,371.7917,-64.5611
270,9008,0,0.0000,-65.0000
270,9008,8,0.0699,-64.9855
270,9008,16,0.6811,-64.9173
270,9008,24,5.5147,-64.6276
270,9008,32,14.0905,-64.5433
270,9008,40,22.6664,-64.5540
270,9008,48,36.8228,-64.5609
270,9008,56,100.0000,-64.5618
270,9008,64,100.0090,-64.5604
270,9008,72,100.0833,-64.4218
270,9008,80,100.3120,-62.8958
270,9008,88,100.6950,-58.7483
270,9008,96,100.8075,-57.4376
270,9008,104,100.9166,-56.1640
270,9008,112,100.9816,-55.4030
270,9008,120,101.2000,-52.7881
270,9008,128,101.2510,-52.1502
270,9008,136,101.3398,-50.9869
270,9008,144,101.5209,-48.2031
270,9008,152,101.6684,-44.9722
270,9008,160,101.7537,-42.1561
270,9008,168,101.8662,-36.1311
270,9008,176,101.9037,-33.2788
270,9008,184,102.0038,-24.1153
270,9008,192,102.1356,-12.0324
270,9008,200,102.2850,-0.7100
270,9008,208,102.3250,1.8519
270,9008,216,102.3435,2.9680
270,9008,224,102.4857,10.1241
270,9008,232,102.7983,18.0784
270,9008,240,103.3083,16.7657
270,9008,248,103.4671,14.3436
270,9008,256,103.6750,10.3525
270,9008,264,103.7450,8.8518
270,9008,272,103.9084,5.1358
270,9008,280,104.1017,0.4853
270,9008,288,104.3560,-5.7990
270,9008,296,104.5618,-10.8431
270,9008,304,104.6753,-13.5616
270,9008,312,104.7300,-14.8471
270,9008,320,104.8350,-17.2660
270,9008,328,104.9100,-18.9463
270,9008,336,104.9293,-19.3714
270,9008,344,105.1117,-23.2428
270,9008,352,105.6500,-32.9908
270,9008,360,105.7250,-34.1608
270,9008,368,105.7700,-34.8429
270,9008,376,105.8836,-36.5001
270,9008,384,106.5127,-44.4555
270,9008,392,107.2300,-51.8427
270,9008,400,107.2934,-52.3952
270,9008,408,107.7914,-56.0126
270,9008,416,107.8963,-56.6233
270,9008,424,107.9450,-56.8888
270,9008,432,108.0269,-57.3049
270,9008,440,108.1403,-57.8233
270,9008,448,108.1799,-57.9875
270,9008,456,108.4412,-58.8749
270,9008,464,109.2532,-60.4490
270,9008,472,109.5536,-60.8231
270,9008,480,109.8811,-61.1345
270,9008,488,110.2698,-61.4211
270,9008,496,110.4002,-61.4999
270,9008,504,110.5218,-61.5534
270,9008,512,111.1018,-61.6815
270,9008,520,111.9250,-61.8583
270,9008,528,112.0170,-61.8845
270,9008,536,112.1583,-61.9195
270,9008,544,112.2900,-61.9390
270,9008,552,112.5800,-61.9233
270,9008,560,112.6584,-61.9070
270,9008,568,112.8610,-61.8390
270,9008,576,112.9451,-61.8030
270,9008,584,113.0570,-61.7433
270,9008,592,113.6358,-61.3298
270,9008,600,113.8981,-61.1653
270,9008,608,114.1967,-61.0046
270,9008,616,115.1129,-60.6948
270,9008,624,116.2453,-60.8346
270,9008,632,116.4348,-60.8941
270,9008,640,117.1553,-61.0820
270,9008,648,118.5950,-61.6301
270,9008,656,118.6679,-61.6634
270,9008,664,119.1609,-61.8364
270,9008,672,120.5321,-62.2548
270,9008,680,122.5300,-63.0196
270,9008,688,122.6077,-63.0486
270,9008,696,123.2200,-63.1844
270,9008,704,123.2582,-63.1892
270,9008,712,123.5342,-63.2026
270,9008,720,124.3800,-63.1261
270,9008,728,124.4743,-63.1179
270,9008,736,124.9450,-63.0386
270,9008,744,125.0099,-63.0248
270,9008,752,125.2550,-62.9581
270,9008,760,125.3224,-62.9357
270,9008,768,125.8234,-62.7021
270,9008,776,125.8541,-62.6860
270,9008,784,125.9451,-62.6355
270,9008,792,126.0155,-62.5932
270,9008,800,126.3894,-62.3154
270,9008,808,127.1841,-61.7417
270,9008,816,128.9271,-61.3786
270,9008,824,131.0615,-61.9835
270,9008,832,131.6501,-62.2251
270,9008,840,131.8478,-62.3016
270,9008,848,132.5563,-62.4655
270,9008,856,134.1997,-62.8184
270,9008,864,137.4918,-63.6984
270,9008,872,143.6563,-64.5204
270,9008,880,153.7613,-64.6213
270,9008,888,167.4736,-64.5692
270,9008,896,186.9188,-64.5612
270,9008,904,233.5341,-64.5610
270,9008,912,280.1494,-64.5610
270,9008,920,371.7917,-64.5611
270,9009,0,0.0000,-65.0000
270,9009,8,0.0699,-64.9855
270,9009,16,0.6811,-64.9173
270,9009,24,5.5147,-64.6276
270,9009,32,14.0905,-64.5433
270,9009,40,22.6664,-64.5540
270,9009,48,36.8228,-64.5609
270,9009,56,100.0000,-64.5618
270,9009,64,100.0090,-64.5604
270,9009,72,100.0833,-64.4218
270,9009,80,100.3120,-62.8958
270,9009,88,100.6950,-58.7483
270,9009,96,100.8075,-57.4376
270,9009,104,100.9166,-56.1640
270,9009,112,100.9816,-55.4030
270,9009,120,101.2000,-52.7881
270,9009,128,101.2510,-52.1502
270,9009,136,101.3398,-50.9869
270,9009,144,101.5209,-48.2031
270,9009,152,101.6684,-44.9722
270,9009,160,101.7537,-42.1561
270,9009,168,101.8662,-36.1311
270,9009,176,101.9037,-33.2788
270,9009,184,102.0038,-24.1153
270,9009,192,102.1356,-12.0324
270,9009,200,102.2850,-0.7100
270,9009,208,102.3250,1.8519
270,9009,216,102.3435,2.9680
270,9009,224,102.4857,10.1241
270,9009,232,102.7983,18.0784
270,9009,240,103.3083,16.7657
270,9009,248,103.4671,14.3436
270,9009,256,103.6750,10.3525
270,9009,264,103.7450,8.8518
270,9009,272,103.9084,5.1358
270,9009,280,104.1017,0.4853
270,9009,288,104.3560,-5.7990
270,9009,296,104.5618,-10.8431
270,9009,304,104.6753,-13.5616
270,9009,312,104.7300,-14.8471
270,9009,320,104.8350,-17.2660
270,9009,328,104.9100,-18.9463
270,9009,336,104.9293,-19.3714
270,9009,344,105.1117,-23.2428
270,9009,352,105.6500,-32.9908
270,9009,360,105.7250,-34.1608
270,9009,368,105.7700,-34.8429
270,9009,376,105.8836,-36.5001
270,9009,384,106.5127,-44.4555
270,9009,392,107.2300,-51.8427
270,9009,400,107.2934,-52.3952
270,9009,408,107.7914,-56.0126
270,9009,416,107.8963,-56.6233
270,9009,424,107.9450,-56.8888
270,9009,432,108.0269,-57.3049
270,9009,440,108.1403,-57.8233
270,9009,448,108.1799,-57.9875
270,9009,456,108.4412,-58.8749
270,9009,464,109.2532,-60.4490
270,9009,472,109.5536,-60.8231
270,9009,480,109.8811,-61.1345
270,9009,488,110.2698,-61.4211
270,9009,496,110.4002,-61.4999
270,9009,504,110.5218,-61.5534
270,9009,512,111.1018,-61.6815
270,9009,520,111.9250,-61.8583
270,9009,528,112.0170,-61.8845
270,9009,536,112.1583,-61.9195
270,9009,544,112.2900,-61.9390
270,9009,552,112.5800,-61.9233
270,9009,560,112.6584,-61.9070
270,9009,568,112.8610,-61.8390
270,9009,576,112.9451,-61.8030
270,9009,584,113.0570,-61.7433
270,9009,592,113.6358,-61.3298
270,9009,600,113.8981,-61.1653
270,9009,608,114.1967,-61.0046
270,9009,616,115.1129,-60.6948
270,9009,624,116.2453,-60.8346
270,9009,632,116.4348,-60.8941
270,9009,640,117.1553,-61.0820
270,9009,648,118.5950,-61.6301
270,9009,656,118.6679,-61.6634
270,9009,664,119.1609,-61.8364
270,9009,672,120.5321,-62.2548
270,9009,680,122.5300,-63.0196
270,9009,688,122.6077,-63.0486
270,9009,696,123.2200,-63.1844
270,9009,704,123.2582,-63.1892
270,9009,712,123.5342,-63.2026
270,9009,720,124.3800,-63.1261
270,9009,728,124.4743,-63.1179
270,9009,736,124.9450,-63.0386
270,9009,744,125.0099,-63.0248
270,9009,752,125.2550,-62.9581
270,9009,760,125.3224,-62.9357
270,9009,768,125.8234,-62.7021
270,9009,776,125.8541,-62.6860
270,9009,784,125.9451,-62.6355
270,9009,792,126.0155,-62.5932
270,9009,800,126.3894,-62.3154
270,9009,808,127.1841,-61.7417
270,9009,816,128.9271,-61.3786
270,9009,824,131.0615,-61.9835
270,9009,832,131.6501,-62.2251
270,9009,840,131.8478,-62.3016
270,9009,848,132.5563,-62.4655
270,9009,856,134.1997,-62.8184
270,9009,864,137.4918,-63.6984
270,9009,872,143.6563,-64.5204
270,9009,880,153.7613,-64.6213
270,9009,888,167.4736,-64.5692
270,9009,896,186.9188,-64.5612
270,9009,904,233.5341,-64.5610
270,9009,912,280.1494,-64.5610
270,9009,920,371.7917,-64.5611
270,9010,0,0.0000,-65.0000
270,9010,8,0.0699,-64.9855
270,9010,16,0.6811,-64.9173
270,9010,24,5.5147,-64.6276
270,9010,32,14.0905,-64.5433
270,9010,40,22.6664,-64.5540
270,9010,48,36.8228,-64.5609
270,9010,56,100.0000,-64.5618
270,9010,64,100.0090,-64.5604
270,9010,72,100.0833,-64.4218
270,9010,80,100.3120,-62.8958
270,9010,88,100.6950,-58.7483
270,9010,96,100.8075,-57.4376
270,9010,104,100.9166,-56.1640
270,9010,112,100.9816,-55.4030
270,9010,120,101.2000,-52.7881
270,9010,128,101.2510,-52.1502
270,9010,136,101.3398,-50.9869
270,9010,144,101.5209,-48.2031
270,9010,152,101.6684,-44.9722
270,9010,160,101.7537,-42.1561
270,9010,168,101.8662,-36.1311
270,9010,176,101.9037,-33.2788
270,9010,184,102.0038,-24.1153
270,9010,192,102.1356,-12.0324
270,9010,200,102.2850,-0.7100
270,9010,208,102.3250,1.8519
270,9010,216,102.3435,2.9680
270,9010,224,102.4857,10.1241
270,9010,232,102.7983,18.0784
270,9010,240,103.3083,16.7657
270,9010,248,103.4671,14.3436
270,9010,256,103.6750,10.3525
270,9010,264,103.7450,8.8518
270,9010,272,103.9084,5.1358
270,9010,280,104.1017,0.4853
270,9010,288,104.3560,-5.7990
270,9010,296,104.5618,-10.8431
270,9010,304,104.6753,-13.5616
270,9010,312,104.7300,-14.8471
270,9010,320,104.8350,-17.2660
270,9010,328,104.9100,-18.9463
270,9010,336,104.9293,-19.3714
270,9010,344,105.1117,-23.2428
270,9010,352,105.6500,-32.9908
270,9010,360,105.7250,-34.1608
270,9010,368,105.7700,-34.8429
270,9010,376,105.8836,-36.5001
270,9010,384,106.5127,-44.4555
270,9010,392,107.2300,-51.8427
270,9010,400,107.2934,-52.3952
270,9010,408,107.7914,-56.0126
270,9010,416,107.8963,-56.6233
270,9010,424,107.9450,-56.8888
270,9010,432,108.0269,-57.3049
270,9010,440,108.1403,-57.8233
270,9010,448,108.1799,-57.9875
270,9010,456,108.4412,-58.8749
270,9010,464,109.2532,-60.4490
270,9010,472,109.5536,-60.8231
270,9010,480,109.8811,-61.1345
270,9010,488,110.2698,-61.4211
270,9010,496,110.4002,-61.4999
270,9010,504,110.5218,-61.5534
270,9010,512,111.1018,-61.6815
270,9010,520,111.9250,-61.8583
270,9010,528,112.0170,-61.8845
270,9010,536,112.1583,-61.9195
270,9010,544,112.2900,-61.9390
270,9010,552,112.5800,-61.9233
270,9010,560,112.6584,-61.9070
270,9010,568,112.8610,-61.8390
270,9010,576,112.9451,-61.8030
270,9010,584,113.0570,-61.7433
270,9010,592,113.6358,-61.3298
270,9010,600,113.8981,-61.1653
270,9010,608,114.1967,-61.0046
270,9010,616,115.1129,-60.6948
270,9010,624,116.2453,-60.8346
270,9010,632,116.4348,-60.8941
270,9010,640,117.1553,-61.0820
270,9010,648,118.5950,-61.6301
270,9010,656,118.6679,-61.6634
270,9010,664,119.1609,-61.8364
270,9010,672,120.5321,-62.2548
270,9010,680,122.5300,-63.0196
270,9010,688,122.6077,-63.0486
270,9010,696,123.2200,-63.1844
270,9010,704,123.2582,-63.1892
270,9010,712,123.5342,-63.2026
270,9010,720,124.3800,-63.1261
270,9010,728,124.4743,-63.1179
270,9010,736,124.9450,-63.0386
270,9010,744,125.0099,-63.0248
270,9010,752,125.2550,-62.9581
270,9010,760,125.3224,-62.9357
270,9010,768,125.8234,-62.7021
270,9010,776,125.8541,-62.6860
270,9010,784,125.9451,-62.6355
270,9010,792,126.0155,-62.5932
270,9010,800,126.3894,-62.3154
270,9010,808,127.1841,-61.7417
270,9010,816,128.9271,-61.3786
270,9010,824,131.0615,-61.9835
270,9010,832,131.6501,-62.2251
270,9010,840,131.8478,-62.3016
270,9010,848,132.5563,-62.4655
270,9010,856,134.1997,-62.8184
270,9010,864,137.4918,-63.6984
270,9010,872,143.6563,-64.5204
270,9010,880,153.7613,-64.6213
270,9010,888,167.4736,-64.5692
270,9010,896,186.9188,-64.5612
270,9010,904,233.5341,-64.5610
270,9010,912,280.1494,-64.5610
270,9010,920,371.7917,-64.5611
300,10001,0,0.0000,-65.0000
300,10001,8,0.0699,-64.9855
300,10001,16,0.6811,-64.9173
300,10001,24,5.5147,-64.6276
300,10001,32,14.0905,-64.5433
300,10001,40,22.6664,-64.5540
300,10001,48,36.8228,-64.5609
300,10001,56,100.0000,-64.5618
300,10001,64,100.0318,-64.5465
300,10001,72,100.0531,-64.5163
300,10001,80,100.1396,-64.2565
300,10001,88,100.4099,-62.5159
300,10001,96,100.9355,-57.8789
300,10001,104,101.0233,-57.1021
300,10001,112,101.2914,-54.7392
300,10001,120,101.3324,-54.3736
300,10001,128,101.3692,-54.0416
300,10001,136,101.4448,-53.3400
300,10001,144,101.5607,-52.1920
300,10001,152,101.6854,-50.7891
300,10001,160,102.0201,-44.5806
300,10001,168,102.1283,-40.2017
300,10001,176,102.1578,-38.5256
300,10001,184,102.1716,-37.6480
300,10001,192,102.2434,-32.1592
300,10001,200,102.3533,-21.9536
300,10001,208,102.4559,-12.7780
300,10001,216,102.5175,-7.8129
300,10001,224,102.6617,2.0675
300,10001,232,102.6882,3.6070
300,10001,240,102.8251,10.2202
300,10001,248,102.8511,11.2256
300,10001,256,102.9343,13.9508
300,10001,264,103.0936,17.3025
300,10001,272,103.1391,17.8711
300,10001,280,103.2714,18.7128
300,10001,288,103.3161,18.7564
300,10001,296,103.5113,17.8020
300,10001,304,103.5993,16.8672
300,10001,312,103.9453,11.1019
300,10001,320,104.0426,9.0578
300,10001,328,104.1351,7.0018
300,10001,336,104.2862,3.4668
300,10001,344,104.3713,1.4078
300,10001,352,104.5334,-2.5840
300,10001,360,104.6150,-4.6063
300,10001,368,105.0672,-15.5353
300,10001,376,105.3937,-22.7297
300,10001,384,105.5045,-24.9806
300,10001,392,105.5791,-26.4397
300,10001,400,105.7177,-29.0174
300,10001,408,105.7771,-30.0693
300,10001,416,105.9746,-33.3419
300,10001,424,106.1243,-35.6192
300,10001,432,106.3536,-38.8160
300,10001,440,106.4321,-39.8429
300,10001,448,106.9176,-45.6559
300,10001,456,107.0068,-46.6361
300,10001,464,107.2984,-49.6384
300,10001,472,107.3531,-50.1627
300,10001,480,107.8132,-53.9397
300,10001,488,108.7070,-58.5309
300,10001,496,108.8399,-58.9893
300,10001,504,109.2033,-60.0138
300,10001,512,109.3630,-60.3724
300,10001,520,109.4394,-60.5241
300,10001,528,109.8596,-61.1542
300,10001,536,110.0727,-61.3842
300,10001,544,110.1550,-61.4595
300,10001,552,110.3172,-61.5780
300,10001,560,110.3495,-61.5965
300,10001,568,110.6108,-61.6534
300,10001,576,110.9608,-61.5699
300,10001,584,111.1091,-61.5078
300,10001,592,111.1694,-61.4776
300,10001,600,111.2143,-61.4530
300,10001,608,111.5357,-61.2160
300,10001,616,111.6500,-61.1218
300,10001,624,112.0587,-60.7762
300,10001,632,112.4960,-60.4775
300,10001,640,112.7189,-60.3574
300,10001,648,113.4897,-60.0985
300,10001,656,113.5676,-60.0908
300,10001,664,113.9574,-60.0516
300,10001,672,114.3923,-60.0558
300,10001,680,114.5661,-60.0726
300,10001,688,114.6576,-60.0796
300,10001,696,115.1770,-60.0695
300,10001,704,115.2108,-60.0680
300,10001,712,115.2556,-60.0646
300,10001,720,115.5847,-59.9920
300,10001,728,115.6997,-59.9579
300,10001,736,116.0308,-59.8438
300,10001,744,117.0370,-59.6266
300,10001,752,117.8247,-59.7690
300,10001,760,118.0189,-59.8271
300,10001,768,118.3373,-59.9108
300,10001,776,118.3944,-59.9258
300,10001,784,118.4366,-59.9358
300,10001,792,118.7639,-59.9693
300,10001,800,118.9402,-59.9682
300,10001,808,119.1999,-59.9392
300,10001,816,120.0593,-59.8504
300,10001,824,121.0416,-60.0509
300,10001,832,121.1699,-60.0977
300,10001,840,121.7889,-60.2921
300,10001,848,122.4841,-60.5440
300,10001,856,122.6495,-60.6117
300,10001,864,123.3194,-60.8299
300,10001,872,123.7522,-60.9750
300,10001,880,123.9716,-61.0487
300,10001,888,124.7602,-61.2419
300,10001,896,126.5603,-61.8940
300,10001,904,127.9623,-62.5450
300,10001,912,128.0942,-62.6031
300,10001,920,128.6740,-62.7695
300,10001,928,128.7509,-62.7853
300,10001,936,129.0243,-62.8223
300,10001,944,129.7130,-62.8169
300,10001,952,129.7684,-62.8156
300,10001,960,130.0989,-62.7871
300,10001,968,131.0697,-62.6589
300,10001,976,133.1505,-62.8678
300,10001,984,136.4379,-63.6911
300,10001,992,142.6390,-64.5218
300,10001,1000,150.7930,-64.6333
300,10001,1008,158.3750,-64.5926
300,10001,1016,176.6148,-64.5631
300,10001,1024,215.5978,-64.5597
300,10001,1032,251.4222,-64.5610
300,10001,1040,287.2466,-64.5610
300,10001,1048,323.0709,-64.5610
300,10001,1056,358.8953,-64.5610
300,10001,1064,394.7197,-64.5610
300,10001,1072,430.5440,-64.5610
300,10001,1080,466.3684,-64.5610
300,10001,1088,502.1928,-64.5610
300,10001,1096,538.0171,-64.5610
300,10001,1104,573.8415,-64.5610
300,10001,1112,609.6659,-64.5610
300,10001,1120,645.4902,-64.5610
300,10001,1128,681.3146,-64.5610
300,10001,1136,717.1390,-64.5609
300,10001,1144,752.9633,-64.5609
300,10001,1152,788.7877,-64.5609
300,10001,1160,824.6121,-64.5609
300,10001,1168,860.4364,-64.5609
300,10001,1176,896.2608,-64.5609
300,10001,1184,932.0851,-64.5609
300,10001,1192,967.9095,-64.5609
300,10001,1200,1003.7339,-64.5617
300,10001,1208,1039.5582,-64.5617
300,10001,1216,1075.3826,-64.5617
300,10001,1224,1111.2070,-64.5618
300,10001,1232,1147.0313,-64.5618
300,10001,1240,1182.8557,-64.5618
300,10001,1248,1218.6801,-64.5618
300,10001,1256,1254.5044,-64.5618
300,10001,1264,1290.3288,-64.5618
300,10001,1272,1326.1532,-64.5618
300,10001,1280,1361.9775,-64.5618
300,10001,1288,1397.8019,-64.5618
300,10001,1296,1433.6263,-64.5618
300,10001,1304,1469.4506,-64.5619
300,10002,0,0.0000,-65.0000
300,10002,8,0.0699,-64.9855
300,10002,16,0.6811,-64.9173
300,10002,24,5.5147,-64.6276
300,10002,32,14.0905,-64.5433
300,10002,40,22.6664,-64.5540
300,10002,48,36.8228,-64.5609
300,10002,56,100.0000,-64.5618
300,10002,64,100.0318,-64.5465
300,10002,72,100.0531,-64.5163
300,10002,80,100.1396,-64.2565
300,10002,88,100.4099,-62.5159
300,10002,96,100.9355,-57.8789
300,10002,104,101.0233,-57.1021
300,10002,112,101.2914,-54.7392
300,10002,120,101.3324,-54.3736
300,10002,128,101.3692,-54.0416
300,10002,136,101.4448,-53.3400
300,10002,144,101.5607,-52.1920
300,10002,152,101.6854,-50.7891
300,10002,160,102.0201,-44.5806
300,10002,168,102.1283,-40.2017
300,10002,176,102.1578,-38.5256
300,10002,184,102.1716,-37.6480
300,10002,192,102.2434,-32.1592
300,10002,200,102.3533,-21.9536
300,10002,208,102.4559,-12.7780
300,10002,216,102.5175,-7.8129
300,10002,224,102.6617,2.0675
300,10002,232,102.6882,3.6070
300,10002,240,102.8251,10.2202
300,10002,248,102.8511,11.2256
300,10002,256,102.9343,13.9508
300,10002,264,103.0936,17.3025
300,10002,272,103.1391,17.8711
300,10002,280,103.2714,18.7128
300,10002,288,103.3161,18.7564
300,10002,296,103.5113,17.8020
300,10002,304,103.5993,16.8672
300,10002,312,103.9453,11.1019
300,10002,320,104.0426,9.0578
300,10002,328,104.1351,7.0018
300,10002,336,104.2862,3.4668
300,10002,344,104.3713,1.4078
300,10002,352,104.5334,-2.5840
300,10002,360,104.6150,-4.6063
300,10002,368,105.0672,-15.5353
300,10002,376,105.3937,-22.7297
300,10002,384,105.5045,-24.9806
300,10002,392,105.5791,-26.4397
300,10002,400,105.7177,-29.0174
300,10002,408,105.7771,-30.0693
300,10002,416,105.9746,-33.3419
300,10002,424,106.1243,-35.6192
300,10002,432,106.3536,-38.8160
300,10002,440,106.4321,-39.8429
300,10002,448,106.9176,-45.6559
300,10002,456,107.0068,-46.6361
300,10002,464,107.2984,-49.6384
300,10002,472,107.3531,-50.1627
300,10002,480,107.8132,-53.9397
300,10002,488,108.7070,-58.5309
300,10002,496,108.8399,-58.9893
300,10002,504,109.2033,-60.0138
300,10002,512,109.3630,-60.3724
300,10002,520,109.4394,-60.5241
300,10002,528,109.8596,-61.1542
300,10002,536,110.0727,-61.3842
300,10002,544,110.1550,-61.4595
300,10002,552,110.3172,-61.5780
300,10002,560,110.3495,-61.5965
300,10002,568,110.6108,-61.6534
300,10002,576,110.9608,-61.5699
300,10002,584,111.1091,-61.5078
300,10002,592,111.1694,-61.4776
300,10002,600,111.2143,-61.4530
300,10002,608,111.5357,-61.2160
300,10002,616,111.6500,-61.1218
300,10002,624,112.0587,-60.7762
300,10002,632,112.4960,-60.4775
300,10002,640,112.7189,-60.3574
300,10002,648,113.4897,-60.0985
300,10002,656,113.5676,-60.0908
300,10002,664,113.9574,-60.0516
300,10002,672,114.3923,-60.0558
300,10002,680,114.5661,-60.0726
300,10002,688,114.6576,-60.0796
300,10002,696,115.1770,-60.0695
300,10002,704,115.2108,-60.0680
300,10002,712,115.2556,-60.0646
300,10002,720,115.5847,-59.9920
300,10002,728,115.6997,-59.9579
300,10002,736,116.0308,-59.8438
300,10002,744,117.0370,-59.6266
300,10002,752,117.8247,-59.7690
300,10002,760,118.0189,-59.8271
300,10002,768,118.3373,-59.9108
300,10002,776,118.3944,-59.9258
300,10002,784,118.4366,-59.9358
300,10002,792,118.7639,-59.9693
300,10002,800,118.9402,-59.9682
300,10002,808,119.1999,-59.9392
300,10002,816,120.0593,-59.8504
300,10002,824,121.0416,-60.0509
300,10002,832,121.1699,-60.0977
300,10002,840,121.7889,-60.2921
300,10002,848,122.4841,-60.5440
300,10002,856,122.6495,-60.6117
300,10002,864,123.3194,-60.8299
300,10002,872,123.7522,-60.9750
300,10002,880,123.9716,-61.0487
300,10002,888,124.7602,-61.2419
300,10002,896,126.5603,-61.8940
300,10002,904,127.9623,-62.5450
300,10002,912,128.0942,-62.6031
300,10002,920,128.6740,-62.7695
300,10002,928,128.7509,-62.7853
300,10002,936,129.0243,-62.8223
300,10002,944,129.7130,-62.8169
300,10002,952,129.7684,-62.8156
300,10002,960,130.0989,-62.7871
300,10002,968,131.0697,-62.6589
300,10002,976,133.1505,-62.8678
300,10002,984,136.4379,-63.6911
300,10002,992,142.6390,-64.5218
300,10002,1000,150.7930,-64.6333
300,10002,1008,158.3750,-64.5926
300,10002,1016,176.6148,-64.5631
300,10002,1024,215.5978,-64.5597
300,10002,1032,251.4222,-64.5610
300,10002,1040,287.2466,-64.5610
300,10002,1048,323.0709,-64.5610
300,10002,1056,358.8953,-64.5610
300,10002,1064,394.7197,-64.5610
300,10002,1072,430.5440,-64.5610
300,10002,1080,466.3684,-64.5610
300,10002,1088,502.1928,-64.5610
300,10002,1096,538.0171,-64.5610
300,10002,1104,573.8415,-64.5610
300,10002,1112,609.6659,-64.5610
300,10002,1120,645.4902,-64.5610
300,10002,1128,681.3146,-64.5610
300,10002,1136,717.1390,-64.5609
300,10002,1144,752.9633,-64.5609
300,10002,1152,788.7877,-64.5609
300,10002,1160,824.6121,-64.5609
300,10002,1168,860.4364,-64.5609
300,10002,1176,896.2608,-64.5609
300,10002,1184,932.0851,-64.5609
300,10002,1192,967.9095,-64.5609
300,10002,1200,1003.7339,-64.5617
300,10002,1208,1039.5582,-64.5617
300,10002,1216,1075.3826,-64.5617
300,10002,1224,1111.2070,-64.5618
300,10002,1232,1147.0313,-64.5618
300,10002,1240,1182.8557,-64.5618
300,10002,1248,1218.6801,-64.5618
300,10002,1256,1254.5044,-64.5618
300,10002,1264,1290.3288,-64.5618
300,10002,1272,1326.1532,-64.5618
300,10002,1280,1361.9775,-64.5618
300,10002,1288,1397.8019,-64.5618
300,10002,1296,1433.6263,-64.5618
300,10002,1304,1469.4506,-64.5619
300,10003,0,0.0000,-65.0000
300,10003,8,0.0699,-64.9855
300,10003,16,0.6811,-64.9173
300,10003,24,5.5147,-64.6276
300,10003,32,14.0905,-64.5433
300,10003,40,22.6664,-64.5540
300,10003,48,36.8228,-64.5609
300,10003,56,100.0000,-64.5618
300,10003,64,100.0318,-64.5465
300,10003,72,100.0531,-64.5163
300,10003,80,100.1396,-64.2565
300,10003,88,100.4099,-62.5159
300,10003,96,100.9355,-57.8789
300,10003,104,101.0233,-57.1021
300,10003,112,101.2914,-54.7392
300,10003,120,101.3324,-54.3736
300,10003,128,101.3692,-54.0416
300,10003,136,101.4448,-53.3400
300,10003,144,101.5607,-52.1920
300,10003,152,101.6854,-50.7891
300,10003,160,102.0201,-44.5806
300,10003,168,102.1283,-40.2017
300,10003,176,102.1578,-38.5256
300,10003,184,102.1716,-37.6480
300,10003,192,102.2434,-32.1592
300,10003,200,102.3533,-21.9536
300,10003,208,102.4559,-12.7780
300,10003,216,102.5175,-7.8129
300,10003,224,102.6617,2.0675
300,10003,232,102.6882,3.6070
300,10003,240,102.8251,10.2202
300,10003,248,102.8511,11.2256
300,10003,256,102.9343,13.9508
300,10003,264,103.0936,17.3025
300,10003,272,103.1391,17.8711
300,10003,280,103.2714,18.7128
300,10003,288,103.3161,18.7564
300,10003,296,103.5113,17.8020
300,10003,304,103.5993,16.8672
300,10003,312,103.9453,11.1019
300,10003,320,104.0426,9.0578
300,10003,328,104.1351,7.0018
300,10003,336,104.2862,3.4668
300,10003,344,104.3713,1.4078
300,10003,352,104.5334,-2.5840
300,10003,360,104.6150,-4.6063
300,10003,368,105.0672,-15.5353
300,10003,376,105.3937,-22.7297
300,10003,384,105.5045,-24.9806
300,10003,392,105.5791,-26.4397
300,10003,400,105.7177,-29.0174
300,10003,408,105.7771,-30.0693
300,10003,416,105.9746,-33.3419
300,10003,424,106.1243,-35.6192
300,10003,432,106.3536,-38.8160
300,10003,440,106.4321,-39.8429
300,10003,448,106.9176,-45.6559
300,10003,456,107.0068,-46.6361
300,10003,464,107.2984,-49.6384
300,10003,472,107.3531,-50.1627
300,10003,480,107.8132,-53.9397
300,10003,488,108.7070,-58.5309
300,10003,496,108.8399,-58.9893
300,10003,504,109.2033,-60.0138
300,10003,512,109.3630,-60.3724
300,10003,520,109.4394,-60.5241
300,10003,528,109.8596,-61.1542
300,10003,536,110.0727,-61.3842
300,10003,544,110.1550,-61.4595
300,10003,552,110.3172,-61.5780
300,10003,560,110.3495,-61.5965
300,10003,568,110.6108,-61.6534
300,10003,576,110.9608,-61.5699
300,10003,584,111.1091,-61.5078
300,10003,592,111.1694,-61.4776
300,10003,600,111.2143,-61.4530
300,10003,608,111.5357,-61.2160
300,10003,616,111.6500,-61.1218
300,10003,624,112.0587,-60.7762
300,10003,632,112.4960,-60.4775
300,10003,640,112.7189,-60.3574
300,10003,648,113.4897,-60.0985
300,10003,656,113.5676,-60.0908
300,10003,664,113.9574,-60.0516
300,10003,672,114.3923,-60.0558
300,10003,680,114.5661,-60.0726
300,10003,688,114.6576,-60.0796
300,10003,696,115.1770,-60.0695
300,10003,704,115.2108,-60.0680
300,10003,712,115.2556,-60.0646
300,10003,720,115.5847,-59.9920
300,10003,728,115.6997,-59.9579
300,10003,736,116.0308,-59.8438
300,10003,744,117.0370,-59.6266
300,10003,752,117.8247,-59.7690
300,10003,760,118.0189,-59.8271
300,10003,768,118.3373,-59.9108
300,10003,776,118.3944,-59.9258
300,10003,784,118.4366,-59.9358
300,10003,792,118.7639,-59.9693
300,10003,800,118.9402,-59.9682
300,10003,808,119.1999,-59.9392
300,10003,816,120.0593,-59.8504
300,10003,824,121.0416,-60.0509
300,10003,832,121.1699,-60.0977
300,10003,840,121.7889,-60.2921
300,10003,848,122.4841,-60.5440
300,10003,856,122.6495,-60.6117
300,10003,864,123.3194,-60.8299
300,10003,872,123.7522,-60.9750
300,10003,880,123.9716,-61.0487
300,10003,888,124.7602,-61.2419
300,10003,896,126.5603,-61.8940
300,10003,904,127.9623,-62.5450
300,10003,912,128.0942,-62.6031
300,10003,920,128.6740,-62.7695
300,10003,928,128.7509,-62.7853
300,10003,936,129.0243,-62.8223
300,10003,944,129.7130,-62.8169
300,10003,952,129.7684,-62.8156
300,10003,960,130.0989,-62.7871
300,10003,968,131.0697,-62.6589
300,10003,976,133.1505,-62.8678
300,10003,984,136.4379,-63.6911
300,10003,992,142.6390,-64.5218
300,10003,1000,150.7930,-64.6333
300,10003,1008,158.3750,-64.5926
300,10003,1016,176.6148,-64.5631
300,10003,1024,215.5978,-64.5597
300,10003,1032,251.4222,-64.5610
300,10003,1040,287.2466,-64.5610
300,10003,1048,323.0709,-64.5610
300,10003,1056,358.8953,-64.5610
300,10003,1064,394.7197,-64.5610
300,10003,1072,430.5440,-64.5610
300,10003,1080,466.3684,-64.5610
300,10003,1088,502.1928,-64.5610
300,10003,1096,538.0171,-64.5610
300,10003,1104,573.8415,-64.5610
300,10003,1112,609.6659,-64.5610
300,10003,1120,645.4902,-64.5610
300,10003,1128,681.3146,-64.5610
300,10003,1136,717.1390,-64.5609
300,10003,1144,752.9633,-64.5609
300,10003,1152,788.7877,-64.5609
300,10003,1160,824.6121,-64.5609
300,10003,1168,860.4364,-64.5609
300,10003,1176,896.2608,-64.5609
300,10003,1184,932.0851,-64.5609
300,10003,1192,967.9095,-64.5609
300,10003,1200,1003.7339,-64.5617
300,10003,1208,1039.5582,-64.5617
300,10003,1216,1075.3826,-64.5617
300,10003,1224,1111.2070,-64.5618
300,10003,1232,1147.0313,-64.5618
300,10003,1240,1182.8557,-64.5618
300,10003,1248,1218.6801,-64.5618
300,10003,1256,1254.5044,-64.5618
300,10003,1264,1290.3288,-64.5618
300,10003,1272,1326.1532,-64.5618
300,10003,1280,1361.9775,-64.5618
300,10003,1288,1397.8019,-64.5618
300,10003,1296,1433.6263,-64.5618
300,10003,1304,1469.4506,-64.5619
300,10004,0,0.0000,-65.0000
300,10004,8,0.0699,-64.9855
300,10004,16,0.6811,-64.9173
300,10004,24,5.5147,-64.6276
300,10004,32,14.0905,-64.5433
300,10004,40,22.6664,-64.5540
300,10004,48,36.8228,-64.5609
300,10004,56,100.0000,-64.5618
300,10004,64,100.0318,-64.5465
300,10004,72,100.0531,-64.5163
300,10004,80,100.1396,-64.2565
300,10004,88,100.4099,-62.5159
300,10004,96,100.9355,-57.8789
300,10004,104,101.0233,-57.1021
300,10004,112,101.2914,-54.7392
300,10004,120,101.3324,-54.3736
300,10004,128,101.3692,-54.0416
300,10004,136,101.4448,-53.3400
300,10004,144,101.5607,-52.1920
300,10004,152,101.6854,-50.7891
300,10004,160,102.0201,-44.5806
300,10004,168,102.1283,-40.2017
300,10004,176,102.1578,-38.5256
300,10004,184,102.1716,-37.6480
300,10004,192,102.2434,-32.1592
300,10004,200,102.3533,-21.9536
300,10004,208,102.4559,-12.7780
300,10004,216,102.5175,-7.8129
300,10004,224,102.6617,2.0675
300,10004,232,102.6882,3.6070
300,10004,240,102.8251,10.2202
300,10004,248,102.8511,11.2256
300,10004,256,102.9343,13.9508
300,10004,264,103.0936,17.3025
300,10004,272,103.1391,17.8711
300,10004,280,103.2714,18.7128
300,10004,288,103.3161,18.7564
300,10004,296,103.5113,17.8020
300,10004,304,103.5993,16.8672
300,10004,312,103.9453,11.1019
300,10004,320,104.0426,9.0578
300,10004,328,104.1351,7.0018
300,10004,336,104.2862,3.4668
300,10004,344,104.3713,1.4078
300,10004,352,104.5334,-2.5840
300,10004,360,104.6150,-4.6063
300,10004,368,105.0672,-15.5353
300,10004,376,105.3937,-22.7297
300,10004,384,105.5045,-24.9806
300,10004,392,105.5791,-26.4397
300,10004,400,105.7177,-29.0174
300,10004,408,105.7771,-30.0693
300,10004,416,105.9746,-33.3419
300,10004,424,106.1243,-35.6192
300,10004,432,106.3536,-38.8160
300,10004,440,106.4321,-39.8429
300,10004,448,106.9176,-45.6559
300,10004,456,107.0068,-46.6361
300,10004,464,107.2984,-49.6384
300,10004,472,107.3531,-50.1627
300,10004,480,107.8132,-53.9397
300,10004,488,108.7070,-58.5309
300,10004,496,108.8399,-58.9893
300,10004,504,109.2033,-60.0138
300,10004,512,109.3630,-60.3724
300,10004,520,109.4394,-60.5241
300,10004,528,109.8596,-61.1542
300,10004,536,110.0727,-61.3842
300,10004,544,110.1550,-61.4595
300,10004,552,110.3172,-61.5780
300,10004,560,110.3495,-61.5965
300,10004,568,110.6108,-61.6534
300,10004,576,110.9608,-61.5699
300,10004,584,111.1091,-61.5078
300,10004,592,111.1694,-61.4776
300,10004,600,111.2143,-61.4530
300,10004,608,111.5357,-61.2160
300,10004,616,111.6500,-61.1218
300,10004,624,112.0587,-60.7762
300,10004,632,112.4960,-60.4775
300,10004,640,112.7189,-60.3574
300,10004,648,113.4897,-60.0985
300,10004,656,113.5676,-60.0908
300,10004,664,113.9574,-60.0516
300,10004,672,114.3923,-60.0558
300,10004,680,114.5661,-60.0726
300,10004,688,114.6576,-60.0796
300,10004,696,115.1770,-60.0695
300,10004,704,115.2108,-60.0680
300,10004,712,115.2556,-60.0646
300,10004,720,115.5847,-59.9920
300,10004,728,115.6997,-59.9579
300,10004,736,116.0308,-59.8438
300,10004,744,117.0370,-59.6266
300,10004,752,117.8247,-59.7690
300,10004,760,118.0189,-59.8271
300,10004,768,118.3373,-59.9108
300,10004,776,118.3944,-59.9258
300,10004,784,118.4366,-59.9358
300,10004,792,118.7639,-59.9693
300,10004,800,118.9402,-59.9682
300,10004,808,119.1999,-59.9392
300,10004,816,120.0593,-59.8504
300,10004,824,121.0416,-60.0509
300,10004,832,121.1699,-60.0977
300,10004,840,121.7889,-60.2921
300,10004,848,122.4841,-60.5440
300,10004,856,122.6495,-60.6117
300,10004,864,123.3194,-60.8299
300,10004,872,123.7522,-60.9750
300,10004,880,123.9716,-61.0487
300,10004,888,124.7602,-61.2419
300,10004,896,126.5603,-61.8940
300,10004,904,127.9623,-62.5450
300,10004,912,128.0942,-62.6031
300,10004,920,128.6740,-62.7695
300,10004,928,128.7509,-62.7853
300,10004,936,129.0243,-62.8223
300,10004,944,129.7130,-62.8169
300,10004,952,129.7684,-62.8156
300,10004,960,130.0989,-62.7871
300,10004,968,131.0697,-62.6589
300,10004,976,133.1505,-62.8678
300,10004,984,136.4379,-63.6911
300,10004,992,142.6390,-64.5218
300,10004,1000,150.7930,-64.6333
300,10004,1008,158.3750,-64.5926
300,10004,1016,176.6148,-64.5631
300,10004,1024,215.5978,-64.5597
300,10004,1032,251.4222,-64.5610
300,10004,1040,287.2466,-64.5610
300,10004,1048,323.0709,-64.5610
300,10004,1056,358.8953,-64.5610
300,10004,1064,394.7197,-64.5610
300,10004,1072,430.5440,-64.5610
300,10004,1080,466.3684,-64.5610
300,10004,1088,502.1928,-64.5610
300,10004,1096,538.0171,-64.5610
300,10004,1104,573.8415,-64.5610
300,10004,1112,609.6659,-64.5610
300,10004,1120,645.4902,-64.5610
300,10004,1128,681.3146,-64.5610
300,10004,1136,717.1390,-64.5609
300,10004,1144,752.9633,-64.5609
300,10004,1152,788.7877,-64.5609
300,10004,1160,824.6121,-64.5609
300,10004,1168,860.4364,-64.5609
300,10004,1176,896.2608,-64.5609
300,10004,1184,932.0851,-64.5609
300,10004,1192,967.9095,-64.5609
300,10004,1200,1003.7339,-64.5617
300,10004,1208,1039.5582,-64.5617
300,10004,1216,1075.3826,-64.5617
300,10004,1224,1111.2070,-64.5618
300,10004,1232,1147.0313,-64.5618
300,10004,1240,1182.8557,-64.5618
300,10004,1248,1218.6801,-64.5618
300,10004,1256,1254.5044,-64.5618
300,10004,1264,1290.3288,-64.5618
300,10004,1272,1326.1532,-64.5618
300,10004,1280,1361.9775,-64.5618
300,10004,1288,1397.8019,-64.5618
300,10004,1296,1433.6263,-64.5618
300,10004,1304,1469.4506,-64.5619
300,10005,0,0.0000,-65.0000
300,10005,8,0.0699,-64.9855
300,10005,16,0.6811,-64.9173
300,10005,24,5.5147,-64.6276
300,10005,32,14.0905,-64.5433
300,10005,40,22.6664,-64.5540
300,10005,48,36.8228,-64.5609
300,10005,56,100.0000,-64.5618
300,10005,64,100.0318,-64.5465
300,10005,72,100.0531,-64.5163
300,10005,80,100.1396,-64.2565
300,10005,88,100.4099,-62.5159
300,10005,96,100.9355,-57.8789
300,10005,104,101.0233,-57.1021
300,10005,112,101.2914,-54.7392
300,10005,120,101.3324,-54.3736
300,10005,128,101.3692,-54.0416
300,10005,136,101.4448,-53.3400
300,10005,144,101.5607,-52.1920
300,10005,152,101.6854,-50.7891
300,10005,160,102.0201,-44.5806
300,10005,168,102.1283,-40.2017
300,10005,176,102.1578,-38.5256
300,10005,184,102.1716,-37.6480
300,10005,192,102.2434,-32.1592
300,10005,200,102.3533,-21.9536
300,10005,208,102.4559,-12.7780
300,10005,216,102.5175,-7.8129
300,10005,224,102.6617,2.0675
300,10005,232,102.6882,3.6070
300,10005,240,102.8251,10.2202
300,10005,248,102.8511,11.2256
300,10005,256,102.9343,13.9508
300,10005,264,103.0936,17.3025
300,10005,272,103.1391,17.8711
300,10005,280,103.2714,18.7128
300,10005,288,103.3161,18.7564
300,10005,296,103.5113,17.8020
300,10005,304,103.5993,16.8672
300,10005,312,103.9453,11.1019
300,10005,320,104.0426,9.0578
300,10005,328,104.1351,7.0018
300,10005,336,104.2862,3.4668
300,10005,344,104.3713,1.4078
300,10005,352,104.5334,-2.5840
300,10005,360,104.6150,-4.6063
300,10005,368,105.0672,-15.5353
300,10005,376,105.3937,-22.7297
300,10005,384,105.5045,-24.9806
300,10005,392,105.5791,-26.4397
300,10005,400,105.7177,-29.0174
300,10005,408,105.7771,-30.0693
300,10005,416,105.9746,-33.3419
300,10005,424,106.1243,-35.6192
300,10005,432,106.3536,-38.8160
300,10005,440,106.4321,-39.8429
300,10005,448,106.9176,-45.6559
300,10005,456,107.0068,-46.6361
300,10005,464,107.2984,-49.6384
300,10005,472,107.3531,-50.1627
300,10005,480,107.8132,-53.9397
300,10005,488,108.7070,-58.5309
300,10005,496,108.8399,-58.9893
300,10005,504,109.2033,-60.0138
300,10005,512,109.3630,-60.3724
300,10005,520,109.4394,-60.5241
300,10005,528,109.8596,-61.1542
300,10005,536,110.0727,-61.3842
300,10005,544,110.1550,-61.4595
300,10005,552,110.3172,-61.5780
300,10005,560,110.3495,-61.5965
300,10005,568,110.6108,-61.6534
300,10005,576,110.9608,-61.5699
300,10005,584,111.1091,-61.5078
300,10005,592,111.1694,-61.4776
300,10005,600,111.2143,-61.4530
300,10005,608,111.5357,-61.2160
300,10005,616,111.6500,-61.1218
300,10005,624,112.0587,-60.7762
300,10005,632,112.4960,-60.4775
300,10005,640,112.7189,-60.3574
300,10005,648,113.4897,-60.0985
300,10005,656,113.5676,-60.0908
300,10005,664,113.9574,-60.0516
300,10005,672,114.3923,-60.0558
300,10005,680,114.5661,-60.0726
300,10005,688,114.6576,-60.0796
300,10005,696,115.1770,-60.0695
300,10005,704,115.2108,-60.0680
300,10005,712,115.2556,-60.0646
300,10005,720,115.5847,-59.9920
300,10005,728,115.6997,-59.9579
300,10005,736,116.0308,-59.8438
300,10005,744,117.0370,-59.6266
300,10005,752,117.8247,-59.7690
300,10005,760,118.0189,-59.8271
300,10005,768,118.3373,-59.9108
300,10005,776,118.3944,-59.9258
300,10005,784,118.4366,-59.9358
300,10005,792,118.7639,-59.9693
300,10005,800,118.9402,-59.9682
300,10005,808,119.1999,-59.9392
300,10005,816,120.0593,-59.8504
300,10005,824,121.0416,-60.0509
300,10005,832,121.1699,-60.0977
300,10005,840,121.7889,-60.2921
300,10005,848,122.4841,-60.5440
300,10005,856,122.6495,-60.6117
300,10005,864,123.3194,-60.8299
300,10005,872,123.7522,-60.9750
300,10005,880,123.9716,-61.0487
300,10005,888,124.7602,-61.2419
300,10005,896,126.5603,-61.8940
300,10005,904,127.9623,-62.5450
300,10005,912,128.0942,-62.6031
300,10005,920,128.6740,-62.7695
300,10005,928,128.7509,-62.7853
300,10005,936,129.0243,-62.8223
300,10005,944,129.7130,-62.8169
300,10005,952,129.7684,-62.8156
300,10005,960,130.0989,-62.7871
300,10005,968,131.0697,-62.6589
300,10005,976,133.1505,-62.8678
300,10005,984,136.4379,-63.6911
300,10005,992,142.6390,-64.5218
300,10005,1000,150.7930,-64.6333
300,10005,1008,158.3750,-64.5926
300,10005,1016,176.6148,-64.5631
300,10005,1024,215.5978,-64.5597
300,10005,1032,251.4222,-64.5610
300,10005,1040,287.2466,-64.5610
300,10005,1048,323.0709,-64.5610
300,10005,1056,358.8953,-64.5610
300,10005,1064,394.7197,-64.5610
300,10005,1072,430.5440,-64.5610
300,10005,1080,466.3684,-64.5610
300,10005,1088,502.1928,-64.5610
300,10005,1096,538.0171,-64.5610
300,10005,1104,573.8415,-64.5610
300,10005,1112,609.6659,-64.5610
300,10005,1120,645.4902,-64.5610
300,10005,1128,681.3146,-64.5610
300,10005,1136,717.1390,-64.5609
300,10005,1144,752.9633,-64.5609
300,10005,1152,788.7877,-64.5609
300,10005,1160,824.6121,-64.5609
300,10005,1168,860.4364,-64.5609
300,10005,1176,896.2608,-64.5609
300,10005,1184,932.0851,-64.5609
300,10005,1192,967.9095,-64.5609
300,10005,1200,1003.7339,-64.5617
300,10005,1208,1039.5582,-64.5617
300,10005,1216,1075.3826,-64.5617
300,10005,1224,1111.2070,-64.5618
300,10005,1232,1147.0313,-64.5618
300,10005,1240,1182.8557,-64.5618
300,10005,1248,1218.6801,-64.5618
300,10005,1256,1254.5044,-64.5618
300,10005,1264,1290.3288,-64.5618
300,10005,1272,1326.1532,-64.5618
300,10005,1280,1361.9775,-64.5618
300,10005,1288,1397.8019,-64.5618
300,10005,1296,1433.6263,-64.5618
300,10005,1304,1469.4506,-64.5619
300,10006,0,0.0000,-65.0000
300,10006,8,0.0699,-64.9855
300,10006,16,0.6811,-64.9173
300,10006,24,5.5147,-64.6276
300,10006,32,14.0905,-64.5433
300,10006,40,22.6664,-64.5540
300,10006,48,36.8228,-64.5609
300,10006,56,100.0000,-64.5618
300,10006,64,100.0318,-64.5465
300,10006,72,100.0531,-64.5163
300,10006,80,100.1396,-64.2565
300,10006,88,100.4099,-62.5159
300,10006,96,100.9355,-57.8789
300,10006,104,101.0233,-57.1021
300,10006,112,101.2914,-54.7392
300,10006,120,101.3324,-54.3736
300,10006,128,101.3692,-54.0416
300,10006,136,101.4448,-53.3400
300,10006,144,101.5607,-52.1920
300,10006,152,101.6854,-50.7891
300,10006,160,102.0201,-44.5806
300,10006,168,102.1283,-40.2017
300,10006,176,102.1578,-38.5256
300,10006,184,102.1716,-37.6480
300,10006,192,102.2434,-32.1592
300,10006,200,102.3533,-21.9536
300,10006,208,102.4559,-12.7780
300,10006,216,102.5175,-7.8129
300,10006,224,102.6617,2.0675
300,10006,232,102.6882,3.6070
300,10006,240,102.8251,10.2202
300,10006,248,102.8511,11.2256
300,10006,256,102.9343,13.9508
300,10006,264,103.0936,17.3025
300,10006,272,103.1391,17.8711
300,10006,280,103.2714,18.7128
300,10006,288,103.3161,18.7564
300,10006,296,103.5113,17.8020
300,10006,304,103.5993,16.8672
300,10006,312,103.9453,11.1019
300,10006,320,104.0426,9.0578
300,10006,328,104.1351,7.0018
300,10006,336,104.2862,3.4668
300,10006,344,104.3713,1.4078
300,10006,352,104.5334,-2.5840
300,10006,360,104.6150,-4.6063
300,10006,368,105.0672,-15.5353
300,10006,376,105.3937,-22.7297
300,10006,384,105.5045,-24.9806
300,10006,392,105.5791,-26.4397
300,10006,400,105.7177,-29.0174
300,10006,408,105.7771,-30.0693
300,10006,416,105.9746,-33.3419
300,10006,424,106.1243,-35.6192
300,10006,432,106.3536,-38.8160
300,10006,440,106.4321,-39.8429
300,10006,448,106.9176,-45.6559
300,10006,456,107.0068,-46.6361
300,10006,464,107.2984,-49.6384
300,10006,472,107.3531,-50.1627
300,10006,480,107.8132,-53.9397
300,10006,488,108.7070,-58.5309
300,10006,496,108.8399,-58.9893
300,10006,504,109.2033,-60.0138
300,10006,512,109.3630,-60.3724
300,10006,520,109.4394,-60.5241
300,10006,528,109.8596,-61.1542
300,10006,536,110.0727,-61.3842
300,10006,544,110.1550,-61.4595
300,10006,552,110.3172,-61.5780
300,10006,560,110.3495,-61.5965
300,10006,568,110.6108,-61.6534
300,10006,576,110.9608,-61.5699
300,10006,584,111.1091,-61.5078
300,10006,592,111.1694,-61.4776
300,10006,600,111.2143,-61.4530
300,10006,608,111.5357,-61.2160
300,10006,616,111.6500,-61.1218
300,10006,624,112.0587,-60.7762
300,10006,632,112.4960,-60.4775
300,10006,640,112.7189,-60.3574
300,10006,648,113.4897,-60.0985
300,10006,656,113.5676,-60.0908
300,10006,664,113.9574,-60.0516
300,10006,672,114.3923,-60.0558
300,10006,680,114.5661,-60.0726
300,10006,688,114.6576,-60.0796
300,10006,696,115.1770,-60.0695
300,10006,704,115.2108,-60.0680
300,10006,712,115.2556,-60.0646
300,10006,720,115.5847,-59.9920
300,10006,728,115.6997,-59.9579
300,10006,736,116.0308,-59.8438
300,10006,744,117.0370,-59.6266
300,10006,752,117.8247,-59.7690
300,10006,760,118.0189,-59.8271
300,10006,768,118.3373,-59.9108
300,10006,776,118.3944,-59.9258
300,10006,784,118.4366,-59.9358
300,10006,792,118.7639,-59.9693
300,10006,800,118.9402,-59.9682
300,10006,808,119.1999,-59.9392
300,10006,816,120.0593,-59.8504
300,10006,824,121.0416,-60.0509
300,10006,832,121.1699,-60.0977
300,10006,840,121.7889,-60.2921
300,10006,848,122.4841,-60.5440
300,10006,856,122.6495,-60.6117
300,10006,864,123.3194,-60.8299
300,10006,872,123.7522,-60.9750
300,10006,880,123.9716,-61.0487
300,10006,888,124.7602,-61.2419
300,10006,896,126.5603,-61.8940
300,10006,904,127.9623,-62.5450
300,10006,912,128.0942,-62.6031
300,10006,920,128.6740,-62.7695
300,10006,928,128.7509,-62.7853
300,10006,936,129.0243,-62.8223
300,10006,944,129.7130,-62.8169
300,10006,952,129.7684,-62.8156
300,10006,960,130.0989,-62.7871
300,10006,968,131.0697,-62.6589
300,10006,976,133.1505,-62.8678
300,10006,984,136.4379,-63.6911
300,10006,992,142.6390,-64.5218
300,10006,1000,150.7930,-64.6333
300,10006,1008,158.3750,-64.5926
300,10006,1016,176.6148,-64.5631
300,10006,1024,215.5978,-64.5597
300,10006,1032,251.4222,-64.5610
300,10006,1040,287.2466,-64.5610
300,10006,1048,323.0709,-64.5610
300,10006,1056,358.8953,-64.5610
300,10006,1064,394.7197,-64.5610
300,10006,1072,430.5440,-64.5610
300,10006,1080,466.3684,-64.5610
300,10006,1088,502.1928,-64.5610
300,10006,1096,538.0171,-64.5610
300,10006,1104,573.8415,-64.5610
300,10006,1112,609.6659,-64.5610
300,10006,1120,645.4902,-64.5610
300,10006,1128,681.3146,-64.5610
300,10006,1136,717.1390,-64.5609
300,10006,1144,752.9633,-64.5609
300,10006,1152,788.7877,-64.5609
300,10006,1160,824.6121,-64.5609
300,10006,1168,860.4364,-64.5609
300,10006,1176,896.2608,-64.5609
300,10006,1184,932.0851,-64.5609
300,10006,1192,967.9095,-64.5609
300,10006,1200,1003.7339,-64.5617
300,10006,1208,1039.5582,-64.5617
300,10006,1216,1075.3826,-64.5617
300,10006,1224,1111.2070,-64.5618
300,10006,1232,1147.0313,-64.5618
300,10006,1240,1182.8557,-64.5618
300,10006,1248,1218.6801,-64.5618
300,10006,1256,1254.5044,-64.5618
300,10006,1264,1290.3288,-64.5618
300,10006,1272,1326.1532,-64.5618
300,10006,1280,1361.9775,-64.5618
300,10006,1288,1397.8019,-64.5618
300,10006,1296,1433.6263,-64.5618
300,10006,1304,1469.4506,-64.5619
300,10007,0,0.0000,-65.0000
300,10007,8,0.0699,-64.9855
300,10007,16,0.6811,-64.9173
300,10007,24,5.5147,-64.6276
300,10007,32,14.0905,-64.5433
300,10007,40,22.6664,-64.5540
300,10007,48,36.8228,-64.5609
300,10007,56,100.0000,-64.5618
300,10007,64,100.0318,-64.5465
300,10007,72,100.0531,-64.5163
300,10007,80,100.1396,-64.2565
300,10007,88,100.4099,-62.5159
300,10007,96,100.9355,-57.8789
300,10007,104,101.0233,-57.1021
300,10007,112,101.2914,-54.7392
300,10007,120,101.3324,-54.3736
300,10007,128,101.3692,-54.0416
300,10007,136,101.4448,-53.3400
300,10007,144,101.5607,-52.1920
300,10007,152,101.6854,-50.7891
300,10007,160,102.0201,-44.5806
300,10007,168,102.1283,-40.2017
300,10007,176,102.1578,-38.5256
300,10007,184,102.1716,-37.6480
300,10007,192,102.2434,-32.1592
300,10007,200,102.3533,-21.9536
300,10007,208,102.4559,-12.7780
300,10007,216,102.5175,-7.8129
300,10007,224,102.6617,2.0675
300,10007,232,102.6882,3.6070
300,10007,240,102.8251,10.2202
300,10007,248,102.8511,11.2256
300,10007,256,102.9343,13.9508
300,10007,264,103.0936,17.3025
300,10007,272,103.1391,17.8711
300,10007,280,103.2714,18.7128
300,10007,288,103.3161,18.7564
300,10007,296,103.5113,17.8020
300,10007,304,103.5993,16.8672
300,10007,312,103.9453,11.1019
300,10007,320,104.0426,9.0578
300,10007,328,104.1351,7.0018
300,10007,336,104.2862,3.4668
300,10007,344,104.3713,1.4078
300,10007,352,104.5334,-2.5840
300,10007,360,104.6150,-4.6063
300,10007,368,105.0672,-15.5353
300,10007,376,105.3937,-22.7297
300,10007,384,105.5045,-24.9806
300,10007,392,105.5791,-26.4397
300,10007,400,105.7177,-29.0174
300,10007,408,105.7771,-30.0693
300,10007,416,105.9746,-33.3419
300,10007,424,106.1243,-35.6192
300,10007,432,106.3536,-38.8160
300,10007,440,106.4321,-39.8429
300,10007,448,106.9176,-45.6559
300,10007,456,107.0068,-46.6361
300,10007,464,107.2984,-49.6384
300,10007,472,107.3531,-50.1627
300,10007,480,107.8132,-53.9397
300,10007,488,108.7070,-58.5309
300,10007,496,108.8399,-58.9893
300,10007,504,109.2033,-60.0138
300,10007,512,109.3630,-60.3724
300,10007,520,109.4394,-60.5241
300,10007,528,109.8596,-61.1542
300,10007,536,110.0727,-61.3842
300,10007,544,110.1550,-61.4595
300,10007,552,110.3172,-61.5780
300,10007,560,110.3495,-61.5965
300,10007,568,110.6108,-61.6534
300,10007,576,110.9608,-61.5699
300,10007,584,111.1091,-61.5078
300,10007,592,111.1694,-61.4776
300,10007,600,111.2143,-61.4530
300,10007,608,111.5357,-61.2160
300,10007,616,111.6500,-61.1218
300,10007,624,112.0587,-60.7762
300,10007,632,112.4960,-60.4775
300,10007,640,112.7189,-60.3574
300,10007,648,113.4897,-60.0985
300,10007,656,113.5676,-60.0908
300,10007,664,113.9574,-60.0516
300,10007,672,114.3923,-60.0558
300,10007,680,114.5661,-60.0726
300,10007,688,114.6576,-60.0796
300,10007,696,115.1770,-60.0695
300,10007,704,115.2108,-60.0680
300,10007,712,115.2556,-60.0646
300,10007,720,115.5847,-59.9920
300,10007,728,115.6997,-59.9579
300,10007,736,116.0308,-59.8438
300,10007,744,117.0370,-59.6266
300,10007,752,117.8247,-59.7690
300,10007,760,118.0189,-59.8271
300,10007,768,118.3373,-59.9108
300,10007,776,118.3944,-59.9258
300,10007,784,118.4366,-59.9358
300,10007,792,118.7639,-59.9693
300,10007,800,118.9402,-59.9682
300,10007,808,119.1999,-59.9392
300,10007,816,120.0593,-59.8504
300,10007,824,121.0416,-60.0509
300,10007,832,121.1699,-60.0977
300,10007,840,121.7889,-60.2921
300,10007,848,122.4841,-60.5440
300,10007,856,122.6495,-60.6117
300,10007,864,123.3194,-60.8299
300,10007,872,123.7522,-60.9750
300,10007,880,123.9716,-61.0487
300,10007,888,124.7602,-61.2419
300,10007,896,126.5603,-61.8940
300,10007,904,127.9623,-62.5450
300,10007,912,128.0942,-62.6031
300,10007,920,128.6740,-62.7695
300,10007,928,128.7509,-62.7853
300,10007,936,129.0243,-62.8223
300,10007,944,129.7130,-62.8169
300,10007,952,129.7684,-62.8156
300,10007,960,130.0989,-62.7871
300,10007,968,131.0697,-62.6589
300,10007,976,133.1505,-62.8678
300,10007,984,136.4379,-63.6911
300,10007,992,142.6390,-64.5218
300,10007,1000,150.7930,-64.6333
300,10007,1008,158.3750,-64.5926
300,10007,1016,176.6148,-64.5631
300,10007,1024,215.5978,-64.5597
300,10007,1032,251.4222,-64.5610
300,10007,1040,287.2466,-64.5610
300,10007,1048,323.0709,-64.5610
300,10007,1056,358.8953,-64.5610
300,10007,1064,394.7197,-64.5610
300,10007,1072,430.5440,-64.5610
300,10007,1080,466.3684,-64.5610
300,10007,1088,502.1928,-64.5610
300,10007,1096,538.0171,-64.5610
300,10007,1104,573.8415,-64.5610
300,10007,1112,609.6659,-64.5610
300,10007,1120,645.4902,-64.5610
300,10007,1128,681.3146,-64.5610
300,10007,1136,717.1390,-64.5609
300,10007,1144,752.9633,-64.5609
300,10007,1152,788.7877,-64.5609
300,10007,1160,824.6121,-64.5609
300,10007,1168,860.4364,-64.5609
300,10007,1176,896.2608,-64.5609
300,10007,1184,932.0851,-64.5609
300,10007,1192,967.9095,-64.5609
300,10007,1200,1003.7339,-64.5617
300,10007,1208,1039.5582,-64.5617
300,10007,1216,1075.3826,-64.5617
300,10007,1224,1111.2070,-64.5618
300,10007,1232,1147.0313,-64.5618
300,10007,1240,1182.8557,-64.5618
300,10007,1248,1218.6801,-64.5618
300,10007,1256,1254.5044,-64.5618
300,10007,1264,1290.3288,-64.5618
300,10007,1272,1326.1532,-64.5618
300,10007,1280,1361.9775,-64.5618
300,10007,1288,1397.8019,-64.5618
300,10007,1296,1433.6263,-64.5618
300,10007,1304,1469.4506,-64.5619
300,10008,0,0.0000,-65.0000
300,10008,8,0.0699,-64.9855
300,10008,16,0.6811,-64.9173
300,10008,24,5.5147,-64.6276
300,10008,32,14.0905,-64.5433
300,10008,40,22.6664,-64.5540
300,10008,48,36.8228,-64.5609
300,10008,56,100.0000,-64.5618
300,10008,64,100.0318,-64.5465
300,10008,72,100.0531,-64.5163
300,10008,80,100.1396,-64.2565
300,10008,88,100.4099,-62.5159
300,10008,96,100.9355,-57.8789
300,10008,104,101.0233,-57.1021
300,10008,112,101.2914,-54.7392
300,10008,120,101.3324,-54.3736
300,10008,128,101.3692,-54.0416
300,10008,136,101.4448,-53.3400
300,10008,144,101.5607,-52.1920
300,10008,152,101.6854,-50.7891
300,10008,160,102.0201,-44.5806
300,10008,168,102.1283,-40.2017
300,10008,176,102.1578,-38.5256
300,10008,184,102.1716,-37.6480
300,10008,192,102.2434,-32.1592
300,10008,200,102.3533,-21.9536
300,10008,208,102.4559,-12.7780
300,10008,216,102.5175,-7.8129
300,10008,224,102.6617,2.0675
300,10008,232,102.6882,3.6070
300,10008,240,102.8251,10.2202
300,10008,248,102.8511,11.2256
300,10008,256,102.9343,13.9508
300,10008,264,103.0936,17.3025
300,10008,272,103.1391,17.8711
300,10008,280,103.2714,18.7128
300,10008,288,103.3161,18.7564
300,10008,296,103.5113,17.8020
300,10008,304,103.5993,16.8672
300,10008,312,103.9453,11.1019
300,10008,320,104.0426,9.0578
300,10008,328,104.1351,7.0018
300,10008,336,104.2862,3.4668
300,10008,344,104.3713,1.4078
300,10008,352,104.5334,-2.5840
300,10008,360,104.6150,-4.6063
300,10008,368,105.0672,-15.5353
300,10008,376,105.3937,-22.7297
300,10008,384,105.5045,-24.9806
300,10008,392,105.5791,-26.4397
300,10008,400,105.7177,-29.0174
300,10008,408,105.7771,-30.0693
300,10008,416,105.9746,-33.3419
300,10008,424,106.1243,-35.6192
300,10008,432,106.3536,-38.8160
300,10008,440,106.4321,-39.8429
300,10008,448,106.9176,-45.6559
300,10008,456,107.0068,-46.6361
300,10008,464,107.2984,-49.6384
300,10008,472,107.3531,-50.1627
300,10008,480,107.8132,-53.9397
300,10008,488,108.7070,-58.5309
300,10008,496,108.8399,-58.9893
300,10008,504,109.2033,-60.0138
300,10008,512,109.3630,-60.3724
300,10008,520,109.4394,-60.5241
300,10008,528,109.8596,-61.1542
300,10008,536,110.0727,-61.3842
300,10008,544,110.1550,-61.4595
300,10008,552,110.3172,-61.5780
300,10008,560,110.3495,-61.5965
300,10008,568,110.6108,-61.6534
300,10008,576,110.9608,-61.5699
300,10008,584,111.1091,-61.5078
300,10008,592,111.1694,-61.4776
300,10008,600,111.2143,-61.4530
300,10008,608,111.5357,-61.2160
300,10008,616,111.6500,-61.1218
300,10008,624,112.0587,-60.7762
300,10008,632,112.4960,-60.4775
300,10008,640,112.7189,-60.3574
300,10008,648,113.4897,-60.0985
300,10008,656,113.5676,-60.0908
300,10008,664,113.9574,-60.0516
300,10008,672,114.3923,-60.0558
300,10008,680,114.5661,-60.0726
300,10008,688,114.6576,-60.0796
300,10008,696,115.1770,-60.0695
300,10008,704,115.2108,-60.0680
300,10008,712,115.2556,-60.0646
300,10008,720,115.5847,-59.9920
300,10008,728,115.6997,-59.9579
300,10008,736,116.0308,-59.8438
300,10008,744,117.0370,-59.6266
300,10008,752,117.8247,-59.7690
300,10008,760,118.0189,-59.8271
300,10008,768,118.3373,-59.9108
300,10008,776,118.3944,-59.9258
300,10008,784,118.4366,-59.9358
300,10008,792,118.7639,-59.9693
300,10008,800,118.9402,-59.9682
300,10008,808,119.1999,-59.9392
300,10008,816,120.0593,-59.8504
300,10008,824,121.0416,-60.0509
300,10008,832,121.1699,-60.0977
300,10008,840,121.7889,-60.2921
300,10008,848,122.4841,-60.5440
300,10008,856,122.6495,-60.6117
300,10008,864,123.3194,-60.8299
300,10008,872,123.7522,-60.9750
300,10008,880,123.9716,-61.0487
300,10008,888,124.7602,-61.2419
300,10008,896,126.5603,-61.8940
300,10008,904,127.9623,-62.5450
300,10008,912,128.0942,-62.6031
300,10008,920,128.6740,-62.7695
300,10008,928,128.7509,-62.7853
300,10008,936,129.0243,-62.8223
300,10008,944,129.7130,-62.8169
300,10008,952,129.7684,-62.8156
300,10008,960,130.0989,-62.7871
300,10008,968,131.0697,-62.6589
300,10008,976,133.1505,-62.8678
300,10008,984,136.4379,-63.6911
300,10008,992,142.6390,-64.5218
300,10008,1000,150.7930,-64.6333
300,10008,1008,158.3750,-64.5926
300,10008,1016,176.6148,-64.5631
300,10008,1024,215.5978,-64.5597
300,10008,1032,251.4222,-64.5610
300,10008,1040,287.2466,-64.5610
300,10008,1048,323.0709,-64.5610
300,10008,1056,358.8953,-64.5610
300,10008,1064,394.7197,-64.5610
300,10008,1072,430.5440,-64.5610
300,10008,1080,466.3684,-64.5610
300,10008,1088,502.1928,-64.5610
300,10008,1096,538.0171,-64.5610
300,10008,1104,573.8415,-64.5610
300,10008,1112,609.6659,-64.5610
300,10008,1120,645.4902,-64.5610
300,10008,1128,681.3146,-64.5610
300,10008,1136,717.1390,-64.5609
300,10008,1144,752.9633,-64.5609
300,10008,1152,788.7877,-64.5609
300,10008,1160,824.6121,-64.5609
300,10008,1168,860.4364,-64.5609
300,10008,1176,896.2608,-64.5609
300,10008,1184,932.0851,-64.5609
300,10008,1192,967.9095,-64.5609
300,10008,1200,1003.7339,-64.5617
300,10008,1208,1039.5582,-64.5617
300,10008,1216,1075.3826,-64.5617
300,10008,1224,1111.2070,-64.5618
300,10008,1232,1147.0313,-64.5618
300,10008,1240,1182.8557,-64.5618
300,10008,1248,1218.6801,-64.5618
300,10008,1256,1254.5044,-64.5618
300,10008,1264,1290.3288,-64.5618
300,10008,1272,1326.1532,-64.5618
300,10008,1280,1361.9775,-64.5618
300,10008,1288,1397.8019,-64.5618
300,10008,1296,1433.6263,-64.5618
300,10008,1304,1469.4506,-64.5619
300,10009,0,0.0000,-65.0000
300,10009,8,0.0699,-64.9855
300,10009,16,0.6811,-64.9173
300,10009,24,5.5147,-64.6276
300,10009,32,14.0905,-64.5433
300,10009,40,22.6664,-64.5540
300,10009,48,36.8228,-64.5609
300,10009,56,100.0000,-64.5618
300,10009,64,100.0318,-64.5465
300,10009,72,100.0531,-64.5163
300,10009,80,100.1396,-64.2565
300,10009,88,100.4099,-62.5159
300,10009,96,100.9355,-57.8789
300,10009,104,101.0233,-57.1021
300,10009,112,101.2914,-54.7392
300,10009,120,101.3324,-54.3736
300,10009,128,101.3692,-54.0416
300,10009,136,101.4448,-53.3400
300,10009,144,101.5607,-52.1920
300,10009,152,101.6854,-50.7891
300,10009,160,102.0201,-44.5806
300,10009,168,102.1283,-40.2017
300,10009,176,102.1578,-38.5256
300,10009,184,102.1716,-37.6480
300,10009,192,102.2434,-32.1592
300,10009,200,102.3533,-21.9536
300,10009,208,102.4559,-12.7780
300,10009,216,102.5175,-7.8129
300,10009,224,102.6617,2.0675
300,10009,232,102.6882,3.6070
300,10009,240,102.8251,10.2202
300,10009,248,102.8511,11.2256
300,10009,256,102.9343,13.9508
300,10009,264,103.0936,17.3025
300,10009,272,103.1391,17.8711
300,10009,280,103.2714,18.7128
300,10009,288,103.3161,18.7564
300,10009,296,103.5113,17.8020
300,10009,304,103.5993,16.8672
300,10009,312,103.9453,11.1019
300,10009,320,104.0426,9.0578
300,10009,328,104.1351,7.0018
300,10009,336,104.2862,3.4668
300,10009,344,104.3713,1.4078
300,10009,352,104.5334,-2.5840
300,10009,360,104.6150,-4.6063
300,10009,368,105.0672,-15.5353
300,10009,376,105.3937,-22.7297
300,10009,384,105.5045,-24.9806
300,10009,392,105.5791,-26.4397
300,10009,400,105.7177,-29.0174
300,10009,408,105.7771,-30.0693
300,10009,416,105.9746,-33.3419
300,10009,424,106.1243,-35.6192
300,10009,432,106.3536,-38.8160
300,10009,440,106.4321,-39.8429
300,10009,448,106.9176,-45.6559
300,10009,456,107.0068,-46.6361
300,10009,464,107.2984,-49.6384
300,10009,472,107.3531,-50.1627
300,10009,480,107.8132,-53.9397
300,10009,488,108.7070,-58.5309
300,10009,496,108.8399,-58.9893
300,10009,504,109.2033,-60.0138
300,10009,512,109.3630,-60.3724
300,10009,520,109.4394,-60.5241
300,10009,528,109.8596,-61.1542
300,10009,536,110.0727,-61.3842
300,10009,544,110.1550,-61.4595
300,10009,552,110.3172,-61.5780
300,10009,560,110.3495,-61.5965
300,10009,568,110.6108,-61.6534
300,10009,576,110.9608,-61.5699
300,10009,584,111.1091,-61.5078
300,10009,592,111.1694,-61.4776
300,10009,600,111.2143,-61.4530
300,10009,608,111.5357,-61.2160
300,10009,616,111.6500,-61.1218
300,10009,624,112.0587,-60.7762
300,10009,632,112.4960,-60.4775
300,10009,640,112.7189,-60.3574
300,10009,648,113.4897,-60.0985
300,10009,656,113.5676,-60.0908
300,10009,664,113.9574,-60.0516
300,10009,672,114.3923,-60.0558
300,10009,680,114.5661,-60.0726
300,10009,688,114.6576,-60.0796
300,10009,696,115.1770,-60.0695
300,10009,704,115.2108,-60.0680
300,10009,712,115.2556,-60.0646
300,10009,720,115.5847,-59.9920
300,10009,728,115.6997,-59.9579
300,10009,736,116.0308,-59.8438
300,10009,744,117.0370,-59.6266
300,10009,752,117.8247,-59.7690
300,10009,760,118.0189,-59.8271
300,10009,768,118.3373,-59.9108
300,10009,776,118.3944,-59.9258
300,10009,784,118.4366,-59.9358
300,10009,792,118.7639,-59.9693
300,10009,800,118.9402,-59.9682
300,10009,808,119.1999,-59.9392
300,10009,816,120.0593,-59.8504
300,10009,824,121.0416,-60.0509
300,10009,832,121.1699,-60.0977
300,10009,840,121.7889,-60.2921
300,10009,848,122.4841,-60.5440
300,10009,856,122.6495,-60.6117
300,10009,864,123.3194,-60.8299
300,10009,872,123.7522,-60.9750
300,10009,880,123.9716,-61.0487
300,10009,888,124.7602,-61.2419
300,10009,896,126.5603,-61.8940
300,10009,904,127.9623,-62.5450
300,10009,912,128.0942,-62.6031
300,10009,920,128.6740,-62.7695
300,10009,928,128.7509,-62.7853
300,10009,936,129.0243,-62.8223
300,10009,944,129.7130,-62.8169
300,10009,952,129.7684,-62.8156
300,10009,960,130.0989,-62.7871
300,10009,968,131.0697,-62.6589
300,10009,976,133.1505,-62.8678
300,10009,984,136.4379,-63.6911
300,10009,992,142.6390,-64.5218
300,10009,1000,150.7930,-64.6333
300,10009,1008,158.3750,-64.5926
300,10009,1016,176.6148,-64.5631
300,10009,1024,215.5978,-64.5597
300,10009,1032,251.4222,-64.5610
300,10009,1040,287.2466,-64.5610
300,10009,1048,323.0709,-64.5610
300,10009,1056,358.8953,-64.5610
300,10009,1064,394.7197,-64.5610
300,10009,1072,430.5440,-64.5610
300,10009,1080,466.3684,-64.5610
300,10009,1088,502.1928,-64.5610
300,10009,1096,538.0171,-64.5610
300,10009,1104,573.8415,-64.5610
300,10009,1112,609.6659,-64.5610
300,10009,1120,645.4902,-64.5610
300,10009,1128,681.3146,-64.5610
300,10009,1136,717.1390,-64.5609
300,10009,1144,752.9633,-64.5609
300,10009,1152,788.7877,-64.5609
300,10009,1160,824.6121,-64.5609
300,10009,1168,860.4364,-64.5609
300,10009,1176,896.2608,-64.5609
300,10009,1184,932.0851,-64.5609
300,10009,1192,967.9095,-64.5609
300,10009,1200,1003.7339,-64.5617
300,10009,1208,1039.5582,-64.5617
300,10009,1216,1075.3826,-64.5617
300,10009,1224,1111.2070,-64.5618
300,10009,1232,1147.0313,-64.5618
300,10009,1240,1182.8557,-64.5618
300,10009,1248,1218.6801,-64.5618
300,10009,1256,1254.5044,-64.5618
300,10009,1264,1290.3288,-64.5618
300,10009,1272,1326.1532,-64.5618
300,10009,1280,1361.9775,-64.5618
300,10009,1288,1397.8019,-64.5618
300,10009,1296,1433.6263,-64.5618
300,10009,1304,1469.4506,-64.5619
300,10010,0,0.0000,-65.0000
300,10010,8,0.0699,-64.9855
300,10010,16,0.6811,-64.9173
300,10010,24,5.5147,-64.6276
300,10010,32,14.0905,-64.5433
300,10010,40,22.6664,-64.5540
300,10010,48,36.8228,-64.5609
300,10010,56,100.0000,-64.5618
300,10010,64,100.0318,-64.5465
300,10010,72,100.0531,-64.5163
300,10010,80,100.1396,-64.2565
300,10010,88,100.4099,-62.5159
300,10010,96,100.9355,-57.8789
300,10010,104,101.0233,-57.1021
300,10010,112,101.2914,-54.7392
300,10010,120,101.3324,-54.3736
300,10010,128,101.3692,-54.0416
300,10010,136,101.4448,-53.3400
300,10010,144,101.5607,-52.1920
300,10010,152,101.6854,-50.7891
300,10010,160,102.0201,-44.5806
300,10010,168,102.1283,-40.2017
300,10010,176,102.1578,-38.5256
300,10010,184,102.1716,-37.6480
300,10010,192,102.2434,-32.1592
300,10010,200,102.3533,-21.9536
300,10010,208,102.4559,-12.7780
300,10010,216,102.5175,-7.8129
300,10010,224,102.6617,2.0675
300,10010,232,102.6882,3.6070
300,10010,240,102.8251,10.2202
300,10010,248,102.8511,11.2256
300,10010,256,102.9343,13.9508
300,10010,264,103.0936,17.3025
300,10010,272,103.1391,17.8711
300,10010,280,103.2714,18.7128
300,10010,288,103.3161,18.7564
300,10010,296,103.5113,17.8020
300,10010,304,103.5993,16.8672
300,10010,312,103.9453,11.1019
300,10010,320,104.0426,9.0578
300,10010,328,104.1351,7.0018
300,10010,336,104.2862,3.4668
300,10010,344,104.3713,1.4078
300,10010,352,104.5334,-2.5840
300,10010,360,104.6150,-4.6063
300,10010,368,105.0672,-15.5353
300,10010,376,105.3937,-22.7297
300,10010,384,105.5045,-24.9806
300,10010,392,105.5791,-26.4397
300,10010,400,105.7177,-29.0174
300,10010,408,105.7771,-30.0693
300,10010,416,105.9746,-33.3419
300,10010,424,106.1243,-35.6192
300,10010,432,106.3536,-38.8160
300,10010,440,106.4321,-39.8429
300,10010,448,106.9176,-45.6559
300,10010,456,107.0068,-46.6361
300,10010,464,107.2984,-49.6384
300,10010,472,107.3531,-50.1627
300,10010,480,107.8132,-53.9397
300,10010,488,108.7070,-58.5309
300,10010,496,108.8399,-58.9893
300,10010,504,109.2033,-60.0138
300,10010,512,109.3630,-60.3724
300,10010,520,109.4394,-60.5241
300,10010,528,109.8596,-61.1542
300,10010,536,110.0727,-61.3842
300,10010,544,110.1550,-61.4595
300,10010,552,110.3172,-61.5780
300,10010,560,110.3495,-61.5965
300,10010,568,110.6108,-61.6534
300,10010,576,110.9608,-61.5699
300,10010,584,111.1091,-61.5078
300,10010,592,111.1694,-61.4776
300,10010,600,111.2143,-61.4530
300,10010,608,111.5357,-61.2160
300,10010,616,111.6500,-61.1218
300,10010,624,112.0587,-60.7762
300,10010,632,112.4960,-60.4775
300,10010,640,112.7189,-60.3574
300,10010,648,113.4897,-60.0985
300,10010,656,113.5676,-60.0908
300,10010,664,113.9574,-60.0516
300,10010,672,114.3923,-60.0558
300,10010,680,114.5661,-60.0726
300,10010,688,114.6576,-60.0796
300,10010,696,115.1770,-60.0695
300,10010,704,115.2108,-60.0680
300,10010,712,115.2556,-60.0646
300,10010,720,115.5847,-59.9920
300,10010,728,115.6997,-59.9579
300,10010,736,116.0308,-59.8438
300,10010,744,117.0370,-59.6266
300,10010,752,117.8247,-59.7690
300,10010,760,118.0189,-59.8271
300,10010,768,118.3373,-59.9108
300,10010,776,118.3944,-59.9258
300,10010,784,118.4366,-59.9358
300,10010,792,118.7639,-59.9693
300,10010,800,118.9402,-59.9682
300,10010,808,119.1999,-59.9392
300,10010,816,120.0593,-59.8504
300,10010,824,121.0416,-60.0509
300,10010,832,121.1699,-60.0977
300,10010,840,121.7889,-60.2921
300,10010,848,122.4841,-60.5440
300,10010,856,122.6495,-60.6117
300,10010,864,123.3194,-60.8299
300,10010,872,123.7522,-60.9750
300,10010,880,123.9716,-61.0487
300,10010,888,124.7602,-61.2419
300,10010,896,126.5603,-61.8940
300,10010,904,127.9623,-62.5450
300,10010,912,128.0942,-62.6031
300,10010,920,128.6740,-62.7695
300,10010,928,128.7509,-62.7853
300,10010,936,129.0243,-62.8223
300,10010,944,129.7130,-62.8169
300,10010,952,129.7684,-62.8156
300,10010,960,130.0989,-62.7871
300,10010,968,131.0697,-62.6589
300,10010,976,133.1505,-62.8678
300,10010,984,136.4379,-63.6911
300,10010,992,142.6390,-64.5218
300,10010,1000,150.7930,-64.6333
300,10010,1008,158.3750,-64.5926
300,10010,1016,176.6148,-64.5631
300,10010,1024,215.5978,-64.5597
300,10010,1032,251.4222,-64.5610
300,10010,1040,287.2466,-64.5610
300,10010,1048,323.0709,-64.5610
300,10010,1056,358.8953,-64.5610
300,10010,1064,394.7197,-64.5610
300,10010,1072,430.5440,-64.5610
300,10010,1080,466.3684,-64.5610
300,10010,1088,502.1928,-64.5610
300,10010,1096,538.0171,-64.5610
300,10010,1104,573.8415,-64.5610
300,10010,1112,609.6659,-64.5610
300,10010,1120,645.4902,-64.5610
300,10010,1128,681.3146,-64.5610
300,10010,1136,717.1390,-64.5609
300,10010,1144,752.9633,-64.5609
300,10010,1152,788.7877,-64.5609
300,10010,1160,824.6121,-64.5609
300,10010,1168,860.4364,-64.5609
300,10010,1176,896.2608,-64.5609
300,10010,1184,932.0851,-64.5609
300,10010,1192,967.9095,-64.5609
300,10010,1200,1003.7339,-64.5617
300,10010,1208,1039.5582,-64.5617
300,10010,1216,1075.3826,-64.5617
300,10010,1224,1111.2070,-64.5618
300,10010,1232,1147.0313,-64.5618
300,10010,1240,1182.8557,-64.5618
300,10010,1248,1218.6801,-64.5618
300,10010,1256,1254.5044,-64.5618
300,10010,1264,1290.3288,-64.5618
300,10010,1272,1326.1532,-64.5618
300,10010,1280,1361.9775,-64.5618
300,10010,1288,1397.8019,-64.5618
300,10010,1296,1433.6263,-64.5618
300,10010,1304,1469.4506,-64.5619
330,11001,0,0.0000,-65.0000
330,11001,8,0.0699,-64.9855
330,11001,16,0.6811,-64.9173
330,11001,24,5.5147,-64.6276
330,11001,32,14.0905,-64.5433
330,11001,40,22.6664,-64.5540
330,11001,48,36.8228,-64.5609
330,11001,56,100.0000,-64.5618
330,11001,64,100.0280,-64.5497
330,11001,72,100.0588,-64.5083
330,11001,80,100.0864,-64.4469
330,11001,88,100.1170,-64.3557
330,11001,96,100.2354,-63.7989
330,11001,104,100.5742,-61.2258
330,11001,112,100.7309,-59.8555
330,11001,120,100.9941,-57.5437
330,11001,128,101.0682,-56.8971
330,11001,136,101.4761,-53.2916
330,11001,144,101.6735,-51.3233
330,11001,152,101.7723,-50.1580
330,11001,160,101.8816,-48.5832
330,11001,168,101.9268,-47.7917
330,11001,176,102.0488,-44.9277
330,11001,184,102.2316,-36.1278
330,11001,192,102.2729,-32.8652
330,11001,200,102.3472,-26.1097
330,11001,208,102.4674,-15.0819
330,11001,216,102.6571,-0.6817
330,11001,224,102.7534,5.0096
330,11001,232,102.7959,7.1645
330,11001,240,102.8351,8.9567
330,11001,248,102.8560,9.8399
330,11001,256,102.9972,14.5565
330,11001,264,103.0360,15.4971
330,11001,272,103.2276,18.2919
330,11001,280,103.2961,18.6514
330,11001,288,103.4074,18.6584
330,11001,296,103.5760,17.5490
330,11001,304,103.6767,16.3709
330,11001,312,103.7934,14.6269
330,11001,320,103.8405,13.8223
330,11001,328,103.9779,11.2156
330,11001,336,104.1389,7.7661
330,11001,344,104.5334,-1.6752
330,11001,352,104.6290,-4.0515
330,11001,360,104.7241,-6.4146
330,11001,368,104.8438,-9.3629
330,11001,376,105.0250,-13.7269
330,11001,384,105.5344,-24.9223
330,11001,392,105.8264,-30.4161
330,11001,400,106.0301,-33.8401
330,11001,408,106.0785,-34.6071
330,11001,416,106.4597,-40.1431
330,11001,424,106.5094,-40.8093
330,11001,432,106.6666,-42.8523
330,11001,440,106.9394,-46.1831
330,11001,448,107.2206,-49.3383
330,11001,456,107.4914,-52.0472
330,11001,464,107.5581,-52.6525
330,11001,472,107.7690,-54.3897
330,11001,480,107.8999,-55.3351
330,11001,488,108.1905,-57.0967
330,11001,496,108.3067,-57.6841
330,11001,504,108.3330,-57.8074
330,11001,512,108.5440,-58.6634
330,11001,520,108.9302,-59.7829
330,11001,528,108.9954,-59.9291
330,11001,536,109.2193,-60.3443
330,11001,544,109.3619,-60.5495
330,11001,552,109.4327,-60.6366
330,11001,560,109.6072,-60.8067
330,11001,568,109.7438,-60.8984
330,11001,576,109.8122,-60.9319
330,11001,584,109.9009,-60.9636
330,11001,592,110.1030,-60.9840
330,11001,600,110.1946,-60.9724
330,11001,608,110.3897,-60.9138
330,11001,616,110.5360,-60.8488
330,11001,624,110.9659,-60.6102
330,11001,632,111.0850,-60.5481
330,11001,640,111.5630,-60.3220
330,11001,648,112.5214,-60.1821
330,11001,656,112.6125,-60.1937
330,11001,664,112.9600,-60.2397
330,11001,672,113.0567,-60.2529
330,11001,680,113.1840,-60.2643
330,11001,688,113.2861,-60.2618
330,11001,696,113.6833,-60.1686
330,11001,704,113.7097,-60.1604
330,11001,712,113.9150,-60.0658
330,11001,720,113.9920,-60.0210
330,11001,728,114.4254,-59.7269
330,11001,736,114.5144,-59.6662
330,11001,744,114.6140,-59.5973
330,11001,752,114.6998,-59.5350
330,11001,760,115.0737,-59.2039
330,11001,768,115.8016,-58.6594
330,11001,776,115.8708,-58.6255
330,11001,784,115.9274,-58.5985
330,11001,792,116.3285,-58.3976
330,11001,800,117.1744,-58.1369
330,11001,808,117.2182,-58.1333
330,11001,816,117.3961,-58.1039
330,11001,824,117.9257,-57.9904
330,11001,832,117.9941,-57.9799
330,11001,840,118.1272,-57.9560
330,11001,848,118.2882,-57.9234
330,11001,856,118.9228,-57.7915
330,11001,864,119.1526,-57.7740
330,11001,872,119.2962,-57.7654
330,11001,880,119.5294,-57.7413
330,11001,888,120.1940,-57.6755
330,11001,896,120.2817,-57.6745
330,11001,904,120.8167,-57.6670
330,11001,912,122.0821,-58.0655
330,11001,920,124.5579,-60.2181
330,11001,928,125.2215,-60.8686
330,11001,936,125.4402,-61.0663
330,11001,944,125.9452,-61.4357
330,11001,952,126.0086,-61.4753
330,11001,960,126.5069,-61.6947
330,11001,968,126.5396,-61.7063
330,11001,976,126.5982,-61.7262
330,11001,984,126.8196,-61.7652
330,11001,992,127.5968,-61.7075
330,11001,1000,129.4412,-61.9286
330,11001,1008,132.5451,-63.1072
330,11001,1016,138.3552,-64.4501
330,11001,1024,144.5074,-64.6842
330,11001,1032,150.6597,-64.6441
330,11001,1040,159.5786,-64.5849
330,11001,1048,183.3611,-64.5616
330,11001,1056,245.7659,-64.5609
330,11001,1064,353.8769,-64.5610
330,11001,1072,1322.5159,-64.5610
330,11002,0,0.0000,-65.0000
330,11002,8,0.0699,-64.9855
330,11002,16,0.6811,-64.9173
330,11002,24,5.5147,-64.6276
330,11002,32,14.0905,-64.5433
330,11002,40,22.6664,-64.5540
330,11002,48,36.8228,-64.5609
330,11002,56,100.0000,-64.5618
330,11002,64,100.0280,-64.5497
330,11002,72,100.0588,-64.5083
330,11002,80,100.0864,-64.4469
330,11002,88,100.1170,-64.3557
330,11002,96,100.2354,-63.7989
330,11002,104,100.5742,-61.2258
330,11002,112,100.7309,-59.8555
330,11002,120,100.9941,-57.5437
330,11002,128,101.0682,-56.8971
330,11002,136,101.4761,-53.2916
330,11002,144,101.6735,-51.3233
330,11002,152,101.7723,-50.1580
330,11002,160,101.8816,-48.5832
330,11002,168,101.9268,-47.7917
330,11002,176,102.0488,-44.9277
330,11002,184,102.2316,-36.1278
330,11002,192,102.2729,-32.8652
330,11002,200,102.3472,-26.1097
330,11002,208,102.4674,-15.0819
330,11002,216,102.6571,-0.6817
330,11002,224,102.7534,5.0096
330,11002,232,102.7959,7.1645
330,11002,240,102.8351,8.9567
330,11002,248,102.8560,9.8399
330,11002,256,102.9972,14.5565
330,11002,264,103.0360,15.4971
330,11002,272,103.2276,18.2919
330,11002,280,103.2961,18.6514
330,11002,288,103.4074,18.6584
330,11002,296,103.5760,17.5490
330,11002,304,103.6767,16.3709
330,11002,312,103.7934,14.6269
330,11002,320,103.8405,13.8223
330,11002,328,103.9779,11.2156
330,11002,336,104.1389,7.7661
330,11002,344,104.5334,-1.6752
330,11002,352,104.6290,-4.0515
330,11002,360,104.7241,-6.4146
330,11002,368,104.8438,-9.3629
330,11002,376,105.0250,-13.7269
330,11002,384,105.5344,-24.9223
330,11002,392,105.8264,-30.4161
330,11002,400,106.0301,-33.8401
330,11002,408,106.0785,-34.6071
330,11002,416,106.4597,-40.1431
330,11002,424,106.5094,-40.8093
330,11002,432,106.6666,-42.8523
330,11002,440,106.9394,-46.1831
330,11002,448,107.2206,-49.3383
330,11002,456,107.4914,-52.0472
330,11002,464,107.5581,-52.6525
330,11002,472,107.7690,-54.3897
330,11002,480,107.8999,-55.3351
330,11002,488,108.1905,-57.0967
330,11002,496,108.3067,-57.6841
330,11002,504,108.3330,-57.8074
330,11002,512,108.5440,-58.6634
330,11002,520,108.9302,-59.7829
330,11002,528,108.9954,-59.9291
330,11002,536,109.2193,-60.3443
330,11002,544,109.3619,-60.5495
330,11002,552,109.4327,-60.6366
330,11002,560,109.6072,-60.8067
330,11002,568,109.7438,-60.8984
330,11002,576,109.8122,-60.9319
330,11002,584,109.9009,-60.9636
330,11002,592,110.1030,-60.9840
330,11002,600,110.1946,-60.9724
330,11002,608,110.3897,-60.9138
330,11002,616,110.5360,-60.8488
330,11002,624,110.9659,-60.6102
330,11002,632,111.0850,-60.5481
330,11002,640,111.5630,-60.3220
330,11002,648,112.5214,-60.1821
330,11002,656,112.6125,-60.1937
330,11002,664,112.9600,-60.2397
330,11002,672,113.0567,-60.2529
330,11002,680,113.1840,-60.2643
330,11002,688,113.2861,-60.2618
330,11002,696,113.6833,-60.1686
330,11002,704,113.7097,-60.1604
330,11002,712,113.9150,-60.0658
330,11002,720,113.9920,-60.0210
330,11002,728,114.4254,-59.7269
330,11002,736,114.5144,-59.6662
330,11002,744,114.6140,-59.5973
330,11002,752,114.6998,-59.5350
330,11002,760,115.0737,-59.2039
330,11002,768,115.8016,-58.6594
330,11002,776,115.8708,-58.6255
330,11002,784,115.9274,-58.5985
330,11002,792,116.3285,-58.3976
330,11002,800,117.1744,-58.1369
330,11002,808,117.2182,-58.1333
330,11002,816,117.3961,-58.1039
330,11002,824,117.9257,-57.9904
330,11002,832,117.9941,-57.9799
330,11002,840,118.1272,-57.9560
330,11002,848,118.2882,-57.9234
330,11002,856,118.9228,-57.7915
330,11002,864,119.1526,-57.7740
330,11002,872,119.2962,-57.7654
330,11002,880,119.5294,-57.7413
330,11002,888,120.1940,-57.6755
330,11002,896,120.2817,-57.6745
330,11002,904,120.8167,-57.6670
330,11002,912,122.0821,-58.0655
330,11002,920,124.5579,-60.2181
330,11002,928,125.2215,-60.8686
330,11002,936,125.4402,-61.0663
330,11002,944,125.9452,-61.4357
330,11002,952,126.0086,-61.4753
330,11002,960,126.5069,-61.6947
330,11002,968,126.5396,-61.7063
330,11002,976,126.5982,-61.7262
330,11002,984,126.8196,-61.7652
330,11002,992,127.5968,-61.7075
330,11002,1000,129.4412,-61.9286
330,11002,1008,132.5451,-63.1072
330,11002,1016,138.3552,-64.4501
330,11002,1024,144.5074,-64.6842
330,11002,1032,150.6597,-64.6441
330,11002,1040,159.5786,-64.5849
330,11002,1048,183.3611,-64.5616
330,11002,1056,245.7659,-64.5609
330,11002,1064,353.8769,-64.5610
330,11002,1072,1322.5159,-64.5610
330,11003,0,0.0000,-65.0000
330,11003,8,0.0699,-64.9855
330,11003,16,0.6811,-64.9173
330,11003,24,5.5147,-64.6276
330,11003,32,14.0905,-64.5433
330,11003,40,22.6664,-64.5540
330,11003,48,36.8228,-64.5609
330,11003,56,100.0000,-64.5618
330,11003,64,100.0280,-64.5497
330,11003,72,100.0588,-64.5083
330,11003,80,100.0864,-64.4469
330,11003,88,100.1170,-64.3557
330,11003,96,100.2354,-63.7989
330,11003,104,100.5742,-61.2258
330,11003,112,100.7309,-59.8555
330,11003,120,100.9941,-57.5437
330,11003,128,101.0682,-56.8971
330,11003,136,101.4761,-53.2916
330,11003,144,101.6735,-51.3233
330,11003,152,101.7723,-50.1580
330,11003,160,101.8816,-48.5832
330,11003,168,101.9268,-47.7917
330,11003,176,102.0488,-44.9277
330,11003,184,102.2316,-36.1278
330,11003,192,102.2729,-32.8652
330,11003,200,102.3472,-26.1097
330,11003,208,102.4674,-15.0819
330,11003,216,102.6571,-0.6817
330,11003,224,102.7534,5.0096
330,11003,232,102.7959,7.1645
330,11003,240,102.8351,8.9567
330,11003,248,102.8560,9.8399
330,11003,256,102.9972,14.5565
330,11003,264,103.0360,15.4971
330,11003,272,103.2276,18.2919
330,11003,280,103.2961,18.6514
330,11003,288,103.4074,18.6584
330,11003,296,103.5760,17.5490
330,11003,304,103.6767,16.3709
330,11003,312,103.7934,14.6269
330,11003,320,103.8405,13.8223
330,11003,328,103.9779,11.2156
330,11003,336,104.1389,7.7661
330,11003,344,104.5334,-1.6752
330,11003,352,104.6290,-4.0515
330,11003,360,104.7241,-6.4146
330,11003,368,104.8438,-9.3629
330,11003,376,105.0250,-13.7269
330,11003,384,105.5344,-24.9223
330,11003,392,105.8264,-30.4161
330,11003,400,106.0301,-33.8401
330,11003,408,106.0785,-34.6071
330,11003,416,106.4597,-40.1431
330,11003,424,106.5094,-40.8093
330,11003,432,106.6666,-42.8523
330,11003,440,106.9394,-46.1831
330,11003,448,107.2206,-49.3383
330,11003,456,107.4914,-52.0472
330,11003,464,107.5581,-52.6525
330,11003,472,107.7690,-54.3897
330,11003,480,107.8999,-55.3351
330,11003,488,108.1905,-57.0967
330,11003,496,108.3067,-57.6841
330,11003,504,108.3330,-57.8074
330,11003,512,108.5440,-58.6634
330,11003,520,108.9302,-59.7829
330,11003,528,108.9954,-59.9291
330,11003,536,109.2193,-60.3443
330,11003,544,109.3619,-60.5495
330,11003,552,109.4327,-60.6366
330,11003,560,109.6072,-60.8067
330,11003,568,109.7438,-60.8984
330,11003,576,109.8122,-60.9319
330,11003,584,109.9009,-60.9636
330,11003,592,110.1030,-60.9840
330,11003,600,110.1946,-60.9724
330,11003,608,110.3897,-60.9138
330,11003,616,110.5360,-60.8488
330,11003,624,110.9659,-60.6102
330,11003,632,111.0850,-60.5481
330,11003,640,111.5630,-60.3220
330,11003,648,112.5214,-60.1821
330,11003,656,112.6125,-60.1937
330,11003,664,112.9600,-60.2397
330,11003,672,113.0567,-60.2529
330,11003,680,113.1840,-60.2643
330,11003,688,113.2861,-60.2618
330,11003,696,113.6833,-60.1686
330,11003,704,113.7097,-60.1604
330,11003,712,113.9150,-60.0658
330,11003,720,113.9920,-60.0210
330,11003,728,114.4254,-59.7269
330,11003,736,114.5144,-59.6662
330,11003,744,114.6140,-59.5973
330,11003,752,114.6998,-59.5350
330,11003,760,115.0737,-59.2039
330,11003,768,115.8016,-58.6594
330,11003,776,115.8708,-58.6255
330,11003,784,115.9274,-58.5985
330,11003,792,116.3285,-58.3976
330,11003,800,117.1744,-58.1369
330,11003,808,117.2182,-58.1333
330,11003,816,117.3961,-58.1039
330,11003,824,117.9257,-57.9904
330,11003,832,117.9941,-57.9799
330,11003,840,118.1272,-57.9560
330,11003,848,118.2882,-57.9234
330,11003,856,118.9228,-57.7915
330,11003,864,119.1526,-57.7740
330,11003,872,119.2962,-57.7654
330,11003,880,119.5294,-57.7413
330,11003,888,120.1940,-57.6755
330,11003,896,120.2817,-57.6745
330,11003,904,120.8167,-57.6670
330,11003,912,122.0821,-58.0655
330,11003,920,124.5579,-60.2181
330,11003,928,125.2215,-60.8686
330,11003,936,125.4402,-61.0663
330,11003,944,125.9452,-61.4357
330,11003,952,126.0086,-61.4753
330,11003,960,126.5069,-61.6947
330,11003,968,126.5396,-61.7063
330,11003,976,126.5982,-61.7262
330,11003,984,126.8196,-61.7652
330,11003,992,127.5968,-61.7075
330,11003,1000,129.4412,-61.9286
330,11003,1008,132.5451,-63.1072
330,11003,1016,138.3552,-64.4501
330,11003,1024,144.5074,-64.6842
330,11003,1032,150.6597,-64.6441
330,11003,1040,159.5786,-64.5849
330,11003,1048,183.3611,-64.5616
330,11003,1056,245.7659,-64.5609
330,11003,1064,353.8769,-64.5610
330,11003,1072,1322.5159,-64.5610
330,11004,0,0.0000,-65.0000
330,11004,8,0.0699,-64.9855
330,11004,16,0.6811,-64.9173
330,11004,24,5.5147,-64.6276
330,11004,32,14.0905,-64.5433
330,11004,40,22.6664,-64.5540
330,11004,48,36.8228,-64.5609
330,11004,56,100.0000,-64.5618
330,11004,64,100.0280,-64.5497
330,11004,72,100.0588,-64.5083
330,11004,80,100.0864,-64.4469
330,11004,88,100.1170,-64.3557
330,11004,96,100.2354,-63.7989
330,11004,104,100.5742,-61.2258
330,11004,112,100.7309,-59.8555
330,11004,120,100.9941,-57.5437
330,11004,128,101.0682,-56.8971
330,11004,136,101.4761,-53.2916
330,11004,144,101.6735,-51.3233
330,11004,152,101.7723,-50.1580
330,11004,160,101.8816,-48.5832
330,11004,168,101.9268,-47.7917
330,11004,176,102.0488,-44.9277
330,11004,184,102.2316,-36.1278
330,11004,192,102.2729,-32.8652
330,11004,200,102.3472,-26.1097
330,11004,208,102.4674,-15.0819
330,11004,216,102.6571,-0.6817
330,11004,224,102.7534,5.0096
330,11004,232,102.7959,7.1645
330,11004,240,102.8351,8.9567
330,11004,248,102.8560,9.8399
330,11004,256,102.9972,14.5565
330,11004,264,103.0360,15.4971
330,11004,272,103.2276,18.2919
330,11004,280,103.2961,18.6514
330,11004,288,103.4074,18.6584
330,11004,296,103.5760,17.5490
330,11004,304,103.6767,16.3709
330,11004,312,103.7934,14.6269
330,11004,320,103.8405,13.8223
330,11004,328,103.9779,11.2156
330,11004,336,104.1389,7.7661
330,11004,344,104.5334,-1.6752
330,11004,352,104.6290,-4.0515
330,11004,360,104.7241,-6.4146
330,11004,368,104.8438,-9.3629
330,11004,376,105.0250,-13.7269
330,11004,384,105.5344,-24.9223
330,11004,392,105.8264,-30.4161
330,11004,400,106.0301,-33.8401
330,11004,408,106.0785,-34.6071
330,11004,416,106.4597,-40.1431
330,11004,424,106.5094,-40.8093
330,11004,432,106.6666,-42.8523
330,11004,440,106.9394,-46.1831
330,11004,448,107.2206,-49.3383
330,11004,456,107.4914,-52.0472
330,11004,464,107.5581,-52.6525
330,11004,472,107.7690,-54.3897
330,11004,480,107.8999,-55.3351
330,11004,488,108.1905,-57.0967
330,11004,496,108.3067,-57.6841
330,11004,504,108.3330,-57.8074
330,11004,512,108.5440,-58.6634
330,11004,520,108.9302,-59.7829
330,11004,528,108.9954,-59.9291
330,11004,536,109.2193,-60.3443
330,11004,544,109.3619,-60.5495
330,11004,552,109.4327,-60.6366
330,11004,560,109.6072,-60.8067
330,11004,568,109.7438,-60.8984
330,11004,576,109.8122,-60.9319
330,11004,584,109.9009,-60.9636
330,11004,592,110.1030,-60.9840
330,11004,600,110.1946,-60.9724
330,11004,608,110.3897,-60.9138
330,11004,616,110.5360,-60.8488
330,11004,624,110.9659,-60.6102
330,11004,632,111.0850,-60.5481
330,11004,640,111.5630,-60.3220
330,11004,648,112.5214,-60.1821
330,11004,656,112.6125,-60.1937
330,11004,664,112.9600,-60.2397
330,11004,672,113.0567,-60.2529
330,11004,680,113.1840,-60.2643
330,11004,688,113.2861,-60.2618
330,11004,696,113.6833,-60.1686
330,11004,704,113.7097,-60.1604
330,11004,712,113.9150,-60.0658
330,11004,720,113.9920,-60.0210
330,11004,728,114.4254,-59.7269
330,11004,736,114.5144,-59.6662
330,11004,744,114.6140,-59.5973
330,11004,752,114.6998,-59.5350
330,11004,760,115.0737,-59.2039
330,11004,768,115.8016,-58.6594
330,11004,776,115.8708,-58.6255
330,11004,784,115.9274,-58.5985
330,11004,792,116.3285,-58.3976
330,11004,800,117.1744,-58.1369
330,11004,808,117.2182,-58.1333
330,11004,816,117.3961,-58.1039
330,11004,824,117.9257,-57.9904
330,11004,832,117.9941,-57.9799
330,11004,840,118.1272,-57.9560
330,11004,848,118.2882,-57.9234
330,11004,856,118.9228,-57.7915
330,11004,864,119.1526,-57.7740
330,11004,872,119.2962,-57.7654
330,11004,880,119.5294,-57.7413
330,11004,888,120.1940,-57.6755
330,11004,896,120.2817,-57.6745
330,11004,904,120.8167,-57.6670
330,11004,912,122.0821,-58.0655
330,11004,920,124.5579,-60.2181
330,11004,928,125.2215,-60.8686
330,11004,936,125.4402,-61.0663
330,11004,944,125.9452,-61.4357
330,11004,952,126.0086,-61.4753
330,11004,960,126.5069,-61.6947
330,11004,968,126.5396,-61.7063
330,11004,976,126.5982,-61.7262
330,11004,984,126.8196,-61.7652
330,11004,992,127.5968,-61.7075
330,11004,1000,129.4412,-61.9286
330,11004,1008,132.5451,-63.1072
330,11004,1016,138.3552,-64.4501
330,11004,1024,144.5074,-64.6842
330,11004,1032,150.6597,-64.6441
330,11004,1040,159.5786,-64.5849
330,11004,1048,183.3611,-64.5616
330,11004,1056,245.7659,-64.5609
330,11004,1064,353.8769,-64.5610
330,11004,1072,1322.5159,-64.5610
330,11005,0,0.0000,-65.0000
330,11005,8,0.0699,-64.9855
330,11005,16,0.6811,-64.9173
330,11005,24,5.5147,-64.6276
330,11005,32,14.0905,-64.5433
330,11005,40,22.6664,-64.5540
330,11005,48,36.8228,-64.5609
330,11005,56,100.0000,-64.5618
330,11005,64,100.0280,-64.5497
330,11005,72,100.0588,-64.5083
330,11005,80,100.0864,-64.4469
330,11005,88,100.1170,-64.3557
330,11005,96,100.2354,-63.7989
330,11005,104,100.5742,-61.2258
330,11005,112,100.7309,-59.8555
330,11005,120,100.9941,-57.5437
330,11005,128,101.0682,-56.8971
330,11005,136,101.4761,-53.2916
330,11005,144,101.6735,-51.3233
330,11005,152,101.7723,-50.1580
330,11005,160,101.8816,-48.5832
330,11005,168,101.9268,-47.7917
330,11005,176,102.0488,-44.9277
330,11005,184,102.2316,-36.1278
330,11005,192,102.2729,-32.8652
330,11005,200,102.3472,-26.1097
330,11005,208,102.4674,-15.0819
330,11005,216,102.6571,-0.6817
330,11005,224,102.7534,5.0096
330,11005,232,102.7959,7.1645
330,11005,240,102.8351,8.9567
330,11005,248,102.8560,9.8399
330,11005,256,102.9972,14.5565
330,11005,264,103.0360,15.4971
330,11005,272,103.2276,18.2919
330,11005,280,103.2961,18.6514
330,11005,288,103.4074,18.6584
330,11005,296,103.5760,17.5490
330,11005,304,103.6767,16.3709
330,11005,312,103.7934,14.6269
330,11005,320,103.8405,13.8223
330,11005,328,103.9779,11.2156
330,11005,336,104.1389,7.7661
330,11005,344,104.5334,-1.6752
330,11005,352,104.6290,-4.0515
330,11005,360,104.7241,-6.4146
330,11005,368,104.8438,-9.3629
330,11005,376,105.0250,-13.7269
330,11005,384,105.5344,-24.9223
330,11005,392,105.8264,-30.4161
330,11005,400,106.0301,-33.8401
330,11005,408,106.0785,-34.6071
330,11005,416,106.4597,-40.1431
330,11005,424,106.5094,-40.8093
330,11005,432,106.6666,-42.8523
330,11005,440,106.9394,-46.1831
330,11005,448,107.2206,-49.3383
330,11005,456,107.4914,-52.0472
330,11005,464,107.5581,-52.6525
330,11005,472,107.7690,-54.3897
330,11005,480,107.8999,-55.3351
330,11005,488,108.1905,-57.0967
330,11005,496,108.3067,-57.6841
330,11005,504,108.3330,-57.8074
330,11005,512,108.5440,-58.6634
330,11005,520,108.9302,-59.7829
330,11005,528,108.9954,-59.9291
330,11005,536,109.2193,-60.3443
330,11005,544,109.3619,-60.5495
330,11005,552,109.4327,-60.6366
330,11005,560,109.6072,-60.8067
330,11005,568,109.7438,-60.8984
330,11005,576,109.8122,-60.9319
330,11005,584,109.9009,-60.9636
330,11005,592,110.1030,-60.9840
330,11005,600,110.1946,-60.9724
330,11005,608,110.3897,-60.9138
330,11005,616,110.5360,-60.8488
330,11005,624,110.9659,-60.6102
330,11005,632,111.0850,-60.5481
330,11005,640,111.5630,-60.3220
330,11005,648,112.5214,-60.1821
330,11005,656,112.6125,-60.1937
330,11005,664,112.9600,-60.2397
330,11005,672,113.0567,-60.2529
330,11005,680,113.1840,-60.2643
330,11005,688,113.2861,-60.2618
330,11005,696,113.6833,-60.1686
330,11005,704,113.7097,-60.1604
330,11005,712,113.9150,-60.0658
330,11005,720,113.9920,-60.0210
330,11005,728,114.4254,-59.7269
330,11005,736,114.5144,-59.6662
330,11005,744,114.6140,-59.5973
330,11005,752,114.6998,-59.5350
330,11005,760,115.0737,-59.2039
330,11005,768,115.8016,-58.6594
330,11005,776,115.8708,-58.6255
330,11005,784,115.9274,-58.5985
330,11005,792,116.3285,-58.3976
330,11005,800,117.1744,-58.1369
330,11005,808,117.2182,-58.1333
330,11005,816,117.3961,-58.1039
330,11005,824,117.9257,-57.9904
330,11005,832,117.9941,-57.9799
330,11005,840,118.1272,-57.9560
330,11005,848,118.2882,-57.9234
330,11005,856,118.9228,-57.7915
330,11005,864,119.1526,-57.7740
330,11005,872,119.2962,-57.7654
330,11005,880,119.5294,-57.7413
330,11005,888,120.1940,-57.6755
330,11005,896,120.2817,-57.6745
330,11005,904,120.8167,-57.6670
330,11005,912,122.0821,-58.0655
330,11005,920,124.5579,-60.2181
330,11005,928,125.2215,-60.8686
330,11005,936,125.4402,-61.0663
330,11005,944,125.9452,-61.4357
330,11005,952,126.0086,-61.4753
330,11005,960,126.5069,-61.6947
330,11005,968,126.5396,-61.7063
330,11005,976,126.5982,-61.7262
330,11005,984,126.8196,-61.7652
330,11005,992,127.5968,-61.7075
330,11005,1000,129.4412,-61.9286
330,11005,1008,132.5451,-63.1072
330,11005,1016,138.3552,-64.4501
330,11005,1024,144.5074,-64.6842
330,11005,1032,150.6597,-64.6441
330,11005,1040,159.5786,-64.5849
330,11005,1048,183.3611,-64.5616
330,11005,1056,245.7659,-64.5609
330,11005,1064,353.8769,-64.5610
330,11005,1072,1322.5159,-64.5610
330,11006,0,0.0000,-65.0000
330,11006,8,0.0699,-64.9855
330,11006,16,0.6811,-64.9173
330,11006,24,5.5147,-64.6276
330,11006,32,14.0905,-64.5433
330,11006,40,22.6664,-64.5540
330,11006,48,36.8228,-64.5609
330,11006,56,100.0000,-64.5618
330,11006,64,100.0280,-64.5497
330,11006,72,100.0588,-64.5083
330,11006,80,100.0864,-64.4469
330,11006,88,100.1170,-64.3557
330,11006,96,100.2354,-63.7989
330,11006,104,100.5742,-61.2258
330,11006,112,100.7309,-59.8555
330,11006,120,100.9941,-57.5437
330,11006,128,101.0682,-56.8971
330,11006,136,101.4761,-53.2916
330,11006,144,101.6735,-51.3233
330,11006,152,101.7723,-50.1580
330,11006,160,101.8816,-48.5832
330,11006,168,101.9268,-47.7917
330,11006,176,102.0488,-44.9277
330,11006,184,102.2316,-36.1278
330,11006,192,102.2729,-32.8652
330,11006,200,102.3472,-26.1097
330,11006,208,102.4674,-15.0819
330,11006,216,102.6571,-0.6817
330,11006,224,102.7534,5.0096
330,11006,232,102.7959,7.1645
330,11006,240,102.8351,8.9567
330,11006,248,102.8560,9.8399
330,11006,256,102.9972,14.5565
330,11006,264,103.0360,15.4971
330,11006,272,103.2276,18.2919
330,11006,280,103.2961,18.6514
330,11006,288,103.4074,18.6584
330,11006,296,103.5760,17.5490
330,11006,304,103.6767,16.3709
330,11006,312,103.7934,14.6269
330,11006,320,103.8405,13.8223
330,11006,328,103.9779,11.2156
330,11006,336,104.1389,7.7661
330,11006,344,104.5334,-1.6752
330,11006,352,104.6290,-4.0515
330,11006,360,104.7241,-6.4146
330,11006,368,104.8438,-9.3629
330,11006,376,105.0250,-13.7269
330,11006,384,105.5344,-24.9223
330,11006,392,105.8264,-30.4161
330,11006,400,106.0301,-33.8401
330,11006,408,106.0785,-34.6071
330,11006,416,106.4597,-40.1431
330,11006,424,106.5094,-40.8093
330,11006,432,106.6666,-42.8523
330,11006,440,106.9394,-46.1831
330,11006,448,107.2206,-49.3383
330,11006,456,107.4914,-52.0472
330,11006,464,107.5581,-52.6525
330,11006,472,107.7690,-54.3897
330,11006,480,107.8999,-55.3351
330,11006,488,108.1905,-57.0967
330,11006,496,108.3067,-57.6841
330,11006,504,108.3330,-57.8074
330,11006,512,108.5440,-58.6634
330,11006,520,108.9302,-59.7829
330,11006,528,108.9954,-59.9291
330,11006,536,109.2193,-60.3443
330,11006,544,109.3619,-60.5495
330,11006,552,109.4327,-60.6366
330,11006,560,109.6072,-60.8067
330,11006,568,109.7438,-60.8984
330,11006,576,109.8122,-60.9319
330,11006,584,109.9009,-60.9636
330,11006,592,110.1030,-60.9840
330,11006,600,110.1946,-60.9724
330,11006,608,110.3897,-60.9138
330,11006,616,110.5360,-60.8488
330,11006,624,110.9659,-60.6102
330,11006,632,111.0850,-60.5481
330,11006,640,111.5630,-60.3220
330,11006,648,112.5214,-60.1821
330,11006,656,112.6125,-60.1937
330,11006,664,112.9600,-60.2397
330,11006,672,113.0567,-60.2529
330,11006,680,113.1840,-60.2643
330,11006,688,113.2861,-60.2618
330,11006,696,113.6833,-60.1686
330,11006,704,113.7097,-60.1604
330,11006,712,113.9150,-60.0658
330,11006,720,113.9920,-60.0210
330,11006,728,114.4254,-59.7269
330,11006,736,114.5144,-59.6662
330,11006,744,114.6140,-59.5973
330,11006,752,114.6998,-59.5350
330,11006,760,115.0737,-59.2039
330,11006,768,115.8016,-58.6594
330,11006,776,115.8708,-58.6255
330,11006,784,115.9274,-58.5985
330,11006,792,116.3285,-58.3976
330,11006,800,117.1744,-58.1369
330,11006,808,117.2182,-58.1333
330,11006,816,117.3961,-58.1039
330,11006,824,117.9257,-57.9904
330,11006,832,117.9941,-57.9799
330,11006,840,118.1272,-57.9560
330,11006,848,118.2882,-57.9234
330,11006,856,118.9228,-57.7915
330,11006,864,119.1526,-57.7740
330,11006,872,119.2962,-57.7654
330,11006,880,119.5294,-57.7413
330,11006,888,120.1940,-57.6755
330,11006,896,120.2817,-57.6745
330,11006,904,120.8167,-57.6670
330,11006,912,122.0821,-58.0655
330,11006,920,124.5579,-60.2181
330,11006,928,125.2215,-60.8686
330,11006,936,125.4402,-61.0663
330,11006,944,125.9452,-61.4357
330,11006,952,126.0086,-61.4753
330,11006,960,126.5069,-61.6947
330,11006,968,126.5396,-61.7063
330,11006,976,126.5982,-61.7262
330,11006,984,126.8196,-61.7652
330,11006,992,127.5968,-61.7075
330,11006,1000,129.4412,-61.9286
330,11006,1008,132.5451,-63.1072
330,11006,1016,138.3552,-64.4501
330,11006,1024,144.5074,-64.6842
330,11006,1032,150.6597,-64.6441
330,11006,1040,159.5786,-64.5849
330,11006,1048,183.3611,-64.5616
330,11006,1056,245.7659,-64.5609
330,11006,1064,353.8769,-64.5610
330,11006,1072,1322.5159,-64.5610
330,11007,0,0.0000,-65.0000
330,11007,8,0.0699,-64.9855
330,11007,16,0.6811,-64.9173
330,11007,24,5.5147,-64.6276
330,11007,32,14.0905,-64.5433
330,11007,40,22.6664,-64.5540
330,11007,48,36.8228,-64.5609
330,11007,56,100.0000,-64.5618
330,11007,64,100.0280,-64.5497
330,11007,72,100.0588,-64.5083
330,11007,80,100.0864,-64.4469
330,11007,88,100.1170,-64.3557
330,11007,96,100.2354,-63.7989
330,11007,104,100.5742,-61.2258
330,11007,112,100.7309,-59.8555
330,11007,120,100.9941,-57.5437
330,11007,128,101.0682,-56.8971
330,11007,136,101.4761,-53.2916
330,11007,144,101.6735,-51.3233
330,11007,152,101.7723,-50.1580
330,11007,160,101.8816,-48.5832
330,11007,168,101.9268,-47.7917
330,11007,176,102.0488,-44.9277
330,11007,184,102.2316,-36.1278
330,11007,192,102.2729,-32.8652
330,11007,200,102.3472,-26.1097
330,11007,208,102.4674,-15.0819
330,11007,216,102.6571,-0.6817
330,11007,224,102.7534,5.0096
330,11007,232,102.7959,7.1645
330,11007,240,102.8351,8.9567
330,11007,248,102.8560,9.8399
330,11007,256,102.9972,14.5565
330,11007,264,103.0360,15.4971
330,11007,272,103.2276,18.2919
330,11007,280,103.2961,18.6514
330,11007,288,103.4074,18.6584
330,11007,296,103.5760,17.5490
330,11007,304,103.6767,16.3709
330,11007,312,103.7934,14.6269
330,11007,320,103.8405,13.8223
330,11007,328,103.9779,11.2156
330,11007,336,104.1389,7.7661
330,11007,344,104.5334,-1.6752
330,11007,352,104.6290,-4.0515
330,11007,360,104.7241,-6.4146
330,11007,368,104.8438,-9.3629
330,11007,376,105.0250,-13.7269
330,11007,384,105.5344,-24.9223
330,11007,392,105.8264,-30.4161
330,11007,400,106.0301,-33.8401
330,11007,408,106.0785,-34.6071
330,11007,416,106.4597,-40.1431
330,11007,424,106.5094,-40.8093
330,11007,432,106.6666,-42.8523
330,11007,440,106.9394,-46.1831
330,11007,448,107.2206,-49.3383
330,11007,456,107.4914,-52.0472
330,11007,464,107.5581,-52.6525
330,11007,472,107.7690,-54.3897
330,11007,480,107.8999,-55.3351
330,11007,488,108.1905,-57.0967
330,11007,496,108.3067,-57.6841
330,11007,504,108.3330,-57.8074
330,11007,512,108.5440,-58.6634
330,11007,520,108.9302,-59.7829
330,11007,528,108.9954,-59.9291
330,11007,536,109.2193,-60.3443
330,11007,544,109.3619,-60.5495
330,11007,552,109.4327,-60.6366
330,11007,560,109.6072,-60.8067
330,11007,568,109.7438,-60.8984
330,11007,576,109.8122,-60.9319
330,11007,584,109.9009,-60.9636
330,11007,592,110.1030,-60.9840
330,11007,600,110.1946,-60.9724
330,11007,608,110.3897,-60.9138
330,11007,616,110.5360,-60.8488
330,11007,624,110.9659,-60.6102
330,11007,632,111.0850,-60.5481
330,11007,640,111.5630,-60.3220
330,11007,648,112.5214,-60.1821
330,11007,656,112.6125,-60.1937
330,11007,664,112.9600,-60.2397
330,11007,672,113.0567,-60.2529
330,11007,680,113.1840,-60.2643
330,11007,688,113.2861,-60.2618
330,11007,696,113.6833,-60.1686
330,11007,704,113.7097,-60.1604
330,11007,712,113.9150,-60.0658
330,11007,720,113.9920,-60.0210
330,11007,728,114.4254,-59.7269
330,11007,736,114.5144,-59.6662
330,11007,744,114.6140,-59.5973
330,11007,752,114.6998,-59.5350
330,11007,760,115.0737,-59.2039
330,11007,768,115.8016,-58.6594
330,11007,776,115.8708,-58.6255
330,11007,784,115.9274,-58.5985
330,11007,792,116.3285,-58.3976
330,11007,800,117.1744,-58.1369
330,11007,808,117.2182,-58.1333
330,11007,816,117.3961,-58.1039
330,11007,824,117.9257,-57.9904
330,11007,832,117.9941,-57.9799
330,11007,840,118.1272,-57.9560
330,11007,848,118.2882,-57.9234
330,11007,856,118.9228,-57.7915
330,11007,864,119.1526,-57.7740
330,11007,872,119.2962,-57.7654
330,11007,880,119.5294,-57.7413
330,11007,888,120.1940,-57.6755
330,11007,896,120.2817,-57.6745
330,11007,904,120.8167,-57.6670
330,11007,912,122.0821,-58.0655
330,11007,920,124.5579,-60.2181
330,11007,928,125.2215,-60.8686
330,11007,936,125.4402,-61.0663
330,11007,944,125.9452,-61.4357
330,11007,952,126.0086,-61.4753
330,11007,960,126.5069,-61.6947
330,11007,968,126.5396,-61.7063
330,11007,976,126.5982,-61.7262
330,11007,984,126.8196,-61.7652
330,11007,992,127.5968,-61.7075
330,11007,1000,129.4412,-61.9286
330,11007,1008,132.5451,-63.1072
330,11007,1016,138.3552,-64.4501
330,11007,1024,144.5074,-64.6842
330,11007,1032,150.6597,-64.6441
330,11007,1040,159.5786,-64.5849
330,11007,1048,183.3611,-64.5616
330,11007,1056,245.7659,-64.5609
330,11007,1064,353.8769,-64.5610
330,11007,1072,1322.5159,-64.5610
330,11008,0,0.0000,-65.0000
330,11008,8,0.0699,-64.9855
330,11008,16,0.6811,-64.9173
330,11008,24,5.5147,-64.6276
330,11008,32,14.0905,-64.5433
330,11008,40,22.6664,-64.5540
330,11008,48,36.8228,-64.5609
330,11008,56,100.0000,-64.5618
330,11008,64,100.0280,-64.5497
330,11008,72,100.0588,-64.5083
330,11008,80,100.0864,-64.4469
330,11008,88,100.1170,-64.3557
330,11008,96,100.2354,-63.7989
330,11008,104,100.5742,-61.2258
330,11008,112,100.7309,-59.8555
330,11008,120,100.9941,-57.5437
330,11008,128,101.0682,-56.8971
330,11008,136,101.4761,-53.2916
330,11008,144,101.6735,-51.3233
330,11008,152,101.7723,-50.1580
330,11008,160,101.8816,-48.5832
330,11008,168,101.9268,-47.7917
330,11008,176,102.0488,-44.9277
330,11008,184,102.2316,-36.1278
330,11008,192,102.2729,-32.8652
330,11008,200,102.3472,-26.1097
330,11008,208,102.4674,-15.0819
330,11008,216,102.6571,-0.6817
330,11008,224,102.7534,5.0096
330,11008,232,102.7959,7.1645
330,11008,240,102.8351,8.9567
330,11008,248,102.8560,9.8399
330,11008,256,102.9972,14.5565
330,11008,264,103.0360,15.4971
330,11008,272,103.2276,18.2919
330,11008,280,103.2961,18.6514
330,11008,288,103.4074,18.6584
330,11008,296,103.5760,17.5490
330,11008,304,103.6767,16.3709
330,11008,312,103.7934,14.6269
330,11008,320,103.8405,13.8223
330,11008,328,103.9779,11.2156
330,11008,336,104.1389,7.7661
330,11008,344,104.5334,-1.6752
330,11008,352,104.6290,-4.0515
330,11008,360,104.7241,-6.4146
330,11008,368,104.8438,-9.3629
330,11008,376,105.0250,-13.7269
330,11008,384,105.5344,-24.9223
330,11008,392,105.8264,-30.4161
330,11008,400,106.0301,-33.8401
330,11008,408,106.0785,-34.6071
330,11008,416,106.4597,-40.1431
330,11008,424,106.5094,-40.8093
330,11008,432,106.6666,-42.8523
330,11008,440,106.9394,-46.1831
330,11008,448,107.2206,-49.3383
330,11008,456,107.4914,-52.0472
330,11008,464,107.5581,-52.6525
330,11008,472,107.7690,-54.3897
330,11008,480,107.8999,-55.3351
330,11008,488,108.1905,-57.0967
330,11008,496,108.3067,-57.6841
330,11008,504,108.3330,-57.8074
330,11008,512,108.5440,-58.6634
330,11008,520,108.9302,-59.7829
330,11008,528,108.9954,-59.9291
330,11008,536,109.2193,-60.3443
330,11008,544,109.3619,-60.5495
330,11008,552,109.4327,-60.6366
330,11008,560,109.6072,-60.8067
330,11008,568,109.7438,-60.8984
330,11008,576,109.8122,-60.9319
330,11008,584,109.9009,-60.9636
330,11008,592,110.1030,-60.9840
330,11008,600,110.1946,-60.9724
330,11008,608,110.3897,-60.9138
330,11008,616,110.5360,-60.8488
330,11008,624,110.9659,-60.6102
330,11008,632,111.0850,-60.5481
330,11008,640,111.5630,-60.3220
330,11008,648,112.5214,-60.1821
330,11008,656,112.6125,-60.1937
330,11008,664,112.9600,-60.2397
330,11008,672,113.0567,-60.2529
330,11008,680,113.1840,-60.2643
330,11008,688,113.2861,-60.2618
330,11008,696,113.6833,-60.1686
330,11008,704,113.7097,-60.1604
330,11008,712,113.9150,-60.0658
330,11008,720,113.9920,-60.0210
330,11008,728,114.4254,-59.7269
330,11008,736,114.5144,-59.6662
330,11008,744,114.6140,-59.5973
330,11008,752,114.6998,-59.5350
330,11008,760,115.0737,-59.2039
330,11008,768,115.8016,-58.6594
330,11008,776,115.8708,-58.6255
330,11008,784,115.9274,-58.5985
330,11008,792,116.3285,-58.3976
330,11008,800,117.1744,-58.1369
330,11008,808,117.2182,-58.1333
330,11008,816,117.3961,-58.1039
330,11008,824,117.9257,-57.9904
330,11008,832,117.9941,-57.9799
330,11008,840,118.1272,-57.9560
330,11008,848,118.2882,-57.9234
330,11008,856,118.9228,-57.7915
330,11008,864,119.1526,-57.7740
330,11008,872,119.2962,-57.7654
330,11008,880,119.5294,-57.7413
330,11008,888,120.1940,-57.6755
330,11008,896,120.2817,-57.6745
330,11008,904,120.8167,-57.6670
330,11008,912,122.0821,-58.0655
330,11008,920,124.5579,-60.2181
330,11008,928,125.2215,-60.8686
330,11008,936,125.4402,-61.0663
330,11008,944,125.9452,-61.4357
330,11008,952,126.0086,-61.4753
330,11008,960,126.5069,-61.6947
330,11008,968,126.5396,-61.7063
330,11008,976,126.5982,-61.7262
330,11008,984,126.8196,-61.7652
330,11008,992,127.5968,-61.7075
330,11008,1000,129.4412,-61.9286
330,11008,1008,132.5451,-63.1072
330,11008,1016,138.3552,-64.4501
330,11008,1024,144.5074,-64.6842
330,11008,1032,150.6597,-64.6441
330,11008,1040,159.5786,-64.5849
330,11008,1048,183.3611,-64.5616
330,11008,1056,245.7659,-64.5609
330,11008,1064,353.8769,-64.5610
330,11008,1072,1322.5159,-64.5610
330,11009,0,0.0000,-65.0000
330,11009,8,0.0699,-64.9855
330,11009,16,0.6811,-64.9173
330,11009,24,5.5147,-64.6276
330,11009,32,14.0905,-64.5433
330,11009,40,22.6664,-64.5540
330,11009,48,36.8228,-64.5609
330,11009,56,100.0000,-64.5618
330,11009,64,100.0280,-64.5497
330,11009,72,100.0588,-64.5083
330,11009,80,100.0864,-64.4469
330,11009,88,100.1170,-64.3557
330,11009,96,100.2354,-63.7989
330,11009,104,100.5742,-61.2258
330,11009,112,100.7309,-59.8555
330,11009,120,100.9941,-57.5437
330,11009,128,101.0682,-56.8971
330,11009,136,101.4761,-53.2916
330,11009,144,101.6735,-51.3233
330,11009,152,101.7723,-50.1580
330,11009,160,101.8816,-48.5832
330,11009,168,101.9268,-47.7917
330,11009,176,102.0488,-44.9277
330,11009,184,102.2316,-36.1278
330,11009,192,102.2729,-32.8652
330,11009,200,102.3472,-26.1097
330,11009,208,102.4674,-15.0819
330,11009,216,102.6571,-0.6817
330,11009,224,102.7534,5.0096
330,11009,232,102.7959,7.1645
330,11009,240,102.8351,8.9567
330,11009,248,102.8560,9.8399
330,11009,256,102.9972,14.5565
330,11009,264,103.0360,15.4971
330,11009,272,103.2276,18.2919
330,11009,280,103.2961,18.6514
330,11009,288,103.4074,18.6584
330,11009,296,103.5760,17.5490
330,11009,304,103.6767,16.3709
330,11009,312,103.7934,14.6269
330,11009,320,103.8405,13.8223
330,11009,328,103.9779,11.2156
330,11009,336,104.1389,7.7661
330,11009,344,104.5334,-1.6752
330,11009,352,104.6290,-4.0515
330,11009,360,104.7241,-6.4146
330,11009,368,104.8438,-9.3629
330,11009,376,105.0250,-13.7269
330,11009,384,105.5344,-24.9223
330,11009,392,105.8264,-30.4161
330,11009,400,106.0301,-33.8401
330,11009,408,106.0785,-34.6071
330,11009,416,106.4597,-40.1431
330,11009,424,106.5094,-40.8093
330,11009,432,106.6666,-42.8523
330,11009,440,106.9394,-46.1831
330,11009,448,107.2206,-49.3383
330,11009,456,107.4914,-52.0472
330,11009,464,107.5581,-52.6525
330,11009,472,107.7690,-54.3897
330,11009,480,107.8999,-55.3351
330,11009,488,108.1905,-57.0967
330,11009,496,108.3067,-57.6841
330,11009,504,108.3330,-57.8074
330,11009,512,108.5440,-58.6634
330,11009,520,108.9302,-59.7829
330,11009,528,108.9954,-59.9291
330,11009,536,109.2193,-60.3443
330,11009,544,109.3619,-60.5495
330,11009,552,109.4327,-60.6366
330,11009,560,109.6072,-60.8067
330,11009,568,109.7438,-60.8984
330,11009,576,109.8122,-60.9319
330,11009,584,109.9009,-60.9636
330,11009,592,110.1030,-60.9840
330,11009,600,110.1946,-60.9724
330,11009,608,110.3897,-60.9138
330,11009,616,110.5360,-60.8488
330,11009,624,110.9659,-60.6102
330,11009,632,111.0850,-60.5481
330,11009,640,111.5630,-60.3220
330,11009,648,112.5214,-60.1821
330,11009,656,112.6125,-60.1937
330,11009,664,112.9600,-60.2397
330,11009,672,113.0567,-60.2529
330,11009,680,113.1840,-60.2643
330,11009,688,113.2861,-60.2618
330,11009,696,113.6833,-60.1686
330,11009,704,113.7097,-60.1604
330,11009,712,113.9150,-60.0658
330,11009,720,113.9920,-60.0210
330,11009,728,114.4254,-59.7269
330,11009,736,114.5144,-59.6662
330,11009,744,114.6140,-59.5973
330,11009,752,114.6998,-59.5350
330,11009,760,115.0737,-59.2039
330,11009,768,115.8016,-58.6594
330,11009,776,115.8708,-58.6255
330,11009,784,115.9274,-58.5985
330,11009,792,116.3285,-58.3976
330,11009,800,117.1744,-58.1369
330,11009,808,117.2182,-58.1333
330,11009,816,117.3961,-58.1039
330,11009,824,117.9257,-57.9904
330,11009,832,117.9941,-57.9799
330,11009,840,118.1272,-57.9560
330,11009,848,118.2882,-57.9234
330,11009,856,118.9228,-57.7915
330,11009,864,119.1526,-57.7740
330,11009,872,119.2962,-57.7654
330,11009,880,119.5294,-57.7413
330,11009,888,120.1940,-57.6755
330,11009,896,120.2817,-57.6745
330,11009,904,120.8167,-57.6670
330,11009,912,122.0821,-58.0655
330,11009,920,124.5579,-60.2181
330,11009,928,125.2215,-60.8686
330,11009,936,125.4402,-61.0663
330,11009,944,125.9452,-61.4357
330,11009,952,126.0086,-61.4753
330,11009,960,126.5069,-61.6947
330,11009,968,126.5396,-61.7063
330,11009,976,126.5982,-61.7262
330,11009,984,126.8196,-61.7652
330,11009,992,127.5968,-61.7075
330,11009,1000,129.4412,-61.9286
330,11009,1008,132.5451,-63.1072
330,11009,1016,138.3552,-64.4501
330,11009,1024,144.5074,-64.6842
330,11009,1032,150.6597,-64.6441
330,11009,1040,159.5786,-64.5849
330,11009,1048,183.3611,-64.5616
330,11009,1056,245.7659,-64.5609
330,11009,1064,353.8769,-64.5610
330,11009,1072,1322.5159,-64.5610
330,11010,0,0.0000,-65.0000
330,11010,8,0.0699,-64.9855
330,11010,16,0.6811,-64.9173
330,11010,24,5.5147,-64.6276
330,11010,32,14.0905,-64.5433
330,11010,40,22.6664,-64.5540
330,11010,48,36.8228,-64.5609
330,11010,56,100.0000,-64.5618
330,11010,64,100.0280,-64.5497
330,11010,72,100.0588,-64.5083
330,11010,80,100.0864,-64.4469
330,11010,88,100.1170,-64.3557
330,11010,96,100.2354,-63.7989
330,11010,104,100.5742,-61.2258
330,11010,112,100.7309,-59.8555
330,11010,120,100.9941,-57.5437
330,11010,128,101.0682,-56.8971
330,11010,136,101.4761,-53.2916
330,11010,144,101.6735,-51.3233
330,11010,152,101.7723,-50.1580
330,11010,160,101.8816,-48.5832
330,11010,168,101.9268,-47.7917
330,11010,176,102.0488,-44.9277
330,11010,184,102.2316,-36.1278
330,11010,192,102.2729,-32.8652
330,11010,200,102.3472,-26.1097
330,11010,208,102.4674,-15.0819
330,11010,216,102.6571,-0.6817
330,11010,224,102.7534,5.0096
330,11010,232,102.7959,7.1645
330,11010,240,102.8351,8.9567
330,11010,248,102.8560,9.8399
330,11010,256,102.9972,14.5565
330,11010,264,103.0360,15.4971
330,11010,272,103.2276,18.2919
330,11010,280,103.2961,18.6514
330,11010,288,103.4074,18.6584
330,11010,296,103.5760,17.5490
330,11010,304,103.6767,16.3709
330,11010,312,103.7934,14.6269
330,11010,320,103.8405,13.8223
330,11010,328,103.9779,11.2156
330,11010,336,104.1389,7.7661
330,11010,344,104.5334,-1.6752
330,11010,352,104.6290,-4.0515
330,11010,360,104.7241,-6.4146
330,11010,368,104.8438,-9.3629
330,11010,376,105.0250,-13.7269
330,11010,384,105.5344,-24.9223
330,11010,392,105.8264,-30.4161
330,11010,400,106.0301,-33.8401
330,11010,408,106.0785,-34.6071
330,11010,416,106.4597,-40.1431
330,11010,424,106.5094,-40.8093
330,11010,432,106.6666,-42.8523
330,11010,440,106.9394,-46.1831
330,11010,448,107.2206,-49.3383
330,11010,456,107.4914,-52.0472
330,11010,464,107.5581,-52.6525
330,11010,472,107.7690,-54.3897
330,11010,480,107.8999,-55.3351
330,11010,488,108.1905,-57.0967
330,11010,496,108.3067,-57.6841
330,11010,504,108.3330,-57.8074
330,11010,512,108.5440,-58.6634
330,11010,520,108.9302,-59.7829
330,11010,528,108.9954,-59.9291
330,11010,536,109.2193,-60.3443
330,11010,544,109.3619,-60.5495
330,11010,552,109.4327,-60.6366
330,11010,560,109.6072,-60.8067
330,11010,568,109.7438,-60.8984
330,11010,576,109.8122,-60.9319
330,11010,584,109.9009,-60.9636
330,11010,592,110.1030,-60.9840
330,11010,600,110.1946,-60.9724
330,11010,608,110.3897,-60.9138
330,11010,616,110.5360,-60.8488
330,11010,624,110.9659,-60.6102
330,11010,632,111.0850,-60.5481
330,11010,640,111.5630,-60.3220
330,11010,648,112.5214,-60.1821
330,11010,656,112.6125,-60.1937
330,11010,664,112.9600,-60.2397
330,11010,672,113.0567,-60.2529
330,11010,680,113.1840,-60.2643
330,11010,688,113.2861,-60.2618
330,11010,696,113.6833,-60.1686
330,11010,704,113.7097,-60.1604
330,11010,712,113.9150,-60.0658
330,11010,720,113.9920,-60.0210
330,11010,728,114.4254,-59.7269
330,11010,736,114.5144,-59.6662
330,11010,744,114.6140,-59.5973
330,11010,752,114.6998,-59.5350
330,11010,760,115.0737,-59.2039
330,11010,768,115.8016,-58.6594
330,11010,776,115.8708,-58.6255
330,11010,784,115.9274,-58.5985
330,11010,792,116.3285,-58.3976
330,11010,800,117.1744,-58.1369
330,11010,808,117.2182,-58.1333
330,11010,816,117.3961,-58.1039
330,11010,824,117.9257,-57.9904
330,11010,832,117.9941,-57.9799
330,11010,840,118.1272,-57.9560
330,11010,848,118.2882,-57.9234
330,11010,856,118.9228,-57.7915
330,11010,864,119.1526,-57.7740
330,11010,872,119.2962,-57.7654
330,11010,880,119.5294,-57.7413
330,11010,888,120.1940,-57.6755
330,11010,896,120.2817,-57.6745
330,11010,904,120.8167,-57.6670
330,11010,912,122.0821,-58.0655
330,11010,920,124.5579,-60.2181
330,11010,928,125.2215,-60.8686
330,11010,936,125.4402,-61.0663
330,11010,944,125.9452,-61.4357
330,11010,952,126.0086,-61.4753
330,11010,960,126.5069,-61.6947
330,11010,968,126.5396,-61.7063
330,11010,976,126.5982,-61.7262
330,11010,984,126.8196,-61.7652
330,11010,992,127.5968,-61.7075
330,11010,1000,129.4412,-61.9286
330,11010,1008,132.5451,-63.1072
330,11010,1016,138.3552,-64.4501
330,11010,1024,144.5074,-64.6842
330,11010,1032,150.6597,-64.6441
330,11010,1040,159.5786,-64.5849
330,11010,1048,183.3611,-64.5616
330,11010,1056,245.7659,-64.5609
330,11010,1064,353.8769,-64.5610
330,11010,1072,1322.5159,-64.5610
