angle_deg,trial_seed,sample_idx,t_ms,voltage_mv
0,1,0,0.0000,-65.0000
0,1,8,0.0699,-64.9855
0,1,16,0.6811,-64.9173
0,1,24,5.5147,-64.6276
0,1,32,14.0905,-64.5433
0,1,40,22.6664,-64.5540
0,1,48,36.8228,-64.5609
0,1,56,100.0000,-64.5618
0,1,64,100.0366,-64.5433
0,1,72,100.0556,-64.5187
0,1,80,100.0783,-64.4755
0,1,88,100.2268,-63.9242
0,1,96,100.3393,-63.2785
0,1,104,100.3939,-62.9194
0,1,112,100.4842,-62.2793
0,1,120,100.5539,-61.7607
0,1,128,100.7276,-60.4295
0,1,136,100.9962,-58.4454
0,1,144,101.0616,-57.9965
0,1,152,101.2036,-57.0656
0,1,160,101.6499,-54.4682
0,1,168,102.0683,-51.9777
0,1,176,102.3932,-48.5485
0,1,184,102.6348,-41.1270
0,1,192,102.6800,-38.4175
0,1,200,102.7061,-36.5925
0,1,208,102.7452,-33.5724
0,1,216,102.8153,-27.6567
0,1,224,102.9000,-20.6334
0,1,232,102.9391,-17.6097
0,1,240,103.0600,-9.2950
0,1,248,103.1206,-5.7355
0,1,256,103.3788,4.9687
0,1,264,103.7102,9.5153
0,1,272,103.7720,9.5154
0,1,280,104.0298,7.5758
0,1,288,104.0739,6.9924
0,1,296,104.4166,0.8344
0,1,304,104.7309,-6.3122
0,1,312,104.8352,-8.8253
0,1,320,105.0100,-13.0900
0,1,328,105.1221,-15.8245
0,1,336,105.5280,-25.3829
0,1,344,106.0612,-36.4007
0,1,352,106.2400,-39.6826
0,1,360,106.4784,-43.8281
0,1,368,106.6119,-46.0668
0,1,376,107.0311,-52.6870
0,1,384,107.4200,-57.7453
0,1,392,107.4702,-58.2898
0,1,400,107.6541,-60.0543
0,1,408,107.9851,-62.4513
0,1,416,108.1294,-63.2462
0,1,424,108.2713,-63.9086
0,1,432,108.3496,-64.2258
0,1,440,108.4004,-64.4116
0,1,448,108.5811,-64.9581
0,1,456,108.6650,-65.1618
0,1,464,109.0321,-65.7780
0,1,472,109.2375,-66.0070
0,1,480,109.3130,-66.0752
0,1,488,109.3758,-66.1223
0,1,496,109.6450,-66.2303
0,1,504,109.7385,-66.2461
0,1,512,110.1000,-66.2526
0,1,520,110.1897,-66.2492
0,1,528,110.8211,-66.2231
0,1,536,110.9897,-66.2380
0,1,544,111.2250,-66.2561
0,1,552,111.2857,-66.2603
0,1,560,111.3508,-66.2625
0,1,568,111.5132,-66.2570
0,1,576,111.5704,-66.2511
0,1,584,111.6333,-66.2402
0,1,592,111.7401,-66.2136
0,1,600,111.9172,-66.1493
0,1,608,112.0206,-66.1034
0,1,616,112.1358,-66.0470
0,1,624,112.2551,-65.9827
0,1,632,112.2932,-65.9599
0,1,640,112.5050,-65.8061
0,1,648,112.5985,-65.7289
0,1,656,113.0595,-65.3592
0,1,664,113.2250,-65.2647
0,1,672,113.3521,-65.1973
0,1,680,113.4290,-65.1554
0,1,688,113.6201,-65.0541
0,1,696,113.7571,-64.9867
0,1,704,113.8430,-64.9459
0,1,712,114.2977,-64.7640
0,1,720,115.3835,-65.0022
0,1,728,115.7092,-65.2300
0,1,736,115.8907,-65.3688
0,1,744,116.0688,-65.5001
0,1,752,116.2200,-65.5999
0,1,760,116.2600,-65.6238
0,1,768,116.3358,-65.6653
0,1,776,116.7989,-65.8190
0,1,784,117.6050,-66.0920
0,1,792,117.7026,-66.1344
0,1,800,117.7882,-66.1675
0,1,808,118.2207,-66.2924
0,1,816,118.8750,-66.4978
0,1,824,118.9823,-66.5405
0,1,832,119.3500,-66.6721
0,1,840,119.4109,-66.6928
0,1,848,119.5200,-66.7233
0,1,856,120.0471,-66.7678
0,1,864,120.8750,-66.9172
0,1,872,121.0116,-66.9545
0,1,880,121.6243,-67.0917
0,1,888,121.9102,-67.1715
0,1,896,122.1700,-67.2280
0,1,904,122.2487,-67.2392
0,1,912,122.7938,-67.2537
0,1,920,124.0496,-67.4861
0,1,928,124.1412,-67.5153
0,1,936,124.5143,-67.5939
0,1,944,125.5649,-67.7966
0,1,952,128.3067,-68.5154
0,1,960,130.8650,-68.8349
0,1,968,130.9496,-68.8362
0,1,976,131.3947,-68.7761
0,1,984,132.5422,-68.5776
0,1,992,133.7552,-68.4908
0,1,1000,133.8736,-68.4813
0,1,1008,134.4029,-68.3690
0,1,1016,135.7913,-68.1363
0,1,1024,139.3331,-68.0898
0,1,1032,145.1505,-67.7817
0,1,1040,152.7985,-67.0803
0,1,1048,169.4654,-65.8467
0,1,1056,189.0881,-65.0818
0,1,1064,230.0752,-64.6299
0,1,1072,273.4277,-64.5693
0,1,1080,312.7275,-64.5632
0,1,1088,352.0273,-64.5616
0,1,1096,432.9176,-64.5611
0,2,0,0.0000,-65.0000
0,2,8,0.0699,-64.9855
0,2,16,0.6811,-64.9173
0,2,24,5.5147,-64.6276
0,2,32,14.0905,-64.5433
0,2,40,22.6664,-64.5540
0,2,48,36.8228,-64.5609
0,2,56,100.0000,-64.5618
0,2,64,100.0366,-64.5433
0,2,72,100.0556,-64.5187
0,2,80,100.0783,-64.4755
0,2,88,100.2268,-63.9242
0,2,96,100.3393,-63.2785
0,2,104,100.3939,-62.9194
0,2,112,100.4842,-62.2793
0,2,120,100.5539,-61.7607
0,2,128,100.7276,-60.4295
0,2,136,100.9962,-58.4454
0,2,144,101.0616,-57.9965
0,2,152,101.2036,-57.0656
0,2,160,101.6499,-54.4682
0,2,168,102.0683,-51.9777
0,2,176,102.3932,-48.5485
0,2,184,102.6348,-41.1270
0,2,192,102.6800,-38.4175
0,2,200,102.7061,-36.5925
0,2,208,102.7452,-33.5724
0,2,216,102.8153,-27.6567
0,2,224,102.9000,-20.6334
0,2,232,102.9391,-17.6097
0,2,240,103.0600,-9.2950
0,2,248,103.1206,-5.7355
0,2,256,103.3788,4.9687
0,2,264,103.7102,9.5153
0,2,272,103.7720,9.5154
0,2,280,104.0298,7.5758
0,2,288,104.0739,6.9924
0,2,296,104.4166,0.8344
0,2,304,104.7309,-6.3122
0,2,312,104.8352,-8.8253
0,2,320,105.0100,-13.0900
0,2,328,105.1221,-15.8245
0,2,336,105.5280,-25.3829
0,2,344,106.0612,-36.4007
0,2,352,106.2400,-39.6826
0,2,360,106.4784,-43.8281
0,2,368,106.6119,-46.0668
0,2,376,107.0311,-52.6870
0,2,384,107.4200,-57.7453
0,2,392,107.4702,-58.2898
0,2,400,107.6541,-60.0543
0,2,408,107.9851,-62.4513
0,2,416,108.1294,-63.2462
0,2,424,108.2713,-63.9086
0,2,432,108.3496,-64.2258
0,2,440,108.4004,-64.4116
0,2,448,108.5811,-64.9581
0,2,456,108.6650,-65.1618
0,2,464,109.0321,-65.7780
0,2,472,109.2375,-66.0070
0,2,480,109.3130,-66.0752
0,2,488,109.3758,-66.1223
0,2,496,109.6450,-66.2303
0,2,504,109.7385,-66.2461
0,2,512,110.1000,-66.2526
0,2,520,110.1897,-66.2492
0,2,528,110.8211,-66.2231
0,2,536,110.9897,-66.2380
0,2,544,111.2250,-66.2561
0,2,552,111.2857,-66.2603
0,2,560,111.3508,-66.2625
0,2,568,111.5132,-66.2570
0,2,576,111.5704,-66.2511
0,2,584,111.6333,-66.2402
0,2,592,111.7401,-66.2136
0,2,600,111.9172,-66.1493
0,2,608,112.0206,-66.1034
0,2,616,112.1358,-66.0470
0,2,624,112.2551,-65.9827
0,2,632,112.2932,-65.9599
0,2,640,112.5050,-65.8061
0,2,648,112.5985,-65.7289
0,2,656,113.0595,-65.3592
0,2,664,113.2250,-65.2647
0,2,672,113.3521,-65.1973
0,2,680,113.4290,-65.1554
0,2,688,113.6201,-65.0541
0,2,696,113.7571,-64.9867
0,2,704,113.8430,-64.9459
0,2,712,114.2977,-64.7640
0,2,720,115.3835,-65.0022
0,2,728,115.7092,-65.2300
0,2,736,115.8907,-65.3688
0,2,744,116.0688,-65.5001
0,2,752,116.2200,-65.5999
0,2,760,116.2600,-65.6238
0,2,768,116.3358,-65.6653
0,2,776,116.7989,-65.8190
0,2,784,117.6050,-66.0920
0,2,792,117.7026,-66.1344
0,2,800,117.7882,-66.1675
0,2,808,118.2207,-66.2924
0,2,816,118.8750,-66.4978
0,2,824,118.9823,-66.5405
0,2,832,119.3500,-66.6721
0,2,840,119.4109,-66.6928
0,2,848,119.5200,-66.7233
0,2,856,120.0471,-66.7678
0,2,864,120.8750,-66.9172
0,2,872,121.0116,-66.9545
0,2,880,121.6243,-67.0917
0,2,888,121.9102,-67.1715
0,2,896,122.1700,-67.2280
0,2,904,122.2487,-67.2392
0,2,912,122.7938,-67.2537
0,2,920,124.0496,-67.4861
0,2,928,124.1412,-67.5153
0,2,936,124.5143,-67.5939
0,2,944,125.5649,-67.7966
0,2,952,128.3067,-68.5154
0,2,960,130.8650,-68.8349
0,2,968,130.9496,-68.8362
0,2,976,131.3947,-68.7761
0,2,984,132.5422,-68.5776
0,2,992,133.7552,-68.4908
0,2,1000,133.8736,-68.4813
0,2,1008,134.4029,-68.3690
0,2,1016,135.7913,-68.1363
0,2,1024,139.3331,-68.0898
0,2,1032,145.1505,-67.7817
0,2,1040,152.7985,-67.0803
0,2,1048,169.4654,-65.8467
0,2,1056,189.0881,-65.0818
0,2,1064,230.0752,-64.6299
0,2,1072,273.4277,-64.5693
0,2,1080,312.7275,-64.5632
0,2,1088,352.0273,-64.5616
0,2,1096,432.9176,-64.5611
0,3,0,0.0000,-65.0000
0,3,8,0.0699,-64.9855
0,3,16,0.6811,-64.9173
0,3,24,5.5147,-64.6276
0,3,32,14.0905,-64.5433
0,3,40,22.6664,-64.5540
0,3,48,36.8228,-64.5609
0,3,56,100.0000,-64.5618
0,3,64,100.0366,-64.5433
0,3,72,100.0556,-64.5187
0,3,80,100.0783,-64.4755
0,3,88,100.2268,-63.9242
0,3,96,100.3393,-63.2785
0,3,104,100.3939,-62.9194
0,3,112,100.4842,-62.2793
0,3,120,100.5539,-61.7607
0,3,128,100.7276,-60.4295
0,3,136,100.9962,-58.4454
0,3,144,101.0616,-57.9965
0,3,152,101.2036,-57.0656
0,3,160,101.6499,-54.4682
0,3,168,102.0683,-51.9777
0,3,176,102.3932,-48.5485
0,3,184,102.6348,-41.1270
0,3,192,102.6800,-38.4175
0,3,200,102.7061,-36.5925
0,3,208,102.7452,-33.5724
0,3,216,102.8153,-27.6567
0,3,224,102.9000,-20.6334
0,3,232,102.9391,-17.6097
0,3,240,103.0600,-9.2950
0,3,248,103.1206,-5.7355
0,3,256,103.3788,4.9687
0,3,264,103.7102,9.5153
0,3,272,103.7720,9.5154
0,3,280,104.0298,7.5758
0,3,288,104.0739,6.9924
0,3,296,104.4166,0.8344
0,3,304,104.7309,-6.3122
0,3,312,104.8352,-8.8253
0,3,320,105.0100,-13.0900
0,3,328,105.1221,-15.8245
0,3,336,105.5280,-25.3829
0,3,344,106.0612,-36.4007
0,3,352,106.2400,-39.6826
0,3,360,106.4784,-43.8281
0,3,368,106.6119,-46.0668
0,3,376,107.0311,-52.6870
0,3,384,107.4200,-57.7453
0,3,392,107.4702,-58.2898
0,3,400,107.6541,-60.0543
0,3,408,107.9851,-62.4513
0,3,416,108.1294,-63.2462
0,3,424,108.2713,-63.9086
0,3,432,108.3496,-64.2258
0,3,440,108.4004,-64.4116
0,3,448,108.5811,-64.9581
0,3,456,108.6650,-65.1618
0,3,464,109.0321,-65.7780
0,3,472,109.2375,-66.0070
0,3,480,109.3130,-66.0752
0,3,488,109.3758,-66.1223
0,3,496,109.6450,-66.2303
0,3,504,109.7385,-66.2461
0,3,512,110.1000,-66.2526
0,3,520,110.1897,-66.2492
0,3,528,110.8211,-66.2231
0,3,536,110.9897,-66.2380
0,3,544,111.2250,-66.2561
0,3,552,111.2857,-66.2603
0,3,560,111.3508,-66.2625
0,3,568,111.5132,-66.2570
0,3,576,111.5704,-66.2511
0,3,584,111.6333,-66.2402
0,3,592,111.7401,-66.2136
0,3,600,111.9172,-66.1493
0,3,608,112.0206,-66.1034
0,3,616,112.1358,-66.0470
0,3,624,112.2551,-65.9827
0,3,632,112.2932,-65.9599
0,3,640,112.5050,-65.8061
0,3,648,112.5985,-65.7289
0,3,656,113.0595,-65.3592
0,3,664,113.2250,-65.2647
0,3,672,113.3521,-65.1973
0,3,680,113.4290,-65.1554
0,3,688,113.6201,-65.0541
0,3,696,113.7571,-64.9867
0,3,704,113.8430,-64.9459
0,3,712,114.2977,-64.7640
0,3,720,115.3835,-65.0022
0,3,728,115.7092,-65.2300
0,3,736,115.8907,-65.3688
0,3,744,116.0688,-65.5001
0,3,752,116.2200,-65.5999
0,3,760,116.2600,-65.6238
0,3,768,116.3358,-65.6653
0,3,776,116.7989,-65.8190
0,3,784,117.6050,-66.0920
0,3,792,117.7026,-66.1344
0,3,800,117.7882,-66.1675
0,3,808,118.2207,-66.2924
0,3,816,118.8750,-66.4978
0,3,824,118.9823,-66.5405
0,3,832,119.3500,-66.6721
0,3,840,119.4109,-66.6928
0,3,848,119.5200,-66.7233
0,3,856,120.0471,-66.7678
0,3,864,120.8750,-66.9172
0,3,872,121.0116,-66.9545
0,3,880,121.6243,-67.0917
0,3,888,121.9102,-67.1715
0,3,896,122.1700,-67.2280
0,3,904,122.2487,-67.2392
0,3,912,122.7938,-67.2537
0,3,920,124.0496,-67.4861
0,3,928,124.1412,-67.5153
0,3,936,124.5143,-67.5939
0,3,944,125.5649,-67.7966
0,3,952,128.3067,-68.5154
0,3,960,130.8650,-68.8349
0,3,968,130.9496,-68.8362
0,3,976,131.3947,-68.7761
0,3,984,132.5422,-68.5776
0,3,992,133.7552,-68.4908
0,3,1000,133.8736,-68.4813
0,3,1008,134.4029,-68.3690
0,3,1016,135.7913,-68.1363
0,3,1024,139.3331,-68.0898
0,3,1032,145.1505,-67.7817
0,3,1040,152.7985,-67.0803
0,3,1048,169.4654,-65.8467
0,3,1056,189.0881,-65.0818
0,3,1064,230.0752,-64.6299
0,3,1072,273.4277,-64.5693
0,3,1080,312.7275,-64.5632
0,3,1088,352.0273,-64.5616
0,3,1096,432.9176,-64.5611
0,4,0,0.0000,-65.0000
0,4,8,0.0699,-64.9855
0,4,16,0.6811,-64.9173
0,4,24,5.5147,-64.6276
0,4,32,14.0905,-64.5433
0,4,40,22.6664,-64.5540
0,4,48,36.8228,-64.5609
0,4,56,100.0000,-64.5618
0,4,64,100.0366,-64.5433
0,4,72,100.0556,-64.5187
0,4,80,100.0783,-64.4755
0,4,88,100.2268,-63.9242
0,4,96,100.3393,-63.2785
0,4,104,100.3939,-62.9194
0,4,112,100.4842,-62.2793
0,4,120,100.5539,-61.7607
0,4,128,100.7276,-60.4295
0,4,136,100.9962,-58.4454
0,4,144,101.0616,-57.9965
0,4,152,101.2036,-57.0656
0,4,160,101.6499,-54.4682
0,4,168,102.0683,-51.9777
0,4,176,102.3932,-48.5485
0,4,184,102.6348,-41.1270
0,4,192,102.6800,-38.4175
0,4,200,102.7061,-36.5925
0,4,208,102.7452,-33.5724
0,4,216,102.8153,-27.6567
0,4,224,102.9000,-20.6334
0,4,232,102.9391,-17.6097
0,4,240,103.0600,-9.2950
0,4,248,103.1206,-5.7355
0,4,256,103.3788,4.9687
0,4,264,103.7102,9.5153
0,4,272,103.7720,9.5154
0,4,280,104.0298,7.5758
0,4,288,104.0739,6.9924
0,4,296,104.4166,0.8344
0,4,304,104.7309,-6.3122
0,4,312,104.8352,-8.8253
0,4,320,105.0100,-13.0900
0,4,328,105.1221,-15.8245
0,4,336,105.5280,-25.3829
0,4,344,106.0612,-36.4007
0,4,352,106.2400,-39.6826
0,4,360,106.4784,-43.8281
0,4,368,106.6119,-46.0668
0,4,376,107.0311,-52.6870
0,4,384,107.4200,-57.7453
0,4,392,107.4702,-58.2898
0,4,400,107.6541,-60.0543
0,4,408,107.9851,-62.4513
0,4,416,108.1294,-63.2462
0,4,424,108.2713,-63.9086
0,4,432,108.3496,-64.2258
0,4,440,108.4004,-64.4116
0,4,448,108.5811,-64.9581
0,4,456,108.6650,-65.1618
0,4,464,109.0321,-65.7780
0,4,472,109.2375,-66.0070
0,4,480,109.3130,-66.0752
0,4,488,109.3758,-66.1223
0,4,496,109.6450,-66.2303
0,4,504,109.7385,-66.2461
0,4,512,110.1000,-66.2526
0,4,520,110.1897,-66.2492
0,4,528,110.8211,-66.2231
0,4,536,110.9897,-66.2380
0,4,544,111.2250,-66.2561
0,4,552,111.2857,-66.2603
0,4,560,111.3508,-66.2625
0,4,568,111.5132,-66.2570
0,4,576,111.5704,-66.2511
0,4,584,111.6333,-66.2402
0,4,592,111.7401,-66.2136
0,4,600,111.9172,-66.1493
0,4,608,112.0206,-66.1034
0,4,616,112.1358,-66.0470
0,4,624,112.2551,-65.9827
0,4,632,112.2932,-65.9599
0,4,640,112.5050,-65.8061
0,4,648,112.5985,-65.7289
0,4,656,113.0595,-65.3592
0,4,664,113.2250,-65.2647
0,4,672,113.3521,-65.1973
0,4,680,113.4290,-65.1554
0,4,688,113.6201,-65.0541
0,4,696,113.7571,-64.9867
0,4,704,113.8430,-64.9459
0,4,712,114.2977,-64.7640
0,4,720,115.3835,-65.0022
0,4,728,115.7092,-65.2300
0,4,736,115.8907,-65.3688
0,4,744,116.0688,-65.5001
0,4,752,116.2200,-65.5999
0,4,760,116.2600,-65.6238
0,4,768,116.3358,-65.6653
0,4,776,116.7989,-65.8190
0,4,784,117.6050,-66.0920
0,4,792,117.7026,-66.1344
0,4,800,117.7882,-66.1675
0,4,808,118.2207,-66.2924
0,4,816,118.8750,-66.4978
0,4,824,118.9823,-66.5405
0,4,832,119.3500,-66.6721
0,4,840,119.4109,-66.6928
0,4,848,119.5200,-66.7233
0,4,856,120.0471,-66.7678
0,4,864,120.8750,-66.9172
0,4,872,121.0116,-66.9545
0,4,880,121.6243,-67.0917
0,4,888,121.9102,-67.1715
0,4,896,122.1700,-67.2280
0,4,904,122.2487,-67.2392
0,4,912,122.7938,-67.2537
0,4,920,124.0496,-67.4861
0,4,928,124.1412,-67.5153
0,4,936,124.5143,-67.5939
0,4,944,125.5649,-67.7966
0,4,952,128.3067,-68.5154
0,4,960,130.8650,-68.8349
0,4,968,130.9496,-68.8362
0,4,976,131.3947,-68.7761
0,4,984,132.5422,-68.5776
0,4,992,133.7552,-68.4908
0,4,1000,133.8736,-68.4813
0,4,1008,134.4029,-68.3690
0,4,1016,135.7913,-68.1363
0,4,1024,139.3331,-68.0898
0,4,1032,145.1505,-67.7817
0,4,1040,152.7985,-67.0803
0,4,1048,169.4654,-65.8467
0,4,1056,189.0881,-65.0818
0,4,1064,230.0752,-64.6299
0,4,1072,273.4277,-64.5693
0,4,1080,312.7275,-64.5632
0,4,1088,352.0273,-64.5616
0,4,1096,432.9176,-64.5611
0,5,0,0.0000,-65.0000
0,5,8,0.0699,-64.9855
0,5,16,0.6811,-64.9173
0,5,24,5.5147,-64.6276
0,5,32,14.0905,-64.5433
0,5,40,22.6664,-64.5540
0,5,48,36.8228,-64.5609
0,5,56,100.0000,-64.5618
0,5,64,100.0366,-64.5433
0,5,72,100.0556,-64.5187
0,5,80,100.0783,-64.4755
0,5,88,100.2268,-63.9242
0,5,96,100.3393,-63.2785
0,5,104,100.3939,-62.9194
0,5,112,100.4842,-62.2793
0,5,120,100.5539,-61.7607
0,5,128,100.7276,-60.4295
0,5,136,100.9962,-58.4454
0,5,144,101.0616,-57.9965
0,5,152,101.2036,-57.0656
0,5,160,101.6499,-54.4682
0,5,168,102.0683,-51.9777
0,5,176,102.3932,-48.5485
0,5,184,102.6348,-41.1270
0,5,192,102.6800,-38.4175
0,5,200,102.7061,-36.5925
0,5,208,102.7452,-33.5724
0,5,216,102.8153,-27.6567
0,5,224,102.9000,-20.6334
0,5,232,102.9391,-17.6097
0,5,240,103.0600,-9.2950
0,5,248,103.1206,-5.7355
0,5,256,103.3788,4.9687
0,5,264,103.7102,9.5153
0,5,272,103.7720,9.5154
0,5,280,104.0298,7.5758
0,5,288,104.0739,6.9924
0,5,296,104.4166,0.8344
0,5,304,104.7309,-6.3122
0,5,312,104.8352,-8.8253
0,5,320,105.0100,-13.0900
0,5,328,105.1221,-15.8245
0,5,336,105.5280,-25.3829
0,5,344,106.0612,-36.4007
0,5,352,106.2400,-39.6826
0,5,360,106.4784,-43.8281
0,5,368,106.6119,-46.0668
0,5,376,107.0311,-52.6870
0,5,384,107.4200,-57.7453
0,5,392,107.4702,-58.2898
0,5,400,107.6541,-60.0543
0,5,408,107.9851,-62.4513
0,5,416,108.1294,-63.2462
0,5,424,108.2713,-63.9086
0,5,432,108.3496,-64.2258
0,5,440,108.4004,-64.4116
0,5,448,108.5811,-64.9581
0,5,456,108.6650,-65.1618
0,5,464,109.0321,-65.7780
0,5,472,109.2375,-66.0070
0,5,480,109.3130,-66.0752
0,5,488,109.3758,-66.1223
0,5,496,109.6450,-66.2303
0,5,504,109.7385,-66.2461
0,5,512,110.1000,-66.2526
0,5,520,110.1897,-66.2492
0,5,528,110.8211,-66.2231
0,5,536,110.9897,-66.2380
0,5,544,111.2250,-66.2561
0,5,552,111.2857,-66.2603
0,5,560,111.3508,-66.2625
0,5,568,111.5132,-66.2570
0,5,576,111.5704,-66.2511
0,5,584,111.6333,-66.2402
0,5,592,111.7401,-66.2136
0,5,600,111.9172,-66.1493
0,5,608,112.0206,-66.1034
0,5,616,112.1358,-66.0470
0,5,624,112.2551,-65.9827
0,5,632,112.2932,-65.9599
0,5,640,112.5050,-65.8061
0,5,648,112.5985,-65.7289
0,5,656,113.0595,-65.3592
0,5,664,113.2250,-65.2647
0,5,672,113.3521,-65.1973
0,5,680,113.4290,-65.1554
0,5,688,113.6201,-65.0541
0,5,696,113.7571,-64.9867
0,5,704,113.8430,-64.9459
0,5,712,114.2977,-64.7640
0,5,720,115.3835,-65.0022
0,5,728,115.7092,-65.2300
0,5,736,115.8907,-65.3688
0,5,744,116.0688,-65.5001
0,5,752,116.2200,-65.5999
0,5,760,116.2600,-65.6238
0,5,768,116.3358,-65.6653
0,5,776,116.7989,-65.8190
0,5,784,117.6050,-66.0920
0,5,792,117.7026,-66.1344
0,5,800,117.7882,-66.1675
0,5,808,118.2207,-66.2924
0,5,816,118.8750,-66.4978
0,5,824,118.9823,-66.5405
0,5,832,119.3500,-66.6721
0,5,840,119.4109,-66.6928
0,5,848,119.5200,-66.7233
0,5,856,120.0471,-66.7678
0,5,864,120.8750,-66.9172
0,5,872,121.0116,-66.9545
0,5,880,121.6243,-67.0917
0,5,888,121.9102,-67.1715
0,5,896,122.1700,-67.2280
0,5,904,122.2487,-67.2392
0,5,912,122.7938,-67.2537
0,5,920,124.0496,-67.4861
0,5,928,124.1412,-67.5153
0,5,936,124.5143,-67.5939
0,5,944,125.5649,-67.7966
0,5,952,128.3067,-68.5154
0,5,960,130.8650,-68.8349
0,5,968,130.9496,-68.8362
0,5,976,131.3947,-68.7761
0,5,984,132.5422,-68.5776
0,5,992,133.7552,-68.4908
0,5,1000,133.8736,-68.4813
0,5,1008,134.4029,-68.3690
0,5,1016,135.7913,-68.1363
0,5,1024,139.3331,-68.0898
0,5,1032,145.1505,-67.7817
0,5,1040,152.7985,-67.0803
0,5,1048,169.4654,-65.8467
0,5,1056,189.0881,-65.0818
0,5,1064,230.0752,-64.6299
0,5,1072,273.4277,-64.5693
0,5,1080,312.7275,-64.5632
0,5,1088,352.0273,-64.5616
0,5,1096,432.9176,-64.5611
0,6,0,0.0000,-65.0000
0,6,8,0.0699,-64.9855
0,6,16,0.6811,-64.9173
0,6,24,5.5147,-64.6276
0,6,32,14.0905,-64.5433
0,6,40,22.6664,-64.5540
0,6,48,36.8228,-64.5609
0,6,56,100.0000,-64.5618
0,6,64,100.0366,-64.5433
0,6,72,100.0556,-64.5187
0,6,80,100.0783,-64.4755
0,6,88,100.2268,-63.9242
0,6,96,100.3393,-63.2785
0,6,104,100.3939,-62.9194
0,6,112,100.4842,-62.2793
0,6,120,100.5539,-61.7607
0,6,128,100.7276,-60.4295
0,6,136,100.9962,-58.4454
0,6,144,101.0616,-57.9965
0,6,152,101.2036,-57.0656
0,6,160,101.6499,-54.4682
0,6,168,102.0683,-51.9777
0,6,176,102.3932,-48.5485
0,6,184,102.6348,-41.1270
0,6,192,102.6800,-38.4175
0,6,200,102.7061,-36.5925
0,6,208,102.7452,-33.5724
0,6,216,102.8153,-27.6567
0,6,224,102.9000,-20.6334
0,6,232,102.9391,-17.6097
0,6,240,103.0600,-9.2950
0,6,248,103.1206,-5.7355
0,6,256,103.3788,4.9687
0,6,264,103.7102,9.5153
0,6,272,103.7720,9.5154
0,6,280,104.0298,7.5758
0,6,288,104.0739,6.9924
0,6,296,104.4166,0.8344
0,6,304,104.7309,-6.3122
0,6,312,104.8352,-8.8253
0,6,320,105.0100,-13.0900
0,6,328,105.1221,-15.8245
0,6,336,105.5280,-25.3829
0,6,344,106.0612,-36.4007
0,6,352,106.2400,-39.6826
0,6,360,106.4784,-43.8281
0,6,368,106.6119,-46.0668
0,6,376,107.0311,-52.6870
0,6,384,107.4200,-57.7453
0,6,392,107.4702,-58.2898
0,6,400,107.6541,-60.0543
0,6,408,107.9851,-62.4513
0,6,416,108.1294,-63.2462
0,6,424,108.2713,-63.9086
0,6,432,108.3496,-64.2258
0,6,440,108.4004,-64.4116
0,6,448,108.5811,-64.9581
0,6,456,108.6650,-65.1618
0,6,464,109.0321,-65.7780
0,6,472,109.2375,-66.0070
0,6,480,109.3130,-66.0752
0,6,488,109.3758,-66.1223
0,6,496,109.6450,-66.2303
0,6,504,109.7385,-66.2461
0,6,512,110.1000,-66.2526
0,6,520,110.1897,-66.2492
0,6,528,110.8211,-66.2231
0,6,536,110.9897,-66.2380
0,6,544,111.2250,-66.2561
0,6,552,111.2857,-66.2603
0,6,560,111.3508,-66.2625
0,6,568,111.5132,-66.2570
0,6,576,111.5704,-66.2511
0,6,584,111.6333,-66.2402
0,6,592,111.7401,-66.2136
0,6,600,111.9172,-66.1493
0,6,608,112.0206,-66.1034
0,6,616,112.1358,-66.0470
0,6,624,112.2551,-65.9827
0,6,632,112.2932,-65.9599
0,6,640,112.5050,-65.8061
0,6,648,112.5985,-65.7289
0,6,656,113.0595,-65.3592
0,6,664,113.2250,-65.2647
0,6,672,113.3521,-65.1973
0,6,680,113.4290,-65.1554
0,6,688,113.6201,-65.0541
0,6,696,113.7571,-64.9867
0,6,704,113.8430,-64.9459
0,6,712,114.2977,-64.7640
0,6,720,115.3835,-65.0022
0,6,728,115.7092,-65.2300
0,6,736,115.8907,-65.3688
0,6,744,116.0688,-65.5001
0,6,752,116.2200,-65.5999
0,6,760,116.2600,-65.6238
0,6,768,116.3358,-65.6653
0,6,776,116.7989,-65.8190
0,6,784,117.6050,-66.0920
0,6,792,117.7026,-66.1344
0,6,800,117.7882,-66.1675
0,6,808,118.2207,-66.2924
0,6,816,118.8750,-66.4978
0,6,824,118.9823,-66.5405
0,6,832,119.3500,-66.6721
0,6,840,119.4109,-66.6928
0,6,848,119.5200,-66.7233
0,6,856,120.0471,-66.7678
0,6,864,120.8750,-66.9172
0,6,872,121.0116,-66.9545
0,6,880,121.6243,-67.0917
0,6,888,121.9102,-67.1715
0,6,896,122.1700,-67.2280
0,6,904,122.2487,-67.2392
0,6,912,122.7938,-67.2537
0,6,920,124.0496,-67.4861
0,6,928,124.1412,-67.5153
0,6,936,124.5143,-67.5939
0,6,944,125.5649,-67.7966
0,6,952,128.3067,-68.5154
0,6,960,130.8650,-68.8349
0,6,968,130.9496,-68.8362
0,6,976,131.3947,-68.7761
0,6,984,132.5422,-68.5776
0,6,992,133.7552,-68.4908
0,6,1000,133.8736,-68.4813
0,6,1008,134.4029,-68.3690
0,6,1016,135.7913,-68.1363
0,6,1024,139.3331,-68.0898
0,6,1032,145.1505,-67.7817
0,6,1040,152.7985,-67.0803
0,6,1048,169.4654,-65.8467
0,6,1056,189.0881,-65.0818
0,6,1064,230.0752,-64.6299
0,6,1072,273.4277,-64.5693
0,6,1080,312.7275,-64.5632
0,6,1088,352.0273,-64.5616
0,6,1096,432.9176,-64.5611
0,7,0,0.0000,-65.0000
0,7,8,0.0699,-64.9855
0,7,16,0.6811,-64.9173
0,7,24,5.5147,-64.6276
0,7,32,14.0905,-64.5433
0,7,40,22.6664,-64.5540
0,7,48,36.8228,-64.5609
0,7,56,100.0000,-64.5618
0,7,64,100.0366,-64.5433
0,7,72,100.0556,-64.5187
0,7,80,100.0783,-64.4755
0,7,88,100.2268,-63.9242
0,7,96,100.3393,-63.2785
0,7,104,100.3939,-62.9194
0,7,112,100.4842,-62.2793
0,7,120,100.5539,-61.7607
0,7,128,100.7276,-60.4295
0,7,136,100.9962,-58.4454
0,7,144,101.0616,-57.9965
0,7,152,101.2036,-57.0656
0,7,160,101.6499,-54.4682
0,7,168,102.0683,-51.9777
0,7,176,102.3932,-48.5485
0,7,184,102.6348,-41.1270
0,7,192,102.6800,-38.4175
0,7,200,102.7061,-36.5925
0,7,208,102.7452,-33.5724
0,7,216,102.8153,-27.6567
0,7,224,102.9000,-20.6334
0,7,232,102.9391,-17.6097
0,7,240,103.0600,-9.2950
0,7,248,103.1206,-5.7355
0,7,256,103.3788,4.9687
0,7,264,103.7102,9.5153
0,7,272,103.7720,9.5154
0,7,280,104.0298,7.5758
0,7,288,104.0739,6.9924
0,7,296,104.4166,0.8344
0,7,304,104.7309,-6.3122
0,7,312,104.8352,-8.8253
0,7,320,105.0100,-13.0900
0,7,328,105.1221,-15.8245
0,7,336,105.5280,-25.3829
0,7,344,106.0612,-36.4007
0,7,352,106.2400,-39.6826
0,7,360,106.4784,-43.8281
0,7,368,106.6119,-46.0668
0,7,376,107.0311,-52.6870
0,7,384,107.4200,-57.7453
0,7,392,107.4702,-58.2898
0,7,400,107.6541,-60.0543
0,7,408,107.9851,-62.4513
0,7,416,108.1294,-63.2462
0,7,424,108.2713,-63.9086
0,7,432,108.3496,-64.2258
0,7,440,108.4004,-64.4116
0,7,448,108.5811,-64.9581
0,7,456,108.6650,-65.1618
0,7,464,109.0321,-65.7780
0,7,472,109.2375,-66.0070
0,7,480,109.3130,-66.0752
0,7,488,109.3758,-66.1223
0,7,496,109.6450,-66.2303
0,7,504,109.7385,-66.2461
0,7,512,110.1000,-66.2526
0,7,520,110.1897,-66.2492
0,7,528,110.8211,-66.2231
0,7,536,110.9897,-66.2380
0,7,544,111.2250,-66.2561
0,7,552,111.2857,-66.2603
0,7,560,111.3508,-66.2625
0,7,568,111.5132,-66.2570
0,7,576,111.5704,-66.2511
0,7,584,111.6333,-66.2402
0,7,592,111.7401,-66.2136
0,7,600,111.9172,-66.1493
0,7,608,112.0206,-66.1034
0,7,616,112.1358,-66.0470
0,7,624,112.2551,-65.9827
0,7,632,112.2932,-65.9599
0,7,640,112.5050,-65.8061
0,7,648,112.5985,-65.7289
0,7,656,113.0595,-65.3592
0,7,664,113.2250,-65.2647
0,7,672,113.3521,-65.1973
0,7,680,113.4290,-65.1554
0,7,688,113.6201,-65.0541
0,7,696,113.7571,-64.9867
0,7,704,113.8430,-64.9459
0,7,712,114.2977,-64.7640
0,7,720,115.3835,-65.0022
0,7,728,115.7092,-65.2300
0,7,736,115.8907,-65.3688
0,7,744,116.0688,-65.5001
0,7,752,116.2200,-65.5999
0,7,760,116.2600,-65.6238
0,7,768,116.3358,-65.6653
0,7,776,116.7989,-65.8190
0,7,784,117.6050,-66.0920
0,7,792,117.7026,-66.1344
0,7,800,117.7882,-66.1675
0,7,808,118.2207,-66.2924
0,7,816,118.8750,-66.4978
0,7,824,118.9823,-66.5405
0,7,832,119.3500,-66.6721
0,7,840,119.4109,-66.6928
0,7,848,119.5200,-66.7233
0,7,856,120.0471,-66.7678
0,7,864,120.8750,-66.9172
0,7,872,121.0116,-66.9545
0,7,880,121.6243,-67.0917
0,7,888,121.9102,-67.1715
0,7,896,122.1700,-67.2280
0,7,904,122.2487,-67.2392
0,7,912,122.7938,-67.2537
0,7,920,124.0496,-67.4861
0,7,928,124.1412,-67.5153
0,7,936,124.5143,-67.5939
0,7,944,125.5649,-67.7966
0,7,952,128.3067,-68.5154
0,7,960,130.8650,-68.8349
0,7,968,130.9496,-68.8362
0,7,976,131.3947,-68.7761
0,7,984,132.5422,-68.5776
0,7,992,133.7552,-68.4908
0,7,1000,133.8736,-68.4813
0,7,1008,134.4029,-68.3690
0,7,1016,135.7913,-68.1363
0,7,1024,139.3331,-68.0898
0,7,1032,145.1505,-67.7817
0,7,1040,152.7985,-67.0803
0,7,1048,169.4654,-65.8467
0,7,1056,189.0881,-65.0818
0,7,1064,230.0752,-64.6299
0,7,1072,273.4277,-64.5693
0,7,1080,312.7275,-64.5632
0,7,1088,352.0273,-64.5616
0,7,1096,432.9176,-64.5611
0,8,0,0.0000,-65.0000
0,8,8,0.0699,-64.9855
0,8,16,0.6811,-64.9173
0,8,24,5.5147,-64.6276
0,8,32,14.0905,-64.5433
0,8,40,22.6664,-64.5540
0,8,48,36.8228,-64.5609
0,8,56,100.0000,-64.5618
0,8,64,100.0366,-64.5433
0,8,72,100.0556,-64.5187
0,8,80,100.0783,-64.4755
0,8,88,100.2268,-63.9242
0,8,96,100.3393,-63.2785
0,8,104,100.3939,-62.9194
0,8,112,100.4842,-62.2793
0,8,120,100.5539,-61.7607
0,8,128,100.7276,-60.4295
0,8,136,100.9962,-58.4454
0,8,144,101.0616,-57.9965
0,8,152,101.2036,-57.0656
0,8,160,101.6499,-54.4682
0,8,168,102.0683,-51.9777
0,8,176,102.3932,-48.5485
0,8,184,102.6348,-41.1270
0,8,192,102.6800,-38.4175
0,8,200,102.7061,-36.5925
0,8,208,102.7452,-33.5724
0,8,216,102.8153,-27.6567
0,8,224,102.9000,-20.6334
0,8,232,102.9391,-17.6097
0,8,240,103.0600,-9.2950
0,8,248,103.1206,-5.7355
0,8,256,103.3788,4.9687
0,8,264,103.7102,9.5153
0,8,272,103.7720,9.5154
0,8,280,104.0298,7.5758
0,8,288,104.0739,6.9924
0,8,296,104.4166,0.8344
0,8,304,104.7309,-6.3122
0,8,312,104.8352,-8.8253
0,8,320,105.0100,-13.0900
0,8,328,105.1221,-15.8245
0,8,336,105.5280,-25.3829
0,8,344,106.0612,-36.4007
0,8,352,106.2400,-39.6826
0,8,360,106.4784,-43.8281
0,8,368,106.6119,-46.0668
0,8,376,107.0311,-52.6870
0,8,384,107.4200,-57.7453
0,8,392,107.4702,-58.2898
0,8,400,107.6541,-60.0543
0,8,408,107.9851,-62.4513
0,8,416,108.1294,-63.2462
0,8,424,108.2713,-63.9086
0,8,432,108.3496,-64.2258
0,8,440,108.4004,-64.4116
0,8,448,108.5811,-64.9581
0,8,456,108.6650,-65.1618
0,8,464,109.0321,-65.7780
0,8,472,109.2375,-66.0070
0,8,480,109.3130,-66.0752
0,8,488,109.3758,-66.1223
0,8,496,109.6450,-66.2303
0,8,504,109.7385,-66.2461
0,8,512,110.1000,-66.2526
0,8,520,110.1897,-66.2492
0,8,528,110.8211,-66.2231
0,8,536,110.9897,-66.2380
0,8,544,111.2250,-66.2561
0,8,552,111.2857,-66.2603
0,8,560,111.3508,-66.2625
0,8,568,111.5132,-66.2570
0,8,576,111.5704,-66.2511
0,8,584,111.6333,-66.2402
0,8,592,111.7401,-66.2136
0,8,600,111.9172,-66.1493
0,8,608,112.0206,-66.1034
0,8,616,112.1358,-66.0470
0,8,624,112.2551,-65.9827
0,8,632,112.2932,-65.9599
0,8,640,112.5050,-65.8061
0,8,648,112.5985,-65.7289
0,8,656,113.0595,-65.3592
0,8,664,113.2250,-65.2647
0,8,672,113.3521,-65.1973
0,8,680,113.4290,-65.1554
0,8,688,113.6201,-65.0541
0,8,696,113.7571,-64.9867
0,8,704,113.8430,-64.9459
0,8,712,114.2977,-64.7640
0,8,720,115.3835,-65.0022
0,8,728,115.7092,-65.2300
0,8,736,115.8907,-65.3688
0,8,744,116.0688,-65.5001
0,8,752,116.2200,-65.5999
0,8,760,116.2600,-65.6238
0,8,768,116.3358,-65.6653
0,8,776,116.7989,-65.8190
0,8,784,117.6050,-66.0920
0,8,792,117.7026,-66.1344
0,8,800,117.7882,-66.1675
0,8,808,118.2207,-66.2924
0,8,816,118.8750,-66.4978
0,8,824,118.9823,-66.5405
0,8,832,119.3500,-66.6721
0,8,840,119.4109,-66.6928
0,8,848,119.5200,-66.7233
0,8,856,120.0471,-66.7678
0,8,864,120.8750,-66.9172
0,8,872,121.0116,-66.9545
0,8,880,121.6243,-67.0917
0,8,888,121.9102,-67.1715
0,8,896,122.1700,-67.2280
0,8,904,122.2487,-67.2392
0,8,912,122.7938,-67.2537
0,8,920,124.0496,-67.4861
0,8,928,124.1412,-67.5153
0,8,936,124.5143,-67.5939
0,8,944,125.5649,-67.7966
0,8,952,128.3067,-68.5154
0,8,960,130.8650,-68.8349
0,8,968,130.9496,-68.8362
0,8,976,131.3947,-68.7761
0,8,984,132.5422,-68.5776
0,8,992,133.7552,-68.4908
0,8,1000,133.8736,-68.4813
0,8,1008,134.4029,-68.3690
0,8,1016,135.7913,-68.1363
0,8,1024,139.3331,-68.0898
0,8,1032,145.1505,-67.7817
0,8,1040,152.7985,-67.0803
0,8,1048,169.4654,-65.8467
0,8,1056,189.0881,-65.0818
0,8,1064,230.0752,-64.6299
0,8,1072,273.4277,-64.5693
0,8,1080,312.7275,-64.5632
0,8,1088,352.0273,-64.5616
0,8,1096,432.9176,-64.5611
0,9,0,0.0000,-65.0000
0,9,8,0.0699,-64.9855
0,9,16,0.6811,-64.9173
0,9,24,5.5147,-64.6276
0,9,32,14.0905,-64.5433
0,9,40,22.6664,-64.5540
0,9,48,36.8228,-64.5609
0,9,56,100.0000,-64.5618
0,9,64,100.0366,-64.5433
0,9,72,100.0556,-64.5187
0,9,80,100.0783,-64.4755
0,9,88,100.2268,-63.9242
0,9,96,100.3393,-63.2785
0,9,104,100.3939,-62.9194
0,9,112,100.4842,-62.2793
0,9,120,100.5539,-61.7607
0,9,128,100.7276,-60.4295
0,9,136,100.9962,-58.4454
0,9,144,101.0616,-57.9965
0,9,152,101.2036,-57.0656
0,9,160,101.6499,-54.4682
0,9,168,102.0683,-51.9777
0,9,176,102.3932,-48.5485
0,9,184,102.6348,-41.1270
0,9,192,102.6800,-38.4175
0,9,200,102.7061,-36.5925
0,9,208,102.7452,-33.5724
0,9,216,102.8153,-27.6567
0,9,224,102.9000,-20.6334
0,9,232,102.9391,-17.6097
0,9,240,103.0600,-9.2950
0,9,248,103.1206,-5.7355
0,9,256,103.3788,4.9687
0,9,264,103.7102,9.5153
0,9,272,103.7720,9.5154
0,9,280,104.0298,7.5758
0,9,288,104.0739,6.9924
0,9,296,104.4166,0.8344
0,9,304,104.7309,-6.3122
0,9,312,104.8352,-8.8253
0,9,320,105.0100,-13.0900
0,9,328,105.1221,-15.8245
0,9,336,105.5280,-25.3829
0,9,344,106.0612,-36.4007
0,9,352,106.2400,-39.6826
0,9,360,106.4784,-43.8281
0,9,368,106.6119,-46.0668
0,9,376,107.0311,-52.6870
0,9,384,107.4200,-57.7453
0,9,392,107.4702,-58.2898
0,9,400,107.6541,-60.0543
0,9,408,107.9851,-62.4513
0,9,416,108.1294,-63.2462
0,9,424,108.2713,-63.9086
0,9,432,108.3496,-64.2258
0,9,440,108.4004,-64.4116
0,9,448,108.5811,-64.9581
0,9,456,108.6650,-65.1618
0,9,464,109.0321,-65.7780
0,9,472,109.2375,-66.0070
0,9,480,109.3130,-66.0752
0,9,488,109.3758,-66.1223
0,9,496,109.6450,-66.2303
0,9,504,109.7385,-66.2461
0,9,512,110.1000,-66.2526
0,9,520,110.1897,-66.2492
0,9,528,110.8211,-66.2231
0,9,536,110.9897,-66.2380
0,9,544,111.2250,-66.2561
0,9,552,111.2857,-66.2603
0,9,560,111.3508,-66.2625
0,9,568,111.5132,-66.2570
0,9,576,111.5704,-66.2511
0,9,584,111.6333,-66.2402
0,9,592,111.7401,-66.2136
0,9,600,111.9172,-66.1493
0,9,608,112.0206,-66.1034
0,9,616,112.1358,-66.0470
0,9,624,112.2551,-65.9827
0,9,632,112.2932,-65.9599
0,9,640,112.5050,-65.8061
0,9,648,112.5985,-65.7289
0,9,656,113.0595,-65.3592
0,9,664,113.2250,-65.2647
0,9,672,113.3521,-65.1973
0,9,680,113.4290,-65.1554
0,9,688,113.6201,-65.0541
0,9,696,113.7571,-64.9867
0,9,704,113.8430,-64.9459
0,9,712,114.2977,-64.7640
0,9,720,115.3835,-65.0022
0,9,728,115.7092,-65.2300
0,9,736,115.8907,-65.3688
0,9,744,116.0688,-65.5001
0,9,752,116.2200,-65.5999
0,9,760,116.2600,-65.6238
0,9,768,116.3358,-65.6653
0,9,776,116.7989,-65.8190
0,9,784,117.6050,-66.0920
0,9,792,117.7026,-66.1344
0,9,800,117.7882,-66.1675
0,9,808,118.2207,-66.2924
0,9,816,118.8750,-66.4978
0,9,824,118.9823,-66.5405
0,9,832,119.3500,-66.6721
0,9,840,119.4109,-66.6928
0,9,848,119.5200,-66.7233
0,9,856,120.0471,-66.7678
0,9,864,120.8750,-66.9172
0,9,872,121.0116,-66.9545
0,9,880,121.6243,-67.0917
0,9,888,121.9102,-67.1715
0,9,896,122.1700,-67.2280
0,9,904,122.2487,-67.2392
0,9,912,122.7938,-67.2537
0,9,920,124.0496,-67.4861
0,9,928,124.1412,-67.5153
0,9,936,124.5143,-67.5939
0,9,944,125.5649,-67.7966
0,9,952,128.3067,-68.5154
0,9,960,130.8650,-68.8349
0,9,968,130.9496,-68.8362
0,9,976,131.3947,-68.7761
0,9,984,132.5422,-68.5776
0,9,992,133.7552,-68.4908
0,9,1000,133.8736,-68.4813
0,9,1008,134.4029,-68.3690
0,9,1016,135.7913,-68.1363
0,9,1024,139.3331,-68.0898
0,9,1032,145.1505,-67.7817
0,9,1040,152.7985,-67.0803
0,9,1048,169.4654,-65.8467
0,9,1056,189.0881,-65.0818
0,9,1064,230.0752,-64.6299
0,9,1072,273.4277,-64.5693
0,9,1080,312.7275,-64.5632
0,9,1088,352.0273,-64.5616
0,9,1096,432.9176,-64.5611
0,10,0,0.0000,-65.0000
0,10,8,0.0699,-64.9855
0,10,16,0.6811,-64.9173
0,10,24,5.5147,-64.6276
0,10,32,14.0905,-64.5433
0,10,40,22.6664,-64.5540
0,10,48,36.8228,-64.5609
0,10,56,100.0000,-64.5618
0,10,64,100.0366,-64.5433
0,10,72,100.0556,-64.5187
0,10,80,100.0783,-64.4755
0,10,88,100.2268,-63.9242
0,10,96,100.3393,-63.2785
0,10,104,100.3939,-62.9194
0,10,112,100.4842,-62.2793
0,10,120,100.5539,-61.7607
0,10,128,100.7276,-60.4295
0,10,136,100.9962,-58.4454
0,10,144,101.0616,-57.9965
0,10,152,101.2036,-57.0656
0,10,160,101.6499,-54.4682
0,10,168,102.0683,-51.9777
0,10,176,102.3932,-48.5485
0,10,184,102.6348,-41.1270
0,10,192,102.6800,-38.4175
0,10,200,102.7061,-36.5925
0,10,208,102.7452,-33.5724
0,10,216,102.8153,-27.6567
0,10,224,102.9000,-20.6334
0,10,232,102.9391,-17.6097
0,10,240,103.0600,-9.2950
0,10,248,103.1206,-5.7355
0,10,256,103.3788,4.9687
0,10,264,103.7102,9.5153
0,10,272,103.7720,9.5154
0,10,280,104.0298,7.5758
0,10,288,104.0739,6.9924
0,10,296,104.4166,0.8344
0,10,304,104.7309,-6.3122
0,10,312,104.8352,-8.8253
0,10,320,105.0100,-13.0900
0,10,328,105.1221,-15.8245
0,10,336,105.5280,-25.3829
0,10,344,106.0612,-36.4007
0,10,352,106.2400,-39.6826
0,10,360,106.4784,-43.8281
0,10,368,106.6119,-46.0668
0,10,376,107.0311,-52.6870
0,10,384,107.4200,-57.7453
0,10,392,107.4702,-58.2898
0,10,400,107.6541,-60.0543
0,10,408,107.9851,-62.4513
0,10,416,108.1294,-63.2462
0,10,424,108.2713,-63.9086
0,10,432,108.3496,-64.2258
0,10,440,108.4004,-64.4116
0,10,448,108.5811,-64.9581
0,10,456,108.6650,-65.1618
0,10,464,109.0321,-65.7780
0,10,472,109.2375,-66.0070
0,10,480,109.3130,-66.0752
0,10,488,109.3758,-66.1223
0,10,496,109.6450,-66.2303
0,10,504,109.7385,-66.2461
0,10,512,110.1000,-66.2526
0,10,520,110.1897,-66.2492
0,10,528,110.8211,-66.2231
0,10,536,110.9897,-66.2380
0,10,544,111.2250,-66.2561
0,10,552,111.2857,-66.2603
0,10,560,111.3508,-66.2625
0,10,568,111.5132,-66.2570
0,10,576,111.5704,-66.2511
0,10,584,111.6333,-66.2402
0,10,592,111.7401,-66.2136
0,10,600,111.9172,-66.1493
0,10,608,112.0206,-66.1034
0,10,616,112.1358,-66.0470
0,10,624,112.2551,-65.9827
0,10,632,112.2932,-65.9599
0,10,640,112.5050,-65.8061
0,10,648,112.5985,-65.7289
0,10,656,113.0595,-65.3592
0,10,664,113.2250,-65.2647
0,10,672,113.3521,-65.1973
0,10,680,113.4290,-65.1554
0,10,688,113.6201,-65.0541
0,10,696,113.7571,-64.9867
0,10,704,113.8430,-64.9459
0,10,712,114.2977,-64.7640
0,10,720,115.3835,-65.0022
0,10,728,115.7092,-65.2300
0,10,736,115.8907,-65.3688
0,10,744,116.0688,-65.5001
0,10,752,116.2200,-65.5999
0,10,760,116.2600,-65.6238
0,10,768,116.3358,-65.6653
0,10,776,116.7989,-65.8190
0,10,784,117.6050,-66.0920
0,10,792,117.7026,-66.1344
0,10,800,117.7882,-66.1675
0,10,808,118.2207,-66.2924
0,10,816,118.8750,-66.4978
0,10,824,118.9823,-66.5405
0,10,832,119.3500,-66.6721
0,10,840,119.4109,-66.6928
0,10,848,119.5200,-66.7233
0,10,856,120.0471,-66.7678
0,10,864,120.8750,-66.9172
0,10,872,121.0116,-66.9545
0,10,880,121.6243,-67.0917
0,10,888,121.9102,-67.1715
0,10,896,122.1700,-67.2280
0,10,904,122.2487,-67.2392
0,10,912,122.7938,-67.2537
0,10,920,124.0496,-67.4861
0,10,928,124.1412,-67.5153
0,10,936,124.5143,-67.5939
0,10,944,125.5649,-67.7966
0,10,952,128.3067,-68.5154
0,10,960,130.8650,-68.8349
0,10,968,130.9496,-68.8362
0,10,976,131.3947,-68.7761
0,10,984,132.5422,-68.5776
0,10,992,133.7552,-68.4908
0,10,1000,133.8736,-68.4813
0,10,1008,134.4029,-68.3690
0,10,1016,135.7913,-68.1363
0,10,1024,139.3331,-68.0898
0,10,1032,145.1505,-67.7817
0,10,1040,152.7985,-67.0803
0,10,1048,169.4654,-65.8467
0,10,1056,189.0881,-65.0818
0,10,1064,230.0752,-64.6299
0,10,1072,273.4277,-64.5693
0,10,1080,312.7275,-64.5632
0,10,1088,352.0273,-64.5616
0,10,1096,432.9176,-64.5611
30,1001,0,0.0000,-65.0000
30,1001,8,0.0699,-64.9855
30,1001,16,0.6811,-64.9173
30,1001,24,5.5147,-64.6276
30,1001,32,14.0905,-64.5433
30,1001,40,22.6664,-64.5540
30,1001,48,36.8228,-64.5609
30,1001,56,100.0000,-64.5618
30,1001,64,100.0376,-64.5444
30,1001,72,100.0889,-64.4692
30,1001,80,100.1265,-64.3816
30,1001,88,100.2043,-64.1177
30,1001,96,100.3848,-63.1963
30,1001,104,100.5077,-62.4173
30,1001,112,100.9302,-59.5962
30,1001,120,101.5744,-56.3021
30,1001,128,101.6341,-56.0632
30,1001,136,101.8460,-55.2591
30,1001,144,101.9148,-55.0032
30,1001,152,101.9823,-54.7500
30,1001,160,102.0311,-54.5642
30,1001,168,102.4116,-52.8843
30,1001,176,102.5730,-51.8926
30,1001,184,102.7207,-50.6200
30,1001,192,102.9240,-47.4994
30,1001,200,102.9728,-46.2558
30,1001,208,103.1147,-40.2754
30,1001,216,103.2447,-30.6725
30,1001,224,103.2942,-26.5280
30,1001,232,103.4277,-16.1340
30,1001,240,103.5448,-8.5257
30,1001,248,103.6345,-3.6870
30,1001,256,103.7554,1.4757
30,1001,264,103.8425,4.2461
30,1001,272,103.9010,5.6883
30,1001,280,104.0346,7.8477
30,1001,288,104.1579,8.6358
30,1001,296,104.2512,8.5990
30,1001,304,104.6249,4.6115
30,1001,312,104.6646,3.9282
30,1001,320,104.9295,-1.3903
30,1001,328,104.9807,-2.5359
30,1001,336,105.0392,-3.8784
30,1001,344,105.3846,-12.2368
30,1001,352,105.7506,-21.1587
30,1001,360,105.9190,-25.0822
30,1001,368,106.0248,-27.4601
30,1001,376,106.5322,-37.7948
30,1001,384,107.1630,-48.7926
30,1001,392,107.2204,-49.7317
30,1001,400,107.3134,-51.2234
30,1001,408,107.5964,-55.3792
30,1001,416,107.6143,-55.6179
30,1001,424,107.7243,-57.0045
30,1001,432,107.9250,-59.1827
30,1001,440,108.0499,-60.3158
30,1001,448,108.1067,-60.7786
30,1001,456,108.2305,-61.6833
30,1001,464,108.2918,-62.0816
30,1001,472,108.3061,-62.1698
30,1001,480,108.4063,-62.7327
30,1001,488,108.5038,-63.1956
30,1001,496,108.5695,-63.4657
30,1001,504,108.7755,-64.1385
30,1001,512,108.9087,-64.4615
30,1001,520,109.1904,-64.9483
30,1001,528,109.3413,-65.1350
30,1001,536,109.9145,-65.6057
30,1001,544,110.4637,-65.9807
30,1001,552,110.6730,-66.1191
30,1001,560,110.7925,-66.1893
30,1001,568,110.8394,-66.2137
30,1001,576,110.9809,-66.2684
30,1001,584,111.0865,-66.2918
30,1001,592,111.1696,-66.2975
30,1001,600,111.4265,-66.2547
30,1001,608,111.5101,-66.2328
30,1001,616,112.0417,-66.0973
30,1001,624,112.0965,-66.0904
30,1001,632,112.3616,-66.0692
30,1001,640,112.4519,-66.0666
30,1001,648,112.7380,-66.0660
30,1001,656,112.9263,-66.0800
30,1001,664,113.2531,-66.1074
30,1001,672,113.8565,-66.2596
30,1001,680,114.0390,-66.3296
30,1001,688,114.2094,-66.3919
30,1001,696,114.5052,-66.4891
30,1001,704,115.4432,-66.8469
30,1001,712,115.9036,-67.0940
30,1001,720,116.1186,-67.1973
30,1001,728,116.4800,-67.3471
30,1001,736,116.6425,-67.4023
30,1001,744,116.7181,-67.4219
30,1001,752,117.2493,-67.4847
30,1001,760,117.3015,-67.4878
30,1001,768,117.5061,-67.4853
30,1001,776,117.6231,-67.4731
30,1001,784,117.9041,-67.4268
30,1001,792,117.9710,-67.4157
30,1001,800,118.0784,-67.3946
30,1001,808,118.2589,-67.3399
30,1001,816,118.9080,-67.1634
30,1001,824,119.2251,-67.1541
30,1001,832,119.2775,-67.1560
30,1001,840,119.4740,-67.1422
30,1001,848,120.1888,-67.0936
30,1001,856,121.5985,-67.5266
30,1001,864,121.6637,-67.5540
30,1001,872,122.0985,-67.6885
30,1001,880,122.1234,-67.6953
30,1001,888,122.3527,-67.7416
30,1001,896,122.4858,-67.7583
30,1001,904,122.7242,-67.7602
30,1001,912,122.9207,-67.7473
30,1001,920,123.0072,-67.7405
30,1001,928,123.1276,-67.7190
30,1001,936,123.2102,-67.6957
30,1001,944,123.2889,-67.6662
30,1001,952,123.7038,-67.4187
30,1001,960,124.5330,-67.0866
30,1001,968,124.6769,-67.0669
30,1001,976,125.3071,-67.0313
30,1001,984,126.6685,-67.4202
30,1001,992,126.8943,-67.5184
30,1001,1000,127.1607,-67.6111
30,1001,1008,127.7864,-67.7703
30,1001,1016,127.8365,-67.7829
30,1001,1024,128.0502,-67.8227
30,1001,1032,128.7547,-67.9000
30,1001,1040,130.3510,-68.2377
30,1001,1048,132.5202,-68.7073
30,1001,1056,132.5960,-68.7168
30,1001,1064,133.0419,-68.7054
30,1001,1072,134.1489,-68.6182
30,1001,1080,137.3696,-68.6681
30,1001,1088,142.0922,-68.4808
30,1001,1096,149.0513,-67.8015
30,1001,1104,164.8069,-66.3706
30,1001,1112,184.0663,-65.3402
30,1001,1120,201.9189,-64.8952
30,1001,1128,229.9138,-64.6437
30,1001,1136,269.4020,-64.5728
30,1001,1144,332.1175,-64.5616
30,1001,1152,839.8006,-64.5610
30,1002,0,0.0000,-65.0000
30,1002,8,0.0699,-64.9855
30,1002,16,0.6811,-64.9173
30,1002,24,5.5147,-64.6276
30,1002,32,14.0905,-64.5433
30,1002,40,22.6664,-64.5540
30,1002,48,36.8228,-64.5609
30,1002,56,100.0000,-64.5618
30,1002,64,100.0376,-64.5444
30,1002,72,100.0889,-64.4692
30,1002,80,100.1265,-64.3816
30,1002,88,100.2043,-64.1177
30,1002,96,100.3848,-63.1963
30,1002,104,100.5077,-62.4173
30,1002,112,100.9302,-59.5962
30,1002,120,101.5744,-56.3021
30,1002,128,101.6341,-56.0632
30,1002,136,101.8460,-55.2591
30,1002,144,101.9148,-55.0032
30,1002,152,101.9823,-54.7500
30,1002,160,102.0311,-54.5642
30,1002,168,102.4116,-52.8843
30,1002,176,102.5730,-51.8926
30,1002,184,102.7207,-50.6200
30,1002,192,102.9240,-47.4994
30,1002,200,102.9728,-46.2558
30,1002,208,103.1147,-40.2754
30,1002,216,103.2447,-30.6725
30,1002,224,103.2942,-26.5280
30,1002,232,103.4277,-16.1340
30,1002,240,103.5448,-8.5257
30,1002,248,103.6345,-3.6870
30,1002,256,103.7554,1.4757
30,1002,264,103.8425,4.2461
30,1002,272,103.9010,5.6883
30,1002,280,104.0346,7.8477
30,1002,288,104.1579,8.6358
30,1002,296,104.2512,8.5990
30,1002,304,104.6249,4.6115
30,1002,312,104.6646,3.9282
30,1002,320,104.9295,-1.3903
30,1002,328,104.9807,-2.5359
30,1002,336,105.0392,-3.8784
30,1002,344,105.3846,-12.2368
30,1002,352,105.7506,-21.1587
30,1002,360,105.9190,-25.0822
30,1002,368,106.0248,-27.4601
30,1002,376,106.5322,-37.7948
30,1002,384,107.1630,-48.7926
30,1002,392,107.2204,-49.7317
30,1002,400,107.3134,-51.2234
30,1002,408,107.5964,-55.3792
30,1002,416,107.6143,-55.6179
30,1002,424,107.7243,-57.0045
30,1002,432,107.9250,-59.1827
30,1002,440,108.0499,-60.3158
30,1002,448,108.1067,-60.7786
30,1002,456,108.2305,-61.6833
30,1002,464,108.2918,-62.0816
30,1002,472,108.3061,-62.1698
30,1002,480,108.4063,-62.7327
30,1002,488,108.5038,-63.1956
30,1002,496,108.5695,-63.4657
30,1002,504,108.7755,-64.1385
30,1002,512,108.9087,-64.4615
30,1002,520,109.1904,-64.9483
30,1002,528,109.3413,-65.1350
30,1002,536,109.9145,-65.6057
30,1002,544,110.4637,-65.9807
30,1002,552,110.6730,-66.1191
30,1002,560,110.7925,-66.1893
30,1002,568,110.8394,-66.2137
30,1002,576,110.9809,-66.2684
30,1002,584,111.0865,-66.2918
30,1002,592,111.1696,-66.2975
30,1002,600,111.4265,-66.2547
30,1002,608,111.5101,-66.2328
30,1002,616,112.0417,-66.0973
30,1002,624,112.0965,-66.0904
30,1002,632,112.3616,-66.0692
30,1002,640,112.4519,-66.0666
30,1002,648,112.7380,-66.0660
30,1002,656,112.9263,-66.0800
30,1002,664,113.2531,-66.1074
30,1002,672,113.8565,-66.2596
30,1002,680,114.0390,-66.3296
30,1002,688,114.2094,-66.3919
30,1002,696,114.5052,-66.4891
30,1002,704,115.4432,-66.8469
30,1002,712,115.9036,-67.0940
30,1002,720,116.1186,-67.1973
30,1002,728,116.4800,-67.3471
30,1002,736,116.6425,-67.4023
30,1002,744,116.7181,-67.4219
30,1002,752,117.2493,-67.4847
30,1002,760,117.3015,-67.4878
30,1002,768,117.5061,-67.4853
30,1002,776,117.6231,-67.4731
30,1002,784,117.9041,-67.4268
30,1002,792,117.9710,-67.4157
30,1002,800,118.0784,-67.3946
30,1002,808,118.2589,-67.3399
30,1002,816,118.9080,-67.1634
30,1002,824,119.2251,-67.1541
30,1002,832,119.2775,-67.1560
30,1002,840,119.4740,-67.1422
30,1002,848,120.1888,-67.0936
30,1002,856,121.5985,-67.5266
30,1002,864,121.6637,-67.5540
30,1002,872,122.0985,-67.6885
30,1002,880,122.1234,-67.6953
30,1002,888,122.3527,-67.7416
30,1002,896,122.4858,-67.7583
30,1002,904,122.7242,-67.7602
30,1002,912,122.9207,-67.7473
30,1002,920,123.0072,-67.7405
30,1002,928,123.1276,-67.7190
30,1002,936,123.2102,-67.6957
30,1002,944,123.2889,-67.6662
30,1002,952,123.7038,-67.4187
30,1002,960,124.5330,-67.0866
30,1002,968,124.6769,-67.0669
30,1002,976,125.3071,-67.0313
30,1002,984,126.6685,-67.4202
30,1002,992,126.8943,-67.5184
30,1002,1000,127.1607,-67.6111
30,1002,1008,127.7864,-67.7703
30,1002,1016,127.8365,-67.7829
30,1002,1024,128.0502,-67.8227
30,1002,1032,128.7547,-67.9000
30,1002,1040,130.3510,-68.2377
30,1002,1048,132.5202,-68.7073
30,1002,1056,132.5960,-68.7168
30,1002,1064,133.0419,-68.7054
30,1002,1072,134.1489,-68.6182
30,1002,1080,137.3696,-68.6681
30,1002,1088,142.0922,-68.4808
30,1002,1096,149.0513,-67.8015
30,1002,1104,164.8069,-66.3706
30,1002,1112,184.0663,-65.3402
30,1002,1120,201.9189,-64.8952
30,1002,1128,229.9138,-64.6437
30,1002,1136,269.4020,-64.5728
30,1002,1144,332.1175,-64.5616
30,1002,1152,839.8006,-64.5610
30,1003,0,0.0000,-65.0000
30,1003,8,0.0699,-64.9855
30,1003,16,0.6811,-64.9173
30,1003,24,5.5147,-64.6276
30,1003,32,14.0905,-64.5433
30,1003,40,22.6664,-64.5540
30,1003,48,36.8228,-64.5609
30,1003,56,100.0000,-64.5618
30,1003,64,100.0376,-64.5444
30,1003,72,100.0889,-64.4692
30,1003,80,100.1265,-64.3816
30,1003,88,100.2043,-64.1177
30,1003,96,100.3848,-63.1963
30,1003,104,100.5077,-62.4173
30,1003,112,100.9302,-59.5962
30,1003,120,101.5744,-56.3021
30,1003,128,101.6341,-56.0632
30,1003,136,101.8460,-55.2591
30,1003,144,101.9148,-55.0032
30,1003,152,101.9823,-54.7500
30,1003,160,102.0311,-54.5642
30,1003,168,102.4116,-52.8843
30,1003,176,102.5730,-51.8926
30,1003,184,102.7207,-50.6200
30,1003,192,102.9240,-47.4994
30,1003,200,102.9728,-46.2558
30,1003,208,103.1147,-40.2754
30,1003,216,103.2447,-30.6725
30,1003,224,103.2942,-26.5280
30,1003,232,103.4277,-16.1340
30,1003,240,103.5448,-8.5257
30,1003,248,103.6345,-3.6870
30,1003,256,103.7554,1.4757
30,1003,264,103.8425,4.2461
30,1003,272,103.9010,5.6883
30,1003,280,104.0346,7.8477
30,1003,288,104.1579,8.6358
30,1003,296,104.2512,8.5990
30,1003,304,104.6249,4.6115
30,1003,312,104.6646,3.9282
30,1003,320,104.9295,-1.3903
30,1003,328,104.9807,-2.5359
30,1003,336,105.0392,-3.8784
30,1003,344,105.3846,-12.2368
30,1003,352,105.7506,-21.1587
30,1003,360,105.9190,-25.0822
30,1003,368,106.0248,-27.4601
30,1003,376,106.5322,-37.7948
30,1003,384,107.1630,-48.7926
30,1003,392,107.2204,-49.7317
30,1003,400,107.3134,-51.2234
30,1003,408,107.5964,-55.3792
30,1003,416,107.6143,-55.6179
30,1003,424,107.7243,-57.0045
30,1003,432,107.9250,-59.1827
30,1003,440,108.0499,-60.3158
30,1003,448,108.1067,-60.7786
30,1003,456,108.2305,-61.6833
30,1003,464,108.2918,-62.0816
30,1003,472,108.3061,-62.1698
30,1003,480,108.4063,-62.7327
30,1003,488,108.5038,-63.1956
30,1003,496,108.5695,-63.4657
30,1003,504,108.7755,-64.1385
30,1003,512,108.9087,-64.4615
30,1003,520,109.1904,-64.9483
30,1003,528,109.3413,-65.1350
30,1003,536,109.9145,-65.6057
30,1003,544,110.4637,-65.9807
30,1003,552,110.6730,-66.1191
30,1003,560,110.7925,-66.1893
30,1003,568,110.8394,-66.2137
30,1003,576,110.9809,-66.2684
30,1003,584,111.0865,-66.2918
30,1003,592,111.1696,-66.2975
30,1003,600,111.4265,-66.2547
30,1003,608,111.5101,-66.2328
30,1003,616,112.0417,-66.0973
30,1003,624,112.0965,-66.0904
30,1003,632,112.3616,-66.0692
30,1003,640,112.4519,-66.0666
30,1003,648,112.7380,-66.0660
30,1003,656,112.9263,-66.0800
30,1003,664,113.2531,-66.1074
30,1003,672,113.8565,-66.2596
30,1003,680,114.0390,-66.3296
30,1003,688,114.2094,-66.3919
30,1003,696,114.5052,-66.4891
30,1003,704,115.4432,-66.8469
30,1003,712,115.9036,-67.0940
30,1003,720,116.1186,-67.1973
30,1003,728,116.4800,-67.3471
30,1003,736,116.6425,-67.4023
30,1003,744,116.7181,-67.4219
30,1003,752,117.2493,-67.4847
30,1003,760,117.3015,-67.4878
30,1003,768,117.5061,-67.4853
30,1003,776,117.6231,-67.4731
30,1003,784,117.9041,-67.4268
30,1003,792,117.9710,-67.4157
30,1003,800,118.0784,-67.3946
30,1003,808,118.2589,-67.3399
30,1003,816,118.9080,-67.1634
30,1003,824,119.2251,-67.1541
30,1003,832,119.2775,-67.1560
30,1003,840,119.4740,-67.1422
30,1003,848,120.1888,-67.0936
30,1003,856,121.5985,-67.5266
30,1003,864,121.6637,-67.5540
30,1003,872,122.0985,-67.6885
30,1003,880,122.1234,-67.6953
30,1003,888,122.3527,-67.7416
30,1003,896,122.4858,-67.7583
30,1003,904,122.7242,-67.7602
30,1003,912,122.9207,-67.7473
30,1003,920,123.0072,-67.7405
30,1003,928,123.1276,-67.7190
30,1003,936,123.2102,-67.6957
30,1003,944,123.2889,-67.6662
30,1003,952,123.7038,-67.4187
30,1003,960,124.5330,-67.0866
30,1003,968,124.6769,-67.0669
30,1003,976,125.3071,-67.0313
30,1003,984,126.6685,-67.4202
30,1003,992,126.8943,-67.5184
30,1003,1000,127.1607,-67.6111
30,1003,1008,127.7864,-67.7703
30,1003,1016,127.8365,-67.7829
30,1003,1024,128.0502,-67.8227
30,1003,1032,128.7547,-67.9000
30,1003,1040,130.3510,-68.2377
30,1003,1048,132.5202,-68.7073
30,1003,1056,132.5960,-68.7168
30,1003,1064,133.0419,-68.7054
30,1003,1072,134.1489,-68.6182
30,1003,1080,137.3696,-68.6681
30,1003,1088,142.0922,-68.4808
30,1003,1096,149.0513,-67.8015
30,1003,1104,164.8069,-66.3706
30,1003,1112,184.0663,-65.3402
30,1003,1120,201.9189,-64.8952
30,1003,1128,229.9138,-64.6437
30,1003,1136,269.4020,-64.5728
30,1003,1144,332.1175,-64.5616
30,1003,1152,839.8006,-64.5610
30,1004,0,0.0000,-65.0000
30,1004,8,0.0699,-64.9855
30,1004,16,0.6811,-64.9173
30,1004,24,5.5147,-64.6276
30,1004,32,14.0905,-64.5433
30,1004,40,22.6664,-64.5540
30,1004,48,36.8228,-64.5609
30,1004,56,100.0000,-64.5618
30,1004,64,100.0376,-64.5444
30,1004,72,100.0889,-64.4692
30,1004,80,100.1265,-64.3816
30,1004,88,100.2043,-64.1177
30,1004,96,100.3848,-63.1963
30,1004,104,100.5077,-62.4173
30,1004,112,100.9302,-59.5962
30,1004,120,101.5744,-56.3021
30,1004,128,101.6341,-56.0632
30,1004,136,101.8460,-55.2591
30,1004,144,101.9148,-55.0032
30,1004,152,101.9823,-54.7500
30,1004,160,102.0311,-54.5642
30,1004,168,102.4116,-52.8843
30,1004,176,102.5730,-51.8926
30,1004,184,102.7207,-50.6200
30,1004,192,102.9240,-47.4994
30,1004,200,102.9728,-46.2558
30,1004,208,103.1147,-40.2754
30,1004,216,103.2447,-30.6725
30,1004,224,103.2942,-26.5280
30,1004,232,103.4277,-16.1340
30,1004,240,103.5448,-8.5257
30,1004,248,103.6345,-3.6870
30,1004,256,103.7554,1.4757
30,1004,264,103.8425,4.2461
30,1004,272,103.9010,5.6883
30,1004,280,104.0346,7.8477
30,1004,288,104.1579,8.6358
30,1004,296,104.2512,8.5990
30,1004,304,104.6249,4.6115
30,1004,312,104.6646,3.9282
30,1004,320,104.9295,-1.3903
30,1004,328,104.9807,-2.5359
30,1004,336,105.0392,-3.8784
30,1004,344,105.3846,-12.2368
30,1004,352,105.7506,-21.1587
30,1004,360,105.9190,-25.0822
30,1004,368,106.0248,-27.4601
30,1004,376,106.5322,-37.7948
30,1004,384,107.1630,-48.7926
30,1004,392,107.2204,-49.7317
30,1004,400,107.3134,-51.2234
30,1004,408,107.5964,-55.3792
30,1004,416,107.6143,-55.6179
30,1004,424,107.7243,-57.0045
30,1004,432,107.9250,-59.1827
30,1004,440,108.0499,-60.3158
30,1004,448,108.1067,-60.7786
30,1004,456,108.2305,-61.6833
30,1004,464,108.2918,-62.0816
30,1004,472,108.3061,-62.1698
30,1004,480,108.4063,-62.7327
30,1004,488,108.5038,-63.1956
30,1004,496,108.5695,-63.4657
30,1004,504,108.7755,-64.1385
30,1004,512,108.9087,-64.4615
30,1004,520,109.1904,-64.9483
30,1004,528,109.3413,-65.1350
30,1004,536,109.9145,-65.6057
30,1004,544,110.4637,-65.9807
30,1004,552,110.6730,-66.1191
30,1004,560,110.7925,-66.1893
30,1004,568,110.8394,-66.2137
30,1004,576,110.9809,-66.2684
30,1004,584,111.0865,-66.2918
30,1004,592,111.1696,-66.2975
30,1004,600,111.4265,-66.2547
30,1004,608,111.5101,-66.2328
30,1004,616,112.0417,-66.0973
30,1004,624,112.0965,-66.0904
30,1004,632,112.3616,-66.0692
30,1004,640,112.4519,-66.0666
30,1004,648,112.7380,-66.0660
30,1004,656,112.9263,-66.0800
30,1004,664,113.2531,-66.1074
30,1004,672,113.8565,-66.2596
30,1004,680,114.0390,-66.3296
30,1004,688,114.2094,-66.3919
30,1004,696,114.5052,-66.4891
30,1004,704,115.4432,-66.8469
30,1004,712,115.9036,-67.0940
30,1004,720,116.1186,-67.1973
30,1004,728,116.4800,-67.3471
30,1004,736,116.6425,-67.4023
30,1004,744,116.7181,-67.4219
30,1004,752,117.2493,-67.4847
30,1004,760,117.3015,-67.4878
30,1004,768,117.5061,-67.4853
30,1004,776,117.6231,-67.4731
30,1004,784,117.9041,-67.4268
30,1004,792,117.9710,-67.4157
30,1004,800,118.0784,-67.3946
30,1004,808,118.2589,-67.3399
30,1004,816,118.9080,-67.1634
30,1004,824,119.2251,-67.1541
30,1004,832,119.2775,-67.1560
30,1004,840,119.4740,-67.1422
30,1004,848,120.1888,-67.0936
30,1004,856,121.5985,-67.5266
30,1004,864,121.6637,-67.5540
30,1004,872,122.0985,-67.6885
30,1004,880,122.1234,-67.6953
30,1004,888,122.3527,-67.7416
30,1004,896,122.4858,-67.7583
30,1004,904,122.7242,-67.7602
30,1004,912,122.9207,-67.7473
30,1004,920,123.0072,-67.7405
30,1004,928,123.1276,-67.7190
30,1004,936,123.2102,-67.6957
30,1004,944,123.2889,-67.6662
30,1004,952,123.7038,-67.4187
30,1004,960,124.5330,-67.0866
30,1004,968,124.6769,-67.0669
30,1004,976,125.3071,-67.0313
30,1004,984,126.6685,-67.4202
30,1004,992,126.8943,-67.5184
30,1004,1000,127.1607,-67.6111
30,1004,1008,127.7864,-67.7703
30,1004,1016,127.8365,-67.7829
30,1004,1024,128.0502,-67.8227
30,1004,1032,128.7547,-67.9000
30,1004,1040,130.3510,-68.2377
30,1004,1048,132.5202,-68.7073
30,1004,1056,132.5960,-68.7168
30,1004,1064,133.0419,-68.7054
30,1004,1072,134.1489,-68.6182
30,1004,1080,137.3696,-68.6681
30,1004,1088,142.0922,-68.4808
30,1004,1096,149.0513,-67.8015
30,1004,1104,164.8069,-66.3706
30,1004,1112,184.0663,-65.3402
30,1004,1120,201.9189,-64.8952
30,1004,1128,229.9138,-64.6437
30,1004,1136,269.4020,-64.5728
30,1004,1144,332.1175,-64.5616
30,1004,1152,839.8006,-64.5610
30,1005,0,0.0000,-65.0000
30,1005,8,0.0699,-64.9855
30,1005,16,0.6811,-64.9173
30,1005,24,5.5147,-64.6276
30,1005,32,14.0905,-64.5433
30,1005,40,22.6664,-64.5540
30,1005,48,36.8228,-64.5609
30,1005,56,100.0000,-64.5618
30,1005,64,100.0376,-64.5444
30,1005,72,100.0889,-64.4692
30,1005,80,100.1265,-64.3816
30,1005,88,100.2043,-64.1177
30,1005,96,100.3848,-63.1963
30,1005,104,100.5077,-62.4173
30,1005,112,100.9302,-59.5962
30,1005,120,101.5744,-56.3021
30,1005,128,101.6341,-56.0632
30,1005,136,101.8460,-55.2591
30,1005,144,101.9148,-55.0032
30,1005,152,101.9823,-54.7500
30,1005,160,102.0311,-54.5642
30,1005,168,102.4116,-52.8843
30,1005,176,102.5730,-51.8926
30,1005,184,102.7207,-50.6200
30,1005,192,102.9240,-47.4994
30,1005,200,102.9728,-46.2558
30,1005,208,103.1147,-40.2754
30,1005,216,103.2447,-30.6725
30,1005,224,103.2942,-26.5280
30,1005,232,103.4277,-16.1340
30,1005,240,103.5448,-8.5257
30,1005,248,103.6345,-3.6870
30,1005,256,103.7554,1.4757
30,1005,264,103.8425,4.2461
30,1005,272,103.9010,5.6883
30,1005,280,104.0346,7.8477
30,1005,288,104.1579,8.6358
30,1005,296,104.2512,8.5990
30,1005,304,104.6249,4.6115
30,1005,312,104.6646,3.9282
30,1005,320,104.9295,-1.3903
30,1005,328,104.9807,-2.5359
30,1005,336,105.0392,-3.8784
30,1005,344,105.3846,-12.2368
30,1005,352,105.7506,-21.1587
30,1005,360,105.9190,-25.0822
30,1005,368,106.0248,-27.4601
30,1005,376,106.5322,-37.7948
30,1005,384,107.1630,-48.7926
30,1005,392,107.2204,-49.7317
30,1005,400,107.3134,-51.2234
30,1005,408,107.5964,-55.3792
30,1005,416,107.6143,-55.6179
30,1005,424,107.7243,-57.0045
30,1005,432,107.9250,-59.1827
30,1005,440,108.0499,-60.3158
30,1005,448,108.1067,-60.7786
30,1005,456,108.2305,-61.6833
30,1005,464,108.2918,-62.0816
30,1005,472,108.3061,-62.1698
30,1005,480,108.4063,-62.7327
30,1005,488,108.5038,-63.1956
30,1005,496,108.5695,-63.4657
30,1005,504,108.7755,-64.1385
30,1005,512,108.9087,-64.4615
30,1005,520,109.1904,-64.9483
30,1005,528,109.3413,-65.1350
30,1005,536,109.9145,-65.6057
30,1005,544,110.4637,-65.9807
30,1005,552,110.6730,-66.1191
30,1005,560,110.7925,-66.1893
30,1005,568,110.8394,-66.2137
30,1005,576,110.9809,-66.2684
30,1005,584,111.0865,-66.2918
30,1005,592,111.1696,-66.2975
30,1005,600,111.4265,-66.2547
30,1005,608,111.5101,-66.2328
30,1005,616,112.0417,-66.0973
30,1005,624,112.0965,-66.0904
30,1005,632,112.3616,-66.0692
30,1005,640,112.4519,-66.0666
30,1005,648,112.7380,-66.0660
30,1005,656,112.9263,-66.0800
30,1005,664,113.2531,-66.1074
30,1005,672,113.8565,-66.2596
30,1005,680,114.0390,-66.3296
30,1005,688,114.2094,-66.3919
30,1005,696,114.5052,-66.4891
30,1005,704,115.4432,-66.8469
30,1005,712,115.9036,-67.0940
30,1005,720,116.1186,-67.1973
30,1005,728,116.4800,-67.3471
30,1005,736,116.6425,-67.4023
30,1005,744,116.7181,-67.4219
30,1005,752,117.2493,-67.4847
30,1005,760,117.3015,-67.4878
30,1005,768,117.5061,-67.4853
30,1005,776,117.6231,-67.4731
30,1005,784,117.9041,-67.4268
30,1005,792,117.9710,-67.4157
30,1005,800,118.0784,-67.3946
30,1005,808,118.2589,-67.3399
30,1005,816,118.9080,-67.1634
30,1005,824,119.2251,-67.1541
30,1005,832,119.2775,-67.1560
30,1005,840,119.4740,-67.1422
30,1005,848,120.1888,-67.0936
30,1005,856,121.5985,-67.5266
30,1005,864,121.6637,-67.5540
30,1005,872,122.0985,-67.6885
30,1005,880,122.1234,-67.6953
30,1005,888,122.3527,-67.7416
30,1005,896,122.4858,-67.7583
30,1005,904,122.7242,-67.7602
30,1005,912,122.9207,-67.7473
30,1005,920,123.0072,-67.7405
30,1005,928,123.1276,-67.7190
30,1005,936,123.2102,-67.6957
30,1005,944,123.2889,-67.6662
30,1005,952,123.7038,-67.4187
30,1005,960,124.5330,-67.0866
30,1005,968,124.6769,-67.0669
30,1005,976,125.3071,-67.0313
30,1005,984,126.6685,-67.4202
30,1005,992,126.8943,-67.5184
30,1005,1000,127.1607,-67.6111
30,1005,1008,127.7864,-67.7703
30,1005,1016,127.8365,-67.7829
30,1005,1024,128.0502,-67.8227
30,1005,1032,128.7547,-67.9000
30,1005,1040,130.3510,-68.2377
30,1005,1048,132.5202,-68.7073
30,1005,1056,132.5960,-68.7168
30,1005,1064,133.0419,-68.7054
30,1005,1072,134.1489,-68.6182
30,1005,1080,137.3696,-68.6681
30,1005,1088,142.0922,-68.4808
30,1005,1096,149.0513,-67.8015
30,1005,1104,164.8069,-66.3706
30,1005,1112,184.0663,-65.3402
30,1005,1120,201.9189,-64.8952
30,1005,1128,229.9138,-64.6437
30,1005,1136,269.4020,-64.5728
30,1005,1144,332.1175,-64.5616
30,1005,1152,839.8006,-64.5610
30,1006,0,0.0000,-65.0000
30,1006,8,0.0699,-64.9855
30,1006,16,0.6811,-64.9173
30,1006,24,5.5147,-64.6276
30,1006,32,14.0905,-64.5433
30,1006,40,22.6664,-64.5540
30,1006,48,36.8228,-64.5609
30,1006,56,100.0000,-64.5618
30,1006,64,100.0376,-64.5444
30,1006,72,100.0889,-64.4692
30,1006,80,100.1265,-64.3816
30,1006,88,100.2043,-64.1177
30,1006,96,100.3848,-63.1963
30,1006,104,100.5077,-62.4173
30,1006,112,100.9302,-59.5962
30,1006,120,101.5744,-56.3021
30,1006,128,101.6341,-56.0632
30,1006,136,101.8460,-55.2591
30,1006,144,101.9148,-55.0032
30,1006,152,101.9823,-54.7500
30,1006,160,102.0311,-54.5642
30,1006,168,102.4116,-52.8843
30,1006,176,102.5730,-51.8926
30,1006,184,102.7207,-50.6200
30,1006,192,102.9240,-47.4994
30,1006,200,102.9728,-46.2558
30,1006,208,103.1147,-40.2754
30,1006,216,103.2447,-30.6725
30,1006,224,103.2942,-26.5280
30,1006,232,103.4277,-16.1340
30,1006,240,103.5448,-8.5257
30,1006,248,103.6345,-3.6870
30,1006,256,103.7554,1.4757
30,1006,264,103.8425,4.2461
30,1006,272,103.9010,5.6883
30,1006,280,104.0346,7.8477
30,1006,288,104.1579,8.6358
30,1006,296,104.2512,8.5990
30,1006,304,104.6249,4.6115
30,1006,312,104.6646,3.9282
30,1006,320,104.9295,-1.3903
30,1006,328,104.9807,-2.5359
30,1006,336,105.0392,-3.8784
30,1006,344,105.3846,-12.2368
30,1006,352,105.7506,-21.1587
30,1006,360,105.9190,-25.0822
30,1006,368,106.0248,-27.4601
30,1006,376,106.5322,-37.7948
30,1006,384,107.1630,-48.7926
30,1006,392,107.2204,-49.7317
30,1006,400,107.3134,-51.2234
30,1006,408,107.5964,-55.3792
30,1006,416,107.6143,-55.6179
30,1006,424,107.7243,-57.0045
30,1006,432,107.9250,-59.1827
30,1006,440,108.0499,-60.3158
30,1006,448,108.1067,-60.7786
30,1006,456,108.2305,-61.6833
30,1006,464,108.2918,-62.0816
30,1006,472,108.3061,-62.1698
30,1006,480,108.4063,-62.7327
30,1006,488,108.5038,-63.1956
30,1006,496,108.5695,-63.4657
30,1006,504,108.7755,-64.1385
30,1006,512,108.9087,-64.4615
30,1006,520,109.1904,-64.9483
30,1006,528,109.3413,-65.1350
30,1006,536,109.9145,-65.6057
30,1006,544,110.4637,-65.9807
30,1006,552,110.6730,-66.1191
30,1006,560,110.7925,-66.1893
30,1006,568,110.8394,-66.2137
30,1006,576,110.9809,-66.2684
30,1006,584,111.0865,-66.2918
30,1006,592,111.1696,-66.2975
30,1006,600,111.4265,-66.2547
30,1006,608,111.5101,-66.2328
30,1006,616,112.0417,-66.0973
30,1006,624,112.0965,-66.0904
30,1006,632,112.3616,-66.0692
30,1006,640,112.4519,-66.0666
30,1006,648,112.7380,-66.0660
30,1006,656,112.9263,-66.0800
30,1006,664,113.2531,-66.1074
30,1006,672,113.8565,-66.2596
30,1006,680,114.0390,-66.3296
30,1006,688,114.2094,-66.3919
30,1006,696,114.5052,-66.4891
30,1006,704,115.4432,-66.8469
30,1006,712,115.9036,-67.0940
30,1006,720,116.1186,-67.1973
30,1006,728,116.4800,-67.3471
30,1006,736,116.6425,-67.4023
30,1006,744,116.7181,-67.4219
30,1006,752,117.2493,-67.4847
30,1006,760,117.3015,-67.4878
30,1006,768,117.5061,-67.4853
30,1006,776,117.6231,-67.4731
30,1006,784,117.9041,-67.4268
30,1006,792,117.9710,-67.4157
30,1006,800,118.0784,-67.3946
30,1006,808,118.2589,-67.3399
30,1006,816,118.9080,-67.1634
30,1006,824,119.2251,-67.1541
30,1006,832,119.2775,-67.1560
30,1006,840,119.4740,-67.1422
30,1006,848,120.1888,-67.0936
30,1006,856,121.5985,-67.5266
30,1006,864,121.6637,-67.5540
30,1006,872,122.0985,-67.6885
30,1006,880,122.1234,-67.6953
30,1006,888,122.3527,-67.7416
30,1006,896,122.4858,-67.7583
30,1006,904,122.7242,-67.7602
30,1006,912,122.9207,-67.7473
30,1006,920,123.0072,-67.7405
30,1006,928,123.1276,-67.7190
30,1006,936,123.2102,-67.6957
30,1006,944,123.2889,-67.6662
30,1006,952,123.7038,-67.4187
30,1006,960,124.5330,-67.0866
30,1006,968,124.6769,-67.0669
30,1006,976,125.3071,-67.0313
30,1006,984,126.6685,-67.4202
30,1006,992,126.8943,-67.5184
30,1006,1000,127.1607,-67.6111
30,1006,1008,127.7864,-67.7703
30,1006,1016,127.8365,-67.7829
30,1006,1024,128.0502,-67.8227
30,1006,1032,128.7547,-67.9000
30,1006,1040,130.3510,-68.2377
30,1006,1048,132.5202,-68.7073
30,1006,1056,132.5960,-68.7168
30,1006,1064,133.0419,-68.7054
30,1006,1072,134.1489,-68.6182
30,1006,1080,137.3696,-68.6681
30,1006,1088,142.0922,-68.4808
30,1006,1096,149.0513,-67.8015
30,1006,1104,164.8069,-66.3706
30,1006,1112,184.0663,-65.3402
30,1006,1120,201.9189,-64.8952
30,1006,1128,229.9138,-64.6437
30,1006,1136,269.4020,-64.5728
30,1006,1144,332.1175,-64.5616
30,1006,1152,839.8006,-64.5610
30,1007,0,0.0000,-65.0000
30,1007,8,0.0699,-64.9855
30,1007,16,0.6811,-64.9173
30,1007,24,5.5147,-64.6276
30,1007,32,14.0905,-64.5433
30,1007,40,22.6664,-64.5540
30,1007,48,36.8228,-64.5609
30,1007,56,100.0000,-64.5618
30,1007,64,100.0376,-64.5444
30,1007,72,100.0889,-64.4692
30,1007,80,100.1265,-64.3816
30,1007,88,100.2043,-64.1177
30,1007,96,100.3848,-63.1963
30,1007,104,100.5077,-62.4173
30,1007,112,100.9302,-59.5962
30,1007,120,101.5744,-56.3021
30,1007,128,101.6341,-56.0632
30,1007,136,101.8460,-55.2591
30,1007,144,101.9148,-55.0032
30,1007,152,101.9823,-54.7500
30,1007,160,102.0311,-54.5642
30,1007,168,102.4116,-52.8843
30,1007,176,102.5730,-51.8926
30,1007,184,102.7207,-50.6200
30,1007,192,102.9240,-47.4994
30,1007,200,102.9728,-46.2558
30,1007,208,103.1147,-40.2754
30,1007,216,103.2447,-30.6725
30,1007,224,103.2942,-26.5280
30,1007,232,103.4277,-16.1340
30,1007,240,103.5448,-8.5257
30,1007,248,103.6345,-3.6870
30,1007,256,103.7554,1.4757
30,1007,264,103.8425,4.2461
30,1007,272,103.9010,5.6883
30,1007,280,104.0346,7.8477
30,1007,288,104.1579,8.6358
30,1007,296,104.2512,8.5990
30,1007,304,104.6249,4.6115
30,1007,312,104.6646,3.9282
30,1007,320,104.9295,-1.3903
30,1007,328,104.9807,-2.5359
30,1007,336,105.0392,-3.8784
30,1007,344,105.3846,-12.2368
30,1007,352,105.7506,-21.1587
30,1007,360,105.9190,-25.0822
30,1007,368,106.0248,-27.4601
30,1007,376,106.5322,-37.7948
30,1007,384,107.1630,-48.7926
30,1007,392,107.2204,-49.7317
30,1007,400,107.3134,-51.2234
30,1007,408,107.5964,-55.3792
30,1007,416,107.6143,-55.6179
30,1007,424,107.7243,-57.0045
30,1007,432,107.9250,-59.1827
30,1007,440,108.0499,-60.3158
30,1007,448,108.1067,-60.7786
30,1007,456,108.2305,-61.6833
30,1007,464,108.2918,-62.0816
30,1007,472,108.3061,-62.1698
30,1007,480,108.4063,-62.7327
30,1007,488,108.5038,-63.1956
30,1007,496,108.5695,-63.4657
30,1007,504,108.7755,-64.1385
30,1007,512,108.9087,-64.4615
30,1007,520,109.1904,-64.9483
30,1007,528,109.3413,-65.1350
30,1007,536,109.9145,-65.6057
30,1007,544,110.4637,-65.9807
30,1007,552,110.6730,-66.1191
30,1007,560,110.7925,-66.1893
30,1007,568,110.8394,-66.2137
30,1007,576,110.9809,-66.2684
30,1007,584,111.0865,-66.2918
30,1007,592,111.1696,-66.2975
30,1007,600,111.4265,-66.2547
30,1007,608,111.5101,-66.2328
30,1007,616,112.0417,-66.0973
30,1007,624,112.0965,-66.0904
30,1007,632,112.3616,-66.0692
30,1007,640,112.4519,-66.0666
30,1007,648,112.7380,-66.0660
30,1007,656,112.9263,-66.0800
30,1007,664,113.2531,-66.1074
30,1007,672,113.8565,-66.2596
30,1007,680,114.0390,-66.3296
30,1007,688,114.2094,-66.3919
30,1007,696,114.5052,-66.4891
30,1007,704,115.4432,-66.8469
30,1007,712,115.9036,-67.0940
30,1007,720,116.1186,-67.1973
30,1007,728,116.4800,-67.3471
30,1007,736,116.6425,-67.4023
30,1007,744,116.7181,-67.4219
30,1007,752,117.2493,-67.4847
30,1007,760,117.3015,-67.4878
30,1007,768,117.5061,-67.4853
30,1007,776,117.6231,-67.4731
30,1007,784,117.9041,-67.4268
30,1007,792,117.9710,-67.4157
30,1007,800,118.0784,-67.3946
30,1007,808,118.2589,-67.3399
30,1007,816,118.9080,-67.1634
30,1007,824,119.2251,-67.1541
30,1007,832,119.2775,-67.1560
30,1007,840,119.4740,-67.1422
30,1007,848,120.1888,-67.0936
30,1007,856,121.5985,-67.5266
30,1007,864,121.6637,-67.5540
30,1007,872,122.0985,-67.6885
30,1007,880,122.1234,-67.6953
30,1007,888,122.3527,-67.7416
30,1007,896,122.4858,-67.7583
30,1007,904,122.7242,-67.7602
30,1007,912,122.9207,-67.7473
30,1007,920,123.0072,-67.7405
30,1007,928,123.1276,-67.7190
30,1007,936,123.2102,-67.6957
30,1007,944,123.2889,-67.6662
30,1007,952,123.7038,-67.4187
30,1007,960,124.5330,-67.0866
30,1007,968,124.6769,-67.0669
30,1007,976,125.3071,-67.0313
30,1007,984,126.6685,-67.4202
30,1007,992,126.8943,-67.5184
30,1007,1000,127.1607,-67.6111
30,1007,1008,127.7864,-67.7703
30,1007,1016,127.8365,-67.7829
30,1007,1024,128.0502,-67.8227
30,1007,1032,128.7547,-67.9000
30,1007,1040,130.3510,-68.2377
30,1007,1048,132.5202,-68.7073
30,1007,1056,132.5960,-68.7168
30,1007,1064,133.0419,-68.7054
30,1007,1072,134.1489,-68.6182
30,1007,1080,137.3696,-68.6681
30,1007,1088,142.0922,-68.4808
30,1007,1096,149.0513,-67.8015
30,1007,1104,164.8069,-66.3706
30,1007,1112,184.0663,-65.3402
30,1007,1120,201.9189,-64.8952
30,1007,1128,229.9138,-64.6437
30,1007,1136,269.4020,-64.5728
30,1007,1144,332.1175,-64.5616
30,1007,1152,839.8006,-64.5610
30,1008,0,0.0000,-65.0000
30,1008,8,0.0699,-64.9855
30,1008,16,0.6811,-64.9173
30,1008,24,5.5147,-64.6276
30,1008,32,14.0905,-64.5433
30,1008,40,22.6664,-64.5540
30,1008,48,36.8228,-64.5609
30,1008,56,100.0000,-64.5618
30,1008,64,100.0376,-64.5444
30,1008,72,100.0889,-64.4692
30,1008,80,100.1265,-64.3816
30,1008,88,100.2043,-64.1177
30,1008,96,100.3848,-63.1963
30,1008,104,100.5077,-62.4173
30,1008,112,100.9302,-59.5962
30,1008,120,101.5744,-56.3021
30,1008,128,101.6341,-56.0632
30,1008,136,101.8460,-55.2591
30,1008,144,101.9148,-55.0032
30,1008,152,101.9823,-54.7500
30,1008,160,102.0311,-54.5642
30,1008,168,102.4116,-52.8843
30,1008,176,102.5730,-51.8926
30,1008,184,102.7207,-50.6200
30,1008,192,102.9240,-47.4994
30,1008,200,102.9728,-46.2558
30,1008,208,103.1147,-40.2754
30,1008,216,103.2447,-30.6725
30,1008,224,103.2942,-26.5280
30,1008,232,103.4277,-16.1340
30,1008,240,103.5448,-8.5257
30,1008,248,103.6345,-3.6870
30,1008,256,103.7554,1.4757
30,1008,264,103.8425,4.2461
30,1008,272,103.9010,5.6883
30,1008,280,104.0346,7.8477
30,1008,288,104.1579,8.6358
30,1008,296,104.2512,8.5990
30,1008,304,104.6249,4.6115
30,1008,312,104.6646,3.9282
30,1008,320,104.9295,-1.3903
30,1008,328,104.9807,-2.5359
30,1008,336,105.0392,-3.8784
30,1008,344,105.3846,-12.2368
30,1008,352,105.7506,-21.1587
30,1008,360,105.9190,-25.0822
30,1008,368,106.0248,-27.4601
30,1008,376,106.5322,-37.7948
30,1008,384,107.1630,-48.7926
30,1008,392,107.2204,-49.7317
30,1008,400,107.3134,-51.2234
30,1008,408,107.5964,-55.3792
30,1008,416,107.6143,-55.6179
30,1008,424,107.7243,-57.0045
30,1008,432,107.9250,-59.1827
30,1008,440,108.0499,-60.3158
30,1008,448,108.1067,-60.7786
30,1008,456,108.2305,-61.6833
30,1008,464,108.2918,-62.0816
30,1008,472,108.3061,-62.1698
30,1008,480,108.4063,-62.7327
30,1008,488,108.5038,-63.1956
30,1008,496,108.5695,-63.4657
30,1008,504,108.7755,-64.1385
30,1008,512,108.9087,-64.4615
30,1008,520,109.1904,-64.9483
30,1008,528,109.3413,-65.1350
30,1008,536,109.9145,-65.6057
30,1008,544,110.4637,-65.9807
30,1008,552,110.6730,-66.1191
30,1008,560,110.7925,-66.1893
30,1008,568,110.8394,-66.2137
30,1008,576,110.9809,-66.2684
30,1008,584,111.0865,-66.2918
30,1008,592,111.1696,-66.2975
30,1008,600,111.4265,-66.2547
30,1008,608,111.5101,-66.2328
30,1008,616,112.0417,-66.0973
30,1008,624,112.0965,-66.0904
30,1008,632,112.3616,-66.0692
30,1008,640,112.4519,-66.0666
30,1008,648,112.7380,-66.0660
30,1008,656,112.9263,-66.0800
30,1008,664,113.2531,-66.1074
30,1008,672,113.8565,-66.2596
30,1008,680,114.0390,-66.3296
30,1008,688,114.2094,-66.3919
30,1008,696,114.5052,-66.4891
30,1008,704,115.4432,-66.8469
30,1008,712,115.9036,-67.0940
30,1008,720,116.1186,-67.1973
30,1008,728,116.4800,-67.3471
30,1008,736,116.6425,-67.4023
30,1008,744,116.7181,-67.4219
30,1008,752,117.2493,-67.4847
30,1008,760,117.3015,-67.4878
30,1008,768,117.5061,-67.4853
30,1008,776,117.6231,-67.4731
30,1008,784,117.9041,-67.4268
30,1008,792,117.9710,-67.4157
30,1008,800,118.0784,-67.3946
30,1008,808,118.2589,-67.3399
30,1008,816,118.9080,-67.1634
30,1008,824,119.2251,-67.1541
30,1008,832,119.2775,-67.1560
30,1008,840,119.4740,-67.1422
30,1008,848,120.1888,-67.0936
30,1008,856,121.5985,-67.5266
30,1008,864,121.6637,-67.5540
30,1008,872,122.0985,-67.6885
30,1008,880,122.1234,-67.6953
30,1008,888,122.3527,-67.7416
30,1008,896,122.4858,-67.7583
30,1008,904,122.7242,-67.7602
30,1008,912,122.9207,-67.7473
30,1008,920,123.0072,-67.7405
30,1008,928,123.1276,-67.7190
30,1008,936,123.2102,-67.6957
30,1008,944,123.2889,-67.6662
30,1008,952,123.7038,-67.4187
30,1008,960,124.5330,-67.0866
30,1008,968,124.6769,-67.0669
30,1008,976,125.3071,-67.0313
30,1008,984,126.6685,-67.4202
30,1008,992,126.8943,-67.5184
30,1008,1000,127.1607,-67.6111
30,1008,1008,127.7864,-67.7703
30,1008,1016,127.8365,-67.7829
30,1008,1024,128.0502,-67.8227
30,1008,1032,128.7547,-67.9000
30,1008,1040,130.3510,-68.2377
30,1008,1048,132.5202,-68.7073
30,1008,1056,132.5960,-68.7168
30,1008,1064,133.0419,-68.7054
30,1008,1072,134.1489,-68.6182
30,1008,1080,137.3696,-68.6681
30,1008,1088,142.0922,-68.4808
30,1008,1096,149.0513,-67.8015
30,1008,1104,164.8069,-66.3706
30,1008,1112,184.0663,-65.3402
30,1008,1120,201.9189,-64.8952
30,1008,1128,229.9138,-64.6437
30,1008,1136,269.4020,-64.5728
30,1008,1144,332.1175,-64.5616
30,1008,1152,839.8006,-64.5610
30,1009,0,0.0000,-65.0000
30,1009,8,0.0699,-64.9855
30,1009,16,0.6811,-64.9173
30,1009,24,5.5147,-64.6276
30,1009,32,14.0905,-64.5433
30,1009,40,22.6664,-64.5540
30,1009,48,36.8228,-64.5609
30,1009,56,100.0000,-64.5618
30,1009,64,100.0376,-64.5444
30,1009,72,100.0889,-64.4692
30,1009,80,100.1265,-64.3816
30,1009,88,100.2043,-64.1177
30,1009,96,100.3848,-63.1963
30,1009,104,100.5077,-62.4173
30,1009,112,100.9302,-59.5962
30,1009,120,101.5744,-56.3021
30,1009,128,101.6341,-56.0632
30,1009,136,101.8460,-55.2591
30,1009,144,101.9148,-55.0032
30,1009,152,101.9823,-54.7500
30,1009,160,102.0311,-54.5642
30,1009,168,102.4116,-52.8843
30,1009,176,102.5730,-51.8926
30,1009,184,102.7207,-50.6200
30,1009,192,102.9240,-47.4994
30,1009,200,102.9728,-46.2558
30,1009,208,103.1147,-40.2754
30,1009,216,103.2447,-30.6725
30,1009,224,103.2942,-26.5280
30,1009,232,103.4277,-16.1340
30,1009,240,103.5448,-8.5257
30,1009,248,103.6345,-3.6870
30,1009,256,103.7554,1.4757
30,1009,264,103.8425,4.2461
30,1009,272,103.9010,5.6883
30,1009,280,104.0346,7.8477
30,1009,288,104.1579,8.6358
30,1009,296,104.2512,8.5990
30,1009,304,104.6249,4.6115
30,1009,312,104.6646,3.9282
30,1009,320,104.9295,-1.3903
30,1009,328,104.9807,-2.5359
30,1009,336,105.0392,-3.8784
30,1009,344,105.3846,-12.2368
30,1009,352,105.7506,-21.1587
30,1009,360,105.9190,-25.0822
30,1009,368,106.0248,-27.4601
30,1009,376,106.5322,-37.7948
30,1009,384,107.1630,-48.7926
30,1009,392,107.2204,-49.7317
30,1009,400,107.3134,-51.2234
30,1009,408,107.5964,-55.3792
30,1009,416,107.6143,-55.6179
30,1009,424,107.7243,-57.0045
30,1009,432,107.9250,-59.1827
30,1009,440,108.0499,-60.3158
30,1009,448,108.1067,-60.7786
30,1009,456,108.2305,-61.6833
30,1009,464,108.2918,-62.0816
30,1009,472,108.3061,-62.1698
30,1009,480,108.4063,-62.7327
30,1009,488,108.5038,-63.1956
30,1009,496,108.5695,-63.4657
30,1009,504,108.7755,-64.1385
30,1009,512,108.9087,-64.4615
30,1009,520,109.1904,-64.9483
30,1009,528,109.3413,-65.1350
30,1009,536,109.9145,-65.6057
30,1009,544,110.4637,-65.9807
30,1009,552,110.6730,-66.1191
30,1009,560,110.7925,-66.1893
30,1009,568,110.8394,-66.2137
30,1009,576,110.9809,-66.2684
30,1009,584,111.0865,-66.2918
30,1009,592,111.1696,-66.2975
30,1009,600,111.4265,-66.2547
30,1009,608,111.5101,-66.2328
30,1009,616,112.0417,-66.0973
30,1009,624,112.0965,-66.0904
30,1009,632,112.3616,-66.0692
30,1009,640,112.4519,-66.0666
30,1009,648,112.7380,-66.0660
30,1009,656,112.9263,-66.0800
30,1009,664,113.2531,-66.1074
30,1009,672,113.8565,-66.2596
30,1009,680,114.0390,-66.3296
30,1009,688,114.2094,-66.3919
30,1009,696,114.5052,-66.4891
30,1009,704,115.4432,-66.8469
30,1009,712,115.9036,-67.0940
30,1009,720,116.1186,-67.1973
30,1009,728,116.4800,-67.3471
30,1009,736,116.6425,-67.4023
30,1009,744,116.7181,-67.4219
30,1009,752,117.2493,-67.4847
30,1009,760,117.3015,-67.4878
30,1009,768,117.5061,-67.4853
30,1009,776,117.6231,-67.4731
30,1009,784,117.9041,-67.4268
30,1009,792,117.9710,-67.4157
30,1009,800,118.0784,-67.3946
30,1009,808,118.2589,-67.3399
30,1009,816,118.9080,-67.1634
30,1009,824,119.2251,-67.1541
30,1009,832,119.2775,-67.1560
30,1009,840,119.4740,-67.1422
30,1009,848,120.1888,-67.0936
30,1009,856,121.5985,-67.5266
30,1009,864,121.6637,-67.5540
30,1009,872,122.0985,-67.6885
30,1009,880,122.1234,-67.6953
30,1009,888,122.3527,-67.7416
30,1009,896,122.4858,-67.7583
30,1009,904,122.7242,-67.7602
30,1009,912,122.9207,-67.7473
30,1009,920,123.0072,-67.7405
30,1009,928,123.1276,-67.7190
30,1009,936,123.2102,-67.6957
30,1009,944,123.2889,-67.6662
30,1009,952,123.7038,-67.4187
30,1009,960,124.5330,-67.0866
30,1009,968,124.6769,-67.0669
30,1009,976,125.3071,-67.0313
30,1009,984,126.6685,-67.4202
30,1009,992,126.8943,-67.5184
30,1009,1000,127.1607,-67.6111
30,1009,1008,127.7864,-67.7703
30,1009,1016,127.8365,-67.7829
30,1009,1024,128.0502,-67.8227
30,1009,1032,128.7547,-67.9000
30,1009,1040,130.3510,-68.2377
30,1009,1048,132.5202,-68.7073
30,1009,1056,132.5960,-68.7168
30,1009,1064,133.0419,-68.7054
30,1009,1072,134.1489,-68.6182
30,1009,1080,137.3696,-68.6681
30,1009,1088,142.0922,-68.4808
30,1009,1096,149.0513,-67.8015
30,1009,1104,164.8069,-66.3706
30,1009,1112,184.0663,-65.3402
30,1009,1120,201.9189,-64.8952
30,1009,1128,229.9138,-64.6437
30,1009,1136,269.4020,-64.5728
30,1009,1144,332.1175,-64.5616
30,1009,1152,839.8006,-64.5610
30,1010,0,0.0000,-65.0000
30,1010,8,0.0699,-64.9855
30,1010,16,0.6811,-64.9173
30,1010,24,5.5147,-64.6276
30,1010,32,14.0905,-64.5433
30,1010,40,22.6664,-64.5540
30,1010,48,36.8228,-64.5609
30,1010,56,100.0000,-64.5618
30,1010,64,100.0376,-64.5444
30,1010,72,100.0889,-64.4692
30,1010,80,100.1265,-64.3816
30,1010,88,100.2043,-64.1177
30,1010,96,100.3848,-63.1963
30,1010,104,100.5077,-62.4173
30,1010,112,100.9302,-59.5962
30,1010,120,101.5744,-56.3021
30,1010,128,101.6341,-56.0632
30,1010,136,101.8460,-55.2591
30,1010,144,101.9148,-55.0032
30,1010,152,101.9823,-54.7500
30,1010,160,102.0311,-54.5642
30,1010,168,102.4116,-52.8843
30,1010,176,102.5730,-51.8926
30,1010,184,102.7207,-50.6200
30,1010,192,102.9240,-47.4994
30,1010,200,102.9728,-46.2558
30,1010,208,103.1147,-40.2754
30,1010,216,103.2447,-30.6725
30,1010,224,103.2942,-26.5280
30,1010,232,103.4277,-16.1340
30,1010,240,103.5448,-8.5257
30,1010,248,103.6345,-3.6870
30,1010,256,103.7554,1.4757
30,1010,264,103.8425,4.2461
30,1010,272,103.9010,5.6883
30,1010,280,104.0346,7.8477
30,1010,288,104.1579,8.6358
30,1010,296,104.2512,8.5990
30,1010,304,104.6249,4.6115
30,1010,312,104.6646,3.9282
30,1010,320,104.9295,-1.3903
30,1010,328,104.9807,-2.5359
30,1010,336,105.0392,-3.8784
30,1010,344,105.3846,-12.2368
30,1010,352,105.7506,-21.1587
30,1010,360,105.9190,-25.0822
30,1010,368,106.0248,-27.4601
30,1010,376,106.5322,-37.7948
30,1010,384,107.1630,-48.7926
30,1010,392,107.2204,-49.7317
30,1010,400,107.3134,-51.2234
30,1010,408,107.5964,-55.3792
30,1010,416,107.6143,-55.6179
30,1010,424,107.7243,-57.0045
30,1010,432,107.9250,-59.1827
30,1010,440,108.0499,-60.3158
30,1010,448,108.1067,-60.7786
30,1010,456,108.2305,-61.6833
30,1010,464,108.2918,-62.0816
30,1010,472,108.3061,-62.1698
30,1010,480,108.4063,-62.7327
30,1010,488,108.5038,-63.1956
30,1010,496,108.5695,-63.4657
30,1010,504,108.7755,-64.1385
30,1010,512,108.9087,-64.4615
30,1010,520,109.1904,-64.9483
30,1010,528,109.3413,-65.1350
30,1010,536,109.9145,-65.6057
30,1010,544,110.4637,-65.9807
30,1010,552,110.6730,-66.1191
30,1010,560,110.7925,-66.1893
30,1010,568,110.8394,-66.2137
30,1010,576,110.9809,-66.2684
30,1010,584,111.0865,-66.2918
30,1010,592,111.1696,-66.2975
30,1010,600,111.4265,-66.2547
30,1010,608,111.5101,-66.2328
30,1010,616,112.0417,-66.0973
30,1010,624,112.0965,-66.0904
30,1010,632,112.3616,-66.0692
30,1010,640,112.4519,-66.0666
30,1010,648,112.7380,-66.0660
30,1010,656,112.9263,-66.0800
30,1010,664,113.2531,-66.1074
30,1010,672,113.8565,-66.2596
30,1010,680,114.0390,-66.3296
30,1010,688,114.2094,-66.3919
30,1010,696,114.5052,-66.4891
30,1010,704,115.4432,-66.8469
30,1010,712,115.9036,-67.0940
30,1010,720,116.1186,-67.1973
30,1010,728,116.4800,-67.3471
30,1010,736,116.6425,-67.4023
30,1010,744,116.7181,-67.4219
30,1010,752,117.2493,-67.4847
30,1010,760,117.3015,-67.4878
30,1010,768,117.5061,-67.4853
30,1010,776,117.6231,-67.4731
30,1010,784,117.9041,-67.4268
30,1010,792,117.9710,-67.4157
30,1010,800,118.0784,-67.3946
30,1010,808,118.2589,-67.3399
30,1010,816,118.9080,-67.1634
30,1010,824,119.2251,-67.1541
30,1010,832,119.2775,-67.1560
30,1010,840,119.4740,-67.1422
30,1010,848,120.1888,-67.0936
30,1010,856,121.5985,-67.5266
30,1010,864,121.6637,-67.5540
30,1010,872,122.0985,-67.6885
30,1010,880,122.1234,-67.6953
30,1010,888,122.3527,-67.7416
30,1010,896,122.4858,-67.7583
30,1010,904,122.7242,-67.7602
30,1010,912,122.9207,-67.7473
30,1010,920,123.0072,-67.7405
30,1010,928,123.1276,-67.7190
30,1010,936,123.2102,-67.6957
30,1010,944,123.2889,-67.6662
30,1010,952,123.7038,-67.4187
30,1010,960,124.5330,-67.0866
30,1010,968,124.6769,-67.0669
30,1010,976,125.3071,-67.0313
30,1010,984,126.6685,-67.4202
30,1010,992,126.8943,-67.5184
30,1010,1000,127.1607,-67.6111
30,1010,1008,127.7864,-67.7703
30,1010,1016,127.8365,-67.7829
30,1010,1024,128.0502,-67.8227
30,1010,1032,128.7547,-67.9000
30,1010,1040,130.3510,-68.2377
30,1010,1048,132.5202,-68.7073
30,1010,1056,132.5960,-68.7168
30,1010,1064,133.0419,-68.7054
30,1010,1072,134.1489,-68.6182
30,1010,1080,137.3696,-68.6681
30,1010,1088,142.0922,-68.4808
30,1010,1096,149.0513,-67.8015
30,1010,1104,164.8069,-66.3706
30,1010,1112,184.0663,-65.3402
30,1010,1120,201.9189,-64.8952
30,1010,1128,229.9138,-64.6437
30,1010,1136,269.4020,-64.5728
30,1010,1144,332.1175,-64.5616
30,1010,1152,839.8006,-64.5610
60,2001,0,0.0000,-65.0000
60,2001,8,0.0699,-64.9855
60,2001,16,0.6811,-64.9173
60,2001,24,5.5147,-64.6276
60,2001,32,14.0905,-64.5433
60,2001,40,22.6664,-64.5540
60,2001,48,36.8228,-64.5609
60,2001,56,100.0000,-64.5618
60,2001,64,100.0232,-64.5562
60,2001,72,100.0980,-64.4527
60,2001,80,100.1676,-64.2566
60,2001,88,100.2146,-64.0735
60,2001,96,100.4233,-62.9299
60,2001,104,100.5392,-62.1657
60,2001,112,100.6013,-61.7406
60,2001,120,101.0141,-59.0512
60,2001,128,101.5423,-56.6471
60,2001,136,101.6621,-56.2587
60,2001,144,101.7934,-55.8774
60,2001,152,101.8179,-55.8103
60,2001,160,101.9554,-55.4461
60,2001,168,102.0562,-55.1867
60,2001,176,102.1856,-54.8537
60,2001,184,102.4217,-54.2139
60,2001,192,102.5097,-53.9520
60,2001,200,102.7406,-53.1326
60,2001,208,102.8484,-52.6369
60,2001,216,103.2374,-49.0415
60,2001,224,103.2664,-48.5092
60,2001,232,103.3903,-45.1894
60,2001,240,103.5522,-36.3920
60,2001,248,103.7142,-23.9068
60,2001,256,103.8761,-13.1845
60,2001,264,104.0005,-6.7993
60,2001,272,104.0722,-3.8299
60,2001,280,104.1554,-1.0318
60,2001,288,104.4139,3.6674
60,2001,296,104.9397,0.5619
60,2001,304,105.1350,-2.9255
60,2001,312,105.1963,-4.1609
60,2001,320,105.5665,-12.4885
60,2001,328,105.8959,-20.3614
60,2001,336,106.0701,-24.4549
60,2001,344,106.2345,-28.2011
60,2001,352,106.3571,-30.9013
60,2001,360,106.4911,-33.7483
60,2001,368,106.5999,-35.9787
60,2001,376,107.1519,-46.4333
60,2001,384,107.7676,-56.7881
60,2001,392,107.8734,-58.2374
60,2001,400,107.9425,-59.1051
60,2001,408,108.1628,-61.4590
60,2001,416,108.3737,-63.1965
60,2001,424,108.5614,-64.3991
60,2001,432,108.6886,-65.0640
60,2001,440,108.9516,-66.1313
60,2001,448,109.1304,-66.6735
60,2001,456,109.4134,-67.2939
60,2001,464,109.9271,-67.9846
60,2001,472,110.0982,-68.1389
60,2001,480,110.1985,-68.2068
60,2001,488,110.6864,-68.3901
60,2001,496,110.7951,-68.4119
60,2001,504,110.8914,-68.4184
60,2001,512,110.9952,-68.4148
60,2001,520,111.2034,-68.3834
60,2001,528,111.2349,-68.3762
60,2001,536,111.3488,-68.3365
60,2001,544,111.4827,-68.2666
60,2001,552,112.0162,-67.9406
60,2001,560,112.4294,-67.8129
60,2001,568,112.5940,-67.7924
60,2001,576,113.2529,-67.8090
60,2001,584,114.3006,-68.1985
60,2001,592,114.3493,-68.2221
60,2001,600,114.4899,-68.2829
60,2001,608,114.7082,-68.3470
60,2001,616,114.9957,-68.3948
60,2001,624,115.0647,-68.4032
60,2001,632,115.2804,-68.4035
60,2001,640,115.3466,-68.3956
60,2001,648,115.6880,-68.3109
60,2001,656,115.7572,-68.2901
60,2001,664,116.2229,-68.1370
60,2001,672,117.1452,-68.1376
60,2001,680,117.2091,-68.1517
60,2001,688,117.6826,-68.2372
60,2001,696,118.0520,-68.3208
60,2001,704,118.2756,-68.3651
60,2001,712,118.3338,-68.3733
60,2001,720,118.3875,-68.3772
60,2001,728,118.4742,-68.3717
60,2001,736,118.8638,-68.2440
60,2001,744,119.7650,-68.0835
60,2001,752,119.8137,-68.0860
60,2001,760,120.0780,-68.0910
60,2001,768,120.2274,-68.0869
60,2001,776,120.5059,-68.0704
60,2001,784,120.7082,-68.0556
60,2001,792,120.7568,-68.0506
60,2001,800,120.8041,-68.0444
60,2001,808,120.8714,-68.0313
60,2001,816,121.1609,-67.9218
60,2001,824,121.4978,-67.7772
60,2001,832,121.6484,-67.7183
60,2001,840,122.0611,-67.5945
60,2001,848,122.1128,-67.5843
60,2001,856,122.2373,-67.5588
60,2001,864,122.4307,-67.5113
60,2001,872,122.5785,-67.4756
60,2001,880,122.8114,-67.4184
60,2001,888,123.5568,-67.3804
60,2001,896,123.9373,-67.4825
60,2001,904,124.2036,-67.5689
60,2001,912,124.9990,-67.8535
60,2001,920,126.4446,-68.5649
60,2001,928,126.5347,-68.6045
60,2001,936,127.1330,-68.7770
60,2001,944,128.1106,-69.0219
60,2001,952,128.1573,-69.0340
60,2001,960,128.4277,-69.0794
60,2001,968,129.2911,-69.1485
60,2001,976,131.1720,-69.4239
60,2001,984,132.0579,-69.5432
60,2001,992,132.1896,-69.5535
60,2001,1000,132.6254,-69.5264
60,2001,1008,133.5593,-69.4349
60,2001,1016,135.5043,-69.4244
60,2001,1024,136.8025,-69.4351
60,2001,1032,136.9550,-69.4285
60,2001,1040,137.4890,-69.3325
60,2001,1048,139.0252,-69.1037
60,2001,1056,141.1680,-69.0148
60,2001,1064,145.5234,-68.7694
60,2001,1072,154.3035,-67.8734
60,2001,1080,163.0835,-67.0036
60,2001,1088,171.8636,-66.2948
60,2001,1096,180.6437,-65.7552
60,2001,1104,188.7290,-65.3871
60,2001,1112,193.5673,-65.2257
60,2001,1120,197.0092,-65.1229
60,2001,1128,199.7524,-65.0540
60,2001,1136,202.1620,-65.0002
60,2001,1144,204.0154,-64.9628
60,2001,1152,205.8689,-64.9295
60,2001,1160,207.7223,-64.8970
60,2001,1168,209.5757,-64.8707
60,2001,1176,211.4292,-64.8422
60,2001,1184,213.2826,-64.8179
60,2001,1192,215.1360,-64.7934
60,2001,1200,216.9894,-64.7734
60,2001,1208,218.8429,-64.7528
60,2001,1216,220.6963,-64.7350
60,2001,1224,222.5497,-64.7217
60,2001,1232,224.4032,-64.7065
60,2001,1240,226.2566,-64.6939
60,2001,1248,228.1100,-64.6835
60,2001,1256,229.9634,-64.6747
60,2001,1264,231.8169,-64.6674
60,2001,1272,233.6703,-64.6594
60,2001,1280,235.5237,-64.6482
60,2001,1288,237.3772,-64.6395
60,2001,1296,239.2306,-64.6337
60,2001,1304,241.0840,-64.6283
60,2001,1312,242.9374,-64.6233
60,2001,1320,244.7909,-64.6191
60,2001,1328,246.6443,-64.6097
60,2001,1336,248.4977,-64.6075
60,2001,1344,250.3512,-64.6049
60,2001,1352,252.2046,-64.6027
60,2001,1360,254.0580,-64.5983
60,2001,1368,255.6948,-64.5959
60,2001,1376,256.9704,-64.5930
60,2001,1384,258.2460,-64.5906
60,2001,1392,260.0765,-64.5887
60,2001,1400,262.9239,-64.5848
60,2001,1408,287.4113,-64.5675
60,2001,1416,383.5836,-64.5611
60,2002,0,0.0000,-65.0000
60,2002,8,0.0699,-64.9855
60,2002,16,0.6811,-64.9173
60,2002,24,5.5147,-64.6276
60,2002,32,14.0905,-64.5433
60,2002,40,22.6664,-64.5540
60,2002,48,36.8228,-64.5609
60,2002,56,100.0000,-64.5618
60,2002,64,100.0232,-64.5562
60,2002,72,100.0980,-64.4527
60,2002,80,100.1676,-64.2566
60,2002,88,100.2146,-64.0735
60,2002,96,100.4233,-62.9299
60,2002,104,100.5392,-62.1657
60,2002,112,100.6013,-61.7406
60,2002,120,101.0141,-59.0512
60,2002,128,101.5423,-56.6471
60,2002,136,101.6621,-56.2587
60,2002,144,101.7934,-55.8774
60,2002,152,101.8179,-55.8103
60,2002,160,101.9554,-55.4461
60,2002,168,102.0562,-55.1867
60,2002,176,102.1856,-54.8537
60,2002,184,102.4217,-54.2139
60,2002,192,102.5097,-53.9520
60,2002,200,102.7406,-53.1326
60,2002,208,102.8484,-52.6369
60,2002,216,103.2374,-49.0415
60,2002,224,103.2664,-48.5092
60,2002,232,103.3903,-45.1894
60,2002,240,103.5522,-36.3920
60,2002,248,103.7142,-23.9068
60,2002,256,103.8761,-13.1845
60,2002,264,104.0005,-6.7993
60,2002,272,104.0722,-3.8299
60,2002,280,104.1554,-1.0318
60,2002,288,104.4139,3.6674
60,2002,296,104.9397,0.5619
60,2002,304,105.1350,-2.9255
60,2002,312,105.1963,-4.1609
60,2002,320,105.5665,-12.4885
60,2002,328,105.8959,-20.3614
60,2002,336,106.0701,-24.4549
60,2002,344,106.2345,-28.2011
60,2002,352,106.3571,-30.9013
60,2002,360,106.4911,-33.7483
60,2002,368,106.5999,-35.9787
60,2002,376,107.1519,-46.4333
60,2002,384,107.7676,-56.7881
60,2002,392,107.8734,-58.2374
60,2002,400,107.9425,-59.1051
60,2002,408,108.1628,-61.4590
60,2002,416,108.3737,-63.1965
60,2002,424,108.5614,-64.3991
60,2002,432,108.6886,-65.0640
60,2002,440,108.9516,-66.1313
60,2002,448,109.1304,-66.6735
60,2002,456,109.4134,-67.2939
60,2002,464,109.9271,-67.9846
60,2002,472,110.0982,-68.1389
60,2002,480,110.1985,-68.2068
60,2002,488,110.6864,-68.3901
60,2002,496,110.7951,-68.4119
60,2002,504,110.8914,-68.4184
60,2002,512,110.9952,-68.4148
60,2002,520,111.2034,-68.3834
60,2002,528,111.2349,-68.3762
60,2002,536,111.3488,-68.3365
60,2002,544,111.4827,-68.2666
60,2002,552,112.0162,-67.9406
60,2002,560,112.4294,-67.8129
60,2002,568,112.5940,-67.7924
60,2002,576,113.2529,-67.8090
60,2002,584,114.3006,-68.1985
60,2002,592,114.3493,-68.2221
60,2002,600,114.4899,-68.2829
60,2002,608,114.7082,-68.3470
60,2002,616,114.9957,-68.3948
60,2002,624,115.0647,-68.4032
60,2002,632,115.2804,-68.4035
60,2002,640,115.3466,-68.3956
60,2002,648,115.6880,-68.3109
60,2002,656,115.7572,-68.2901
60,2002,664,116.2229,-68.1370
60,2002,672,117.1452,-68.1376
60,2002,680,117.2091,-68.1517
60,2002,688,117.6826,-68.2372
60,2002,696,118.0520,-68.3208
60,2002,704,118.2756,-68.3651
60,2002,712,118.3338,-68.3733
60,2002,720,118.3875,-68.3772
60,2002,728,118.4742,-68.3717
60,2002,736,118.8638,-68.2440
60,2002,744,119.7650,-68.0835
60,2002,752,119.8137,-68.0860
60,2002,760,120.0780,-68.0910
60,2002,768,120.2274,-68.0869
60,2002,776,120.5059,-68.0704
60,2002,784,120.7082,-68.0556
60,2002,792,120.7568,-68.0506
60,2002,800,120.8041,-68.0444
60,2002,808,120.8714,-68.0313
60,2002,816,121.1609,-67.9218
60,2002,824,121.4978,-67.7772
60,2002,832,121.6484,-67.7183
60,2002,840,122.0611,-67.5945
60,2002,848,122.1128,-67.5843
60,2002,856,122.2373,-67.5588
60,2002,864,122.4307,-67.5113
60,2002,872,122.5785,-67.4756
60,2002,880,122.8114,-67.4184
60,2002,888,123.5568,-67.3804
60,2002,896,123.9373,-67.4825
60,2002,904,124.2036,-67.5689
60,2002,912,124.9990,-67.8535
60,2002,920,126.4446,-68.5649
60,2002,928,126.5347,-68.6045
60,2002,936,127.1330,-68.7770
60,2002,944,128.1106,-69.0219
60,2002,952,128.1573,-69.0340
60,2002,960,128.4277,-69.0794
60,2002,968,129.2911,-69.1485
60,2002,976,131.1720,-69.4239
60,2002,984,132.0579,-69.5432
60,2002,992,132.1896,-69.5535
60,2002,1000,132.6254,-69.5264
60,2002,1008,133.5593,-69.4349
60,2002,1016,135.5043,-69.4244
60,2002,1024,136.8025,-69.4351
60,2002,1032,136.9550,-69.4285
60,2002,1040,137.4890,-69.3325
60,2002,1048,139.0252,-69.1037
60,2002,1056,141.1680,-69.0148
60,2002,1064,145.5234,-68.7694
60,2002,1072,154.3035,-67.8734
60,2002,1080,163.0835,-67.0036
60,2002,1088,171.8636,-66.2948
60,2002,1096,180.6437,-65.7552
60,2002,1104,188.7290,-65.3871
60,2002,1112,193.5673,-65.2257
60,2002,1120,197.0092,-65.1229
60,2002,1128,199.7524,-65.0540
60,2002,1136,202.1620,-65.0002
60,2002,1144,204.0154,-64.9628
60,2002,1152,205.8689,-64.9295
60,2002,1160,207.7223,-64.8970
60,2002,1168,209.5757,-64.8707
60,2002,1176,211.4292,-64.8422
60,2002,1184,213.2826,-64.8179
60,2002,1192,215.1360,-64.7934
60,2002,1200,216.9894,-64.7734
60,2002,1208,218.8429,-64.7528
60,2002,1216,220.6963,-64.7350
60,2002,1224,222.5497,-64.7217
60,2002,1232,224.4032,-64.7065
60,2002,1240,226.2566,-64.6939
60,2002,1248,228.1100,-64.6835
60,2002,1256,229.9634,-64.6747
60,2002,1264,231.8169,-64.6674
60,2002,1272,233.6703,-64.6594
60,2002,1280,235.5237,-64.6482
60,2002,1288,237.3772,-64.6395
60,2002,1296,239.2306,-64.6337
60,2002,1304,241.0840,-64.6283
60,2002,1312,242.9374,-64.6233
60,2002,1320,244.7909,-64.6191
60,2002,1328,246.6443,-64.6097
60,2002,1336,248.4977,-64.6075
60,2002,1344,250.3512,-64.6049
60,2002,1352,252.2046,-64.6027
60,2002,1360,254.0580,-64.5983
60,2002,1368,255.6948,-64.5959
60,2002,1376,256.9704,-64.5930
60,2002,1384,258.2460,-64.5906
60,2002,1392,260.0765,-64.5887
60,2002,1400,262.9239,-64.5848
60,2002,1408,287.4113,-64.5675
60,2002,1416,383.5836,-64.5611
60,2003,0,0.0000,-65.0000
60,2003,8,0.0699,-64.9855
60,2003,16,0.6811,-64.9173
60,2003,24,5.5147,-64.6276
60,2003,32,14.0905,-64.5433
60,2003,40,22.6664,-64.5540
60,2003,48,36.8228,-64.5609
60,2003,56,100.0000,-64.5618
60,2003,64,100.0232,-64.5562
60,2003,72,100.0980,-64.4527
60,2003,80,100.1676,-64.2566
60,2003,88,100.2146,-64.0735
60,2003,96,100.4233,-62.9299
60,2003,104,100.5392,-62.1657
60,2003,112,100.6013,-61.7406
60,2003,120,101.0141,-59.0512
60,2003,128,101.5423,-56.6471
60,2003,136,101.6621,-56.2587
60,2003,144,101.7934,-55.8774
60,2003,152,101.8179,-55.8103
60,2003,160,101.9554,-55.4461
60,2003,168,102.0562,-55.1867
60,2003,176,102.1856,-54.8537
60,2003,184,102.4217,-54.2139
60,2003,192,102.5097,-53.9520
60,2003,200,102.7406,-53.1326
60,2003,208,102.8484,-52.6369
60,2003,216,103.2374,-49.0415
60,2003,224,103.2664,-48.5092
60,2003,232,103.3903,-45.1894
60,2003,240,103.5522,-36.3920
60,2003,248,103.7142,-23.9068
60,2003,256,103.8761,-13.1845
60,2003,264,104.0005,-6.7993
60,2003,272,104.0722,-3.8299
60,2003,280,104.1554,-1.0318
60,2003,288,104.4139,3.6674
60,2003,296,104.9397,0.5619
60,2003,304,105.1350,-2.9255
60,2003,312,105.1963,-4.1609
60,2003,320,105.5665,-12.4885
60,2003,328,105.8959,-20.3614
60,2003,336,106.0701,-24.4549
60,2003,344,106.2345,-28.2011
60,2003,352,106.3571,-30.9013
60,2003,360,106.4911,-33.7483
60,2003,368,106.5999,-35.9787
60,2003,376,107.1519,-46.4333
60,2003,384,107.7676,-56.7881
60,2003,392,107.8734,-58.2374
60,2003,400,107.9425,-59.1051
60,2003,408,108.1628,-61.4590
60,2003,416,108.3737,-63.1965
60,2003,424,108.5614,-64.3991
60,2003,432,108.6886,-65.0640
60,2003,440,108.9516,-66.1313
60,2003,448,109.1304,-66.6735
60,2003,456,109.4134,-67.2939
60,2003,464,109.9271,-67.9846
60,2003,472,110.0982,-68.1389
60,2003,480,110.1985,-68.2068
60,2003,488,110.6864,-68.3901
60,2003,496,110.7951,-68.4119
60,2003,504,110.8914,-68.4184
60,2003,512,110.9952,-68.4148
60,2003,520,111.2034,-68.3834
60,2003,528,111.2349,-68.3762
60,2003,536,111.3488,-68.3365
60,2003,544,111.4827,-68.2666
60,2003,552,112.0162,-67.9406
60,2003,560,112.4294,-67.8129
60,2003,568,112.5940,-67.7924
60,2003,576,113.2529,-67.8090
60,2003,584,114.3006,-68.1985
60,2003,592,114.3493,-68.2221
60,2003,600,114.4899,-68.2829
60,2003,608,114.7082,-68.3470
60,2003,616,114.9957,-68.3948
60,2003,624,115.0647,-68.4032
60,2003,632,115.2804,-68.4035
60,2003,640,115.3466,-68.3956
60,2003,648,115.6880,-68.3109
60,2003,656,115.7572,-68.2901
60,2003,664,116.2229,-68.1370
60,2003,672,117.1452,-68.1376
60,2003,680,117.2091,-68.1517
60,2003,688,117.6826,-68.2372
60,2003,696,118.0520,-68.3208
60,2003,704,118.2756,-68.3651
60,2003,712,118.3338,-68.3733
60,2003,720,118.3875,-68.3772
60,2003,728,118.4742,-68.3717
60,2003,736,118.8638,-68.2440
60,2003,744,119.7650,-68.0835
60,2003,752,119.8137,-68.0860
60,2003,760,120.0780,-68.0910
60,2003,768,120.2274,-68.0869
60,2003,776,120.5059,-68.0704
60,2003,784,120.7082,-68.0556
60,2003,792,120.7568,-68.0506
60,2003,800,120.8041,-68.0444
60,2003,808,120.8714,-68.0313
60,2003,816,121.1609,-67.9218
60,2003,824,121.4978,-67.7772
60,2003,832,121.6484,-67.7183
60,2003,840,122.0611,-67.5945
60,2003,848,122.1128,-67.5843
60,2003,856,122.2373,-67.5588
60,2003,864,122.4307,-67.5113
60,2003,872,122.5785,-67.4756
60,2003,880,122.8114,-67.4184
60,2003,888,123.5568,-67.3804
60,2003,896,123.9373,-67.4825
60,2003,904,124.2036,-67.5689
60,2003,912,124.9990,-67.8535
60,2003,920,126.4446,-68.5649
60,2003,928,126.5347,-68.6045
60,2003,936,127.1330,-68.7770
60,2003,944,128.1106,-69.0219
60,2003,952,128.1573,-69.0340
60,2003,960,128.4277,-69.0794
60,2003,968,129.2911,-69.1485
60,2003,976,131.1720,-69.4239
60,2003,984,132.0579,-69.5432
60,2003,992,132.1896,-69.5535
60,2003,1000,132.6254,-69.5264
60,2003,1008,133.5593,-69.4349
60,2003,1016,135.5043,-69.4244
60,2003,1024,136.8025,-69.4351
60,2003,1032,136.9550,-69.4285
60,2003,1040,137.4890,-69.3325
60,2003,1048,139.0252,-69.1037
60,2003,1056,141.1680,-69.0148
60,2003,1064,145.5234,-68.7694
60,2003,1072,154.3035,-67.8734
60,2003,1080,163.0835,-67.0036
60,2003,1088,171.8636,-66.2948
60,2003,1096,180.6437,-65.7552
60,2003,1104,188.7290,-65.3871
60,2003,1112,193.5673,-65.2257
60,2003,1120,197.0092,-65.1229
60,2003,1128,199.7524,-65.0540
60,2003,1136,202.1620,-65.0002
60,2003,1144,204.0154,-64.9628
60,2003,1152,205.8689,-64.9295
60,2003,1160,207.7223,-64.8970
60,2003,1168,209.5757,-64.8707
60,2003,1176,211.4292,-64.8422
60,2003,1184,213.2826,-64.8179
60,2003,1192,215.1360,-64.7934
60,2003,1200,216.9894,-64.7734
60,2003,1208,218.8429,-64.7528
60,2003,1216,220.6963,-64.7350
60,2003,1224,222.5497,-64.7217
60,2003,1232,224.4032,-64.7065
60,2003,1240,226.2566,-64.6939
60,2003,1248,228.1100,-64.6835
60,2003,1256,229.9634,-64.6747
60,2003,1264,231.8169,-64.6674
60,2003,1272,233.6703,-64.6594
60,2003,1280,235.5237,-64.6482
60,2003,1288,237.3772,-64.6395
60,2003,1296,239.2306,-64.6337
60,2003,1304,241.0840,-64.6283
60,2003,1312,242.9374,-64.6233
60,2003,1320,244.7909,-64.6191
60,2003,1328,246.6443,-64.6097
60,2003,1336,248.4977,-64.6075
60,2003,1344,250.3512,-64.6049
60,2003,1352,252.2046,-64.6027
60,2003,1360,254.0580,-64.5983
60,2003,1368,255.6948,-64.5959
60,2003,1376,256.9704,-64.5930
60,2003,1384,258.2460,-64.5906
60,2003,1392,260.0765,-64.5887
60,2003,1400,262.9239,-64.5848
60,2003,1408,287.4113,-64.5675
60,2003,1416,383.5836,-64.5611
60,2004,0,0.0000,-65.0000
60,2004,8,0.0699,-64.9855
60,2004,16,0.6811,-64.9173
60,2004,24,5.5147,-64.6276
60,2004,32,14.0905,-64.5433
60,2004,40,22.6664,-64.5540
60,2004,48,36.8228,-64.5609
60,2004,56,100.0000,-64.5618
60,2004,64,100.0232,-64.5562
60,2004,72,100.0980,-64.4527
60,2004,80,100.1676,-64.2566
60,2004,88,100.2146,-64.0735
60,2004,96,100.4233,-62.9299
60,2004,104,100.5392,-62.1657
60,2004,112,100.6013,-61.7406
60,2004,120,101.0141,-59.0512
60,2004,128,101.5423,-56.6471
60,2004,136,101.6621,-56.2587
60,2004,144,101.7934,-55.8774
60,2004,152,101.8179,-55.8103
60,2004,160,101.9554,-55.4461
60,2004,168,102.0562,-55.1867
60,2004,176,102.1856,-54.8537
60,2004,184,102.4217,-54.2139
60,2004,192,102.5097,-53.9520
60,2004,200,102.7406,-53.1326
60,2004,208,102.8484,-52.6369
60,2004,216,103.2374,-49.0415
60,2004,224,103.2664,-48.5092
60,2004,232,103.3903,-45.1894
60,2004,240,103.5522,-36.3920
60,2004,248,103.7142,-23.9068
60,2004,256,103.8761,-13.1845
60,2004,264,104.0005,-6.7993
60,2004,272,104.0722,-3.8299
60,2004,280,104.1554,-1.0318
60,2004,288,104.4139,3.6674
60,2004,296,104.9397,0.5619
60,2004,304,105.1350,-2.9255
60,2004,312,105.1963,-4.1609
60,2004,320,105.5665,-12.4885
60,2004,328,105.8959,-20.3614
60,2004,336,106.0701,-24.4549
60,2004,344,106.2345,-28.2011
60,2004,352,106.3571,-30.9013
60,2004,360,106.4911,-33.7483
60,2004,368,106.5999,-35.9787
60,2004,376,107.1519,-46.4333
60,2004,384,107.7676,-56.7881
60,2004,392,107.8734,-58.2374
60,2004,400,107.9425,-59.1051
60,2004,408,108.1628,-61.4590
60,2004,416,108.3737,-63.1965
60,2004,424,108.5614,-64.3991
60,2004,432,108.6886,-65.0640
60,2004,440,108.9516,-66.1313
60,2004,448,109.1304,-66.6735
60,2004,456,109.4134,-67.2939
60,2004,464,109.9271,-67.9846
60,2004,472,110.0982,-68.1389
60,2004,480,110.1985,-68.2068
60,2004,488,110.6864,-68.3901
60,2004,496,110.7951,-68.4119
60,2004,504,110.8914,-68.4184
60,2004,512,110.9952,-68.4148
60,2004,520,111.2034,-68.3834
60,2004,528,111.2349,-68.3762
60,2004,536,111.3488,-68.3365
60,2004,544,111.4827,-68.2666
60,2004,552,112.0162,-67.9406
60,2004,560,112.4294,-67.8129
60,2004,568,112.5940,-67.7924
60,2004,576,113.2529,-67.8090
60,2004,584,114.3006,-68.1985
60,2004,592,114.3493,-68.2221
60,2004,600,114.4899,-68.2829
60,2004,608,114.7082,-68.3470
60,2004,616,114.9957,-68.3948
60,2004,624,115.0647,-68.4032
60,2004,632,115.2804,-68.4035
60,2004,640,115.3466,-68.3956
60,2004,648,115.6880,-68.3109
60,2004,656,115.7572,-68.2901
60,2004,664,116.2229,-68.1370
60,2004,672,117.1452,-68.1376
60,2004,680,117.2091,-68.1517
60,2004,688,117.6826,-68.2372
60,2004,696,118.0520,-68.3208
60,2004,704,118.2756,-68.3651
60,2004,712,118.3338,-68.3733
60,2004,720,118.3875,-68.3772
60,2004,728,118.4742,-68.3717
60,2004,736,118.8638,-68.2440
60,2004,744,119.7650,-68.0835
60,2004,752,119.8137,-68.0860
60,2004,760,120.0780,-68.0910
60,2004,768,120.2274,-68.0869
60,2004,776,120.5059,-68.0704
60,2004,784,120.7082,-68.0556
60,2004,792,120.7568,-68.0506
60,2004,800,120.8041,-68.0444
60,2004,808,120.8714,-68.0313
60,2004,816,121.1609,-67.9218
60,2004,824,121.4978,-67.7772
60,2004,832,121.6484,-67.7183
60,2004,840,122.0611,-67.5945
60,2004,848,122.1128,-67.5843
60,2004,856,122.2373,-67.5588
60,2004,864,122.4307,-67.5113
60,2004,872,122.5785,-67.4756
60,2004,880,122.8114,-67.4184
60,2004,888,123.5568,-67.3804
60,2004,896,123.9373,-67.4825
60,2004,904,124.2036,-67.5689
60,2004,912,124.9990,-67.8535
60,2004,920,126.4446,-68.5649
60,2004,928,126.5347,-68.6045
60,2004,936,127.1330,-68.7770
60,2004,944,128.1106,-69.0219
60,2004,952,128.1573,-69.0340
60,2004,960,128.4277,-69.0794
60,2004,968,129.2911,-69.1485
60,2004,976,131.1720,-69.4239
60,2004,984,132.0579,-69.5432
60,2004,992,132.1896,-69.5535
60,2004,1000,132.6254,-69.5264
60,2004,1008,133.5593,-69.4349
60,2004,1016,135.5043,-69.4244
60,2004,1024,136.8025,-69.4351
60,2004,1032,136.9550,-69.4285
60,2004,1040,137.4890,-69.3325
60,2004,1048,139.0252,-69.1037
60,2004,1056,141.1680,-69.0148
60,2004,1064,145.5234,-68.7694
60,2004,1072,154.3035,-67.8734
60,2004,1080,163.0835,-67.0036
60,2004,1088,171.8636,-66.2948
60,2004,1096,180.6437,-65.7552
60,2004,1104,188.7290,-65.3871
60,2004,1112,193.5673,-65.2257
60,2004,1120,197.0092,-65.1229
60,2004,1128,199.7524,-65.0540
60,2004,1136,202.1620,-65.0002
60,2004,1144,204.0154,-64.9628
60,2004,1152,205.8689,-64.9295
60,2004,1160,207.7223,-64.8970
60,2004,1168,209.5757,-64.8707
60,2004,1176,211.4292,-64.8422
60,2004,1184,213.2826,-64.8179
60,2004,1192,215.1360,-64.7934
60,2004,1200,216.9894,-64.7734
60,2004,1208,218.8429,-64.7528
60,2004,1216,220.6963,-64.7350
60,2004,1224,222.5497,-64.7217
60,2004,1232,224.4032,-64.7065
60,2004,1240,226.2566,-64.6939
60,2004,1248,228.1100,-64.6835
60,2004,1256,229.9634,-64.6747
60,2004,1264,231.8169,-64.6674
60,2004,1272,233.6703,-64.6594
60,2004,1280,235.5237,-64.6482
60,2004,1288,237.3772,-64.6395
60,2004,1296,239.2306,-64.6337
60,2004,1304,241.0840,-64.6283
60,2004,1312,242.9374,-64.6233
60,2004,1320,244.7909,-64.6191
60,2004,1328,246.6443,-64.6097
60,2004,1336,248.4977,-64.6075
60,2004,1344,250.3512,-64.6049
60,2004,1352,252.2046,-64.6027
60,2004,1360,254.0580,-64.5983
60,2004,1368,255.6948,-64.5959
60,2004,1376,256.9704,-64.5930
60,2004,1384,258.2460,-64.5906
60,2004,1392,260.0765,-64.5887
60,2004,1400,262.9239,-64.5848
60,2004,1408,287.4113,-64.5675
60,2004,1416,383.5836,-64.5611
60,2005,0,0.0000,-65.0000
60,2005,8,0.0699,-64.9855
60,2005,16,0.6811,-64.9173
60,2005,24,5.5147,-64.6276
60,2005,32,14.0905,-64.5433
60,2005,40,22.6664,-64.5540
60,2005,48,36.8228,-64.5609
60,2005,56,100.0000,-64.5618
60,2005,64,100.0232,-64.5562
60,2005,72,100.0980,-64.4527
60,2005,80,100.1676,-64.2566
60,2005,88,100.2146,-64.0735
60,2005,96,100.4233,-62.9299
60,2005,104,100.5392,-62.1657
60,2005,112,100.6013,-61.7406
60,2005,120,101.0141,-59.0512
60,2005,128,101.5423,-56.6471
60,2005,136,101.6621,-56.2587
60,2005,144,101.7934,-55.8774
60,2005,152,101.8179,-55.8103
60,2005,160,101.9554,-55.4461
60,2005,168,102.0562,-55.1867
60,2005,176,102.1856,-54.8537
60,2005,184,102.4217,-54.2139
60,2005,192,102.5097,-53.9520
60,2005,200,102.7406,-53.1326
60,2005,208,102.8484,-52.6369
60,2005,216,103.2374,-49.0415
60,2005,224,103.2664,-48.5092
60,2005,232,103.3903,-45.1894
60,2005,240,103.5522,-36.3920
60,2005,248,103.7142,-23.9068
60,2005,256,103.8761,-13.1845
60,2005,264,104.0005,-6.7993
60,2005,272,104.0722,-3.8299
60,2005,280,104.1554,-1.0318
60,2005,288,104.4139,3.6674
60,2005,296,104.9397,0.5619
60,2005,304,105.1350,-2.9255
60,2005,312,105.1963,-4.1609
60,2005,320,105.5665,-12.4885
60,2005,328,105.8959,-20.3614
60,2005,336,106.0701,-24.4549
60,2005,344,106.2345,-28.2011
60,2005,352,106.3571,-30.9013
60,2005,360,106.4911,-33.7483
60,2005,368,106.5999,-35.9787
60,2005,376,107.1519,-46.4333
60,2005,384,107.7676,-56.7881
60,2005,392,107.8734,-58.2374
60,2005,400,107.9425,-59.1051
60,2005,408,108.1628,-61.4590
60,2005,416,108.3737,-63.1965
60,2005,424,108.5614,-64.3991
60,2005,432,108.6886,-65.0640
60,2005,440,108.9516,-66.1313
60,2005,448,109.1304,-66.6735
60,2005,456,109.4134,-67.2939
60,2005,464,109.9271,-67.9846
60,2005,472,110.0982,-68.1389
60,2005,480,110.1985,-68.2068
60,2005,488,110.6864,-68.3901
60,2005,496,110.7951,-68.4119
60,2005,504,110.8914,-68.4184
60,2005,512,110.9952,-68.4148
60,2005,520,111.2034,-68.3834
60,2005,528,111.2349,-68.3762
60,2005,536,111.3488,-68.3365
60,2005,544,111.4827,-68.2666
60,2005,552,112.0162,-67.9406
60,2005,560,112.4294,-67.8129
60,2005,568,112.5940,-67.7924
60,2005,576,113.2529,-67.8090
60,2005,584,114.3006,-68.1985
60,2005,592,114.3493,-68.2221
60,2005,600,114.4899,-68.2829
60,2005,608,114.7082,-68.3470
60,2005,616,114.9957,-68.3948
60,2005,624,115.0647,-68.4032
60,2005,632,115.2804,-68.4035
60,2005,640,115.3466,-68.3956
60,2005,648,115.6880,-68.3109
60,2005,656,115.7572,-68.2901
60,2005,664,116.2229,-68.1370
60,2005,672,117.1452,-68.1376
60,2005,680,117.2091,-68.1517
60,2005,688,117.6826,-68.2372
60,2005,696,118.0520,-68.3208
60,2005,704,118.2756,-68.3651
60,2005,712,118.3338,-68.3733
60,2005,720,118.3875,-68.3772
60,2005,728,118.4742,-68.3717
60,2005,736,118.8638,-68.2440
60,2005,744,119.7650,-68.0835
60,2005,752,119.8137,-68.0860
60,2005,760,120.0780,-68.0910
60,2005,768,120.2274,-68.0869
60,2005,776,120.5059,-68.0704
60,2005,784,120.7082,-68.0556
60,2005,792,120.7568,-68.0506
60,2005,800,120.8041,-68.0444
60,2005,808,120.8714,-68.0313
60,2005,816,121.1609,-67.9218
60,2005,824,121.4978,-67.7772
60,2005,832,121.6484,-67.7183
60,2005,840,122.0611,-67.5945
60,2005,848,122.1128,-67.5843
60,2005,856,122.2373,-67.5588
60,2005,864,122.4307,-67.5113
60,2005,872,122.5785,-67.4756
60,2005,880,122.8114,-67.4184
60,2005,888,123.5568,-67.3804
60,2005,896,123.9373,-67.4825
60,2005,904,124.2036,-67.5689
60,2005,912,124.9990,-67.8535
60,2005,920,126.4446,-68.5649
60,2005,928,126.5347,-68.6045
60,2005,936,127.1330,-68.7770
60,2005,944,128.1106,-69.0219
60,2005,952,128.1573,-69.0340
60,2005,960,128.4277,-69.0794
60,2005,968,129.2911,-69.1485
60,2005,976,131.1720,-69.4239
60,2005,984,132.0579,-69.5432
60,2005,992,132.1896,-69.5535
60,2005,1000,132.6254,-69.5264
60,2005,1008,133.5593,-69.4349
60,2005,1016,135.5043,-69.4244
60,2005,1024,136.8025,-69.4351
60,2005,1032,136.9550,-69.4285
60,2005,1040,137.4890,-69.3325
60,2005,1048,139.0252,-69.1037
60,2005,1056,141.1680,-69.0148
60,2005,1064,145.5234,-68.7694
60,2005,1072,154.3035,-67.8734
60,2005,1080,163.0835,-67.0036
60,2005,1088,171.8636,-66.2948
60,2005,1096,180.6437,-65.7552
60,2005,1104,188.7290,-65.3871
60,2005,1112,193.5673,-65.2257
60,2005,1120,197.0092,-65.1229
60,2005,1128,199.7524,-65.0540
60,2005,1136,202.1620,-65.0002
60,2005,1144,204.0154,-64.9628
60,2005,1152,205.8689,-64.9295
60,2005,1160,207.7223,-64.8970
60,2005,1168,209.5757,-64.8707
60,2005,1176,211.4292,-64.8422
60,2005,1184,213.2826,-64.8179
60,2005,1192,215.1360,-64.7934
60,2005,1200,216.9894,-64.7734
60,2005,1208,218.8429,-64.7528
60,2005,1216,220.6963,-64.7350
60,2005,1224,222.5497,-64.7217
60,2005,1232,224.4032,-64.7065
60,2005,1240,226.2566,-64.6939
60,2005,1248,228.1100,-64.6835
60,2005,1256,229.9634,-64.6747
60,2005,1264,231.8169,-64.6674
60,2005,1272,233.6703,-64.6594
60,2005,1280,235.5237,-64.6482
60,2005,1288,237.3772,-64.6395
60,2005,1296,239.2306,-64.6337
60,2005,1304,241.0840,-64.6283
60,2005,1312,242.9374,-64.6233
60,2005,1320,244.7909,-64.6191
60,2005,1328,246.6443,-64.6097
60,2005,1336,248.4977,-64.6075
60,2005,1344,250.3512,-64.6049
60,2005,1352,252.2046,-64.6027
60,2005,1360,254.0580,-64.5983
60,2005,1368,255.6948,-64.5959
60,2005,1376,256.9704,-64.5930
60,2005,1384,258.2460,-64.5906
60,2005,1392,260.0765,-64.5887
60,2005,1400,262.9239,-64.5848
60,2005,1408,287.4113,-64.5675
60,2005,1416,383.5836,-64.5611
60,2006,0,0.0000,-65.0000
60,2006,8,0.0699,-64.9855
60,2006,16,0.6811,-64.9173
60,2006,24,5.5147,-64.6276
60,2006,32,14.0905,-64.5433
60,2006,40,22.6664,-64.5540
60,2006,48,36.8228,-64.5609
60,2006,56,100.0000,-64.5618
60,2006,64,100.0232,-64.5562
60,2006,72,100.0980,-64.4527
60,2006,80,100.1676,-64.2566
60,2006,88,100.2146,-64.0735
60,2006,96,100.4233,-62.9299
60,2006,104,100.5392,-62.1657
60,2006,112,100.6013,-61.7406
60,2006,120,101.0141,-59.0512
60,2006,128,101.5423,-56.6471
60,2006,136,101.6621,-56.2587
60,2006,144,101.7934,-55.8774
60,2006,152,101.8179,-55.8103
60,2006,160,101.9554,-55.4461
60,2006,168,102.0562,-55.1867
60,2006,176,102.1856,-54.8537
60,2006,184,102.4217,-54.2139
60,2006,192,102.5097,-53.9520
60,2006,200,102.7406,-53.1326
60,2006,208,102.8484,-52.6369
60,2006,216,103.2374,-49.0415
60,2006,224,103.2664,-48.5092
60,2006,232,103.3903,-45.1894
60,2006,240,103.5522,-36.3920
60,2006,248,103.7142,-23.9068
60,2006,256,103.8761,-13.1845
60,2006,264,104.0005,-6.7993
60,2006,272,104.0722,-3.8299
60,2006,280,104.1554,-1.0318
60,2006,288,104.4139,3.6674
60,2006,296,104.9397,0.5619
60,2006,304,105.1350,-2.9255
60,2006,312,105.1963,-4.1609
60,2006,320,105.5665,-12.4885
60,2006,328,105.8959,-20.3614
60,2006,336,106.0701,-24.4549
60,2006,344,106.2345,-28.2011
60,2006,352,106.3571,-30.9013
60,2006,360,106.4911,-33.7483
60,2006,368,106.5999,-35.9787
60,2006,376,107.1519,-46.4333
60,2006,384,107.7676,-56.7881
60,2006,392,107.8734,-58.2374
60,2006,400,107.9425,-59.1051
60,2006,408,108.1628,-61.4590
60,2006,416,108.3737,-63.1965
60,2006,424,108.5614,-64.3991
60,2006,432,108.6886,-65.0640
60,2006,440,108.9516,-66.1313
60,2006,448,109.1304,-66.6735
60,2006,456,109.4134,-67.2939
60,2006,464,109.9271,-67.9846
60,2006,472,110.0982,-68.1389
60,2006,480,110.1985,-68.2068
60,2006,488,110.6864,-68.3901
60,2006,496,110.7951,-68.4119
60,2006,504,110.8914,-68.4184
60,2006,512,110.9952,-68.4148
60,2006,520,111.2034,-68.3834
60,2006,528,111.2349,-68.3762
60,2006,536,111.3488,-68.3365
60,2006,544,111.4827,-68.2666
60,2006,552,112.0162,-67.9406
60,2006,560,112.4294,-67.8129
60,2006,568,112.5940,-67.7924
60,2006,576,113.2529,-67.8090
60,2006,584,114.3006,-68.1985
60,2006,592,114.3493,-68.2221
60,2006,600,114.4899,-68.2829
60,2006,608,114.7082,-68.3470
60,2006,616,114.9957,-68.3948
60,2006,624,115.0647,-68.4032
60,2006,632,115.2804,-68.4035
60,2006,640,115.3466,-68.3956
60,2006,648,115.6880,-68.3109
60,2006,656,115.7572,-68.2901
60,2006,664,116.2229,-68.1370
60,2006,672,117.1452,-68.1376
60,2006,680,117.2091,-68.1517
60,2006,688,117.6826,-68.2372
60,2006,696,118.0520,-68.3208
60,2006,704,118.2756,-68.3651
60,2006,712,118.3338,-68.3733
60,2006,720,118.3875,-68.3772
60,2006,728,118.4742,-68.3717
60,2006,736,118.8638,-68.2440
60,2006,744,119.7650,-68.0835
60,2006,752,119.8137,-68.0860
60,2006,760,120.0780,-68.0910
60,2006,768,120.2274,-68.0869
60,2006,776,120.5059,-68.0704
60,2006,784,120.7082,-68.0556
60,2006,792,120.7568,-68.0506
60,2006,800,120.8041,-68.0444
60,2006,808,120.8714,-68.0313
60,2006,816,121.1609,-67.9218
60,2006,824,121.4978,-67.7772
60,2006,832,121.6484,-67.7183
60,2006,840,122.0611,-67.5945
60,2006,848,122.1128,-67.5843
60,2006,856,122.2373,-67.5588
60,2006,864,122.4307,-67.5113
60,2006,872,122.5785,-67.4756
60,2006,880,122.8114,-67.4184
60,2006,888,123.5568,-67.3804
60,2006,896,123.9373,-67.4825
60,2006,904,124.2036,-67.5689
60,2006,912,124.9990,-67.8535
60,2006,920,126.4446,-68.5649
60,2006,928,126.5347,-68.6045
60,2006,936,127.1330,-68.7770
60,2006,944,128.1106,-69.0219
60,2006,952,128.1573,-69.0340
60,2006,960,128.4277,-69.0794
60,2006,968,129.2911,-69.1485
60,2006,976,131.1720,-69.4239
60,2006,984,132.0579,-69.5432
60,2006,992,132.1896,-69.5535
60,2006,1000,132.6254,-69.5264
60,2006,1008,133.5593,-69.4349
60,2006,1016,135.5043,-69.4244
60,2006,1024,136.8025,-69.4351
60,2006,1032,136.9550,-69.4285
60,2006,1040,137.4890,-69.3325
60,2006,1048,139.0252,-69.1037
60,2006,1056,141.1680,-69.0148
60,2006,1064,145.5234,-68.7694
60,2006,1072,154.3035,-67.8734
60,2006,1080,163.0835,-67.0036
60,2006,1088,171.8636,-66.2948
60,2006,1096,180.6437,-65.7552
60,2006,1104,188.7290,-65.3871
60,2006,1112,193.5673,-65.2257
60,2006,1120,197.0092,-65.1229
60,2006,1128,199.7524,-65.0540
60,2006,1136,202.1620,-65.0002
60,2006,1144,204.0154,-64.9628
60,2006,1152,205.8689,-64.9295
60,2006,1160,207.7223,-64.8970
60,2006,1168,209.5757,-64.8707
60,2006,1176,211.4292,-64.8422
60,2006,1184,213.2826,-64.8179
60,2006,1192,215.1360,-64.7934
60,2006,1200,216.9894,-64.7734
60,2006,1208,218.8429,-64.7528
60,2006,1216,220.6963,-64.7350
60,2006,1224,222.5497,-64.7217
60,2006,1232,224.4032,-64.7065
60,2006,1240,226.2566,-64.6939
60,2006,1248,228.1100,-64.6835
60,2006,1256,229.9634,-64.6747
60,2006,1264,231.8169,-64.6674
60,2006,1272,233.6703,-64.6594
60,2006,1280,235.5237,-64.6482
60,2006,1288,237.3772,-64.6395
60,2006,1296,239.2306,-64.6337
60,2006,1304,241.0840,-64.6283
60,2006,1312,242.9374,-64.6233
60,2006,1320,244.7909,-64.6191
60,2006,1328,246.6443,-64.6097
60,2006,1336,248.4977,-64.6075
60,2006,1344,250.3512,-64.6049
60,2006,1352,252.2046,-64.6027
60,2006,1360,254.0580,-64.5983
60,2006,1368,255.6948,-64.5959
60,2006,1376,256.9704,-64.5930
60,2006,1384,258.2460,-64.5906
60,2006,1392,260.0765,-64.5887
60,2006,1400,262.9239,-64.5848
60,2006,1408,287.4113,-64.5675
60,2006,1416,383.5836,-64.5611
60,2007,0,0.0000,-65.0000
60,2007,8,0.0699,-64.9855
60,2007,16,0.6811,-64.9173
60,2007,24,5.5147,-64.6276
60,2007,32,14.0905,-64.5433
60,2007,40,22.6664,-64.5540
60,2007,48,36.8228,-64.5609
60,2007,56,100.0000,-64.5618
60,2007,64,100.0232,-64.5562
60,2007,72,100.0980,-64.4527
60,2007,80,100.1676,-64.2566
60,2007,88,100.2146,-64.0735
60,2007,96,100.4233,-62.9299
60,2007,104,100.5392,-62.1657
60,2007,112,100.6013,-61.7406
60,2007,120,101.0141,-59.0512
60,2007,128,101.5423,-56.6471
60,2007,136,101.6621,-56.2587
60,2007,144,101.7934,-55.8774
60,2007,152,101.8179,-55.8103
60,2007,160,101.9554,-55.4461
60,2007,168,102.0562,-55.1867
60,2007,176,102.1856,-54.8537
60,2007,184,102.4217,-54.2139
60,2007,192,102.5097,-53.9520
60,2007,200,102.7406,-53.1326
60,2007,208,102.8484,-52.6369
60,2007,216,103.2374,-49.0415
60,2007,224,103.2664,-48.5092
60,2007,232,103.3903,-45.1894
60,2007,240,103.5522,-36.3920
60,2007,248,103.7142,-23.9068
60,2007,256,103.8761,-13.1845
60,2007,264,104.0005,-6.7993
60,2007,272,104.0722,-3.8299
60,2007,280,104.1554,-1.0318
60,2007,288,104.4139,3.6674
60,2007,296,104.9397,0.5619
60,2007,304,105.1350,-2.9255
60,2007,312,105.1963,-4.1609
60,2007,320,105.5665,-12.4885
60,2007,328,105.8959,-20.3614
60,2007,336,106.0701,-24.4549
60,2007,344,106.2345,-28.2011
60,2007,352,106.3571,-30.9013
60,2007,360,106.4911,-33.7483
60,2007,368,106.5999,-35.9787
60,2007,376,107.1519,-46.4333
60,2007,384,107.7676,-56.7881
60,2007,392,107.8734,-58.2374
60,2007,400,107.9425,-59.1051
60,2007,408,108.1628,-61.4590
60,2007,416,108.3737,-63.1965
60,2007,424,108.5614,-64.3991
60,2007,432,108.6886,-65.0640
60,2007,440,108.9516,-66.1313
60,2007,448,109.1304,-66.6735
60,2007,456,109.4134,-67.2939
60,2007,464,109.9271,-67.9846
60,2007,472,110.0982,-68.1389
60,2007,480,110.1985,-68.2068
60,2007,488,110.6864,-68.3901
60,2007,496,110.7951,-68.4119
60,2007,504,110.8914,-68.4184
60,2007,512,110.9952,-68.4148
60,2007,520,111.2034,-68.3834
60,2007,528,111.2349,-68.3762
60,2007,536,111.3488,-68.3365
60,2007,544,111.4827,-68.2666
60,2007,552,112.0162,-67.9406
60,2007,560,112.4294,-67.8129
60,2007,568,112.5940,-67.7924
60,2007,576,113.2529,-67.8090
60,2007,584,114.3006,-68.1985
60,2007,592,114.3493,-68.2221
60,2007,600,114.4899,-68.2829
60,2007,608,114.7082,-68.3470
60,2007,616,114.9957,-68.3948
60,2007,624,115.0647,-68.4032
60,2007,632,115.2804,-68.4035
60,2007,640,115.3466,-68.3956
60,2007,648,115.6880,-68.3109
60,2007,656,115.7572,-68.2901
60,2007,664,116.2229,-68.1370
60,2007,672,117.1452,-68.1376
60,2007,680,117.2091,-68.1517
60,2007,688,117.6826,-68.2372
60,2007,696,118.0520,-68.3208
60,2007,704,118.2756,-68.3651
60,2007,712,118.3338,-68.3733
60,2007,720,118.3875,-68.3772
60,2007,728,118.4742,-68.3717
60,2007,736,118.8638,-68.2440
60,2007,744,119.7650,-68.0835
60,2007,752,119.8137,-68.0860
60,2007,760,120.0780,-68.0910
60,2007,768,120.2274,-68.0869
60,2007,776,120.5059,-68.0704
60,2007,784,120.7082,-68.0556
60,2007,792,120.7568,-68.0506
60,2007,800,120.8041,-68.0444
60,2007,808,120.8714,-68.0313
60,2007,816,121.1609,-67.9218
60,2007,824,121.4978,-67.7772
60,2007,832,121.6484,-67.7183
60,2007,840,122.0611,-67.5945
60,2007,848,122.1128,-67.5843
60,2007,856,122.2373,-67.5588
60,2007,864,122.4307,-67.5113
60,2007,872,122.5785,-67.4756
60,2007,880,122.8114,-67.4184
60,2007,888,123.5568,-67.3804
60,2007,896,123.9373,-67.4825
60,2007,904,124.2036,-67.5689
60,2007,912,124.9990,-67.8535
60,2007,920,126.4446,-68.5649
60,2007,928,126.5347,-68.6045
60,2007,936,127.1330,-68.7770
60,2007,944,128.1106,-69.0219
60,2007,952,128.1573,-69.0340
60,2007,960,128.4277,-69.0794
60,2007,968,129.2911,-69.1485
60,2007,976,131.1720,-69.4239
60,2007,984,132.0579,-69.5432
60,2007,992,132.1896,-69.5535
60,2007,1000,132.6254,-69.5264
60,2007,1008,133.5593,-69.4349
60,2007,1016,135.5043,-69.4244
60,2007,1024,136.8025,-69.4351
60,2007,1032,136.9550,-69.4285
60,2007,1040,137.4890,-69.3325
60,2007,1048,139.0252,-69.1037
60,2007,1056,141.1680,-69.0148
60,2007,1064,145.5234,-68.7694
60,2007,1072,154.3035,-67.8734
60,2007,1080,163.0835,-67.0036
60,2007,1088,171.8636,-66.2948
60,2007,1096,180.6437,-65.7552
60,2007,1104,188.7290,-65.3871
60,2007,1112,193.5673,-65.2257
60,2007,1120,197.0092,-65.1229
60,2007,1128,199.7524,-65.0540
60,2007,1136,202.1620,-65.0002
60,2007,1144,204.0154,-64.9628
60,2007,1152,205.8689,-64.9295
60,2007,1160,207.7223,-64.8970
60,2007,1168,209.5757,-64.8707
60,2007,1176,211.4292,-64.8422
60,2007,1184,213.2826,-64.8179
60,2007,1192,215.1360,-64.7934
60,2007,1200,216.9894,-64.7734
60,2007,1208,218.8429,-64.7528
60,2007,1216,220.6963,-64.7350
60,2007,1224,222.5497,-64.7217
60,2007,1232,224.4032,-64.7065
60,2007,1240,226.2566,-64.6939
60,2007,1248,228.1100,-64.6835
60,2007,1256,229.9634,-64.6747
60,2007,1264,231.8169,-64.6674
60,2007,1272,233.6703,-64.6594
60,2007,1280,235.5237,-64.6482
60,2007,1288,237.3772,-64.6395
60,2007,1296,239.2306,-64.6337
60,2007,1304,241.0840,-64.6283
60,2007,1312,242.9374,-64.6233
60,2007,1320,244.7909,-64.6191
60,2007,1328,246.6443,-64.6097
60,2007,1336,248.4977,-64.6075
60,2007,1344,250.3512,-64.6049
60,2007,1352,252.2046,-64.6027
60,2007,1360,254.0580,-64.5983
60,2007,1368,255.6948,-64.5959
60,2007,1376,256.9704,-64.5930
60,2007,1384,258.2460,-64.5906
60,2007,1392,260.0765,-64.5887
60,2007,1400,262.9239,-64.5848
60,2007,1408,287.4113,-64.5675
60,2007,1416,383.5836,-64.5611
60,2008,0,0.0000,-65.0000
60,2008,8,0.0699,-64.9855
60,2008,16,0.6811,-64.9173
60,2008,24,5.5147,-64.6276
60,2008,32,14.0905,-64.5433
60,2008,40,22.6664,-64.5540
60,2008,48,36.8228,-64.5609
60,2008,56,100.0000,-64.5618
60,2008,64,100.0232,-64.5562
60,2008,72,100.0980,-64.4527
60,2008,80,100.1676,-64.2566
60,2008,88,100.2146,-64.0735
60,2008,96,100.4233,-62.9299
60,2008,104,100.5392,-62.1657
60,2008,112,100.6013,-61.7406
60,2008,120,101.0141,-59.0512
60,2008,128,101.5423,-56.6471
60,2008,136,101.6621,-56.2587
60,2008,144,101.7934,-55.8774
60,2008,152,101.8179,-55.8103
60,2008,160,101.9554,-55.4461
60,2008,168,102.0562,-55.1867
60,2008,176,102.1856,-54.8537
60,2008,184,102.4217,-54.2139
60,2008,192,102.5097,-53.9520
60,2008,200,102.7406,-53.1326
60,2008,208,102.8484,-52.6369
60,2008,216,103.2374,-49.0415
60,2008,224,103.2664,-48.5092
60,2008,232,103.3903,-45.1894
60,2008,240,103.5522,-36.3920
60,2008,248,103.7142,-23.9068
60,2008,256,103.8761,-13.1845
60,2008,264,104.0005,-6.7993
60,2008,272,104.0722,-3.8299
60,2008,280,104.1554,-1.0318
60,2008,288,104.4139,3.6674
60,2008,296,104.9397,0.5619
60,2008,304,105.1350,-2.9255
60,2008,312,105.1963,-4.1609
60,2008,320,105.5665,-12.4885
60,2008,328,105.8959,-20.3614
60,2008,336,106.0701,-24.4549
60,2008,344,106.2345,-28.2011
60,2008,352,106.3571,-30.9013
60,2008,360,106.4911,-33.7483
60,2008,368,106.5999,-35.9787
60,2008,376,107.1519,-46.4333
60,2008,384,107.7676,-56.7881
60,2008,392,107.8734,-58.2374
60,2008,400,107.9425,-59.1051
60,2008,408,108.1628,-61.4590
60,2008,416,108.3737,-63.1965
60,2008,424,108.5614,-64.3991
60,2008,432,108.6886,-65.0640
60,2008,440,108.9516,-66.1313
60,2008,448,109.1304,-66.6735
60,2008,456,109.4134,-67.2939
60,2008,464,109.9271,-67.9846
60,2008,472,110.0982,-68.1389
60,2008,480,110.1985,-68.2068
60,2008,488,110.6864,-68.3901
60,2008,496,110.7951,-68.4119
60,2008,504,110.8914,-68.4184
60,2008,512,110.9952,-68.4148
60,2008,520,111.2034,-68.3834
60,2008,528,111.2349,-68.3762
60,2008,536,111.3488,-68.3365
60,2008,544,111.4827,-68.2666
60,2008,552,112.0162,-67.9406
60,2008,560,112.4294,-67.8129
60,2008,568,112.5940,-67.7924
60,2008,576,113.2529,-67.8090
60,2008,584,114.3006,-68.1985
60,2008,592,114.3493,-68.2221
60,2008,600,114.4899,-68.2829
60,2008,608,114.7082,-68.3470
60,2008,616,114.9957,-68.3948
60,2008,624,115.0647,-68.4032
60,2008,632,115.2804,-68.4035
60,2008,640,115.3466,-68.3956
60,2008,648,115.6880,-68.3109
60,2008,656,115.7572,-68.2901
60,2008,664,116.2229,-68.1370
60,2008,672,117.1452,-68.1376
60,2008,680,117.2091,-68.1517
60,2008,688,117.6826,-68.2372
60,2008,696,118.0520,-68.3208
60,2008,704,118.2756,-68.3651
60,2008,712,118.3338,-68.3733
60,2008,720,118.3875,-68.3772
60,2008,728,118.4742,-68.3717
60,2008,736,118.8638,-68.2440
60,2008,744,119.7650,-68.0835
60,2008,752,119.8137,-68.0860
60,2008,760,120.0780,-68.0910
60,2008,768,120.2274,-68.0869
60,2008,776,120.5059,-68.0704
60,2008,784,120.7082,-68.0556
60,2008,792,120.7568,-68.0506
60,2008,800,120.8041,-68.0444
60,2008,808,120.8714,-68.0313
60,2008,816,121.1609,-67.9218
60,2008,824,121.4978,-67.7772
60,2008,832,121.6484,-67.7183
60,2008,840,122.0611,-67.5945
60,2008,848,122.1128,-67.5843
60,2008,856,122.2373,-67.5588
60,2008,864,122.4307,-67.5113
60,2008,872,122.5785,-67.4756
60,2008,880,122.8114,-67.4184
60,2008,888,123.5568,-67.3804
60,2008,896,123.9373,-67.4825
60,2008,904,124.2036,-67.5689
60,2008,912,124.9990,-67.8535
60,2008,920,126.4446,-68.5649
60,2008,928,126.5347,-68.6045
60,2008,936,127.1330,-68.7770
60,2008,944,128.1106,-69.0219
60,2008,952,128.1573,-69.0340
60,2008,960,128.4277,-69.0794
60,2008,968,129.2911,-69.1485
60,2008,976,131.1720,-69.4239
60,2008,984,132.0579,-69.5432
60,2008,992,132.1896,-69.5535
60,2008,1000,132.6254,-69.5264
60,2008,1008,133.5593,-69.4349
60,2008,1016,135.5043,-69.4244
60,2008,1024,136.8025,-69.4351
60,2008,1032,136.9550,-69.4285
60,2008,1040,137.4890,-69.3325
60,2008,1048,139.0252,-69.1037
60,2008,1056,141.1680,-69.0148
60,2008,1064,145.5234,-68.7694
60,2008,1072,154.3035,-67.8734
60,2008,1080,163.0835,-67.0036
60,2008,1088,171.8636,-66.2948
60,2008,1096,180.6437,-65.7552
60,2008,1104,188.7290,-65.3871
60,2008,1112,193.5673,-65.2257
60,2008,1120,197.0092,-65.1229
60,2008,1128,199.7524,-65.0540
60,2008,1136,202.1620,-65.0002
60,2008,1144,204.0154,-64.9628
60,2008,1152,205.8689,-64.9295
60,2008,1160,207.7223,-64.8970
60,2008,1168,209.5757,-64.8707
60,2008,1176,211.4292,-64.8422
60,2008,1184,213.2826,-64.8179
60,2008,1192,215.1360,-64.7934
60,2008,1200,216.9894,-64.7734
60,2008,1208,218.8429,-64.7528
60,2008,1216,220.6963,-64.7350
60,2008,1224,222.5497,-64.7217
60,2008,1232,224.4032,-64.7065
60,2008,1240,226.2566,-64.6939
60,2008,1248,228.1100,-64.6835
60,2008,1256,229.9634,-64.6747
60,2008,1264,231.8169,-64.6674
60,2008,1272,233.6703,-64.6594
60,2008,1280,235.5237,-64.6482
60,2008,1288,237.3772,-64.6395
60,2008,1296,239.2306,-64.6337
60,2008,1304,241.0840,-64.6283
60,2008,1312,242.9374,-64.6233
60,2008,1320,244.7909,-64.6191
60,2008,1328,246.6443,-64.6097
60,2008,1336,248.4977,-64.6075
60,2008,1344,250.3512,-64.6049
60,2008,1352,252.2046,-64.6027
60,2008,1360,254.0580,-64.5983
60,2008,1368,255.6948,-64.5959
60,2008,1376,256.9704,-64.5930
60,2008,1384,258.2460,-64.5906
60,2008,1392,260.0765,-64.5887
60,2008,1400,262.9239,-64.5848
60,2008,1408,287.4113,-64.5675
60,2008,1416,383.5836,-64.5611
60,2009,0,0.0000,-65.0000
60,2009,8,0.0699,-64.9855
60,2009,16,0.6811,-64.9173
60,2009,24,5.5147,-64.6276
60,2009,32,14.0905,-64.5433
60,2009,40,22.6664,-64.5540
60,2009,48,36.8228,-64.5609
60,2009,56,100.0000,-64.5618
60,2009,64,100.0232,-64.5562
60,2009,72,100.0980,-64.4527
60,2009,80,100.1676,-64.2566
60,2009,88,100.2146,-64.0735
60,2009,96,100.4233,-62.9299
60,2009,104,100.5392,-62.1657
60,2009,112,100.6013,-61.7406
60,2009,120,101.0141,-59.0512
60,2009,128,101.5423,-56.6471
60,2009,136,101.6621,-56.2587
60,2009,144,101.7934,-55.8774
60,2009,152,101.8179,-55.8103
60,2009,160,101.9554,-55.4461
60,2009,168,102.0562,-55.1867
60,2009,176,102.1856,-54.8537
60,2009,184,102.4217,-54.2139
60,2009,192,102.5097,-53.9520
60,2009,200,102.7406,-53.1326
60,2009,208,102.8484,-52.6369
60,2009,216,103.2374,-49.0415
60,2009,224,103.2664,-48.5092
60,2009,232,103.3903,-45.1894
60,2009,240,103.5522,-36.3920
60,2009,248,103.7142,-23.9068
60,2009,256,103.8761,-13.1845
60,2009,264,104.0005,-6.7993
60,2009,272,104.0722,-3.8299
60,2009,280,104.1554,-1.0318
60,2009,288,104.4139,3.6674
60,2009,296,104.9397,0.5619
60,2009,304,105.1350,-2.9255
60,2009,312,105.1963,-4.1609
60,2009,320,105.5665,-12.4885
60,2009,328,105.8959,-20.3614
60,2009,336,106.0701,-24.4549
60,2009,344,106.2345,-28.2011
60,2009,352,106.3571,-30.9013
60,2009,360,106.4911,-33.7483
60,2009,368,106.5999,-35.9787
60,2009,376,107.1519,-46.4333
60,2009,384,107.7676,-56.7881
60,2009,392,107.8734,-58.2374
60,2009,400,107.9425,-59.1051
60,2009,408,108.1628,-61.4590
60,2009,416,108.3737,-63.1965
60,2009,424,108.5614,-64.3991
60,2009,432,108.6886,-65.0640
60,2009,440,108.9516,-66.1313
60,2009,448,109.1304,-66.6735
60,2009,456,109.4134,-67.2939
60,2009,464,109.9271,-67.9846
60,2009,472,110.0982,-68.1389
60,2009,480,110.1985,-68.2068
60,2009,488,110.6864,-68.3901
60,2009,496,110.7951,-68.4119
60,2009,504,110.8914,-68.4184
60,2009,512,110.9952,-68.4148
60,2009,520,111.2034,-68.3834
60,2009,528,111.2349,-68.3762
60,2009,536,111.3488,-68.3365
60,2009,544,111.4827,-68.2666
60,2009,552,112.0162,-67.9406
60,2009,560,112.4294,-67.8129
60,2009,568,112.5940,-67.7924
60,2009,576,113.2529,-67.8090
60,2009,584,114.3006,-68.1985
60,2009,592,114.3493,-68.2221
60,2009,600,114.4899,-68.2829
60,2009,608,114.7082,-68.3470
60,2009,616,114.9957,-68.3948
60,2009,624,115.0647,-68.4032
60,2009,632,115.2804,-68.4035
60,2009,640,115.3466,-68.3956
60,2009,648,115.6880,-68.3109
60,2009,656,115.7572,-68.2901
60,2009,664,116.2229,-68.1370
60,2009,672,117.1452,-68.1376
60,2009,680,117.2091,-68.1517
60,2009,688,117.6826,-68.2372
60,2009,696,118.0520,-68.3208
60,2009,704,118.2756,-68.3651
60,2009,712,118.3338,-68.3733
60,2009,720,118.3875,-68.3772
60,2009,728,118.4742,-68.3717
60,2009,736,118.8638,-68.2440
60,2009,744,119.7650,-68.0835
60,2009,752,119.8137,-68.0860
60,2009,760,120.0780,-68.0910
60,2009,768,120.2274,-68.0869
60,2009,776,120.5059,-68.0704
60,2009,784,120.7082,-68.0556
60,2009,792,120.7568,-68.0506
60,2009,800,120.8041,-68.0444
60,2009,808,120.8714,-68.0313
60,2009,816,121.1609,-67.9218
60,2009,824,121.4978,-67.7772
60,2009,832,121.6484,-67.7183
60,2009,840,122.0611,-67.5945
60,2009,848,122.1128,-67.5843
60,2009,856,122.2373,-67.5588
60,2009,864,122.4307,-67.5113
60,2009,872,122.5785,-67.4756
60,2009,880,122.8114,-67.4184
60,2009,888,123.5568,-67.3804
60,2009,896,123.9373,-67.4825
60,2009,904,124.2036,-67.5689
60,2009,912,124.9990,-67.8535
60,2009,920,126.4446,-68.5649
60,2009,928,126.5347,-68.6045
60,2009,936,127.1330,-68.7770
60,2009,944,128.1106,-69.0219
60,2009,952,128.1573,-69.0340
60,2009,960,128.4277,-69.0794
60,2009,968,129.2911,-69.1485
60,2009,976,131.1720,-69.4239
60,2009,984,132.0579,-69.5432
60,2009,992,132.1896,-69.5535
60,2009,1000,132.6254,-69.5264
60,2009,1008,133.5593,-69.4349
60,2009,1016,135.5043,-69.4244
60,2009,1024,136.8025,-69.4351
60,2009,1032,136.9550,-69.4285
60,2009,1040,137.4890,-69.3325
60,2009,1048,139.0252,-69.1037
60,2009,1056,141.1680,-69.0148
60,2009,1064,145.5234,-68.7694
60,2009,1072,154.3035,-67.8734
60,2009,1080,163.0835,-67.0036
60,2009,1088,171.8636,-66.2948
60,2009,1096,180.6437,-65.7552
60,2009,1104,188.7290,-65.3871
60,2009,1112,193.5673,-65.2257
60,2009,1120,197.0092,-65.1229
60,2009,1128,199.7524,-65.0540
60,2009,1136,202.1620,-65.0002
60,2009,1144,204.0154,-64.9628
60,2009,1152,205.8689,-64.9295
60,2009,1160,207.7223,-64.8970
60,2009,1168,209.5757,-64.8707
60,2009,1176,211.4292,-64.8422
60,2009,1184,213.2826,-64.8179
60,2009,1192,215.1360,-64.7934
60,2009,1200,216.9894,-64.7734
60,2009,1208,218.8429,-64.7528
60,2009,1216,220.6963,-64.7350
60,2009,1224,222.5497,-64.7217
60,2009,1232,224.4032,-64.7065
60,2009,1240,226.2566,-64.6939
60,2009,1248,228.1100,-64.6835
60,2009,1256,229.9634,-64.6747
60,2009,1264,231.8169,-64.6674
60,2009,1272,233.6703,-64.6594
60,2009,1280,235.5237,-64.6482
60,2009,1288,237.3772,-64.6395
60,2009,1296,239.2306,-64.6337
60,2009,1304,241.0840,-64.6283
60,2009,1312,242.9374,-64.6233
60,2009,1320,244.7909,-64.6191
60,2009,1328,246.6443,-64.6097
60,2009,1336,248.4977,-64.6075
60,2009,1344,250.3512,-64.6049
60,2009,1352,252.2046,-64.6027
60,2009,1360,254.0580,-64.5983
60,2009,1368,255.6948,-64.5959
60,2009,1376,256.9704,-64.5930
60,2009,1384,258.2460,-64.5906
60,2009,1392,260.0765,-64.5887
60,2009,1400,262.9239,-64.5848
60,2009,1408,287.4113,-64.5675
60,2009,1416,383.5836,-64.5611
60,2010,0,0.0000,-65.0000
60,2010,8,0.0699,-64.9855
60,2010,16,0.6811,-64.9173
60,2010,24,5.5147,-64.6276
60,2010,32,14.0905,-64.5433
60,2010,40,22.6664,-64.5540
60,2010,48,36.8228,-64.5609
60,2010,56,100.0000,-64.5618
60,2010,64,100.0232,-64.5562
60,2010,72,100.0980,-64.4527
60,2010,80,100.1676,-64.2566
60,2010,88,100.2146,-64.0735
60,2010,96,100.4233,-62.9299
60,2010,104,100.5392,-62.1657
60,2010,112,100.6013,-61.7406
60,2010,120,101.0141,-59.0512
60,2010,128,101.5423,-56.6471
60,2010,136,101.6621,-56.2587
60,2010,144,101.7934,-55.8774
60,2010,152,101.8179,-55.8103
60,2010,160,101.9554,-55.4461
60,2010,168,102.0562,-55.1867
60,2010,176,102.1856,-54.8537
60,2010,184,102.4217,-54.2139
60,2010,192,102.5097,-53.9520
60,2010,200,102.7406,-53.1326
60,2010,208,102.8484,-52.6369
60,2010,216,103.2374,-49.0415
60,2010,224,103.2664,-48.5092
60,2010,232,103.3903,-45.1894
60,2010,240,103.5522,-36.3920
60,2010,248,103.7142,-23.9068
60,2010,256,103.8761,-13.1845
60,2010,264,104.0005,-6.7993
60,2010,272,104.0722,-3.8299
60,2010,280,104.1554,-1.0318
60,2010,288,104.4139,3.6674
60,2010,296,104.9397,0.5619
60,2010,304,105.1350,-2.9255
60,2010,312,105.1963,-4.1609
60,2010,320,105.5665,-12.4885
60,2010,328,105.8959,-20.3614
60,2010,336,106.0701,-24.4549
60,2010,344,106.2345,-28.2011
60,2010,352,106.3571,-30.9013
60,2010,360,106.4911,-33.7483
60,2010,368,106.5999,-35.9787
60,2010,376,107.1519,-46.4333
60,2010,384,107.7676,-56.7881
60,2010,392,107.8734,-58.2374
60,2010,400,107.9425,-59.1051
60,2010,408,108.1628,-61.4590
60,2010,416,108.3737,-63.1965
60,2010,424,108.5614,-64.3991
60,2010,432,108.6886,-65.0640
60,2010,440,108.9516,-66.1313
60,2010,448,109.1304,-66.6735
60,2010,456,109.4134,-67.2939
60,2010,464,109.9271,-67.9846
60,2010,472,110.0982,-68.1389
60,2010,480,110.1985,-68.2068
60,2010,488,110.6864,-68.3901
60,2010,496,110.7951,-68.4119
60,2010,504,110.8914,-68.4184
60,2010,512,110.9952,-68.4148
60,2010,520,111.2034,-68.3834
60,2010,528,111.2349,-68.3762
60,2010,536,111.3488,-68.3365
60,2010,544,111.4827,-68.2666
60,2010,552,112.0162,-67.9406
60,2010,560,112.4294,-67.8129
60,2010,568,112.5940,-67.7924
60,2010,576,113.2529,-67.8090
60,2010,584,114.3006,-68.1985
60,2010,592,114.3493,-68.2221
60,2010,600,114.4899,-68.2829
60,2010,608,114.7082,-68.3470
60,2010,616,114.9957,-68.3948
60,2010,624,115.0647,-68.4032
60,2010,632,115.2804,-68.4035
60,2010,640,115.3466,-68.3956
60,2010,648,115.6880,-68.3109
60,2010,656,115.7572,-68.2901
60,2010,664,116.2229,-68.1370
60,2010,672,117.1452,-68.1376
60,2010,680,117.2091,-68.1517
60,2010,688,117.6826,-68.2372
60,2010,696,118.0520,-68.3208
60,2010,704,118.2756,-68.3651
60,2010,712,118.3338,-68.3733
60,2010,720,118.3875,-68.3772
60,2010,728,118.4742,-68.3717
60,2010,736,118.8638,-68.2440
60,2010,744,119.7650,-68.0835
60,2010,752,119.8137,-68.0860
60,2010,760,120.0780,-68.0910
60,2010,768,120.2274,-68.0869
60,2010,776,120.5059,-68.0704
60,2010,784,120.7082,-68.0556
60,2010,792,120.7568,-68.0506
60,2010,800,120.8041,-68.0444
60,2010,808,120.8714,-68.0313
60,2010,816,121.1609,-67.9218
60,2010,824,121.4978,-67.7772
60,2010,832,121.6484,-67.7183
60,2010,840,122.0611,-67.5945
60,2010,848,122.1128,-67.5843
60,2010,856,122.2373,-67.5588
60,2010,864,122.4307,-67.5113
60,2010,872,122.5785,-67.4756
60,2010,880,122.8114,-67.4184
60,2010,888,123.5568,-67.3804
60,2010,896,123.9373,-67.4825
60,2010,904,124.2036,-67.5689
60,2010,912,124.9990,-67.8535
60,2010,920,126.4446,-68.5649
60,2010,928,126.5347,-68.6045
60,2010,936,127.1330,-68.7770
60,2010,944,128.1106,-69.0219
60,2010,952,128.1573,-69.0340
60,2010,960,128.4277,-69.0794
60,2010,968,129.2911,-69.1485
60,2010,976,131.1720,-69.4239
60,2010,984,132.0579,-69.5432
60,2010,992,132.1896,-69.5535
60,2010,1000,132.6254,-69.5264
60,2010,1008,133.5593,-69.4349
60,2010,1016,135.5043,-69.4244
60,2010,1024,136.8025,-69.4351
60,2010,1032,136.9550,-69.4285
60,2010,1040,137.4890,-69.3325
60,2010,1048,139.0252,-69.1037
60,2010,1056,141.1680,-69.0148
60,2010,1064,145.5234,-68.7694
60,2010,1072,154.3035,-67.8734
60,2010,1080,163.0835,-67.0036
60,2010,1088,171.8636,-66.2948
60,2010,1096,180.6437,-65.7552
60,2010,1104,188.7290,-65.3871
60,2010,1112,193.5673,-65.2257
60,2010,1120,197.0092,-65.1229
60,2010,1128,199.7524,-65.0540
60,2010,1136,202.1620,-65.0002
60,2010,1144,204.0154,-64.9628
60,2010,1152,205.8689,-64.9295
60,2010,1160,207.7223,-64.8970
60,2010,1168,209.5757,-64.8707
60,2010,1176,211.4292,-64.8422
60,2010,1184,213.2826,-64.8179
60,2010,1192,215.1360,-64.7934
60,2010,1200,216.9894,-64.7734
60,2010,1208,218.8429,-64.7528
60,2010,1216,220.6963,-64.7350
60,2010,1224,222.5497,-64.7217
60,2010,1232,224.4032,-64.7065
60,2010,1240,226.2566,-64.6939
60,2010,1248,228.1100,-64.6835
60,2010,1256,229.9634,-64.6747
60,2010,1264,231.8169,-64.6674
60,2010,1272,233.6703,-64.6594
60,2010,1280,235.5237,-64.6482
60,2010,1288,237.3772,-64.6395
60,2010,1296,239.2306,-64.6337
60,2010,1304,241.0840,-64.6283
60,2010,1312,242.9374,-64.6233
60,2010,1320,244.7909,-64.6191
60,2010,1328,246.6443,-64.6097
60,2010,1336,248.4977,-64.6075
60,2010,1344,250.3512,-64.6049
60,2010,1352,252.2046,-64.6027
60,2010,1360,254.0580,-64.5983
60,2010,1368,255.6948,-64.5959
60,2010,1376,256.9704,-64.5930
60,2010,1384,258.2460,-64.5906
60,2010,1392,260.0765,-64.5887
60,2010,1400,262.9239,-64.5848
60,2010,1408,287.4113,-64.5675
60,2010,1416,383.5836,-64.5611
90,3001,0,0.0000,-65.0000
90,3001,8,0.0699,-64.9855
90,3001,16,0.6811,-64.9173
90,3001,24,5.5147,-64.6276
90,3001,32,14.0905,-64.5433
90,3001,40,22.6664,-64.5540
90,3001,48,36.8228,-64.5609
90,3001,56,100.0000,-64.5618
90,3001,64,100.0351,-64.5437
90,3001,72,100.1450,-64.2800
90,3001,80,100.1603,-64.2208
90,3001,88,100.2950,-63.5134
90,3001,96,100.3250,-63.3201
90,3001,104,100.3877,-62.8867
90,3001,112,100.5263,-61.8498
90,3001,120,100.5700,-61.5130
90,3001,128,100.6520,-60.8845
90,3001,136,101.0097,-58.4713
90,3001,144,101.7269,-56.0917
90,3001,152,102.1257,-55.8096
90,3001,160,102.2982,-55.8232
90,3001,168,102.4925,-55.9207
90,3001,176,102.9360,-56.4670
90,3001,184,104.0034,-59.8910
90,3001,192,104.2262,-60.8159
90,3001,200,104.5500,-62.0894
90,3001,208,104.5859,-62.2219
90,3001,216,104.7900,-62.9189
90,3001,224,104.8655,-63.1538
90,3001,232,105.2900,-64.2790
90,3001,240,105.3603,-64.4377
90,3001,248,105.9465,-65.5451
90,3001,256,106.5761,-66.5285
90,3001,264,106.7234,-66.7323
90,3001,272,107.3150,-67.4223
90,3001,280,107.3600,-67.4694
90,3001,288,107.4176,-67.5246
90,3001,296,107.6500,-67.7052
90,3001,304,107.7820,-67.7829
90,3001,312,108.1201,-67.9389
90,3001,320,108.2650,-67.9955
90,3001,328,108.3709,-68.0270
90,3001,336,108.4717,-68.0495
90,3001,344,108.5857,-68.0642
90,3001,352,108.7900,-68.0618
90,3001,360,108.8849,-68.0513
90,3001,368,109.3759,-67.9951
90,3001,376,109.4740,-67.9989
90,3001,384,109.8263,-68.0409
90,3001,392,110.1002,-68.1086
90,3001,400,110.3651,-68.1826
90,3001,408,110.6029,-68.2398
90,3001,416,111.2750,-68.4444
90,3001,424,111.3614,-68.4799
90,3001,432,112.0260,-68.7356
90,3001,440,112.4947,-68.9584
90,3001,448,112.6526,-69.0328
90,3001,456,112.7588,-69.0764
90,3001,464,112.9894,-69.1527
90,3001,472,113.1351,-69.1898
90,3001,480,113.3188,-69.2264
90,3001,488,113.8635,-69.3040
90,3001,496,114.4770,-69.4554
90,3001,504,114.7296,-69.5191
90,3001,512,115.5100,-69.6811
90,3001,520,115.5579,-69.6920
90,3001,528,115.5930,-69.6978
90,3001,536,115.8100,-69.7015
90,3001,544,115.8662,-69.6956
90,3001,552,116.1600,-69.6306
90,3001,560,116.2385,-69.6077
90,3001,568,116.7266,-69.4532
90,3001,576,116.8889,-69.4213
90,3001,584,117.2371,-69.3608
90,3001,592,118.2427,-69.4198
90,3001,600,118.5595,-69.5073
90,3001,608,118.8299,-69.5707
90,3001,616,118.9674,-69.5954
90,3001,624,119.1461,-69.6153
90,3001,632,119.8440,-69.6436
90,3001,640,120.0008,-69.6596
90,3001,648,120.3910,-69.6673
90,3001,656,120.6222,-69.6727
90,3001,664,120.7050,-69.6744
90,3001,672,120.7654,-69.6714
90,3001,680,121.2527,-69.5758
90,3001,688,121.3287,-69.5611
90,3001,696,121.7105,-69.4744
90,3001,704,122.7100,-69.4534
90,3001,712,122.7662,-69.4620
90,3001,720,123.1765,-69.4986
90,3001,728,124.2050,-69.6542
90,3001,736,124.2546,-69.6640
90,3001,744,124.7036,-69.7059
90,3001,752,124.7429,-69.7084
90,3001,760,125.0541,-69.7017
90,3001,768,125.9946,-69.6928
90,3001,776,127.5900,-69.9739
90,3001,784,127.6600,-69.9867
90,3001,792,127.7845,-69.9966
90,3001,800,128.2820,-69.9233
90,3001,808,129.5310,-69.8218
90,3001,816,130.7852,-69.9508
90,3001,824,130.8653,-69.9600
90,3001,832,131.2333,-69.9593
90,3001,840,132.1874,-69.9166
90,3001,848,133.4152,-69.9588
90,3001,856,133.5056,-69.9624
90,3001,864,133.8622,-69.9363
90,3001,872,134.6268,-69.8436
90,3001,880,135.9400,-69.8068
90,3001,888,136.0148,-69.8072
90,3001,896,136.3147,-69.7817
90,3001,904,137.3397,-69.6497
90,3001,912,139.1176,-69.6156
90,3001,920,142.4519,-69.5757
90,3001,928,149.4116,-68.9518
90,3001,936,161.1228,-67.6510
90,3001,944,170.1865,-66.7898
90,3001,952,176.9692,-66.2633
90,3001,960,181.6595,-65.9650
90,3001,968,184.9090,-65.7767
90,3001,976,187.3055,-65.6534
90,3001,984,189.7020,-65.5432
90,3001,992,192.0985,-65.4411
90,3001,1000,194.4950,-65.3499
90,3001,1008,196.8915,-65.2658
90,3001,1016,199.2881,-65.1962
90,3001,1024,201.5937,-65.1271
90,3001,1032,203.2635,-65.0853
90,3001,1040,204.9333,-65.0437
90,3001,1048,206.6031,-65.0072
90,3001,1056,208.2729,-64.9731
90,3001,1064,209.9427,-64.9437
90,3001,1072,212.1044,-64.9065
90,3001,1080,215.8811,-64.8477
90,3001,1088,228.0873,-64.7170
90,3001,1096,262.6598,-64.5884
90,3001,1104,323.8440,-64.5625
90,3002,0,0.0000,-65.0000
90,3002,8,0.0699,-64.9855
90,3002,16,0.6811,-64.9173
90,3002,24,5.5147,-64.6276
90,3002,32,14.0905,-64.5433
90,3002,40,22.6664,-64.5540
90,3002,48,36.8228,-64.5609
90,3002,56,100.0000,-64.5618
90,3002,64,100.0351,-64.5437
90,3002,72,100.1450,-64.2800
90,3002,80,100.1603,-64.2208
90,3002,88,100.2950,-63.5134
90,3002,96,100.3250,-63.3201
90,3002,104,100.3877,-62.8867
90,3002,112,100.5263,-61.8498
90,3002,120,100.5700,-61.5130
90,3002,128,100.6520,-60.8845
90,3002,136,101.0097,-58.4713
90,3002,144,101.7269,-56.0917
90,3002,152,102.1257,-55.8096
90,3002,160,102.2982,-55.8232
90,3002,168,102.4925,-55.9207
90,3002,176,102.9360,-56.4670
90,3002,184,104.0034,-59.8910
90,3002,192,104.2262,-60.8159
90,3002,200,104.5500,-62.0894
90,3002,208,104.5859,-62.2219
90,3002,216,104.7900,-62.9189
90,3002,224,104.8655,-63.1538
90,3002,232,105.2900,-64.2790
90,3002,240,105.3603,-64.4377
90,3002,248,105.9465,-65.5451
90,3002,256,106.5761,-66.5285
90,3002,264,106.7234,-66.7323
90,3002,272,107.3150,-67.4223
90,3002,280,107.3600,-67.4694
90,3002,288,107.4176,-67.5246
90,3002,296,107.6500,-67.7052
90,3002,304,107.7820,-67.7829
90,3002,312,108.1201,-67.9389
90,3002,320,108.2650,-67.9955
90,3002,328,108.3709,-68.0270
90,3002,336,108.4717,-68.0495
90,3002,344,108.5857,-68.0642
90,3002,352,108.7900,-68.0618
90,3002,360,108.8849,-68.0513
90,3002,368,109.3759,-67.9951
90,3002,376,109.4740,-67.9989
90,3002,384,109.8263,-68.0409
90,3002,392,110.1002,-68.1086
90,3002,400,110.3651,-68.1826
90,3002,408,110.6029,-68.2398
90,3002,416,111.2750,-68.4444
90,3002,424,111.3614,-68.4799
90,3002,432,112.0260,-68.7356
90,3002,440,112.4947,-68.9584
90,3002,448,112.6526,-69.0328
90,3002,456,112.7588,-69.0764
90,3002,464,112.9894,-69.1527
90,3002,472,113.1351,-69.1898
90,3002,480,113.3188,-69.2264
90,3002,488,113.8635,-69.3040
90,3002,496,114.4770,-69.4554
90,3002,504,114.7296,-69.5191
90,3002,512,115.5100,-69.6811
90,3002,520,115.5579,-69.6920
90,3002,528,115.5930,-69.6978
90,3002,536,115.8100,-69.7015
90,3002,544,115.8662,-69.6956
90,3002,552,116.1600,-69.6306
90,3002,560,116.2385,-69.6077
90,3002,568,116.7266,-69.4532
90,3002,576,116.8889,-69.4213
90,3002,584,117.2371,-69.3608
90,3002,592,118.2427,-69.4198
90,3002,600,118.5595,-69.5073
90,3002,608,118.8299,-69.5707
90,3002,616,118.9674,-69.5954
90,3002,624,119.1461,-69.6153
90,3002,632,119.8440,-69.6436
90,3002,640,120.0008,-69.6596
90,3002,648,120.3910,-69.6673
90,3002,656,120.6222,-69.6727
90,3002,664,120.7050,-69.6744
90,3002,672,120.7654,-69.6714
90,3002,680,121.2527,-69.5758
90,3002,688,121.3287,-69.5611
90,3002,696,121.7105,-69.4744
90,3002,704,122.7100,-69.4534
90,3002,712,122.7662,-69.4620
90,3002,720,123.1765,-69.4986
90,3002,728,124.2050,-69.6542
90,3002,736,124.2546,-69.6640
90,3002,744,124.7036,-69.7059
90,3002,752,124.7429,-69.7084
90,3002,760,125.0541,-69.7017
90,3002,768,125.9946,-69.6928
90,3002,776,127.5900,-69.9739
90,3002,784,127.6600,-69.9867
90,3002,792,127.7845,-69.9966
90,3002,800,128.2820,-69.9233
90,3002,808,129.5310,-69.8218
90,3002,816,130.7852,-69.9508
90,3002,824,130.8653,-69.9600
90,3002,832,131.2333,-69.9593
90,3002,840,132.1874,-69.9166
90,3002,848,133.4152,-69.9588
90,3002,856,133.5056,-69.9624
90,3002,864,133.8622,-69.9363
90,3002,872,134.6268,-69.8436
90,3002,880,135.9400,-69.8068
90,3002,888,136.0148,-69.8072
90,3002,896,136.3147,-69.7817
90,3002,904,137.3397,-69.6497
90,3002,912,139.1176,-69.6156
90,3002,920,142.4519,-69.5757
90,3002,928,149.4116,-68.9518
90,3002,936,161.1228,-67.6510
90,3002,944,170.1865,-66.7898
90,3002,952,176.9692,-66.2633
90,3002,960,181.6595,-65.9650
90,3002,968,184.9090,-65.7767
90,3002,976,187.3055,-65.6534
90,3002,984,189.7020,-65.5432
90,3002,992,192.0985,-65.4411
90,3002,1000,194.4950,-65.3499
90,3002,1008,196.8915,-65.2658
90,3002,1016,199.2881,-65.1962
90,3002,1024,201.5937,-65.1271
90,3002,1032,203.2635,-65.0853
90,3002,1040,204.9333,-65.0437
90,3002,1048,206.6031,-65.0072
90,3002,1056,208.2729,-64.9731
90,3002,1064,209.9427,-64.9437
90,3002,1072,212.1044,-64.9065
90,3002,1080,215.8811,-64.8477
90,3002,1088,228.0873,-64.7170
90,3002,1096,262.6598,-64.5884
90,3002,1104,323.8440,-64.5625
90,3003,0,0.0000,-65.0000
90,3003,8,0.0699,-64.9855
90,3003,16,0.6811,-64.9173
90,3003,24,5.5147,-64.6276
90,3003,32,14.0905,-64.5433
90,3003,40,22.6664,-64.5540
90,3003,48,36.8228,-64.5609
90,3003,56,100.0000,-64.5618
90,3003,64,100.0351,-64.5437
90,3003,72,100.1450,-64.2800
90,3003,80,100.1603,-64.2208
90,3003,88,100.2950,-63.5134
90,3003,96,100.3250,-63.3201
90,3003,104,100.3877,-62.8867
90,3003,112,100.5263,-61.8498
90,3003,120,100.5700,-61.5130
90,3003,128,100.6520,-60.8845
90,3003,136,101.0097,-58.4713
90,3003,144,101.7269,-56.0917
90,3003,152,102.1257,-55.8096
90,3003,160,102.2982,-55.8232
90,3003,168,102.4925,-55.9207
90,3003,176,102.9360,-56.4670
90,3003,184,104.0034,-59.8910
90,3003,192,104.2262,-60.8159
90,3003,200,104.5500,-62.0894
90,3003,208,104.5859,-62.2219
90,3003,216,104.7900,-62.9189
90,3003,224,104.8655,-63.1538
90,3003,232,105.2900,-64.2790
90,3003,240,105.3603,-64.4377
90,3003,248,105.9465,-65.5451
90,3003,256,106.5761,-66.5285
90,3003,264,106.7234,-66.7323
90,3003,272,107.3150,-67.4223
90,3003,280,107.3600,-67.4694
90,3003,288,107.4176,-67.5246
90,3003,296,107.6500,-67.7052
90,3003,304,107.7820,-67.7829
90,3003,312,108.1201,-67.9389
90,3003,320,108.2650,-67.9955
90,3003,328,108.3709,-68.0270
90,3003,336,108.4717,-68.0495
90,3003,344,108.5857,-68.0642
90,3003,352,108.7900,-68.0618
90,3003,360,108.8849,-68.0513
90,3003,368,109.3759,-67.9951
90,3003,376,109.4740,-67.9989
90,3003,384,109.8263,-68.0409
90,3003,392,110.1002,-68.1086
90,3003,400,110.3651,-68.1826
90,3003,408,110.6029,-68.2398
90,3003,416,111.2750,-68.4444
90,3003,424,111.3614,-68.4799
90,3003,432,112.0260,-68.7356
90,3003,440,112.4947,-68.9584
90,3003,448,112.6526,-69.0328
90,3003,456,112.7588,-69.0764
90,3003,464,112.9894,-69.1527
90,3003,472,113.1351,-69.1898
90,3003,480,113.3188,-69.2264
90,3003,488,113.8635,-69.3040
90,3003,496,114.4770,-69.4554
90,3003,504,114.7296,-69.5191
90,3003,512,115.5100,-69.6811
90,3003,520,115.5579,-69.6920
90,3003,528,115.5930,-69.6978
90,3003,536,115.8100,-69.7015
90,3003,544,115.8662,-69.6956
90,3003,552,116.1600,-69.6306
90,3003,560,116.2385,-69.6077
90,3003,568,116.7266,-69.4532
90,3003,576,116.8889,-69.4213
90,3003,584,117.2371,-69.3608
90,3003,592,118.2427,-69.4198
90,3003,600,118.5595,-69.5073
90,3003,608,118.8299,-69.5707
90,3003,616,118.9674,-69.5954
90,3003,624,119.1461,-69.6153
90,3003,632,119.8440,-69.6436
90,3003,640,120.0008,-69.6596
90,3003,648,120.3910,-69.6673
90,3003,656,120.6222,-69.6727
90,3003,664,120.7050,-69.6744
90,3003,672,120.7654,-69.6714
90,3003,680,121.2527,-69.5758
90,3003,688,121.3287,-69.5611
90,3003,696,121.7105,-69.4744
90,3003,704,122.7100,-69.4534
90,3003,712,122.7662,-69.4620
90,3003,720,123.1765,-69.4986
90,3003,728,124.2050,-69.6542
90,3003,736,124.2546,-69.6640
90,3003,744,124.7036,-69.7059
90,3003,752,124.7429,-69.7084
90,3003,760,125.0541,-69.7017
90,3003,768,125.9946,-69.6928
90,3003,776,127.5900,-69.9739
90,3003,784,127.6600,-69.9867
90,3003,792,127.7845,-69.9966
90,3003,800,128.2820,-69.9233
90,3003,808,129.5310,-69.8218
90,3003,816,130.7852,-69.9508
90,3003,824,130.8653,-69.9600
90,3003,832,131.2333,-69.9593
90,3003,840,132.1874,-69.9166
90,3003,848,133.4152,-69.9588
90,3003,856,133.5056,-69.9624
90,3003,864,133.8622,-69.9363
90,3003,872,134.6268,-69.8436
90,3003,880,135.9400,-69.8068
90,3003,888,136.0148,-69.8072
90,3003,896,136.3147,-69.7817
90,3003,904,137.3397,-69.6497
90,3003,912,139.1176,-69.6156
90,3003,920,142.4519,-69.5757
90,3003,928,149.4116,-68.9518
90,3003,936,161.1228,-67.6510
90,3003,944,170.1865,-66.7898
90,3003,952,176.9692,-66.2633
90,3003,960,181.6595,-65.9650
90,3003,968,184.9090,-65.7767
90,3003,976,187.3055,-65.6534
90,3003,984,189.7020,-65.5432
90,3003,992,192.0985,-65.4411
90,3003,1000,194.4950,-65.3499
90,3003,1008,196.8915,-65.2658
90,3003,1016,199.2881,-65.1962
90,3003,1024,201.5937,-65.1271
90,3003,1032,203.2635,-65.0853
90,3003,1040,204.9333,-65.0437
90,3003,1048,206.6031,-65.0072
90,3003,1056,208.2729,-64.9731
90,3003,1064,209.9427,-64.9437
90,3003,1072,212.1044,-64.9065
90,3003,1080,215.8811,-64.8477
90,3003,1088,228.0873,-64.7170
90,3003,1096,262.6598,-64.5884
90,3003,1104,323.8440,-64.5625
90,3004,0,0.0000,-65.0000
90,3004,8,0.0699,-64.9855
90,3004,16,0.6811,-64.9173
90,3004,24,5.5147,-64.6276
90,3004,32,14.0905,-64.5433
90,3004,40,22.6664,-64.5540
90,3004,48,36.8228,-64.5609
90,3004,56,100.0000,-64.5618
90,3004,64,100.0351,-64.5437
90,3004,72,100.1450,-64.2800
90,3004,80,100.1603,-64.2208
90,3004,88,100.2950,-63.5134
90,3004,96,100.3250,-63.3201
90,3004,104,100.3877,-62.8867
90,3004,112,100.5263,-61.8498
90,3004,120,100.5700,-61.5130
90,3004,128,100.6520,-60.8845
90,3004,136,101.0097,-58.4713
90,3004,144,101.7269,-56.0917
90,3004,152,102.1257,-55.8096
90,3004,160,102.2982,-55.8232
90,3004,168,102.4925,-55.9207
90,3004,176,102.9360,-56.4670
90,3004,184,104.0034,-59.8910
90,3004,192,104.2262,-60.8159
90,3004,200,104.5500,-62.0894
90,3004,208,104.5859,-62.2219
90,3004,216,104.7900,-62.9189
90,3004,224,104.8655,-63.1538
90,3004,232,105.2900,-64.2790
90,3004,240,105.3603,-64.4377
90,3004,248,105.9465,-65.5451
90,3004,256,106.5761,-66.5285
90,3004,264,106.7234,-66.7323
90,3004,272,107.3150,-67.4223
90,3004,280,107.3600,-67.4694
90,3004,288,107.4176,-67.5246
90,3004,296,107.6500,-67.7052
90,3004,304,107.7820,-67.7829
90,3004,312,108.1201,-67.9389
90,3004,320,108.2650,-67.9955
90,3004,328,108.3709,-68.0270
90,3004,336,108.4717,-68.0495
90,3004,344,108.5857,-68.0642
90,3004,352,108.7900,-68.0618
90,3004,360,108.8849,-68.0513
90,3004,368,109.3759,-67.9951
90,3004,376,109.4740,-67.9989
90,3004,384,109.8263,-68.0409
90,3004,392,110.1002,-68.1086
90,3004,400,110.3651,-68.1826
90,3004,408,110.6029,-68.2398
90,3004,416,111.2750,-68.4444
90,3004,424,111.3614,-68.4799
90,3004,432,112.0260,-68.7356
90,3004,440,112.4947,-68.9584
90,3004,448,112.6526,-69.0328
90,3004,456,112.7588,-69.0764
90,3004,464,112.9894,-69.1527
90,3004,472,113.1351,-69.1898
90,3004,480,113.3188,-69.2264
90,3004,488,113.8635,-69.3040
90,3004,496,114.4770,-69.4554
90,3004,504,114.7296,-69.5191
90,3004,512,115.5100,-69.6811
90,3004,520,115.5579,-69.6920
90,3004,528,115.5930,-69.6978
90,3004,536,115.8100,-69.7015
90,3004,544,115.8662,-69.6956
90,3004,552,116.1600,-69.6306
90,3004,560,116.2385,-69.6077
90,3004,568,116.7266,-69.4532
90,3004,576,116.8889,-69.4213
90,3004,584,117.2371,-69.3608
90,3004,592,118.2427,-69.4198
90,3004,600,118.5595,-69.5073
90,3004,608,118.8299,-69.5707
90,3004,616,118.9674,-69.5954
90,3004,624,119.1461,-69.6153
90,3004,632,119.8440,-69.6436
90,3004,640,120.0008,-69.6596
90,3004,648,120.3910,-69.6673
90,3004,656,120.6222,-69.6727
90,3004,664,120.7050,-69.6744
90,3004,672,120.7654,-69.6714
90,3004,680,121.2527,-69.5758
90,3004,688,121.3287,-69.5611
90,3004,696,121.7105,-69.4744
90,3004,704,122.7100,-69.4534
90,3004,712,122.7662,-69.4620
90,3004,720,123.1765,-69.4986
90,3004,728,124.2050,-69.6542
90,3004,736,124.2546,-69.6640
90,3004,744,124.7036,-69.7059
90,3004,752,124.7429,-69.7084
90,3004,760,125.0541,-69.7017
90,3004,768,125.9946,-69.6928
90,3004,776,127.5900,-69.9739
90,3004,784,127.6600,-69.9867
90,3004,792,127.7845,-69.9966
90,3004,800,128.2820,-69.9233
90,3004,808,129.5310,-69.8218
90,3004,816,130.7852,-69.9508
90,3004,824,130.8653,-69.9600
90,3004,832,131.2333,-69.9593
90,3004,840,132.1874,-69.9166
90,3004,848,133.4152,-69.9588
90,3004,856,133.5056,-69.9624
90,3004,864,133.8622,-69.9363
90,3004,872,134.6268,-69.8436
90,3004,880,135.9400,-69.8068
90,3004,888,136.0148,-69.8072
90,3004,896,136.3147,-69.7817
90,3004,904,137.3397,-69.6497
90,3004,912,139.1176,-69.6156
90,3004,920,142.4519,-69.5757
90,3004,928,149.4116,-68.9518
90,3004,936,161.1228,-67.6510
90,3004,944,170.1865,-66.7898
90,3004,952,176.9692,-66.2633
90,3004,960,181.6595,-65.9650
90,3004,968,184.9090,-65.7767
90,3004,976,187.3055,-65.6534
90,3004,984,189.7020,-65.5432
90,3004,992,192.0985,-65.4411
90,3004,1000,194.4950,-65.3499
90,3004,1008,196.8915,-65.2658
90,3004,1016,199.2881,-65.1962
90,3004,1024,201.5937,-65.1271
90,3004,1032,203.2635,-65.0853
90,3004,1040,204.9333,-65.0437
90,3004,1048,206.6031,-65.0072
90,3004,1056,208.2729,-64.9731
90,3004,1064,209.9427,-64.9437
90,3004,1072,212.1044,-64.9065
90,3004,1080,215.8811,-64.8477
90,3004,1088,228.0873,-64.7170
90,3004,1096,262.6598,-64.5884
90,3004,1104,323.8440,-64.5625
90,3005,0,0.0000,-65.0000
90,3005,8,0.0699,-64.9855
90,3005,16,0.6811,-64.9173
90,3005,24,5.5147,-64.6276
90,3005,32,14.0905,-64.5433
90,3005,40,22.6664,-64.5540
90,3005,48,36.8228,-64.5609
90,3005,56,100.0000,-64.5618
90,3005,64,100.0351,-64.5437
90,3005,72,100.1450,-64.2800
90,3005,80,100.1603,-64.2208
90,3005,88,100.2950,-63.5134
90,3005,96,100.3250,-63.3201
90,3005,104,100.3877,-62.8867
90,3005,112,100.5263,-61.8498
90,3005,120,100.5700,-61.5130
90,3005,128,100.6520,-60.8845
90,3005,136,101.0097,-58.4713
90,3005,144,101.7269,-56.0917
90,3005,152,102.1257,-55.8096
90,3005,160,102.2982,-55.8232
90,3005,168,102.4925,-55.9207
90,3005,176,102.9360,-56.4670
90,3005,184,104.0034,-59.8910
90,3005,192,104.2262,-60.8159
90,3005,200,104.5500,-62.0894
90,3005,208,104.5859,-62.2219
90,3005,216,104.7900,-62.9189
90,3005,224,104.8655,-63.1538
90,3005,232,105.2900,-64.2790
90,3005,240,105.3603,-64.4377
90,3005,248,105.9465,-65.5451
90,3005,256,106.5761,-66.5285
90,3005,264,106.7234,-66.7323
90,3005,272,107.3150,-67.4223
90,3005,280,107.3600,-67.4694
90,3005,288,107.4176,-67.5246
90,3005,296,107.6500,-67.7052
90,3005,304,107.7820,-67.7829
90,3005,312,108.1201,-67.9389
90,3005,320,108.2650,-67.9955
90,3005,328,108.3709,-68.0270
90,3005,336,108.4717,-68.0495
90,3005,344,108.5857,-68.0642
90,3005,352,108.7900,-68.0618
90,3005,360,108.8849,-68.0513
90,3005,368,109.3759,-67.9951
90,3005,376,109.4740,-67.9989
90,3005,384,109.8263,-68.0409
90,3005,392,110.1002,-68.1086
90,3005,400,110.3651,-68.1826
90,3005,408,110.6029,-68.2398
90,3005,416,111.2750,-68.4444
90,3005,424,111.3614,-68.4799
90,3005,432,112.0260,-68.7356
90,3005,440,112.4947,-68.9584
90,3005,448,112.6526,-69.0328
90,3005,456,112.7588,-69.0764
90,3005,464,112.9894,-69.1527
90,3005,472,113.1351,-69.1898
90,3005,480,113.3188,-69.2264
90,3005,488,113.8635,-69.3040
90,3005,496,114.4770,-69.4554
90,3005,504,114.7296,-69.5191
90,3005,512,115.5100,-69.6811
90,3005,520,115.5579,-69.6920
90,3005,528,115.5930,-69.6978
90,3005,536,115.8100,-69.7015
90,3005,544,115.8662,-69.6956
90,3005,552,116.1600,-69.6306
90,3005,560,116.2385,-69.6077
90,3005,568,116.7266,-69.4532
90,3005,576,116.8889,-69.4213
90,3005,584,117.2371,-69.3608
90,3005,592,118.2427,-69.4198
90,3005,600,118.5595,-69.5073
90,3005,608,118.8299,-69.5707
90,3005,616,118.9674,-69.5954
90,3005,624,119.1461,-69.6153
90,3005,632,119.8440,-69.6436
90,3005,640,120.0008,-69.6596
90,3005,648,120.3910,-69.6673
90,3005,656,120.6222,-69.6727
90,3005,664,120.7050,-69.6744
90,3005,672,120.7654,-69.6714
90,3005,680,121.2527,-69.5758
90,3005,688,121.3287,-69.5611
90,3005,696,121.7105,-69.4744
90,3005,704,122.7100,-69.4534
90,3005,712,122.7662,-69.4620
90,3005,720,123.1765,-69.4986
90,3005,728,124.2050,-69.6542
90,3005,736,124.2546,-69.6640
90,3005,744,124.7036,-69.7059
90,3005,752,124.7429,-69.7084
90,3005,760,125.0541,-69.7017
90,3005,768,125.9946,-69.6928
90,3005,776,127.5900,-69.9739
90,3005,784,127.6600,-69.9867
90,3005,792,127.7845,-69.9966
90,3005,800,128.2820,-69.9233
90,3005,808,129.5310,-69.8218
90,3005,816,130.7852,-69.9508
90,3005,824,130.8653,-69.9600
90,3005,832,131.2333,-69.9593
90,3005,840,132.1874,-69.9166
90,3005,848,133.4152,-69.9588
90,3005,856,133.5056,-69.9624
90,3005,864,133.8622,-69.9363
90,3005,872,134.6268,-69.8436
90,3005,880,135.9400,-69.8068
90,3005,888,136.0148,-69.8072
90,3005,896,136.3147,-69.7817
90,3005,904,137.3397,-69.6497
90,3005,912,139.1176,-69.6156
90,3005,920,142.4519,-69.5757
90,3005,928,149.4116,-68.9518
90,3005,936,161.1228,-67.6510
90,3005,944,170.1865,-66.7898
90,3005,952,176.9692,-66.2633
90,3005,960,181.6595,-65.9650
90,3005,968,184.9090,-65.7767
90,3005,976,187.3055,-65.6534
90,3005,984,189.7020,-65.5432
90,3005,992,192.0985,-65.4411
90,3005,1000,194.4950,-65.3499
90,3005,1008,196.8915,-65.2658
90,3005,1016,199.2881,-65.1962
90,3005,1024,201.5937,-65.1271
90,3005,1032,203.2635,-65.0853
90,3005,1040,204.9333,-65.0437
90,3005,1048,206.6031,-65.0072
90,3005,1056,208.2729,-64.9731
90,3005,1064,209.9427,-64.9437
90,3005,1072,212.1044,-64.9065
90,3005,1080,215.8811,-64.8477
90,3005,1088,228.0873,-64.7170
90,3005,1096,262.6598,-64.5884
90,3005,1104,323.8440,-64.5625
90,3006,0,0.0000,-65.0000
90,3006,8,0.0699,-64.9855
90,3006,16,0.6811,-64.9173
90,3006,24,5.5147,-64.6276
90,3006,32,14.0905,-64.5433
90,3006,40,22.6664,-64.5540
90,3006,48,36.8228,-64.5609
90,3006,56,100.0000,-64.5618
90,3006,64,100.0351,-64.5437
90,3006,72,100.1450,-64.2800
90,3006,80,100.1603,-64.2208
90,3006,88,100.2950,-63.5134
90,3006,96,100.3250,-63.3201
90,3006,104,100.3877,-62.8867
90,3006,112,100.5263,-61.8498
90,3006,120,100.5700,-61.5130
90,3006,128,100.6520,-60.8845
90,3006,136,101.0097,-58.4713
90,3006,144,101.7269,-56.0917
90,3006,152,102.1257,-55.8096
90,3006,160,102.2982,-55.8232
90,3006,168,102.4925,-55.9207
90,3006,176,102.9360,-56.4670
90,3006,184,104.0034,-59.8910
90,3006,192,104.2262,-60.8159
90,3006,200,104.5500,-62.0894
90,3006,208,104.5859,-62.2219
90,3006,216,104.7900,-62.9189
90,3006,224,104.8655,-63.1538
90,3006,232,105.2900,-64.2790
90,3006,240,105.3603,-64.4377
90,3006,248,105.9465,-65.5451
90,3006,256,106.5761,-66.5285
90,3006,264,106.7234,-66.7323
90,3006,272,107.3150,-67.4223
90,3006,280,107.3600,-67.4694
90,3006,288,107.4176,-67.5246
90,3006,296,107.6500,-67.7052
90,3006,304,107.7820,-67.7829
90,3006,312,108.1201,-67.9389
90,3006,320,108.2650,-67.9955
90,3006,328,108.3709,-68.0270
90,3006,336,108.4717,-68.0495
90,3006,344,108.5857,-68.0642
90,3006,352,108.7900,-68.0618
90,3006,360,108.8849,-68.0513
90,3006,368,109.3759,-67.9951
90,3006,376,109.4740,-67.9989
90,3006,384,109.8263,-68.0409
90,3006,392,110.1002,-68.1086
90,3006,400,110.3651,-68.1826
90,3006,408,110.6029,-68.2398
90,3006,416,111.2750,-68.4444
90,3006,424,111.3614,-68.4799
90,3006,432,112.0260,-68.7356
90,3006,440,112.4947,-68.9584
90,3006,448,112.6526,-69.0328
90,3006,456,112.7588,-69.0764
90,3006,464,112.9894,-69.1527
90,3006,472,113.1351,-69.1898
90,3006,480,113.3188,-69.2264
90,3006,488,113.8635,-69.3040
90,3006,496,114.4770,-69.4554
90,3006,504,114.7296,-69.5191
90,3006,512,115.5100,-69.6811
90,3006,520,115.5579,-69.6920
90,3006,528,115.5930,-69.6978
90,3006,536,115.8100,-69.7015
90,3006,544,115.8662,-69.6956
90,3006,552,116.1600,-69.6306
90,3006,560,116.2385,-69.6077
90,3006,568,116.7266,-69.4532
90,3006,576,116.8889,-69.4213
90,3006,584,117.2371,-69.3608
90,3006,592,118.2427,-69.4198
90,3006,600,118.5595,-69.5073
90,3006,608,118.8299,-69.5707
90,3006,616,118.9674,-69.5954
90,3006,624,119.1461,-69.6153
90,3006,632,119.8440,-69.6436
90,3006,640,120.0008,-69.6596
90,3006,648,120.3910,-69.6673
90,3006,656,120.6222,-69.6727
90,3006,664,120.7050,-69.6744
90,3006,672,120.7654,-69.6714
90,3006,680,121.2527,-69.5758
90,3006,688,121.3287,-69.5611
90,3006,696,121.7105,-69.4744
90,3006,704,122.7100,-69.4534
90,3006,712,122.7662,-69.4620
90,3006,720,123.1765,-69.4986
90,3006,728,124.2050,-69.6542
90,3006,736,124.2546,-69.6640
90,3006,744,124.7036,-69.7059
90,3006,752,124.7429,-69.7084
90,3006,760,125.0541,-69.7017
90,3006,768,125.9946,-69.6928
90,3006,776,127.5900,-69.9739
90,3006,784,127.6600,-69.9867
90,3006,792,127.7845,-69.9966
90,3006,800,128.2820,-69.9233
90,3006,808,129.5310,-69.8218
90,3006,816,130.7852,-69.9508
90,3006,824,130.8653,-69.9600
90,3006,832,131.2333,-69.9593
90,3006,840,132.1874,-69.9166
90,3006,848,133.4152,-69.9588
90,3006,856,133.5056,-69.9624
90,3006,864,133.8622,-69.9363
90,3006,872,134.6268,-69.8436
90,3006,880,135.9400,-69.8068
90,3006,888,136.0148,-69.8072
90,3006,896,136.3147,-69.7817
90,3006,904,137.3397,-69.6497
90,3006,912,139.1176,-69.6156
90,3006,920,142.4519,-69.5757
90,3006,928,149.4116,-68.9518
90,3006,936,161.1228,-67.6510
90,3006,944,170.1865,-66.7898
90,3006,952,176.9692,-66.2633
90,3006,960,181.6595,-65.9650
90,3006,968,184.9090,-65.7767
90,3006,976,187.3055,-65.6534
90,3006,984,189.7020,-65.5432
90,3006,992,192.0985,-65.4411
90,3006,1000,194.4950,-65.3499
90,3006,1008,196.8915,-65.2658
90,3006,1016,199.2881,-65.1962
90,3006,1024,201.5937,-65.1271
90,3006,1032,203.2635,-65.0853
90,3006,1040,204.9333,-65.0437
90,3006,1048,206.6031,-65.0072
90,3006,1056,208.2729,-64.9731
90,3006,1064,209.9427,-64.9437
90,3006,1072,212.1044,-64.9065
90,3006,1080,215.8811,-64.8477
90,3006,1088,228.0873,-64.7170
90,3006,1096,262.6598,-64.5884
90,3006,1104,323.8440,-64.5625
90,3007,0,0.0000,-65.0000
90,3007,8,0.0699,-64.9855
90,3007,16,0.6811,-64.9173
90,3007,24,5.5147,-64.6276
90,3007,32,14.0905,-64.5433
90,3007,40,22.6664,-64.5540
90,3007,48,36.8228,-64.5609
90,3007,56,100.0000,-64.5618
90,3007,64,100.0351,-64.5437
90,3007,72,100.1450,-64.2800
90,3007,80,100.1603,-64.2208
90,3007,88,100.2950,-63.5134
90,3007,96,100.3250,-63.3201
90,3007,104,100.3877,-62.8867
90,3007,112,100.5263,-61.8498
90,3007,120,100.5700,-61.5130
90,3007,128,100.6520,-60.8845
90,3007,136,101.0097,-58.4713
90,3007,144,101.7269,-56.0917
90,3007,152,102.1257,-55.8096
90,3007,160,102.2982,-55.8232
90,3007,168,102.4925,-55.9207
90,3007,176,102.9360,-56.4670
90,3007,184,104.0034,-59.8910
90,3007,192,104.2262,-60.8159
90,3007,200,104.5500,-62.0894
90,3007,208,104.5859,-62.2219
90,3007,216,104.7900,-62.9189
90,3007,224,104.8655,-63.1538
90,3007,232,105.2900,-64.2790
90,3007,240,105.3603,-64.4377
90,3007,248,105.9465,-65.5451
90,3007,256,106.5761,-66.5285
90,3007,264,106.7234,-66.7323
90,3007,272,107.3150,-67.4223
90,3007,280,107.3600,-67.4694
90,3007,288,107.4176,-67.5246
90,3007,296,107.6500,-67.7052
90,3007,304,107.7820,-67.7829
90,3007,312,108.1201,-67.9389
90,3007,320,108.2650,-67.9955
90,3007,328,108.3709,-68.0270
90,3007,336,108.4717,-68.0495
90,3007,344,108.5857,-68.0642
90,3007,352,108.7900,-68.0618
90,3007,360,108.8849,-68.0513
90,3007,368,109.3759,-67.9951
90,3007,376,109.4740,-67.9989
90,3007,384,109.8263,-68.0409
90,3007,392,110.1002,-68.1086
90,3007,400,110.3651,-68.1826
90,3007,408,110.6029,-68.2398
90,3007,416,111.2750,-68.4444
90,3007,424,111.3614,-68.4799
90,3007,432,112.0260,-68.7356
90,3007,440,112.4947,-68.9584
90,3007,448,112.6526,-69.0328
90,3007,456,112.7588,-69.0764
90,3007,464,112.9894,-69.1527
90,3007,472,113.1351,-69.1898
90,3007,480,113.3188,-69.2264
90,3007,488,113.8635,-69.3040
90,3007,496,114.4770,-69.4554
90,3007,504,114.7296,-69.5191
90,3007,512,115.5100,-69.6811
90,3007,520,115.5579,-69.6920
90,3007,528,115.5930,-69.6978
90,3007,536,115.8100,-69.7015
90,3007,544,115.8662,-69.6956
90,3007,552,116.1600,-69.6306
90,3007,560,116.2385,-69.6077
90,3007,568,116.7266,-69.4532
90,3007,576,116.8889,-69.4213
90,3007,584,117.2371,-69.3608
90,3007,592,118.2427,-69.4198
90,3007,600,118.5595,-69.5073
90,3007,608,118.8299,-69.5707
90,3007,616,118.9674,-69.5954
90,3007,624,119.1461,-69.6153
90,3007,632,119.8440,-69.6436
90,3007,640,120.0008,-69.6596
90,3007,648,120.3910,-69.6673
90,3007,656,120.6222,-69.6727
90,3007,664,120.7050,-69.6744
90,3007,672,120.7654,-69.6714
90,3007,680,121.2527,-69.5758
90,3007,688,121.3287,-69.5611
90,3007,696,121.7105,-69.4744
90,3007,704,122.7100,-69.4534
90,3007,712,122.7662,-69.4620
90,3007,720,123.1765,-69.4986
90,3007,728,124.2050,-69.6542
90,3007,736,124.2546,-69.6640
90,3007,744,124.7036,-69.7059
90,3007,752,124.7429,-69.7084
90,3007,760,125.0541,-69.7017
90,3007,768,125.9946,-69.6928
90,3007,776,127.5900,-69.9739
90,3007,784,127.6600,-69.9867
90,3007,792,127.7845,-69.9966
90,3007,800,128.2820,-69.9233
90,3007,808,129.5310,-69.8218
90,3007,816,130.7852,-69.9508
90,3007,824,130.8653,-69.9600
90,3007,832,131.2333,-69.9593
90,3007,840,132.1874,-69.9166
90,3007,848,133.4152,-69.9588
90,3007,856,133.5056,-69.9624
90,3007,864,133.8622,-69.9363
90,3007,872,134.6268,-69.8436
90,3007,880,135.9400,-69.8068
90,3007,888,136.0148,-69.8072
90,3007,896,136.3147,-69.7817
90,3007,904,137.3397,-69.6497
90,3007,912,139.1176,-69.6156
90,3007,920,142.4519,-69.5757
90,3007,928,149.4116,-68.9518
90,3007,936,161.1228,-67.6510
90,3007,944,170.1865,-66.7898
90,3007,952,176.9692,-66.2633
90,3007,960,181.6595,-65.9650
90,3007,968,184.9090,-65.7767
90,3007,976,187.3055,-65.6534
90,3007,984,189.7020,-65.5432
90,3007,992,192.0985,-65.4411
90,3007,1000,194.4950,-65.3499
90,3007,1008,196.8915,-65.2658
90,3007,1016,199.2881,-65.1962
90,3007,1024,201.5937,-65.1271
90,3007,1032,203.2635,-65.0853
90,3007,1040,204.9333,-65.0437
90,3007,1048,206.6031,-65.0072
90,3007,1056,208.2729,-64.9731
90,3007,1064,209.9427,-64.9437
90,3007,1072,212.1044,-64.9065
90,3007,1080,215.8811,-64.8477
90,3007,1088,228.0873,-64.7170
90,3007,1096,262.6598,-64.5884
90,3007,1104,323.8440,-64.5625
90,3008,0,0.0000,-65.0000
90,3008,8,0.0699,-64.9855
90,3008,16,0.6811,-64.9173
90,3008,24,5.5147,-64.6276
90,3008,32,14.0905,-64.5433
90,3008,40,22.6664,-64.5540
90,3008,48,36.8228,-64.5609
90,3008,56,100.0000,-64.5618
90,3008,64,100.0351,-64.5437
90,3008,72,100.1450,-64.2800
90,3008,80,100.1603,-64.2208
90,3008,88,100.2950,-63.5134
90,3008,96,100.3250,-63.3201
90,3008,104,100.3877,-62.8867
90,3008,112,100.5263,-61.8498
90,3008,120,100.5700,-61.5130
90,3008,128,100.6520,-60.8845
90,3008,136,101.0097,-58.4713
90,3008,144,101.7269,-56.0917
90,3008,152,102.1257,-55.8096
90,3008,160,102.2982,-55.8232
90,3008,168,102.4925,-55.9207
90,3008,176,102.9360,-56.4670
90,3008,184,104.0034,-59.8910
90,3008,192,104.2262,-60.8159
90,3008,200,104.5500,-62.0894
90,3008,208,104.5859,-62.2219
90,3008,216,104.7900,-62.9189
90,3008,224,104.8655,-63.1538
90,3008,232,105.2900,-64.2790
90,3008,240,105.3603,-64.4377
90,3008,248,105.9465,-65.5451
90,3008,256,106.5761,-66.5285
90,3008,264,106.7234,-66.7323
90,3008,272,107.3150,-67.4223
90,3008,280,107.3600,-67.4694
90,3008,288,107.4176,-67.5246
90,3008,296,107.6500,-67.7052
90,3008,304,107.7820,-67.7829
90,3008,312,108.1201,-67.9389
90,3008,320,108.2650,-67.9955
90,3008,328,108.3709,-68.0270
90,3008,336,108.4717,-68.0495
90,3008,344,108.5857,-68.0642
90,3008,352,108.7900,-68.0618
90,3008,360,108.8849,-68.0513
90,3008,368,109.3759,-67.9951
90,3008,376,109.4740,-67.9989
90,3008,384,109.8263,-68.0409
90,3008,392,110.1002,-68.1086
90,3008,400,110.3651,-68.1826
90,3008,408,110.6029,-68.2398
90,3008,416,111.2750,-68.4444
90,3008,424,111.3614,-68.4799
90,3008,432,112.0260,-68.7356
90,3008,440,112.4947,-68.9584
90,3008,448,112.6526,-69.0328
90,3008,456,112.7588,-69.0764
90,3008,464,112.9894,-69.1527
90,3008,472,113.1351,-69.1898
90,3008,480,113.3188,-69.2264
90,3008,488,113.8635,-69.3040
90,3008,496,114.4770,-69.4554
90,3008,504,114.7296,-69.5191
90,3008,512,115.5100,-69.6811
90,3008,520,115.5579,-69.6920
90,3008,528,115.5930,-69.6978
90,3008,536,115.8100,-69.7015
90,3008,544,115.8662,-69.6956
90,3008,552,116.1600,-69.6306
90,3008,560,116.2385,-69.6077
90,3008,568,116.7266,-69.4532
90,3008,576,116.8889,-69.4213
90,3008,584,117.2371,-69.3608
90,3008,592,118.2427,-69.4198
90,3008,600,118.5595,-69.5073
90,3008,608,118.8299,-69.5707
90,3008,616,118.9674,-69.5954
90,3008,624,119.1461,-69.6153
90,3008,632,119.8440,-69.6436
90,3008,640,120.0008,-69.6596
90,3008,648,120.3910,-69.6673
90,3008,656,120.6222,-69.6727
90,3008,664,120.7050,-69.6744
90,3008,672,120.7654,-69.6714
90,3008,680,121.2527,-69.5758
90,3008,688,121.3287,-69.5611
90,3008,696,121.7105,-69.4744
90,3008,704,122.7100,-69.4534
90,3008,712,122.7662,-69.4620
90,3008,720,123.1765,-69.4986
90,3008,728,124.2050,-69.6542
90,3008,736,124.2546,-69.6640
90,3008,744,124.7036,-69.7059
90,3008,752,124.7429,-69.7084
90,3008,760,125.0541,-69.7017
90,3008,768,125.9946,-69.6928
90,3008,776,127.5900,-69.9739
90,3008,784,127.6600,-69.9867
90,3008,792,127.7845,-69.9966
90,3008,800,128.2820,-69.9233
90,3008,808,129.5310,-69.8218
90,3008,816,130.7852,-69.9508
90,3008,824,130.8653,-69.9600
90,3008,832,131.2333,-69.9593
90,3008,840,132.1874,-69.9166
90,3008,848,133.4152,-69.9588
90,3008,856,133.5056,-69.9624
90,3008,864,133.8622,-69.9363
90,3008,872,134.6268,-69.8436
90,3008,880,135.9400,-69.8068
90,3008,888,136.0148,-69.8072
90,3008,896,136.3147,-69.7817
90,3008,904,137.3397,-69.6497
90,3008,912,139.1176,-69.6156
90,3008,920,142.4519,-69.5757
90,3008,928,149.4116,-68.9518
90,3008,936,161.1228,-67.6510
90,3008,944,170.1865,-66.7898
90,3008,952,176.9692,-66.2633
90,3008,960,181.6595,-65.9650
90,3008,968,184.9090,-65.7767
90,3008,976,187.3055,-65.6534
90,3008,984,189.7020,-65.5432
90,3008,992,192.0985,-65.4411
90,3008,1000,194.4950,-65.3499
90,3008,1008,196.8915,-65.2658
90,3008,1016,199.2881,-65.1962
90,3008,1024,201.5937,-65.1271
90,3008,1032,203.2635,-65.0853
90,3008,1040,204.9333,-65.0437
90,3008,1048,206.6031,-65.0072
90,3008,1056,208.2729,-64.9731
90,3008,1064,209.9427,-64.9437
90,3008,1072,212.1044,-64.9065
90,3008,1080,215.8811,-64.8477
90,3008,1088,228.0873,-64.7170
90,3008,1096,262.6598,-64.5884
90,3008,1104,323.8440,-64.5625
90,3009,0,0.0000,-65.0000
90,3009,8,0.0699,-64.9855
90,3009,16,0.6811,-64.9173
90,3009,24,5.5147,-64.6276
90,3009,32,14.0905,-64.5433
90,3009,40,22.6664,-64.5540
90,3009,48,36.8228,-64.5609
90,3009,56,100.0000,-64.5618
90,3009,64,100.0351,-64.5437
90,3009,72,100.1450,-64.2800
90,3009,80,100.1603,-64.2208
90,3009,88,100.2950,-63.5134
90,3009,96,100.3250,-63.3201
90,3009,104,100.3877,-62.8867
90,3009,112,100.5263,-61.8498
90,3009,120,100.5700,-61.5130
90,3009,128,100.6520,-60.8845
90,3009,136,101.0097,-58.4713
90,3009,144,101.7269,-56.0917
90,3009,152,102.1257,-55.8096
90,3009,160,102.2982,-55.8232
90,3009,168,102.4925,-55.9207
90,3009,176,102.9360,-56.4670
90,3009,184,104.0034,-59.8910
90,3009,192,104.2262,-60.8159
90,3009,200,104.5500,-62.0894
90,3009,208,104.5859,-62.2219
90,3009,216,104.7900,-62.9189
90,3009,224,104.8655,-63.1538
90,3009,232,105.2900,-64.2790
90,3009,240,105.3603,-64.4377
90,3009,248,105.9465,-65.5451
90,3009,256,106.5761,-66.5285
90,3009,264,106.7234,-66.7323
90,3009,272,107.3150,-67.4223
90,3009,280,107.3600,-67.4694
90,3009,288,107.4176,-67.5246
90,3009,296,107.6500,-67.7052
90,3009,304,107.7820,-67.7829
90,3009,312,108.1201,-67.9389
90,3009,320,108.2650,-67.9955
90,3009,328,108.3709,-68.0270
90,3009,336,108.4717,-68.0495
90,3009,344,108.5857,-68.0642
90,3009,352,108.7900,-68.0618
90,3009,360,108.8849,-68.0513
90,3009,368,109.3759,-67.9951
90,3009,376,109.4740,-67.9989
90,3009,384,109.8263,-68.0409
90,3009,392,110.1002,-68.1086
90,3009,400,110.3651,-68.1826
90,3009,408,110.6029,-68.2398
90,3009,416,111.2750,-68.4444
90,3009,424,111.3614,-68.4799
90,3009,432,112.0260,-68.7356
90,3009,440,112.4947,-68.9584
90,3009,448,112.6526,-69.0328
90,3009,456,112.7588,-69.0764
90,3009,464,112.9894,-69.1527
90,3009,472,113.1351,-69.1898
90,3009,480,113.3188,-69.2264
90,3009,488,113.8635,-69.3040
90,3009,496,114.4770,-69.4554
90,3009,504,114.7296,-69.5191
90,3009,512,115.5100,-69.6811
90,3009,520,115.5579,-69.6920
90,3009,528,115.5930,-69.6978
90,3009,536,115.8100,-69.7015
90,3009,544,115.8662,-69.6956
90,3009,552,116.1600,-69.6306
90,3009,560,116.2385,-69.6077
90,3009,568,116.7266,-69.4532
90,3009,576,116.8889,-69.4213
90,3009,584,117.2371,-69.3608
90,3009,592,118.2427,-69.4198
90,3009,600,118.5595,-69.5073
90,3009,608,118.8299,-69.5707
90,3009,616,118.9674,-69.5954
90,3009,624,119.1461,-69.6153
90,3009,632,119.8440,-69.6436
90,3009,640,120.0008,-69.6596
90,3009,648,120.3910,-69.6673
90,3009,656,120.6222,-69.6727
90,3009,664,120.7050,-69.6744
90,3009,672,120.7654,-69.6714
90,3009,680,121.2527,-69.5758
90,3009,688,121.3287,-69.5611
90,3009,696,121.7105,-69.4744
90,3009,704,122.7100,-69.4534
90,3009,712,122.7662,-69.4620
90,3009,720,123.1765,-69.4986
90,3009,728,124.2050,-69.6542
90,3009,736,124.2546,-69.6640
90,3009,744,124.7036,-69.7059
90,3009,752,124.7429,-69.7084
90,3009,760,125.0541,-69.7017
90,3009,768,125.9946,-69.6928
90,3009,776,127.5900,-69.9739
90,3009,784,127.6600,-69.9867
90,3009,792,127.7845,-69.9966
90,3009,800,128.2820,-69.9233
90,3009,808,129.5310,-69.8218
90,3009,816,130.7852,-69.9508
90,3009,824,130.8653,-69.9600
90,3009,832,131.2333,-69.9593
90,3009,840,132.1874,-69.9166
90,3009,848,133.4152,-69.9588
90,3009,856,133.5056,-69.9624
90,3009,864,133.8622,-69.9363
90,3009,872,134.6268,-69.8436
90,3009,880,135.9400,-69.8068
90,3009,888,136.0148,-69.8072
90,3009,896,136.3147,-69.7817
90,3009,904,137.3397,-69.6497
90,3009,912,139.1176,-69.6156
90,3009,920,142.4519,-69.5757
90,3009,928,149.4116,-68.9518
90,3009,936,161.1228,-67.6510
90,3009,944,170.1865,-66.7898
90,3009,952,176.9692,-66.2633
90,3009,960,181.6595,-65.9650
90,3009,968,184.9090,-65.7767
90,3009,976,187.3055,-65.6534
90,3009,984,189.7020,-65.5432
90,3009,992,192.0985,-65.4411
90,3009,1000,194.4950,-65.3499
90,3009,1008,196.8915,-65.2658
90,3009,1016,199.2881,-65.1962
90,3009,1024,201.5937,-65.1271
90,3009,1032,203.2635,-65.0853
90,3009,1040,204.9333,-65.0437
90,3009,1048,206.6031,-65.0072
90,3009,1056,208.2729,-64.9731
90,3009,1064,209.9427,-64.9437
90,3009,1072,212.1044,-64.9065
90,3009,1080,215.8811,-64.8477
90,3009,1088,228.0873,-64.7170
90,3009,1096,262.6598,-64.5884
90,3009,1104,323.8440,-64.5625
90,3010,0,0.0000,-65.0000
90,3010,8,0.0699,-64.9855
90,3010,16,0.6811,-64.9173
90,3010,24,5.5147,-64.6276
90,3010,32,14.0905,-64.5433
90,3010,40,22.6664,-64.5540
90,3010,48,36.8228,-64.5609
90,3010,56,100.0000,-64.5618
90,3010,64,100.0351,-64.5437
90,3010,72,100.1450,-64.2800
90,3010,80,100.1603,-64.2208
90,3010,88,100.2950,-63.5134
90,3010,96,100.3250,-63.3201
90,3010,104,100.3877,-62.8867
90,3010,112,100.5263,-61.8498
90,3010,120,100.5700,-61.5130
90,3010,128,100.6520,-60.8845
90,3010,136,101.0097,-58.4713
90,3010,144,101.7269,-56.0917
90,3010,152,102.1257,-55.8096
90,3010,160,102.2982,-55.8232
90,3010,168,102.4925,-55.9207
90,3010,176,102.9360,-56.4670
90,3010,184,104.0034,-59.8910
90,3010,192,104.2262,-60.8159
90,3010,200,104.5500,-62.0894
90,3010,208,104.5859,-62.2219
90,3010,216,104.7900,-62.9189
90,3010,224,104.8655,-63.1538
90,3010,232,105.2900,-64.2790
90,3010,240,105.3603,-64.4377
90,3010,248,105.9465,-65.5451
90,3010,256,106.5761,-66.5285
90,3010,264,106.7234,-66.7323
90,3010,272,107.3150,-67.4223
90,3010,280,107.3600,-67.4694
90,3010,288,107.4176,-67.5246
90,3010,296,107.6500,-67.7052
90,3010,304,107.7820,-67.7829
90,3010,312,108.1201,-67.9389
90,3010,320,108.2650,-67.9955
90,3010,328,108.3709,-68.0270
90,3010,336,108.4717,-68.0495
90,3010,344,108.5857,-68.0642
90,3010,352,108.7900,-68.0618
90,3010,360,108.8849,-68.0513
90,3010,368,109.3759,-67.9951
90,3010,376,109.4740,-67.9989
90,3010,384,109.8263,-68.0409
90,3010,392,110.1002,-68.1086
90,3010,400,110.3651,-68.1826
90,3010,408,110.6029,-68.2398
90,3010,416,111.2750,-68.4444
90,3010,424,111.3614,-68.4799
90,3010,432,112.0260,-68.7356
90,3010,440,112.4947,-68.9584
90,3010,448,112.6526,-69.0328
90,3010,456,112.7588,-69.0764
90,3010,464,112.9894,-69.1527
90,3010,472,113.1351,-69.1898
90,3010,480,113.3188,-69.2264
90,3010,488,113.8635,-69.3040
90,3010,496,114.4770,-69.4554
90,3010,504,114.7296,-69.5191
90,3010,512,115.5100,-69.6811
90,3010,520,115.5579,-69.6920
90,3010,528,115.5930,-69.6978
90,3010,536,115.8100,-69.7015
90,3010,544,115.8662,-69.6956
90,3010,552,116.1600,-69.6306
90,3010,560,116.2385,-69.6077
90,3010,568,116.7266,-69.4532
90,3010,576,116.8889,-69.4213
90,3010,584,117.2371,-69.3608
90,3010,592,118.2427,-69.4198
90,3010,600,118.5595,-69.5073
90,3010,608,118.8299,-69.5707
90,3010,616,118.9674,-69.5954
90,3010,624,119.1461,-69.6153
90,3010,632,119.8440,-69.6436
90,3010,640,120.0008,-69.6596
90,3010,648,120.3910,-69.6673
90,3010,656,120.6222,-69.6727
90,3010,664,120.7050,-69.6744
90,3010,672,120.7654,-69.6714
90,3010,680,121.2527,-69.5758
90,3010,688,121.3287,-69.5611
90,3010,696,121.7105,-69.4744
90,3010,704,122.7100,-69.4534
90,3010,712,122.7662,-69.4620
90,3010,720,123.1765,-69.4986
90,3010,728,124.2050,-69.6542
90,3010,736,124.2546,-69.6640
90,3010,744,124.7036,-69.7059
90,3010,752,124.7429,-69.7084
90,3010,760,125.0541,-69.7017
90,3010,768,125.9946,-69.6928
90,3010,776,127.5900,-69.9739
90,3010,784,127.6600,-69.9867
90,3010,792,127.7845,-69.9966
90,3010,800,128.2820,-69.9233
90,3010,808,129.5310,-69.8218
90,3010,816,130.7852,-69.9508
90,3010,824,130.8653,-69.9600
90,3010,832,131.2333,-69.9593
90,3010,840,132.1874,-69.9166
90,3010,848,133.4152,-69.9588
90,3010,856,133.5056,-69.9624
90,3010,864,133.8622,-69.9363
90,3010,872,134.6268,-69.8436
90,3010,880,135.9400,-69.8068
90,3010,888,136.0148,-69.8072
90,3010,896,136.3147,-69.7817
90,3010,904,137.3397,-69.6497
90,3010,912,139.1176,-69.6156
90,3010,920,142.4519,-69.5757
90,3010,928,149.4116,-68.9518
90,3010,936,161.1228,-67.6510
90,3010,944,170.1865,-66.7898
90,3010,952,176.9692,-66.2633
90,3010,960,181.6595,-65.9650
90,3010,968,184.9090,-65.7767
90,3010,976,187.3055,-65.6534
90,3010,984,189.7020,-65.5432
90,3010,992,192.0985,-65.4411
90,3010,1000,194.4950,-65.3499
90,3010,1008,196.8915,-65.2658
90,3010,1016,199.2881,-65.1962
90,3010,1024,201.5937,-65.1271
90,3010,1032,203.2635,-65.0853
90,3010,1040,204.9333,-65.0437
90,3010,1048,206.6031,-65.0072
90,3010,1056,208.2729,-64.9731
90,3010,1064,209.9427,-64.9437
90,3010,1072,212.1044,-64.9065
90,3010,1080,215.8811,-64.8477
90,3010,1088,228.0873,-64.7170
90,3010,1096,262.6598,-64.5884
90,3010,1104,323.8440,-64.5625
120,4001,0,0.0000,-65.0000
120,4001,8,0.0699,-64.9855
120,4001,16,0.6811,-64.9173
120,4001,24,5.5147,-64.6276
120,4001,32,14.0905,-64.5433
120,4001,40,22.6664,-64.5540
120,4001,48,36.8228,-64.5609
120,4001,56,100.0000,-64.5618
120,4001,64,100.0346,-64.5425
120,4001,72,100.0756,-64.4682
120,4001,80,100.1204,-64.3269
120,4001,88,100.2666,-63.5180
120,4001,96,100.6187,-60.7484
120,4001,104,101.2859,-57.5440
120,4001,112,101.3139,-57.4935
120,4001,120,101.3629,-57.4172
120,4001,128,101.4836,-57.2883
120,4001,136,101.7983,-57.3149
120,4001,144,101.8774,-57.3940
120,4001,152,101.9563,-57.4963
120,4001,160,102.0633,-57.6712
120,4001,168,102.3047,-58.1906
120,4001,176,102.4651,-58.6250
120,4001,184,102.8041,-59.7097
120,4001,192,103.4810,-62.1676
120,4001,200,103.5590,-62.4418
120,4001,208,104.2609,-64.6033
120,4001,216,104.6600,-65.6123
120,4001,224,104.9806,-66.2901
120,4001,232,106.0017,-67.9675
120,4001,240,106.8731,-69.0397
120,4001,248,107.0195,-69.1827
120,4001,256,107.6652,-69.6724
120,4001,264,108.2258,-70.0319
120,4001,272,108.3656,-70.1065
120,4001,280,108.9992,-70.3555
120,4001,288,109.1083,-70.3948
120,4001,296,109.4194,-70.4696
120,4001,304,109.6307,-70.5100
120,4001,312,110.0321,-70.5454
120,4001,320,110.1734,-70.5491
120,4001,328,110.3043,-70.5446
120,4001,336,110.5468,-70.5112
120,4001,344,110.6210,-70.4948
120,4001,352,111.1404,-70.3612
120,4001,360,111.5553,-70.3310
120,4001,368,111.6009,-70.3316
120,4001,376,111.7464,-70.3209
120,4001,384,111.9259,-70.2832
120,4001,392,112.5768,-70.1498
120,4001,400,113.1017,-70.1935
120,4001,408,113.2236,-70.2122
120,4001,416,113.8011,-70.2950
120,4001,424,113.8501,-70.3030
120,4001,432,113.9024,-70.3090
120,4001,440,114.3140,-70.2966
120,4001,448,114.7046,-70.2912
120,4001,456,114.8966,-70.2955
120,4001,464,115.4796,-70.3187
120,4001,472,115.5649,-70.3254
120,4001,480,116.0880,-70.3496
120,4001,488,116.8405,-70.4836
120,4001,496,116.9117,-70.5003
120,4001,504,117.4165,-70.5720
120,4001,512,118.5873,-70.7874
120,4001,520,119.7314,-71.0424
120,4001,528,119.9090,-71.0662
120,4001,536,120.4149,-71.0664
120,4001,544,120.5154,-71.0610
120,4001,552,121.0806,-70.9730
120,4001,560,121.4111,-70.9335
120,4001,568,121.5758,-70.9137
120,4001,576,122.2235,-70.8127
120,4001,584,122.3387,-70.8020
120,4001,592,122.6752,-70.7521
120,4001,600,123.5314,-70.6666
120,4001,608,123.8800,-70.6756
120,4001,616,124.1638,-70.6702
120,4001,624,124.3675,-70.6557
120,4001,632,124.6614,-70.6100
120,4001,640,125.2106,-70.5143
120,4001,648,125.2863,-70.5054
120,4001,656,125.4575,-70.4779
120,4001,664,125.5385,-70.4622
120,4001,672,125.8257,-70.3851
120,4001,680,125.8701,-70.3722
120,4001,688,126.1368,-70.2826
120,4001,696,126.7514,-70.1290
120,4001,704,127.1725,-70.1098
120,4001,712,127.4790,-70.1026
120,4001,720,128.3123,-70.1156
120,4001,728,130.6460,-70.5233
120,4001,736,134.3096,-70.7514
120,4001,744,141.9468,-70.1072
120,4001,752,153.4093,-68.7350
120,4001,760,166.1758,-67.3415
120,4001,768,178.9423,-66.2648
120,4001,776,191.7089,-65.5445
120,4001,784,202.9547,-65.1501
120,4001,792,208.4494,-65.0117
120,4001,800,212.7608,-64.9263
120,4001,808,215.7157,-64.8812
120,4001,816,218.0243,-64.8500
120,4001,824,220.3328,-64.8187
120,4001,832,222.6414,-64.7907
120,4001,840,224.9499,-64.7657
120,4001,848,227.2585,-64.7437
120,4001,856,229.5670,-64.7267
120,4001,864,231.8756,-64.7067
120,4001,872,234.1841,-64.6910
120,4001,880,236.4927,-64.6761
120,4001,888,239.9030,-64.6582
120,4001,896,243.6806,-64.6407
120,4001,904,246.8697,-64.6291
120,4001,912,249.4702,-64.6192
120,4001,920,251.5645,-64.6142
120,4001,928,253.3550,-64.6111
120,4001,936,255.1455,-64.6088
120,4001,944,256.9360,-64.6044
120,4001,952,258.7265,-64.6004
120,4001,960,260.5170,-64.5963
120,4001,968,262.3075,-64.5955
120,4001,976,264.0980,-64.5898
120,4001,984,265.8885,-64.5871
120,4001,992,267.6790,-64.5863
120,4001,1000,269.4695,-64.5860
120,4001,1008,271.2600,-64.5843
120,4001,1016,273.0505,-64.5793
120,4001,1024,274.8410,-64.5766
120,4001,1032,276.6315,-64.5786
120,4001,1040,278.4220,-64.5758
120,4001,1048,280.2125,-64.5775
120,4001,1056,282.0030,-64.5775
120,4001,1064,283.7935,-64.5743
120,4001,1072,285.5840,-64.5719
120,4001,1080,287.3745,-64.5717
120,4001,1088,289.1650,-64.5700
120,4001,1096,290.9555,-64.5694
120,4001,1104,292.7460,-64.5654
120,4001,1112,294.5365,-64.5676
120,4001,1120,296.3270,-64.5681
120,4001,1128,298.1175,-64.5680
120,4001,1136,299.9080,-64.5678
120,4001,1144,301.6985,-64.5656
120,4001,1152,303.4890,-64.5654
120,4001,1160,305.2795,-64.5653
120,4001,1168,307.0700,-64.5675
120,4001,1176,308.8605,-64.5659
120,4001,1184,310.6510,-64.5696
120,4001,1192,312.4415,-64.5701
120,4001,1200,314.2320,-64.5681
120,4001,1208,316.0225,-64.5648
120,4001,1216,317.8130,-64.5631
120,4001,1224,319.6035,-64.5639
120,4001,1232,321.3940,-64.5631
120,4001,1240,323.1845,-64.5612
120,4001,1248,324.9750,-64.5596
120,4001,1256,326.7655,-64.5618
120,4001,1264,328.5560,-64.5625
120,4001,1272,330.3465,-64.5587
120,4001,1280,332.1370,-64.5605
120,4001,1288,333.9275,-64.5631
120,4001,1296,335.7180,-64.5652
120,4001,1304,337.5085,-64.5638
120,4001,1312,339.2990,-64.5639
120,4001,1320,341.0895,-64.5647
120,4001,1328,342.8800,-64.5667
120,4001,1336,344.6705,-64.5669
120,4001,1344,346.4610,-64.5646
120,4001,1352,347.9692,-64.5622
120,4001,1360,349.1949,-64.5620
120,4001,1368,350.4207,-64.5617
120,4001,1376,352.3160,-64.5611
120,4001,1384,384.4050,-64.5613
120,4002,0,0.0000,-65.0000
120,4002,8,0.0699,-64.9855
120,4002,16,0.6811,-64.9173
120,4002,24,5.5147,-64.6276
120,4002,32,14.0905,-64.5433
120,4002,40,22.6664,-64.5540
120,4002,48,36.8228,-64.5609
120,4002,56,100.0000,-64.5618
120,4002,64,100.0346,-64.5425
120,4002,72,100.0756,-64.4682
120,4002,80,100.1204,-64.3269
120,4002,88,100.2666,-63.5180
120,4002,96,100.6187,-60.7484
120,4002,104,101.2859,-57.5440
120,4002,112,101.3139,-57.4935
120,4002,120,101.3629,-57.4172
120,4002,128,101.4836,-57.2883
120,4002,136,101.7983,-57.3149
120,4002,144,101.8774,-57.3940
120,4002,152,101.9563,-57.4963
120,4002,160,102.0633,-57.6712
120,4002,168,102.3047,-58.1906
120,4002,176,102.4651,-58.6250
120,4002,184,102.8041,-59.7097
120,4002,192,103.4810,-62.1676
120,4002,200,103.5590,-62.4418
120,4002,208,104.2609,-64.6033
120,4002,216,104.6600,-65.6123
120,4002,224,104.9806,-66.2901
120,4002,232,106.0017,-67.9675
120,4002,240,106.8731,-69.0397
120,4002,248,107.0195,-69.1827
120,4002,256,107.6652,-69.6724
120,4002,264,108.2258,-70.0319
120,4002,272,108.3656,-70.1065
120,4002,280,108.9992,-70.3555
120,4002,288,109.1083,-70.3948
120,4002,296,109.4194,-70.4696
120,4002,304,109.6307,-70.5100
120,4002,312,110.0321,-70.5454
120,4002,320,110.1734,-70.5491
120,4002,328,110.3043,-70.5446
120,4002,336,110.5468,-70.5112
120,4002,344,110.6210,-70.4948
120,4002,352,111.1404,-70.3612
120,4002,360,111.5553,-70.3310
120,4002,368,111.6009,-70.3316
120,4002,376,111.7464,-70.3209
120,4002,384,111.9259,-70.2832
120,4002,392,112.5768,-70.1498
120,4002,400,113.1017,-70.1935
120,4002,408,113.2236,-70.2122
120,4002,416,113.8011,-70.2950
120,4002,424,113.8501,-70.3030
120,4002,432,113.9024,-70.3090
120,4002,440,114.3140,-70.2966
120,4002,448,114.7046,-70.2912
120,4002,456,114.8966,-70.2955
120,4002,464,115.4796,-70.3187
120,4002,472,115.5649,-70.3254
120,4002,480,116.0880,-70.3496
120,4002,488,116.8405,-70.4836
120,4002,496,116.9117,-70.5003
120,4002,504,117.4165,-70.5720
120,4002,512,118.5873,-70.7874
120,4002,520,119.7314,-71.0424
120,4002,528,119.9090,-71.0662
120,4002,536,120.4149,-71.0664
120,4002,544,120.5154,-71.0610
120,4002,552,121.0806,-70.9730
120,4002,560,121.4111,-70.9335
120,4002,568,121.5758,-70.9137
120,4002,576,122.2235,-70.8127
120,4002,584,122.3387,-70.8020
120,4002,592,122.6752,-70.7521
120,4002,600,123.5314,-70.6666
120,4002,608,123.8800,-70.6756
120,4002,616,124.1638,-70.6702
120,4002,624,124.3675,-70.6557
120,4002,632,124.6614,-70.6100
120,4002,640,125.2106,-70.5143
120,4002,648,125.2863,-70.5054
120,4002,656,125.4575,-70.4779
120,4002,664,125.5385,-70.4622
120,4002,672,125.8257,-70.3851
120,4002,680,125.8701,-70.3722
120,4002,688,126.1368,-70.2826
120,4002,696,126.7514,-70.1290
120,4002,704,127.1725,-70.1098
120,4002,712,127.4790,-70.1026
120,4002,720,128.3123,-70.1156
120,4002,728,130.6460,-70.5233
120,4002,736,134.3096,-70.7514
120,4002,744,141.9468,-70.1072
120,4002,752,153.4093,-68.7350
120,4002,760,166.1758,-67.3415
120,4002,768,178.9423,-66.2648
120,4002,776,191.7089,-65.5445
120,4002,784,202.9547,-65.1501
120,4002,792,208.4494,-65.0117
120,4002,800,212.7608,-64.9263
120,4002,808,215.7157,-64.8812
120,4002,816,218.0243,-64.8500
120,4002,824,220.3328,-64.8187
120,4002,832,222.6414,-64.7907
120,4002,840,224.9499,-64.7657
120,4002,848,227.2585,-64.7437
120,4002,856,229.5670,-64.7267
120,4002,864,231.8756,-64.7067
120,4002,872,234.1841,-64.6910
120,4002,880,236.4927,-64.6761
120,4002,888,239.9030,-64.6582
120,4002,896,243.6806,-64.6407
120,4002,904,246.8697,-64.6291
120,4002,912,249.4702,-64.6192
120,4002,920,251.5645,-64.6142
120,4002,928,253.3550,-64.6111
120,4002,936,255.1455,-64.6088
120,4002,944,256.9360,-64.6044
120,4002,952,258.7265,-64.6004
120,4002,960,260.5170,-64.5963
120,4002,968,262.3075,-64.5955
120,4002,976,264.0980,-64.5898
120,4002,984,265.8885,-64.5871
120,4002,992,267.6790,-64.5863
120,4002,1000,269.4695,-64.5860
120,4002,1008,271.2600,-64.5843
120,4002,1016,273.0505,-64.5793
120,4002,1024,274.8410,-64.5766
120,4002,1032,276.6315,-64.5786
120,4002,1040,278.4220,-64.5758
120,4002,1048,280.2125,-64.5775
120,4002,1056,282.0030,-64.5775
120,4002,1064,283.7935,-64.5743
120,4002,1072,285.5840,-64.5719
120,4002,1080,287.3745,-64.5717
120,4002,1088,289.1650,-64.5700
120,4002,1096,290.9555,-64.5694
120,4002,1104,292.7460,-64.5654
120,4002,1112,294.5365,-64.5676
120,4002,1120,296.3270,-64.5681
120,4002,1128,298.1175,-64.5680
120,4002,1136,299.9080,-64.5678
120,4002,1144,301.6985,-64.5656
120,4002,1152,303.4890,-64.5654
120,4002,1160,305.2795,-64.5653
120,4002,1168,307.0700,-64.5675
120,4002,1176,308.8605,-64.5659
120,4002,1184,310.6510,-64.5696
120,4002,1192,312.4415,-64.5701
120,4002,1200,314.2320,-64.5681
120,4002,1208,316.0225,-64.5648
120,4002,1216,317.8130,-64.5631
120,4002,1224,319.6035,-64.5639
120,4002,1232,321.3940,-64.5631
120,4002,1240,323.1845,-64.5612
120,4002,1248,324.9750,-64.5596
120,4002,1256,326.7655,-64.5618
120,4002,1264,328.5560,-64.5625
120,4002,1272,330.3465,-64.5587
120,4002,1280,332.1370,-64.5605
120,4002,1288,333.9275,-64.5631
120,4002,1296,335.7180,-64.5652
120,4002,1304,337.5085,-64.5638
120,4002,1312,339.2990,-64.5639
120,4002,1320,341.0895,-64.5647
120,4002,1328,342.8800,-64.5667
120,4002,1336,344.6705,-64.5669
120,4002,1344,346.4610,-64.5646
120,4002,1352,347.9692,-64.5622
120,4002,1360,349.1949,-64.5620
120,4002,1368,350.4207,-64.5617
120,4002,1376,352.3160,-64.5611
120,4002,1384,384.4050,-64.5613
120,4003,0,0.0000,-65.0000
120,4003,8,0.0699,-64.9855
120,4003,16,0.6811,-64.9173
120,4003,24,5.5147,-64.6276
120,4003,32,14.0905,-64.5433
120,4003,40,22.6664,-64.5540
120,4003,48,36.8228,-64.5609
120,4003,56,100.0000,-64.5618
120,4003,64,100.0346,-64.5425
120,4003,72,100.0756,-64.4682
120,4003,80,100.1204,-64.3269
120,4003,88,100.2666,-63.5180
120,4003,96,100.6187,-60.7484
120,4003,104,101.2859,-57.5440
120,4003,112,101.3139,-57.4935
120,4003,120,101.3629,-57.4172
120,4003,128,101.4836,-57.2883
120,4003,136,101.7983,-57.3149
120,4003,144,101.8774,-57.3940
120,4003,152,101.9563,-57.4963
120,4003,160,102.0633,-57.6712
120,4003,168,102.3047,-58.1906
120,4003,176,102.4651,-58.6250
120,4003,184,102.8041,-59.7097
120,4003,192,103.4810,-62.1676
120,4003,200,103.5590,-62.4418
120,4003,208,104.2609,-64.6033
120,4003,216,104.6600,-65.6123
120,4003,224,104.9806,-66.2901
120,4003,232,106.0017,-67.9675
120,4003,240,106.8731,-69.0397
120,4003,248,107.0195,-69.1827
120,4003,256,107.6652,-69.6724
120,4003,264,108.2258,-70.0319
120,4003,272,108.3656,-70.1065
120,4003,280,108.9992,-70.3555
120,4003,288,109.1083,-70.3948
120,4003,296,109.4194,-70.4696
120,4003,304,109.6307,-70.5100
120,4003,312,110.0321,-70.5454
120,4003,320,110.1734,-70.5491
120,4003,328,110.3043,-70.5446
120,4003,336,110.5468,-70.5112
120,4003,344,110.6210,-70.4948
120,4003,352,111.1404,-70.3612
120,4003,360,111.5553,-70.3310
120,4003,368,111.6009,-70.3316
120,4003,376,111.7464,-70.3209
120,4003,384,111.9259,-70.2832
120,4003,392,112.5768,-70.1498
120,4003,400,113.1017,-70.1935
120,4003,408,113.2236,-70.2122
120,4003,416,113.8011,-70.2950
120,4003,424,113.8501,-70.3030
120,4003,432,113.9024,-70.3090
120,4003,440,114.3140,-70.2966
120,4003,448,114.7046,-70.2912
120,4003,456,114.8966,-70.2955
120,4003,464,115.4796,-70.3187
120,4003,472,115.5649,-70.3254
120,4003,480,116.0880,-70.3496
120,4003,488,116.8405,-70.4836
120,4003,496,116.9117,-70.5003
120,4003,504,117.4165,-70.5720
120,4003,512,118.5873,-70.7874
120,4003,520,119.7314,-71.0424
120,4003,528,119.9090,-71.0662
120,4003,536,120.4149,-71.0664
120,4003,544,120.5154,-71.0610
120,4003,552,121.0806,-70.9730
120,4003,560,121.4111,-70.9335
120,4003,568,121.5758,-70.9137
120,4003,576,122.2235,-70.8127
120,4003,584,122.3387,-70.8020
120,4003,592,122.6752,-70.7521
120,4003,600,123.5314,-70.6666
120,4003,608,123.8800,-70.6756
120,4003,616,124.1638,-70.6702
120,4003,624,124.3675,-70.6557
120,4003,632,124.6614,-70.6100
120,4003,640,125.2106,-70.5143
120,4003,648,125.2863,-70.5054
120,4003,656,125.4575,-70.4779
120,4003,664,125.5385,-70.4622
120,4003,672,125.8257,-70.3851
120,4003,680,125.8701,-70.3722
120,4003,688,126.1368,-70.2826
120,4003,696,126.7514,-70.1290
120,4003,704,127.1725,-70.1098
120,4003,712,127.4790,-70.1026
120,4003,720,128.3123,-70.1156
120,4003,728,130.6460,-70.5233
120,4003,736,134.3096,-70.7514
120,4003,744,141.9468,-70.1072
120,4003,752,153.4093,-68.7350
120,4003,760,166.1758,-67.3415
120,4003,768,178.9423,-66.2648
120,4003,776,191.7089,-65.5445
120,4003,784,202.9547,-65.1501
120,4003,792,208.4494,-65.0117
120,4003,800,212.7608,-64.9263
120,4003,808,215.7157,-64.8812
120,4003,816,218.0243,-64.8500
120,4003,824,220.3328,-64.8187
120,4003,832,222.6414,-64.7907
120,4003,840,224.9499,-64.7657
120,4003,848,227.2585,-64.7437
120,4003,856,229.5670,-64.7267
120,4003,864,231.8756,-64.7067
120,4003,872,234.1841,-64.6910
120,4003,880,236.4927,-64.6761
120,4003,888,239.9030,-64.6582
120,4003,896,243.6806,-64.6407
120,4003,904,246.8697,-64.6291
120,4003,912,249.4702,-64.6192
120,4003,920,251.5645,-64.6142
120,4003,928,253.3550,-64.6111
120,4003,936,255.1455,-64.6088
120,4003,944,256.9360,-64.6044
120,4003,952,258.7265,-64.6004
120,4003,960,260.5170,-64.5963
120,4003,968,262.3075,-64.5955
120,4003,976,264.0980,-64.5898
120,4003,984,265.8885,-64.5871
120,4003,992,267.6790,-64.5863
120,4003,1000,269.4695,-64.5860
120,4003,1008,271.2600,-64.5843
120,4003,1016,273.0505,-64.5793
120,4003,1024,274.8410,-64.5766
120,4003,1032,276.6315,-64.5786
120,4003,1040,278.4220,-64.5758
120,4003,1048,280.2125,-64.5775
120,4003,1056,282.0030,-64.5775
120,4003,1064,283.7935,-64.5743
120,4003,1072,285.5840,-64.5719
120,4003,1080,287.3745,-64.5717
120,4003,1088,289.1650,-64.5700
120,4003,1096,290.9555,-64.5694
120,4003,1104,292.7460,-64.5654
120,4003,1112,294.5365,-64.5676
120,4003,1120,296.3270,-64.5681
120,4003,1128,298.1175,-64.5680
120,4003,1136,299.9080,-64.5678
120,4003,1144,301.6985,-64.5656
120,4003,1152,303.4890,-64.5654
120,4003,1160,305.2795,-64.5653
120,4003,1168,307.0700,-64.5675
120,4003,1176,308.8605,-64.5659
120,4003,1184,310.6510,-64.5696
120,4003,1192,312.4415,-64.5701
120,4003,1200,314.2320,-64.5681
120,4003,1208,316.0225,-64.5648
120,4003,1216,317.8130,-64.5631
120,4003,1224,319.6035,-64.5639
120,4003,1232,321.3940,-64.5631
120,4003,1240,323.1845,-64.5612
120,4003,1248,324.9750,-64.5596
120,4003,1256,326.7655,-64.5618
120,4003,1264,328.5560,-64.5625
120,4003,1272,330.3465,-64.5587
120,4003,1280,332.1370,-64.5605
120,4003,1288,333.9275,-64.5631
120,4003,1296,335.7180,-64.5652
120,4003,1304,337.5085,-64.5638
120,4003,1312,339.2990,-64.5639
120,4003,1320,341.0895,-64.5647
120,4003,1328,342.8800,-64.5667
120,4003,1336,344.6705,-64.5669
120,4003,1344,346.4610,-64.5646
120,4003,1352,347.9692,-64.5622
120,4003,1360,349.1949,-64.5620
120,4003,1368,350.4207,-64.5617
120,4003,1376,352.3160,-64.5611
120,4003,1384,384.4050,-64.5613
120,4004,0,0.0000,-65.0000
120,4004,8,0.0699,-64.9855
120,4004,16,0.6811,-64.9173
120,4004,24,5.5147,-64.6276
120,4004,32,14.0905,-64.5433
120,4004,40,22.6664,-64.5540
120,4004,48,36.8228,-64.5609
120,4004,56,100.0000,-64.5618
120,4004,64,100.0346,-64.5425
120,4004,72,100.0756,-64.4682
120,4004,80,100.1204,-64.3269
120,4004,88,100.2666,-63.5180
120,4004,96,100.6187,-60.7484
120,4004,104,101.2859,-57.5440
120,4004,112,101.3139,-57.4935
120,4004,120,101.3629,-57.4172
120,4004,128,101.4836,-57.2883
120,4004,136,101.7983,-57.3149
120,4004,144,101.8774,-57.3940
120,4004,152,101.9563,-57.4963
120,4004,160,102.0633,-57.6712
120,4004,168,102.3047,-58.1906
120,4004,176,102.4651,-58.6250
120,4004,184,102.8041,-59.7097
120,4004,192,103.4810,-62.1676
120,4004,200,103.5590,-62.4418
120,4004,208,104.2609,-64.6033
120,4004,216,104.6600,-65.6123
120,4004,224,104.9806,-66.2901
120,4004,232,106.0017,-67.9675
120,4004,240,106.8731,-69.0397
120,4004,248,107.0195,-69.1827
120,4004,256,107.6652,-69.6724
120,4004,264,108.2258,-70.0319
120,4004,272,108.3656,-70.1065
120,4004,280,108.9992,-70.3555
120,4004,288,109.1083,-70.3948
120,4004,296,109.4194,-70.4696
120,4004,304,109.6307,-70.5100
120,4004,312,110.0321,-70.5454
120,4004,320,110.1734,-70.5491
120,4004,328,110.3043,-70.5446
120,4004,336,110.5468,-70.5112
120,4004,344,110.6210,-70.4948
120,4004,352,111.1404,-70.3612
120,4004,360,111.5553,-70.3310
120,4004,368,111.6009,-70.3316
120,4004,376,111.7464,-70.3209
120,4004,384,111.9259,-70.2832
120,4004,392,112.5768,-70.1498
120,4004,400,113.1017,-70.1935
120,4004,408,113.2236,-70.2122
120,4004,416,113.8011,-70.2950
120,4004,424,113.8501,-70.3030
120,4004,432,113.9024,-70.3090
120,4004,440,114.3140,-70.2966
120,4004,448,114.7046,-70.2912
120,4004,456,114.8966,-70.2955
120,4004,464,115.4796,-70.3187
120,4004,472,115.5649,-70.3254
120,4004,480,116.0880,-70.3496
120,4004,488,116.8405,-70.4836
120,4004,496,116.9117,-70.5003
120,4004,504,117.4165,-70.5720
120,4004,512,118.5873,-70.7874
120,4004,520,119.7314,-71.0424
120,4004,528,119.9090,-71.0662
120,4004,536,120.4149,-71.0664
120,4004,544,120.5154,-71.0610
120,4004,552,121.0806,-70.9730
120,4004,560,121.4111,-70.9335
120,4004,568,121.5758,-70.9137
120,4004,576,122.2235,-70.8127
120,4004,584,122.3387,-70.8020
120,4004,592,122.6752,-70.7521
120,4004,600,123.5314,-70.6666
120,4004,608,123.8800,-70.6756
120,4004,616,124.1638,-70.6702
120,4004,624,124.3675,-70.6557
120,4004,632,124.6614,-70.6100
120,4004,640,125.2106,-70.5143
120,4004,648,125.2863,-70.5054
120,4004,656,125.4575,-70.4779
120,4004,664,125.5385,-70.4622
120,4004,672,125.8257,-70.3851
120,4004,680,125.8701,-70.3722
120,4004,688,126.1368,-70.2826
120,4004,696,126.7514,-70.1290
120,4004,704,127.1725,-70.1098
120,4004,712,127.4790,-70.1026
120,4004,720,128.3123,-70.1156
120,4004,728,130.6460,-70.5233
120,4004,736,134.3096,-70.7514
120,4004,744,141.9468,-70.1072
120,4004,752,153.4093,-68.7350
120,4004,760,166.1758,-67.3415
120,4004,768,178.9423,-66.2648
120,4004,776,191.7089,-65.5445
120,4004,784,202.9547,-65.1501
120,4004,792,208.4494,-65.0117
120,4004,800,212.7608,-64.9263
120,4004,808,215.7157,-64.8812
120,4004,816,218.0243,-64.8500
120,4004,824,220.3328,-64.8187
120,4004,832,222.6414,-64.7907
120,4004,840,224.9499,-64.7657
120,4004,848,227.2585,-64.7437
120,4004,856,229.5670,-64.7267
120,4004,864,231.8756,-64.7067
120,4004,872,234.1841,-64.6910
120,4004,880,236.4927,-64.6761
120,4004,888,239.9030,-64.6582
120,4004,896,243.6806,-64.6407
120,4004,904,246.8697,-64.6291
120,4004,912,249.4702,-64.6192
120,4004,920,251.5645,-64.6142
120,4004,928,253.3550,-64.6111
120,4004,936,255.1455,-64.6088
120,4004,944,256.9360,-64.6044
120,4004,952,258.7265,-64.6004
120,4004,960,260.5170,-64.5963
120,4004,968,262.3075,-64.5955
120,4004,976,264.0980,-64.5898
120,4004,984,265.8885,-64.5871
120,4004,992,267.6790,-64.5863
120,4004,1000,269.4695,-64.5860
120,4004,1008,271.2600,-64.5843
120,4004,1016,273.0505,-64.5793
120,4004,1024,274.8410,-64.5766
120,4004,1032,276.6315,-64.5786
120,4004,1040,278.4220,-64.5758
120,4004,1048,280.2125,-64.5775
120,4004,1056,282.0030,-64.5775
120,4004,1064,283.7935,-64.5743
120,4004,1072,285.5840,-64.5719
120,4004,1080,287.3745,-64.5717
120,4004,1088,289.1650,-64.5700
120,4004,1096,290.9555,-64.5694
120,4004,1104,292.7460,-64.5654
120,4004,1112,294.5365,-64.5676
120,4004,1120,296.3270,-64.5681
120,4004,1128,298.1175,-64.5680
120,4004,1136,299.9080,-64.5678
120,4004,1144,301.6985,-64.5656
120,4004,1152,303.4890,-64.5654
120,4004,1160,305.2795,-64.5653
120,4004,1168,307.0700,-64.5675
120,4004,1176,308.8605,-64.5659
120,4004,1184,310.6510,-64.5696
120,4004,1192,312.4415,-64.5701
120,4004,1200,314.2320,-64.5681
120,4004,1208,316.0225,-64.5648
120,4004,1216,317.8130,-64.5631
120,4004,1224,319.6035,-64.5639
120,4004,1232,321.3940,-64.5631
120,4004,1240,323.1845,-64.5612
120,4004,1248,324.9750,-64.5596
120,4004,1256,326.7655,-64.5618
120,4004,1264,328.5560,-64.5625
120,4004,1272,330.3465,-64.5587
120,4004,1280,332.1370,-64.5605
120,4004,1288,333.9275,-64.5631
120,4004,1296,335.7180,-64.5652
120,4004,1304,337.5085,-64.5638
120,4004,1312,339.2990,-64.5639
120,4004,1320,341.0895,-64.5647
120,4004,1328,342.8800,-64.5667
120,4004,1336,344.6705,-64.5669
120,4004,1344,346.4610,-64.5646
120,4004,1352,347.9692,-64.5622
120,4004,1360,349.1949,-64.5620
120,4004,1368,350.4207,-64.5617
120,4004,1376,352.3160,-64.5611
120,4004,1384,384.4050,-64.5613
120,4005,0,0.0000,-65.0000
120,4005,8,0.0699,-64.9855
120,4005,16,0.6811,-64.9173
120,4005,24,5.5147,-64.6276
120,4005,32,14.0905,-64.5433
120,4005,40,22.6664,-64.5540
120,4005,48,36.8228,-64.5609
120,4005,56,100.0000,-64.5618
120,4005,64,100.0346,-64.5425
120,4005,72,100.0756,-64.4682
120,4005,80,100.1204,-64.3269
120,4005,88,100.2666,-63.5180
120,4005,96,100.6187,-60.7484
120,4005,104,101.2859,-57.5440
120,4005,112,101.3139,-57.4935
120,4005,120,101.3629,-57.4172
120,4005,128,101.4836,-57.2883
120,4005,136,101.7983,-57.3149
120,4005,144,101.8774,-57.3940
120,4005,152,101.9563,-57.4963
120,4005,160,102.0633,-57.6712
120,4005,168,102.3047,-58.1906
120,4005,176,102.4651,-58.6250
120,4005,184,102.8041,-59.7097
120,4005,192,103.4810,-62.1676
120,4005,200,103.5590,-62.4418
120,4005,208,104.2609,-64.6033
120,4005,216,104.6600,-65.6123
120,4005,224,104.9806,-66.2901
120,4005,232,106.0017,-67.9675
120,4005,240,106.8731,-69.0397
120,4005,248,107.0195,-69.1827
120,4005,256,107.6652,-69.6724
120,4005,264,108.2258,-70.0319
120,4005,272,108.3656,-70.1065
120,4005,280,108.9992,-70.3555
120,4005,288,109.1083,-70.3948
120,4005,296,109.4194,-70.4696
120,4005,304,109.6307,-70.5100
120,4005,312,110.0321,-70.5454
120,4005,320,110.1734,-70.5491
120,4005,328,110.3043,-70.5446
120,4005,336,110.5468,-70.5112
120,4005,344,110.6210,-70.4948
120,4005,352,111.1404,-70.3612
120,4005,360,111.5553,-70.3310
120,4005,368,111.6009,-70.3316
120,4005,376,111.7464,-70.3209
120,4005,384,111.9259,-70.2832
120,4005,392,112.5768,-70.1498
120,4005,400,113.1017,-70.1935
120,4005,408,113.2236,-70.2122
120,4005,416,113.8011,-70.2950
120,4005,424,113.8501,-70.3030
120,4005,432,113.9024,-70.3090
120,4005,440,114.3140,-70.2966
120,4005,448,114.7046,-70.2912
120,4005,456,114.8966,-70.2955
120,4005,464,115.4796,-70.3187
120,4005,472,115.5649,-70.3254
120,4005,480,116.0880,-70.3496
120,4005,488,116.8405,-70.4836
120,4005,496,116.9117,-70.5003
120,4005,504,117.4165,-70.5720
120,4005,512,118.5873,-70.7874
120,4005,520,119.7314,-71.0424
120,4005,528,119.9090,-71.0662
120,4005,536,120.4149,-71.0664
120,4005,544,120.5154,-71.0610
120,4005,552,121.0806,-70.9730
120,4005,560,121.4111,-70.9335
120,4005,568,121.5758,-70.9137
120,4005,576,122.2235,-70.8127
120,4005,584,122.3387,-70.8020
120,4005,592,122.6752,-70.7521
120,4005,600,123.5314,-70.6666
120,4005,608,123.8800,-70.6756
120,4005,616,124.1638,-70.6702
120,4005,624,124.3675,-70.6557
120,4005,632,124.6614,-70.6100
120,4005,640,125.2106,-70.5143
120,4005,648,125.2863,-70.5054
120,4005,656,125.4575,-70.4779
120,4005,664,125.5385,-70.4622
120,4005,672,125.8257,-70.3851
120,4005,680,125.8701,-70.3722
120,4005,688,126.1368,-70.2826
120,4005,696,126.7514,-70.1290
120,4005,704,127.1725,-70.1098
120,4005,712,127.4790,-70.1026
120,4005,720,128.3123,-70.1156
120,4005,728,130.6460,-70.5233
120,4005,736,134.3096,-70.7514
120,4005,744,141.9468,-70.1072
120,4005,752,153.4093,-68.7350
120,4005,760,166.1758,-67.3415
120,4005,768,178.9423,-66.2648
120,4005,776,191.7089,-65.5445
120,4005,784,202.9547,-65.1501
120,4005,792,208.4494,-65.0117
120,4005,800,212.7608,-64.9263
120,4005,808,215.7157,-64.8812
120,4005,816,218.0243,-64.8500
120,4005,824,220.3328,-64.8187
120,4005,832,222.6414,-64.7907
120,4005,840,224.9499,-64.7657
120,4005,848,227.2585,-64.7437
120,4005,856,229.5670,-64.7267
120,4005,864,231.8756,-64.7067
120,4005,872,234.1841,-64.6910
120,4005,880,236.4927,-64.6761
120,4005,888,239.9030,-64.6582
120,4005,896,243.6806,-64.6407
120,4005,904,246.8697,-64.6291
120,4005,912,249.4702,-64.6192
120,4005,920,251.5645,-64.6142
120,4005,928,253.3550,-64.6111
120,4005,936,255.1455,-64.6088
120,4005,944,256.9360,-64.6044
120,4005,952,258.7265,-64.6004
120,4005,960,260.5170,-64.5963
120,4005,968,262.3075,-64.5955
120,4005,976,264.0980,-64.5898
120,4005,984,265.8885,-64.5871
120,4005,992,267.6790,-64.5863
120,4005,1000,269.4695,-64.5860
120,4005,1008,271.2600,-64.5843
120,4005,1016,273.0505,-64.5793
120,4005,1024,274.8410,-64.5766
120,4005,1032,276.6315,-64.5786
120,4005,1040,278.4220,-64.5758
120,4005,1048,280.2125,-64.5775
120,4005,1056,282.0030,-64.5775
120,4005,1064,283.7935,-64.5743
120,4005,1072,285.5840,-64.5719
120,4005,1080,287.3745,-64.5717
120,4005,1088,289.1650,-64.5700
120,4005,1096,290.9555,-64.5694
120,4005,1104,292.7460,-64.5654
120,4005,1112,294.5365,-64.5676
120,4005,1120,296.3270,-64.5681
120,4005,1128,298.1175,-64.5680
120,4005,1136,299.9080,-64.5678
120,4005,1144,301.6985,-64.5656
120,4005,1152,303.4890,-64.5654
120,4005,1160,305.2795,-64.5653
120,4005,1168,307.0700,-64.5675
120,4005,1176,308.8605,-64.5659
120,4005,1184,310.6510,-64.5696
120,4005,1192,312.4415,-64.5701
120,4005,1200,314.2320,-64.5681
120,4005,1208,316.0225,-64.5648
120,4005,1216,317.8130,-64.5631
120,4005,1224,319.6035,-64.5639
120,4005,1232,321.3940,-64.5631
120,4005,1240,323.1845,-64.5612
120,4005,1248,324.9750,-64.5596
120,4005,1256,326.7655,-64.5618
120,4005,1264,328.5560,-64.5625
120,4005,1272,330.3465,-64.5587
120,4005,1280,332.1370,-64.5605
120,4005,1288,333.9275,-64.5631
120,4005,1296,335.7180,-64.5652
120,4005,1304,337.5085,-64.5638
120,4005,1312,339.2990,-64.5639
120,4005,1320,341.0895,-64.5647
120,4005,1328,342.8800,-64.5667
120,4005,1336,344.6705,-64.5669
120,4005,1344,346.4610,-64.5646
120,4005,1352,347.9692,-64.5622
120,4005,1360,349.1949,-64.5620
120,4005,1368,350.4207,-64.5617
120,4005,1376,352.3160,-64.5611
120,4005,1384,384.4050,-64.5613
120,4006,0,0.0000,-65.0000
120,4006,8,0.0699,-64.9855
120,4006,16,0.6811,-64.9173
120,4006,24,5.5147,-64.6276
120,4006,32,14.0905,-64.5433
120,4006,40,22.6664,-64.5540
120,4006,48,36.8228,-64.5609
120,4006,56,100.0000,-64.5618
120,4006,64,100.0346,-64.5425
120,4006,72,100.0756,-64.4682
120,4006,80,100.1204,-64.3269
120,4006,88,100.2666,-63.5180
120,4006,96,100.6187,-60.7484
120,4006,104,101.2859,-57.5440
120,4006,112,101.3139,-57.4935
120,4006,120,101.3629,-57.4172
120,4006,128,101.4836,-57.2883
120,4006,136,101.7983,-57.3149
120,4006,144,101.8774,-57.3940
120,4006,152,101.9563,-57.4963
120,4006,160,102.0633,-57.6712
120,4006,168,102.3047,-58.1906
120,4006,176,102.4651,-58.6250
120,4006,184,102.8041,-59.7097
120,4006,192,103.4810,-62.1676
120,4006,200,103.5590,-62.4418
120,4006,208,104.2609,-64.6033
120,4006,216,104.6600,-65.6123
120,4006,224,104.9806,-66.2901
120,4006,232,106.0017,-67.9675
120,4006,240,106.8731,-69.0397
120,4006,248,107.0195,-69.1827
120,4006,256,107.6652,-69.6724
120,4006,264,108.2258,-70.0319
120,4006,272,108.3656,-70.1065
120,4006,280,108.9992,-70.3555
120,4006,288,109.1083,-70.3948
120,4006,296,109.4194,-70.4696
120,4006,304,109.6307,-70.5100
120,4006,312,110.0321,-70.5454
120,4006,320,110.1734,-70.5491
120,4006,328,110.3043,-70.5446
120,4006,336,110.5468,-70.5112
120,4006,344,110.6210,-70.4948
120,4006,352,111.1404,-70.3612
120,4006,360,111.5553,-70.3310
120,4006,368,111.6009,-70.3316
120,4006,376,111.7464,-70.3209
120,4006,384,111.9259,-70.2832
120,4006,392,112.5768,-70.1498
120,4006,400,113.1017,-70.1935
120,4006,408,113.2236,-70.2122
120,4006,416,113.8011,-70.2950
120,4006,424,113.8501,-70.3030
120,4006,432,113.9024,-70.3090
120,4006,440,114.3140,-70.2966
120,4006,448,114.7046,-70.2912
120,4006,456,114.8966,-70.2955
120,4006,464,115.4796,-70.3187
120,4006,472,115.5649,-70.3254
120,4006,480,116.0880,-70.3496
120,4006,488,116.8405,-70.4836
120,4006,496,116.9117,-70.5003
120,4006,504,117.4165,-70.5720
120,4006,512,118.5873,-70.7874
120,4006,520,119.7314,-71.0424
120,4006,528,119.9090,-71.0662
120,4006,536,120.4149,-71.0664
120,4006,544,120.5154,-71.0610
120,4006,552,121.0806,-70.9730
120,4006,560,121.4111,-70.9335
120,4006,568,121.5758,-70.9137
120,4006,576,122.2235,-70.8127
120,4006,584,122.3387,-70.8020
120,4006,592,122.6752,-70.7521
120,4006,600,123.5314,-70.6666
120,4006,608,123.8800,-70.6756
120,4006,616,124.1638,-70.6702
120,4006,624,124.3675,-70.6557
120,4006,632,124.6614,-70.6100
120,4006,640,125.2106,-70.5143
120,4006,648,125.2863,-70.5054
120,4006,656,125.4575,-70.4779
120,4006,664,125.5385,-70.4622
120,4006,672,125.8257,-70.3851
120,4006,680,125.8701,-70.3722
120,4006,688,126.1368,-70.2826
120,4006,696,126.7514,-70.1290
120,4006,704,127.1725,-70.1098
120,4006,712,127.4790,-70.1026
120,4006,720,128.3123,-70.1156
120,4006,728,130.6460,-70.5233
120,4006,736,134.3096,-70.7514
120,4006,744,141.9468,-70.1072
120,4006,752,153.4093,-68.7350
120,4006,760,166.1758,-67.3415
120,4006,768,178.9423,-66.2648
120,4006,776,191.7089,-65.5445
120,4006,784,202.9547,-65.1501
120,4006,792,208.4494,-65.0117
120,4006,800,212.7608,-64.9263
120,4006,808,215.7157,-64.8812
120,4006,816,218.0243,-64.8500
120,4006,824,220.3328,-64.8187
120,4006,832,222.6414,-64.7907
120,4006,840,224.9499,-64.7657
120,4006,848,227.2585,-64.7437
120,4006,856,229.5670,-64.7267
120,4006,864,231.8756,-64.7067
120,4006,872,234.1841,-64.6910
120,4006,880,236.4927,-64.6761
120,4006,888,239.9030,-64.6582
120,4006,896,243.6806,-64.6407
120,4006,904,246.8697,-64.6291
120,4006,912,249.4702,-64.6192
120,4006,920,251.5645,-64.6142
120,4006,928,253.3550,-64.6111
120,4006,936,255.1455,-64.6088
120,4006,944,256.9360,-64.6044
120,4006,952,258.7265,-64.6004
120,4006,960,260.5170,-64.5963
120,4006,968,262.3075,-64.5955
120,4006,976,264.0980,-64.5898
120,4006,984,265.8885,-64.5871
120,4006,992,267.6790,-64.5863
120,4006,1000,269.4695,-64.5860
120,4006,1008,271.2600,-64.5843
120,4006,1016,273.0505,-64.5793
120,4006,1024,274.8410,-64.5766
120,4006,1032,276.6315,-64.5786
120,4006,1040,278.4220,-64.5758
120,4006,1048,280.2125,-64.5775
120,4006,1056,282.0030,-64.5775
120,4006,1064,283.7935,-64.5743
120,4006,1072,285.5840,-64.5719
120,4006,1080,287.3745,-64.5717
120,4006,1088,289.1650,-64.5700
120,4006,1096,290.9555,-64.5694
120,4006,1104,292.7460,-64.5654
120,4006,1112,294.5365,-64.5676
120,4006,1120,296.3270,-64.5681
120,4006,1128,298.1175,-64.5680
120,4006,1136,299.9080,-64.5678
120,4006,1144,301.6985,-64.5656
120,4006,1152,303.4890,-64.5654
120,4006,1160,305.2795,-64.5653
120,4006,1168,307.0700,-64.5675
120,4006,1176,308.8605,-64.5659
120,4006,1184,310.6510,-64.5696
120,4006,1192,312.4415,-64.5701
120,4006,1200,314.2320,-64.5681
120,4006,1208,316.0225,-64.5648
120,4006,1216,317.8130,-64.5631
120,4006,1224,319.6035,-64.5639
120,4006,1232,321.3940,-64.5631
120,4006,1240,323.1845,-64.5612
120,4006,1248,324.9750,-64.5596
120,4006,1256,326.7655,-64.5618
120,4006,1264,328.5560,-64.5625
120,4006,1272,330.3465,-64.5587
120,4006,1280,332.1370,-64.5605
120,4006,1288,333.9275,-64.5631
120,4006,1296,335.7180,-64.5652
120,4006,1304,337.5085,-64.5638
120,4006,1312,339.2990,-64.5639
120,4006,1320,341.0895,-64.5647
120,4006,1328,342.8800,-64.5667
120,4006,1336,344.6705,-64.5669
120,4006,1344,346.4610,-64.5646
120,4006,1352,347.9692,-64.5622
120,4006,1360,349.1949,-64.5620
120,4006,1368,350.4207,-64.5617
120,4006,1376,352.3160,-64.5611
120,4006,1384,384.4050,-64.5613
120,4007,0,0.0000,-65.0000
120,4007,8,0.0699,-64.9855
120,4007,16,0.6811,-64.9173
120,4007,24,5.5147,-64.6276
120,4007,32,14.0905,-64.5433
120,4007,40,22.6664,-64.5540
120,4007,48,36.8228,-64.5609
120,4007,56,100.0000,-64.5618
120,4007,64,100.0346,-64.5425
120,4007,72,100.0756,-64.4682
120,4007,80,100.1204,-64.3269
120,4007,88,100.2666,-63.5180
120,4007,96,100.6187,-60.7484
120,4007,104,101.2859,-57.5440
120,4007,112,101.3139,-57.4935
120,4007,120,101.3629,-57.4172
120,4007,128,101.4836,-57.2883
120,4007,136,101.7983,-57.3149
120,4007,144,101.8774,-57.3940
120,4007,152,101.9563,-57.4963
120,4007,160,102.0633,-57.6712
120,4007,168,102.3047,-58.1906
120,4007,176,102.4651,-58.6250
120,4007,184,102.8041,-59.7097
120,4007,192,103.4810,-62.1676
120,4007,200,103.5590,-62.4418
120,4007,208,104.2609,-64.6033
120,4007,216,104.6600,-65.6123
120,4007,224,104.9806,-66.2901
120,4007,232,106.0017,-67.9675
120,4007,240,106.8731,-69.0397
120,4007,248,107.0195,-69.1827
120,4007,256,107.6652,-69.6724
120,4007,264,108.2258,-70.0319
120,4007,272,108.3656,-70.1065
120,4007,280,108.9992,-70.3555
120,4007,288,109.1083,-70.3948
120,4007,296,109.4194,-70.4696
120,4007,304,109.6307,-70.5100
120,4007,312,110.0321,-70.5454
120,4007,320,110.1734,-70.5491
120,4007,328,110.3043,-70.5446
120,4007,336,110.5468,-70.5112
120,4007,344,110.6210,-70.4948
120,4007,352,111.1404,-70.3612
120,4007,360,111.5553,-70.3310
120,4007,368,111.6009,-70.3316
120,4007,376,111.7464,-70.3209
120,4007,384,111.9259,-70.2832
120,4007,392,112.5768,-70.1498
120,4007,400,113.1017,-70.1935
120,4007,408,113.2236,-70.2122
120,4007,416,113.8011,-70.2950
120,4007,424,113.8501,-70.3030
120,4007,432,113.9024,-70.3090
120,4007,440,114.3140,-70.2966
120,4007,448,114.7046,-70.2912
120,4007,456,114.8966,-70.2955
120,4007,464,115.4796,-70.3187
120,4007,472,115.5649,-70.3254
120,4007,480,116.0880,-70.3496
120,4007,488,116.8405,-70.4836
120,4007,496,116.9117,-70.5003
120,4007,504,117.4165,-70.5720
120,4007,512,118.5873,-70.7874
120,4007,520,119.7314,-71.0424
120,4007,528,119.9090,-71.0662
120,4007,536,120.4149,-71.0664
120,4007,544,120.5154,-71.0610
120,4007,552,121.0806,-70.9730
120,4007,560,121.4111,-70.9335
120,4007,568,121.5758,-70.9137
120,4007,576,122.2235,-70.8127
120,4007,584,122.3387,-70.8020
120,4007,592,122.6752,-70.7521
120,4007,600,123.5314,-70.6666
120,4007,608,123.8800,-70.6756
120,4007,616,124.1638,-70.6702
120,4007,624,124.3675,-70.6557
120,4007,632,124.6614,-70.6100
120,4007,640,125.2106,-70.5143
120,4007,648,125.2863,-70.5054
120,4007,656,125.4575,-70.4779
120,4007,664,125.5385,-70.4622
120,4007,672,125.8257,-70.3851
120,4007,680,125.8701,-70.3722
120,4007,688,126.1368,-70.2826
120,4007,696,126.7514,-70.1290
120,4007,704,127.1725,-70.1098
120,4007,712,127.4790,-70.1026
120,4007,720,128.3123,-70.1156
120,4007,728,130.6460,-70.5233
120,4007,736,134.3096,-70.7514
120,4007,744,141.9468,-70.1072
120,4007,752,153.4093,-68.7350
120,4007,760,166.1758,-67.3415
120,4007,768,178.9423,-66.2648
120,4007,776,191.7089,-65.5445
120,4007,784,202.9547,-65.1501
120,4007,792,208.4494,-65.0117
120,4007,800,212.7608,-64.9263
120,4007,808,215.7157,-64.8812
120,4007,816,218.0243,-64.8500
120,4007,824,220.3328,-64.8187
120,4007,832,222.6414,-64.7907
120,4007,840,224.9499,-64.7657
120,4007,848,227.2585,-64.7437
120,4007,856,229.5670,-64.7267
120,4007,864,231.8756,-64.7067
120,4007,872,234.1841,-64.6910
120,4007,880,236.4927,-64.6761
120,4007,888,239.9030,-64.6582
120,4007,896,243.6806,-64.6407
120,4007,904,246.8697,-64.6291
120,4007,912,249.4702,-64.6192
120,4007,920,251.5645,-64.6142
120,4007,928,253.3550,-64.6111
120,4007,936,255.1455,-64.6088
120,4007,944,256.9360,-64.6044
120,4007,952,258.7265,-64.6004
120,4007,960,260.5170,-64.5963
120,4007,968,262.3075,-64.5955
120,4007,976,264.0980,-64.5898
120,4007,984,265.8885,-64.5871
120,4007,992,267.6790,-64.5863
120,4007,1000,269.4695,-64.5860
120,4007,1008,271.2600,-64.5843
120,4007,1016,273.0505,-64.5793
120,4007,1024,274.8410,-64.5766
120,4007,1032,276.6315,-64.5786
120,4007,1040,278.4220,-64.5758
120,4007,1048,280.2125,-64.5775
120,4007,1056,282.0030,-64.5775
120,4007,1064,283.7935,-64.5743
120,4007,1072,285.5840,-64.5719
120,4007,1080,287.3745,-64.5717
120,4007,1088,289.1650,-64.5700
120,4007,1096,290.9555,-64.5694
120,4007,1104,292.7460,-64.5654
120,4007,1112,294.5365,-64.5676
120,4007,1120,296.3270,-64.5681
120,4007,1128,298.1175,-64.5680
120,4007,1136,299.9080,-64.5678
120,4007,1144,301.6985,-64.5656
120,4007,1152,303.4890,-64.5654
120,4007,1160,305.2795,-64.5653
120,4007,1168,307.0700,-64.5675
120,4007,1176,308.8605,-64.5659
120,4007,1184,310.6510,-64.5696
120,4007,1192,312.4415,-64.5701
120,4007,1200,314.2320,-64.5681
120,4007,1208,316.0225,-64.5648
120,4007,1216,317.8130,-64.5631
120,4007,1224,319.6035,-64.5639
120,4007,1232,321.3940,-64.5631
120,4007,1240,323.1845,-64.5612
120,4007,1248,324.9750,-64.5596
120,4007,1256,326.7655,-64.5618
120,4007,1264,328.5560,-64.5625
120,4007,1272,330.3465,-64.5587
120,4007,1280,332.1370,-64.5605
120,4007,1288,333.9275,-64.5631
120,4007,1296,335.7180,-64.5652
120,4007,1304,337.5085,-64.5638
120,4007,1312,339.2990,-64.5639
120,4007,1320,341.0895,-64.5647
120,4007,1328,342.8800,-64.5667
120,4007,1336,344.6705,-64.5669
120,4007,1344,346.4610,-64.5646
120,4007,1352,347.9692,-64.5622
120,4007,1360,349.1949,-64.5620
120,4007,1368,350.4207,-64.5617
120,4007,1376,352.3160,-64.5611
120,4007,1384,384.4050,-64.5613
120,4008,0,0.0000,-65.0000
120,4008,8,0.0699,-64.9855
120,4008,16,0.6811,-64.9173
120,4008,24,5.5147,-64.6276
120,4008,32,14.0905,-64.5433
120,4008,40,22.6664,-64.5540
120,4008,48,36.8228,-64.5609
120,4008,56,100.0000,-64.5618
120,4008,64,100.0346,-64.5425
120,4008,72,100.0756,-64.4682
120,4008,80,100.1204,-64.3269
120,4008,88,100.2666,-63.5180
120,4008,96,100.6187,-60.7484
120,4008,104,101.2859,-57.5440
120,4008,112,101.3139,-57.4935
120,4008,120,101.3629,-57.4172
120,4008,128,101.4836,-57.2883
120,4008,136,101.7983,-57.3149
120,4008,144,101.8774,-57.3940
120,4008,152,101.9563,-57.4963
120,4008,160,102.0633,-57.6712
120,4008,168,102.3047,-58.1906
120,4008,176,102.4651,-58.6250
120,4008,184,102.8041,-59.7097
120,4008,192,103.4810,-62.1676
120,4008,200,103.5590,-62.4418
120,4008,208,104.2609,-64.6033
120,4008,216,104.6600,-65.6123
120,4008,224,104.9806,-66.2901
120,4008,232,106.0017,-67.9675
120,4008,240,106.8731,-69.0397
120,4008,248,107.0195,-69.1827
120,4008,256,107.6652,-69.6724
120,4008,264,108.2258,-70.0319
120,4008,272,108.3656,-70.1065
120,4008,280,108.9992,-70.3555
120,4008,288,109.1083,-70.3948
120,4008,296,109.4194,-70.4696
120,4008,304,109.6307,-70.5100
120,4008,312,110.0321,-70.5454
120,4008,320,110.1734,-70.5491
120,4008,328,110.3043,-70.5446
120,4008,336,110.5468,-70.5112
120,4008,344,110.6210,-70.4948
120,4008,352,111.1404,-70.3612
120,4008,360,111.5553,-70.3310
120,4008,368,111.6009,-70.3316
120,4008,376,111.7464,-70.3209
120,4008,384,111.9259,-70.2832
120,4008,392,112.5768,-70.1498
120,4008,400,113.1017,-70.1935
120,4008,408,113.2236,-70.2122
120,4008,416,113.8011,-70.2950
120,4008,424,113.8501,-70.3030
120,4008,432,113.9024,-70.3090
120,4008,440,114.3140,-70.2966
120,4008,448,114.7046,-70.2912
120,4008,456,114.8966,-70.2955
120,4008,464,115.4796,-70.3187
120,4008,472,115.5649,-70.3254
120,4008,480,116.0880,-70.3496
120,4008,488,116.8405,-70.4836
120,4008,496,116.9117,-70.5003
120,4008,504,117.4165,-70.5720
120,4008,512,118.5873,-70.7874
120,4008,520,119.7314,-71.0424
120,4008,528,119.9090,-71.0662
120,4008,536,120.4149,-71.0664
120,4008,544,120.5154,-71.0610
120,4008,552,121.0806,-70.9730
120,4008,560,121.4111,-70.9335
120,4008,568,121.5758,-70.9137
120,4008,576,122.2235,-70.8127
120,4008,584,122.3387,-70.8020
120,4008,592,122.6752,-70.7521
120,4008,600,123.5314,-70.6666
120,4008,608,123.8800,-70.6756
120,4008,616,124.1638,-70.6702
120,4008,624,124.3675,-70.6557
120,4008,632,124.6614,-70.6100
120,4008,640,125.2106,-70.5143
120,4008,648,125.2863,-70.5054
120,4008,656,125.4575,-70.4779
120,4008,664,125.5385,-70.4622
120,4008,672,125.8257,-70.3851
120,4008,680,125.8701,-70.3722
120,4008,688,126.1368,-70.2826
120,4008,696,126.7514,-70.1290
120,4008,704,127.1725,-70.1098
120,4008,712,127.4790,-70.1026
120,4008,720,128.3123,-70.1156
120,4008,728,130.6460,-70.5233
120,4008,736,134.3096,-70.7514
120,4008,744,141.9468,-70.1072
120,4008,752,153.4093,-68.7350
120,4008,760,166.1758,-67.3415
120,4008,768,178.9423,-66.2648
120,4008,776,191.7089,-65.5445
120,4008,784,202.9547,-65.1501
120,4008,792,208.4494,-65.0117
120,4008,800,212.7608,-64.9263
120,4008,808,215.7157,-64.8812
120,4008,816,218.0243,-64.8500
120,4008,824,220.3328,-64.8187
120,4008,832,222.6414,-64.7907
120,4008,840,224.9499,-64.7657
120,4008,848,227.2585,-64.7437
120,4008,856,229.5670,-64.7267
120,4008,864,231.8756,-64.7067
120,4008,872,234.1841,-64.6910
120,4008,880,236.4927,-64.6761
120,4008,888,239.9030,-64.6582
120,4008,896,243.6806,-64.6407
120,4008,904,246.8697,-64.6291
120,4008,912,249.4702,-64.6192
120,4008,920,251.5645,-64.6142
120,4008,928,253.3550,-64.6111
120,4008,936,255.1455,-64.6088
120,4008,944,256.9360,-64.6044
120,4008,952,258.7265,-64.6004
120,4008,960,260.5170,-64.5963
120,4008,968,262.3075,-64.5955
120,4008,976,264.0980,-64.5898
120,4008,984,265.8885,-64.5871
120,4008,992,267.6790,-64.5863
120,4008,1000,269.4695,-64.5860
120,4008,1008,271.2600,-64.5843
120,4008,1016,273.0505,-64.5793
120,4008,1024,274.8410,-64.5766
120,4008,1032,276.6315,-64.5786
120,4008,1040,278.4220,-64.5758
120,4008,1048,280.2125,-64.5775
120,4008,1056,282.0030,-64.5775
120,4008,1064,283.7935,-64.5743
120,4008,1072,285.5840,-64.5719
120,4008,1080,287.3745,-64.5717
120,4008,1088,289.1650,-64.5700
120,4008,1096,290.9555,-64.5694
120,4008,1104,292.7460,-64.5654
120,4008,1112,294.5365,-64.5676
120,4008,1120,296.3270,-64.5681
120,4008,1128,298.1175,-64.5680
120,4008,1136,299.9080,-64.5678
120,4008,1144,301.6985,-64.5656
120,4008,1152,303.4890,-64.5654
120,4008,1160,305.2795,-64.5653
120,4008,1168,307.0700,-64.5675
120,4008,1176,308.8605,-64.5659
120,4008,1184,310.6510,-64.5696
120,4008,1192,312.4415,-64.5701
120,4008,1200,314.2320,-64.5681
120,4008,1208,316.0225,-64.5648
120,4008,1216,317.8130,-64.5631
120,4008,1224,319.6035,-64.5639
120,4008,1232,321.3940,-64.5631
120,4008,1240,323.1845,-64.5612
120,4008,1248,324.9750,-64.5596
120,4008,1256,326.7655,-64.5618
120,4008,1264,328.5560,-64.5625
120,4008,1272,330.3465,-64.5587
120,4008,1280,332.1370,-64.5605
120,4008,1288,333.9275,-64.5631
120,4008,1296,335.7180,-64.5652
120,4008,1304,337.5085,-64.5638
120,4008,1312,339.2990,-64.5639
120,4008,1320,341.0895,-64.5647
120,4008,1328,342.8800,-64.5667
120,4008,1336,344.6705,-64.5669
120,4008,1344,346.4610,-64.5646
120,4008,1352,347.9692,-64.5622
120,4008,1360,349.1949,-64.5620
120,4008,1368,350.4207,-64.5617
120,4008,1376,352.3160,-64.5611
120,4008,1384,384.4050,-64.5613
120,4009,0,0.0000,-65.0000
120,4009,8,0.0699,-64.9855
120,4009,16,0.6811,-64.9173
120,4009,24,5.5147,-64.6276
120,4009,32,14.0905,-64.5433
120,4009,40,22.6664,-64.5540
120,4009,48,36.8228,-64.5609
120,4009,56,100.0000,-64.5618
120,4009,64,100.0346,-64.5425
120,4009,72,100.0756,-64.4682
120,4009,80,100.1204,-64.3269
120,4009,88,100.2666,-63.5180
120,4009,96,100.6187,-60.7484
120,4009,104,101.2859,-57.5440
120,4009,112,101.3139,-57.4935
120,4009,120,101.3629,-57.4172
120,4009,128,101.4836,-57.2883
120,4009,136,101.7983,-57.3149
120,4009,144,101.8774,-57.3940
120,4009,152,101.9563,-57.4963
120,4009,160,102.0633,-57.6712
120,4009,168,102.3047,-58.1906
120,4009,176,102.4651,-58.6250
120,4009,184,102.8041,-59.7097
120,4009,192,103.4810,-62.1676
120,4009,200,103.5590,-62.4418
120,4009,208,104.2609,-64.6033
120,4009,216,104.6600,-65.6123
120,4009,224,104.9806,-66.2901
120,4009,232,106.0017,-67.9675
120,4009,240,106.8731,-69.0397
120,4009,248,107.0195,-69.1827
120,4009,256,107.6652,-69.6724
120,4009,264,108.2258,-70.0319
120,4009,272,108.3656,-70.1065
120,4009,280,108.9992,-70.3555
120,4009,288,109.1083,-70.3948
120,4009,296,109.4194,-70.4696
120,4009,304,109.6307,-70.5100
120,4009,312,110.0321,-70.5454
120,4009,320,110.1734,-70.5491
120,4009,328,110.3043,-70.5446
120,4009,336,110.5468,-70.5112
120,4009,344,110.6210,-70.4948
120,4009,352,111.1404,-70.3612
120,4009,360,111.5553,-70.3310
120,4009,368,111.6009,-70.3316
120,4009,376,111.7464,-70.3209
120,4009,384,111.9259,-70.2832
120,4009,392,112.5768,-70.1498
120,4009,400,113.1017,-70.1935
120,4009,408,113.2236,-70.2122
120,4009,416,113.8011,-70.2950
120,4009,424,113.8501,-70.3030
120,4009,432,113.9024,-70.3090
120,4009,440,114.3140,-70.2966
120,4009,448,114.7046,-70.2912
120,4009,456,114.8966,-70.2955
120,4009,464,115.4796,-70.3187
120,4009,472,115.5649,-70.3254
120,4009,480,116.0880,-70.3496
120,4009,488,116.8405,-70.4836
120,4009,496,116.9117,-70.5003
120,4009,504,117.4165,-70.5720
120,4009,512,118.5873,-70.7874
120,4009,520,119.7314,-71.0424
120,4009,528,119.9090,-71.0662
120,4009,536,120.4149,-71.0664
120,4009,544,120.5154,-71.0610
120,4009,552,121.0806,-70.9730
120,4009,560,121.4111,-70.9335
120,4009,568,121.5758,-70.9137
120,4009,576,122.2235,-70.8127
120,4009,584,122.3387,-70.8020
120,4009,592,122.6752,-70.7521
120,4009,600,123.5314,-70.6666
120,4009,608,123.8800,-70.6756
120,4009,616,124.1638,-70.6702
120,4009,624,124.3675,-70.6557
120,4009,632,124.6614,-70.6100
120,4009,640,125.2106,-70.5143
120,4009,648,125.2863,-70.5054
120,4009,656,125.4575,-70.4779
120,4009,664,125.5385,-70.4622
120,4009,672,125.8257,-70.3851
120,4009,680,125.8701,-70.3722
120,4009,688,126.1368,-70.2826
120,4009,696,126.7514,-70.1290
120,4009,704,127.1725,-70.1098
120,4009,712,127.4790,-70.1026
120,4009,720,128.3123,-70.1156
120,4009,728,130.6460,-70.5233
120,4009,736,134.3096,-70.7514
120,4009,744,141.9468,-70.1072
120,4009,752,153.4093,-68.7350
120,4009,760,166.1758,-67.3415
120,4009,768,178.9423,-66.2648
120,4009,776,191.7089,-65.5445
120,4009,784,202.9547,-65.1501
120,4009,792,208.4494,-65.0117
120,4009,800,212.7608,-64.9263
120,4009,808,215.7157,-64.8812
120,4009,816,218.0243,-64.8500
120,4009,824,220.3328,-64.8187
120,4009,832,222.6414,-64.7907
120,4009,840,224.9499,-64.7657
120,4009,848,227.2585,-64.7437
120,4009,856,229.5670,-64.7267
120,4009,864,231.8756,-64.7067
120,4009,872,234.1841,-64.6910
120,4009,880,236.4927,-64.6761
120,4009,888,239.9030,-64.6582
120,4009,896,243.6806,-64.6407
120,4009,904,246.8697,-64.6291
120,4009,912,249.4702,-64.6192
120,4009,920,251.5645,-64.6142
120,4009,928,253.3550,-64.6111
120,4009,936,255.1455,-64.6088
120,4009,944,256.9360,-64.6044
120,4009,952,258.7265,-64.6004
120,4009,960,260.5170,-64.5963
120,4009,968,262.3075,-64.5955
120,4009,976,264.0980,-64.5898
120,4009,984,265.8885,-64.5871
120,4009,992,267.6790,-64.5863
120,4009,1000,269.4695,-64.5860
120,4009,1008,271.2600,-64.5843
120,4009,1016,273.0505,-64.5793
120,4009,1024,274.8410,-64.5766
120,4009,1032,276.6315,-64.5786
120,4009,1040,278.4220,-64.5758
120,4009,1048,280.2125,-64.5775
120,4009,1056,282.0030,-64.5775
120,4009,1064,283.7935,-64.5743
120,4009,1072,285.5840,-64.5719
120,4009,1080,287.3745,-64.5717
120,4009,1088,289.1650,-64.5700
120,4009,1096,290.9555,-64.5694
120,4009,1104,292.7460,-64.5654
120,4009,1112,294.5365,-64.5676
120,4009,1120,296.3270,-64.5681
120,4009,1128,298.1175,-64.5680
120,4009,1136,299.9080,-64.5678
120,4009,1144,301.6985,-64.5656
120,4009,1152,303.4890,-64.5654
120,4009,1160,305.2795,-64.5653
120,4009,1168,307.0700,-64.5675
120,4009,1176,308.8605,-64.5659
120,4009,1184,310.6510,-64.5696
120,4009,1192,312.4415,-64.5701
120,4009,1200,314.2320,-64.5681
120,4009,1208,316.0225,-64.5648
120,4009,1216,317.8130,-64.5631
120,4009,1224,319.6035,-64.5639
120,4009,1232,321.3940,-64.5631
120,4009,1240,323.1845,-64.5612
120,4009,1248,324.9750,-64.5596
120,4009,1256,326.7655,-64.5618
120,4009,1264,328.5560,-64.5625
120,4009,1272,330.3465,-64.5587
120,4009,1280,332.1370,-64.5605
120,4009,1288,333.9275,-64.5631
120,4009,1296,335.7180,-64.5652
120,4009,1304,337.5085,-64.5638
120,4009,1312,339.2990,-64.5639
120,4009,1320,341.0895,-64.5647
120,4009,1328,342.8800,-64.5667
120,4009,1336,344.6705,-64.5669
120,4009,1344,346.4610,-64.5646
120,4009,1352,347.9692,-64.5622
120,4009,1360,349.1949,-64.5620
120,4009,1368,350.4207,-64.5617
120,4009,1376,352.3160,-64.5611
120,4009,1384,384.4050,-64.5613
120,4010,0,0.0000,-65.0000
120,4010,8,0.0699,-64.9855
120,4010,16,0.6811,-64.9173
120,4010,24,5.5147,-64.6276
120,4010,32,14.0905,-64.5433
120,4010,40,22.6664,-64.5540
120,4010,48,36.8228,-64.5609
120,4010,56,100.0000,-64.5618
120,4010,64,100.0346,-64.5425
120,4010,72,100.0756,-64.4682
120,4010,80,100.1204,-64.3269
120,4010,88,100.2666,-63.5180
120,4010,96,100.6187,-60.7484
120,4010,104,101.2859,-57.5440
120,4010,112,101.3139,-57.4935
120,4010,120,101.3629,-57.4172
120,4010,128,101.4836,-57.2883
120,4010,136,101.7983,-57.3149
120,4010,144,101.8774,-57.3940
120,4010,152,101.9563,-57.4963
120,4010,160,102.0633,-57.6712
120,4010,168,102.3047,-58.1906
120,4010,176,102.4651,-58.6250
120,4010,184,102.8041,-59.7097
120,4010,192,103.4810,-62.1676
120,4010,200,103.5590,-62.4418
120,4010,208,104.2609,-64.6033
120,4010,216,104.6600,-65.6123
120,4010,224,104.9806,-66.2901
120,4010,232,106.0017,-67.9675
120,4010,240,106.8731,-69.0397
120,4010,248,107.0195,-69.1827
120,4010,256,107.6652,-69.6724
120,4010,264,108.2258,-70.0319
120,4010,272,108.3656,-70.1065
120,4010,280,108.9992,-70.3555
120,4010,288,109.1083,-70.3948
120,4010,296,109.4194,-70.4696
120,4010,304,109.6307,-70.5100
120,4010,312,110.0321,-70.5454
120,4010,320,110.1734,-70.5491
120,4010,328,110.3043,-70.5446
120,4010,336,110.5468,-70.5112
120,4010,344,110.6210,-70.4948
120,4010,352,111.1404,-70.3612
120,4010,360,111.5553,-70.3310
120,4010,368,111.6009,-70.3316
120,4010,376,111.7464,-70.3209
120,4010,384,111.9259,-70.2832
120,4010,392,112.5768,-70.1498
120,4010,400,113.1017,-70.1935
120,4010,408,113.2236,-70.2122
120,4010,416,113.8011,-70.2950
120,4010,424,113.8501,-70.3030
120,4010,432,113.9024,-70.3090
120,4010,440,114.3140,-70.2966
120,4010,448,114.7046,-70.2912
120,4010,456,114.8966,-70.2955
120,4010,464,115.4796,-70.3187
120,4010,472,115.5649,-70.3254
120,4010,480,116.0880,-70.3496
120,4010,488,116.8405,-70.4836
120,4010,496,116.9117,-70.5003
120,4010,504,117.4165,-70.5720
120,4010,512,118.5873,-70.7874
120,4010,520,119.7314,-71.0424
120,4010,528,119.9090,-71.0662
120,4010,536,120.4149,-71.0664
120,4010,544,120.5154,-71.0610
120,4010,552,121.0806,-70.9730
120,4010,560,121.4111,-70.9335
120,4010,568,121.5758,-70.9137
120,4010,576,122.2235,-70.8127
120,4010,584,122.3387,-70.8020
120,4010,592,122.6752,-70.7521
120,4010,600,123.5314,-70.6666
120,4010,608,123.8800,-70.6756
120,4010,616,124.1638,-70.6702
120,4010,624,124.3675,-70.6557
120,4010,632,124.6614,-70.6100
120,4010,640,125.2106,-70.5143
120,4010,648,125.2863,-70.5054
120,4010,656,125.4575,-70.4779
120,4010,664,125.5385,-70.4622
120,4010,672,125.8257,-70.3851
120,4010,680,125.8701,-70.3722
120,4010,688,126.1368,-70.2826
120,4010,696,126.7514,-70.1290
120,4010,704,127.1725,-70.1098
120,4010,712,127.4790,-70.1026
120,4010,720,128.3123,-70.1156
120,4010,728,130.6460,-70.5233
120,4010,736,134.3096,-70.7514
120,4010,744,141.9468,-70.1072
120,4010,752,153.4093,-68.7350
120,4010,760,166.1758,-67.3415
120,4010,768,178.9423,-66.2648
120,4010,776,191.7089,-65.5445
120,4010,784,202.9547,-65.1501
120,4010,792,208.4494,-65.0117
120,4010,800,212.7608,-64.9263
120,4010,808,215.7157,-64.8812
120,4010,816,218.0243,-64.8500
120,4010,824,220.3328,-64.8187
120,4010,832,222.6414,-64.7907
120,4010,840,224.9499,-64.7657
120,4010,848,227.2585,-64.7437
120,4010,856,229.5670,-64.7267
120,4010,864,231.8756,-64.7067
120,4010,872,234.1841,-64.6910
120,4010,880,236.4927,-64.6761
120,4010,888,239.9030,-64.6582
120,4010,896,243.6806,-64.6407
120,4010,904,246.8697,-64.6291
120,4010,912,249.4702,-64.6192
120,4010,920,251.5645,-64.6142
120,4010,928,253.3550,-64.6111
120,4010,936,255.1455,-64.6088
120,4010,944,256.9360,-64.6044
120,4010,952,258.7265,-64.6004
120,4010,960,260.5170,-64.5963
120,4010,968,262.3075,-64.5955
120,4010,976,264.0980,-64.5898
120,4010,984,265.8885,-64.5871
120,4010,992,267.6790,-64.5863
120,4010,1000,269.4695,-64.5860
120,4010,1008,271.2600,-64.5843
120,4010,1016,273.0505,-64.5793
120,4010,1024,274.8410,-64.5766
120,4010,1032,276.6315,-64.5786
120,4010,1040,278.4220,-64.5758
120,4010,1048,280.2125,-64.5775
120,4010,1056,282.0030,-64.5775
120,4010,1064,283.7935,-64.5743
120,4010,1072,285.5840,-64.5719
120,4010,1080,287.3745,-64.5717
120,4010,1088,289.1650,-64.5700
120,4010,1096,290.9555,-64.5694
120,4010,1104,292.7460,-64.5654
120,4010,1112,294.5365,-64.5676
120,4010,1120,296.3270,-64.5681
120,4010,1128,298.1175,-64.5680
120,4010,1136,299.9080,-64.5678
120,4010,1144,301.6985,-64.5656
120,4010,1152,303.4890,-64.5654
120,4010,1160,305.2795,-64.5653
120,4010,1168,307.0700,-64.5675
120,4010,1176,308.8605,-64.5659
120,4010,1184,310.6510,-64.5696
120,4010,1192,312.4415,-64.5701
120,4010,1200,314.2320,-64.5681
120,4010,1208,316.0225,-64.5648
120,4010,1216,317.8130,-64.5631
120,4010,1224,319.6035,-64.5639
120,4010,1232,321.3940,-64.5631
120,4010,1240,323.1845,-64.5612
120,4010,1248,324.9750,-64.5596
120,4010,1256,326.7655,-64.5618
120,4010,1264,328.5560,-64.5625
120,4010,1272,330.3465,-64.5587
120,4010,1280,332.1370,-64.5605
120,4010,1288,333.9275,-64.5631
120,4010,1296,335.7180,-64.5652
120,4010,1304,337.5085,-64.5638
120,4010,1312,339.2990,-64.5639
120,4010,1320,341.0895,-64.5647
120,4010,1328,342.8800,-64.5667
120,4010,1336,344.6705,-64.5669
120,4010,1344,346.4610,-64.5646
120,4010,1352,347.9692,-64.5622
120,4010,1360,349.1949,-64.5620
120,4010,1368,350.4207,-64.5617
120,4010,1376,352.3160,-64.5611
120,4010,1384,384.4050,-64.5613
150,5001,0,0.0000,-65.0000
150,5001,8,0.0699,-64.9855
150,5001,16,0.6811,-64.9173
150,5001,24,5.5147,-64.6276
150,5001,32,14.0905,-64.5433
150,5001,40,22.6664,-64.5540
150,5001,48,36.8228,-64.5609
150,5001,56,100.0000,-64.5618
150,5001,64,100.0385,-64.5390
150,5001,72,100.0491,-64.5236
150,5001,80,100.1341,-64.2694
150,5001,88,100.2098,-63.8830
150,5001,96,100.4065,-62.4737
150,5001,104,100.4589,-62.0605
150,5001,112,100.5080,-61.6741
150,5001,120,100.6538,-60.5896
150,5001,128,100.7726,-59.8216
150,5001,136,101.0495,-58.5724
150,5001,144,101.0855,-58.4682
150,5001,152,101.3395,-58.0401
150,5001,160,102.0753,-59.1329
150,5001,168,102.4354,-60.3812
150,5001,176,102.6077,-61.0320
150,5001,184,102.7172,-61.4439
150,5001,192,102.7783,-61.6692
150,5001,200,103.1992,-63.1267
150,5001,208,103.3255,-63.5271
150,5001,216,103.9092,-65.1568
150,5001,224,103.9780,-65.3261
150,5001,232,104.3151,-66.0822
150,5001,240,104.5283,-66.4987
150,5001,248,104.9284,-67.1938
150,5001,256,105.0038,-67.3151
150,5001,264,105.3270,-67.7921
150,5001,272,105.3560,-67.8321
150,5001,280,105.4358,-67.9364
150,5001,288,105.9032,-68.4258
150,5001,296,107.0220,-69.5025
150,5001,304,108.1537,-70.4508
150,5001,312,108.2459,-70.5150
150,5001,320,108.5709,-70.6935
150,5001,328,108.6731,-70.7393
150,5001,336,109.1929,-70.8874
150,5001,344,109.3639,-70.9294
150,5001,352,109.5522,-70.9622
150,5001,360,109.8275,-70.9745
150,5001,368,109.9039,-70.9706
150,5001,376,109.9702,-70.9638
150,5001,384,110.0347,-70.9514
150,5001,392,110.4310,-70.8059
150,5001,400,110.6321,-70.7438
150,5001,408,110.8172,-70.6999
150,5001,416,111.3165,-70.6526
150,5001,424,111.3413,-70.6539
150,5001,432,111.6033,-70.6692
150,5001,440,111.7944,-70.6876
150,5001,448,112.0098,-70.7052
150,5001,456,112.7637,-70.8239
150,5001,464,112.8839,-70.8573
150,5001,472,112.9685,-70.8791
150,5001,480,113.3334,-70.9106
150,5001,488,113.7347,-70.9402
150,5001,496,113.9031,-70.9566
150,5001,504,113.9862,-70.9611
150,5001,512,114.5193,-70.9444
150,5001,520,115.7878,-71.1768
150,5001,528,116.4131,-71.3630
150,5001,536,116.4635,-71.3763
150,5001,544,116.6056,-71.3981
150,5001,552,117.1314,-71.3758
150,5001,560,118.2769,-71.4409
150,5001,568,119.3697,-71.6216
150,5001,576,119.4656,-71.6341
150,5001,584,119.6445,-71.6316
150,5001,592,120.2276,-71.5227
150,5001,600,121.6641,-71.4963
150,5001,608,124.1655,-71.6941
150,5001,616,130.3183,-71.4175
150,5001,624,140.1010,-70.3328
150,5001,632,161.1907,-67.8380
150,5001,640,190.7942,-65.5784
150,5001,648,220.3976,-64.8109
150,5001,656,250.0010,-64.6213
150,5001,664,280.7313,-64.5722
150,5001,672,311.8373,-64.5634
150,5001,680,342.9432,-64.5609
150,5001,688,374.0491,-64.5627
150,5001,696,409.8179,-64.5608
150,5001,704,448.3842,-64.5616
150,5001,712,566.2426,-64.5610
150,5001,720,761.7600,-64.5612
150,5002,0,0.0000,-65.0000
150,5002,8,0.0699,-64.9855
150,5002,16,0.6811,-64.9173
150,5002,24,5.5147,-64.6276
150,5002,32,14.0905,-64.5433
150,5002,40,22.6664,-64.5540
150,5002,48,36.8228,-64.5609
150,5002,56,100.0000,-64.5618
150,5002,64,100.0385,-64.5390
150,5002,72,100.0491,-64.5236
150,5002,80,100.1341,-64.2694
150,5002,88,100.2098,-63.8830
150,5002,96,100.4065,-62.4737
150,5002,104,100.4589,-62.0605
150,5002,112,100.5080,-61.6741
150,5002,120,100.6538,-60.5896
150,5002,128,100.7726,-59.8216
150,5002,136,101.0495,-58.5724
150,5002,144,101.0855,-58.4682
150,5002,152,101.3395,-58.0401
150,5002,160,102.0753,-59.1329
150,5002,168,102.4354,-60.3812
150,5002,176,102.6077,-61.0320
150,5002,184,102.7172,-61.4439
150,5002,192,102.7783,-61.6692
150,5002,200,103.1992,-63.1267
150,5002,208,103.3255,-63.5271
150,5002,216,103.9092,-65.1568
150,5002,224,103.9780,-65.3261
150,5002,232,104.3151,-66.0822
150,5002,240,104.5283,-66.4987
150,5002,248,104.9284,-67.1938
150,5002,256,105.0038,-67.3151
150,5002,264,105.3270,-67.7921
150,5002,272,105.3560,-67.8321
150,5002,280,105.4358,-67.9364
150,5002,288,105.9032,-68.4258
150,5002,296,107.0220,-69.5025
150,5002,304,108.1537,-70.4508
150,5002,312,108.2459,-70.5150
150,5002,320,108.5709,-70.6935
150,5002,328,108.6731,-70.7393
150,5002,336,109.1929,-70.8874
150,5002,344,109.3639,-70.9294
150,5002,352,109.5522,-70.9622
150,5002,360,109.8275,-70.9745
150,5002,368,109.9039,-70.9706
150,5002,376,109.9702,-70.9638
150,5002,384,110.0347,-70.9514
150,5002,392,110.4310,-70.8059
150,5002,400,110.6321,-70.7438
150,5002,408,110.8172,-70.6999
150,5002,416,111.3165,-70.6526
150,5002,424,111.3413,-70.6539
150,5002,432,111.6033,-70.6692
150,5002,440,111.7944,-70.6876
150,5002,448,112.0098,-70.7052
150,5002,456,112.7637,-70.8239
150,5002,464,112.8839,-70.8573
150,5002,472,112.9685,-70.8791
150,5002,480,113.3334,-70.9106
150,5002,488,113.7347,-70.9402
150,5002,496,113.9031,-70.9566
150,5002,504,113.9862,-70.9611
150,5002,512,114.5193,-70.9444
150,5002,520,115.7878,-71.1768
150,5002,528,116.4131,-71.3630
150,5002,536,116.4635,-71.3763
150,5002,544,116.6056,-71.3981
150,5002,552,117.1314,-71.3758
150,5002,560,118.2769,-71.4409
150,5002,568,119.3697,-71.6216
150,5002,576,119.4656,-71.6341
150,5002,584,119.6445,-71.6316
150,5002,592,120.2276,-71.5227
150,5002,600,121.6641,-71.4963
150,5002,608,124.1655,-71.6941
150,5002,616,130.3183,-71.4175
150,5002,624,140.1010,-70.3328
150,5002,632,161.1907,-67.8380
150,5002,640,190.7942,-65.5784
150,5002,648,220.3976,-64.8109
150,5002,656,250.0010,-64.6213
150,5002,664,280.7313,-64.5722
150,5002,672,311.8373,-64.5634
150,5002,680,342.9432,-64.5609
150,5002,688,374.0491,-64.5627
150,5002,696,409.8179,-64.5608
150,5002,704,448.3842,-64.5616
150,5002,712,566.2426,-64.5610
150,5002,720,761.7600,-64.5612
150,5003,0,0.0000,-65.0000
150,5003,8,0.0699,-64.9855
150,5003,16,0.6811,-64.9173
150,5003,24,5.5147,-64.6276
150,5003,32,14.0905,-64.5433
150,5003,40,22.6664,-64.5540
150,5003,48,36.8228,-64.5609
150,5003,56,100.0000,-64.5618
150,5003,64,100.0385,-64.5390
150,5003,72,100.0491,-64.5236
150,5003,80,100.1341,-64.2694
150,5003,88,100.2098,-63.8830
150,5003,96,100.4065,-62.4737
150,5003,104,100.4589,-62.0605
150,5003,112,100.5080,-61.6741
150,5003,120,100.6538,-60.5896
150,5003,128,100.7726,-59.8216
150,5003,136,101.0495,-58.5724
150,5003,144,101.0855,-58.4682
150,5003,152,101.3395,-58.0401
150,5003,160,102.0753,-59.1329
150,5003,168,102.4354,-60.3812
150,5003,176,102.6077,-61.0320
150,5003,184,102.7172,-61.4439
150,5003,192,102.7783,-61.6692
150,5003,200,103.1992,-63.1267
150,5003,208,103.3255,-63.5271
150,5003,216,103.9092,-65.1568
150,5003,224,103.9780,-65.3261
150,5003,232,104.3151,-66.0822
150,5003,240,104.5283,-66.4987
150,5003,248,104.9284,-67.1938
150,5003,256,105.0038,-67.3151
150,5003,264,105.3270,-67.7921
150,5003,272,105.3560,-67.8321
150,5003,280,105.4358,-67.9364
150,5003,288,105.9032,-68.4258
150,5003,296,107.0220,-69.5025
150,5003,304,108.1537,-70.4508
150,5003,312,108.2459,-70.5150
150,5003,320,108.5709,-70.6935
150,5003,328,108.6731,-70.7393
150,5003,336,109.1929,-70.8874
150,5003,344,109.3639,-70.9294
150,5003,352,109.5522,-70.9622
150,5003,360,109.8275,-70.9745
150,5003,368,109.9039,-70.9706
150,5003,376,109.9702,-70.9638
150,5003,384,110.0347,-70.9514
150,5003,392,110.4310,-70.8059
150,5003,400,110.6321,-70.7438
150,5003,408,110.8172,-70.6999
150,5003,416,111.3165,-70.6526
150,5003,424,111.3413,-70.6539
150,5003,432,111.6033,-70.6692
150,5003,440,111.7944,-70.6876
150,5003,448,112.0098,-70.7052
150,5003,456,112.7637,-70.8239
150,5003,464,112.8839,-70.8573
150,5003,472,112.9685,-70.8791
150,5003,480,113.3334,-70.9106
150,5003,488,113.7347,-70.9402
150,5003,496,113.9031,-70.9566
150,5003,504,113.9862,-70.9611
150,5003,512,114.5193,-70.9444
150,5003,520,115.7878,-71.1768
150,5003,528,116.4131,-71.3630
150,5003,536,116.4635,-71.3763
150,5003,544,116.6056,-71.3981
150,5003,552,117.1314,-71.3758
150,5003,560,118.2769,-71.4409
150,5003,568,119.3697,-71.6216
150,5003,576,119.4656,-71.6341
150,5003,584,119.6445,-71.6316
150,5003,592,120.2276,-71.5227
150,5003,600,121.6641,-71.4963
150,5003,608,124.1655,-71.6941
150,5003,616,130.3183,-71.4175
150,5003,624,140.1010,-70.3328
150,5003,632,161.1907,-67.8380
150,5003,640,190.7942,-65.5784
150,5003,648,220.3976,-64.8109
150,5003,656,250.0010,-64.6213
150,5003,664,280.7313,-64.5722
150,5003,672,311.8373,-64.5634
150,5003,680,342.9432,-64.5609
150,5003,688,374.0491,-64.5627
150,5003,696,409.8179,-64.5608
150,5003,704,448.3842,-64.5616
150,5003,712,566.2426,-64.5610
150,5003,720,761.7600,-64.5612
150,5004,0,0.0000,-65.0000
150,5004,8,0.0699,-64.9855
150,5004,16,0.6811,-64.9173
150,5004,24,5.5147,-64.6276
150,5004,32,14.0905,-64.5433
150,5004,40,22.6664,-64.5540
150,5004,48,36.8228,-64.5609
150,5004,56,100.0000,-64.5618
150,5004,64,100.0385,-64.5390
150,5004,72,100.0491,-64.5236
150,5004,80,100.1341,-64.2694
150,5004,88,100.2098,-63.8830
150,5004,96,100.4065,-62.4737
150,5004,104,100.4589,-62.0605
150,5004,112,100.5080,-61.6741
150,5004,120,100.6538,-60.5896
150,5004,128,100.7726,-59.8216
150,5004,136,101.0495,-58.5724
150,5004,144,101.0855,-58.4682
150,5004,152,101.3395,-58.0401
150,5004,160,102.0753,-59.1329
150,5004,168,102.4354,-60.3812
150,5004,176,102.6077,-61.0320
150,5004,184,102.7172,-61.4439
150,5004,192,102.7783,-61.6692
150,5004,200,103.1992,-63.1267
150,5004,208,103.3255,-63.5271
150,5004,216,103.9092,-65.1568
150,5004,224,103.9780,-65.3261
150,5004,232,104.3151,-66.0822
150,5004,240,104.5283,-66.4987
150,5004,248,104.9284,-67.1938
150,5004,256,105.0038,-67.3151
150,5004,264,105.3270,-67.7921
150,5004,272,105.3560,-67.8321
150,5004,280,105.4358,-67.9364
150,5004,288,105.9032,-68.4258
150,5004,296,107.0220,-69.5025
150,5004,304,108.1537,-70.4508
150,5004,312,108.2459,-70.5150
150,5004,320,108.5709,-70.6935
150,5004,328,108.6731,-70.7393
150,5004,336,109.1929,-70.8874
150,5004,344,109.3639,-70.9294
150,5004,352,109.5522,-70.9622
150,5004,360,109.8275,-70.9745
150,5004,368,109.9039,-70.9706
150,5004,376,109.9702,-70.9638
150,5004,384,110.0347,-70.9514
150,5004,392,110.4310,-70.8059
150,5004,400,110.6321,-70.7438
150,5004,408,110.8172,-70.6999
150,5004,416,111.3165,-70.6526
150,5004,424,111.3413,-70.6539
150,5004,432,111.6033,-70.6692
150,5004,440,111.7944,-70.6876
150,5004,448,112.0098,-70.7052
150,5004,456,112.7637,-70.8239
150,5004,464,112.8839,-70.8573
150,5004,472,112.9685,-70.8791
150,5004,480,113.3334,-70.9106
150,5004,488,113.7347,-70.9402
150,5004,496,113.9031,-70.9566
150,5004,504,113.9862,-70.9611
150,5004,512,114.5193,-70.9444
150,5004,520,115.7878,-71.1768
150,5004,528,116.4131,-71.3630
150,5004,536,116.4635,-71.3763
150,5004,544,116.6056,-71.3981
150,5004,552,117.1314,-71.3758
150,5004,560,118.2769,-71.4409
150,5004,568,119.3697,-71.6216
150,5004,576,119.4656,-71.6341
150,5004,584,119.6445,-71.6316
150,5004,592,120.2276,-71.5227
150,5004,600,121.6641,-71.4963
150,5004,608,124.1655,-71.6941
150,5004,616,130.3183,-71.4175
150,5004,624,140.1010,-70.3328
150,5004,632,161.1907,-67.8380
150,5004,640,190.7942,-65.5784
150,5004,648,220.3976,-64.8109
150,5004,656,250.0010,-64.6213
150,5004,664,280.7313,-64.5722
150,5004,672,311.8373,-64.5634
150,5004,680,342.9432,-64.5609
150,5004,688,374.0491,-64.5627
150,5004,696,409.8179,-64.5608
150,5004,704,448.3842,-64.5616
150,5004,712,566.2426,-64.5610
150,5004,720,761.7600,-64.5612
150,5005,0,0.0000,-65.0000
150,5005,8,0.0699,-64.9855
150,5005,16,0.6811,-64.9173
150,5005,24,5.5147,-64.6276
150,5005,32,14.0905,-64.5433
150,5005,40,22.6664,-64.5540
150,5005,48,36.8228,-64.5609
150,5005,56,100.0000,-64.5618
150,5005,64,100.0385,-64.5390
150,5005,72,100.0491,-64.5236
150,5005,80,100.1341,-64.2694
150,5005,88,100.2098,-63.8830
150,5005,96,100.4065,-62.4737
150,5005,104,100.4589,-62.0605
150,5005,112,100.5080,-61.6741
150,5005,120,100.6538,-60.5896
150,5005,128,100.7726,-59.8216
150,5005,136,101.0495,-58.5724
150,5005,144,101.0855,-58.4682
150,5005,152,101.3395,-58.0401
150,5005,160,102.0753,-59.1329
150,5005,168,102.4354,-60.3812
150,5005,176,102.6077,-61.0320
150,5005,184,102.7172,-61.4439
150,5005,192,102.7783,-61.6692
150,5005,200,103.1992,-63.1267
150,5005,208,103.3255,-63.5271
150,5005,216,103.9092,-65.1568
150,5005,224,103.9780,-65.3261
150,5005,232,104.3151,-66.0822
150,5005,240,104.5283,-66.4987
150,5005,248,104.9284,-67.1938
150,5005,256,105.0038,-67.3151
150,5005,264,105.3270,-67.7921
150,5005,272,105.3560,-67.8321
150,5005,280,105.4358,-67.9364
150,5005,288,105.9032,-68.4258
150,5005,296,107.0220,-69.5025
150,5005,304,108.1537,-70.4508
150,5005,312,108.2459,-70.5150
150,5005,320,108.5709,-70.6935
150,5005,328,108.6731,-70.7393
150,5005,336,109.1929,-70.8874
150,5005,344,109.3639,-70.9294
150,5005,352,109.5522,-70.9622
150,5005,360,109.8275,-70.9745
150,5005,368,109.9039,-70.9706
150,5005,376,109.9702,-70.9638
150,5005,384,110.0347,-70.9514
150,5005,392,110.4310,-70.8059
150,5005,400,110.6321,-70.7438
150,5005,408,110.8172,-70.6999
150,5005,416,111.3165,-70.6526
150,5005,424,111.3413,-70.6539
150,5005,432,111.6033,-70.6692
150,5005,440,111.7944,-70.6876
150,5005,448,112.0098,-70.7052
150,5005,456,112.7637,-70.8239
150,5005,464,112.8839,-70.8573
150,5005,472,112.9685,-70.8791
150,5005,480,113.3334,-70.9106
150,5005,488,113.7347,-70.9402
150,5005,496,113.9031,-70.9566
150,5005,504,113.9862,-70.9611
150,5005,512,114.5193,-70.9444
150,5005,520,115.7878,-71.1768
150,5005,528,116.4131,-71.3630
150,5005,536,116.4635,-71.3763
150,5005,544,116.6056,-71.3981
150,5005,552,117.1314,-71.3758
150,5005,560,118.2769,-71.4409
150,5005,568,119.3697,-71.6216
150,5005,576,119.4656,-71.6341
150,5005,584,119.6445,-71.6316
150,5005,592,120.2276,-71.5227
150,5005,600,121.6641,-71.4963
150,5005,608,124.1655,-71.6941
150,5005,616,130.3183,-71.4175
150,5005,624,140.1010,-70.3328
150,5005,632,161.1907,-67.8380
150,5005,640,190.7942,-65.5784
150,5005,648,220.3976,-64.8109
150,5005,656,250.0010,-64.6213
150,5005,664,280.7313,-64.5722
150,5005,672,311.8373,-64.5634
150,5005,680,342.9432,-64.5609
150,5005,688,374.0491,-64.5627
150,5005,696,409.8179,-64.5608
150,5005,704,448.3842,-64.5616
150,5005,712,566.2426,-64.5610
150,5005,720,761.7600,-64.5612
150,5006,0,0.0000,-65.0000
150,5006,8,0.0699,-64.9855
150,5006,16,0.6811,-64.9173
150,5006,24,5.5147,-64.6276
150,5006,32,14.0905,-64.5433
150,5006,40,22.6664,-64.5540
150,5006,48,36.8228,-64.5609
150,5006,56,100.0000,-64.5618
150,5006,64,100.0385,-64.5390
150,5006,72,100.0491,-64.5236
150,5006,80,100.1341,-64.2694
150,5006,88,100.2098,-63.8830
150,5006,96,100.4065,-62.4737
150,5006,104,100.4589,-62.0605
150,5006,112,100.5080,-61.6741
150,5006,120,100.6538,-60.5896
150,5006,128,100.7726,-59.8216
150,5006,136,101.0495,-58.5724
150,5006,144,101.0855,-58.4682
150,5006,152,101.3395,-58.0401
150,5006,160,102.0753,-59.1329
150,5006,168,102.4354,-60.3812
150,5006,176,102.6077,-61.0320
150,5006,184,102.7172,-61.4439
150,5006,192,102.7783,-61.6692
150,5006,200,103.1992,-63.1267
150,5006,208,103.3255,-63.5271
150,5006,216,103.9092,-65.1568
150,5006,224,103.9780,-65.3261
150,5006,232,104.3151,-66.0822
150,5006,240,104.5283,-66.4987
150,5006,248,104.9284,-67.1938
150,5006,256,105.0038,-67.3151
150,5006,264,105.3270,-67.7921
150,5006,272,105.3560,-67.8321
150,5006,280,105.4358,-67.9364
150,5006,288,105.9032,-68.4258
150,5006,296,107.0220,-69.5025
150,5006,304,108.1537,-70.4508
150,5006,312,108.2459,-70.5150
150,5006,320,108.5709,-70.6935
150,5006,328,108.6731,-70.7393
150,5006,336,109.1929,-70.8874
150,5006,344,109.3639,-70.9294
150,5006,352,109.5522,-70.9622
150,5006,360,109.8275,-70.9745
150,5006,368,109.9039,-70.9706
150,5006,376,109.9702,-70.9638
150,5006,384,110.0347,-70.9514
150,5006,392,110.4310,-70.8059
150,5006,400,110.6321,-70.7438
150,5006,408,110.8172,-70.6999
150,5006,416,111.3165,-70.6526
150,5006,424,111.3413,-70.6539
150,5006,432,111.6033,-70.6692
150,5006,440,111.7944,-70.6876
150,5006,448,112.0098,-70.7052
150,5006,456,112.7637,-70.8239
150,5006,464,112.8839,-70.8573
150,5006,472,112.9685,-70.8791
150,5006,480,113.3334,-70.9106
150,5006,488,113.7347,-70.9402
150,5006,496,113.9031,-70.9566
150,5006,504,113.9862,-70.9611
150,5006,512,114.5193,-70.9444
150,5006,520,115.7878,-71.1768
150,5006,528,116.4131,-71.3630
150,5006,536,116.4635,-71.3763
150,5006,544,116.6056,-71.3981
150,5006,552,117.1314,-71.3758
150,5006,560,118.2769,-71.4409
150,5006,568,119.3697,-71.6216
150,5006,576,119.4656,-71.6341
150,5006,584,119.6445,-71.6316
150,5006,592,120.2276,-71.5227
150,5006,600,121.6641,-71.4963
150,5006,608,124.1655,-71.6941
150,5006,616,130.3183,-71.4175
150,5006,624,140.1010,-70.3328
150,5006,632,161.1907,-67.8380
150,5006,640,190.7942,-65.5784
150,5006,648,220.3976,-64.8109
150,5006,656,250.0010,-64.6213
150,5006,664,280.7313,-64.5722
150,5006,672,311.8373,-64.5634
150,5006,680,342.9432,-64.5609
150,5006,688,374.0491,-64.5627
150,5006,696,409.8179,-64.5608
150,5006,704,448.3842,-64.5616
150,5006,712,566.2426,-64.5610
150,5006,720,761.7600,-64.5612
150,5007,0,0.0000,-65.0000
150,5007,8,0.0699,-64.9855
150,5007,16,0.6811,-64.9173
150,5007,24,5.5147,-64.6276
150,5007,32,14.0905,-64.5433
150,5007,40,22.6664,-64.5540
150,5007,48,36.8228,-64.5609
150,5007,56,100.0000,-64.5618
150,5007,64,100.0385,-64.5390
150,5007,72,100.0491,-64.5236
150,5007,80,100.1341,-64.2694
150,5007,88,100.2098,-63.8830
150,5007,96,100.4065,-62.4737
150,5007,104,100.4589,-62.0605
150,5007,112,100.5080,-61.6741
150,5007,120,100.6538,-60.5896
150,5007,128,100.7726,-59.8216
150,5007,136,101.0495,-58.5724
150,5007,144,101.0855,-58.4682
150,5007,152,101.3395,-58.0401
150,5007,160,102.0753,-59.1329
150,5007,168,102.4354,-60.3812
150,5007,176,102.6077,-61.0320
150,5007,184,102.7172,-61.4439
150,5007,192,102.7783,-61.6692
150,5007,200,103.1992,-63.1267
150,5007,208,103.3255,-63.5271
150,5007,216,103.9092,-65.1568
150,5007,224,103.9780,-65.3261
150,5007,232,104.3151,-66.0822
150,5007,240,104.5283,-66.4987
150,5007,248,104.9284,-67.1938
150,5007,256,105.0038,-67.3151
150,5007,264,105.3270,-67.7921
150,5007,272,105.3560,-67.8321
150,5007,280,105.4358,-67.9364
150,5007,288,105.9032,-68.4258
150,5007,296,107.0220,-69.5025
150,5007,304,108.1537,-70.4508
150,5007,312,108.2459,-70.5150
150,5007,320,108.5709,-70.6935
150,5007,328,108.6731,-70.7393
150,5007,336,109.1929,-70.8874
150,5007,344,109.3639,-70.9294
150,5007,352,109.5522,-70.9622
150,5007,360,109.8275,-70.9745
150,5007,368,109.9039,-70.9706
150,5007,376,109.9702,-70.9638
150,5007,384,110.0347,-70.9514
150,5007,392,110.4310,-70.8059
150,5007,400,110.6321,-70.7438
150,5007,408,110.8172,-70.6999
150,5007,416,111.3165,-70.6526
150,5007,424,111.3413,-70.6539
150,5007,432,111.6033,-70.6692
150,5007,440,111.7944,-70.6876
150,5007,448,112.0098,-70.7052
150,5007,456,112.7637,-70.8239
150,5007,464,112.8839,-70.8573
150,5007,472,112.9685,-70.8791
150,5007,480,113.3334,-70.9106
150,5007,488,113.7347,-70.9402
150,5007,496,113.9031,-70.9566
150,5007,504,113.9862,-70.9611
150,5007,512,114.5193,-70.9444
150,5007,520,115.7878,-71.1768
150,5007,528,116.4131,-71.3630
150,5007,536,116.4635,-71.3763
150,5007,544,116.6056,-71.3981
150,5007,552,117.1314,-71.3758
150,5007,560,118.2769,-71.4409
150,5007,568,119.3697,-71.6216
150,5007,576,119.4656,-71.6341
150,5007,584,119.6445,-71.6316
150,5007,592,120.2276,-71.5227
150,5007,600,121.6641,-71.4963
150,5007,608,124.1655,-71.6941
150,5007,616,130.3183,-71.4175
150,5007,624,140.1010,-70.3328
150,5007,632,161.1907,-67.8380
150,5007,640,190.7942,-65.5784
150,5007,648,220.3976,-64.8109
150,5007,656,250.0010,-64.6213
150,5007,664,280.7313,-64.5722
150,5007,672,311.8373,-64.5634
150,5007,680,342.9432,-64.5609
150,5007,688,374.0491,-64.5627
150,5007,696,409.8179,-64.5608
150,5007,704,448.3842,-64.5616
150,5007,712,566.2426,-64.5610
150,5007,720,761.7600,-64.5612
150,5008,0,0.0000,-65.0000
150,5008,8,0.0699,-64.9855
150,5008,16,0.6811,-64.9173
150,5008,24,5.5147,-64.6276
150,5008,32,14.0905,-64.5433
150,5008,40,22.6664,-64.5540
150,5008,48,36.8228,-64.5609
150,5008,56,100.0000,-64.5618
150,5008,64,100.0385,-64.5390
150,5008,72,100.0491,-64.5236
150,5008,80,100.1341,-64.2694
150,5008,88,100.2098,-63.8830
150,5008,96,100.4065,-62.4737
150,5008,104,100.4589,-62.0605
150,5008,112,100.5080,-61.6741
150,5008,120,100.6538,-60.5896
150,5008,128,100.7726,-59.8216
150,5008,136,101.0495,-58.5724
150,5008,144,101.0855,-58.4682
150,5008,152,101.3395,-58.0401
150,5008,160,102.0753,-59.1329
150,5008,168,102.4354,-60.3812
150,5008,176,102.6077,-61.0320
150,5008,184,102.7172,-61.4439
150,5008,192,102.7783,-61.6692
150,5008,200,103.1992,-63.1267
150,5008,208,103.3255,-63.5271
150,5008,216,103.9092,-65.1568
150,5008,224,103.9780,-65.3261
150,5008,232,104.3151,-66.0822
150,5008,240,104.5283,-66.4987
150,5008,248,104.9284,-67.1938
150,5008,256,105.0038,-67.3151
150,5008,264,105.3270,-67.7921
150,5008,272,105.3560,-67.8321
150,5008,280,105.4358,-67.9364
150,5008,288,105.9032,-68.4258
150,5008,296,107.0220,-69.5025
150,5008,304,108.1537,-70.4508
150,5008,312,108.2459,-70.5150
150,5008,320,108.5709,-70.6935
150,5008,328,108.6731,-70.7393
150,5008,336,109.1929,-70.8874
150,5008,344,109.3639,-70.9294
150,5008,352,109.5522,-70.9622
150,5008,360,109.8275,-70.9745
150,5008,368,109.9039,-70.9706
150,5008,376,109.9702,-70.9638
150,5008,384,110.0347,-70.9514
150,5008,392,110.4310,-70.8059
150,5008,400,110.6321,-70.7438
150,5008,408,110.8172,-70.6999
150,5008,416,111.3165,-70.6526
150,5008,424,111.3413,-70.6539
150,5008,432,111.6033,-70.6692
150,5008,440,111.7944,-70.6876
150,5008,448,112.0098,-70.7052
150,5008,456,112.7637,-70.8239
150,5008,464,112.8839,-70.8573
150,5008,472,112.9685,-70.8791
150,5008,480,113.3334,-70.9106
150,5008,488,113.7347,-70.9402
150,5008,496,113.9031,-70.9566
150,5008,504,113.9862,-70.9611
150,5008,512,114.5193,-70.9444
150,5008,520,115.7878,-71.1768
150,5008,528,116.4131,-71.3630
150,5008,536,116.4635,-71.3763
150,5008,544,116.6056,-71.3981
150,5008,552,117.1314,-71.3758
150,5008,560,118.2769,-71.4409
150,5008,568,119.3697,-71.6216
150,5008,576,119.4656,-71.6341
150,5008,584,119.6445,-71.6316
150,5008,592,120.2276,-71.5227
150,5008,600,121.6641,-71.4963
150,5008,608,124.1655,-71.6941
150,5008,616,130.3183,-71.4175
150,5008,624,140.1010,-70.3328
150,5008,632,161.1907,-67.8380
150,5008,640,190.7942,-65.5784
150,5008,648,220.3976,-64.8109
150,5008,656,250.0010,-64.6213
150,5008,664,280.7313,-64.5722
150,5008,672,311.8373,-64.5634
150,5008,680,342.9432,-64.5609
150,5008,688,374.0491,-64.5627
150,5008,696,409.8179,-64.5608
150,5008,704,448.3842,-64.5616
150,5008,712,566.2426,-64.5610
150,5008,720,761.7600,-64.5612
150,5009,0,0.0000,-65.0000
150,5009,8,0.0699,-64.9855
150,5009,16,0.6811,-64.9173
150,5009,24,5.5147,-64.6276
150,5009,32,14.0905,-64.5433
150,5009,40,22.6664,-64.5540
150,5009,48,36.8228,-64.5609
150,5009,56,100.0000,-64.5618
150,5009,64,100.0385,-64.5390
150,5009,72,100.0491,-64.5236
150,5009,80,100.1341,-64.2694
150,5009,88,100.2098,-63.8830
150,5009,96,100.4065,-62.4737
150,5009,104,100.4589,-62.0605
150,5009,112,100.5080,-61.6741
150,5009,120,100.6538,-60.5896
150,5009,128,100.7726,-59.8216
150,5009,136,101.0495,-58.5724
150,5009,144,101.0855,-58.4682
150,5009,152,101.3395,-58.0401
150,5009,160,102.0753,-59.1329
150,5009,168,102.4354,-60.3812
150,5009,176,102.6077,-61.0320
150,5009,184,102.7172,-61.4439
150,5009,192,102.7783,-61.6692
150,5009,200,103.1992,-63.1267
150,5009,208,103.3255,-63.5271
150,5009,216,103.9092,-65.1568
150,5009,224,103.9780,-65.3261
150,5009,232,104.3151,-66.0822
150,5009,240,104.5283,-66.4987
150,5009,248,104.9284,-67.1938
150,5009,256,105.0038,-67.3151
150,5009,264,105.3270,-67.7921
150,5009,272,105.3560,-67.8321
150,5009,280,105.4358,-67.9364
150,5009,288,105.9032,-68.4258
150,5009,296,107.0220,-69.5025
150,5009,304,108.1537,-70.4508
150,5009,312,108.2459,-70.5150
150,5009,320,108.5709,-70.6935
150,5009,328,108.6731,-70.7393
150,5009,336,109.1929,-70.8874
150,5009,344,109.3639,-70.9294
150,5009,352,109.5522,-70.9622
150,5009,360,109.8275,-70.9745
150,5009,368,109.9039,-70.9706
150,5009,376,109.9702,-70.9638
150,5009,384,110.0347,-70.9514
150,5009,392,110.4310,-70.8059
150,5009,400,110.6321,-70.7438
150,5009,408,110.8172,-70.6999
150,5009,416,111.3165,-70.6526
150,5009,424,111.3413,-70.6539
150,5009,432,111.6033,-70.6692
150,5009,440,111.7944,-70.6876
150,5009,448,112.0098,-70.7052
150,5009,456,112.7637,-70.8239
150,5009,464,112.8839,-70.8573
150,5009,472,112.9685,-70.8791
150,5009,480,113.3334,-70.9106
150,5009,488,113.7347,-70.9402
150,5009,496,113.9031,-70.9566
150,5009,504,113.9862,-70.9611
150,5009,512,114.5193,-70.9444
150,5009,520,115.7878,-71.1768
150,5009,528,116.4131,-71.3630
150,5009,536,116.4635,-71.3763
150,5009,544,116.6056,-71.3981
150,5009,552,117.1314,-71.3758
150,5009,560,118.2769,-71.4409
150,5009,568,119.3697,-71.6216
150,5009,576,119.4656,-71.6341
150,5009,584,119.6445,-71.6316
150,5009,592,120.2276,-71.5227
150,5009,600,121.6641,-71.4963
150,5009,608,124.1655,-71.6941
150,5009,616,130.3183,-71.4175
150,5009,624,140.1010,-70.3328
150,5009,632,161.1907,-67.8380
150,5009,640,190.7942,-65.5784
150,5009,648,220.3976,-64.8109
150,5009,656,250.0010,-64.6213
150,5009,664,280.7313,-64.5722
150,5009,672,311.8373,-64.5634
150,5009,680,342.9432,-64.5609
150,5009,688,374.0491,-64.5627
150,5009,696,409.8179,-64.5608
150,5009,704,448.3842,-64.5616
150,5009,712,566.2426,-64.5610
150,5009,720,761.7600,-64.5612
150,5010,0,0.0000,-65.0000
150,5010,8,0.0699,-64.9855
150,5010,16,0.6811,-64.9173
150,5010,24,5.5147,-64.6276
150,5010,32,14.0905,-64.5433
150,5010,40,22.6664,-64.5540
150,5010,48,36.8228,-64.5609
150,5010,56,100.0000,-64.5618
150,5010,64,100.0385,-64.5390
150,5010,72,100.0491,-64.5236
150,5010,80,100.1341,-64.2694
150,5010,88,100.2098,-63.8830
150,5010,96,100.4065,-62.4737
150,5010,104,100.4589,-62.0605
150,5010,112,100.5080,-61.6741
150,5010,120,100.6538,-60.5896
150,5010,128,100.7726,-59.8216
150,5010,136,101.0495,-58.5724
150,5010,144,101.0855,-58.4682
150,5010,152,101.3395,-58.0401
150,5010,160,102.0753,-59.1329
150,5010,168,102.4354,-60.3812
150,5010,176,102.6077,-61.0320
150,5010,184,102.7172,-61.4439
150,5010,192,102.7783,-61.6692
150,5010,200,103.1992,-63.1267
150,5010,208,103.3255,-63.5271
150,5010,216,103.9092,-65.1568
150,5010,224,103.9780,-65.3261
150,5010,232,104.3151,-66.0822
150,5010,240,104.5283,-66.4987
150,5010,248,104.9284,-67.1938
150,5010,256,105.0038,-67.3151
150,5010,264,105.3270,-67.7921
150,5010,272,105.3560,-67.8321
150,5010,280,105.4358,-67.9364
150,5010,288,105.9032,-68.4258
150,5010,296,107.0220,-69.5025
150,5010,304,108.1537,-70.4508
150,5010,312,108.2459,-70.5150
150,5010,320,108.5709,-70.6935
150,5010,328,108.6731,-70.7393
150,5010,336,109.1929,-70.8874
150,5010,344,109.3639,-70.9294
150,5010,352,109.5522,-70.9622
150,5010,360,109.8275,-70.9745
150,5010,368,109.9039,-70.9706
150,5010,376,109.9702,-70.9638
150,5010,384,110.0347,-70.9514
150,5010,392,110.4310,-70.8059
150,5010,400,110.6321,-70.7438
150,5010,408,110.8172,-70.6999
150,5010,416,111.3165,-70.6526
150,5010,424,111.3413,-70.6539
150,5010,432,111.6033,-70.6692
150,5010,440,111.7944,-70.6876
150,5010,448,112.0098,-70.7052
150,5010,456,112.7637,-70.8239
150,5010,464,112.8839,-70.8573
150,5010,472,112.9685,-70.8791
150,5010,480,113.3334,-70.9106
150,5010,488,113.7347,-70.9402
150,5010,496,113.9031,-70.9566
150,5010,504,113.9862,-70.9611
150,5010,512,114.5193,-70.9444
150,5010,520,115.7878,-71.1768
150,5010,528,116.4131,-71.3630
150,5010,536,116.4635,-71.3763
150,5010,544,116.6056,-71.3981
150,5010,552,117.1314,-71.3758
150,5010,560,118.2769,-71.4409
150,5010,568,119.3697,-71.6216
150,5010,576,119.4656,-71.6341
150,5010,584,119.6445,-71.6316
150,5010,592,120.2276,-71.5227
150,5010,600,121.6641,-71.4963
150,5010,608,124.1655,-71.6941
150,5010,616,130.3183,-71.4175
150,5010,624,140.1010,-70.3328
150,5010,632,161.1907,-67.8380
150,5010,640,190.7942,-65.5784
150,5010,648,220.3976,-64.8109
150,5010,656,250.0010,-64.6213
150,5010,664,280.7313,-64.5722
150,5010,672,311.8373,-64.5634
150,5010,680,342.9432,-64.5609
150,5010,688,374.0491,-64.5627
150,5010,696,409.8179,-64.5608
150,5010,704,448.3842,-64.5616
150,5010,712,566.2426,-64.5610
150,5010,720,761.7600,-64.5612
180,6001,0,0.0000,-65.0000
180,6001,8,0.0699,-64.9855
180,6001,16,0.6811,-64.9173
180,6001,24,5.5147,-64.6276
180,6001,32,14.0905,-64.5433
180,6001,40,22.6664,-64.5540
180,6001,48,36.8228,-64.5609
180,6001,56,100.0000,-64.5618
180,6001,64,100.0402,-64.5369
180,6001,72,100.1737,-64.0971
180,6001,80,100.2300,-63.7847
180,6001,88,100.2865,-63.4205
180,6001,96,100.5962,-61.1489
180,6001,104,101.1587,-58.7015
180,6001,112,101.3374,-58.5447
180,6001,120,101.4093,-58.5470
180,6001,128,101.5650,-58.6556
180,6001,136,101.7650,-58.9719
180,6001,144,101.8100,-59.0660
180,6001,152,101.8956,-59.2628
180,6001,160,102.1903,-60.0830
180,6001,168,102.4034,-60.7765
180,6001,176,102.5165,-61.1624
180,6001,184,102.5600,-61.3123
180,6001,192,102.5851,-61.3980
180,6001,200,102.6651,-61.6670
180,6001,208,102.8400,-62.2271
180,6001,216,102.8998,-62.4099
180,6001,224,103.2750,-63.4890
180,6001,232,103.2916,-63.5346
180,6001,240,103.4052,-63.8353
180,6001,248,103.5412,-64.1704
180,6001,256,104.0600,-65.3358
180,6001,264,104.1116,-65.4450
180,6001,272,104.1603,-65.5455
180,6001,280,104.5402,-66.2605
180,6001,288,105.3800,-67.6929
180,6001,296,105.4875,-67.8587
180,6001,304,105.5940,-68.0127
180,6001,312,105.6754,-68.1219
180,6001,320,105.8100,-68.2750
180,6001,328,105.8975,-68.3559
180,6001,336,105.9693,-68.4129
180,6001,344,106.0783,-68.4858
180,6001,352,106.1388,-68.5200
180,6001,360,106.3951,-68.6299
180,6001,368,106.4750,-68.6600
180,6001,376,106.5465,-68.6833
180,6001,384,107.0145,-68.8417
180,6001,392,107.1241,-68.8976
180,6001,400,107.2916,-68.9909
180,6001,408,107.6780,-69.2410
180,6001,416,107.9520,-69.4519
180,6001,424,107.9932,-69.4852
180,6001,432,108.1690,-69.6138
180,6001,440,108.2770,-69.6836
180,6001,448,108.4196,-69.7660
180,6001,456,108.8350,-69.9864
180,6001,464,108.9130,-70.0270
180,6001,472,109.3650,-70.2456
180,6001,480,109.4530,-70.2889
180,6001,488,109.8622,-70.4697
180,6001,496,109.8844,-70.4796
180,6001,504,110.1741,-70.5961
180,6001,512,110.9005,-70.9034
180,6001,520,112.6196,-71.6828
180,6001,528,115.2291,-72.2832
180,6001,536,119.6281,-72.3487
180,6001,544,127.0906,-71.7365
180,6001,552,143.4064,-69.8570
180,6001,560,168.0793,-67.0855
180,6001,568,192.7522,-65.4661
180,6001,576,217.4251,-64.8418
180,6001,584,237.0907,-64.6663
180,6001,592,266.3155,-64.5859
180,6001,600,324.0225,-64.5628
180,6001,608,1027.9329,-64.5612
180,6002,0,0.0000,-65.0000
180,6002,8,0.0699,-64.9855
180,6002,16,0.6811,-64.9173
180,6002,24,5.5147,-64.6276
180,6002,32,14.0905,-64.5433
180,6002,40,22.6664,-64.5540
180,6002,48,36.8228,-64.5609
180,6002,56,100.0000,-64.5618
180,6002,64,100.0402,-64.5369
180,6002,72,100.1737,-64.0971
180,6002,80,100.2300,-63.7847
180,6002,88,100.2865,-63.4205
180,6002,96,100.5962,-61.1489
180,6002,104,101.1587,-58.7015
180,6002,112,101.3374,-58.5447
180,6002,120,101.4093,-58.5470
180,6002,128,101.5650,-58.6556
180,6002,136,101.7650,-58.9719
180,6002,144,101.8100,-59.0660
180,6002,152,101.8956,-59.2628
180,6002,160,102.1903,-60.0830
180,6002,168,102.4034,-60.7765
180,6002,176,102.5165,-61.1624
180,6002,184,102.5600,-61.3123
180,6002,192,102.5851,-61.3980
180,6002,200,102.6651,-61.6670
180,6002,208,102.8400,-62.2271
180,6002,216,102.8998,-62.4099
180,6002,224,103.2750,-63.4890
180,6002,232,103.2916,-63.5346
180,6002,240,103.4052,-63.8353
180,6002,248,103.5412,-64.1704
180,6002,256,104.0600,-65.3358
180,6002,264,104.1116,-65.4450
180,6002,272,104.1603,-65.5455
180,6002,280,104.5402,-66.2605
180,6002,288,105.3800,-67.6929
180,6002,296,105.4875,-67.8587
180,6002,304,105.5940,-68.0127
180,6002,312,105.6754,-68.1219
180,6002,320,105.8100,-68.2750
180,6002,328,105.8975,-68.3559
180,6002,336,105.9693,-68.4129
180,6002,344,106.0783,-68.4858
180,6002,352,106.1388,-68.5200
180,6002,360,106.3951,-68.6299
180,6002,368,106.4750,-68.6600
180,6002,376,106.5465,-68.6833
180,6002,384,107.0145,-68.8417
180,6002,392,107.1241,-68.8976
180,6002,400,107.2916,-68.9909
180,6002,408,107.6780,-69.2410
180,6002,416,107.9520,-69.4519
180,6002,424,107.9932,-69.4852
180,6002,432,108.1690,-69.6138
180,6002,440,108.2770,-69.6836
180,6002,448,108.4196,-69.7660
180,6002,456,108.8350,-69.9864
180,6002,464,108.9130,-70.0270
180,6002,472,109.3650,-70.2456
180,6002,480,109.4530,-70.2889
180,6002,488,109.8622,-70.4697
180,6002,496,109.8844,-70.4796
180,6002,504,110.1741,-70.5961
180,6002,512,110.9005,-70.9034
180,6002,520,112.6196,-71.6828
180,6002,528,115.2291,-72.2832
180,6002,536,119.6281,-72.3487
180,6002,544,127.0906,-71.7365
180,6002,552,143.4064,-69.8570
180,6002,560,168.0793,-67.0855
180,6002,568,192.7522,-65.4661
180,6002,576,217.4251,-64.8418
180,6002,584,237.0907,-64.6663
180,6002,592,266.3155,-64.5859
180,6002,600,324.0225,-64.5628
180,6002,608,1027.9329,-64.5612
180,6003,0,0.0000,-65.0000
180,6003,8,0.0699,-64.9855
180,6003,16,0.6811,-64.9173
180,6003,24,5.5147,-64.6276
180,6003,32,14.0905,-64.5433
180,6003,40,22.6664,-64.5540
180,6003,48,36.8228,-64.5609
180,6003,56,100.0000,-64.5618
180,6003,64,100.0402,-64.5369
180,6003,72,100.1737,-64.0971
180,6003,80,100.2300,-63.7847
180,6003,88,100.2865,-63.4205
180,6003,96,100.5962,-61.1489
180,6003,104,101.1587,-58.7015
180,6003,112,101.3374,-58.5447
180,6003,120,101.4093,-58.5470
180,6003,128,101.5650,-58.6556
180,6003,136,101.7650,-58.9719
180,6003,144,101.8100,-59.0660
180,6003,152,101.8956,-59.2628
180,6003,160,102.1903,-60.0830
180,6003,168,102.4034,-60.7765
180,6003,176,102.5165,-61.1624
180,6003,184,102.5600,-61.3123
180,6003,192,102.5851,-61.3980
180,6003,200,102.6651,-61.6670
180,6003,208,102.8400,-62.2271
180,6003,216,102.8998,-62.4099
180,6003,224,103.2750,-63.4890
180,6003,232,103.2916,-63.5346
180,6003,240,103.4052,-63.8353
180,6003,248,103.5412,-64.1704
180,6003,256,104.0600,-65.3358
180,6003,264,104.1116,-65.4450
180,6003,272,104.1603,-65.5455
180,6003,280,104.5402,-66.2605
180,6003,288,105.3800,-67.6929
180,6003,296,105.4875,-67.8587
180,6003,304,105.5940,-68.0127
180,6003,312,105.6754,-68.1219
180,6003,320,105.8100,-68.2750
180,6003,328,105.8975,-68.3559
180,6003,336,105.9693,-68.4129
180,6003,344,106.0783,-68.4858
180,6003,352,106.1388,-68.5200
180,6003,360,106.3951,-68.6299
180,6003,368,106.4750,-68.6600
180,6003,376,106.5465,-68.6833
180,6003,384,107.0145,-68.8417
180,6003,392,107.1241,-68.8976
180,6003,400,107.2916,-68.9909
180,6003,408,107.6780,-69.2410
180,6003,416,107.9520,-69.4519
180,6003,424,107.9932,-69.4852
180,6003,432,108.1690,-69.6138
180,6003,440,108.2770,-69.6836
180,6003,448,108.4196,-69.7660
180,6003,456,108.8350,-69.9864
180,6003,464,108.9130,-70.0270
180,6003,472,109.3650,-70.2456
180,6003,480,109.4530,-70.2889
180,6003,488,109.8622,-70.4697
180,6003,496,109.8844,-70.4796
180,6003,504,110.1741,-70.5961
180,6003,512,110.9005,-70.9034
180,6003,520,112.6196,-71.6828
180,6003,528,115.2291,-72.2832
180,6003,536,119.6281,-72.3487
180,6003,544,127.0906,-71.7365
180,6003,552,143.4064,-69.8570
180,6003,560,168.0793,-67.0855
180,6003,568,192.7522,-65.4661
180,6003,576,217.4251,-64.8418
180,6003,584,237.0907,-64.6663
180,6003,592,266.3155,-64.5859
180,6003,600,324.0225,-64.5628
180,6003,608,1027.9329,-64.5612
180,6004,0,0.0000,-65.0000
180,6004,8,0.0699,-64.9855
180,6004,16,0.6811,-64.9173
180,6004,24,5.5147,-64.6276
180,6004,32,14.0905,-64.5433
180,6004,40,22.6664,-64.5540
180,6004,48,36.8228,-64.5609
180,6004,56,100.0000,-64.5618
180,6004,64,100.0402,-64.5369
180,6004,72,100.1737,-64.0971
180,6004,80,100.2300,-63.7847
180,6004,88,100.2865,-63.4205
180,6004,96,100.5962,-61.1489
180,6004,104,101.1587,-58.7015
180,6004,112,101.3374,-58.5447
180,6004,120,101.4093,-58.5470
180,6004,128,101.5650,-58.6556
180,6004,136,101.7650,-58.9719
180,6004,144,101.8100,-59.0660
180,6004,152,101.8956,-59.2628
180,6004,160,102.1903,-60.0830
180,6004,168,102.4034,-60.7765
180,6004,176,102.5165,-61.1624
180,6004,184,102.5600,-61.3123
180,6004,192,102.5851,-61.3980
180,6004,200,102.6651,-61.6670
180,6004,208,102.8400,-62.2271
180,6004,216,102.8998,-62.4099
180,6004,224,103.2750,-63.4890
180,6004,232,103.2916,-63.5346
180,6004,240,103.4052,-63.8353
180,6004,248,103.5412,-64.1704
180,6004,256,104.0600,-65.3358
180,6004,264,104.1116,-65.4450
180,6004,272,104.1603,-65.5455
180,6004,280,104.5402,-66.2605
180,6004,288,105.3800,-67.6929
180,6004,296,105.4875,-67.8587
180,6004,304,105.5940,-68.0127
180,6004,312,105.6754,-68.1219
180,6004,320,105.8100,-68.2750
180,6004,328,105.8975,-68.3559
180,6004,336,105.9693,-68.4129
180,6004,344,106.0783,-68.4858
180,6004,352,106.1388,-68.5200
180,6004,360,106.3951,-68.6299
180,6004,368,106.4750,-68.6600
180,6004,376,106.5465,-68.6833
180,6004,384,107.0145,-68.8417
180,6004,392,107.1241,-68.8976
180,6004,400,107.2916,-68.9909
180,6004,408,107.6780,-69.2410
180,6004,416,107.9520,-69.4519
180,6004,424,107.9932,-69.4852
180,6004,432,108.1690,-69.6138
180,6004,440,108.2770,-69.6836
180,6004,448,108.4196,-69.7660
180,6004,456,108.8350,-69.9864
180,6004,464,108.9130,-70.0270
180,6004,472,109.3650,-70.2456
180,6004,480,109.4530,-70.2889
180,6004,488,109.8622,-70.4697
180,6004,496,109.8844,-70.4796
180,6004,504,110.1741,-70.5961
180,6004,512,110.9005,-70.9034
180,6004,520,112.6196,-71.6828
180,6004,528,115.2291,-72.2832
180,6004,536,119.6281,-72.3487
180,6004,544,127.0906,-71.7365
180,6004,552,143.4064,-69.8570
180,6004,560,168.0793,-67.0855
180,6004,568,192.7522,-65.4661
180,6004,576,217.4251,-64.8418
180,6004,584,237.0907,-64.6663
180,6004,592,266.3155,-64.5859
180,6004,600,324.0225,-64.5628
180,6004,608,1027.9329,-64.5612
180,6005,0,0.0000,-65.0000
180,6005,8,0.0699,-64.9855
180,6005,16,0.6811,-64.9173
180,6005,24,5.5147,-64.6276
180,6005,32,14.0905,-64.5433
180,6005,40,22.6664,-64.5540
180,6005,48,36.8228,-64.5609
180,6005,56,100.0000,-64.5618
180,6005,64,100.0402,-64.5369
180,6005,72,100.1737,-64.0971
180,6005,80,100.2300,-63.7847
180,6005,88,100.2865,-63.4205
180,6005,96,100.5962,-61.1489
180,6005,104,101.1587,-58.7015
180,6005,112,101.3374,-58.5447
180,6005,120,101.4093,-58.5470
180,6005,128,101.5650,-58.6556
180,6005,136,101.7650,-58.9719
180,6005,144,101.8100,-59.0660
180,6005,152,101.8956,-59.2628
180,6005,160,102.1903,-60.0830
180,6005,168,102.4034,-60.7765
180,6005,176,102.5165,-61.1624
180,6005,184,102.5600,-61.3123
180,6005,192,102.5851,-61.3980
180,6005,200,102.6651,-61.6670
180,6005,208,102.8400,-62.2271
180,6005,216,102.8998,-62.4099
180,6005,224,103.2750,-63.4890
180,6005,232,103.2916,-63.5346
180,6005,240,103.4052,-63.8353
180,6005,248,103.5412,-64.1704
180,6005,256,104.0600,-65.3358
180,6005,264,104.1116,-65.4450
180,6005,272,104.1603,-65.5455
180,6005,280,104.5402,-66.2605
180,6005,288,105.3800,-67.6929
180,6005,296,105.4875,-67.8587
180,6005,304,105.5940,-68.0127
180,6005,312,105.6754,-68.1219
180,6005,320,105.8100,-68.2750
180,6005,328,105.8975,-68.3559
180,6005,336,105.9693,-68.4129
180,6005,344,106.0783,-68.4858
180,6005,352,106.1388,-68.5200
180,6005,360,106.3951,-68.6299
180,6005,368,106.4750,-68.6600
180,6005,376,106.5465,-68.6833
180,6005,384,107.0145,-68.8417
180,6005,392,107.1241,-68.8976
180,6005,400,107.2916,-68.9909
180,6005,408,107.6780,-69.2410
180,6005,416,107.9520,-69.4519
180,6005,424,107.9932,-69.4852
180,6005,432,108.1690,-69.6138
180,6005,440,108.2770,-69.6836
180,6005,448,108.4196,-69.7660
180,6005,456,108.8350,-69.9864
180,6005,464,108.9130,-70.0270
180,6005,472,109.3650,-70.2456
180,6005,480,109.4530,-70.2889
180,6005,488,109.8622,-70.4697
180,6005,496,109.8844,-70.4796
180,6005,504,110.1741,-70.5961
180,6005,512,110.9005,-70.9034
180,6005,520,112.6196,-71.6828
180,6005,528,115.2291,-72.2832
180,6005,536,119.6281,-72.3487
180,6005,544,127.0906,-71.7365
180,6005,552,143.4064,-69.8570
180,6005,560,168.0793,-67.0855
180,6005,568,192.7522,-65.4661
180,6005,576,217.4251,-64.8418
180,6005,584,237.0907,-64.6663
180,6005,592,266.3155,-64.5859
180,6005,600,324.0225,-64.5628
180,6005,608,1027.9329,-64.5612
180,6006,0,0.0000,-65.0000
180,6006,8,0.0699,-64.9855
180,6006,16,0.6811,-64.9173
180,6006,24,5.5147,-64.6276
180,6006,32,14.0905,-64.5433
180,6006,40,22.6664,-64.5540
180,6006,48,36.8228,-64.5609
180,6006,56,100.0000,-64.5618
180,6006,64,100.0402,-64.5369
180,6006,72,100.1737,-64.0971
180,6006,80,100.2300,-63.7847
180,6006,88,100.2865,-63.4205
180,6006,96,100.5962,-61.1489
180,6006,104,101.1587,-58.7015
180,6006,112,101.3374,-58.5447
180,6006,120,101.4093,-58.5470
180,6006,128,101.5650,-58.6556
180,6006,136,101.7650,-58.9719
180,6006,144,101.8100,-59.0660
180,6006,152,101.8956,-59.2628
180,6006,160,102.1903,-60.0830
180,6006,168,102.4034,-60.7765
180,6006,176,102.5165,-61.1624
180,6006,184,102.5600,-61.3123
180,6006,192,102.5851,-61.3980
180,6006,200,102.6651,-61.6670
180,6006,208,102.8400,-62.2271
180,6006,216,102.8998,-62.4099
180,6006,224,103.2750,-63.4890
180,6006,232,103.2916,-63.5346
180,6006,240,103.4052,-63.8353
180,6006,248,103.5412,-64.1704
180,6006,256,104.0600,-65.3358
180,6006,264,104.1116,-65.4450
180,6006,272,104.1603,-65.5455
180,6006,280,104.5402,-66.2605
180,6006,288,105.3800,-67.6929
180,6006,296,105.4875,-67.8587
180,6006,304,105.5940,-68.0127
180,6006,312,105.6754,-68.1219
180,6006,320,105.8100,-68.2750
180,6006,328,105.8975,-68.3559
180,6006,336,105.9693,-68.4129
180,6006,344,106.0783,-68.4858
180,6006,352,106.1388,-68.5200
180,6006,360,106.3951,-68.6299
180,6006,368,106.4750,-68.6600
180,6006,376,106.5465,-68.6833
180,6006,384,107.0145,-68.8417
180,6006,392,107.1241,-68.8976
180,6006,400,107.2916,-68.9909
180,6006,408,107.6780,-69.2410
180,6006,416,107.9520,-69.4519
180,6006,424,107.9932,-69.4852
180,6006,432,108.1690,-69.6138
180,6006,440,108.2770,-69.6836
180,6006,448,108.4196,-69.7660
180,6006,456,108.8350,-69.9864
180,6006,464,108.9130,-70.0270
180,6006,472,109.3650,-70.2456
180,6006,480,109.4530,-70.2889
180,6006,488,109.8622,-70.4697
180,6006,496,109.8844,-70.4796
180,6006,504,110.1741,-70.5961
180,6006,512,110.9005,-70.9034
180,6006,520,112.6196,-71.6828
180,6006,528,115.2291,-72.2832
180,6006,536,119.6281,-72.3487
180,6006,544,127.0906,-71.7365
180,6006,552,143.4064,-69.8570
180,6006,560,168.0793,-67.0855
180,6006,568,192.7522,-65.4661
180,6006,576,217.4251,-64.8418
180,6006,584,237.0907,-64.6663
180,6006,592,266.3155,-64.5859
180,6006,600,324.0225,-64.5628
180,6006,608,1027.9329,-64.5612
180,6007,0,0.0000,-65.0000
180,6007,8,0.0699,-64.9855
180,6007,16,0.6811,-64.9173
180,6007,24,5.5147,-64.6276
180,6007,32,14.0905,-64.5433
180,6007,40,22.6664,-64.5540
180,6007,48,36.8228,-64.5609
180,6007,56,100.0000,-64.5618
180,6007,64,100.0402,-64.5369
180,6007,72,100.1737,-64.0971
180,6007,80,100.2300,-63.7847
180,6007,88,100.2865,-63.4205
180,6007,96,100.5962,-61.1489
180,6007,104,101.1587,-58.7015
180,6007,112,101.3374,-58.5447
180,6007,120,101.4093,-58.5470
180,6007,128,101.5650,-58.6556
180,6007,136,101.7650,-58.9719
180,6007,144,101.8100,-59.0660
180,6007,152,101.8956,-59.2628
180,6007,160,102.1903,-60.0830
180,6007,168,102.4034,-60.7765
180,6007,176,102.5165,-61.1624
180,6007,184,102.5600,-61.3123
180,6007,192,102.5851,-61.3980
180,6007,200,102.6651,-61.6670
180,6007,208,102.8400,-62.2271
180,6007,216,102.8998,-62.4099
180,6007,224,103.2750,-63.4890
180,6007,232,103.2916,-63.5346
180,6007,240,103.4052,-63.8353
180,6007,248,103.5412,-64.1704
180,6007,256,104.0600,-65.3358
180,6007,264,104.1116,-65.4450
180,6007,272,104.1603,-65.5455
180,6007,280,104.5402,-66.2605
180,6007,288,105.3800,-67.6929
180,6007,296,105.4875,-67.8587
180,6007,304,105.5940,-68.0127
180,6007,312,105.6754,-68.1219
180,6007,320,105.8100,-68.2750
180,6007,328,105.8975,-68.3559
180,6007,336,105.9693,-68.4129
180,6007,344,106.0783,-68.4858
180,6007,352,106.1388,-68.5200
180,6007,360,106.3951,-68.6299
180,6007,368,106.4750,-68.6600
180,6007,376,106.5465,-68.6833
180,6007,384,107.0145,-68.8417
180,6007,392,107.1241,-68.8976
180,6007,400,107.2916,-68.9909
180,6007,408,107.6780,-69.2410
180,6007,416,107.9520,-69.4519
180,6007,424,107.9932,-69.4852
180,6007,432,108.1690,-69.6138
180,6007,440,108.2770,-69.6836
180,6007,448,108.4196,-69.7660
180,6007,456,108.8350,-69.9864
180,6007,464,108.9130,-70.0270
180,6007,472,109.3650,-70.2456
180,6007,480,109.4530,-70.2889
180,6007,488,109.8622,-70.4697
180,6007,496,109.8844,-70.4796
180,6007,504,110.1741,-70.5961
180,6007,512,110.9005,-70.9034
180,6007,520,112.6196,-71.6828
180,6007,528,115.2291,-72.2832
180,6007,536,119.6281,-72.3487
180,6007,544,127.0906,-71.7365
180,6007,552,143.4064,-69.8570
180,6007,560,168.0793,-67.0855
180,6007,568,192.7522,-65.4661
180,6007,576,217.4251,-64.8418
180,6007,584,237.0907,-64.6663
180,6007,592,266.3155,-64.5859
180,6007,600,324.0225,-64.5628
180,6007,608,1027.9329,-64.5612
180,6008,0,0.0000,-65.0000
180,6008,8,0.0699,-64.9855
180,6008,16,0.6811,-64.9173
180,6008,24,5.5147,-64.6276
180,6008,32,14.0905,-64.5433
180,6008,40,22.6664,-64.5540
180,6008,48,36.8228,-64.5609
180,6008,56,100.0000,-64.5618
180,6008,64,100.0402,-64.5369
180,6008,72,100.1737,-64.0971
180,6008,80,100.2300,-63.7847
180,6008,88,100.2865,-63.4205
180,6008,96,100.5962,-61.1489
180,6008,104,101.1587,-58.7015
180,6008,112,101.3374,-58.5447
180,6008,120,101.4093,-58.5470
180,6008,128,101.5650,-58.6556
180,6008,136,101.7650,-58.9719
180,6008,144,101.8100,-59.0660
180,6008,152,101.8956,-59.2628
180,6008,160,102.1903,-60.0830
180,6008,168,102.4034,-60.7765
180,6008,176,102.5165,-61.1624
180,6008,184,102.5600,-61.3123
180,6008,192,102.5851,-61.3980
180,6008,200,102.6651,-61.6670
180,6008,208,102.8400,-62.2271
180,6008,216,102.8998,-62.4099
180,6008,224,103.2750,-63.4890
180,6008,232,103.2916,-63.5346
180,6008,240,103.4052,-63.8353
180,6008,248,103.5412,-64.1704
180,6008,256,104.0600,-65.3358
180,6008,264,104.1116,-65.4450
180,6008,272,104.1603,-65.5455
180,6008,280,104.5402,-66.2605
180,6008,288,105.3800,-67.6929
180,6008,296,105.4875,-67.8587
180,6008,304,105.5940,-68.0127
180,6008,312,105.6754,-68.1219
180,6008,320,105.8100,-68.2750
180,6008,328,105.8975,-68.3559
180,6008,336,105.9693,-68.4129
180,6008,344,106.0783,-68.4858
180,6008,352,106.1388,-68.5200
180,6008,360,106.3951,-68.6299
180,6008,368,106.4750,-68.6600
180,6008,376,106.5465,-68.6833
180,6008,384,107.0145,-68.8417
180,6008,392,107.1241,-68.8976
180,6008,400,107.2916,-68.9909
180,6008,408,107.6780,-69.2410
180,6008,416,107.9520,-69.4519
180,6008,424,107.9932,-69.4852
180,6008,432,108.1690,-69.6138
180,6008,440,108.2770,-69.6836
180,6008,448,108.4196,-69.7660
180,6008,456,108.8350,-69.9864
180,6008,464,108.9130,-70.0270
180,6008,472,109.3650,-70.2456
180,6008,480,109.4530,-70.2889
180,6008,488,109.8622,-70.4697
180,6008,496,109.8844,-70.4796
180,6008,504,110.1741,-70.5961
180,6008,512,110.9005,-70.9034
180,6008,520,112.6196,-71.6828
180,6008,528,115.2291,-72.2832
180,6008,536,119.6281,-72.3487
180,6008,544,127.0906,-71.7365
180,6008,552,143.4064,-69.8570
180,6008,560,168.0793,-67.0855
180,6008,568,192.7522,-65.4661
180,6008,576,217.4251,-64.8418
180,6008,584,237.0907,-64.6663
180,6008,592,266.3155,-64.5859
180,6008,600,324.0225,-64.5628
180,6008,608,1027.9329,-64.5612
180,6009,0,0.0000,-65.0000
180,6009,8,0.0699,-64.9855
180,6009,16,0.6811,-64.9173
180,6009,24,5.5147,-64.6276
180,6009,32,14.0905,-64.5433
180,6009,40,22.6664,-64.5540
180,6009,48,36.8228,-64.5609
180,6009,56,100.0000,-64.5618
180,6009,64,100.0402,-64.5369
180,6009,72,100.1737,-64.0971
180,6009,80,100.2300,-63.7847
180,6009,88,100.2865,-63.4205
180,6009,96,100.5962,-61.1489
180,6009,104,101.1587,-58.7015
180,6009,112,101.3374,-58.5447
180,6009,120,101.4093,-58.5470
180,6009,128,101.5650,-58.6556
180,6009,136,101.7650,-58.9719
180,6009,144,101.8100,-59.0660
180,6009,152,101.8956,-59.2628
180,6009,160,102.1903,-60.0830
180,6009,168,102.4034,-60.7765
180,6009,176,102.5165,-61.1624
180,6009,184,102.5600,-61.3123
180,6009,192,102.5851,-61.3980
180,6009,200,102.6651,-61.6670
180,6009,208,102.8400,-62.2271
180,6009,216,102.8998,-62.4099
180,6009,224,103.2750,-63.4890
180,6009,232,103.2916,-63.5346
180,6009,240,103.4052,-63.8353
180,6009,248,103.5412,-64.1704
180,6009,256,104.0600,-65.3358
180,6009,264,104.1116,-65.4450
180,6009,272,104.1603,-65.5455
180,6009,280,104.5402,-66.2605
180,6009,288,105.3800,-67.6929
180,6009,296,105.4875,-67.8587
180,6009,304,105.5940,-68.0127
180,6009,312,105.6754,-68.1219
180,6009,320,105.8100,-68.2750
180,6009,328,105.8975,-68.3559
180,6009,336,105.9693,-68.4129
180,6009,344,106.0783,-68.4858
180,6009,352,106.1388,-68.5200
180,6009,360,106.3951,-68.6299
180,6009,368,106.4750,-68.6600
180,6009,376,106.5465,-68.6833
180,6009,384,107.0145,-68.8417
180,6009,392,107.1241,-68.8976
180,6009,400,107.2916,-68.9909
180,6009,408,107.6780,-69.2410
180,6009,416,107.9520,-69.4519
180,6009,424,107.9932,-69.4852
180,6009,432,108.1690,-69.6138
180,6009,440,108.2770,-69.6836
180,6009,448,108.4196,-69.7660
180,6009,456,108.8350,-69.9864
180,6009,464,108.9130,-70.0270
180,6009,472,109.3650,-70.2456
180,6009,480,109.4530,-70.2889
180,6009,488,109.8622,-70.4697
180,6009,496,109.8844,-70.4796
180,6009,504,110.1741,-70.5961
180,6009,512,110.9005,-70.9034
180,6009,520,112.6196,-71.6828
180,6009,528,115.2291,-72.2832
180,6009,536,119.6281,-72.3487
180,6009,544,127.0906,-71.7365
180,6009,552,143.4064,-69.8570
180,6009,560,168.0793,-67.0855
180,6009,568,192.7522,-65.4661
180,6009,576,217.4251,-64.8418
180,6009,584,237.0907,-64.6663
180,6009,592,266.3155,-64.5859
180,6009,600,324.0225,-64.5628
180,6009,608,1027.9329,-64.5612
180,6010,0,0.0000,-65.0000
180,6010,8,0.0699,-64.9855
180,6010,16,0.6811,-64.9173
180,6010,24,5.5147,-64.6276
180,6010,32,14.0905,-64.5433
180,6010,40,22.6664,-64.5540
180,6010,48,36.8228,-64.5609
180,6010,56,100.0000,-64.5618
180,6010,64,100.0402,-64.5369
180,6010,72,100.1737,-64.0971
180,6010,80,100.2300,-63.7847
180,6010,88,100.2865,-63.4205
180,6010,96,100.5962,-61.1489
180,6010,104,101.1587,-58.7015
180,6010,112,101.3374,-58.5447
180,6010,120,101.4093,-58.5470
180,6010,128,101.5650,-58.6556
180,6010,136,101.7650,-58.9719
180,6010,144,101.8100,-59.0660
180,6010,152,101.8956,-59.2628
180,6010,160,102.1903,-60.0830
180,6010,168,102.4034,-60.7765
180,6010,176,102.5165,-61.1624
180,6010,184,102.5600,-61.3123
180,6010,192,102.5851,-61.3980
180,6010,200,102.6651,-61.6670
180,6010,208,102.8400,-62.2271
180,6010,216,102.8998,-62.4099
180,6010,224,103.2750,-63.4890
180,6010,232,103.2916,-63.5346
180,6010,240,103.4052,-63.8353
180,6010,248,103.5412,-64.1704
180,6010,256,104.0600,-65.3358
180,6010,264,104.1116,-65.4450
180,6010,272,104.1603,-65.5455
180,6010,280,104.5402,-66.2605
180,6010,288,105.3800,-67.6929
180,6010,296,105.4875,-67.8587
180,6010,304,105.5940,-68.0127
180,6010,312,105.6754,-68.1219
180,6010,320,105.8100,-68.2750
180,6010,328,105.8975,-68.3559
180,6010,336,105.9693,-68.4129
180,6010,344,106.0783,-68.4858
180,6010,352,106.1388,-68.5200
180,6010,360,106.3951,-68.6299
180,6010,368,106.4750,-68.6600
180,6010,376,106.5465,-68.6833
180,6010,384,107.0145,-68.8417
180,6010,392,107.1241,-68.8976
180,6010,400,107.2916,-68.9909
180,6010,408,107.6780,-69.2410
180,6010,416,107.9520,-69.4519
180,6010,424,107.9932,-69.4852
180,6010,432,108.1690,-69.6138
180,6010,440,108.2770,-69.6836
180,6010,448,108.4196,-69.7660
180,6010,456,108.8350,-69.9864
180,6010,464,108.9130,-70.0270
180,6010,472,109.3650,-70.2456
180,6010,480,109.4530,-70.2889
180,6010,488,109.8622,-70.4697
180,6010,496,109.8844,-70.4796
180,6010,504,110.1741,-70.5961
180,6010,512,110.9005,-70.9034
180,6010,520,112.6196,-71.6828
180,6010,528,115.2291,-72.2832
180,6010,536,119.6281,-72.3487
180,6010,544,127.0906,-71.7365
180,6010,552,143.4064,-69.8570
180,6010,560,168.0793,-67.0855
180,6010,568,192.7522,-65.4661
180,6010,576,217.4251,-64.8418
180,6010,584,237.0907,-64.6663
180,6010,592,266.3155,-64.5859
180,6010,600,324.0225,-64.5628
180,6010,608,1027.9329,-64.5612
210,7001,0,0.0000,-65.0000
210,7001,8,0.0699,-64.9855
210,7001,16,0.6811,-64.9173
210,7001,24,5.5147,-64.6276
210,7001,32,14.0905,-64.5433
210,7001,40,22.6664,-64.5540
210,7001,48,36.8228,-64.5609
210,7001,56,100.0000,-64.5618
210,7001,64,100.0392,-64.5361
210,7001,72,100.1624,-64.1088
210,7001,80,100.3378,-62.9253
210,7001,88,100.5278,-61.4239
210,7001,96,100.8005,-59.5961
210,7001,104,101.2054,-58.2349
210,7001,112,101.3177,-58.1253
210,7001,120,101.4344,-58.1067
210,7001,128,101.7892,-58.5281
210,7001,136,101.8887,-58.7489
210,7001,144,101.9261,-58.8410
210,7001,152,102.0540,-59.1834
210,7001,160,102.0747,-59.2425
210,7001,168,102.3333,-60.0289
210,7001,176,102.4014,-60.2501
210,7001,184,102.8437,-61.7516
210,7001,192,102.9083,-61.9745
210,7001,200,103.4915,-63.8700
210,7001,208,103.5460,-64.0335
210,7001,216,103.9096,-65.0339
210,7001,224,104.5045,-66.4227
210,7001,232,104.5670,-66.5525
210,7001,240,104.7470,-66.9044
210,7001,248,105.0240,-67.3696
210,7001,256,105.2053,-67.6417
210,7001,264,105.4305,-67.9466
210,7001,272,105.5424,-68.0861
210,7001,280,105.9313,-68.5015
210,7001,288,106.2686,-68.8363
210,7001,296,106.3786,-68.9380
210,7001,304,106.4342,-68.9849
210,7001,312,107.0014,-69.3822
210,7001,320,107.2752,-69.5746
210,7001,328,107.5656,-69.7727
210,7001,336,108.1488,-70.1368
210,7001,344,108.2223,-70.1794
210,7001,352,108.2821,-70.2113
210,7001,360,108.3266,-70.2329
210,7001,368,108.4279,-70.2698
210,7001,376,108.6183,-70.3022
210,7001,384,108.8359,-70.3085
210,7001,392,109.0014,-70.3049
210,7001,400,109.1897,-70.2916
210,7001,408,109.2341,-70.2881
210,7001,416,109.3843,-70.2707
210,7001,424,109.4293,-70.2657
210,7001,432,109.5149,-70.2517
210,7001,440,109.8172,-70.1901
210,7001,448,109.9447,-70.1715
210,7001,456,110.5823,-70.1910
210,7001,464,110.8444,-70.2693
210,7001,472,111.1610,-70.3805
210,7001,480,111.2468,-70.4110
210,7001,488,111.6672,-70.5443
210,7001,496,112.1584,-70.7120
210,7001,504,112.2347,-70.7400
210,7001,512,112.6670,-70.8740
210,7001,520,113.5139,-71.1572
210,7001,528,113.5499,-71.1703
210,7001,536,113.8385,-71.2592
210,7001,544,114.7133,-71.4585
210,7001,552,116.6453,-71.8810
210,7001,560,119.8000,-72.1109
210,7001,568,119.8700,-72.1097
210,7001,576,120.1304,-72.0832
210,7001,584,120.2132,-72.0681
210,7001,592,120.6469,-71.9410
210,7001,600,121.6766,-71.7173
210,7001,608,123.9301,-71.7005
210,7001,616,127.6704,-71.5811
210,7001,624,133.9312,-70.9878
210,7001,632,147.4450,-69.3761
210,7001,640,160.9587,-67.8100
210,7001,648,174.4725,-66.5501
210,7001,656,191.9154,-65.5058
210,7001,664,211.5629,-64.9353
210,7001,672,230.8849,-64.7054
210,7001,680,282.3583,-64.5715
210,7001,688,346.4705,-64.5617
210,7001,696,457.9751,-64.5613
210,7001,704,998.3650,-64.5610
210,7002,0,0.0000,-65.0000
210,7002,8,0.0699,-64.9855
210,7002,16,0.6811,-64.9173
210,7002,24,5.5147,-64.6276
210,7002,32,14.0905,-64.5433
210,7002,40,22.6664,-64.5540
210,7002,48,36.8228,-64.5609
210,7002,56,100.0000,-64.5618
210,7002,64,100.0392,-64.5361
210,7002,72,100.1624,-64.1088
210,7002,80,100.3378,-62.9253
210,7002,88,100.5278,-61.4239
210,7002,96,100.8005,-59.5961
210,7002,104,101.2054,-58.2349
210,7002,112,101.3177,-58.1253
210,7002,120,101.4344,-58.1067
210,7002,128,101.7892,-58.5281
210,7002,136,101.8887,-58.7489
210,7002,144,101.9261,-58.8410
210,7002,152,102.0540,-59.1834
210,7002,160,102.0747,-59.2425
210,7002,168,102.3333,-60.0289
210,7002,176,102.4014,-60.2501
210,7002,184,102.8437,-61.7516
210,7002,192,102.9083,-61.9745
210,7002,200,103.4915,-63.8700
210,7002,208,103.5460,-64.0335
210,7002,216,103.9096,-65.0339
210,7002,224,104.5045,-66.4227
210,7002,232,104.5670,-66.5525
210,7002,240,104.7470,-66.9044
210,7002,248,105.0240,-67.3696
210,7002,256,105.2053,-67.6417
210,7002,264,105.4305,-67.9466
210,7002,272,105.5424,-68.0861
210,7002,280,105.9313,-68.5015
210,7002,288,106.2686,-68.8363
210,7002,296,106.3786,-68.9380
210,7002,304,106.4342,-68.9849
210,7002,312,107.0014,-69.3822
210,7002,320,107.2752,-69.5746
210,7002,328,107.5656,-69.7727
210,7002,336,108.1488,-70.1368
210,7002,344,108.2223,-70.1794
210,7002,352,108.2821,-70.2113
210,7002,360,108.3266,-70.2329
210,7002,368,108.4279,-70.2698
210,7002,376,108.6183,-70.3022
210,7002,384,108.8359,-70.3085
210,7002,392,109.0014,-70.3049
210,7002,400,109.1897,-70.2916
210,7002,408,109.2341,-70.2881
210,7002,416,109.3843,-70.2707
210,7002,424,109.4293,-70.2657
210,7002,432,109.5149,-70.2517
210,7002,440,109.8172,-70.1901
210,7002,448,109.9447,-70.1715
210,7002,456,110.5823,-70.1910
210,7002,464,110.8444,-70.2693
210,7002,472,111.1610,-70.3805
210,7002,480,111.2468,-70.4110
210,7002,488,111.6672,-70.5443
210,7002,496,112.1584,-70.7120
210,7002,504,112.2347,-70.7400
210,7002,512,112.6670,-70.8740
210,7002,520,113.5139,-71.1572
210,7002,528,113.5499,-71.1703
210,7002,536,113.8385,-71.2592
210,7002,544,114.7133,-71.4585
210,7002,552,116.6453,-71.8810
210,7002,560,119.8000,-72.1109
210,7002,568,119.8700,-72.1097
210,7002,576,120.1304,-72.0832
210,7002,584,120.2132,-72.0681
210,7002,592,120.6469,-71.9410
210,7002,600,121.6766,-71.7173
210,7002,608,123.9301,-71.7005
210,7002,616,127.6704,-71.5811
210,7002,624,133.9312,-70.9878
210,7002,632,147.4450,-69.3761
210,7002,640,160.9587,-67.8100
210,7002,648,174.4725,-66.5501
210,7002,656,191.9154,-65.5058
210,7002,664,211.5629,-64.9353
210,7002,672,230.8849,-64.7054
210,7002,680,282.3583,-64.5715
210,7002,688,346.4705,-64.5617
210,7002,696,457.9751,-64.5613
210,7002,704,998.3650,-64.5610
210,7003,0,0.0000,-65.0000
210,7003,8,0.0699,-64.9855
210,7003,16,0.6811,-64.9173
210,7003,24,5.5147,-64.6276
210,7003,32,14.0905,-64.5433
210,7003,40,22.6664,-64.5540
210,7003,48,36.8228,-64.5609
210,7003,56,100.0000,-64.5618
210,7003,64,100.0392,-64.5361
210,7003,72,100.1624,-64.1088
210,7003,80,100.3378,-62.9253
210,7003,88,100.5278,-61.4239
210,7003,96,100.8005,-59.5961
210,7003,104,101.2054,-58.2349
210,7003,112,101.3177,-58.1253
210,7003,120,101.4344,-58.1067
210,7003,128,101.7892,-58.5281
210,7003,136,101.8887,-58.7489
210,7003,144,101.9261,-58.8410
210,7003,152,102.0540,-59.1834
210,7003,160,102.0747,-59.2425
210,7003,168,102.3333,-60.0289
210,7003,176,102.4014,-60.2501
210,7003,184,102.8437,-61.7516
210,7003,192,102.9083,-61.9745
210,7003,200,103.4915,-63.8700
210,7003,208,103.5460,-64.0335
210,7003,216,103.9096,-65.0339
210,7003,224,104.5045,-66.4227
210,7003,232,104.5670,-66.5525
210,7003,240,104.7470,-66.9044
210,7003,248,105.0240,-67.3696
210,7003,256,105.2053,-67.6417
210,7003,264,105.4305,-67.9466
210,7003,272,105.5424,-68.0861
210,7003,280,105.9313,-68.5015
210,7003,288,106.2686,-68.8363
210,7003,296,106.3786,-68.9380
210,7003,304,106.4342,-68.9849
210,7003,312,107.0014,-69.3822
210,7003,320,107.2752,-69.5746
210,7003,328,107.5656,-69.7727
210,7003,336,108.1488,-70.1368
210,7003,344,108.2223,-70.1794
210,7003,352,108.2821,-70.2113
210,7003,360,108.3266,-70.2329
210,7003,368,108.4279,-70.2698
210,7003,376,108.6183,-70.3022
210,7003,384,108.8359,-70.3085
210,7003,392,109.0014,-70.3049
210,7003,400,109.1897,-70.2916
210,7003,408,109.2341,-70.2881
210,7003,416,109.3843,-70.2707
210,7003,424,109.4293,-70.2657
210,7003,432,109.5149,-70.2517
210,7003,440,109.8172,-70.1901
210,7003,448,109.9447,-70.1715
210,7003,456,110.5823,-70.1910
210,7003,464,110.8444,-70.2693
210,7003,472,111.1610,-70.3805
210,7003,480,111.2468,-70.4110
210,7003,488,111.6672,-70.5443
210,7003,496,112.1584,-70.7120
210,7003,504,112.2347,-70.7400
210,7003,512,112.6670,-70.8740
210,7003,520,113.5139,-71.1572
210,7003,528,113.5499,-71.1703
210,7003,536,113.8385,-71.2592
210,7003,544,114.7133,-71.4585
210,7003,552,116.6453,-71.8810
210,7003,560,119.8000,-72.1109
210,7003,568,119.8700,-72.1097
210,7003,576,120.1304,-72.0832
210,7003,584,120.2132,-72.0681
210,7003,592,120.6469,-71.9410
210,7003,600,121.6766,-71.7173
210,7003,608,123.9301,-71.7005
210,7003,616,127.6704,-71.5811
210,7003,624,133.9312,-70.9878
210,7003,632,147.4450,-69.3761
210,7003,640,160.9587,-67.8100
210,7003,648,174.4725,-66.5501
210,7003,656,191.9154,-65.5058
210,7003,664,211.5629,-64.9353
210,7003,672,230.8849,-64.7054
210,7003,680,282.3583,-64.5715
210,7003,688,346.4705,-64.5617
210,7003,696,457.9751,-64.5613
210,7003,704,998.3650,-64.5610
210,7004,0,0.0000,-65.0000
210,7004,8,0.0699,-64.9855
210,7004,16,0.6811,-64.9173
210,7004,24,5.5147,-64.6276
210,7004,32,14.0905,-64.5433
210,7004,40,22.6664,-64.5540
210,7004,48,36.8228,-64.5609
210,7004,56,100.0000,-64.5618
210,7004,64,100.0392,-64.5361
210,7004,72,100.1624,-64.1088
210,7004,80,100.3378,-62.9253
210,7004,88,100.5278,-61.4239
210,7004,96,100.8005,-59.5961
210,7004,104,101.2054,-58.2349
210,7004,112,101.3177,-58.1253
210,7004,120,101.4344,-58.1067
210,7004,128,101.7892,-58.5281
210,7004,136,101.8887,-58.7489
210,7004,144,101.9261,-58.8410
210,7004,152,102.0540,-59.1834
210,7004,160,102.0747,-59.2425
210,7004,168,102.3333,-60.0289
210,7004,176,102.4014,-60.2501
210,7004,184,102.8437,-61.7516
210,7004,192,102.9083,-61.9745
210,7004,200,103.4915,-63.8700
210,7004,208,103.5460,-64.0335
210,7004,216,103.9096,-65.0339
210,7004,224,104.5045,-66.4227
210,7004,232,104.5670,-66.5525
210,7004,240,104.7470,-66.9044
210,7004,248,105.0240,-67.3696
210,7004,256,105.2053,-67.6417
210,7004,264,105.4305,-67.9466
210,7004,272,105.5424,-68.0861
210,7004,280,105.9313,-68.5015
210,7004,288,106.2686,-68.8363
210,7004,296,106.3786,-68.9380
210,7004,304,106.4342,-68.9849
210,7004,312,107.0014,-69.3822
210,7004,320,107.2752,-69.5746
210,7004,328,107.5656,-69.7727
210,7004,336,108.1488,-70.1368
210,7004,344,108.2223,-70.1794
210,7004,352,108.2821,-70.2113
210,7004,360,108.3266,-70.2329
210,7004,368,108.4279,-70.2698
210,7004,376,108.6183,-70.3022
210,7004,384,108.8359,-70.3085
210,7004,392,109.0014,-70.3049
210,7004,400,109.1897,-70.2916
210,7004,408,109.2341,-70.2881
210,7004,416,109.3843,-70.2707
210,7004,424,109.4293,-70.2657
210,7004,432,109.5149,-70.2517
210,7004,440,109.8172,-70.1901
210,7004,448,109.9447,-70.1715
210,7004,456,110.5823,-70.1910
210,7004,464,110.8444,-70.2693
210,7004,472,111.1610,-70.3805
210,7004,480,111.2468,-70.4110
210,7004,488,111.6672,-70.5443
210,7004,496,112.1584,-70.7120
210,7004,504,112.2347,-70.7400
210,7004,512,112.6670,-70.8740
210,7004,520,113.5139,-71.1572
210,7004,528,113.5499,-71.1703
210,7004,536,113.8385,-71.2592
210,7004,544,114.7133,-71.4585
210,7004,552,116.6453,-71.8810
210,7004,560,119.8000,-72.1109
210,7004,568,119.8700,-72.1097
210,7004,576,120.1304,-72.0832
210,7004,584,120.2132,-72.0681
210,7004,592,120.6469,-71.9410
210,7004,600,121.6766,-71.7173
210,7004,608,123.9301,-71.7005
210,7004,616,127.6704,-71.5811
210,7004,624,133.9312,-70.9878
210,7004,632,147.4450,-69.3761
210,7004,640,160.9587,-67.8100
210,7004,648,174.4725,-66.5501
210,7004,656,191.9154,-65.5058
210,7004,664,211.5629,-64.9353
210,7004,672,230.8849,-64.7054
210,7004,680,282.3583,-64.5715
210,7004,688,346.4705,-64.5617
210,7004,696,457.9751,-64.5613
210,7004,704,998.3650,-64.5610
210,7005,0,0.0000,-65.0000
210,7005,8,0.0699,-64.9855
210,7005,16,0.6811,-64.9173
210,7005,24,5.5147,-64.6276
210,7005,32,14.0905,-64.5433
210,7005,40,22.6664,-64.5540
210,7005,48,36.8228,-64.5609
210,7005,56,100.0000,-64.5618
210,7005,64,100.0392,-64.5361
210,7005,72,100.1624,-64.1088
210,7005,80,100.3378,-62.9253
210,7005,88,100.5278,-61.4239
210,7005,96,100.8005,-59.5961
210,7005,104,101.2054,-58.2349
210,7005,112,101.3177,-58.1253
210,7005,120,101.4344,-58.1067
210,7005,128,101.7892,-58.5281
210,7005,136,101.8887,-58.7489
210,7005,144,101.9261,-58.8410
210,7005,152,102.0540,-59.1834
210,7005,160,102.0747,-59.2425
210,7005,168,102.3333,-60.0289
210,7005,176,102.4014,-60.2501
210,7005,184,102.8437,-61.7516
210,7005,192,102.9083,-61.9745
210,7005,200,103.4915,-63.8700
210,7005,208,103.5460,-64.0335
210,7005,216,103.9096,-65.0339
210,7005,224,104.5045,-66.4227
210,7005,232,104.5670,-66.5525
210,7005,240,104.7470,-66.9044
210,7005,248,105.0240,-67.3696
210,7005,256,105.2053,-67.6417
210,7005,264,105.4305,-67.9466
210,7005,272,105.5424,-68.0861
210,7005,280,105.9313,-68.5015
210,7005,288,106.2686,-68.8363
210,7005,296,106.3786,-68.9380
210,7005,304,106.4342,-68.9849
210,7005,312,107.0014,-69.3822
210,7005,320,107.2752,-69.5746
210,7005,328,107.5656,-69.7727
210,7005,336,108.1488,-70.1368
210,7005,344,108.2223,-70.1794
210,7005,352,108.2821,-70.2113
210,7005,360,108.3266,-70.2329
210,7005,368,108.4279,-70.2698
210,7005,376,108.6183,-70.3022
210,7005,384,108.8359,-70.3085
210,7005,392,109.0014,-70.3049
210,7005,400,109.1897,-70.2916
210,7005,408,109.2341,-70.2881
210,7005,416,109.3843,-70.2707
210,7005,424,109.4293,-70.2657
210,7005,432,109.5149,-70.2517
210,7005,440,109.8172,-70.1901
210,7005,448,109.9447,-70.1715
210,7005,456,110.5823,-70.1910
210,7005,464,110.8444,-70.2693
210,7005,472,111.1610,-70.3805
210,7005,480,111.2468,-70.4110
210,7005,488,111.6672,-70.5443
210,7005,496,112.1584,-70.7120
210,7005,504,112.2347,-70.7400
210,7005,512,112.6670,-70.8740
210,7005,520,113.5139,-71.1572
210,7005,528,113.5499,-71.1703
210,7005,536,113.8385,-71.2592
210,7005,544,114.7133,-71.4585
210,7005,552,116.6453,-71.8810
210,7005,560,119.8000,-72.1109
210,7005,568,119.8700,-72.1097
210,7005,576,120.1304,-72.0832
210,7005,584,120.2132,-72.0681
210,7005,592,120.6469,-71.9410
210,7005,600,121.6766,-71.7173
210,7005,608,123.9301,-71.7005
210,7005,616,127.6704,-71.5811
210,7005,624,133.9312,-70.9878
210,7005,632,147.4450,-69.3761
210,7005,640,160.9587,-67.8100
210,7005,648,174.4725,-66.5501
210,7005,656,191.9154,-65.5058
210,7005,664,211.5629,-64.9353
210,7005,672,230.8849,-64.7054
210,7005,680,282.3583,-64.5715
210,7005,688,346.4705,-64.5617
210,7005,696,457.9751,-64.5613
210,7005,704,998.3650,-64.5610
210,7006,0,0.0000,-65.0000
210,7006,8,0.0699,-64.9855
210,7006,16,0.6811,-64.9173
210,7006,24,5.5147,-64.6276
210,7006,32,14.0905,-64.5433
210,7006,40,22.6664,-64.5540
210,7006,48,36.8228,-64.5609
210,7006,56,100.0000,-64.5618
210,7006,64,100.0392,-64.5361
210,7006,72,100.1624,-64.1088
210,7006,80,100.3378,-62.9253
210,7006,88,100.5278,-61.4239
210,7006,96,100.8005,-59.5961
210,7006,104,101.2054,-58.2349
210,7006,112,101.3177,-58.1253
210,7006,120,101.4344,-58.1067
210,7006,128,101.7892,-58.5281
210,7006,136,101.8887,-58.7489
210,7006,144,101.9261,-58.8410
210,7006,152,102.0540,-59.1834
210,7006,160,102.0747,-59.2425
210,7006,168,102.3333,-60.0289
210,7006,176,102.4014,-60.2501
210,7006,184,102.8437,-61.7516
210,7006,192,102.9083,-61.9745
210,7006,200,103.4915,-63.8700
210,7006,208,103.5460,-64.0335
210,7006,216,103.9096,-65.0339
210,7006,224,104.5045,-66.4227
210,7006,232,104.5670,-66.5525
210,7006,240,104.7470,-66.9044
210,7006,248,105.0240,-67.3696
210,7006,256,105.2053,-67.6417
210,7006,264,105.4305,-67.9466
210,7006,272,105.5424,-68.0861
210,7006,280,105.9313,-68.5015
210,7006,288,106.2686,-68.8363
210,7006,296,106.3786,-68.9380
210,7006,304,106.4342,-68.9849
210,7006,312,107.0014,-69.3822
210,7006,320,107.2752,-69.5746
210,7006,328,107.5656,-69.7727
210,7006,336,108.1488,-70.1368
210,7006,344,108.2223,-70.1794
210,7006,352,108.2821,-70.2113
210,7006,360,108.3266,-70.2329
210,7006,368,108.4279,-70.2698
210,7006,376,108.6183,-70.3022
210,7006,384,108.8359,-70.3085
210,7006,392,109.0014,-70.3049
210,7006,400,109.1897,-70.2916
210,7006,408,109.2341,-70.2881
210,7006,416,109.3843,-70.2707
210,7006,424,109.4293,-70.2657
210,7006,432,109.5149,-70.2517
210,7006,440,109.8172,-70.1901
210,7006,448,109.9447,-70.1715
210,7006,456,110.5823,-70.1910
210,7006,464,110.8444,-70.2693
210,7006,472,111.1610,-70.3805
210,7006,480,111.2468,-70.4110
210,7006,488,111.6672,-70.5443
210,7006,496,112.1584,-70.7120
210,7006,504,112.2347,-70.7400
210,7006,512,112.6670,-70.8740
210,7006,520,113.5139,-71.1572
210,7006,528,113.5499,-71.1703
210,7006,536,113.8385,-71.2592
210,7006,544,114.7133,-71.4585
210,7006,552,116.6453,-71.8810
210,7006,560,119.8000,-72.1109
210,7006,568,119.8700,-72.1097
210,7006,576,120.1304,-72.0832
210,7006,584,120.2132,-72.0681
210,7006,592,120.6469,-71.9410
210,7006,600,121.6766,-71.7173
210,7006,608,123.9301,-71.7005
210,7006,616,127.6704,-71.5811
210,7006,624,133.9312,-70.9878
210,7006,632,147.4450,-69.3761
210,7006,640,160.9587,-67.8100
210,7006,648,174.4725,-66.5501
210,7006,656,191.9154,-65.5058
210,7006,664,211.5629,-64.9353
210,7006,672,230.8849,-64.7054
210,7006,680,282.3583,-64.5715
210,7006,688,346.4705,-64.5617
210,7006,696,457.9751,-64.5613
210,7006,704,998.3650,-64.5610
210,7007,0,0.0000,-65.0000
210,7007,8,0.0699,-64.9855
210,7007,16,0.6811,-64.9173
210,7007,24,5.5147,-64.6276
210,7007,32,14.0905,-64.5433
210,7007,40,22.6664,-64.5540
210,7007,48,36.8228,-64.5609
210,7007,56,100.0000,-64.5618
210,7007,64,100.0392,-64.5361
210,7007,72,100.1624,-64.1088
210,7007,80,100.3378,-62.9253
210,7007,88,100.5278,-61.4239
210,7007,96,100.8005,-59.5961
210,7007,104,101.2054,-58.2349
210,7007,112,101.3177,-58.1253
210,7007,120,101.4344,-58.1067
210,7007,128,101.7892,-58.5281
210,7007,136,101.8887,-58.7489
210,7007,144,101.9261,-58.8410
210,7007,152,102.0540,-59.1834
210,7007,160,102.0747,-59.2425
210,7007,168,102.3333,-60.0289
210,7007,176,102.4014,-60.2501
210,7007,184,102.8437,-61.7516
210,7007,192,102.9083,-61.9745
210,7007,200,103.4915,-63.8700
210,7007,208,103.5460,-64.0335
210,7007,216,103.9096,-65.0339
210,7007,224,104.5045,-66.4227
210,7007,232,104.5670,-66.5525
210,7007,240,104.7470,-66.9044
210,7007,248,105.0240,-67.3696
210,7007,256,105.2053,-67.6417
210,7007,264,105.4305,-67.9466
210,7007,272,105.5424,-68.0861
210,7007,280,105.9313,-68.5015
210,7007,288,106.2686,-68.8363
210,7007,296,106.3786,-68.9380
210,7007,304,106.4342,-68.9849
210,7007,312,107.0014,-69.3822
210,7007,320,107.2752,-69.5746
210,7007,328,107.5656,-69.7727
210,7007,336,108.1488,-70.1368
210,7007,344,108.2223,-70.1794
210,7007,352,108.2821,-70.2113
210,7007,360,108.3266,-70.2329
210,7007,368,108.4279,-70.2698
210,7007,376,108.6183,-70.3022
210,7007,384,108.8359,-70.3085
210,7007,392,109.0014,-70.3049
210,7007,400,109.1897,-70.2916
210,7007,408,109.2341,-70.2881
210,7007,416,109.3843,-70.2707
210,7007,424,109.4293,-70.2657
210,7007,432,109.5149,-70.2517
210,7007,440,109.8172,-70.1901
210,7007,448,109.9447,-70.1715
210,7007,456,110.5823,-70.1910
210,7007,464,110.8444,-70.2693
210,7007,472,111.1610,-70.3805
210,7007,480,111.2468,-70.4110
210,7007,488,111.6672,-70.5443
210,7007,496,112.1584,-70.7120
210,7007,504,112.2347,-70.7400
210,7007,512,112.6670,-70.8740
210,7007,520,113.5139,-71.1572
210,7007,528,113.5499,-71.1703
210,7007,536,113.8385,-71.2592
210,7007,544,114.7133,-71.4585
210,7007,552,116.6453,-71.8810
210,7007,560,119.8000,-72.1109
210,7007,568,119.8700,-72.1097
210,7007,576,120.1304,-72.0832
210,7007,584,120.2132,-72.0681
210,7007,592,120.6469,-71.9410
210,7007,600,121.6766,-71.7173
210,7007,608,123.9301,-71.7005
210,7007,616,127.6704,-71.5811
210,7007,624,133.9312,-70.9878
210,7007,632,147.4450,-69.3761
210,7007,640,160.9587,-67.8100
210,7007,648,174.4725,-66.5501
210,7007,656,191.9154,-65.5058
210,7007,664,211.5629,-64.9353
210,7007,672,230.8849,-64.7054
210,7007,680,282.3583,-64.5715
210,7007,688,346.4705,-64.5617
210,7007,696,457.9751,-64.5613
210,7007,704,998.3650,-64.5610
210,7008,0,0.0000,-65.0000
210,7008,8,0.0699,-64.9855
210,7008,16,0.6811,-64.9173
210,7008,24,5.5147,-64.6276
210,7008,32,14.0905,-64.5433
210,7008,40,22.6664,-64.5540
210,7008,48,36.8228,-64.5609
210,7008,56,100.0000,-64.5618
210,7008,64,100.0392,-64.5361
210,7008,72,100.1624,-64.1088
210,7008,80,100.3378,-62.9253
210,7008,88,100.5278,-61.4239
210,7008,96,100.8005,-59.5961
210,7008,104,101.2054,-58.2349
210,7008,112,101.3177,-58.1253
210,7008,120,101.4344,-58.1067
210,7008,128,101.7892,-58.5281
210,7008,136,101.8887,-58.7489
210,7008,144,101.9261,-58.8410
210,7008,152,102.0540,-59.1834
210,7008,160,102.0747,-59.2425
210,7008,168,102.3333,-60.0289
210,7008,176,102.4014,-60.2501
210,7008,184,102.8437,-61.7516
210,7008,192,102.9083,-61.9745
210,7008,200,103.4915,-63.8700
210,7008,208,103.5460,-64.0335
210,7008,216,103.9096,-65.0339
210,7008,224,104.5045,-66.4227
210,7008,232,104.5670,-66.5525
210,7008,240,104.7470,-66.9044
210,7008,248,105.0240,-67.3696
210,7008,256,105.2053,-67.6417
210,7008,264,105.4305,-67.9466
210,7008,272,105.5424,-68.0861
210,7008,280,105.9313,-68.5015
210,7008,288,106.2686,-68.8363
210,7008,296,106.3786,-68.9380
210,7008,304,106.4342,-68.9849
210,7008,312,107.0014,-69.3822
210,7008,320,107.2752,-69.5746
210,7008,328,107.5656,-69.7727
210,7008,336,108.1488,-70.1368
210,7008,344,108.2223,-70.1794
210,7008,352,108.2821,-70.2113
210,7008,360,108.3266,-70.2329
210,7008,368,108.4279,-70.2698
210,7008,376,108.6183,-70.3022
210,7008,384,108.8359,-70.3085
210,7008,392,109.0014,-70.3049
210,7008,400,109.1897,-70.2916
210,7008,408,109.2341,-70.2881
210,7008,416,109.3843,-70.2707
210,7008,424,109.4293,-70.2657
210,7008,432,109.5149,-70.2517
210,7008,440,109.8172,-70.1901
210,7008,448,109.9447,-70.1715
210,7008,456,110.5823,-70.1910
210,7008,464,110.8444,-70.2693
210,7008,472,111.1610,-70.3805
210,7008,480,111.2468,-70.4110
210,7008,488,111.6672,-70.5443
210,7008,496,112.1584,-70.7120
210,7008,504,112.2347,-70.7400
210,7008,512,112.6670,-70.8740
210,7008,520,113.5139,-71.1572
210,7008,528,113.5499,-71.1703
210,7008,536,113.8385,-71.2592
210,7008,544,114.7133,-71.4585
210,7008,552,116.6453,-71.8810
210,7008,560,119.8000,-72.1109
210,7008,568,119.8700,-72.1097
210,7008,576,120.1304,-72.0832
210,7008,584,120.2132,-72.0681
210,7008,592,120.6469,-71.9410
210,7008,600,121.6766,-71.7173
210,7008,608,123.9301,-71.7005
210,7008,616,127.6704,-71.5811
210,7008,624,133.9312,-70.9878
210,7008,632,147.4450,-69.3761
210,7008,640,160.9587,-67.8100
210,7008,648,174.4725,-66.5501
210,7008,656,191.9154,-65.5058
210,7008,664,211.5629,-64.9353
210,7008,672,230.8849,-64.7054
210,7008,680,282.3583,-64.5715
210,7008,688,346.4705,-64.5617
210,7008,696,457.9751,-64.5613
210,7008,704,998.3650,-64.5610
210,7009,0,0.0000,-65.0000
210,7009,8,0.0699,-64.9855
210,7009,16,0.6811,-64.9173
210,7009,24,5.5147,-64.6276
210,7009,32,14.0905,-64.5433
210,7009,40,22.6664,-64.5540
210,7009,48,36.8228,-64.5609
210,7009,56,100.0000,-64.5618
210,7009,64,100.0392,-64.5361
210,7009,72,100.1624,-64.1088
210,7009,80,100.3378,-62.9253
210,7009,88,100.5278,-61.4239
210,7009,96,100.8005,-59.5961
210,7009,104,101.2054,-58.2349
210,7009,112,101.3177,-58.1253
210,7009,120,101.4344,-58.1067
210,7009,128,101.7892,-58.5281
210,7009,136,101.8887,-58.7489
210,7009,144,101.9261,-58.8410
210,7009,152,102.0540,-59.1834
210,7009,160,102.0747,-59.2425
210,7009,168,102.3333,-60.0289
210,7009,176,102.4014,-60.2501
210,7009,184,102.8437,-61.7516
210,7009,192,102.9083,-61.9745
210,7009,200,103.4915,-63.8700
210,7009,208,103.5460,-64.0335
210,7009,216,103.9096,-65.0339
210,7009,224,104.5045,-66.4227
210,7009,232,104.5670,-66.5525
210,7009,240,104.7470,-66.9044
210,7009,248,105.0240,-67.3696
210,7009,256,105.2053,-67.6417
210,7009,264,105.4305,-67.9466
210,7009,272,105.5424,-68.0861
210,7009,280,105.9313,-68.5015
210,7009,288,106.2686,-68.8363
210,7009,296,106.3786,-68.9380
210,7009,304,106.4342,-68.9849
210,7009,312,107.0014,-69.3822
210,7009,320,107.2752,-69.5746
210,7009,328,107.5656,-69.7727
210,7009,336,108.1488,-70.1368
210,7009,344,108.2223,-70.1794
210,7009,352,108.2821,-70.2113
210,7009,360,108.3266,-70.2329
210,7009,368,108.4279,-70.2698
210,7009,376,108.6183,-70.3022
210,7009,384,108.8359,-70.3085
210,7009,392,109.0014,-70.3049
210,7009,400,109.1897,-70.2916
210,7009,408,109.2341,-70.2881
210,7009,416,109.3843,-70.2707
210,7009,424,109.4293,-70.2657
210,7009,432,109.5149,-70.2517
210,7009,440,109.8172,-70.1901
210,7009,448,109.9447,-70.1715
210,7009,456,110.5823,-70.1910
210,7009,464,110.8444,-70.2693
210,7009,472,111.1610,-70.3805
210,7009,480,111.2468,-70.4110
210,7009,488,111.6672,-70.5443
210,7009,496,112.1584,-70.7120
210,7009,504,112.2347,-70.7400
210,7009,512,112.6670,-70.8740
210,7009,520,113.5139,-71.1572
210,7009,528,113.5499,-71.1703
210,7009,536,113.8385,-71.2592
210,7009,544,114.7133,-71.4585
210,7009,552,116.6453,-71.8810
210,7009,560,119.8000,-72.1109
210,7009,568,119.8700,-72.1097
210,7009,576,120.1304,-72.0832
210,7009,584,120.2132,-72.0681
210,7009,592,120.6469,-71.9410
210,7009,600,121.6766,-71.7173
210,7009,608,123.9301,-71.7005
210,7009,616,127.6704,-71.5811
210,7009,624,133.9312,-70.9878
210,7009,632,147.4450,-69.3761
210,7009,640,160.9587,-67.8100
210,7009,648,174.4725,-66.5501
210,7009,656,191.9154,-65.5058
210,7009,664,211.5629,-64.9353
210,7009,672,230.8849,-64.7054
210,7009,680,282.3583,-64.5715
210,7009,688,346.4705,-64.5617
210,7009,696,457.9751,-64.5613
210,7009,704,998.3650,-64.5610
210,7010,0,0.0000,-65.0000
210,7010,8,0.0699,-64.9855
210,7010,16,0.6811,-64.9173
210,7010,24,5.5147,-64.6276
210,7010,32,14.0905,-64.5433
210,7010,40,22.6664,-64.5540
210,7010,48,36.8228,-64.5609
210,7010,56,100.0000,-64.5618
210,7010,64,100.0392,-64.5361
210,7010,72,100.1624,-64.1088
210,7010,80,100.3378,-62.9253
210,7010,88,100.5278,-61.4239
210,7010,96,100.8005,-59.5961
210,7010,104,101.2054,-58.2349
210,7010,112,101.3177,-58.1253
210,7010,120,101.4344,-58.1067
210,7010,128,101.7892,-58.5281
210,7010,136,101.8887,-58.7489
210,7010,144,101.9261,-58.8410
210,7010,152,102.0540,-59.1834
210,7010,160,102.0747,-59.2425
210,7010,168,102.3333,-60.0289
210,7010,176,102.4014,-60.2501
210,7010,184,102.8437,-61.7516
210,7010,192,102.9083,-61.9745
210,7010,200,103.4915,-63.8700
210,7010,208,103.5460,-64.0335
210,7010,216,103.9096,-65.0339
210,7010,224,104.5045,-66.4227
210,7010,232,104.5670,-66.5525
210,7010,240,104.7470,-66.9044
210,7010,248,105.0240,-67.3696
210,7010,256,105.2053,-67.6417
210,7010,264,105.4305,-67.9466
210,7010,272,105.5424,-68.0861
210,7010,280,105.9313,-68.5015
210,7010,288,106.2686,-68.8363
210,7010,296,106.3786,-68.9380
210,7010,304,106.4342,-68.9849
210,7010,312,107.0014,-69.3822
210,7010,320,107.2752,-69.5746
210,7010,328,107.5656,-69.7727
210,7010,336,108.1488,-70.1368
210,7010,344,108.2223,-70.1794
210,7010,352,108.2821,-70.2113
210,7010,360,108.3266,-70.2329
210,7010,368,108.4279,-70.2698
210,7010,376,108.6183,-70.3022
210,7010,384,108.8359,-70.3085
210,7010,392,109.0014,-70.3049
210,7010,400,109.1897,-70.2916
210,7010,408,109.2341,-70.2881
210,7010,416,109.3843,-70.2707
210,7010,424,109.4293,-70.2657
210,7010,432,109.5149,-70.2517
210,7010,440,109.8172,-70.1901
210,7010,448,109.9447,-70.1715
210,7010,456,110.5823,-70.1910
210,7010,464,110.8444,-70.2693
210,7010,472,111.1610,-70.3805
210,7010,480,111.2468,-70.4110
210,7010,488,111.6672,-70.5443
210,7010,496,112.1584,-70.7120
210,7010,504,112.2347,-70.7400
210,7010,512,112.6670,-70.8740
210,7010,520,113.5139,-71.1572
210,7010,528,113.5499,-71.1703
210,7010,536,113.8385,-71.2592
210,7010,544,114.7133,-71.4585
210,7010,552,116.6453,-71.8810
210,7010,560,119.8000,-72.1109
210,7010,568,119.8700,-72.1097
210,7010,576,120.1304,-72.0832
210,7010,584,120.2132,-72.0681
210,7010,592,120.6469,-71.9410
210,7010,600,121.6766,-71.7173
210,7010,608,123.9301,-71.7005
210,7010,616,127.6704,-71.5811
210,7010,624,133.9312,-70.9878
210,7010,632,147.4450,-69.3761
210,7010,640,160.9587,-67.8100
210,7010,648,174.4725,-66.5501
210,7010,656,191.9154,-65.5058
210,7010,664,211.5629,-64.9353
210,7010,672,230.8849,-64.7054
210,7010,680,282.3583,-64.5715
210,7010,688,346.4705,-64.5617
210,7010,696,457.9751,-64.5613
210,7010,704,998.3650,-64.5610
240,8001,0,0.0000,-65.0000
240,8001,8,0.0699,-64.9855
240,8001,16,0.6811,-64.9173
240,8001,24,5.5147,-64.6276
240,8001,32,14.0905,-64.5433
240,8001,40,22.6664,-64.5540
240,8001,48,36.8228,-64.5609
240,8001,56,100.0000,-64.5618
240,8001,64,100.0412,-64.5306
240,8001,72,100.1907,-63.9375
240,8001,80,100.5902,-60.8789
240,8001,88,100.9619,-58.5749
240,8001,96,101.1106,-57.9970
240,8001,104,101.2832,-57.5529
240,8001,112,101.3454,-57.4482
240,8001,120,101.5189,-57.2782
240,8001,128,101.6160,-57.2576
240,8001,136,102.2130,-58.0468
240,8001,144,102.3136,-58.3083
240,8001,152,102.6668,-59.4081
240,8001,160,102.8671,-60.1192
240,8001,168,102.9780,-60.5216
240,8001,176,103.3428,-61.8263
240,8001,184,103.4116,-62.0650
240,8001,192,103.8112,-63.3586
240,8001,200,103.8237,-63.3965
240,8001,208,103.8798,-63.5636
240,8001,216,104.0523,-64.0347
240,8001,224,104.1325,-64.2340
240,8001,232,104.2520,-64.5088
240,8001,240,104.5735,-65.1447
240,8001,248,104.6571,-65.2948
240,8001,256,104.9620,-65.7980
240,8001,264,105.0169,-65.8837
240,8001,272,105.4848,-66.5701
240,8001,280,105.7340,-66.9249
240,8001,288,105.8854,-67.1327
240,8001,296,106.5477,-67.9691
240,8001,304,106.9930,-68.4959
240,8001,312,107.3171,-68.8236
240,8001,320,108.1871,-69.5658
240,8001,328,108.3596,-69.6997
240,8001,336,108.8739,-70.0073
240,8001,344,109.6555,-70.4097
240,8001,352,109.7553,-70.4580
240,8001,360,109.8139,-70.4816
240,8001,368,110.0240,-70.5379
240,8001,376,110.2707,-70.5518
240,8001,384,110.7092,-70.5470
240,8001,392,110.7857,-70.5464
240,8001,400,110.9525,-70.5401
240,8001,408,111.0797,-70.5280
240,8001,416,111.2099,-70.5115
240,8001,424,111.4862,-70.4633
240,8001,432,111.7884,-70.4222
240,8001,440,111.8843,-70.4131
240,8001,448,112.2321,-70.3562
240,8001,456,112.2617,-70.3510
240,8001,464,112.3380,-70.3360
240,8001,472,112.6948,-70.2404
240,8001,480,113.3574,-70.1774
240,8001,488,113.4516,-70.1876
240,8001,496,113.5206,-70.1954
240,8001,504,113.5943,-70.2029
240,8001,512,113.8947,-70.2014
240,8001,520,114.6889,-70.2202
240,8001,528,116.2417,-70.7453
240,8001,536,116.9969,-71.0136
240,8001,544,117.2478,-71.0746
240,8001,552,117.9816,-71.1555
240,8001,560,118.0326,-71.1603
240,8001,568,118.4240,-71.1683
240,8001,576,119.5281,-71.1785
240,8001,584,119.7746,-71.1989
240,8001,592,119.9990,-71.2093
240,8001,600,120.1080,-71.2064
240,8001,608,120.6029,-71.1271
240,8001,616,121.8576,-71.0414
240,8001,624,123.9754,-71.2318
240,8001,632,126.0698,-71.3008
240,8001,640,126.1944,-71.2978
240,8001,648,126.3500,-71.2840
240,8001,656,126.5089,-71.2535
240,8001,664,126.6225,-71.2207
240,8001,672,126.8178,-71.1415
240,8001,680,127.4738,-70.8264
240,8001,688,128.8256,-70.5796
240,8001,696,131.1452,-70.6876
240,8001,704,136.5113,-70.5130
240,8001,712,146.3456,-69.4164
240,8001,720,166.5805,-67.1740
240,8001,728,195.5038,-65.3394
240,8001,736,216.9539,-64.8424
240,8001,744,246.0608,-64.6264
240,8001,752,297.2326,-64.5654
240,8001,760,375.5150,-64.5612
240,8002,0,0.0000,-65.0000
240,8002,8,0.0699,-64.9855
240,8002,16,0.6811,-64.9173
240,8002,24,5.5147,-64.6276
240,8002,32,14.0905,-64.5433
240,8002,40,22.6664,-64.5540
240,8002,48,36.8228,-64.5609
240,8002,56,100.0000,-64.5618
240,8002,64,100.0412,-64.5306
240,8002,72,100.1907,-63.9375
240,8002,80,100.5902,-60.8789
240,8002,88,100.9619,-58.5749
240,8002,96,101.1106,-57.9970
240,8002,104,101.2832,-57.5529
240,8002,112,101.3454,-57.4482
240,8002,120,101.5189,-57.2782
240,8002,128,101.6160,-57.2576
240,8002,136,102.2130,-58.0468
240,8002,144,102.3136,-58.3083
240,8002,152,102.6668,-59.4081
240,8002,160,102.8671,-60.1192
240,8002,168,102.9780,-60.5216
240,8002,176,103.3428,-61.8263
240,8002,184,103.4116,-62.0650
240,8002,192,103.8112,-63.3586
240,8002,200,103.8237,-63.3965
240,8002,208,103.8798,-63.5636
240,8002,216,104.0523,-64.0347
240,8002,224,104.1325,-64.2340
240,8002,232,104.2520,-64.5088
240,8002,240,104.5735,-65.1447
240,8002,248,104.6571,-65.2948
240,8002,256,104.9620,-65.7980
240,8002,264,105.0169,-65.8837
240,8002,272,105.4848,-66.5701
240,8002,280,105.7340,-66.9249
240,8002,288,105.8854,-67.1327
240,8002,296,106.5477,-67.9691
240,8002,304,106.9930,-68.4959
240,8002,312,107.3171,-68.8236
240,8002,320,108.1871,-69.5658
240,8002,328,108.3596,-69.6997
240,8002,336,108.8739,-70.0073
240,8002,344,109.6555,-70.4097
240,8002,352,109.7553,-70.4580
240,8002,360,109.8139,-70.4816
240,8002,368,110.0240,-70.5379
240,8002,376,110.2707,-70.5518
240,8002,384,110.7092,-70.5470
240,8002,392,110.7857,-70.5464
240,8002,400,110.9525,-70.5401
240,8002,408,111.0797,-70.5280
240,8002,416,111.2099,-70.5115
240,8002,424,111.4862,-70.4633
240,8002,432,111.7884,-70.4222
240,8002,440,111.8843,-70.4131
240,8002,448,112.2321,-70.3562
240,8002,456,112.2617,-70.3510
240,8002,464,112.3380,-70.3360
240,8002,472,112.6948,-70.2404
240,8002,480,113.3574,-70.1774
240,8002,488,113.4516,-70.1876
240,8002,496,113.5206,-70.1954
240,8002,504,113.5943,-70.2029
240,8002,512,113.8947,-70.2014
240,8002,520,114.6889,-70.2202
240,8002,528,116.2417,-70.7453
240,8002,536,116.9969,-71.0136
240,8002,544,117.2478,-71.0746
240,8002,552,117.9816,-71.1555
240,8002,560,118.0326,-71.1603
240,8002,568,118.4240,-71.1683
240,8002,576,119.5281,-71.1785
240,8002,584,119.7746,-71.1989
240,8002,592,119.9990,-71.2093
240,8002,600,120.1080,-71.2064
240,8002,608,120.6029,-71.1271
240,8002,616,121.8576,-71.0414
240,8002,624,123.9754,-71.2318
240,8002,632,126.0698,-71.3008
240,8002,640,126.1944,-71.2978
240,8002,648,126.3500,-71.2840
240,8002,656,126.5089,-71.2535
240,8002,664,126.6225,-71.2207
240,8002,672,126.8178,-71.1415
240,8002,680,127.4738,-70.8264
240,8002,688,128.8256,-70.5796
240,8002,696,131.1452,-70.6876
240,8002,704,136.5113,-70.5130
240,8002,712,146.3456,-69.4164
240,8002,720,166.5805,-67.1740
240,8002,728,195.5038,-65.3394
240,8002,736,216.9539,-64.8424
240,8002,744,246.0608,-64.6264
240,8002,752,297.2326,-64.5654
240,8002,760,375.5150,-64.5612
240,8003,0,0.0000,-65.0000
240,8003,8,0.0699,-64.9855
240,8003,16,0.6811,-64.9173
240,8003,24,5.5147,-64.6276
240,8003,32,14.0905,-64.5433
240,8003,40,22.6664,-64.5540
240,8003,48,36.8228,-64.5609
240,8003,56,100.0000,-64.5618
240,8003,64,100.0412,-64.5306
240,8003,72,100.1907,-63.9375
240,8003,80,100.5902,-60.8789
240,8003,88,100.9619,-58.5749
240,8003,96,101.1106,-57.9970
240,8003,104,101.2832,-57.5529
240,8003,112,101.3454,-57.4482
240,8003,120,101.5189,-57.2782
240,8003,128,101.6160,-57.2576
240,8003,136,102.2130,-58.0468
240,8003,144,102.3136,-58.3083
240,8003,152,102.6668,-59.4081
240,8003,160,102.8671,-60.1192
240,8003,168,102.9780,-60.5216
240,8003,176,103.3428,-61.8263
240,8003,184,103.4116,-62.0650
240,8003,192,103.8112,-63.3586
240,8003,200,103.8237,-63.3965
240,8003,208,103.8798,-63.5636
240,8003,216,104.0523,-64.0347
240,8003,224,104.1325,-64.2340
240,8003,232,104.2520,-64.5088
240,8003,240,104.5735,-65.1447
240,8003,248,104.6571,-65.2948
240,8003,256,104.9620,-65.7980
240,8003,264,105.0169,-65.8837
240,8003,272,105.4848,-66.5701
240,8003,280,105.7340,-66.9249
240,8003,288,105.8854,-67.1327
240,8003,296,106.5477,-67.9691
240,8003,304,106.9930,-68.4959
240,8003,312,107.3171,-68.8236
240,8003,320,108.1871,-69.5658
240,8003,328,108.3596,-69.6997
240,8003,336,108.8739,-70.0073
240,8003,344,109.6555,-70.4097
240,8003,352,109.7553,-70.4580
240,8003,360,109.8139,-70.4816
240,8003,368,110.0240,-70.5379
240,8003,376,110.2707,-70.5518
240,8003,384,110.7092,-70.5470
240,8003,392,110.7857,-70.5464
240,8003,400,110.9525,-70.5401
240,8003,408,111.0797,-70.5280
240,8003,416,111.2099,-70.5115
240,8003,424,111.4862,-70.4633
240,8003,432,111.7884,-70.4222
240,8003,440,111.8843,-70.4131
240,8003,448,112.2321,-70.3562
240,8003,456,112.2617,-70.3510
240,8003,464,112.3380,-70.3360
240,8003,472,112.6948,-70.2404
240,8003,480,113.3574,-70.1774
240,8003,488,113.4516,-70.1876
240,8003,496,113.5206,-70.1954
240,8003,504,113.5943,-70.2029
240,8003,512,113.8947,-70.2014
240,8003,520,114.6889,-70.2202
240,8003,528,116.2417,-70.7453
240,8003,536,116.9969,-71.0136
240,8003,544,117.2478,-71.0746
240,8003,552,117.9816,-71.1555
240,8003,560,118.0326,-71.1603
240,8003,568,118.4240,-71.1683
240,8003,576,119.5281,-71.1785
240,8003,584,119.7746,-71.1989
240,8003,592,119.9990,-71.2093
240,8003,600,120.1080,-71.2064
240,8003,608,120.6029,-71.1271
240,8003,616,121.8576,-71.0414
240,8003,624,123.9754,-71.2318
240,8003,632,126.0698,-71.3008
240,8003,640,126.1944,-71.2978
240,8003,648,126.3500,-71.2840
240,8003,656,126.5089,-71.2535
240,8003,664,126.6225,-71.2207
240,8003,672,126.8178,-71.1415
240,8003,680,127.4738,-70.8264
240,8003,688,128.8256,-70.5796
240,8003,696,131.1452,-70.6876
240,8003,704,136.5113,-70.5130
240,8003,712,146.3456,-69.4164
240,8003,720,166.5805,-67.1740
240,8003,728,195.5038,-65.3394
240,8003,736,216.9539,-64.8424
240,8003,744,246.0608,-64.6264
240,8003,752,297.2326,-64.5654
240,8003,760,375.5150,-64.5612
240,8004,0,0.0000,-65.0000
240,8004,8,0.0699,-64.9855
240,8004,16,0.6811,-64.9173
240,8004,24,5.5147,-64.6276
240,8004,32,14.0905,-64.5433
240,8004,40,22.6664,-64.5540
240,8004,48,36.8228,-64.5609
240,8004,56,100.0000,-64.5618
240,8004,64,100.0412,-64.5306
240,8004,72,100.1907,-63.9375
240,8004,80,100.5902,-60.8789
240,8004,88,100.9619,-58.5749
240,8004,96,101.1106,-57.9970
240,8004,104,101.2832,-57.5529
240,8004,112,101.3454,-57.4482
240,8004,120,101.5189,-57.2782
240,8004,128,101.6160,-57.2576
240,8004,136,102.2130,-58.0468
240,8004,144,102.3136,-58.3083
240,8004,152,102.6668,-59.4081
240,8004,160,102.8671,-60.1192
240,8004,168,102.9780,-60.5216
240,8004,176,103.3428,-61.8263
240,8004,184,103.4116,-62.0650
240,8004,192,103.8112,-63.3586
240,8004,200,103.8237,-63.3965
240,8004,208,103.8798,-63.5636
240,8004,216,104.0523,-64.0347
240,8004,224,104.1325,-64.2340
240,8004,232,104.2520,-64.5088
240,8004,240,104.5735,-65.1447
240,8004,248,104.6571,-65.2948
240,8004,256,104.9620,-65.7980
240,8004,264,105.0169,-65.8837
240,8004,272,105.4848,-66.5701
240,8004,280,105.7340,-66.9249
240,8004,288,105.8854,-67.1327
240,8004,296,106.5477,-67.9691
240,8004,304,106.9930,-68.4959
240,8004,312,107.3171,-68.8236
240,8004,320,108.1871,-69.5658
240,8004,328,108.3596,-69.6997
240,8004,336,108.8739,-70.0073
240,8004,344,109.6555,-70.4097
240,8004,352,109.7553,-70.4580
240,8004,360,109.8139,-70.4816
240,8004,368,110.0240,-70.5379
240,8004,376,110.2707,-70.5518
240,8004,384,110.7092,-70.5470
240,8004,392,110.7857,-70.5464
240,8004,400,110.9525,-70.5401
240,8004,408,111.0797,-70.5280
240,8004,416,111.2099,-70.5115
240,8004,424,111.4862,-70.4633
240,8004,432,111.7884,-70.4222
240,8004,440,111.8843,-70.4131
240,8004,448,112.2321,-70.3562
240,8004,456,112.2617,-70.3510
240,8004,464,112.3380,-70.3360
240,8004,472,112.6948,-70.2404
240,8004,480,113.3574,-70.1774
240,8004,488,113.4516,-70.1876
240,8004,496,113.5206,-70.1954
240,8004,504,113.5943,-70.2029
240,8004,512,113.8947,-70.2014
240,8004,520,114.6889,-70.2202
240,8004,528,116.2417,-70.7453
240,8004,536,116.9969,-71.0136
240,8004,544,117.2478,-71.0746
240,8004,552,117.9816,-71.1555
240,8004,560,118.0326,-71.1603
240,8004,568,118.4240,-71.1683
240,8004,576,119.5281,-71.1785
240,8004,584,119.7746,-71.1989
240,8004,592,119.9990,-71.2093
240,8004,600,120.1080,-71.2064
240,8004,608,120.6029,-71.1271
240,8004,616,121.8576,-71.0414
240,8004,624,123.9754,-71.2318
240,8004,632,126.0698,-71.3008
240,8004,640,126.1944,-71.2978
240,8004,648,126.3500,-71.2840
240,8004,656,126.5089,-71.2535
240,8004,664,126.6225,-71.2207
240,8004,672,126.8178,-71.1415
240,8004,680,127.4738,-70.8264
240,8004,688,128.8256,-70.5796
240,8004,696,131.1452,-70.6876
240,8004,704,136.5113,-70.5130
240,8004,712,146.3456,-69.4164
240,8004,720,166.5805,-67.1740
240,8004,728,195.5038,-65.3394
240,8004,736,216.9539,-64.8424
240,8004,744,246.0608,-64.6264
240,8004,752,297.2326,-64.5654
240,8004,760,375.5150,-64.5612
240,8005,0,0.0000,-65.0000
240,8005,8,0.0699,-64.9855
240,8005,16,0.6811,-64.9173
240,8005,24,5.5147,-64.6276
240,8005,32,14.0905,-64.5433
240,8005,40,22.6664,-64.5540
240,8005,48,36.8228,-64.5609
240,8005,56,100.0000,-64.5618
240,8005,64,100.0412,-64.5306
240,8005,72,100.1907,-63.9375
240,8005,80,100.5902,-60.8789
240,8005,88,100.9619,-58.5749
240,8005,96,101.1106,-57.9970
240,8005,104,101.2832,-57.5529
240,8005,112,101.3454,-57.4482
240,8005,120,101.5189,-57.2782
240,8005,128,101.6160,-57.2576
240,8005,136,102.2130,-58.0468
240,8005,144,102.3136,-58.3083
240,8005,152,102.6668,-59.4081
240,8005,160,102.8671,-60.1192
240,8005,168,102.9780,-60.5216
240,8005,176,103.3428,-61.8263
240,8005,184,103.4116,-62.0650
240,8005,192,103.8112,-63.3586
240,8005,200,103.8237,-63.3965
240,8005,208,103.8798,-63.5636
240,8005,216,104.0523,-64.0347
240,8005,224,104.1325,-64.2340
240,8005,232,104.2520,-64.5088
240,8005,240,104.5735,-65.1447
240,8005,248,104.6571,-65.2948
240,8005,256,104.9620,-65.7980
240,8005,264,105.0169,-65.8837
240,8005,272,105.4848,-66.5701
240,8005,280,105.7340,-66.9249
240,8005,288,105.8854,-67.1327
240,8005,296,106.5477,-67.9691
240,8005,304,106.9930,-68.4959
240,8005,312,107.3171,-68.8236
240,8005,320,108.1871,-69.5658
240,8005,328,108.3596,-69.6997
240,8005,336,108.8739,-70.0073
240,8005,344,109.6555,-70.4097
240,8005,352,109.7553,-70.4580
240,8005,360,109.8139,-70.4816
240,8005,368,110.0240,-70.5379
240,8005,376,110.2707,-70.5518
240,8005,384,110.7092,-70.5470
240,8005,392,110.7857,-70.5464
240,8005,400,110.9525,-70.5401
240,8005,408,111.0797,-70.5280
240,8005,416,111.2099,-70.5115
240,8005,424,111.4862,-70.4633
240,8005,432,111.7884,-70.4222
240,8005,440,111.8843,-70.4131
240,8005,448,112.2321,-70.3562
240,8005,456,112.2617,-70.3510
240,8005,464,112.3380,-70.3360
240,8005,472,112.6948,-70.2404
240,8005,480,113.3574,-70.1774
240,8005,488,113.4516,-70.1876
240,8005,496,113.5206,-70.1954
240,8005,504,113.5943,-70.2029
240,8005,512,113.8947,-70.2014
240,8005,520,114.6889,-70.2202
240,8005,528,116.2417,-70.7453
240,8005,536,116.9969,-71.0136
240,8005,544,117.2478,-71.0746
240,8005,552,117.9816,-71.1555
240,8005,560,118.0326,-71.1603
240,8005,568,118.4240,-71.1683
240,8005,576,119.5281,-71.1785
240,8005,584,119.7746,-71.1989
240,8005,592,119.9990,-71.2093
240,8005,600,120.1080,-71.2064
240,8005,608,120.6029,-71.1271
240,8005,616,121.8576,-71.0414
240,8005,624,123.9754,-71.2318
240,8005,632,126.0698,-71.3008
240,8005,640,126.1944,-71.2978
240,8005,648,126.3500,-71.2840
240,8005,656,126.5089,-71.2535
240,8005,664,126.6225,-71.2207
240,8005,672,126.8178,-71.1415
240,8005,680,127.4738,-70.8264
240,8005,688,128.8256,-70.5796
240,8005,696,131.1452,-70.6876
240,8005,704,136.5113,-70.5130
240,8005,712,146.3456,-69.4164
240,8005,720,166.5805,-67.1740
240,8005,728,195.5038,-65.3394
240,8005,736,216.9539,-64.8424
240,8005,744,246.0608,-64.6264
240,8005,752,297.2326,-64.5654
240,8005,760,375.5150,-64.5612
240,8006,0,0.0000,-65.0000
240,8006,8,0.0699,-64.9855
240,8006,16,0.6811,-64.9173
240,8006,24,5.5147,-64.6276
240,8006,32,14.0905,-64.5433
240,8006,40,22.6664,-64.5540
240,8006,48,36.8228,-64.5609
240,8006,56,100.0000,-64.5618
240,8006,64,100.0412,-64.5306
240,8006,72,100.1907,-63.9375
240,8006,80,100.5902,-60.8789
240,8006,88,100.9619,-58.5749
240,8006,96,101.1106,-57.9970
240,8006,104,101.2832,-57.5529
240,8006,112,101.3454,-57.4482
240,8006,120,101.5189,-57.2782
240,8006,128,101.6160,-57.2576
240,8006,136,102.2130,-58.0468
240,8006,144,102.3136,-58.3083
240,8006,152,102.6668,-59.4081
240,8006,160,102.8671,-60.1192
240,8006,168,102.9780,-60.5216
240,8006,176,103.3428,-61.8263
240,8006,184,103.4116,-62.0650
240,8006,192,103.8112,-63.3586
240,8006,200,103.8237,-63.3965
240,8006,208,103.8798,-63.5636
240,8006,216,104.0523,-64.0347
240,8006,224,104.1325,-64.2340
240,8006,232,104.2520,-64.5088
240,8006,240,104.5735,-65.1447
240,8006,248,104.6571,-65.2948
240,8006,256,104.9620,-65.7980
240,8006,264,105.0169,-65.8837
240,8006,272,105.4848,-66.5701
240,8006,280,105.7340,-66.9249
240,8006,288,105.8854,-67.1327
240,8006,296,106.5477,-67.9691
240,8006,304,106.9930,-68.4959
240,8006,312,107.3171,-68.8236
240,8006,320,108.1871,-69.5658
240,8006,328,108.3596,-69.6997
240,8006,336,108.8739,-70.0073
240,8006,344,109.6555,-70.4097
240,8006,352,109.7553,-70.4580
240,8006,360,109.8139,-70.4816
240,8006,368,110.0240,-70.5379
240,8006,376,110.2707,-70.5518
240,8006,384,110.7092,-70.5470
240,8006,392,110.7857,-70.5464
240,8006,400,110.9525,-70.5401
240,8006,408,111.0797,-70.5280
240,8006,416,111.2099,-70.5115
240,8006,424,111.4862,-70.4633
240,8006,432,111.7884,-70.4222
240,8006,440,111.8843,-70.4131
240,8006,448,112.2321,-70.3562
240,8006,456,112.2617,-70.3510
240,8006,464,112.3380,-70.3360
240,8006,472,112.6948,-70.2404
240,8006,480,113.3574,-70.1774
240,8006,488,113.4516,-70.1876
240,8006,496,113.5206,-70.1954
240,8006,504,113.5943,-70.2029
240,8006,512,113.8947,-70.2014
240,8006,520,114.6889,-70.2202
240,8006,528,116.2417,-70.7453
240,8006,536,116.9969,-71.0136
240,8006,544,117.2478,-71.0746
240,8006,552,117.9816,-71.1555
240,8006,560,118.0326,-71.1603
240,8006,568,118.4240,-71.1683
240,8006,576,119.5281,-71.1785
240,8006,584,119.7746,-71.1989
240,8006,592,119.9990,-71.2093
240,8006,600,120.1080,-71.2064
240,8006,608,120.6029,-71.1271
240,8006,616,121.8576,-71.0414
240,8006,624,123.9754,-71.2318
240,8006,632,126.0698,-71.3008
240,8006,640,126.1944,-71.2978
240,8006,648,126.3500,-71.2840
240,8006,656,126.5089,-71.2535
240,8006,664,126.6225,-71.2207
240,8006,672,126.8178,-71.1415
240,8006,680,127.4738,-70.8264
240,8006,688,128.8256,-70.5796
240,8006,696,131.1452,-70.6876
240,8006,704,136.5113,-70.5130
240,8006,712,146.3456,-69.4164
240,8006,720,166.5805,-67.1740
240,8006,728,195.5038,-65.3394
240,8006,736,216.9539,-64.8424
240,8006,744,246.0608,-64.6264
240,8006,752,297.2326,-64.5654
240,8006,760,375.5150,-64.5612
240,8007,0,0.0000,-65.0000
240,8007,8,0.0699,-64.9855
240,8007,16,0.6811,-64.9173
240,8007,24,5.5147,-64.6276
240,8007,32,14.0905,-64.5433
240,8007,40,22.6664,-64.5540
240,8007,48,36.8228,-64.5609
240,8007,56,100.0000,-64.5618
240,8007,64,100.0412,-64.5306
240,8007,72,100.1907,-63.9375
240,8007,80,100.5902,-60.8789
240,8007,88,100.9619,-58.5749
240,8007,96,101.1106,-57.9970
240,8007,104,101.2832,-57.5529
240,8007,112,101.3454,-57.4482
240,8007,120,101.5189,-57.2782
240,8007,128,101.6160,-57.2576
240,8007,136,102.2130,-58.0468
240,8007,144,102.3136,-58.3083
240,8007,152,102.6668,-59.4081
240,8007,160,102.8671,-60.1192
240,8007,168,102.9780,-60.5216
240,8007,176,103.3428,-61.8263
240,8007,184,103.4116,-62.0650
240,8007,192,103.8112,-63.3586
240,8007,200,103.8237,-63.3965
240,8007,208,103.8798,-63.5636
240,8007,216,104.0523,-64.0347
240,8007,224,104.1325,-64.2340
240,8007,232,104.2520,-64.5088
240,8007,240,104.5735,-65.1447
240,8007,248,104.6571,-65.2948
240,8007,256,104.9620,-65.7980
240,8007,264,105.0169,-65.8837
240,8007,272,105.4848,-66.5701
240,8007,280,105.7340,-66.9249
240,8007,288,105.8854,-67.1327
240,8007,296,106.5477,-67.9691
240,8007,304,106.9930,-68.4959
240,8007,312,107.3171,-68.8236
240,8007,320,108.1871,-69.5658
240,8007,328,108.3596,-69.6997
240,8007,336,108.8739,-70.0073
240,8007,344,109.6555,-70.4097
240,8007,352,109.7553,-70.4580
240,8007,360,109.8139,-70.4816
240,8007,368,110.0240,-70.5379
240,8007,376,110.2707,-70.5518
240,8007,384,110.7092,-70.5470
240,8007,392,110.7857,-70.5464
240,8007,400,110.9525,-70.5401
240,8007,408,111.0797,-70.5280
240,8007,416,111.2099,-70.5115
240,8007,424,111.4862,-70.4633
240,8007,432,111.7884,-70.4222
240,8007,440,111.8843,-70.4131
240,8007,448,112.2321,-70.3562
240,8007,456,112.2617,-70.3510
240,8007,464,112.3380,-70.3360
240,8007,472,112.6948,-70.2404
240,8007,480,113.3574,-70.1774
240,8007,488,113.4516,-70.1876
240,8007,496,113.5206,-70.1954
240,8007,504,113.5943,-70.2029
240,8007,512,113.8947,-70.2014
240,8007,520,114.6889,-70.2202
240,8007,528,116.2417,-70.7453
240,8007,536,116.9969,-71.0136
240,8007,544,117.2478,-71.0746
240,8007,552,117.9816,-71.1555
240,8007,560,118.0326,-71.1603
240,8007,568,118.4240,-71.1683
240,8007,576,119.5281,-71.1785
240,8007,584,119.7746,-71.1989
240,8007,592,119.9990,-71.2093
240,8007,600,120.1080,-71.2064
240,8007,608,120.6029,-71.1271
240,8007,616,121.8576,-71.0414
240,8007,624,123.9754,-71.2318
240,8007,632,126.0698,-71.3008
240,8007,640,126.1944,-71.2978
240,8007,648,126.3500,-71.2840
240,8007,656,126.5089,-71.2535
240,8007,664,126.6225,-71.2207
240,8007,672,126.8178,-71.1415
240,8007,680,127.4738,-70.8264
240,8007,688,128.8256,-70.5796
240,8007,696,131.1452,-70.6876
240,8007,704,136.5113,-70.5130
240,8007,712,146.3456,-69.4164
240,8007,720,166.5805,-67.1740
240,8007,728,195.5038,-65.3394
240,8007,736,216.9539,-64.8424
240,8007,744,246.0608,-64.6264
240,8007,752,297.2326,-64.5654
240,8007,760,375.5150,-64.5612
240,8008,0,0.0000,-65.0000
240,8008,8,0.0699,-64.9855
240,8008,16,0.6811,-64.9173
240,8008,24,5.5147,-64.6276
240,8008,32,14.0905,-64.5433
240,8008,40,22.6664,-64.5540
240,8008,48,36.8228,-64.5609
240,8008,56,100.0000,-64.5618
240,8008,64,100.0412,-64.5306
240,8008,72,100.1907,-63.9375
240,8008,80,100.5902,-60.8789
240,8008,88,100.9619,-58.5749
240,8008,96,101.1106,-57.9970
240,8008,104,101.2832,-57.5529
240,8008,112,101.3454,-57.4482
240,8008,120,101.5189,-57.2782
240,8008,128,101.6160,-57.2576
240,8008,136,102.2130,-58.0468
240,8008,144,102.3136,-58.3083
240,8008,152,102.6668,-59.4081
240,8008,160,102.8671,-60.1192
240,8008,168,102.9780,-60.5216
240,8008,176,103.3428,-61.8263
240,8008,184,103.4116,-62.0650
240,8008,192,103.8112,-63.3586
240,8008,200,103.8237,-63.3965
240,8008,208,103.8798,-63.5636
240,8008,216,104.0523,-64.0347
240,8008,224,104.1325,-64.2340
240,8008,232,104.2520,-64.5088
240,8008,240,104.5735,-65.1447
240,8008,248,104.6571,-65.2948
240,8008,256,104.9620,-65.7980
240,8008,264,105.0169,-65.8837
240,8008,272,105.4848,-66.5701
240,8008,280,105.7340,-66.9249
240,8008,288,105.8854,-67.1327
240,8008,296,106.5477,-67.9691
240,8008,304,106.9930,-68.4959
240,8008,312,107.3171,-68.8236
240,8008,320,108.1871,-69.5658
240,8008,328,108.3596,-69.6997
240,8008,336,108.8739,-70.0073
240,8008,344,109.6555,-70.4097
240,8008,352,109.7553,-70.4580
240,8008,360,109.8139,-70.4816
240,8008,368,110.0240,-70.5379
240,8008,376,110.2707,-70.5518
240,8008,384,110.7092,-70.5470
240,8008,392,110.7857,-70.5464
240,8008,400,110.9525,-70.5401
240,8008,408,111.0797,-70.5280
240,8008,416,111.2099,-70.5115
240,8008,424,111.4862,-70.4633
240,8008,432,111.7884,-70.4222
240,8008,440,111.8843,-70.4131
240,8008,448,112.2321,-70.3562
240,8008,456,112.2617,-70.3510
240,8008,464,112.3380,-70.3360
240,8008,472,112.6948,-70.2404
240,8008,480,113.3574,-70.1774
240,8008,488,113.4516,-70.1876
240,8008,496,113.5206,-70.1954
240,8008,504,113.5943,-70.2029
240,8008,512,113.8947,-70.2014
240,8008,520,114.6889,-70.2202
240,8008,528,116.2417,-70.7453
240,8008,536,116.9969,-71.0136
240,8008,544,117.2478,-71.0746
240,8008,552,117.9816,-71.1555
240,8008,560,118.0326,-71.1603
240,8008,568,118.4240,-71.1683
240,8008,576,119.5281,-71.1785
240,8008,584,119.7746,-71.1989
240,8008,592,119.9990,-71.2093
240,8008,600,120.1080,-71.2064
240,8008,608,120.6029,-71.1271
240,8008,616,121.8576,-71.0414
240,8008,624,123.9754,-71.2318
240,8008,632,126.0698,-71.3008
240,8008,640,126.1944,-71.2978
240,8008,648,126.3500,-71.2840
240,8008,656,126.5089,-71.2535
240,8008,664,126.6225,-71.2207
240,8008,672,126.8178,-71.1415
240,8008,680,127.4738,-70.8264
240,8008,688,128.8256,-70.5796
240,8008,696,131.1452,-70.6876
240,8008,704,136.5113,-70.5130
240,8008,712,146.3456,-69.4164
240,8008,720,166.5805,-67.1740
240,8008,728,195.5038,-65.3394
240,8008,736,216.9539,-64.8424
240,8008,744,246.0608,-64.6264
240,8008,752,297.2326,-64.5654
240,8008,760,375.5150,-64.5612
240,8009,0,0.0000,-65.0000
240,8009,8,0.0699,-64.9855
240,8009,16,0.6811,-64.9173
240,8009,24,5.5147,-64.6276
240,8009,32,14.0905,-64.5433
240,8009,40,22.6664,-64.5540
240,8009,48,36.8228,-64.5609
240,8009,56,100.0000,-64.5618
240,8009,64,100.0412,-64.5306
240,8009,72,100.1907,-63.9375
240,8009,80,100.5902,-60.8789
240,8009,88,100.9619,-58.5749
240,8009,96,101.1106,-57.9970
240,8009,104,101.2832,-57.5529
240,8009,112,101.3454,-57.4482
240,8009,120,101.5189,-57.2782
240,8009,128,101.6160,-57.2576
240,8009,136,102.2130,-58.0468
240,8009,144,102.3136,-58.3083
240,8009,152,102.6668,-59.4081
240,8009,160,102.8671,-60.1192
240,8009,168,102.9780,-60.5216
240,8009,176,103.3428,-61.8263
240,8009,184,103.4116,-62.0650
240,8009,192,103.8112,-63.3586
240,8009,200,103.8237,-63.3965
240,8009,208,103.8798,-63.5636
240,8009,216,104.0523,-64.0347
240,8009,224,104.1325,-64.2340
240,8009,232,104.2520,-64.5088
240,8009,240,104.5735,-65.1447
240,8009,248,104.6571,-65.2948
240,8009,256,104.9620,-65.7980
240,8009,264,105.0169,-65.8837
240,8009,272,105.4848,-66.5701
240,8009,280,105.7340,-66.9249
240,8009,288,105.8854,-67.1327
240,8009,296,106.5477,-67.9691
240,8009,304,106.9930,-68.4959
240,8009,312,107.3171,-68.8236
240,8009,320,108.1871,-69.5658
240,8009,328,108.3596,-69.6997
240,8009,336,108.8739,-70.0073
240,8009,344,109.6555,-70.4097
240,8009,352,109.7553,-70.4580
240,8009,360,109.8139,-70.4816
240,8009,368,110.0240,-70.5379
240,8009,376,110.2707,-70.5518
240,8009,384,110.7092,-70.5470
240,8009,392,110.7857,-70.5464
240,8009,400,110.9525,-70.5401
240,8009,408,111.0797,-70.5280
240,8009,416,111.2099,-70.5115
240,8009,424,111.4862,-70.4633
240,8009,432,111.7884,-70.4222
240,8009,440,111.8843,-70.4131
240,8009,448,112.2321,-70.3562
240,8009,456,112.2617,-70.3510
240,8009,464,112.3380,-70.3360
240,8009,472,112.6948,-70.2404
240,8009,480,113.3574,-70.1774
240,8009,488,113.4516,-70.1876
240,8009,496,113.5206,-70.1954
240,8009,504,113.5943,-70.2029
240,8009,512,113.8947,-70.2014
240,8009,520,114.6889,-70.2202
240,8009,528,116.2417,-70.7453
240,8009,536,116.9969,-71.0136
240,8009,544,117.2478,-71.0746
240,8009,552,117.9816,-71.1555
240,8009,560,118.0326,-71.1603
240,8009,568,118.4240,-71.1683
240,8009,576,119.5281,-71.1785
240,8009,584,119.7746,-71.1989
240,8009,592,119.9990,-71.2093
240,8009,600,120.1080,-71.2064
240,8009,608,120.6029,-71.1271
240,8009,616,121.8576,-71.0414
240,8009,624,123.9754,-71.2318
240,8009,632,126.0698,-71.3008
240,8009,640,126.1944,-71.2978
240,8009,648,126.3500,-71.2840
240,8009,656,126.5089,-71.2535
240,8009,664,126.6225,-71.2207
240,8009,672,126.8178,-71.1415
240,8009,680,127.4738,-70.8264
240,8009,688,128.8256,-70.5796
240,8009,696,131.1452,-70.6876
240,8009,704,136.5113,-70.5130
240,8009,712,146.3456,-69.4164
240,8009,720,166.5805,-67.1740
240,8009,728,195.5038,-65.3394
240,8009,736,216.9539,-64.8424
240,8009,744,246.0608,-64.6264
240,8009,752,297.2326,-64.5654
240,8009,760,375.5150,-64.5612
240,8010,0,0.0000,-65.0000
240,8010,8,0.0699,-64.9855
240,8010,16,0.6811,-64.9173
240,8010,24,5.5147,-64.6276
240,8010,32,14.0905,-64.5433
240,8010,40,22.6664,-64.5540
240,8010,48,36.8228,-64.5609
240,8010,56,100.0000,-64.5618
240,8010,64,100.0412,-64.5306
240,8010,72,100.1907,-63.9375
240,8010,80,100.5902,-60.8789
240,8010,88,100.9619,-58.5749
240,8010,96,101.1106,-57.9970
240,8010,104,101.2832,-57.5529
240,8010,112,101.3454,-57.4482
240,8010,120,101.5189,-57.2782
240,8010,128,101.6160,-57.2576
240,8010,136,102.2130,-58.0468
240,8010,144,102.3136,-58.3083
240,8010,152,102.6668,-59.4081
240,8010,160,102.8671,-60.1192
240,8010,168,102.9780,-60.5216
240,8010,176,103.3428,-61.8263
240,8010,184,103.4116,-62.0650
240,8010,192,103.8112,-63.3586
240,8010,200,103.8237,-63.3965
240,8010,208,103.8798,-63.5636
240,8010,216,104.0523,-64.0347
240,8010,224,104.1325,-64.2340
240,8010,232,104.2520,-64.5088
240,8010,240,104.5735,-65.1447
240,8010,248,104.6571,-65.2948
240,8010,256,104.9620,-65.7980
240,8010,264,105.0169,-65.8837
240,8010,272,105.4848,-66.5701
240,8010,280,105.7340,-66.9249
240,8010,288,105.8854,-67.1327
240,8010,296,106.5477,-67.9691
240,8010,304,106.9930,-68.4959
240,8010,312,107.3171,-68.8236
240,8010,320,108.1871,-69.5658
240,8010,328,108.3596,-69.6997
240,8010,336,108.8739,-70.0073
240,8010,344,109.6555,-70.4097
240,8010,352,109.7553,-70.4580
240,8010,360,109.8139,-70.4816
240,8010,368,110.0240,-70.5379
240,8010,376,110.2707,-70.5518
240,8010,384,110.7092,-70.5470
240,8010,392,110.7857,-70.5464
240,8010,400,110.9525,-70.5401
240,8010,408,111.0797,-70.5280
240,8010,416,111.2099,-70.5115
240,8010,424,111.4862,-70.4633
240,8010,432,111.7884,-70.4222
240,8010,440,111.8843,-70.4131
240,8010,448,112.2321,-70.3562
240,8010,456,112.2617,-70.3510
240,8010,464,112.3380,-70.3360
240,8010,472,112.6948,-70.2404
240,8010,480,113.3574,-70.1774
240,8010,488,113.4516,-70.1876
240,8010,496,113.5206,-70.1954
240,8010,504,113.5943,-70.2029
240,8010,512,113.8947,-70.2014
240,8010,520,114.6889,-70.2202
240,8010,528,116.2417,-70.7453
240,8010,536,116.9969,-71.0136
240,8010,544,117.2478,-71.0746
240,8010,552,117.9816,-71.1555
240,8010,560,118.0326,-71.1603
240,8010,568,118.4240,-71.1683
240,8010,576,119.5281,-71.1785
240,8010,584,119.7746,-71.1989
240,8010,592,119.9990,-71.2093
240,8010,600,120.1080,-71.2064
240,8010,608,120.6029,-71.1271
240,8010,616,121.8576,-71.0414
240,8010,624,123.9754,-71.2318
240,8010,632,126.0698,-71.3008
240,8010,640,126.1944,-71.2978
240,8010,648,126.3500,-71.2840
240,8010,656,126.5089,-71.2535
240,8010,664,126.6225,-71.2207
240,8010,672,126.8178,-71.1415
240,8010,680,127.4738,-70.8264
240,8010,688,128.8256,-70.5796
240,8010,696,131.1452,-70.6876
240,8010,704,136.5113,-70.5130
240,8010,712,146.3456,-69.4164
240,8010,720,166.5805,-67.1740
240,8010,728,195.5038,-65.3394
240,8010,736,216.9539,-64.8424
240,8010,744,246.0608,-64.6264
240,8010,752,297.2326,-64.5654
240,8010,760,375.5150,-64.5612
270,9001,0,0.0000,-65.0000
270,9001,8,0.0699,-64.9855
270,9001,16,0.6811,-64.9173
270,9001,24,5.5147,-64.6276
270,9001,32,14.0905,-64.5433
270,9001,40,22.6664,-64.5540
270,9001,48,36.8228,-64.5609
270,9001,56,100.0000,-64.5618
270,9001,64,100.0090,-64.5606
270,9001,72,100.0884,-64.4317
270,9001,80,100.3342,-63.0848
270,9001,88,100.6951,-60.3994
270,9001,96,100.8227,-59.5485
270,9001,104,100.9192,-58.9694
270,9001,112,100.9917,-58.5722
270,9001,120,101.2001,-57.6052
270,9001,128,101.3300,-57.1318
270,9001,136,101.4022,-56.9073
270,9001,144,101.6604,-56.3048
270,9001,152,101.8237,-56.0656
270,9001,160,101.9368,-55.9514
270,9001,168,102.2861,-55.8246
270,9001,176,102.3399,-55.8344
270,9001,184,102.6172,-55.9750
270,9001,192,103.4400,-57.5912
270,9001,200,103.5247,-57.8695
270,9001,208,103.6894,-58.4536
270,9001,216,103.7813,-58.7970
270,9001,224,104.0900,-59.9783
270,9001,232,104.2182,-60.4669
270,9001,240,104.5450,-61.6567
270,9001,248,104.6165,-61.9030
270,9001,256,104.7008,-62.1849
270,9001,264,104.7302,-62.2806
270,9001,272,104.8350,-62.6055
270,9001,280,104.9100,-62.8212
270,9001,288,104.9268,-62.8675
270,9001,296,105.0952,-63.2912
270,9001,304,105.6445,-64.3360
270,9001,312,105.6985,-64.4271
270,9001,320,105.7520,-64.5150
270,9001,328,105.8103,-64.6063
270,9001,336,106.2052,-65.1438
270,9001,344,107.2010,-66.4463
270,9001,352,107.2507,-66.5141
270,9001,360,107.6365,-67.0048
270,9001,368,107.8839,-67.2976
270,9001,376,107.9273,-67.3473
270,9001,384,107.9680,-67.3911
270,9001,392,108.1350,-67.5408
270,9001,400,108.1556,-67.5560
270,9001,408,108.3121,-67.6406
270,9001,416,108.9501,-67.8521
270,9001,424,109.5500,-68.1802
270,9001,432,109.8070,-68.3351
270,9001,440,110.2661,-68.6138
270,9001,448,110.4001,-68.6924
270,9001,456,110.5095,-68.7440
270,9001,464,111.1006,-68.9576
270,9001,472,111.9250,-69.3415
270,9001,480,111.9891,-69.3753
270,9001,488,112.1358,-69.4472
270,9001,496,112.2776,-69.5018
270,9001,504,112.5490,-69.5541
270,9001,512,112.6166,-69.5595
270,9001,520,112.8600,-69.5500
270,9001,528,112.9450,-69.5405
270,9001,536,113.0012,-69.5312
270,9001,544,113.4290,-69.4099
270,9001,552,113.8807,-69.3464
270,9001,560,114.0731,-69.3507
270,9001,568,114.8021,-69.4445
270,9001,576,116.2450,-69.9993
270,9001,584,116.3081,-70.0258
270,9001,592,116.7309,-70.1585
270,9001,600,117.8937,-70.4146
270,9001,608,118.6019,-70.5764
270,9001,616,118.8387,-70.6124
270,9001,624,119.5380,-70.6316
270,9001,632,121.2306,-70.7476
270,9001,640,122.5467,-70.8490
270,9001,648,122.8103,-70.8468
270,9001,656,123.2204,-70.7947
270,9001,664,123.3111,-70.7799
270,9001,672,123.7833,-70.6584
270,9001,680,124.3818,-70.5097
270,9001,688,124.5782,-70.4699
270,9001,696,124.9493,-70.3768
270,9001,704,125.0991,-70.3372
270,9001,712,125.2592,-70.2888
270,9001,720,125.4316,-70.2289
270,9001,728,125.8301,-70.0649
270,9001,736,125.8965,-70.0379
270,9001,744,125.9521,-70.0143
270,9001,752,126.1039,-69.9417
270,9001,760,126.7456,-69.6111
270,9001,768,128.0556,-69.4634
270,9001,776,130.9904,-69.9930
270,9001,784,131.6513,-70.0704
270,9001,792,131.8600,-70.0815
270,9001,800,132.6248,-70.0101
270,9001,808,134.2382,-69.9208
270,9001,816,137.2081,-69.8888
270,9001,824,142.6597,-69.4657
270,9001,832,152.9293,-68.2951
270,9001,840,167.3160,-66.8456
270,9001,848,181.7027,-65.8301
270,9001,856,200.4681,-65.1012
270,9001,864,236.1842,-64.6524
270,9001,872,259.1558,-64.5900
270,9001,880,328.6207,-64.5622
270,9001,888,539.4816,-64.5606
270,9001,896,927.9911,-64.5588
270,9001,904,1137.0244,-64.5579
270,9001,912,1192.9931,-64.5607
270,9001,920,1221.3608,-64.5614
270,9002,0,0.0000,-65.0000
270,9002,8,0.0699,-64.9855
270,9002,16,0.6811,-64.9173
270,9002,24,5.5147,-64.6276
270,9002,32,14.0905,-64.5433
270,9002,40,22.6664,-64.5540
270,9002,48,36.8228,-64.5609
270,9002,56,100.0000,-64.5618
270,9002,64,100.0090,-64.5606
270,9002,72,100.0884,-64.4317
270,9002,80,100.3342,-63.0848
270,9002,88,100.6951,-60.3994
270,9002,96,100.8227,-59.5485
270,9002,104,100.9192,-58.9694
270,9002,112,100.9917,-58.5722
270,9002,120,101.2001,-57.6052
270,9002,128,101.3300,-57.1318
270,9002,136,101.4022,-56.9073
270,9002,144,101.6604,-56.3048
270,9002,152,101.8237,-56.0656
270,9002,160,101.9368,-55.9514
270,9002,168,102.2861,-55.8246
270,9002,176,102.3399,-55.8344
270,9002,184,102.6172,-55.9750
270,9002,192,103.4400,-57.5912
270,9002,200,103.5247,-57.8695
270,9002,208,103.6894,-58.4536
270,9002,216,103.7813,-58.7970
270,9002,224,104.0900,-59.9783
270,9002,232,104.2182,-60.4669
270,9002,240,104.5450,-61.6567
270,9002,248,104.6165,-61.9030
270,9002,256,104.7008,-62.1849
270,9002,264,104.7302,-62.2806
270,9002,272,104.8350,-62.6055
270,9002,280,104.9100,-62.8212
270,9002,288,104.9268,-62.8675
270,9002,296,105.0952,-63.2912
270,9002,304,105.6445,-64.3360
270,9002,312,105.6985,-64.4271
270,9002,320,105.7520,-64.5150
270,9002,328,105.8103,-64.6063
270,9002,336,106.2052,-65.1438
270,9002,344,107.2010,-66.4463
270,9002,352,107.2507,-66.5141
270,9002,360,107.6365,-67.0048
270,9002,368,107.8839,-67.2976
270,9002,376,107.9273,-67.3473
270,9002,384,107.9680,-67.3911
270,9002,392,108.1350,-67.5408
270,9002,400,108.1556,-67.5560
270,9002,408,108.3121,-67.6406
270,9002,416,108.9501,-67.8521
270,9002,424,109.5500,-68.1802
270,9002,432,109.8070,-68.3351
270,9002,440,110.2661,-68.6138
270,9002,448,110.4001,-68.6924
270,9002,456,110.5095,-68.7440
270,9002,464,111.1006,-68.9576
270,9002,472,111.9250,-69.3415
270,9002,480,111.9891,-69.3753
270,9002,488,112.1358,-69.4472
270,9002,496,112.2776,-69.5018
270,9002,504,112.5490,-69.5541
270,9002,512,112.6166,-69.5595
270,9002,520,112.8600,-69.5500
270,9002,528,112.9450,-69.5405
270,9002,536,113.0012,-69.5312
270,9002,544,113.4290,-69.4099
270,9002,552,113.8807,-69.3464
270,9002,560,114.0731,-69.3507
270,9002,568,114.8021,-69.4445
270,9002,576,116.2450,-69.9993
270,9002,584,116.3081,-70.0258
270,9002,592,116.7309,-70.1585
270,9002,600,117.8937,-70.4146
270,9002,608,118.6019,-70.5764
270,9002,616,118.8387,-70.6124
270,9002,624,119.5380,-70.6316
270,9002,632,121.2306,-70.7476
270,9002,640,122.5467,-70.8490
270,9002,648,122.8103,-70.8468
270,9002,656,123.2204,-70.7947
270,9002,664,123.3111,-70.7799
270,9002,672,123.7833,-70.6584
270,9002,680,124.3818,-70.5097
270,9002,688,124.5782,-70.4699
270,9002,696,124.9493,-70.3768
270,9002,704,125.0991,-70.3372
270,9002,712,125.2592,-70.2888
270,9002,720,125.4316,-70.2289
270,9002,728,125.8301,-70.0649
270,9002,736,125.8965,-70.0379
270,9002,744,125.9521,-70.0143
270,9002,752,126.1039,-69.9417
270,9002,760,126.7456,-69.6111
270,9002,768,128.0556,-69.4634
270,9002,776,130.9904,-69.9930
270,9002,784,131.6513,-70.0704
270,9002,792,131.8600,-70.0815
270,9002,800,132.6248,-70.0101
270,9002,808,134.2382,-69.9208
270,9002,816,137.2081,-69.8888
270,9002,824,142.6597,-69.4657
270,9002,832,152.9293,-68.2951
270,9002,840,167.3160,-66.8456
270,9002,848,181.7027,-65.8301
270,9002,856,200.4681,-65.1012
270,9002,864,236.1842,-64.6524
270,9002,872,259.1558,-64.5900
270,9002,880,328.6207,-64.5622
270,9002,888,539.4816,-64.5606
270,9002,896,927.9911,-64.5588
270,9002,904,1137.0244,-64.5579
270,9002,912,1192.9931,-64.5607
270,9002,920,1221.3608,-64.5614
270,9003,0,0.0000,-65.0000
270,9003,8,0.0699,-64.9855
270,9003,16,0.6811,-64.9173
270,9003,24,5.5147,-64.6276
270,9003,32,14.0905,-64.5433
270,9003,40,22.6664,-64.5540
270,9003,48,36.8228,-64.5609
270,9003,56,100.0000,-64.5618
270,9003,64,100.0090,-64.5606
270,9003,72,100.0884,-64.4317
270,9003,80,100.3342,-63.0848
270,9003,88,100.6951,-60.3994
270,9003,96,100.8227,-59.5485
270,9003,104,100.9192,-58.9694
270,9003,112,100.9917,-58.5722
270,9003,120,101.2001,-57.6052
270,9003,128,101.3300,-57.1318
270,9003,136,101.4022,-56.9073
270,9003,144,101.6604,-56.3048
270,9003,152,101.8237,-56.0656
270,9003,160,101.9368,-55.9514
270,9003,168,102.2861,-55.8246
270,9003,176,102.3399,-55.8344
270,9003,184,102.6172,-55.9750
270,9003,192,103.4400,-57.5912
270,9003,200,103.5247,-57.8695
270,9003,208,103.6894,-58.4536
270,9003,216,103.7813,-58.7970
270,9003,224,104.0900,-59.9783
270,9003,232,104.2182,-60.4669
270,9003,240,104.5450,-61.6567
270,9003,248,104.6165,-61.9030
270,9003,256,104.7008,-62.1849
270,9003,264,104.7302,-62.2806
270,9003,272,104.8350,-62.6055
270,9003,280,104.9100,-62.8212
270,9003,288,104.9268,-62.8675
270,9003,296,105.0952,-63.2912
270,9003,304,105.6445,-64.3360
270,9003,312,105.6985,-64.4271
270,9003,320,105.7520,-64.5150
270,9003,328,105.8103,-64.6063
270,9003,336,106.2052,-65.1438
270,9003,344,107.2010,-66.4463
270,9003,352,107.2507,-66.5141
270,9003,360,107.6365,-67.0048
270,9003,368,107.8839,-67.2976
270,9003,376,107.9273,-67.3473
270,9003,384,107.9680,-67.3911
270,9003,392,108.1350,-67.5408
270,9003,400,108.1556,-67.5560
270,9003,408,108.3121,-67.6406
270,9003,416,108.9501,-67.8521
270,9003,424,109.5500,-68.1802
270,9003,432,109.8070,-68.3351
270,9003,440,110.2661,-68.6138
270,9003,448,110.4001,-68.6924
270,9003,456,110.5095,-68.7440
270,9003,464,111.1006,-68.9576
270,9003,472,111.9250,-69.3415
270,9003,480,111.9891,-69.3753
270,9003,488,112.1358,-69.4472
270,9003,496,112.2776,-69.5018
270,9003,504,112.5490,-69.5541
270,9003,512,112.6166,-69.5595
270,9003,520,112.8600,-69.5500
270,9003,528,112.9450,-69.5405
270,9003,536,113.0012,-69.5312
270,9003,544,113.4290,-69.4099
270,9003,552,113.8807,-69.3464
270,9003,560,114.0731,-69.3507
270,9003,568,114.8021,-69.4445
270,9003,576,116.2450,-69.9993
270,9003,584,116.3081,-70.0258
270,9003,592,116.7309,-70.1585
270,9003,600,117.8937,-70.4146
270,9003,608,118.6019,-70.5764
270,9003,616,118.8387,-70.6124
270,9003,624,119.5380,-70.6316
270,9003,632,121.2306,-70.7476
270,9003,640,122.5467,-70.8490
270,9003,648,122.8103,-70.8468
270,9003,656,123.2204,-70.7947
270,9003,664,123.3111,-70.7799
270,9003,672,123.7833,-70.6584
270,9003,680,124.3818,-70.5097
270,9003,688,124.5782,-70.4699
270,9003,696,124.9493,-70.3768
270,9003,704,125.0991,-70.3372
270,9003,712,125.2592,-70.2888
270,9003,720,125.4316,-70.2289
270,9003,728,125.8301,-70.0649
270,9003,736,125.8965,-70.0379
270,9003,744,125.9521,-70.0143
270,9003,752,126.1039,-69.9417
270,9003,760,126.7456,-69.6111
270,9003,768,128.0556,-69.4634
270,9003,776,130.9904,-69.9930
270,9003,784,131.6513,-70.0704
270,9003,792,131.8600,-70.0815
270,9003,800,132.6248,-70.0101
270,9003,808,134.2382,-69.9208
270,9003,816,137.2081,-69.8888
270,9003,824,142.6597,-69.4657
270,9003,832,152.9293,-68.2951
270,9003,840,167.3160,-66.8456
270,9003,848,181.7027,-65.8301
270,9003,856,200.4681,-65.1012
270,9003,864,236.1842,-64.6524
270,9003,872,259.1558,-64.5900
270,9003,880,328.6207,-64.5622
270,9003,888,539.4816,-64.5606
270,9003,896,927.9911,-64.5588
270,9003,904,1137.0244,-64.5579
270,9003,912,1192.9931,-64.5607
270,9003,920,1221.3608,-64.5614
270,9004,0,0.0000,-65.0000
270,9004,8,0.0699,-64.9855
270,9004,16,0.6811,-64.9173
270,9004,24,5.5147,-64.6276
270,9004,32,14.0905,-64.5433
270,9004,40,22.6664,-64.5540
270,9004,48,36.8228,-64.5609
270,9004,56,100.0000,-64.5618
270,9004,64,100.0090,-64.5606
270,9004,72,100.0884,-64.4317
270,9004,80,100.3342,-63.0848
270,9004,88,100.6951,-60.3994
270,9004,96,100.8227,-59.5485
270,9004,104,100.9192,-58.9694
270,9004,112,100.9917,-58.5722
270,9004,120,101.2001,-57.6052
270,9004,128,101.3300,-57.1318
270,9004,136,101.4022,-56.9073
270,9004,144,101.6604,-56.3048
270,9004,152,101.8237,-56.0656
270,9004,160,101.9368,-55.9514
270,9004,168,102.2861,-55.8246
270,9004,176,102.3399,-55.8344
270,9004,184,102.6172,-55.9750
270,9004,192,103.4400,-57.5912
270,9004,200,103.5247,-57.8695
270,9004,208,103.6894,-58.4536
270,9004,216,103.7813,-58.7970
270,9004,224,104.0900,-59.9783
270,9004,232,104.2182,-60.4669
270,9004,240,104.5450,-61.6567
270,9004,248,104.6165,-61.9030
270,9004,256,104.7008,-62.1849
270,9004,264,104.7302,-62.2806
270,9004,272,104.8350,-62.6055
270,9004,280,104.9100,-62.8212
270,9004,288,104.9268,-62.8675
270,9004,296,105.0952,-63.2912
270,9004,304,105.6445,-64.3360
270,9004,312,105.6985,-64.4271
270,9004,320,105.7520,-64.5150
270,9004,328,105.8103,-64.6063
270,9004,336,106.2052,-65.1438
270,9004,344,107.2010,-66.4463
270,9004,352,107.2507,-66.5141
270,9004,360,107.6365,-67.0048
270,9004,368,107.8839,-67.2976
270,9004,376,107.9273,-67.3473
270,9004,384,107.9680,-67.3911
270,9004,392,108.1350,-67.5408
270,9004,400,108.1556,-67.5560
270,9004,408,108.3121,-67.6406
270,9004,416,108.9501,-67.8521
270,9004,424,109.5500,-68.1802
270,9004,432,109.8070,-68.3351
270,9004,440,110.2661,-68.6138
270,9004,448,110.4001,-68.6924
270,9004,456,110.5095,-68.7440
270,9004,464,111.1006,-68.9576
270,9004,472,111.9250,-69.3415
270,9004,480,111.9891,-69.3753
270,9004,488,112.1358,-69.4472
270,9004,496,112.2776,-69.5018
270,9004,504,112.5490,-69.5541
270,9004,512,112.6166,-69.5595
270,9004,520,112.8600,-69.5500
270,9004,528,112.9450,-69.5405
270,9004,536,113.0012,-69.5312
270,9004,544,113.4290,-69.4099
270,9004,552,113.8807,-69.3464
270,9004,560,114.0731,-69.3507
270,9004,568,114.8021,-69.4445
270,9004,576,116.2450,-69.9993
270,9004,584,116.3081,-70.0258
270,9004,592,116.7309,-70.1585
270,9004,600,117.8937,-70.4146
270,9004,608,118.6019,-70.5764
270,9004,616,118.8387,-70.6124
270,9004,624,119.5380,-70.6316
270,9004,632,121.2306,-70.7476
270,9004,640,122.5467,-70.8490
270,9004,648,122.8103,-70.8468
270,9004,656,123.2204,-70.7947
270,9004,664,123.3111,-70.7799
270,9004,672,123.7833,-70.6584
270,9004,680,124.3818,-70.5097
270,9004,688,124.5782,-70.4699
270,9004,696,124.9493,-70.3768
270,9004,704,125.0991,-70.3372
270,9004,712,125.2592,-70.2888
270,9004,720,125.4316,-70.2289
270,9004,728,125.8301,-70.0649
270,9004,736,125.8965,-70.0379
270,9004,744,125.9521,-70.0143
270,9004,752,126.1039,-69.9417
270,9004,760,126.7456,-69.6111
270,9004,768,128.0556,-69.4634
270,9004,776,130.9904,-69.9930
270,9004,784,131.6513,-70.0704
270,9004,792,131.8600,-70.0815
270,9004,800,132.6248,-70.0101
270,9004,808,134.2382,-69.9208
270,9004,816,137.2081,-69.8888
270,9004,824,142.6597,-69.4657
270,9004,832,152.9293,-68.2951
270,9004,840,167.3160,-66.8456
270,9004,848,181.7027,-65.8301
270,9004,856,200.4681,-65.1012
270,9004,864,236.1842,-64.6524
270,9004,872,259.1558,-64.5900
270,9004,880,328.6207,-64.5622
270,9004,888,539.4816,-64.5606
270,9004,896,927.9911,-64.5588
270,9004,904,1137.0244,-64.5579
270,9004,912,1192.9931,-64.5607
270,9004,920,1221.3608,-64.5614
270,9005,0,0.0000,-65.0000
270,9005,8,0.0699,-64.9855
270,9005,16,0.6811,-64.9173
270,9005,24,5.5147,-64.6276
270,9005,32,14.0905,-64.5433
270,9005,40,22.6664,-64.5540
270,9005,48,36.8228,-64.5609
270,9005,56,100.0000,-64.5618
270,9005,64,100.0090,-64.5606
270,9005,72,100.0884,-64.4317
270,9005,80,100.3342,-63.0848
270,9005,88,100.6951,-60.3994
270,9005,96,100.8227,-59.5485
270,9005,104,100.9192,-58.9694
270,9005,112,100.9917,-58.5722
270,9005,120,101.2001,-57.6052
270,9005,128,101.3300,-57.1318
270,9005,136,101.4022,-56.9073
270,9005,144,101.6604,-56.3048
270,9005,152,101.8237,-56.0656
270,9005,160,101.9368,-55.9514
270,9005,168,102.2861,-55.8246
270,9005,176,102.3399,-55.8344
270,9005,184,102.6172,-55.9750
270,9005,192,103.4400,-57.5912
270,9005,200,103.5247,-57.8695
270,9005,208,103.6894,-58.4536
270,9005,216,103.7813,-58.7970
270,9005,224,104.0900,-59.9783
270,9005,232,104.2182,-60.4669
270,9005,240,104.5450,-61.6567
270,9005,248,104.6165,-61.9030
270,9005,256,104.7008,-62.1849
270,9005,264,104.7302,-62.2806
270,9005,272,104.8350,-62.6055
270,9005,280,104.9100,-62.8212
270,9005,288,104.9268,-62.8675
270,9005,296,105.0952,-63.2912
270,9005,304,105.6445,-64.3360
270,9005,312,105.6985,-64.4271
270,9005,320,105.7520,-64.5150
270,9005,328,105.8103,-64.6063
270,9005,336,106.2052,-65.1438
270,9005,344,107.2010,-66.4463
270,9005,352,107.2507,-66.5141
270,9005,360,107.6365,-67.0048
270,9005,368,107.8839,-67.2976
270,9005,376,107.9273,-67.3473
270,9005,384,107.9680,-67.3911
270,9005,392,108.1350,-67.5408
270,9005,400,108.1556,-67.5560
270,9005,408,108.3121,-67.6406
270,9005,416,108.9501,-67.8521
270,9005,424,109.5500,-68.1802
270,9005,432,109.8070,-68.3351
270,9005,440,110.2661,-68.6138
270,9005,448,110.4001,-68.6924
270,9005,456,110.5095,-68.7440
270,9005,464,111.1006,-68.9576
270,9005,472,111.9250,-69.3415
270,9005,480,111.9891,-69.3753
270,9005,488,112.1358,-69.4472
270,9005,496,112.2776,-69.5018
270,9005,504,112.5490,-69.5541
270,9005,512,112.6166,-69.5595
270,9005,520,112.8600,-69.5500
270,9005,528,112.9450,-69.5405
270,9005,536,113.0012,-69.5312
270,9005,544,113.4290,-69.4099
270,9005,552,113.8807,-69.3464
270,9005,560,114.0731,-69.3507
270,9005,568,114.8021,-69.4445
270,9005,576,116.2450,-69.9993
270,9005,584,116.3081,-70.0258
270,9005,592,116.7309,-70.1585
270,9005,600,117.8937,-70.4146
270,9005,608,118.6019,-70.5764
270,9005,616,118.8387,-70.6124
270,9005,624,119.5380,-70.6316
270,9005,632,121.2306,-70.7476
270,9005,640,122.5467,-70.8490
270,9005,648,122.8103,-70.8468
270,9005,656,123.2204,-70.7947
270,9005,664,123.3111,-70.7799
270,9005,672,123.7833,-70.6584
270,9005,680,124.3818,-70.5097
270,9005,688,124.5782,-70.4699
270,9005,696,124.9493,-70.3768
270,9005,704,125.0991,-70.3372
270,9005,712,125.2592,-70.2888
270,9005,720,125.4316,-70.2289
270,9005,728,125.8301,-70.0649
270,9005,736,125.8965,-70.0379
270,9005,744,125.9521,-70.0143
270,9005,752,126.1039,-69.9417
270,9005,760,126.7456,-69.6111
270,9005,768,128.0556,-69.4634
270,9005,776,130.9904,-69.9930
270,9005,784,131.6513,-70.0704
270,9005,792,131.8600,-70.0815
270,9005,800,132.6248,-70.0101
270,9005,808,134.2382,-69.9208
270,9005,816,137.2081,-69.8888
270,9005,824,142.6597,-69.4657
270,9005,832,152.9293,-68.2951
270,9005,840,167.3160,-66.8456
270,9005,848,181.7027,-65.8301
270,9005,856,200.4681,-65.1012
270,9005,864,236.1842,-64.6524
270,9005,872,259.1558,-64.5900
270,9005,880,328.6207,-64.5622
270,9005,888,539.4816,-64.5606
270,9005,896,927.9911,-64.5588
270,9005,904,1137.0244,-64.5579
270,9005,912,1192.9931,-64.5607
270,9005,920,1221.3608,-64.5614
270,9006,0,0.0000,-65.0000
270,9006,8,0.0699,-64.9855
270,9006,16,0.6811,-64.9173
270,9006,24,5.5147,-64.6276
270,9006,32,14.0905,-64.5433
270,9006,40,22.6664,-64.5540
270,9006,48,36.8228,-64.5609
270,9006,56,100.0000,-64.5618
270,9006,64,100.0090,-64.5606
270,9006,72,100.0884,-64.4317
270,9006,80,100.3342,-63.0848
270,9006,88,100.6951,-60.3994
270,9006,96,100.8227,-59.5485
270,9006,104,100.9192,-58.9694
270,9006,112,100.9917,-58.5722
270,9006,120,101.2001,-57.6052
270,9006,128,101.3300,-57.1318
270,9006,136,101.4022,-56.9073
270,9006,144,101.6604,-56.3048
270,9006,152,101.8237,-56.0656
270,9006,160,101.9368,-55.9514
270,9006,168,102.2861,-55.8246
270,9006,176,102.3399,-55.8344
270,9006,184,102.6172,-55.9750
270,9006,192,103.4400,-57.5912
270,9006,200,103.5247,-57.8695
270,9006,208,103.6894,-58.4536
270,9006,216,103.7813,-58.7970
270,9006,224,104.0900,-59.9783
270,9006,232,104.2182,-60.4669
270,9006,240,104.5450,-61.6567
270,9006,248,104.6165,-61.9030
270,9006,256,104.7008,-62.1849
270,9006,264,104.7302,-62.2806
270,9006,272,104.8350,-62.6055
270,9006,280,104.9100,-62.8212
270,9006,288,104.9268,-62.8675
270,9006,296,105.0952,-63.2912
270,9006,304,105.6445,-64.3360
270,9006,312,105.6985,-64.4271
270,9006,320,105.7520,-64.5150
270,9006,328,105.8103,-64.6063
270,9006,336,106.2052,-65.1438
270,9006,344,107.2010,-66.4463
270,9006,352,107.2507,-66.5141
270,9006,360,107.6365,-67.0048
270,9006,368,107.8839,-67.2976
270,9006,376,107.9273,-67.3473
270,9006,384,107.9680,-67.3911
270,9006,392,108.1350,-67.5408
270,9006,400,108.1556,-67.5560
270,9006,408,108.3121,-67.6406
270,9006,416,108.9501,-67.8521
270,9006,424,109.5500,-68.1802
270,9006,432,109.8070,-68.3351
270,9006,440,110.2661,-68.6138
270,9006,448,110.4001,-68.6924
270,9006,456,110.5095,-68.7440
270,9006,464,111.1006,-68.9576
270,9006,472,111.9250,-69.3415
270,9006,480,111.9891,-69.3753
270,9006,488,112.1358,-69.4472
270,9006,496,112.2776,-69.5018
270,9006,504,112.5490,-69.5541
270,9006,512,112.6166,-69.5595
270,9006,520,112.8600,-69.5500
270,9006,528,112.9450,-69.5405
270,9006,536,113.0012,-69.5312
270,9006,544,113.4290,-69.4099
270,9006,552,113.8807,-69.3464
270,9006,560,114.0731,-69.3507
270,9006,568,114.8021,-69.4445
270,9006,576,116.2450,-69.9993
270,9006,584,116.3081,-70.0258
270,9006,592,116.7309,-70.1585
270,9006,600,117.8937,-70.4146
270,9006,608,118.6019,-70.5764
270,9006,616,118.8387,-70.6124
270,9006,624,119.5380,-70.6316
270,9006,632,121.2306,-70.7476
270,9006,640,122.5467,-70.8490
270,9006,648,122.8103,-70.8468
270,9006,656,123.2204,-70.7947
270,9006,664,123.3111,-70.7799
270,9006,672,123.7833,-70.6584
270,9006,680,124.3818,-70.5097
270,9006,688,124.5782,-70.4699
270,9006,696,124.9493,-70.3768
270,9006,704,125.0991,-70.3372
270,9006,712,125.2592,-70.2888
270,9006,720,125.4316,-70.2289
270,9006,728,125.8301,-70.0649
270,9006,736,125.8965,-70.0379
270,9006,744,125.9521,-70.0143
270,9006,752,126.1039,-69.9417
270,9006,760,126.7456,-69.6111
270,9006,768,128.0556,-69.4634
270,9006,776,130.9904,-69.9930
270,9006,784,131.6513,-70.0704
270,9006,792,131.8600,-70.0815
270,9006,800,132.6248,-70.0101
270,9006,808,134.2382,-69.9208
270,9006,816,137.2081,-69.8888
270,9006,824,142.6597,-69.4657
270,9006,832,152.9293,-68.2951
270,9006,840,167.3160,-66.8456
270,9006,848,181.7027,-65.8301
270,9006,856,200.4681,-65.1012
270,9006,864,236.1842,-64.6524
270,9006,872,259.1558,-64.5900
270,9006,880,328.6207,-64.5622
270,9006,888,539.4816,-64.5606
270,9006,896,927.9911,-64.5588
270,9006,904,1137.0244,-64.5579
270,9006,912,1192.9931,-64.5607
270,9006,920,1221.3608,-64.5614
270,9007,0,0.0000,-65.0000
270,9007,8,0.0699,-64.9855
270,9007,16,0.6811,-64.9173
270,9007,24,5.5147,-64.6276
270,9007,32,14.0905,-64.5433
270,9007,40,22.6664,-64.5540
270,9007,48,36.8228,-64.5609
270,9007,56,100.0000,-64.5618
270,9007,64,100.0090,-64.5606
270,9007,72,100.0884,-64.4317
270,9007,80,100.3342,-63.0848
270,9007,88,100.6951,-60.3994
270,9007,96,100.8227,-59.5485
270,9007,104,100.9192,-58.9694
270,9007,112,100.9917,-58.5722
270,9007,120,101.2001,-57.6052
270,9007,128,101.3300,-57.1318
270,9007,136,101.4022,-56.9073
270,9007,144,101.6604,-56.3048
270,9007,152,101.8237,-56.0656
270,9007,160,101.9368,-55.9514
270,9007,168,102.2861,-55.8246
270,9007,176,102.3399,-55.8344
270,9007,184,102.6172,-55.9750
270,9007,192,103.4400,-57.5912
270,9007,200,103.5247,-57.8695
270,9007,208,103.6894,-58.4536
270,9007,216,103.7813,-58.7970
270,9007,224,104.0900,-59.9783
270,9007,232,104.2182,-60.4669
270,9007,240,104.5450,-61.6567
270,9007,248,104.6165,-61.9030
270,9007,256,104.7008,-62.1849
270,9007,264,104.7302,-62.2806
270,9007,272,104.8350,-62.6055
270,9007,280,104.9100,-62.8212
270,9007,288,104.9268,-62.8675
270,9007,296,105.0952,-63.2912
270,9007,304,105.6445,-64.3360
270,9007,312,105.6985,-64.4271
270,9007,320,105.7520,-64.5150
270,9007,328,105.8103,-64.6063
270,9007,336,106.2052,-65.1438
270,9007,344,107.2010,-66.4463
270,9007,352,107.2507,-66.5141
270,9007,360,107.6365,-67.0048
270,9007,368,107.8839,-67.2976
270,9007,376,107.9273,-67.3473
270,9007,384,107.9680,-67.3911
270,9007,392,108.1350,-67.5408
270,9007,400,108.1556,-67.5560
270,9007,408,108.3121,-67.6406
270,9007,416,108.9501,-67.8521
270,9007,424,109.5500,-68.1802
270,9007,432,109.8070,-68.3351
270,9007,440,110.2661,-68.6138
270,9007,448,110.4001,-68.6924
270,9007,456,110.5095,-68.7440
270,9007,464,111.1006,-68.9576
270,9007,472,111.9250,-69.3415
270,9007,480,111.9891,-69.3753
270,9007,488,112.1358,-69.4472
270,9007,496,112.2776,-69.5018
270,9007,504,112.5490,-69.5541
270,9007,512,112.6166,-69.5595
270,9007,520,112.8600,-69.5500
270,9007,528,112.9450,-69.5405
270,9007,536,113.0012,-69.5312
270,9007,544,113.4290,-69.4099
270,9007,552,113.8807,-69.3464
270,9007,560,114.0731,-69.3507
270,9007,568,114.8021,-69.4445
270,9007,576,116.2450,-69.9993
270,9007,584,116.3081,-70.0258
270,9007,592,116.7309,-70.1585
270,9007,600,117.8937,-70.4146
270,9007,608,118.6019,-70.5764
270,9007,616,118.8387,-70.6124
270,9007,624,119.5380,-70.6316
270,9007,632,121.2306,-70.7476
270,9007,640,122.5467,-70.8490
270,9007,648,122.8103,-70.8468
270,9007,656,123.2204,-70.7947
270,9007,664,123.3111,-70.7799
270,9007,672,123.7833,-70.6584
270,9007,680,124.3818,-70.5097
270,9007,688,124.5782,-70.4699
270,9007,696,124.9493,-70.3768
270,9007,704,125.0991,-70.3372
270,9007,712,125.2592,-70.2888
270,9007,720,125.4316,-70.2289
270,9007,728,125.8301,-70.0649
270,9007,736,125.8965,-70.0379
270,9007,744,125.9521,-70.0143
270,9007,752,126.1039,-69.9417
270,9007,760,126.7456,-69.6111
270,9007,768,128.0556,-69.4634
270,9007,776,130.9904,-69.9930
270,9007,784,131.6513,-70.0704
270,9007,792,131.8600,-70.0815
270,9007,800,132.6248,-70.0101
270,9007,808,134.2382,-69.9208
270,9007,816,137.2081,-69.8888
270,9007,824,142.6597,-69.4657
270,9007,832,152.9293,-68.2951
270,9007,840,167.3160,-66.8456
270,9007,848,181.7027,-65.8301
270,9007,856,200.4681,-65.1012
270,9007,864,236.1842,-64.6524
270,9007,872,259.1558,-64.5900
270,9007,880,328.6207,-64.5622
270,9007,888,539.4816,-64.5606
270,9007,896,927.9911,-64.5588
270,9007,904,1137.0244,-64.5579
270,9007,912,1192.9931,-64.5607
270,9007,920,1221.3608,-64.5614
270,9008,0,0.0000,-65.0000
270,9008,8,0.0699,-64.9855
270,9008,16,0.6811,-64.9173
270,9008,24,5.5147,-64.6276
270,9008,32,14.0905,-64.5433
270,9008,40,22.6664,-64.5540
270,9008,48,36.8228,-64.5609
270,9008,56,100.0000,-64.5618
270,9008,64,100.0090,-64.5606
270,9008,72,100.0884,-64.4317
270,9008,80,100.3342,-63.0848
270,9008,88,100.6951,-60.3994
270,9008,96,100.8227,-59.5485
270,9008,104,100.9192,-58.9694
270,9008,112,100.9917,-58.5722
270,9008,120,101.2001,-57.6052
270,9008,128,101.3300,-57.1318
270,9008,136,101.4022,-56.9073
270,9008,144,101.6604,-56.3048
270,9008,152,101.8237,-56.0656
270,9008,160,101.9368,-55.9514
270,9008,168,102.2861,-55.8246
270,9008,176,102.3399,-55.8344
270,9008,184,102.6172,-55.9750
270,9008,192,103.4400,-57.5912
270,9008,200,103.5247,-57.8695
270,9008,208,103.6894,-58.4536
270,9008,216,103.7813,-58.7970
270,9008,224,104.0900,-59.9783
270,9008,232,104.2182,-60.4669
270,9008,240,104.5450,-61.6567
270,9008,248,104.6165,-61.9030
270,9008,256,104.7008,-62.1849
270,9008,264,104.7302,-62.2806
270,9008,272,104.8350,-62.6055
270,9008,280,104.9100,-62.8212
270,9008,288,104.9268,-62.8675
270,9008,296,105.0952,-63.2912
270,9008,304,105.6445,-64.3360
270,9008,312,105.6985,-64.4271
270,9008,320,105.7520,-64.5150
270,9008,328,105.8103,-64.6063
270,9008,336,106.2052,-65.1438
270,9008,344,107.2010,-66.4463
270,9008,352,107.2507,-66.5141
270,9008,360,107.6365,-67.0048
270,9008,368,107.8839,-67.2976
270,9008,376,107.9273,-67.3473
270,9008,384,107.9680,-67.3911
270,9008,392,108.1350,-67.5408
270,9008,400,108.1556,-67.5560
270,9008,408,108.3121,-67.6406
270,9008,416,108.9501,-67.8521
270,9008,424,109.5500,-68.1802
270,9008,432,109.8070,-68.3351
270,9008,440,110.2661,-68.6138
270,9008,448,110.4001,-68.6924
270,9008,456,110.5095,-68.7440
270,9008,464,111.1006,-68.9576
270,9008,472,111.9250,-69.3415
270,9008,480,111.9891,-69.3753
270,9008,488,112.1358,-69.4472
270,9008,496,112.2776,-69.5018
270,9008,504,112.5490,-69.5541
270,9008,512,112.6166,-69.5595
270,9008,520,112.8600,-69.5500
270,9008,528,112.9450,-69.5405
270,9008,536,113.0012,-69.5312
270,9008,544,113.4290,-69.4099
270,9008,552,113.8807,-69.3464
270,9008,560,114.0731,-69.3507
270,9008,568,114.8021,-69.4445
270,9008,576,116.2450,-69.9993
270,9008,584,116.3081,-70.0258
270,9008,592,116.7309,-70.1585
270,9008,600,117.8937,-70.4146
270,9008,608,118.6019,-70.5764
270,9008,616,118.8387,-70.6124
270,9008,624,119.5380,-70.6316
270,9008,632,121.2306,-70.7476
270,9008,640,122.5467,-70.8490
270,9008,648,122.8103,-70.8468
270,9008,656,123.2204,-70.7947
270,9008,664,123.3111,-70.7799
270,9008,672,123.7833,-70.6584
270,9008,680,124.3818,-70.5097
270,9008,688,124.5782,-70.4699
270,9008,696,124.9493,-70.3768
270,9008,704,125.0991,-70.3372
270,9008,712,125.2592,-70.2888
270,9008,720,125.4316,-70.2289
270,9008,728,125.8301,-70.0649
270,9008,736,125.8965,-70.0379
270,9008,744,125.9521,-70.0143
270,9008,752,126.1039,-69.9417
270,9008,760,126.7456,-69.6111
270,9008,768,128.0556,-69.4634
270,9008,776,130.9904,-69.9930
270,9008,784,131.6513,-70.0704
270,9008,792,131.8600,-70.0815
270,9008,800,132.6248,-70.0101
270,9008,808,134.2382,-69.9208
270,9008,816,137.2081,-69.8888
270,9008,824,142.6597,-69.4657
270,9008,832,152.9293,-68.2951
270,9008,840,167.3160,-66.8456
270,9008,848,181.7027,-65.8301
270,9008,856,200.4681,-65.1012
270,9008,864,236.1842,-64.6524
270,9008,872,259.1558,-64.5900
270,9008,880,328.6207,-64.5622
270,9008,888,539.4816,-64.5606
270,9008,896,927.9911,-64.5588
270,9008,904,1137.0244,-64.5579
270,9008,912,1192.9931,-64.5607
270,9008,920,1221.3608,-64.5614
270,9009,0,0.0000,-65.0000
270,9009,8,0.0699,-64.9855
270,9009,16,0.6811,-64.9173
270,9009,24,5.5147,-64.6276
270,9009,32,14.0905,-64.5433
270,9009,40,22.6664,-64.5540
270,9009,48,36.8228,-64.5609
270,9009,56,100.0000,-64.5618
270,9009,64,100.0090,-64.5606
270,9009,72,100.0884,-64.4317
270,9009,80,100.3342,-63.0848
270,9009,88,100.6951,-60.3994
270,9009,96,100.8227,-59.5485
270,9009,104,100.9192,-58.9694
270,9009,112,100.9917,-58.5722
270,9009,120,101.2001,-57.6052
270,9009,128,101.3300,-57.1318
270,9009,136,101.4022,-56.9073
270,9009,144,101.6604,-56.3048
270,9009,152,101.8237,-56.0656
270,9009,160,101.9368,-55.9514
270,9009,168,102.2861,-55.8246
270,9009,176,102.3399,-55.8344
270,9009,184,102.6172,-55.9750
270,9009,192,103.4400,-57.5912
270,9009,200,103.5247,-57.8695
270,9009,208,103.6894,-58.4536
270,9009,216,103.7813,-58.7970
270,9009,224,104.0900,-59.9783
270,9009,232,104.2182,-60.4669
270,9009,240,104.5450,-61.6567
270,9009,248,104.6165,-61.9030
270,9009,256,104.7008,-62.1849
270,9009,264,104.7302,-62.2806
270,9009,272,104.8350,-62.6055
270,9009,280,104.9100,-62.8212
270,9009,288,104.9268,-62.8675
270,9009,296,105.0952,-63.2912
270,9009,304,105.6445,-64.3360
270,9009,312,105.6985,-64.4271
270,9009,320,105.7520,-64.5150
270,9009,328,105.8103,-64.6063
270,9009,336,106.2052,-65.1438
270,9009,344,107.2010,-66.4463
270,9009,352,107.2507,-66.5141
270,9009,360,107.6365,-67.0048
270,9009,368,107.8839,-67.2976
270,9009,376,107.9273,-67.3473
270,9009,384,107.9680,-67.3911
270,9009,392,108.1350,-67.5408
270,9009,400,108.1556,-67.5560
270,9009,408,108.3121,-67.6406
270,9009,416,108.9501,-67.8521
270,9009,424,109.5500,-68.1802
270,9009,432,109.8070,-68.3351
270,9009,440,110.2661,-68.6138
270,9009,448,110.4001,-68.6924
270,9009,456,110.5095,-68.7440
270,9009,464,111.1006,-68.9576
270,9009,472,111.9250,-69.3415
270,9009,480,111.9891,-69.3753
270,9009,488,112.1358,-69.4472
270,9009,496,112.2776,-69.5018
270,9009,504,112.5490,-69.5541
270,9009,512,112.6166,-69.5595
270,9009,520,112.8600,-69.5500
270,9009,528,112.9450,-69.5405
270,9009,536,113.0012,-69.5312
270,9009,544,113.4290,-69.4099
270,9009,552,113.8807,-69.3464
270,9009,560,114.0731,-69.3507
270,9009,568,114.8021,-69.4445
270,9009,576,116.2450,-69.9993
270,9009,584,116.3081,-70.0258
270,9009,592,116.7309,-70.1585
270,9009,600,117.8937,-70.4146
270,9009,608,118.6019,-70.5764
270,9009,616,118.8387,-70.6124
270,9009,624,119.5380,-70.6316
270,9009,632,121.2306,-70.7476
270,9009,640,122.5467,-70.8490
270,9009,648,122.8103,-70.8468
270,9009,656,123.2204,-70.7947
270,9009,664,123.3111,-70.7799
270,9009,672,123.7833,-70.6584
270,9009,680,124.3818,-70.5097
270,9009,688,124.5782,-70.4699
270,9009,696,124.9493,-70.3768
270,9009,704,125.0991,-70.3372
270,9009,712,125.2592,-70.2888
270,9009,720,125.4316,-70.2289
270,9009,728,125.8301,-70.0649
270,9009,736,125.8965,-70.0379
270,9009,744,125.9521,-70.0143
270,9009,752,126.1039,-69.9417
270,9009,760,126.7456,-69.6111
270,9009,768,128.0556,-69.4634
270,9009,776,130.9904,-69.9930
270,9009,784,131.6513,-70.0704
270,9009,792,131.8600,-70.0815
270,9009,800,132.6248,-70.0101
270,9009,808,134.2382,-69.9208
270,9009,816,137.2081,-69.8888
270,9009,824,142.6597,-69.4657
270,9009,832,152.9293,-68.2951
270,9009,840,167.3160,-66.8456
270,9009,848,181.7027,-65.8301
270,9009,856,200.4681,-65.1012
270,9009,864,236.1842,-64.6524
270,9009,872,259.1558,-64.5900
270,9009,880,328.6207,-64.5622
270,9009,888,539.4816,-64.5606
270,9009,896,927.9911,-64.5588
270,9009,904,1137.0244,-64.5579
270,9009,912,1192.9931,-64.5607
270,9009,920,1221.3608,-64.5614
270,9010,0,0.0000,-65.0000
270,9010,8,0.0699,-64.9855
270,9010,16,0.6811,-64.9173
270,9010,24,5.5147,-64.6276
270,9010,32,14.0905,-64.5433
270,9010,40,22.6664,-64.5540
270,9010,48,36.8228,-64.5609
270,9010,56,100.0000,-64.5618
270,9010,64,100.0090,-64.5606
270,9010,72,100.0884,-64.4317
270,9010,80,100.3342,-63.0848
270,9010,88,100.6951,-60.3994
270,9010,96,100.8227,-59.5485
270,9010,104,100.9192,-58.9694
270,9010,112,100.9917,-58.5722
270,9010,120,101.2001,-57.6052
270,9010,128,101.3300,-57.1318
270,9010,136,101.4022,-56.9073
270,9010,144,101.6604,-56.3048
270,9010,152,101.8237,-56.0656
270,9010,160,101.9368,-55.9514
270,9010,168,102.2861,-55.8246
270,9010,176,102.3399,-55.8344
270,9010,184,102.6172,-55.9750
270,9010,192,103.4400,-57.5912
270,9010,200,103.5247,-57.8695
270,9010,208,103.6894,-58.4536
270,9010,216,103.7813,-58.7970
270,9010,224,104.0900,-59.9783
270,9010,232,104.2182,-60.4669
270,9010,240,104.5450,-61.6567
270,9010,248,104.6165,-61.9030
270,9010,256,104.7008,-62.1849
270,9010,264,104.7302,-62.2806
270,9010,272,104.8350,-62.6055
270,9010,280,104.9100,-62.8212
270,9010,288,104.9268,-62.8675
270,9010,296,105.0952,-63.2912
270,9010,304,105.6445,-64.3360
270,9010,312,105.6985,-64.4271
270,9010,320,105.7520,-64.5150
270,9010,328,105.8103,-64.6063
270,9010,336,106.2052,-65.1438
270,9010,344,107.2010,-66.4463
270,9010,352,107.2507,-66.5141
270,9010,360,107.6365,-67.0048
270,9010,368,107.8839,-67.2976
270,9010,376,107.9273,-67.3473
270,9010,384,107.9680,-67.3911
270,9010,392,108.1350,-67.5408
270,9010,400,108.1556,-67.5560
270,9010,408,108.3121,-67.6406
270,9010,416,108.9501,-67.8521
270,9010,424,109.5500,-68.1802
270,9010,432,109.8070,-68.3351
270,9010,440,110.2661,-68.6138
270,9010,448,110.4001,-68.6924
270,9010,456,110.5095,-68.7440
270,9010,464,111.1006,-68.9576
270,9010,472,111.9250,-69.3415
270,9010,480,111.9891,-69.3753
270,9010,488,112.1358,-69.4472
270,9010,496,112.2776,-69.5018
270,9010,504,112.5490,-69.5541
270,9010,512,112.6166,-69.5595
270,9010,520,112.8600,-69.5500
270,9010,528,112.9450,-69.5405
270,9010,536,113.0012,-69.5312
270,9010,544,113.4290,-69.4099
270,9010,552,113.8807,-69.3464
270,9010,560,114.0731,-69.3507
270,9010,568,114.8021,-69.4445
270,9010,576,116.2450,-69.9993
270,9010,584,116.3081,-70.0258
270,9010,592,116.7309,-70.1585
270,9010,600,117.8937,-70.4146
270,9010,608,118.6019,-70.5764
270,9010,616,118.8387,-70.6124
270,9010,624,119.5380,-70.6316
270,9010,632,121.2306,-70.7476
270,9010,640,122.5467,-70.8490
270,9010,648,122.8103,-70.8468
270,9010,656,123.2204,-70.7947
270,9010,664,123.3111,-70.7799
270,9010,672,123.7833,-70.6584
270,9010,680,124.3818,-70.5097
270,9010,688,124.5782,-70.4699
270,9010,696,124.9493,-70.3768
270,9010,704,125.0991,-70.3372
270,9010,712,125.2592,-70.2888
270,9010,720,125.4316,-70.2289
270,9010,728,125.8301,-70.0649
270,9010,736,125.8965,-70.0379
270,9010,744,125.9521,-70.0143
270,9010,752,126.1039,-69.9417
270,9010,760,126.7456,-69.6111
270,9010,768,128.0556,-69.4634
270,9010,776,130.9904,-69.9930
270,9010,784,131.6513,-70.0704
270,9010,792,131.8600,-70.0815
270,9010,800,132.6248,-70.0101
270,9010,808,134.2382,-69.9208
270,9010,816,137.2081,-69.8888
270,9010,824,142.6597,-69.4657
270,9010,832,152.9293,-68.2951
270,9010,840,167.3160,-66.8456
270,9010,848,181.7027,-65.8301
270,9010,856,200.4681,-65.1012
270,9010,864,236.1842,-64.6524
270,9010,872,259.1558,-64.5900
270,9010,880,328.6207,-64.5622
270,9010,888,539.4816,-64.5606
270,9010,896,927.9911,-64.5588
270,9010,904,1137.0244,-64.5579
270,9010,912,1192.9931,-64.5607
270,9010,920,1221.3608,-64.5614
300,10001,0,0.0000,-65.0000
300,10001,8,0.0699,-64.9855
300,10001,16,0.6811,-64.9173
300,10001,24,5.5147,-64.6276
300,10001,32,14.0905,-64.5433
300,10001,40,22.6664,-64.5540
300,10001,48,36.8228,-64.5609
300,10001,56,100.0000,-64.5618
300,10001,64,100.0318,-64.5484
300,10001,72,100.0522,-64.5238
300,10001,80,100.1312,-64.3274
300,10001,88,100.3453,-63.2643
300,10001,96,100.8986,-59.7558
300,10001,104,101.0296,-59.0499
300,10001,112,101.2914,-57.8479
300,10001,120,101.3290,-57.6989
300,10001,128,101.3510,-57.6136
300,10001,136,101.4315,-57.3113
300,10001,144,101.5603,-56.8610
300,10001,152,101.7077,-56.3835
300,10001,160,102.1220,-55.2522
300,10001,168,102.1569,-55.1685
300,10001,176,102.2144,-55.0289
300,10001,184,102.4545,-54.4244
300,10001,192,102.5219,-54.2445
300,10001,200,102.6641,-53.8367
300,10001,208,102.8251,-53.2934
300,10001,216,102.9280,-52.8677
300,10001,224,103.0310,-52.3400
300,10001,232,103.1641,-51.4244
300,10001,240,103.2755,-50.3160
300,10001,248,103.3970,-48.4357
300,10001,256,103.5119,-45.3769
300,10001,264,103.5610,-43.4213
300,10001,272,103.7184,-33.5818
300,10001,280,103.8577,-23.1246
300,10001,288,103.9561,-16.6881
300,10001,296,104.0627,-10.8529
300,10001,304,104.1262,-7.9225
300,10001,312,104.1529,-6.8104
300,10001,320,104.2865,-2.2715
300,10001,328,104.3713,-0.2440
300,10001,336,104.4059,0.4033
300,10001,344,104.5410,2.0311
300,10001,352,104.6428,2.4180
300,10001,360,104.9395,0.4880
300,10001,368,105.3853,-7.4037
300,10001,376,105.5039,-10.0035
300,10001,384,105.5723,-11.5547
300,10001,392,105.7175,-14.9343
300,10001,400,105.7751,-16.2949
300,10001,408,105.9132,-19.5754
300,10001,416,106.1273,-24.6161
300,10001,424,106.3536,-29.7512
300,10001,432,106.4743,-32.3763
300,10001,440,106.9177,-41.2937
300,10001,448,107.0706,-44.1556
300,10001,456,107.3042,-48.4093
300,10001,464,107.3853,-49.8564
300,10001,472,107.7863,-56.4309
300,10001,480,108.3512,-62.6028
300,10001,488,108.7146,-64.8766
300,10001,496,108.9433,-65.8757
300,10001,504,109.2130,-66.7469
300,10001,512,109.3750,-67.1477
300,10001,520,109.4994,-67.3995
300,10001,528,110.0421,-68.1089
300,10001,536,110.0727,-68.1371
300,10001,544,110.2420,-68.2675
300,10001,552,110.3263,-68.3172
300,10001,560,110.3805,-68.3421
300,10001,568,110.7437,-68.3618
300,10001,576,110.9768,-68.3185
300,10001,584,111.1093,-68.2873
300,10001,592,111.1834,-68.2670
300,10001,600,111.2494,-68.2458
300,10001,608,111.5905,-68.1017
300,10001,616,111.6964,-68.0596
300,10001,624,112.2261,-67.9099
300,10001,632,112.5343,-67.9064
300,10001,640,112.9129,-67.9398
300,10001,648,113.5355,-68.1101
300,10001,656,113.7135,-68.1741
300,10001,664,114.3854,-68.4047
300,10001,672,114.4449,-68.4282
300,10001,680,114.5836,-68.4794
300,10001,688,114.8377,-68.5482
300,10001,696,115.1774,-68.6049
300,10001,704,115.2213,-68.6113
300,10001,712,115.3254,-68.6187
300,10001,720,115.6788,-68.5950
300,10001,728,115.7917,-68.5831
300,10001,736,116.3676,-68.5231
300,10001,744,117.8232,-68.8710
300,10001,752,117.8684,-68.8888
300,10001,760,118.2492,-68.9970
300,10001,768,118.3634,-69.0236
300,10001,776,118.4077,-69.0328
300,10001,784,118.5866,-69.0517
300,10001,792,118.9222,-69.0362
300,10001,800,119.0381,-69.0221
300,10001,808,119.6026,-68.9221
300,10001,816,120.8573,-69.0484
300,10001,824,121.0692,-69.1067
300,10001,832,121.4045,-69.1826
300,10001,840,122.4091,-69.3344
300,10001,848,122.5161,-69.3540
300,10001,856,122.9286,-69.3991
300,10001,864,123.7440,-69.4395
300,10001,872,123.8098,-69.4448
300,10001,880,124.2594,-69.4463
300,10001,888,125.3972,-69.4532
300,10001,896,127.6259,-69.7205
300,10001,904,127.9756,-69.7561
300,10001,912,128.1670,-69.7660
300,10001,920,128.7267,-69.7177
300,10001,928,128.7974,-69.7085
300,10001,936,129.1476,-69.6352
300,10001,944,129.7137,-69.4885
300,10001,952,129.8030,-69.4683
300,10001,960,130.2832,-69.3356
300,10001,968,131.4048,-69.1347
300,10001,976,133.5748,-69.2158
300,10001,984,138.0004,-69.2606
300,10001,992,146.2013,-68.4889
300,10001,1000,163.0301,-66.7846
300,10001,1008,178.5538,-65.7354
300,10001,1016,189.3950,-65.2810
300,10001,1024,200.2363,-64.9939
300,10001,1032,211.0776,-64.8175
300,10001,1040,221.9189,-64.7083
300,10001,1048,230.6489,-64.6589
300,10001,1056,238.1121,-64.6243
300,10001,1064,245.5753,-64.6045
300,10001,1072,251.8656,-64.5934
300,10001,1080,255.8223,-64.5919
300,10001,1088,259.3920,-64.5841
300,10001,1096,261.9796,-64.5827
300,10001,1104,264.4269,-64.5818
300,10001,1112,266.8742,-64.5810
300,10001,1120,269.3215,-64.5772
300,10001,1128,271.4675,-64.5776
300,10001,1136,273.1112,-64.5750
300,10001,1144,274.3096,-64.5720
300,10001,1152,275.4444,-64.5712
300,10001,1160,277.0045,-64.5702
300,10001,1168,278.9901,-64.5693
300,10001,1176,280.9756,-64.5689
300,10001,1184,288.9275,-64.5665
300,10001,1192,360.9517,-64.5614
300,10001,1200,957.3825,-64.5611
300,10002,0,0.0000,-65.0000
300,10002,8,0.0699,-64.9855
300,10002,16,0.6811,-64.9173
300,10002,24,5.5147,-64.6276
300,10002,32,14.0905,-64.5433
300,10002,40,22.6664,-64.5540
300,10002,48,36.8228,-64.5609
300,10002,56,100.0000,-64.5618
300,10002,64,100.0318,-64.5484
300,10002,72,100.0522,-64.5238
300,10002,80,100.1312,-64.3274
300,10002,88,100.3453,-63.2643
300,10002,96,100.8986,-59.7558
300,10002,104,101.0296,-59.0499
300,10002,112,101.2914,-57.8479
300,10002,120,101.3290,-57.6989
300,10002,128,101.3510,-57.6136
300,10002,136,101.4315,-57.3113
300,10002,144,101.5603,-56.8610
300,10002,152,101.7077,-56.3835
300,10002,160,102.1220,-55.2522
300,10002,168,102.1569,-55.1685
300,10002,176,102.2144,-55.0289
300,10002,184,102.4545,-54.4244
300,10002,192,102.5219,-54.2445
300,10002,200,102.6641,-53.8367
300,10002,208,102.8251,-53.2934
300,10002,216,102.9280,-52.8677
300,10002,224,103.0310,-52.3400
300,10002,232,103.1641,-51.4244
300,10002,240,103.2755,-50.3160
300,10002,248,103.3970,-48.4357
300,10002,256,103.5119,-45.3769
300,10002,264,103.5610,-43.4213
300,10002,272,103.7184,-33.5818
300,10002,280,103.8577,-23.1246
300,10002,288,103.9561,-16.6881
300,10002,296,104.0627,-10.8529
300,10002,304,104.1262,-7.9225
300,10002,312,104.1529,-6.8104
300,10002,320,104.2865,-2.2715
300,10002,328,104.3713,-0.2440
300,10002,336,104.4059,0.4033
300,10002,344,104.5410,2.0311
300,10002,352,104.6428,2.4180
300,10002,360,104.9395,0.4880
300,10002,368,105.3853,-7.4037
300,10002,376,105.5039,-10.0035
300,10002,384,105.5723,-11.5547
300,10002,392,105.7175,-14.9343
300,10002,400,105.7751,-16.2949
300,10002,408,105.9132,-19.5754
300,10002,416,106.1273,-24.6161
300,10002,424,106.3536,-29.7512
300,10002,432,106.4743,-32.3763
300,10002,440,106.9177,-41.2937
300,10002,448,107.0706,-44.1556
300,10002,456,107.3042,-48.4093
300,10002,464,107.3853,-49.8564
300,10002,472,107.7863,-56.4309
300,10002,480,108.3512,-62.6028
300,10002,488,108.7146,-64.8766
300,10002,496,108.9433,-65.8757
300,10002,504,109.2130,-66.7469
300,10002,512,109.3750,-67.1477
300,10002,520,109.4994,-67.3995
300,10002,528,110.0421,-68.1089
300,10002,536,110.0727,-68.1371
300,10002,544,110.2420,-68.2675
300,10002,552,110.3263,-68.3172
300,10002,560,110.3805,-68.3421
300,10002,568,110.7437,-68.3618
300,10002,576,110.9768,-68.3185
300,10002,584,111.1093,-68.2873
300,10002,592,111.1834,-68.2670
300,10002,600,111.2494,-68.2458
300,10002,608,111.5905,-68.1017
300,10002,616,111.6964,-68.0596
300,10002,624,112.2261,-67.9099
300,10002,632,112.5343,-67.9064
300,10002,640,112.9129,-67.9398
300,10002,648,113.5355,-68.1101
300,10002,656,113.7135,-68.1741
300,10002,664,114.3854,-68.4047
300,10002,672,114.4449,-68.4282
300,10002,680,114.5836,-68.4794
300,10002,688,114.8377,-68.5482
300,10002,696,115.1774,-68.6049
300,10002,704,115.2213,-68.6113
300,10002,712,115.3254,-68.6187
300,10002,720,115.6788,-68.5950
300,10002,728,115.7917,-68.5831
300,10002,736,116.3676,-68.5231
300,10002,744,117.8232,-68.8710
300,10002,752,117.8684,-68.8888
300,10002,760,118.2492,-68.9970
300,10002,768,118.3634,-69.0236
300,10002,776,118.4077,-69.0328
300,10002,784,118.5866,-69.0517
300,10002,792,118.9222,-69.0362
300,10002,800,119.0381,-69.0221
300,10002,808,119.6026,-68.9221
300,10002,816,120.8573,-69.0484
300,10002,824,121.0692,-69.1067
300,10002,832,121.4045,-69.1826
300,10002,840,122.4091,-69.3344
300,10002,848,122.5161,-69.3540
300,10002,856,122.9286,-69.3991
300,10002,864,123.7440,-69.4395
300,10002,872,123.8098,-69.4448
300,10002,880,124.2594,-69.4463
300,10002,888,125.3972,-69.4532
300,10002,896,127.6259,-69.7205
300,10002,904,127.9756,-69.7561
300,10002,912,128.1670,-69.7660
300,10002,920,128.7267,-69.7177
300,10002,928,128.7974,-69.7085
300,10002,936,129.1476,-69.6352
300,10002,944,129.7137,-69.4885
300,10002,952,129.8030,-69.4683
300,10002,960,130.2832,-69.3356
300,10002,968,131.4048,-69.1347
300,10002,976,133.5748,-69.2158
300,10002,984,138.0004,-69.2606
300,10002,992,146.2013,-68.4889
300,10002,1000,163.0301,-66.7846
300,10002,1008,178.5538,-65.7354
300,10002,1016,189.3950,-65.2810
300,10002,1024,200.2363,-64.9939
300,10002,1032,211.0776,-64.8175
300,10002,1040,221.9189,-64.7083
300,10002,1048,230.6489,-64.6589
300,10002,1056,238.1121,-64.6243
300,10002,1064,245.5753,-64.6045
300,10002,1072,251.8656,-64.5934
300,10002,1080,255.8223,-64.5919
300,10002,1088,259.3920,-64.5841
300,10002,1096,261.9796,-64.5827
300,10002,1104,264.4269,-64.5818
300,10002,1112,266.8742,-64.5810
300,10002,1120,269.3215,-64.5772
300,10002,1128,271.4675,-64.5776
300,10002,1136,273.1112,-64.5750
300,10002,1144,274.3096,-64.5720
300,10002,1152,275.4444,-64.5712
300,10002,1160,277.0045,-64.5702
300,10002,1168,278.9901,-64.5693
300,10002,1176,280.9756,-64.5689
300,10002,1184,288.9275,-64.5665
300,10002,1192,360.9517,-64.5614
300,10002,1200,957.3825,-64.5611
300,10003,0,0.0000,-65.0000
300,10003,8,0.0699,-64.9855
300,10003,16,0.6811,-64.9173
300,10003,24,5.5147,-64.6276
300,10003,32,14.0905,-64.5433
300,10003,40,22.6664,-64.5540
300,10003,48,36.8228,-64.5609
300,10003,56,100.0000,-64.5618
300,10003,64,100.0318,-64.5484
300,10003,72,100.0522,-64.5238
300,10003,80,100.1312,-64.3274
300,10003,88,100.3453,-63.2643
300,10003,96,100.8986,-59.7558
300,10003,104,101.0296,-59.0499
300,10003,112,101.2914,-57.8479
300,10003,120,101.3290,-57.6989
300,10003,128,101.3510,-57.6136
300,10003,136,101.4315,-57.3113
300,10003,144,101.5603,-56.8610
300,10003,152,101.7077,-56.3835
300,10003,160,102.1220,-55.2522
300,10003,168,102.1569,-55.1685
300,10003,176,102.2144,-55.0289
300,10003,184,102.4545,-54.4244
300,10003,192,102.5219,-54.2445
300,10003,200,102.6641,-53.8367
300,10003,208,102.8251,-53.2934
300,10003,216,102.9280,-52.8677
300,10003,224,103.0310,-52.3400
300,10003,232,103.1641,-51.4244
300,10003,240,103.2755,-50.3160
300,10003,248,103.3970,-48.4357
300,10003,256,103.5119,-45.3769
300,10003,264,103.5610,-43.4213
300,10003,272,103.7184,-33.5818
300,10003,280,103.8577,-23.1246
300,10003,288,103.9561,-16.6881
300,10003,296,104.0627,-10.8529
300,10003,304,104.1262,-7.9225
300,10003,312,104.1529,-6.8104
300,10003,320,104.2865,-2.2715
300,10003,328,104.3713,-0.2440
300,10003,336,104.4059,0.4033
300,10003,344,104.5410,2.0311
300,10003,352,104.6428,2.4180
300,10003,360,104.9395,0.4880
300,10003,368,105.3853,-7.4037
300,10003,376,105.5039,-10.0035
300,10003,384,105.5723,-11.5547
300,10003,392,105.7175,-14.9343
300,10003,400,105.7751,-16.2949
300,10003,408,105.9132,-19.5754
300,10003,416,106.1273,-24.6161
300,10003,424,106.3536,-29.7512
300,10003,432,106.4743,-32.3763
300,10003,440,106.9177,-41.2937
300,10003,448,107.0706,-44.1556
300,10003,456,107.3042,-48.4093
300,10003,464,107.3853,-49.8564
300,10003,472,107.7863,-56.4309
300,10003,480,108.3512,-62.6028
300,10003,488,108.7146,-64.8766
300,10003,496,108.9433,-65.8757
300,10003,504,109.2130,-66.7469
300,10003,512,109.3750,-67.1477
300,10003,520,109.4994,-67.3995
300,10003,528,110.0421,-68.1089
300,10003,536,110.0727,-68.1371
300,10003,544,110.2420,-68.2675
300,10003,552,110.3263,-68.3172
300,10003,560,110.3805,-68.3421
300,10003,568,110.7437,-68.3618
300,10003,576,110.9768,-68.3185
300,10003,584,111.1093,-68.2873
300,10003,592,111.1834,-68.2670
300,10003,600,111.2494,-68.2458
300,10003,608,111.5905,-68.1017
300,10003,616,111.6964,-68.0596
300,10003,624,112.2261,-67.9099
300,10003,632,112.5343,-67.9064
300,10003,640,112.9129,-67.9398
300,10003,648,113.5355,-68.1101
300,10003,656,113.7135,-68.1741
300,10003,664,114.3854,-68.4047
300,10003,672,114.4449,-68.4282
300,10003,680,114.5836,-68.4794
300,10003,688,114.8377,-68.5482
300,10003,696,115.1774,-68.6049
300,10003,704,115.2213,-68.6113
300,10003,712,115.3254,-68.6187
300,10003,720,115.6788,-68.5950
300,10003,728,115.7917,-68.5831
300,10003,736,116.3676,-68.5231
300,10003,744,117.8232,-68.8710
300,10003,752,117.8684,-68.8888
300,10003,760,118.2492,-68.9970
300,10003,768,118.3634,-69.0236
300,10003,776,118.4077,-69.0328
300,10003,784,118.5866,-69.0517
300,10003,792,118.9222,-69.0362
300,10003,800,119.0381,-69.0221
300,10003,808,119.6026,-68.9221
300,10003,816,120.8573,-69.0484
300,10003,824,121.0692,-69.1067
300,10003,832,121.4045,-69.1826
300,10003,840,122.4091,-69.3344
300,10003,848,122.5161,-69.3540
300,10003,856,122.9286,-69.3991
300,10003,864,123.7440,-69.4395
300,10003,872,123.8098,-69.4448
300,10003,880,124.2594,-69.4463
300,10003,888,125.3972,-69.4532
300,10003,896,127.6259,-69.7205
300,10003,904,127.9756,-69.7561
300,10003,912,128.1670,-69.7660
300,10003,920,128.7267,-69.7177
300,10003,928,128.7974,-69.7085
300,10003,936,129.1476,-69.6352
300,10003,944,129.7137,-69.4885
300,10003,952,129.8030,-69.4683
300,10003,960,130.2832,-69.3356
300,10003,968,131.4048,-69.1347
300,10003,976,133.5748,-69.2158
300,10003,984,138.0004,-69.2606
300,10003,992,146.2013,-68.4889
300,10003,1000,163.0301,-66.7846
300,10003,1008,178.5538,-65.7354
300,10003,1016,189.3950,-65.2810
300,10003,1024,200.2363,-64.9939
300,10003,1032,211.0776,-64.8175
300,10003,1040,221.9189,-64.7083
300,10003,1048,230.6489,-64.6589
300,10003,1056,238.1121,-64.6243
300,10003,1064,245.5753,-64.6045
300,10003,1072,251.8656,-64.5934
300,10003,1080,255.8223,-64.5919
300,10003,1088,259.3920,-64.5841
300,10003,1096,261.9796,-64.5827
300,10003,1104,264.4269,-64.5818
300,10003,1112,266.8742,-64.5810
300,10003,1120,269.3215,-64.5772
300,10003,1128,271.4675,-64.5776
300,10003,1136,273.1112,-64.5750
300,10003,1144,274.3096,-64.5720
300,10003,1152,275.4444,-64.5712
300,10003,1160,277.0045,-64.5702
300,10003,1168,278.9901,-64.5693
300,10003,1176,280.9756,-64.5689
300,10003,1184,288.9275,-64.5665
300,10003,1192,360.9517,-64.5614
300,10003,1200,957.3825,-64.5611
300,10004,0,0.0000,-65.0000
300,10004,8,0.0699,-64.9855
300,10004,16,0.6811,-64.9173
300,10004,24,5.5147,-64.6276
300,10004,32,14.0905,-64.5433
300,10004,40,22.6664,-64.5540
300,10004,48,36.8228,-64.5609
300,10004,56,100.0000,-64.5618
300,10004,64,100.0318,-64.5484
300,10004,72,100.0522,-64.5238
300,10004,80,100.1312,-64.3274
300,10004,88,100.3453,-63.2643
300,10004,96,100.8986,-59.7558
300,10004,104,101.0296,-59.0499
300,10004,112,101.2914,-57.8479
300,10004,120,101.3290,-57.6989
300,10004,128,101.3510,-57.6136
300,10004,136,101.4315,-57.3113
300,10004,144,101.5603,-56.8610
300,10004,152,101.7077,-56.3835
300,10004,160,102.1220,-55.2522
300,10004,168,102.1569,-55.1685
300,10004,176,102.2144,-55.0289
300,10004,184,102.4545,-54.4244
300,10004,192,102.5219,-54.2445
300,10004,200,102.6641,-53.8367
300,10004,208,102.8251,-53.2934
300,10004,216,102.9280,-52.8677
300,10004,224,103.0310,-52.3400
300,10004,232,103.1641,-51.4244
300,10004,240,103.2755,-50.3160
300,10004,248,103.3970,-48.4357
300,10004,256,103.5119,-45.3769
300,10004,264,103.5610,-43.4213
300,10004,272,103.7184,-33.5818
300,10004,280,103.8577,-23.1246
300,10004,288,103.9561,-16.6881
300,10004,296,104.0627,-10.8529
300,10004,304,104.1262,-7.9225
300,10004,312,104.1529,-6.8104
300,10004,320,104.2865,-2.2715
300,10004,328,104.3713,-0.2440
300,10004,336,104.4059,0.4033
300,10004,344,104.5410,2.0311
300,10004,352,104.6428,2.4180
300,10004,360,104.9395,0.4880
300,10004,368,105.3853,-7.4037
300,10004,376,105.5039,-10.0035
300,10004,384,105.5723,-11.5547
300,10004,392,105.7175,-14.9343
300,10004,400,105.7751,-16.2949
300,10004,408,105.9132,-19.5754
300,10004,416,106.1273,-24.6161
300,10004,424,106.3536,-29.7512
300,10004,432,106.4743,-32.3763
300,10004,440,106.9177,-41.2937
300,10004,448,107.0706,-44.1556
300,10004,456,107.3042,-48.4093
300,10004,464,107.3853,-49.8564
300,10004,472,107.7863,-56.4309
300,10004,480,108.3512,-62.6028
300,10004,488,108.7146,-64.8766
300,10004,496,108.9433,-65.8757
300,10004,504,109.2130,-66.7469
300,10004,512,109.3750,-67.1477
300,10004,520,109.4994,-67.3995
300,10004,528,110.0421,-68.1089
300,10004,536,110.0727,-68.1371
300,10004,544,110.2420,-68.2675
300,10004,552,110.3263,-68.3172
300,10004,560,110.3805,-68.3421
300,10004,568,110.7437,-68.3618
300,10004,576,110.9768,-68.3185
300,10004,584,111.1093,-68.2873
300,10004,592,111.1834,-68.2670
300,10004,600,111.2494,-68.2458
300,10004,608,111.5905,-68.1017
300,10004,616,111.6964,-68.0596
300,10004,624,112.2261,-67.9099
300,10004,632,112.5343,-67.9064
300,10004,640,112.9129,-67.9398
300,10004,648,113.5355,-68.1101
300,10004,656,113.7135,-68.1741
300,10004,664,114.3854,-68.4047
300,10004,672,114.4449,-68.4282
300,10004,680,114.5836,-68.4794
300,10004,688,114.8377,-68.5482
300,10004,696,115.1774,-68.6049
300,10004,704,115.2213,-68.6113
300,10004,712,115.3254,-68.6187
300,10004,720,115.6788,-68.5950
300,10004,728,115.7917,-68.5831
300,10004,736,116.3676,-68.5231
300,10004,744,117.8232,-68.8710
300,10004,752,117.8684,-68.8888
300,10004,760,118.2492,-68.9970
300,10004,768,118.3634,-69.0236
300,10004,776,118.4077,-69.0328
300,10004,784,118.5866,-69.0517
300,10004,792,118.9222,-69.0362
300,10004,800,119.0381,-69.0221
300,10004,808,119.6026,-68.9221
300,10004,816,120.8573,-69.0484
300,10004,824,121.0692,-69.1067
300,10004,832,121.4045,-69.1826
300,10004,840,122.4091,-69.3344
300,10004,848,122.5161,-69.3540
300,10004,856,122.9286,-69.3991
300,10004,864,123.7440,-69.4395
300,10004,872,123.8098,-69.4448
300,10004,880,124.2594,-69.4463
300,10004,888,125.3972,-69.4532
300,10004,896,127.6259,-69.7205
300,10004,904,127.9756,-69.7561
300,10004,912,128.1670,-69.7660
300,10004,920,128.7267,-69.7177
300,10004,928,128.7974,-69.7085
300,10004,936,129.1476,-69.6352
300,10004,944,129.7137,-69.4885
300,10004,952,129.8030,-69.4683
300,10004,960,130.2832,-69.3356
300,10004,968,131.4048,-69.1347
300,10004,976,133.5748,-69.2158
300,10004,984,138.0004,-69.2606
300,10004,992,146.2013,-68.4889
300,10004,1000,163.0301,-66.7846
300,10004,1008,178.5538,-65.7354
300,10004,1016,189.3950,-65.2810
300,10004,1024,200.2363,-64.9939
300,10004,1032,211.0776,-64.8175
300,10004,1040,221.9189,-64.7083
300,10004,1048,230.6489,-64.6589
300,10004,1056,238.1121,-64.6243
300,10004,1064,245.5753,-64.6045
300,10004,1072,251.8656,-64.5934
300,10004,1080,255.8223,-64.5919
300,10004,1088,259.3920,-64.5841
300,10004,1096,261.9796,-64.5827
300,10004,1104,264.4269,-64.5818
300,10004,1112,266.8742,-64.5810
300,10004,1120,269.3215,-64.5772
300,10004,1128,271.4675,-64.5776
300,10004,1136,273.1112,-64.5750
300,10004,1144,274.3096,-64.5720
300,10004,1152,275.4444,-64.5712
300,10004,1160,277.0045,-64.5702
300,10004,1168,278.9901,-64.5693
300,10004,1176,280.9756,-64.5689
300,10004,1184,288.9275,-64.5665
300,10004,1192,360.9517,-64.5614
300,10004,1200,957.3825,-64.5611
300,10005,0,0.0000,-65.0000
300,10005,8,0.0699,-64.9855
300,10005,16,0.6811,-64.9173
300,10005,24,5.5147,-64.6276
300,10005,32,14.0905,-64.5433
300,10005,40,22.6664,-64.5540
300,10005,48,36.8228,-64.5609
300,10005,56,100.0000,-64.5618
300,10005,64,100.0318,-64.5484
300,10005,72,100.0522,-64.5238
300,10005,80,100.1312,-64.3274
300,10005,88,100.3453,-63.2643
300,10005,96,100.8986,-59.7558
300,10005,104,101.0296,-59.0499
300,10005,112,101.2914,-57.8479
300,10005,120,101.3290,-57.6989
300,10005,128,101.3510,-57.6136
300,10005,136,101.4315,-57.3113
300,10005,144,101.5603,-56.8610
300,10005,152,101.7077,-56.3835
300,10005,160,102.1220,-55.2522
300,10005,168,102.1569,-55.1685
300,10005,176,102.2144,-55.0289
300,10005,184,102.4545,-54.4244
300,10005,192,102.5219,-54.2445
300,10005,200,102.6641,-53.8367
300,10005,208,102.8251,-53.2934
300,10005,216,102.9280,-52.8677
300,10005,224,103.0310,-52.3400
300,10005,232,103.1641,-51.4244
300,10005,240,103.2755,-50.3160
300,10005,248,103.3970,-48.4357
300,10005,256,103.5119,-45.3769
300,10005,264,103.5610,-43.4213
300,10005,272,103.7184,-33.5818
300,10005,280,103.8577,-23.1246
300,10005,288,103.9561,-16.6881
300,10005,296,104.0627,-10.8529
300,10005,304,104.1262,-7.9225
300,10005,312,104.1529,-6.8104
300,10005,320,104.2865,-2.2715
300,10005,328,104.3713,-0.2440
300,10005,336,104.4059,0.4033
300,10005,344,104.5410,2.0311
300,10005,352,104.6428,2.4180
300,10005,360,104.9395,0.4880
300,10005,368,105.3853,-7.4037
300,10005,376,105.5039,-10.0035
300,10005,384,105.5723,-11.5547
300,10005,392,105.7175,-14.9343
300,10005,400,105.7751,-16.2949
300,10005,408,105.9132,-19.5754
300,10005,416,106.1273,-24.6161
300,10005,424,106.3536,-29.7512
300,10005,432,106.4743,-32.3763
300,10005,440,106.9177,-41.2937
300,10005,448,107.0706,-44.1556
300,10005,456,107.3042,-48.4093
300,10005,464,107.3853,-49.8564
300,10005,472,107.7863,-56.4309
300,10005,480,108.3512,-62.6028
300,10005,488,108.7146,-64.8766
300,10005,496,108.9433,-65.8757
300,10005,504,109.2130,-66.7469
300,10005,512,109.3750,-67.1477
300,10005,520,109.4994,-67.3995
300,10005,528,110.0421,-68.1089
300,10005,536,110.0727,-68.1371
300,10005,544,110.2420,-68.2675
300,10005,552,110.3263,-68.3172
300,10005,560,110.3805,-68.3421
300,10005,568,110.7437,-68.3618
300,10005,576,110.9768,-68.3185
300,10005,584,111.1093,-68.2873
300,10005,592,111.1834,-68.2670
300,10005,600,111.2494,-68.2458
300,10005,608,111.5905,-68.1017
300,10005,616,111.6964,-68.0596
300,10005,624,112.2261,-67.9099
300,10005,632,112.5343,-67.9064
300,10005,640,112.9129,-67.9398
300,10005,648,113.5355,-68.1101
300,10005,656,113.7135,-68.1741
300,10005,664,114.3854,-68.4047
300,10005,672,114.4449,-68.4282
300,10005,680,114.5836,-68.4794
300,10005,688,114.8377,-68.5482
300,10005,696,115.1774,-68.6049
300,10005,704,115.2213,-68.6113
300,10005,712,115.3254,-68.6187
300,10005,720,115.6788,-68.5950
300,10005,728,115.7917,-68.5831
300,10005,736,116.3676,-68.5231
300,10005,744,117.8232,-68.8710
300,10005,752,117.8684,-68.8888
300,10005,760,118.2492,-68.9970
300,10005,768,118.3634,-69.0236
300,10005,776,118.4077,-69.0328
300,10005,784,118.5866,-69.0517
300,10005,792,118.9222,-69.0362
300,10005,800,119.0381,-69.0221
300,10005,808,119.6026,-68.9221
300,10005,816,120.8573,-69.0484
300,10005,824,121.0692,-69.1067
300,10005,832,121.4045,-69.1826
300,10005,840,122.4091,-69.3344
300,10005,848,122.5161,-69.3540
300,10005,856,122.9286,-69.3991
300,10005,864,123.7440,-69.4395
300,10005,872,123.8098,-69.4448
300,10005,880,124.2594,-69.4463
300,10005,888,125.3972,-69.4532
300,10005,896,127.6259,-69.7205
300,10005,904,127.9756,-69.7561
300,10005,912,128.1670,-69.7660
300,10005,920,128.7267,-69.7177
300,10005,928,128.7974,-69.7085
300,10005,936,129.1476,-69.6352
300,10005,944,129.7137,-69.4885
300,10005,952,129.8030,-69.4683
300,10005,960,130.2832,-69.3356
300,10005,968,131.4048,-69.1347
300,10005,976,133.5748,-69.2158
300,10005,984,138.0004,-69.2606
300,10005,992,146.2013,-68.4889
300,10005,1000,163.0301,-66.7846
300,10005,1008,178.5538,-65.7354
300,10005,1016,189.3950,-65.2810
300,10005,1024,200.2363,-64.9939
300,10005,1032,211.0776,-64.8175
300,10005,1040,221.9189,-64.7083
300,10005,1048,230.6489,-64.6589
300,10005,1056,238.1121,-64.6243
300,10005,1064,245.5753,-64.6045
300,10005,1072,251.8656,-64.5934
300,10005,1080,255.8223,-64.5919
300,10005,1088,259.3920,-64.5841
300,10005,1096,261.9796,-64.5827
300,10005,1104,264.4269,-64.5818
300,10005,1112,266.8742,-64.5810
300,10005,1120,269.3215,-64.5772
300,10005,1128,271.4675,-64.5776
300,10005,1136,273.1112,-64.5750
300,10005,1144,274.3096,-64.5720
300,10005,1152,275.4444,-64.5712
300,10005,1160,277.0045,-64.5702
300,10005,1168,278.9901,-64.5693
300,10005,1176,280.9756,-64.5689
300,10005,1184,288.9275,-64.5665
300,10005,1192,360.9517,-64.5614
300,10005,1200,957.3825,-64.5611
300,10006,0,0.0000,-65.0000
300,10006,8,0.0699,-64.9855
300,10006,16,0.6811,-64.9173
300,10006,24,5.5147,-64.6276
300,10006,32,14.0905,-64.5433
300,10006,40,22.6664,-64.5540
300,10006,48,36.8228,-64.5609
300,10006,56,100.0000,-64.5618
300,10006,64,100.0318,-64.5484
300,10006,72,100.0522,-64.5238
300,10006,80,100.1312,-64.3274
300,10006,88,100.3453,-63.2643
300,10006,96,100.8986,-59.7558
300,10006,104,101.0296,-59.0499
300,10006,112,101.2914,-57.8479
300,10006,120,101.3290,-57.6989
300,10006,128,101.3510,-57.6136
300,10006,136,101.4315,-57.3113
300,10006,144,101.5603,-56.8610
300,10006,152,101.7077,-56.3835
300,10006,160,102.1220,-55.2522
300,10006,168,102.1569,-55.1685
300,10006,176,102.2144,-55.0289
300,10006,184,102.4545,-54.4244
300,10006,192,102.5219,-54.2445
300,10006,200,102.6641,-53.8367
300,10006,208,102.8251,-53.2934
300,10006,216,102.9280,-52.8677
300,10006,224,103.0310,-52.3400
300,10006,232,103.1641,-51.4244
300,10006,240,103.2755,-50.3160
300,10006,248,103.3970,-48.4357
300,10006,256,103.5119,-45.3769
300,10006,264,103.5610,-43.4213
300,10006,272,103.7184,-33.5818
300,10006,280,103.8577,-23.1246
300,10006,288,103.9561,-16.6881
300,10006,296,104.0627,-10.8529
300,10006,304,104.1262,-7.9225
300,10006,312,104.1529,-6.8104
300,10006,320,104.2865,-2.2715
300,10006,328,104.3713,-0.2440
300,10006,336,104.4059,0.4033
300,10006,344,104.5410,2.0311
300,10006,352,104.6428,2.4180
300,10006,360,104.9395,0.4880
300,10006,368,105.3853,-7.4037
300,10006,376,105.5039,-10.0035
300,10006,384,105.5723,-11.5547
300,10006,392,105.7175,-14.9343
300,10006,400,105.7751,-16.2949
300,10006,408,105.9132,-19.5754
300,10006,416,106.1273,-24.6161
300,10006,424,106.3536,-29.7512
300,10006,432,106.4743,-32.3763
300,10006,440,106.9177,-41.2937
300,10006,448,107.0706,-44.1556
300,10006,456,107.3042,-48.4093
300,10006,464,107.3853,-49.8564
300,10006,472,107.7863,-56.4309
300,10006,480,108.3512,-62.6028
300,10006,488,108.7146,-64.8766
300,10006,496,108.9433,-65.8757
300,10006,504,109.2130,-66.7469
300,10006,512,109.3750,-67.1477
300,10006,520,109.4994,-67.3995
300,10006,528,110.0421,-68.1089
300,10006,536,110.0727,-68.1371
300,10006,544,110.2420,-68.2675
300,10006,552,110.3263,-68.3172
300,10006,560,110.3805,-68.3421
300,10006,568,110.7437,-68.3618
300,10006,576,110.9768,-68.3185
300,10006,584,111.1093,-68.2873
300,10006,592,111.1834,-68.2670
300,10006,600,111.2494,-68.2458
300,10006,608,111.5905,-68.1017
300,10006,616,111.6964,-68.0596
300,10006,624,112.2261,-67.9099
300,10006,632,112.5343,-67.9064
300,10006,640,112.9129,-67.9398
300,10006,648,113.5355,-68.1101
300,10006,656,113.7135,-68.1741
300,10006,664,114.3854,-68.4047
300,10006,672,114.4449,-68.4282
300,10006,680,114.5836,-68.4794
300,10006,688,114.8377,-68.5482
300,10006,696,115.1774,-68.6049
300,10006,704,115.2213,-68.6113
300,10006,712,115.3254,-68.6187
300,10006,720,115.6788,-68.5950
300,10006,728,115.7917,-68.5831
300,10006,736,116.3676,-68.5231
300,10006,744,117.8232,-68.8710
300,10006,752,117.8684,-68.8888
300,10006,760,118.2492,-68.9970
300,10006,768,118.3634,-69.0236
300,10006,776,118.4077,-69.0328
300,10006,784,118.5866,-69.0517
300,10006,792,118.9222,-69.0362
300,10006,800,119.0381,-69.0221
300,10006,808,119.6026,-68.9221
300,10006,816,120.8573,-69.0484
300,10006,824,121.0692,-69.1067
300,10006,832,121.4045,-69.1826
300,10006,840,122.4091,-69.3344
300,10006,848,122.5161,-69.3540
300,10006,856,122.9286,-69.3991
300,10006,864,123.7440,-69.4395
300,10006,872,123.8098,-69.4448
300,10006,880,124.2594,-69.4463
300,10006,888,125.3972,-69.4532
300,10006,896,127.6259,-69.7205
300,10006,904,127.9756,-69.7561
300,10006,912,128.1670,-69.7660
300,10006,920,128.7267,-69.7177
300,10006,928,128.7974,-69.7085
300,10006,936,129.1476,-69.6352
300,10006,944,129.7137,-69.4885
300,10006,952,129.8030,-69.4683
300,10006,960,130.2832,-69.3356
300,10006,968,131.4048,-69.1347
300,10006,976,133.5748,-69.2158
300,10006,984,138.0004,-69.2606
300,10006,992,146.2013,-68.4889
300,10006,1000,163.0301,-66.7846
300,10006,1008,178.5538,-65.7354
300,10006,1016,189.3950,-65.2810
300,10006,1024,200.2363,-64.9939
300,10006,1032,211.0776,-64.8175
300,10006,1040,221.9189,-64.7083
300,10006,1048,230.6489,-64.6589
300,10006,1056,238.1121,-64.6243
300,10006,1064,245.5753,-64.6045
300,10006,1072,251.8656,-64.5934
300,10006,1080,255.8223,-64.5919
300,10006,1088,259.3920,-64.5841
300,10006,1096,261.9796,-64.5827
300,10006,1104,264.4269,-64.5818
300,10006,1112,266.8742,-64.5810
300,10006,1120,269.3215,-64.5772
300,10006,1128,271.4675,-64.5776
300,10006,1136,273.1112,-64.5750
300,10006,1144,274.3096,-64.5720
300,10006,1152,275.4444,-64.5712
300,10006,1160,277.0045,-64.5702
300,10006,1168,278.9901,-64.5693
300,10006,1176,280.9756,-64.5689
300,10006,1184,288.9275,-64.5665
300,10006,1192,360.9517,-64.5614
300,10006,1200,957.3825,-64.5611
300,10007,0,0.0000,-65.0000
300,10007,8,0.0699,-64.9855
300,10007,16,0.6811,-64.9173
300,10007,24,5.5147,-64.6276
300,10007,32,14.0905,-64.5433
300,10007,40,22.6664,-64.5540
300,10007,48,36.8228,-64.5609
300,10007,56,100.0000,-64.5618
300,10007,64,100.0318,-64.5484
300,10007,72,100.0522,-64.5238
300,10007,80,100.1312,-64.3274
300,10007,88,100.3453,-63.2643
300,10007,96,100.8986,-59.7558
300,10007,104,101.0296,-59.0499
300,10007,112,101.2914,-57.8479
300,10007,120,101.3290,-57.6989
300,10007,128,101.3510,-57.6136
300,10007,136,101.4315,-57.3113
300,10007,144,101.5603,-56.8610
300,10007,152,101.7077,-56.3835
300,10007,160,102.1220,-55.2522
300,10007,168,102.1569,-55.1685
300,10007,176,102.2144,-55.0289
300,10007,184,102.4545,-54.4244
300,10007,192,102.5219,-54.2445
300,10007,200,102.6641,-53.8367
300,10007,208,102.8251,-53.2934
300,10007,216,102.9280,-52.8677
300,10007,224,103.0310,-52.3400
300,10007,232,103.1641,-51.4244
300,10007,240,103.2755,-50.3160
300,10007,248,103.3970,-48.4357
300,10007,256,103.5119,-45.3769
300,10007,264,103.5610,-43.4213
300,10007,272,103.7184,-33.5818
300,10007,280,103.8577,-23.1246
300,10007,288,103.9561,-16.6881
300,10007,296,104.0627,-10.8529
300,10007,304,104.1262,-7.9225
300,10007,312,104.1529,-6.8104
300,10007,320,104.2865,-2.2715
300,10007,328,104.3713,-0.2440
300,10007,336,104.4059,0.4033
300,10007,344,104.5410,2.0311
300,10007,352,104.6428,2.4180
300,10007,360,104.9395,0.4880
300,10007,368,105.3853,-7.4037
300,10007,376,105.5039,-10.0035
300,10007,384,105.5723,-11.5547
300,10007,392,105.7175,-14.9343
300,10007,400,105.7751,-16.2949
300,10007,408,105.9132,-19.5754
300,10007,416,106.1273,-24.6161
300,10007,424,106.3536,-29.7512
300,10007,432,106.4743,-32.3763
300,10007,440,106.9177,-41.2937
300,10007,448,107.0706,-44.1556
300,10007,456,107.3042,-48.4093
300,10007,464,107.3853,-49.8564
300,10007,472,107.7863,-56.4309
300,10007,480,108.3512,-62.6028
300,10007,488,108.7146,-64.8766
300,10007,496,108.9433,-65.8757
300,10007,504,109.2130,-66.7469
300,10007,512,109.3750,-67.1477
300,10007,520,109.4994,-67.3995
300,10007,528,110.0421,-68.1089
300,10007,536,110.0727,-68.1371
300,10007,544,110.2420,-68.2675
300,10007,552,110.3263,-68.3172
300,10007,560,110.3805,-68.3421
300,10007,568,110.7437,-68.3618
300,10007,576,110.9768,-68.3185
300,10007,584,111.1093,-68.2873
300,10007,592,111.1834,-68.2670
300,10007,600,111.2494,-68.2458
300,10007,608,111.5905,-68.1017
300,10007,616,111.6964,-68.0596
300,10007,624,112.2261,-67.9099
300,10007,632,112.5343,-67.9064
300,10007,640,112.9129,-67.9398
300,10007,648,113.5355,-68.1101
300,10007,656,113.7135,-68.1741
300,10007,664,114.3854,-68.4047
300,10007,672,114.4449,-68.4282
300,10007,680,114.5836,-68.4794
300,10007,688,114.8377,-68.5482
300,10007,696,115.1774,-68.6049
300,10007,704,115.2213,-68.6113
300,10007,712,115.3254,-68.6187
300,10007,720,115.6788,-68.5950
300,10007,728,115.7917,-68.5831
300,10007,736,116.3676,-68.5231
300,10007,744,117.8232,-68.8710
300,10007,752,117.8684,-68.8888
300,10007,760,118.2492,-68.9970
300,10007,768,118.3634,-69.0236
300,10007,776,118.4077,-69.0328
300,10007,784,118.5866,-69.0517
300,10007,792,118.9222,-69.0362
300,10007,800,119.0381,-69.0221
300,10007,808,119.6026,-68.9221
300,10007,816,120.8573,-69.0484
300,10007,824,121.0692,-69.1067
300,10007,832,121.4045,-69.1826
300,10007,840,122.4091,-69.3344
300,10007,848,122.5161,-69.3540
300,10007,856,122.9286,-69.3991
300,10007,864,123.7440,-69.4395
300,10007,872,123.8098,-69.4448
300,10007,880,124.2594,-69.4463
300,10007,888,125.3972,-69.4532
300,10007,896,127.6259,-69.7205
300,10007,904,127.9756,-69.7561
300,10007,912,128.1670,-69.7660
300,10007,920,128.7267,-69.7177
300,10007,928,128.7974,-69.7085
300,10007,936,129.1476,-69.6352
300,10007,944,129.7137,-69.4885
300,10007,952,129.8030,-69.4683
300,10007,960,130.2832,-69.3356
300,10007,968,131.4048,-69.1347
300,10007,976,133.5748,-69.2158
300,10007,984,138.0004,-69.2606
300,10007,992,146.2013,-68.4889
300,10007,1000,163.0301,-66.7846
300,10007,1008,178.5538,-65.7354
300,10007,1016,189.3950,-65.2810
300,10007,1024,200.2363,-64.9939
300,10007,1032,211.0776,-64.8175
300,10007,1040,221.9189,-64.7083
300,10007,1048,230.6489,-64.6589
300,10007,1056,238.1121,-64.6243
300,10007,1064,245.5753,-64.6045
300,10007,1072,251.8656,-64.5934
300,10007,1080,255.8223,-64.5919
300,10007,1088,259.3920,-64.5841
300,10007,1096,261.9796,-64.5827
300,10007,1104,264.4269,-64.5818
300,10007,1112,266.8742,-64.5810
300,10007,1120,269.3215,-64.5772
300,10007,1128,271.4675,-64.5776
300,10007,1136,273.1112,-64.5750
300,10007,1144,274.3096,-64.5720
300,10007,1152,275.4444,-64.5712
300,10007,1160,277.0045,-64.5702
300,10007,1168,278.9901,-64.5693
300,10007,1176,280.9756,-64.5689
300,10007,1184,288.9275,-64.5665
300,10007,1192,360.9517,-64.5614
300,10007,1200,957.3825,-64.5611
300,10008,0,0.0000,-65.0000
300,10008,8,0.0699,-64.9855
300,10008,16,0.6811,-64.9173
300,10008,24,5.5147,-64.6276
300,10008,32,14.0905,-64.5433
300,10008,40,22.6664,-64.5540
300,10008,48,36.8228,-64.5609
300,10008,56,100.0000,-64.5618
300,10008,64,100.0318,-64.5484
300,10008,72,100.0522,-64.5238
300,10008,80,100.1312,-64.3274
300,10008,88,100.3453,-63.2643
300,10008,96,100.8986,-59.7558
300,10008,104,101.0296,-59.0499
300,10008,112,101.2914,-57.8479
300,10008,120,101.3290,-57.6989
300,10008,128,101.3510,-57.6136
300,10008,136,101.4315,-57.3113
300,10008,144,101.5603,-56.8610
300,10008,152,101.7077,-56.3835
300,10008,160,102.1220,-55.2522
300,10008,168,102.1569,-55.1685
300,10008,176,102.2144,-55.0289
300,10008,184,102.4545,-54.4244
300,10008,192,102.5219,-54.2445
300,10008,200,102.6641,-53.8367
300,10008,208,102.8251,-53.2934
300,10008,216,102.9280,-52.8677
300,10008,224,103.0310,-52.3400
300,10008,232,103.1641,-51.4244
300,10008,240,103.2755,-50.3160
300,10008,248,103.3970,-48.4357
300,10008,256,103.5119,-45.3769
300,10008,264,103.5610,-43.4213
300,10008,272,103.7184,-33.5818
300,10008,280,103.8577,-23.1246
300,10008,288,103.9561,-16.6881
300,10008,296,104.0627,-10.8529
300,10008,304,104.1262,-7.9225
300,10008,312,104.1529,-6.8104
300,10008,320,104.2865,-2.2715
300,10008,328,104.3713,-0.2440
300,10008,336,104.4059,0.4033
300,10008,344,104.5410,2.0311
300,10008,352,104.6428,2.4180
300,10008,360,104.9395,0.4880
300,10008,368,105.3853,-7.4037
300,10008,376,105.5039,-10.0035
300,10008,384,105.5723,-11.5547
300,10008,392,105.7175,-14.9343
300,10008,400,105.7751,-16.2949
300,10008,408,105.9132,-19.5754
300,10008,416,106.1273,-24.6161
300,10008,424,106.3536,-29.7512
300,10008,432,106.4743,-32.3763
300,10008,440,106.9177,-41.2937
300,10008,448,107.0706,-44.1556
300,10008,456,107.3042,-48.4093
300,10008,464,107.3853,-49.8564
300,10008,472,107.7863,-56.4309
300,10008,480,108.3512,-62.6028
300,10008,488,108.7146,-64.8766
300,10008,496,108.9433,-65.8757
300,10008,504,109.2130,-66.7469
300,10008,512,109.3750,-67.1477
300,10008,520,109.4994,-67.3995
300,10008,528,110.0421,-68.1089
300,10008,536,110.0727,-68.1371
300,10008,544,110.2420,-68.2675
300,10008,552,110.3263,-68.3172
300,10008,560,110.3805,-68.3421
300,10008,568,110.7437,-68.3618
300,10008,576,110.9768,-68.3185
300,10008,584,111.1093,-68.2873
300,10008,592,111.1834,-68.2670
300,10008,600,111.2494,-68.2458
300,10008,608,111.5905,-68.1017
300,10008,616,111.6964,-68.0596
300,10008,624,112.2261,-67.9099
300,10008,632,112.5343,-67.9064
300,10008,640,112.9129,-67.9398
300,10008,648,113.5355,-68.1101
300,10008,656,113.7135,-68.1741
300,10008,664,114.3854,-68.4047
300,10008,672,114.4449,-68.4282
300,10008,680,114.5836,-68.4794
300,10008,688,114.8377,-68.5482
300,10008,696,115.1774,-68.6049
300,10008,704,115.2213,-68.6113
300,10008,712,115.3254,-68.6187
300,10008,720,115.6788,-68.5950
300,10008,728,115.7917,-68.5831
300,10008,736,116.3676,-68.5231
300,10008,744,117.8232,-68.8710
300,10008,752,117.8684,-68.8888
300,10008,760,118.2492,-68.9970
300,10008,768,118.3634,-69.0236
300,10008,776,118.4077,-69.0328
300,10008,784,118.5866,-69.0517
300,10008,792,118.9222,-69.0362
300,10008,800,119.0381,-69.0221
300,10008,808,119.6026,-68.9221
300,10008,816,120.8573,-69.0484
300,10008,824,121.0692,-69.1067
300,10008,832,121.4045,-69.1826
300,10008,840,122.4091,-69.3344
300,10008,848,122.5161,-69.3540
300,10008,856,122.9286,-69.3991
300,10008,864,123.7440,-69.4395
300,10008,872,123.8098,-69.4448
300,10008,880,124.2594,-69.4463
300,10008,888,125.3972,-69.4532
300,10008,896,127.6259,-69.7205
300,10008,904,127.9756,-69.7561
300,10008,912,128.1670,-69.7660
300,10008,920,128.7267,-69.7177
300,10008,928,128.7974,-69.7085
300,10008,936,129.1476,-69.6352
300,10008,944,129.7137,-69.4885
300,10008,952,129.8030,-69.4683
300,10008,960,130.2832,-69.3356
300,10008,968,131.4048,-69.1347
300,10008,976,133.5748,-69.2158
300,10008,984,138.0004,-69.2606
300,10008,992,146.2013,-68.4889
300,10008,1000,163.0301,-66.7846
300,10008,1008,178.5538,-65.7354
300,10008,1016,189.3950,-65.2810
300,10008,1024,200.2363,-64.9939
300,10008,1032,211.0776,-64.8175
300,10008,1040,221.9189,-64.7083
300,10008,1048,230.6489,-64.6589
300,10008,1056,238.1121,-64.6243
300,10008,1064,245.5753,-64.6045
300,10008,1072,251.8656,-64.5934
300,10008,1080,255.8223,-64.5919
300,10008,1088,259.3920,-64.5841
300,10008,1096,261.9796,-64.5827
300,10008,1104,264.4269,-64.5818
300,10008,1112,266.8742,-64.5810
300,10008,1120,269.3215,-64.5772
300,10008,1128,271.4675,-64.5776
300,10008,1136,273.1112,-64.5750
300,10008,1144,274.3096,-64.5720
300,10008,1152,275.4444,-64.5712
300,10008,1160,277.0045,-64.5702
300,10008,1168,278.9901,-64.5693
300,10008,1176,280.9756,-64.5689
300,10008,1184,288.9275,-64.5665
300,10008,1192,360.9517,-64.5614
300,10008,1200,957.3825,-64.5611
300,10009,0,0.0000,-65.0000
300,10009,8,0.0699,-64.9855
300,10009,16,0.6811,-64.9173
300,10009,24,5.5147,-64.6276
300,10009,32,14.0905,-64.5433
300,10009,40,22.6664,-64.5540
300,10009,48,36.8228,-64.5609
300,10009,56,100.0000,-64.5618
300,10009,64,100.0318,-64.5484
300,10009,72,100.0522,-64.5238
300,10009,80,100.1312,-64.3274
300,10009,88,100.3453,-63.2643
300,10009,96,100.8986,-59.7558
300,10009,104,101.0296,-59.0499
300,10009,112,101.2914,-57.8479
300,10009,120,101.3290,-57.6989
300,10009,128,101.3510,-57.6136
300,10009,136,101.4315,-57.3113
300,10009,144,101.5603,-56.8610
300,10009,152,101.7077,-56.3835
300,10009,160,102.1220,-55.2522
300,10009,168,102.1569,-55.1685
300,10009,176,102.2144,-55.0289
300,10009,184,102.4545,-54.4244
300,10009,192,102.5219,-54.2445
300,10009,200,102.6641,-53.8367
300,10009,208,102.8251,-53.2934
300,10009,216,102.9280,-52.8677
300,10009,224,103.0310,-52.3400
300,10009,232,103.1641,-51.4244
300,10009,240,103.2755,-50.3160
300,10009,248,103.3970,-48.4357
300,10009,256,103.5119,-45.3769
300,10009,264,103.5610,-43.4213
300,10009,272,103.7184,-33.5818
300,10009,280,103.8577,-23.1246
300,10009,288,103.9561,-16.6881
300,10009,296,104.0627,-10.8529
300,10009,304,104.1262,-7.9225
300,10009,312,104.1529,-6.8104
300,10009,320,104.2865,-2.2715
300,10009,328,104.3713,-0.2440
300,10009,336,104.4059,0.4033
300,10009,344,104.5410,2.0311
300,10009,352,104.6428,2.4180
300,10009,360,104.9395,0.4880
300,10009,368,105.3853,-7.4037
300,10009,376,105.5039,-10.0035
300,10009,384,105.5723,-11.5547
300,10009,392,105.7175,-14.9343
300,10009,400,105.7751,-16.2949
300,10009,408,105.9132,-19.5754
300,10009,416,106.1273,-24.6161
300,10009,424,106.3536,-29.7512
300,10009,432,106.4743,-32.3763
300,10009,440,106.9177,-41.2937
300,10009,448,107.0706,-44.1556
300,10009,456,107.3042,-48.4093
300,10009,464,107.3853,-49.8564
300,10009,472,107.7863,-56.4309
300,10009,480,108.3512,-62.6028
300,10009,488,108.7146,-64.8766
300,10009,496,108.9433,-65.8757
300,10009,504,109.2130,-66.7469
300,10009,512,109.3750,-67.1477
300,10009,520,109.4994,-67.3995
300,10009,528,110.0421,-68.1089
300,10009,536,110.0727,-68.1371
300,10009,544,110.2420,-68.2675
300,10009,552,110.3263,-68.3172
300,10009,560,110.3805,-68.3421
300,10009,568,110.7437,-68.3618
300,10009,576,110.9768,-68.3185
300,10009,584,111.1093,-68.2873
300,10009,592,111.1834,-68.2670
300,10009,600,111.2494,-68.2458
300,10009,608,111.5905,-68.1017
300,10009,616,111.6964,-68.0596
300,10009,624,112.2261,-67.9099
300,10009,632,112.5343,-67.9064
300,10009,640,112.9129,-67.9398
300,10009,648,113.5355,-68.1101
300,10009,656,113.7135,-68.1741
300,10009,664,114.3854,-68.4047
300,10009,672,114.4449,-68.4282
300,10009,680,114.5836,-68.4794
300,10009,688,114.8377,-68.5482
300,10009,696,115.1774,-68.6049
300,10009,704,115.2213,-68.6113
300,10009,712,115.3254,-68.6187
300,10009,720,115.6788,-68.5950
300,10009,728,115.7917,-68.5831
300,10009,736,116.3676,-68.5231
300,10009,744,117.8232,-68.8710
300,10009,752,117.8684,-68.8888
300,10009,760,118.2492,-68.9970
300,10009,768,118.3634,-69.0236
300,10009,776,118.4077,-69.0328
300,10009,784,118.5866,-69.0517
300,10009,792,118.9222,-69.0362
300,10009,800,119.0381,-69.0221
300,10009,808,119.6026,-68.9221
300,10009,816,120.8573,-69.0484
300,10009,824,121.0692,-69.1067
300,10009,832,121.4045,-69.1826
300,10009,840,122.4091,-69.3344
300,10009,848,122.5161,-69.3540
300,10009,856,122.9286,-69.3991
300,10009,864,123.7440,-69.4395
300,10009,872,123.8098,-69.4448
300,10009,880,124.2594,-69.4463
300,10009,888,125.3972,-69.4532
300,10009,896,127.6259,-69.7205
300,10009,904,127.9756,-69.7561
300,10009,912,128.1670,-69.7660
300,10009,920,128.7267,-69.7177
300,10009,928,128.7974,-69.7085
300,10009,936,129.1476,-69.6352
300,10009,944,129.7137,-69.4885
300,10009,952,129.8030,-69.4683
300,10009,960,130.2832,-69.3356
300,10009,968,131.4048,-69.1347
300,10009,976,133.5748,-69.2158
300,10009,984,138.0004,-69.2606
300,10009,992,146.2013,-68.4889
300,10009,1000,163.0301,-66.7846
300,10009,1008,178.5538,-65.7354
300,10009,1016,189.3950,-65.2810
300,10009,1024,200.2363,-64.9939
300,10009,1032,211.0776,-64.8175
300,10009,1040,221.9189,-64.7083
300,10009,1048,230.6489,-64.6589
300,10009,1056,238.1121,-64.6243
300,10009,1064,245.5753,-64.6045
300,10009,1072,251.8656,-64.5934
300,10009,1080,255.8223,-64.5919
300,10009,1088,259.3920,-64.5841
300,10009,1096,261.9796,-64.5827
300,10009,1104,264.4269,-64.5818
300,10009,1112,266.8742,-64.5810
300,10009,1120,269.3215,-64.5772
300,10009,1128,271.4675,-64.5776
300,10009,1136,273.1112,-64.5750
300,10009,1144,274.3096,-64.5720
300,10009,1152,275.4444,-64.5712
300,10009,1160,277.0045,-64.5702
300,10009,1168,278.9901,-64.5693
300,10009,1176,280.9756,-64.5689
300,10009,1184,288.9275,-64.5665
300,10009,1192,360.9517,-64.5614
300,10009,1200,957.3825,-64.5611
300,10010,0,0.0000,-65.0000
300,10010,8,0.0699,-64.9855
300,10010,16,0.6811,-64.9173
300,10010,24,5.5147,-64.6276
300,10010,32,14.0905,-64.5433
300,10010,40,22.6664,-64.5540
300,10010,48,36.8228,-64.5609
300,10010,56,100.0000,-64.5618
300,10010,64,100.0318,-64.5484
300,10010,72,100.0522,-64.5238
300,10010,80,100.1312,-64.3274
300,10010,88,100.3453,-63.2643
300,10010,96,100.8986,-59.7558
300,10010,104,101.0296,-59.0499
300,10010,112,101.2914,-57.8479
300,10010,120,101.3290,-57.6989
300,10010,128,101.3510,-57.6136
300,10010,136,101.4315,-57.3113
300,10010,144,101.5603,-56.8610
300,10010,152,101.7077,-56.3835
300,10010,160,102.1220,-55.2522
300,10010,168,102.1569,-55.1685
300,10010,176,102.2144,-55.0289
300,10010,184,102.4545,-54.4244
300,10010,192,102.5219,-54.2445
300,10010,200,102.6641,-53.8367
300,10010,208,102.8251,-53.2934
300,10010,216,102.9280,-52.8677
300,10010,224,103.0310,-52.3400
300,10010,232,103.1641,-51.4244
300,10010,240,103.2755,-50.3160
300,10010,248,103.3970,-48.4357
300,10010,256,103.5119,-45.3769
300,10010,264,103.5610,-43.4213
300,10010,272,103.7184,-33.5818
300,10010,280,103.8577,-23.1246
300,10010,288,103.9561,-16.6881
300,10010,296,104.0627,-10.8529
300,10010,304,104.1262,-7.9225
300,10010,312,104.1529,-6.8104
300,10010,320,104.2865,-2.2715
300,10010,328,104.3713,-0.2440
300,10010,336,104.4059,0.4033
300,10010,344,104.5410,2.0311
300,10010,352,104.6428,2.4180
300,10010,360,104.9395,0.4880
300,10010,368,105.3853,-7.4037
300,10010,376,105.5039,-10.0035
300,10010,384,105.5723,-11.5547
300,10010,392,105.7175,-14.9343
300,10010,400,105.7751,-16.2949
300,10010,408,105.9132,-19.5754
300,10010,416,106.1273,-24.6161
300,10010,424,106.3536,-29.7512
300,10010,432,106.4743,-32.3763
300,10010,440,106.9177,-41.2937
300,10010,448,107.0706,-44.1556
300,10010,456,107.3042,-48.4093
300,10010,464,107.3853,-49.8564
300,10010,472,107.7863,-56.4309
300,10010,480,108.3512,-62.6028
300,10010,488,108.7146,-64.8766
300,10010,496,108.9433,-65.8757
300,10010,504,109.2130,-66.7469
300,10010,512,109.3750,-67.1477
300,10010,520,109.4994,-67.3995
300,10010,528,110.0421,-68.1089
300,10010,536,110.0727,-68.1371
300,10010,544,110.2420,-68.2675
300,10010,552,110.3263,-68.3172
300,10010,560,110.3805,-68.3421
300,10010,568,110.7437,-68.3618
300,10010,576,110.9768,-68.3185
300,10010,584,111.1093,-68.2873
300,10010,592,111.1834,-68.2670
300,10010,600,111.2494,-68.2458
300,10010,608,111.5905,-68.1017
300,10010,616,111.6964,-68.0596
300,10010,624,112.2261,-67.9099
300,10010,632,112.5343,-67.9064
300,10010,640,112.9129,-67.9398
300,10010,648,113.5355,-68.1101
300,10010,656,113.7135,-68.1741
300,10010,664,114.3854,-68.4047
300,10010,672,114.4449,-68.4282
300,10010,680,114.5836,-68.4794
300,10010,688,114.8377,-68.5482
300,10010,696,115.1774,-68.6049
300,10010,704,115.2213,-68.6113
300,10010,712,115.3254,-68.6187
300,10010,720,115.6788,-68.5950
300,10010,728,115.7917,-68.5831
300,10010,736,116.3676,-68.5231
300,10010,744,117.8232,-68.8710
300,10010,752,117.8684,-68.8888
300,10010,760,118.2492,-68.9970
300,10010,768,118.3634,-69.0236
300,10010,776,118.4077,-69.0328
300,10010,784,118.5866,-69.0517
300,10010,792,118.9222,-69.0362
300,10010,800,119.0381,-69.0221
300,10010,808,119.6026,-68.9221
300,10010,816,120.8573,-69.0484
300,10010,824,121.0692,-69.1067
300,10010,832,121.4045,-69.1826
300,10010,840,122.4091,-69.3344
300,10010,848,122.5161,-69.3540
300,10010,856,122.9286,-69.3991
300,10010,864,123.7440,-69.4395
300,10010,872,123.8098,-69.4448
300,10010,880,124.2594,-69.4463
300,10010,888,125.3972,-69.4532
300,10010,896,127.6259,-69.7205
300,10010,904,127.9756,-69.7561
300,10010,912,128.1670,-69.7660
300,10010,920,128.7267,-69.7177
300,10010,928,128.7974,-69.7085
300,10010,936,129.1476,-69.6352
300,10010,944,129.7137,-69.4885
300,10010,952,129.8030,-69.4683
300,10010,960,130.2832,-69.3356
300,10010,968,131.4048,-69.1347
300,10010,976,133.5748,-69.2158
300,10010,984,138.0004,-69.2606
300,10010,992,146.2013,-68.4889
300,10010,1000,163.0301,-66.7846
300,10010,1008,178.5538,-65.7354
300,10010,1016,189.3950,-65.2810
300,10010,1024,200.2363,-64.9939
300,10010,1032,211.0776,-64.8175
300,10010,1040,221.9189,-64.7083
300,10010,1048,230.6489,-64.6589
300,10010,1056,238.1121,-64.6243
300,10010,1064,245.5753,-64.6045
300,10010,1072,251.8656,-64.5934
300,10010,1080,255.8223,-64.5919
300,10010,1088,259.3920,-64.5841
300,10010,1096,261.9796,-64.5827
300,10010,1104,264.4269,-64.5818
300,10010,1112,266.8742,-64.5810
300,10010,1120,269.3215,-64.5772
300,10010,1128,271.4675,-64.5776
300,10010,1136,273.1112,-64.5750
300,10010,1144,274.3096,-64.5720
300,10010,1152,275.4444,-64.5712
300,10010,1160,277.0045,-64.5702
300,10010,1168,278.9901,-64.5693
300,10010,1176,280.9756,-64.5689
300,10010,1184,288.9275,-64.5665
300,10010,1192,360.9517,-64.5614
300,10010,1200,957.3825,-64.5611
330,11001,0,0.0000,-65.0000
330,11001,8,0.0699,-64.9855
330,11001,16,0.6811,-64.9173
330,11001,24,5.5147,-64.6276
330,11001,32,14.0905,-64.5433
330,11001,40,22.6664,-64.5540
330,11001,48,36.8228,-64.5609
330,11001,56,100.0000,-64.5618
330,11001,64,100.0296,-64.5495
330,11001,72,100.0587,-64.5136
330,11001,80,100.0868,-64.4576
330,11001,88,100.1172,-64.3758
330,11001,96,100.2425,-63.8471
330,11001,104,100.5880,-61.6146
330,11001,112,100.7309,-60.6283
330,11001,120,100.9941,-58.9395
330,11001,128,101.0634,-58.5306
330,11001,136,101.6093,-55.8396
330,11001,144,101.7361,-55.3237
330,11001,152,101.8889,-54.7173
330,11001,160,101.9408,-54.5089
330,11001,168,102.2512,-53.1208
330,11001,176,102.3007,-52.8605
330,11001,184,102.6302,-50.3678
330,11001,192,102.7612,-48.5352
330,11001,200,102.8049,-47.6784
330,11001,208,102.8440,-46.7573
330,11001,216,102.9147,-44.5569
330,11001,224,103.0170,-39.5604
330,11001,232,103.0697,-35.9389
330,11001,240,103.1764,-27.3014
330,11001,248,103.2460,-21.7102
330,11001,256,103.3524,-14.0651
330,11001,264,103.4180,-9.9609
330,11001,272,103.5607,-2.6194
330,11001,280,103.6589,1.1951
330,11001,288,103.7464,3.7677
330,11001,296,103.8016,5.0176
330,11001,304,103.8391,5.7112
330,11001,312,103.9439,7.0420
330,11001,320,103.9881,7.3593
330,11001,328,104.1357,7.5259
330,11001,336,104.5334,3.1580
330,11001,344,104.5857,2.2347
330,11001,352,104.6501,1.0224
330,11001,360,104.7819,-1.6742
330,11001,368,104.9714,-5.9282
330,11001,376,105.4075,-16.4271
330,11001,384,105.8186,-26.0728
330,11001,392,106.0077,-30.1951
330,11001,400,106.0810,-31.7286
330,11001,408,106.4597,-39.0935
330,11001,416,106.5455,-40.6466
330,11001,424,106.6980,-43.3352
330,11001,432,107.1455,-50.7999
330,11001,440,107.2596,-52.5744
330,11001,448,107.4914,-55.8589
330,11001,456,107.5707,-56.8569
330,11001,464,107.7696,-59.0480
330,11001,472,107.9314,-60.5172
330,11001,480,108.1910,-62.3757
330,11001,488,108.3067,-63.0392
330,11001,496,108.3297,-63.1598
330,11001,504,108.5260,-64.0378
330,11001,512,108.9278,-65.2496
330,11001,520,108.9864,-65.3803
330,11001,528,109.1950,-65.7633
330,11001,536,109.3610,-65.9946
330,11001,544,109.4323,-66.0776
330,11001,552,109.6072,-66.2395
330,11001,560,109.7477,-66.3311
330,11001,568,109.8121,-66.3632
330,11001,576,109.9114,-66.4014
330,11001,584,110.1030,-66.4361
330,11001,592,110.2619,-66.4341
330,11001,600,110.3990,-66.4178
330,11001,608,110.5914,-66.3837
330,11001,616,111.0363,-66.3166
330,11001,624,111.1827,-66.3131
330,11001,632,111.8061,-66.3778
330,11001,640,112.5216,-66.6720
330,11001,648,112.6929,-66.7643
330,11001,656,112.9743,-66.9046
330,11001,664,113.0681,-66.9481
330,11001,672,113.1842,-66.9944
330,11001,680,113.3575,-67.0336
330,11001,688,113.6834,-67.0444
330,11001,696,113.7409,-67.0423
330,11001,704,113.9155,-67.0112
330,11001,712,114.0757,-66.9649
330,11001,720,114.4257,-66.8504
330,11001,728,114.5629,-66.8126
330,11001,736,114.6568,-66.7869
330,11001,744,114.7609,-66.7523
330,11001,752,115.2673,-66.5540
330,11001,760,115.8026,-66.5031
330,11001,768,115.8709,-66.5114
330,11001,776,115.9833,-66.5254
330,11001,784,116.5014,-66.5778
330,11001,792,117.1748,-66.7683
330,11001,800,117.2287,-66.7900
330,11001,808,117.4574,-66.8503
330,11001,816,117.9260,-66.9331
330,11001,824,118.0950,-66.9635
330,11001,832,118.1486,-66.9713
330,11001,840,118.4211,-66.9978
330,11001,848,119.1273,-67.0852
330,11001,856,119.1902,-67.0990
330,11001,864,119.3133,-67.1218
330,11001,872,119.6488,-67.1575
330,11001,880,120.1941,-67.2164
330,11001,888,120.3025,-67.2339
330,11001,896,120.8413,-67.3056
330,11001,904,122.1893,-67.7690
330,11001,912,124.7207,-68.8200
330,11001,920,125.2224,-68.9627
330,11001,928,125.4365,-69.0064
330,11001,936,125.9452,-69.0316
330,11001,944,126.0044,-69.0300
330,11001,952,126.4792,-68.9483
330,11001,960,126.5394,-68.9354
330,11001,968,126.5976,-68.9226
330,11001,976,126.8127,-68.8462
330,11001,984,127.5652,-68.4884
330,11001,992,129.2942,-68.3280
330,11001,1000,132.3887,-68.7697
330,11001,1008,138.0912,-68.7398
330,11001,1016,148.9903,-67.6323
330,11001,1024,159.1472,-66.6832
330,11001,1032,166.3395,-66.1477
330,11001,1040,171.1547,-65.8506
330,11001,1048,174.9114,-65.6546
330,11001,1056,178.3652,-65.5006
330,11001,1064,180.8137,-65.3989
330,11001,1072,182.5881,-65.3337
330,11001,1080,184.3626,-65.2748
330,11001,1088,186.1370,-65.2169
330,11001,1096,187.9114,-65.1659
330,11001,1104,189.6859,-65.1166
330,11001,1112,191.4603,-65.0719
330,11001,1120,193.2348,-65.0289
330,11001,1128,195.0092,-64.9901
330,11001,1136,196.7837,-64.9534
330,11001,1144,198.5581,-64.9240
330,11001,1152,200.3326,-64.8920
330,11001,1160,202.1070,-64.8619
330,11001,1168,203.8815,-64.8361
330,11001,1176,205.6559,-64.8151
330,11001,1184,207.4303,-64.7935
330,11001,1192,209.2048,-64.7748
330,11001,1200,210.9792,-64.7560
330,11001,1208,212.7537,-64.7427
330,11001,1216,215.3950,-64.7209
330,11001,1224,244.7401,-64.5980
330,11001,1232,296.1440,-64.5629
330,11001,1240,333.2173,-64.5615
330,11001,1248,482.2161,-64.5621
330,11001,1256,854.7647,-64.5610
330,11002,0,0.0000,-65.0000
330,11002,8,0.0699,-64.9855
330,11002,16,0.6811,-64.9173
330,11002,24,5.5147,-64.6276
330,11002,32,14.0905,-64.5433
330,11002,40,22.6664,-64.5540
330,11002,48,36.8228,-64.5609
330,11002,56,100.0000,-64.5618
330,11002,64,100.0296,-64.5495
330,11002,72,100.0587,-64.5136
330,11002,80,100.0868,-64.4576
330,11002,88,100.1172,-64.3758
330,11002,96,100.2425,-63.8471
330,11002,104,100.5880,-61.6146
330,11002,112,100.7309,-60.6283
330,11002,120,100.9941,-58.9395
330,11002,128,101.0634,-58.5306
330,11002,136,101.6093,-55.8396
330,11002,144,101.7361,-55.3237
330,11002,152,101.8889,-54.7173
330,11002,160,101.9408,-54.5089
330,11002,168,102.2512,-53.1208
330,11002,176,102.3007,-52.8605
330,11002,184,102.6302,-50.3678
330,11002,192,102.7612,-48.5352
330,11002,200,102.8049,-47.6784
330,11002,208,102.8440,-46.7573
330,11002,216,102.9147,-44.5569
330,11002,224,103.0170,-39.5604
330,11002,232,103.0697,-35.9389
330,11002,240,103.1764,-27.3014
330,11002,248,103.2460,-21.7102
330,11002,256,103.3524,-14.0651
330,11002,264,103.4180,-9.9609
330,11002,272,103.5607,-2.6194
330,11002,280,103.6589,1.1951
330,11002,288,103.7464,3.7677
330,11002,296,103.8016,5.0176
330,11002,304,103.8391,5.7112
330,11002,312,103.9439,7.0420
330,11002,320,103.9881,7.3593
330,11002,328,104.1357,7.5259
330,11002,336,104.5334,3.1580
330,11002,344,104.5857,2.2347
330,11002,352,104.6501,1.0224
330,11002,360,104.7819,-1.6742
330,11002,368,104.9714,-5.9282
330,11002,376,105.4075,-16.4271
330,11002,384,105.8186,-26.0728
330,11002,392,106.0077,-30.1951
330,11002,400,106.0810,-31.7286
330,11002,408,106.4597,-39.0935
330,11002,416,106.5455,-40.6466
330,11002,424,106.6980,-43.3352
330,11002,432,107.1455,-50.7999
330,11002,440,107.2596,-52.5744
330,11002,448,107.4914,-55.8589
330,11002,456,107.5707,-56.8569
330,11002,464,107.7696,-59.0480
330,11002,472,107.9314,-60.5172
330,11002,480,108.1910,-62.3757
330,11002,488,108.3067,-63.0392
330,11002,496,108.3297,-63.1598
330,11002,504,108.5260,-64.0378
330,11002,512,108.9278,-65.2496
330,11002,520,108.9864,-65.3803
330,11002,528,109.1950,-65.7633
330,11002,536,109.3610,-65.9946
330,11002,544,109.4323,-66.0776
330,11002,552,109.6072,-66.2395
330,11002,560,109.7477,-66.3311
330,11002,568,109.8121,-66.3632
330,11002,576,109.9114,-66.4014
330,11002,584,110.1030,-66.4361
330,11002,592,110.2619,-66.4341
330,11002,600,110.3990,-66.4178
330,11002,608,110.5914,-66.3837
330,11002,616,111.0363,-66.3166
330,11002,624,111.1827,-66.3131
330,11002,632,111.8061,-66.3778
330,11002,640,112.5216,-66.6720
330,11002,648,112.6929,-66.7643
330,11002,656,112.9743,-66.9046
330,11002,664,113.0681,-66.9481
330,11002,672,113.1842,-66.9944
330,11002,680,113.3575,-67.0336
330,11002,688,113.6834,-67.0444
330,11002,696,113.7409,-67.0423
330,11002,704,113.9155,-67.0112
330,11002,712,114.0757,-66.9649
330,11002,720,114.4257,-66.8504
330,11002,728,114.5629,-66.8126
330,11002,736,114.6568,-66.7869
330,11002,744,114.7609,-66.7523
330,11002,752,115.2673,-66.5540
330,11002,760,115.8026,-66.5031
330,11002,768,115.8709,-66.5114
330,11002,776,115.9833,-66.5254
330,11002,784,116.5014,-66.5778
330,11002,792,117.1748,-66.7683
330,11002,800,117.2287,-66.7900
330,11002,808,117.4574,-66.8503
330,11002,816,117.9260,-66.9331
330,11002,824,118.0950,-66.9635
330,11002,832,118.1486,-66.9713
330,11002,840,118.4211,-66.9978
330,11002,848,119.1273,-67.0852
330,11002,856,119.1902,-67.0990
330,11002,864,119.3133,-67.1218
330,11002,872,119.6488,-67.1575
330,11002,880,120.1941,-67.2164
330,11002,888,120.3025,-67.2339
330,11002,896,120.8413,-67.3056
330,11002,904,122.1893,-67.7690
330,11002,912,124.7207,-68.8200
330,11002,920,125.2224,-68.9627
330,11002,928,125.4365,-69.0064
330,11002,936,125.9452,-69.0316
330,11002,944,126.0044,-69.0300
330,11002,952,126.4792,-68.9483
330,11002,960,126.5394,-68.9354
330,11002,968,126.5976,-68.9226
330,11002,976,126.8127,-68.8462
330,11002,984,127.5652,-68.4884
330,11002,992,129.2942,-68.3280
330,11002,1000,132.3887,-68.7697
330,11002,1008,138.0912,-68.7398
330,11002,1016,148.9903,-67.6323
330,11002,1024,159.1472,-66.6832
330,11002,1032,166.3395,-66.1477
330,11002,1040,171.1547,-65.8506
330,11002,1048,174.9114,-65.6546
330,11002,1056,178.3652,-65.5006
330,11002,1064,180.8137,-65.3989
330,11002,1072,182.5881,-65.3337
330,11002,1080,184.3626,-65.2748
330,11002,1088,186.1370,-65.2169
330,11002,1096,187.9114,-65.1659
330,11002,1104,189.6859,-65.1166
330,11002,1112,191.4603,-65.0719
330,11002,1120,193.2348,-65.0289
330,11002,1128,195.0092,-64.9901
330,11002,1136,196.7837,-64.9534
330,11002,1144,198.5581,-64.9240
330,11002,1152,200.3326,-64.8920
330,11002,1160,202.1070,-64.8619
330,11002,1168,203.8815,-64.8361
330,11002,1176,205.6559,-64.8151
330,11002,1184,207.4303,-64.7935
330,11002,1192,209.2048,-64.7748
330,11002,1200,210.9792,-64.7560
330,11002,1208,212.7537,-64.7427
330,11002,1216,215.3950,-64.7209
330,11002,1224,244.7401,-64.5980
330,11002,1232,296.1440,-64.5629
330,11002,1240,333.2173,-64.5615
330,11002,1248,482.2161,-64.5621
330,11002,1256,854.7647,-64.5610
330,11003,0,0.0000,-65.0000
330,11003,8,0.0699,-64.9855
330,11003,16,0.6811,-64.9173
330,11003,24,5.5147,-64.6276
330,11003,32,14.0905,-64.5433
330,11003,40,22.6664,-64.5540
330,11003,48,36.8228,-64.5609
330,11003,56,100.0000,-64.5618
330,11003,64,100.0296,-64.5495
330,11003,72,100.0587,-64.5136
330,11003,80,100.0868,-64.4576
330,11003,88,100.1172,-64.3758
330,11003,96,100.2425,-63.8471
330,11003,104,100.5880,-61.6146
330,11003,112,100.7309,-60.6283
330,11003,120,100.9941,-58.9395
330,11003,128,101.0634,-58.5306
330,11003,136,101.6093,-55.8396
330,11003,144,101.7361,-55.3237
330,11003,152,101.8889,-54.7173
330,11003,160,101.9408,-54.5089
330,11003,168,102.2512,-53.1208
330,11003,176,102.3007,-52.8605
330,11003,184,102.6302,-50.3678
330,11003,192,102.7612,-48.5352
330,11003,200,102.8049,-47.6784
330,11003,208,102.8440,-46.7573
330,11003,216,102.9147,-44.5569
330,11003,224,103.0170,-39.5604
330,11003,232,103.0697,-35.9389
330,11003,240,103.1764,-27.3014
330,11003,248,103.2460,-21.7102
330,11003,256,103.3524,-14.0651
330,11003,264,103.4180,-9.9609
330,11003,272,103.5607,-2.6194
330,11003,280,103.6589,1.1951
330,11003,288,103.7464,3.7677
330,11003,296,103.8016,5.0176
330,11003,304,103.8391,5.7112
330,11003,312,103.9439,7.0420
330,11003,320,103.9881,7.3593
330,11003,328,104.1357,7.5259
330,11003,336,104.5334,3.1580
330,11003,344,104.5857,2.2347
330,11003,352,104.6501,1.0224
330,11003,360,104.7819,-1.6742
330,11003,368,104.9714,-5.9282
330,11003,376,105.4075,-16.4271
330,11003,384,105.8186,-26.0728
330,11003,392,106.0077,-30.1951
330,11003,400,106.0810,-31.7286
330,11003,408,106.4597,-39.0935
330,11003,416,106.5455,-40.6466
330,11003,424,106.6980,-43.3352
330,11003,432,107.1455,-50.7999
330,11003,440,107.2596,-52.5744
330,11003,448,107.4914,-55.8589
330,11003,456,107.5707,-56.8569
330,11003,464,107.7696,-59.0480
330,11003,472,107.9314,-60.5172
330,11003,480,108.1910,-62.3757
330,11003,488,108.3067,-63.0392
330,11003,496,108.3297,-63.1598
330,11003,504,108.5260,-64.0378
330,11003,512,108.9278,-65.2496
330,11003,520,108.9864,-65.3803
330,11003,528,109.1950,-65.7633
330,11003,536,109.3610,-65.9946
330,11003,544,109.4323,-66.0776
330,11003,552,109.6072,-66.2395
330,11003,560,109.7477,-66.3311
330,11003,568,109.8121,-66.3632
330,11003,576,109.9114,-66.4014
330,11003,584,110.1030,-66.4361
330,11003,592,110.2619,-66.4341
330,11003,600,110.3990,-66.4178
330,11003,608,110.5914,-66.3837
330,11003,616,111.0363,-66.3166
330,11003,624,111.1827,-66.3131
330,11003,632,111.8061,-66.3778
330,11003,640,112.5216,-66.6720
330,11003,648,112.6929,-66.7643
330,11003,656,112.9743,-66.9046
330,11003,664,113.0681,-66.9481
330,11003,672,113.1842,-66.9944
330,11003,680,113.3575,-67.0336
330,11003,688,113.6834,-67.0444
330,11003,696,113.7409,-67.0423
330,11003,704,113.9155,-67.0112
330,11003,712,114.0757,-66.9649
330,11003,720,114.4257,-66.8504
330,11003,728,114.5629,-66.8126
330,11003,736,114.6568,-66.7869
330,11003,744,114.7609,-66.7523
330,11003,752,115.2673,-66.5540
330,11003,760,115.8026,-66.5031
330,11003,768,115.8709,-66.5114
330,11003,776,115.9833,-66.5254
330,11003,784,116.5014,-66.5778
330,11003,792,117.1748,-66.7683
330,11003,800,117.2287,-66.7900
330,11003,808,117.4574,-66.8503
330,11003,816,117.9260,-66.9331
330,11003,824,118.0950,-66.9635
330,11003,832,118.1486,-66.9713
330,11003,840,118.4211,-66.9978
330,11003,848,119.1273,-67.0852
330,11003,856,119.1902,-67.0990
330,11003,864,119.3133,-67.1218
330,11003,872,119.6488,-67.1575
330,11003,880,120.1941,-67.2164
330,11003,888,120.3025,-67.2339
330,11003,896,120.8413,-67.3056
330,11003,904,122.1893,-67.7690
330,11003,912,124.7207,-68.8200
330,11003,920,125.2224,-68.9627
330,11003,928,125.4365,-69.0064
330,11003,936,125.9452,-69.0316
330,11003,944,126.0044,-69.0300
330,11003,952,126.4792,-68.9483
330,11003,960,126.5394,-68.9354
330,11003,968,126.5976,-68.9226
330,11003,976,126.8127,-68.8462
330,11003,984,127.5652,-68.4884
330,11003,992,129.2942,-68.3280
330,11003,1000,132.3887,-68.7697
330,11003,1008,138.0912,-68.7398
330,11003,1016,148.9903,-67.6323
330,11003,1024,159.1472,-66.6832
330,11003,1032,166.3395,-66.1477
330,11003,1040,171.1547,-65.8506
330,11003,1048,174.9114,-65.6546
330,11003,1056,178.3652,-65.5006
330,11003,1064,180.8137,-65.3989
330,11003,1072,182.5881,-65.3337
330,11003,1080,184.3626,-65.2748
330,11003,1088,186.1370,-65.2169
330,11003,1096,187.9114,-65.1659
330,11003,1104,189.6859,-65.1166
330,11003,1112,191.4603,-65.0719
330,11003,1120,193.2348,-65.0289
330,11003,1128,195.0092,-64.9901
330,11003,1136,196.7837,-64.9534
330,11003,1144,198.5581,-64.9240
330,11003,1152,200.3326,-64.8920
330,11003,1160,202.1070,-64.8619
330,11003,1168,203.8815,-64.8361
330,11003,1176,205.6559,-64.8151
330,11003,1184,207.4303,-64.7935
330,11003,1192,209.2048,-64.7748
330,11003,1200,210.9792,-64.7560
330,11003,1208,212.7537,-64.7427
330,11003,1216,215.3950,-64.7209
330,11003,1224,244.7401,-64.5980
330,11003,1232,296.1440,-64.5629
330,11003,1240,333.2173,-64.5615
330,11003,1248,482.2161,-64.5621
330,11003,1256,854.7647,-64.5610
330,11004,0,0.0000,-65.0000
330,11004,8,0.0699,-64.9855
330,11004,16,0.6811,-64.9173
330,11004,24,5.5147,-64.6276
330,11004,32,14.0905,-64.5433
330,11004,40,22.6664,-64.5540
330,11004,48,36.8228,-64.5609
330,11004,56,100.0000,-64.5618
330,11004,64,100.0296,-64.5495
330,11004,72,100.0587,-64.5136
330,11004,80,100.0868,-64.4576
330,11004,88,100.1172,-64.3758
330,11004,96,100.2425,-63.8471
330,11004,104,100.5880,-61.6146
330,11004,112,100.7309,-60.6283
330,11004,120,100.9941,-58.9395
330,11004,128,101.0634,-58.5306
330,11004,136,101.6093,-55.8396
330,11004,144,101.7361,-55.3237
330,11004,152,101.8889,-54.7173
330,11004,160,101.9408,-54.5089
330,11004,168,102.2512,-53.1208
330,11004,176,102.3007,-52.8605
330,11004,184,102.6302,-50.3678
330,11004,192,102.7612,-48.5352
330,11004,200,102.8049,-47.6784
330,11004,208,102.8440,-46.7573
330,11004,216,102.9147,-44.5569
330,11004,224,103.0170,-39.5604
330,11004,232,103.0697,-35.9389
330,11004,240,103.1764,-27.3014
330,11004,248,103.2460,-21.7102
330,11004,256,103.3524,-14.0651
330,11004,264,103.4180,-9.9609
330,11004,272,103.5607,-2.6194
330,11004,280,103.6589,1.1951
330,11004,288,103.7464,3.7677
330,11004,296,103.8016,5.0176
330,11004,304,103.8391,5.7112
330,11004,312,103.9439,7.0420
330,11004,320,103.9881,7.3593
330,11004,328,104.1357,7.5259
330,11004,336,104.5334,3.1580
330,11004,344,104.5857,2.2347
330,11004,352,104.6501,1.0224
330,11004,360,104.7819,-1.6742
330,11004,368,104.9714,-5.9282
330,11004,376,105.4075,-16.4271
330,11004,384,105.8186,-26.0728
330,11004,392,106.0077,-30.1951
330,11004,400,106.0810,-31.7286
330,11004,408,106.4597,-39.0935
330,11004,416,106.5455,-40.6466
330,11004,424,106.6980,-43.3352
330,11004,432,107.1455,-50.7999
330,11004,440,107.2596,-52.5744
330,11004,448,107.4914,-55.8589
330,11004,456,107.5707,-56.8569
330,11004,464,107.7696,-59.0480
330,11004,472,107.9314,-60.5172
330,11004,480,108.1910,-62.3757
330,11004,488,108.3067,-63.0392
330,11004,496,108.3297,-63.1598
330,11004,504,108.5260,-64.0378
330,11004,512,108.9278,-65.2496
330,11004,520,108.9864,-65.3803
330,11004,528,109.1950,-65.7633
330,11004,536,109.3610,-65.9946
330,11004,544,109.4323,-66.0776
330,11004,552,109.6072,-66.2395
330,11004,560,109.7477,-66.3311
330,11004,568,109.8121,-66.3632
330,11004,576,109.9114,-66.4014
330,11004,584,110.1030,-66.4361
330,11004,592,110.2619,-66.4341
330,11004,600,110.3990,-66.4178
330,11004,608,110.5914,-66.3837
330,11004,616,111.0363,-66.3166
330,11004,624,111.1827,-66.3131
330,11004,632,111.8061,-66.3778
330,11004,640,112.5216,-66.6720
330,11004,648,112.6929,-66.7643
330,11004,656,112.9743,-66.9046
330,11004,664,113.0681,-66.9481
330,11004,672,113.1842,-66.9944
330,11004,680,113.3575,-67.0336
330,11004,688,113.6834,-67.0444
330,11004,696,113.7409,-67.0423
330,11004,704,113.9155,-67.0112
330,11004,712,114.0757,-66.9649
330,11004,720,114.4257,-66.8504
330,11004,728,114.5629,-66.8126
330,11004,736,114.6568,-66.7869
330,11004,744,114.7609,-66.7523
330,11004,752,115.2673,-66.5540
330,11004,760,115.8026,-66.5031
330,11004,768,115.8709,-66.5114
330,11004,776,115.9833,-66.5254
330,11004,784,116.5014,-66.5778
330,11004,792,117.1748,-66.7683
330,11004,800,117.2287,-66.7900
330,11004,808,117.4574,-66.8503
330,11004,816,117.9260,-66.9331
330,11004,824,118.0950,-66.9635
330,11004,832,118.1486,-66.9713
330,11004,840,118.4211,-66.9978
330,11004,848,119.1273,-67.0852
330,11004,856,119.1902,-67.0990
330,11004,864,119.3133,-67.1218
330,11004,872,119.6488,-67.1575
330,11004,880,120.1941,-67.2164
330,11004,888,120.3025,-67.2339
330,11004,896,120.8413,-67.3056
330,11004,904,122.1893,-67.7690
330,11004,912,124.7207,-68.8200
330,11004,920,125.2224,-68.9627
330,11004,928,125.4365,-69.0064
330,11004,936,125.9452,-69.0316
330,11004,944,126.0044,-69.0300
330,11004,952,126.4792,-68.9483
330,11004,960,126.5394,-68.9354
330,11004,968,126.5976,-68.9226
330,11004,976,126.8127,-68.8462
330,11004,984,127.5652,-68.4884
330,11004,992,129.2942,-68.3280
330,11004,1000,132.3887,-68.7697
330,11004,1008,138.0912,-68.7398
330,11004,1016,148.9903,-67.6323
330,11004,1024,159.1472,-66.6832
330,11004,1032,166.3395,-66.1477
330,11004,1040,171.1547,-65.8506
330,11004,1048,174.9114,-65.6546
330,11004,1056,178.3652,-65.5006
330,11004,1064,180.8137,-65.3989
330,11004,1072,182.5881,-65.3337
330,11004,1080,184.3626,-65.2748
330,11004,1088,186.1370,-65.2169
330,11004,1096,187.9114,-65.1659
330,11004,1104,189.6859,-65.1166
330,11004,1112,191.4603,-65.0719
330,11004,1120,193.2348,-65.0289
330,11004,1128,195.0092,-64.9901
330,11004,1136,196.7837,-64.9534
330,11004,1144,198.5581,-64.9240
330,11004,1152,200.3326,-64.8920
330,11004,1160,202.1070,-64.8619
330,11004,1168,203.8815,-64.8361
330,11004,1176,205.6559,-64.8151
330,11004,1184,207.4303,-64.7935
330,11004,1192,209.2048,-64.7748
330,11004,1200,210.9792,-64.7560
330,11004,1208,212.7537,-64.7427
330,11004,1216,215.3950,-64.7209
330,11004,1224,244.7401,-64.5980
330,11004,1232,296.1440,-64.5629
330,11004,1240,333.2173,-64.5615
330,11004,1248,482.2161,-64.5621
330,11004,1256,854.7647,-64.5610
330,11005,0,0.0000,-65.0000
330,11005,8,0.0699,-64.9855
330,11005,16,0.6811,-64.9173
330,11005,24,5.5147,-64.6276
330,11005,32,14.0905,-64.5433
330,11005,40,22.6664,-64.5540
330,11005,48,36.8228,-64.5609
330,11005,56,100.0000,-64.5618
330,11005,64,100.0296,-64.5495
330,11005,72,100.0587,-64.5136
330,11005,80,100.0868,-64.4576
330,11005,88,100.1172,-64.3758
330,11005,96,100.2425,-63.8471
330,11005,104,100.5880,-61.6146
330,11005,112,100.7309,-60.6283
330,11005,120,100.9941,-58.9395
330,11005,128,101.0634,-58.5306
330,11005,136,101.6093,-55.8396
330,11005,144,101.7361,-55.3237
330,11005,152,101.8889,-54.7173
330,11005,160,101.9408,-54.5089
330,11005,168,102.2512,-53.1208
330,11005,176,102.3007,-52.8605
330,11005,184,102.6302,-50.3678
330,11005,192,102.7612,-48.5352
330,11005,200,102.8049,-47.6784
330,11005,208,102.8440,-46.7573
330,11005,216,102.9147,-44.5569
330,11005,224,103.0170,-39.5604
330,11005,232,103.0697,-35.9389
330,11005,240,103.1764,-27.3014
330,11005,248,103.2460,-21.7102
330,11005,256,103.3524,-14.0651
330,11005,264,103.4180,-9.9609
330,11005,272,103.5607,-2.6194
330,11005,280,103.6589,1.1951
330,11005,288,103.7464,3.7677
330,11005,296,103.8016,5.0176
330,11005,304,103.8391,5.7112
330,11005,312,103.9439,7.0420
330,11005,320,103.9881,7.3593
330,11005,328,104.1357,7.5259
330,11005,336,104.5334,3.1580
330,11005,344,104.5857,2.2347
330,11005,352,104.6501,1.0224
330,11005,360,104.7819,-1.6742
330,11005,368,104.9714,-5.9282
330,11005,376,105.4075,-16.4271
330,11005,384,105.8186,-26.0728
330,11005,392,106.0077,-30.1951
330,11005,400,106.0810,-31.7286
330,11005,408,106.4597,-39.0935
330,11005,416,106.5455,-40.6466
330,11005,424,106.6980,-43.3352
330,11005,432,107.1455,-50.7999
330,11005,440,107.2596,-52.5744
330,11005,448,107.4914,-55.8589
330,11005,456,107.5707,-56.8569
330,11005,464,107.7696,-59.0480
330,11005,472,107.9314,-60.5172
330,11005,480,108.1910,-62.3757
330,11005,488,108.3067,-63.0392
330,11005,496,108.3297,-63.1598
330,11005,504,108.5260,-64.0378
330,11005,512,108.9278,-65.2496
330,11005,520,108.9864,-65.3803
330,11005,528,109.1950,-65.7633
330,11005,536,109.3610,-65.9946
330,11005,544,109.4323,-66.0776
330,11005,552,109.6072,-66.2395
330,11005,560,109.7477,-66.3311
330,11005,568,109.8121,-66.3632
330,11005,576,109.9114,-66.4014
330,11005,584,110.1030,-66.4361
330,11005,592,110.2619,-66.4341
330,11005,600,110.3990,-66.4178
330,11005,608,110.5914,-66.3837
330,11005,616,111.0363,-66.3166
330,11005,624,111.1827,-66.3131
330,11005,632,111.8061,-66.3778
330,11005,640,112.5216,-66.6720
330,11005,648,112.6929,-66.7643
330,11005,656,112.9743,-66.9046
330,11005,664,113.0681,-66.9481
330,11005,672,113.1842,-66.9944
330,11005,680,113.3575,-67.0336
330,11005,688,113.6834,-67.0444
330,11005,696,113.7409,-67.0423
330,11005,704,113.9155,-67.0112
330,11005,712,114.0757,-66.9649
330,11005,720,114.4257,-66.8504
330,11005,728,114.5629,-66.8126
330,11005,736,114.6568,-66.7869
330,11005,744,114.7609,-66.7523
330,11005,752,115.2673,-66.5540
330,11005,760,115.8026,-66.5031
330,11005,768,115.8709,-66.5114
330,11005,776,115.9833,-66.5254
330,11005,784,116.5014,-66.5778
330,11005,792,117.1748,-66.7683
330,11005,800,117.2287,-66.7900
330,11005,808,117.4574,-66.8503
330,11005,816,117.9260,-66.9331
330,11005,824,118.0950,-66.9635
330,11005,832,118.1486,-66.9713
330,11005,840,118.4211,-66.9978
330,11005,848,119.1273,-67.0852
330,11005,856,119.1902,-67.0990
330,11005,864,119.3133,-67.1218
330,11005,872,119.6488,-67.1575
330,11005,880,120.1941,-67.2164
330,11005,888,120.3025,-67.2339
330,11005,896,120.8413,-67.3056
330,11005,904,122.1893,-67.7690
330,11005,912,124.7207,-68.8200
330,11005,920,125.2224,-68.9627
330,11005,928,125.4365,-69.0064
330,11005,936,125.9452,-69.0316
330,11005,944,126.0044,-69.0300
330,11005,952,126.4792,-68.9483
330,11005,960,126.5394,-68.9354
330,11005,968,126.5976,-68.9226
330,11005,976,126.8127,-68.8462
330,11005,984,127.5652,-68.4884
330,11005,992,129.2942,-68.3280
330,11005,1000,132.3887,-68.7697
330,11005,1008,138.0912,-68.7398
330,11005,1016,148.9903,-67.6323
330,11005,1024,159.1472,-66.6832
330,11005,1032,166.3395,-66.1477
330,11005,1040,171.1547,-65.8506
330,11005,1048,174.9114,-65.6546
330,11005,1056,178.3652,-65.5006
330,11005,1064,180.8137,-65.3989
330,11005,1072,182.5881,-65.3337
330,11005,1080,184.3626,-65.2748
330,11005,1088,186.1370,-65.2169
330,11005,1096,187.9114,-65.1659
330,11005,1104,189.6859,-65.1166
330,11005,1112,191.4603,-65.0719
330,11005,1120,193.2348,-65.0289
330,11005,1128,195.0092,-64.9901
330,11005,1136,196.7837,-64.9534
330,11005,1144,198.5581,-64.9240
330,11005,1152,200.3326,-64.8920
330,11005,1160,202.1070,-64.8619
330,11005,1168,203.8815,-64.8361
330,11005,1176,205.6559,-64.8151
330,11005,1184,207.4303,-64.7935
330,11005,1192,209.2048,-64.7748
330,11005,1200,210.9792,-64.7560
330,11005,1208,212.7537,-64.7427
330,11005,1216,215.3950,-64.7209
330,11005,1224,244.7401,-64.5980
330,11005,1232,296.1440,-64.5629
330,11005,1240,333.2173,-64.5615
330,11005,1248,482.2161,-64.5621
330,11005,1256,854.7647,-64.5610
330,11006,0,0.0000,-65.0000
330,11006,8,0.0699,-64.9855
330,11006,16,0.6811,-64.9173
330,11006,24,5.5147,-64.6276
330,11006,32,14.0905,-64.5433
330,11006,40,22.6664,-64.5540
330,11006,48,36.8228,-64.5609
330,11006,56,100.0000,-64.5618
330,11006,64,100.0296,-64.5495
330,11006,72,100.0587,-64.5136
330,11006,80,100.0868,-64.4576
330,11006,88,100.1172,-64.3758
330,11006,96,100.2425,-63.8471
330,11006,104,100.5880,-61.6146
330,11006,112,100.7309,-60.6283
330,11006,120,100.9941,-58.9395
330,11006,128,101.0634,-58.5306
330,11006,136,101.6093,-55.8396
330,11006,144,101.7361,-55.3237
330,11006,152,101.8889,-54.7173
330,11006,160,101.9408,-54.5089
330,11006,168,102.2512,-53.1208
330,11006,176,102.3007,-52.8605
330,11006,184,102.6302,-50.3678
330,11006,192,102.7612,-48.5352
330,11006,200,102.8049,-47.6784
330,11006,208,102.8440,-46.7573
330,11006,216,102.9147,-44.5569
330,11006,224,103.0170,-39.5604
330,11006,232,103.0697,-35.9389
330,11006,240,103.1764,-27.3014
330,11006,248,103.2460,-21.7102
330,11006,256,103.3524,-14.0651
330,11006,264,103.4180,-9.9609
330,11006,272,103.5607,-2.6194
330,11006,280,103.6589,1.1951
330,11006,288,103.7464,3.7677
330,11006,296,103.8016,5.0176
330,11006,304,103.8391,5.7112
330,11006,312,103.9439,7.0420
330,11006,320,103.9881,7.3593
330,11006,328,104.1357,7.5259
330,11006,336,104.5334,3.1580
330,11006,344,104.5857,2.2347
330,11006,352,104.6501,1.0224
330,11006,360,104.7819,-1.6742
330,11006,368,104.9714,-5.9282
330,11006,376,105.4075,-16.4271
330,11006,384,105.8186,-26.0728
330,11006,392,106.0077,-30.1951
330,11006,400,106.0810,-31.7286
330,11006,408,106.4597,-39.0935
330,11006,416,106.5455,-40.6466
330,11006,424,106.6980,-43.3352
330,11006,432,107.1455,-50.7999
330,11006,440,107.2596,-52.5744
330,11006,448,107.4914,-55.8589
330,11006,456,107.5707,-56.8569
330,11006,464,107.7696,-59.0480
330,11006,472,107.9314,-60.5172
330,11006,480,108.1910,-62.3757
330,11006,488,108.3067,-63.0392
330,11006,496,108.3297,-63.1598
330,11006,504,108.5260,-64.0378
330,11006,512,108.9278,-65.2496
330,11006,520,108.9864,-65.3803
330,11006,528,109.1950,-65.7633
330,11006,536,109.3610,-65.9946
330,11006,544,109.4323,-66.0776
330,11006,552,109.6072,-66.2395
330,11006,560,109.7477,-66.3311
330,11006,568,109.8121,-66.3632
330,11006,576,109.9114,-66.4014
330,11006,584,110.1030,-66.4361
330,11006,592,110.2619,-66.4341
330,11006,600,110.3990,-66.4178
330,11006,608,110.5914,-66.3837
330,11006,616,111.0363,-66.3166
330,11006,624,111.1827,-66.3131
330,11006,632,111.8061,-66.3778
330,11006,640,112.5216,-66.6720
330,11006,648,112.6929,-66.7643
330,11006,656,112.9743,-66.9046
330,11006,664,113.0681,-66.9481
330,11006,672,113.1842,-66.9944
330,11006,680,113.3575,-67.0336
330,11006,688,113.6834,-67.0444
330,11006,696,113.7409,-67.0423
330,11006,704,113.9155,-67.0112
330,11006,712,114.0757,-66.9649
330,11006,720,114.4257,-66.8504
330,11006,728,114.5629,-66.8126
330,11006,736,114.6568,-66.7869
330,11006,744,114.7609,-66.7523
330,11006,752,115.2673,-66.5540
330,11006,760,115.8026,-66.5031
330,11006,768,115.8709,-66.5114
330,11006,776,115.9833,-66.5254
330,11006,784,116.5014,-66.5778
330,11006,792,117.1748,-66.7683
330,11006,800,117.2287,-66.7900
330,11006,808,117.4574,-66.8503
330,11006,816,117.9260,-66.9331
330,11006,824,118.0950,-66.9635
330,11006,832,118.1486,-66.9713
330,11006,840,118.4211,-66.9978
330,11006,848,119.1273,-67.0852
330,11006,856,119.1902,-67.0990
330,11006,864,119.3133,-67.1218
330,11006,872,119.6488,-67.1575
330,11006,880,120.1941,-67.2164
330,11006,888,120.3025,-67.2339
330,11006,896,120.8413,-67.3056
330,11006,904,122.1893,-67.7690
330,11006,912,124.7207,-68.8200
330,11006,920,125.2224,-68.9627
330,11006,928,125.4365,-69.0064
330,11006,936,125.9452,-69.0316
330,11006,944,126.0044,-69.0300
330,11006,952,126.4792,-68.9483
330,11006,960,126.5394,-68.9354
330,11006,968,126.5976,-68.9226
330,11006,976,126.8127,-68.8462
330,11006,984,127.5652,-68.4884
330,11006,992,129.2942,-68.3280
330,11006,1000,132.3887,-68.7697
330,11006,1008,138.0912,-68.7398
330,11006,1016,148.9903,-67.6323
330,11006,1024,159.1472,-66.6832
330,11006,1032,166.3395,-66.1477
330,11006,1040,171.1547,-65.8506
330,11006,1048,174.9114,-65.6546
330,11006,1056,178.3652,-65.5006
330,11006,1064,180.8137,-65.3989
330,11006,1072,182.5881,-65.3337
330,11006,1080,184.3626,-65.2748
330,11006,1088,186.1370,-65.2169
330,11006,1096,187.9114,-65.1659
330,11006,1104,189.6859,-65.1166
330,11006,1112,191.4603,-65.0719
330,11006,1120,193.2348,-65.0289
330,11006,1128,195.0092,-64.9901
330,11006,1136,196.7837,-64.9534
330,11006,1144,198.5581,-64.9240
330,11006,1152,200.3326,-64.8920
330,11006,1160,202.1070,-64.8619
330,11006,1168,203.8815,-64.8361
330,11006,1176,205.6559,-64.8151
330,11006,1184,207.4303,-64.7935
330,11006,1192,209.2048,-64.7748
330,11006,1200,210.9792,-64.7560
330,11006,1208,212.7537,-64.7427
330,11006,1216,215.3950,-64.7209
330,11006,1224,244.7401,-64.5980
330,11006,1232,296.1440,-64.5629
330,11006,1240,333.2173,-64.5615
330,11006,1248,482.2161,-64.5621
330,11006,1256,854.7647,-64.5610
330,11007,0,0.0000,-65.0000
330,11007,8,0.0699,-64.9855
330,11007,16,0.6811,-64.9173
330,11007,24,5.5147,-64.6276
330,11007,32,14.0905,-64.5433
330,11007,40,22.6664,-64.5540
330,11007,48,36.8228,-64.5609
330,11007,56,100.0000,-64.5618
330,11007,64,100.0296,-64.5495
330,11007,72,100.0587,-64.5136
330,11007,80,100.0868,-64.4576
330,11007,88,100.1172,-64.3758
330,11007,96,100.2425,-63.8471
330,11007,104,100.5880,-61.6146
330,11007,112,100.7309,-60.6283
330,11007,120,100.9941,-58.9395
330,11007,128,101.0634,-58.5306
330,11007,136,101.6093,-55.8396
330,11007,144,101.7361,-55.3237
330,11007,152,101.8889,-54.7173
330,11007,160,101.9408,-54.5089
330,11007,168,102.2512,-53.1208
330,11007,176,102.3007,-52.8605
330,11007,184,102.6302,-50.3678
330,11007,192,102.7612,-48.5352
330,11007,200,102.8049,-47.6784
330,11007,208,102.8440,-46.7573
330,11007,216,102.9147,-44.5569
330,11007,224,103.0170,-39.5604
330,11007,232,103.0697,-35.9389
330,11007,240,103.1764,-27.3014
330,11007,248,103.2460,-21.7102
330,11007,256,103.3524,-14.0651
330,11007,264,103.4180,-9.9609
330,11007,272,103.5607,-2.6194
330,11007,280,103.6589,1.1951
330,11007,288,103.7464,3.7677
330,11007,296,103.8016,5.0176
330,11007,304,103.8391,5.7112
330,11007,312,103.9439,7.0420
330,11007,320,103.9881,7.3593
330,11007,328,104.1357,7.5259
330,11007,336,104.5334,3.1580
330,11007,344,104.5857,2.2347
330,11007,352,104.6501,1.0224
330,11007,360,104.7819,-1.6742
330,11007,368,104.9714,-5.9282
330,11007,376,105.4075,-16.4271
330,11007,384,105.8186,-26.0728
330,11007,392,106.0077,-30.1951
330,11007,400,106.0810,-31.7286
330,11007,408,106.4597,-39.0935
330,11007,416,106.5455,-40.6466
330,11007,424,106.6980,-43.3352
330,11007,432,107.1455,-50.7999
330,11007,440,107.2596,-52.5744
330,11007,448,107.4914,-55.8589
330,11007,456,107.5707,-56.8569
330,11007,464,107.7696,-59.0480
330,11007,472,107.9314,-60.5172
330,11007,480,108.1910,-62.3757
330,11007,488,108.3067,-63.0392
330,11007,496,108.3297,-63.1598
330,11007,504,108.5260,-64.0378
330,11007,512,108.9278,-65.2496
330,11007,520,108.9864,-65.3803
330,11007,528,109.1950,-65.7633
330,11007,536,109.3610,-65.9946
330,11007,544,109.4323,-66.0776
330,11007,552,109.6072,-66.2395
330,11007,560,109.7477,-66.3311
330,11007,568,109.8121,-66.3632
330,11007,576,109.9114,-66.4014
330,11007,584,110.1030,-66.4361
330,11007,592,110.2619,-66.4341
330,11007,600,110.3990,-66.4178
330,11007,608,110.5914,-66.3837
330,11007,616,111.0363,-66.3166
330,11007,624,111.1827,-66.3131
330,11007,632,111.8061,-66.3778
330,11007,640,112.5216,-66.6720
330,11007,648,112.6929,-66.7643
330,11007,656,112.9743,-66.9046
330,11007,664,113.0681,-66.9481
330,11007,672,113.1842,-66.9944
330,11007,680,113.3575,-67.0336
330,11007,688,113.6834,-67.0444
330,11007,696,113.7409,-67.0423
330,11007,704,113.9155,-67.0112
330,11007,712,114.0757,-66.9649
330,11007,720,114.4257,-66.8504
330,11007,728,114.5629,-66.8126
330,11007,736,114.6568,-66.7869
330,11007,744,114.7609,-66.7523
330,11007,752,115.2673,-66.5540
330,11007,760,115.8026,-66.5031
330,11007,768,115.8709,-66.5114
330,11007,776,115.9833,-66.5254
330,11007,784,116.5014,-66.5778
330,11007,792,117.1748,-66.7683
330,11007,800,117.2287,-66.7900
330,11007,808,117.4574,-66.8503
330,11007,816,117.9260,-66.9331
330,11007,824,118.0950,-66.9635
330,11007,832,118.1486,-66.9713
330,11007,840,118.4211,-66.9978
330,11007,848,119.1273,-67.0852
330,11007,856,119.1902,-67.0990
330,11007,864,119.3133,-67.1218
330,11007,872,119.6488,-67.1575
330,11007,880,120.1941,-67.2164
330,11007,888,120.3025,-67.2339
330,11007,896,120.8413,-67.3056
330,11007,904,122.1893,-67.7690
330,11007,912,124.7207,-68.8200
330,11007,920,125.2224,-68.9627
330,11007,928,125.4365,-69.0064
330,11007,936,125.9452,-69.0316
330,11007,944,126.0044,-69.0300
330,11007,952,126.4792,-68.9483
330,11007,960,126.5394,-68.9354
330,11007,968,126.5976,-68.9226
330,11007,976,126.8127,-68.8462
330,11007,984,127.5652,-68.4884
330,11007,992,129.2942,-68.3280
330,11007,1000,132.3887,-68.7697
330,11007,1008,138.0912,-68.7398
330,11007,1016,148.9903,-67.6323
330,11007,1024,159.1472,-66.6832
330,11007,1032,166.3395,-66.1477
330,11007,1040,171.1547,-65.8506
330,11007,1048,174.9114,-65.6546
330,11007,1056,178.3652,-65.5006
330,11007,1064,180.8137,-65.3989
330,11007,1072,182.5881,-65.3337
330,11007,1080,184.3626,-65.2748
330,11007,1088,186.1370,-65.2169
330,11007,1096,187.9114,-65.1659
330,11007,1104,189.6859,-65.1166
330,11007,1112,191.4603,-65.0719
330,11007,1120,193.2348,-65.0289
330,11007,1128,195.0092,-64.9901
330,11007,1136,196.7837,-64.9534
330,11007,1144,198.5581,-64.9240
330,11007,1152,200.3326,-64.8920
330,11007,1160,202.1070,-64.8619
330,11007,1168,203.8815,-64.8361
330,11007,1176,205.6559,-64.8151
330,11007,1184,207.4303,-64.7935
330,11007,1192,209.2048,-64.7748
330,11007,1200,210.9792,-64.7560
330,11007,1208,212.7537,-64.7427
330,11007,1216,215.3950,-64.7209
330,11007,1224,244.7401,-64.5980
330,11007,1232,296.1440,-64.5629
330,11007,1240,333.2173,-64.5615
330,11007,1248,482.2161,-64.5621
330,11007,1256,854.7647,-64.5610
330,11008,0,0.0000,-65.0000
330,11008,8,0.0699,-64.9855
330,11008,16,0.6811,-64.9173
330,11008,24,5.5147,-64.6276
330,11008,32,14.0905,-64.5433
330,11008,40,22.6664,-64.5540
330,11008,48,36.8228,-64.5609
330,11008,56,100.0000,-64.5618
330,11008,64,100.0296,-64.5495
330,11008,72,100.0587,-64.5136
330,11008,80,100.0868,-64.4576
330,11008,88,100.1172,-64.3758
330,11008,96,100.2425,-63.8471
330,11008,104,100.5880,-61.6146
330,11008,112,100.7309,-60.6283
330,11008,120,100.9941,-58.9395
330,11008,128,101.0634,-58.5306
330,11008,136,101.6093,-55.8396
330,11008,144,101.7361,-55.3237
330,11008,152,101.8889,-54.7173
330,11008,160,101.9408,-54.5089
330,11008,168,102.2512,-53.1208
330,11008,176,102.3007,-52.8605
330,11008,184,102.6302,-50.3678
330,11008,192,102.7612,-48.5352
330,11008,200,102.8049,-47.6784
330,11008,208,102.8440,-46.7573
330,11008,216,102.9147,-44.5569
330,11008,224,103.0170,-39.5604
330,11008,232,103.0697,-35.9389
330,11008,240,103.1764,-27.3014
330,11008,248,103.2460,-21.7102
330,11008,256,103.3524,-14.0651
330,11008,264,103.4180,-9.9609
330,11008,272,103.5607,-2.6194
330,11008,280,103.6589,1.1951
330,11008,288,103.7464,3.7677
330,11008,296,103.8016,5.0176
330,11008,304,103.8391,5.7112
330,11008,312,103.9439,7.0420
330,11008,320,103.9881,7.3593
330,11008,328,104.1357,7.5259
330,11008,336,104.5334,3.1580
330,11008,344,104.5857,2.2347
330,11008,352,104.6501,1.0224
330,11008,360,104.7819,-1.6742
330,11008,368,104.9714,-5.9282
330,11008,376,105.4075,-16.4271
330,11008,384,105.8186,-26.0728
330,11008,392,106.0077,-30.1951
330,11008,400,106.0810,-31.7286
330,11008,408,106.4597,-39.0935
330,11008,416,106.5455,-40.6466
330,11008,424,106.6980,-43.3352
330,11008,432,107.1455,-50.7999
330,11008,440,107.2596,-52.5744
330,11008,448,107.4914,-55.8589
330,11008,456,107.5707,-56.8569
330,11008,464,107.7696,-59.0480
330,11008,472,107.9314,-60.5172
330,11008,480,108.1910,-62.3757
330,11008,488,108.3067,-63.0392
330,11008,496,108.3297,-63.1598
330,11008,504,108.5260,-64.0378
330,11008,512,108.9278,-65.2496
330,11008,520,108.9864,-65.3803
330,11008,528,109.1950,-65.7633
330,11008,536,109.3610,-65.9946
330,11008,544,109.4323,-66.0776
330,11008,552,109.6072,-66.2395
330,11008,560,109.7477,-66.3311
330,11008,568,109.8121,-66.3632
330,11008,576,109.9114,-66.4014
330,11008,584,110.1030,-66.4361
330,11008,592,110.2619,-66.4341
330,11008,600,110.3990,-66.4178
330,11008,608,110.5914,-66.3837
330,11008,616,111.0363,-66.3166
330,11008,624,111.1827,-66.3131
330,11008,632,111.8061,-66.3778
330,11008,640,112.5216,-66.6720
330,11008,648,112.6929,-66.7643
330,11008,656,112.9743,-66.9046
330,11008,664,113.0681,-66.9481
330,11008,672,113.1842,-66.9944
330,11008,680,113.3575,-67.0336
330,11008,688,113.6834,-67.0444
330,11008,696,113.7409,-67.0423
330,11008,704,113.9155,-67.0112
330,11008,712,114.0757,-66.9649
330,11008,720,114.4257,-66.8504
330,11008,728,114.5629,-66.8126
330,11008,736,114.6568,-66.7869
330,11008,744,114.7609,-66.7523
330,11008,752,115.2673,-66.5540
330,11008,760,115.8026,-66.5031
330,11008,768,115.8709,-66.5114
330,11008,776,115.9833,-66.5254
330,11008,784,116.5014,-66.5778
330,11008,792,117.1748,-66.7683
330,11008,800,117.2287,-66.7900
330,11008,808,117.4574,-66.8503
330,11008,816,117.9260,-66.9331
330,11008,824,118.0950,-66.9635
330,11008,832,118.1486,-66.9713
330,11008,840,118.4211,-66.9978
330,11008,848,119.1273,-67.0852
330,11008,856,119.1902,-67.0990
330,11008,864,119.3133,-67.1218
330,11008,872,119.6488,-67.1575
330,11008,880,120.1941,-67.2164
330,11008,888,120.3025,-67.2339
330,11008,896,120.8413,-67.3056
330,11008,904,122.1893,-67.7690
330,11008,912,124.7207,-68.8200
330,11008,920,125.2224,-68.9627
330,11008,928,125.4365,-69.0064
330,11008,936,125.9452,-69.0316
330,11008,944,126.0044,-69.0300
330,11008,952,126.4792,-68.9483
330,11008,960,126.5394,-68.9354
330,11008,968,126.5976,-68.9226
330,11008,976,126.8127,-68.8462
330,11008,984,127.5652,-68.4884
330,11008,992,129.2942,-68.3280
330,11008,1000,132.3887,-68.7697
330,11008,1008,138.0912,-68.7398
330,11008,1016,148.9903,-67.6323
330,11008,1024,159.1472,-66.6832
330,11008,1032,166.3395,-66.1477
330,11008,1040,171.1547,-65.8506
330,11008,1048,174.9114,-65.6546
330,11008,1056,178.3652,-65.5006
330,11008,1064,180.8137,-65.3989
330,11008,1072,182.5881,-65.3337
330,11008,1080,184.3626,-65.2748
330,11008,1088,186.1370,-65.2169
330,11008,1096,187.9114,-65.1659
330,11008,1104,189.6859,-65.1166
330,11008,1112,191.4603,-65.0719
330,11008,1120,193.2348,-65.0289
330,11008,1128,195.0092,-64.9901
330,11008,1136,196.7837,-64.9534
330,11008,1144,198.5581,-64.9240
330,11008,1152,200.3326,-64.8920
330,11008,1160,202.1070,-64.8619
330,11008,1168,203.8815,-64.8361
330,11008,1176,205.6559,-64.8151
330,11008,1184,207.4303,-64.7935
330,11008,1192,209.2048,-64.7748
330,11008,1200,210.9792,-64.7560
330,11008,1208,212.7537,-64.7427
330,11008,1216,215.3950,-64.7209
330,11008,1224,244.7401,-64.5980
330,11008,1232,296.1440,-64.5629
330,11008,1240,333.2173,-64.5615
330,11008,1248,482.2161,-64.5621
330,11008,1256,854.7647,-64.5610
330,11009,0,0.0000,-65.0000
330,11009,8,0.0699,-64.9855
330,11009,16,0.6811,-64.9173
330,11009,24,5.5147,-64.6276
330,11009,32,14.0905,-64.5433
330,11009,40,22.6664,-64.5540
330,11009,48,36.8228,-64.5609
330,11009,56,100.0000,-64.5618
330,11009,64,100.0296,-64.5495
330,11009,72,100.0587,-64.5136
330,11009,80,100.0868,-64.4576
330,11009,88,100.1172,-64.3758
330,11009,96,100.2425,-63.8471
330,11009,104,100.5880,-61.6146
330,11009,112,100.7309,-60.6283
330,11009,120,100.9941,-58.9395
330,11009,128,101.0634,-58.5306
330,11009,136,101.6093,-55.8396
330,11009,144,101.7361,-55.3237
330,11009,152,101.8889,-54.7173
330,11009,160,101.9408,-54.5089
330,11009,168,102.2512,-53.1208
330,11009,176,102.3007,-52.8605
330,11009,184,102.6302,-50.3678
330,11009,192,102.7612,-48.5352
330,11009,200,102.8049,-47.6784
330,11009,208,102.8440,-46.7573
330,11009,216,102.9147,-44.5569
330,11009,224,103.0170,-39.5604
330,11009,232,103.0697,-35.9389
330,11009,240,103.1764,-27.3014
330,11009,248,103.2460,-21.7102
330,11009,256,103.3524,-14.0651
330,11009,264,103.4180,-9.9609
330,11009,272,103.5607,-2.6194
330,11009,280,103.6589,1.1951
330,11009,288,103.7464,3.7677
330,11009,296,103.8016,5.0176
330,11009,304,103.8391,5.7112
330,11009,312,103.9439,7.0420
330,11009,320,103.9881,7.3593
330,11009,328,104.1357,7.5259
330,11009,336,104.5334,3.1580
330,11009,344,104.5857,2.2347
330,11009,352,104.6501,1.0224
330,11009,360,104.7819,-1.6742
330,11009,368,104.9714,-5.9282
330,11009,376,105.4075,-16.4271
330,11009,384,105.8186,-26.0728
330,11009,392,106.0077,-30.1951
330,11009,400,106.0810,-31.7286
330,11009,408,106.4597,-39.0935
330,11009,416,106.5455,-40.6466
330,11009,424,106.6980,-43.3352
330,11009,432,107.1455,-50.7999
330,11009,440,107.2596,-52.5744
330,11009,448,107.4914,-55.8589
330,11009,456,107.5707,-56.8569
330,11009,464,107.7696,-59.0480
330,11009,472,107.9314,-60.5172
330,11009,480,108.1910,-62.3757
330,11009,488,108.3067,-63.0392
330,11009,496,108.3297,-63.1598
330,11009,504,108.5260,-64.0378
330,11009,512,108.9278,-65.2496
330,11009,520,108.9864,-65.3803
330,11009,528,109.1950,-65.7633
330,11009,536,109.3610,-65.9946
330,11009,544,109.4323,-66.0776
330,11009,552,109.6072,-66.2395
330,11009,560,109.7477,-66.3311
330,11009,568,109.8121,-66.3632
330,11009,576,109.9114,-66.4014
330,11009,584,110.1030,-66.4361
330,11009,592,110.2619,-66.4341
330,11009,600,110.3990,-66.4178
330,11009,608,110.5914,-66.3837
330,11009,616,111.0363,-66.3166
330,11009,624,111.1827,-66.3131
330,11009,632,111.8061,-66.3778
330,11009,640,112.5216,-66.6720
330,11009,648,112.6929,-66.7643
330,11009,656,112.9743,-66.9046
330,11009,664,113.0681,-66.9481
330,11009,672,113.1842,-66.9944
330,11009,680,113.3575,-67.0336
330,11009,688,113.6834,-67.0444
330,11009,696,113.7409,-67.0423
330,11009,704,113.9155,-67.0112
330,11009,712,114.0757,-66.9649
330,11009,720,114.4257,-66.8504
330,11009,728,114.5629,-66.8126
330,11009,736,114.6568,-66.7869
330,11009,744,114.7609,-66.7523
330,11009,752,115.2673,-66.5540
330,11009,760,115.8026,-66.5031
330,11009,768,115.8709,-66.5114
330,11009,776,115.9833,-66.5254
330,11009,784,116.5014,-66.5778
330,11009,792,117.1748,-66.7683
330,11009,800,117.2287,-66.7900
330,11009,808,117.4574,-66.8503
330,11009,816,117.9260,-66.9331
330,11009,824,118.0950,-66.9635
330,11009,832,118.1486,-66.9713
330,11009,840,118.4211,-66.9978
330,11009,848,119.1273,-67.0852
330,11009,856,119.1902,-67.0990
330,11009,864,119.3133,-67.1218
330,11009,872,119.6488,-67.1575
330,11009,880,120.1941,-67.2164
330,11009,888,120.3025,-67.2339
330,11009,896,120.8413,-67.3056
330,11009,904,122.1893,-67.7690
330,11009,912,124.7207,-68.8200
330,11009,920,125.2224,-68.9627
330,11009,928,125.4365,-69.0064
330,11009,936,125.9452,-69.0316
330,11009,944,126.0044,-69.0300
330,11009,952,126.4792,-68.9483
330,11009,960,126.5394,-68.9354
330,11009,968,126.5976,-68.9226
330,11009,976,126.8127,-68.8462
330,11009,984,127.5652,-68.4884
330,11009,992,129.2942,-68.3280
330,11009,1000,132.3887,-68.7697
330,11009,1008,138.0912,-68.7398
330,11009,1016,148.9903,-67.6323
330,11009,1024,159.1472,-66.6832
330,11009,1032,166.3395,-66.1477
330,11009,1040,171.1547,-65.8506
330,11009,1048,174.9114,-65.6546
330,11009,1056,178.3652,-65.5006
330,11009,1064,180.8137,-65.3989
330,11009,1072,182.5881,-65.3337
330,11009,1080,184.3626,-65.2748
330,11009,1088,186.1370,-65.2169
330,11009,1096,187.9114,-65.1659
330,11009,1104,189.6859,-65.1166
330,11009,1112,191.4603,-65.0719
330,11009,1120,193.2348,-65.0289
330,11009,1128,195.0092,-64.9901
330,11009,1136,196.7837,-64.9534
330,11009,1144,198.5581,-64.9240
330,11009,1152,200.3326,-64.8920
330,11009,1160,202.1070,-64.8619
330,11009,1168,203.8815,-64.8361
330,11009,1176,205.6559,-64.8151
330,11009,1184,207.4303,-64.7935
330,11009,1192,209.2048,-64.7748
330,11009,1200,210.9792,-64.7560
330,11009,1208,212.7537,-64.7427
330,11009,1216,215.3950,-64.7209
330,11009,1224,244.7401,-64.5980
330,11009,1232,296.1440,-64.5629
330,11009,1240,333.2173,-64.5615
330,11009,1248,482.2161,-64.5621
330,11009,1256,854.7647,-64.5610
330,11010,0,0.0000,-65.0000
330,11010,8,0.0699,-64.9855
330,11010,16,0.6811,-64.9173
330,11010,24,5.5147,-64.6276
330,11010,32,14.0905,-64.5433
330,11010,40,22.6664,-64.5540
330,11010,48,36.8228,-64.5609
330,11010,56,100.0000,-64.5618
330,11010,64,100.0296,-64.5495
330,11010,72,100.0587,-64.5136
330,11010,80,100.0868,-64.4576
330,11010,88,100.1172,-64.3758
330,11010,96,100.2425,-63.8471
330,11010,104,100.5880,-61.6146
330,11010,112,100.7309,-60.6283
330,11010,120,100.9941,-58.9395
330,11010,128,101.0634,-58.5306
330,11010,136,101.6093,-55.8396
330,11010,144,101.7361,-55.3237
330,11010,152,101.8889,-54.7173
330,11010,160,101.9408,-54.5089
330,11010,168,102.2512,-53.1208
330,11010,176,102.3007,-52.8605
330,11010,184,102.6302,-50.3678
330,11010,192,102.7612,-48.5352
330,11010,200,102.8049,-47.6784
330,11010,208,102.8440,-46.7573
330,11010,216,102.9147,-44.5569
330,11010,224,103.0170,-39.5604
330,11010,232,103.0697,-35.9389
330,11010,240,103.1764,-27.3014
330,11010,248,103.2460,-21.7102
330,11010,256,103.3524,-14.0651
330,11010,264,103.4180,-9.9609
330,11010,272,103.5607,-2.6194
330,11010,280,103.6589,1.1951
330,11010,288,103.7464,3.7677
330,11010,296,103.8016,5.0176
330,11010,304,103.8391,5.7112
330,11010,312,103.9439,7.0420
330,11010,320,103.9881,7.3593
330,11010,328,104.1357,7.5259
330,11010,336,104.5334,3.1580
330,11010,344,104.5857,2.2347
330,11010,352,104.6501,1.0224
330,11010,360,104.7819,-1.6742
330,11010,368,104.9714,-5.9282
330,11010,376,105.4075,-16.4271
330,11010,384,105.8186,-26.0728
330,11010,392,106.0077,-30.1951
330,11010,400,106.0810,-31.7286
330,11010,408,106.4597,-39.0935
330,11010,416,106.5455,-40.6466
330,11010,424,106.6980,-43.3352
330,11010,432,107.1455,-50.7999
330,11010,440,107.2596,-52.5744
330,11010,448,107.4914,-55.8589
330,11010,456,107.5707,-56.8569
330,11010,464,107.7696,-59.0480
330,11010,472,107.9314,-60.5172
330,11010,480,108.1910,-62.3757
330,11010,488,108.3067,-63.0392
330,11010,496,108.3297,-63.1598
330,11010,504,108.5260,-64.0378
330,11010,512,108.9278,-65.2496
330,11010,520,108.9864,-65.3803
330,11010,528,109.1950,-65.7633
330,11010,536,109.3610,-65.9946
330,11010,544,109.4323,-66.0776
330,11010,552,109.6072,-66.2395
330,11010,560,109.7477,-66.3311
330,11010,568,109.8121,-66.3632
330,11010,576,109.9114,-66.4014
330,11010,584,110.1030,-66.4361
330,11010,592,110.2619,-66.4341
330,11010,600,110.3990,-66.4178
330,11010,608,110.5914,-66.3837
330,11010,616,111.0363,-66.3166
330,11010,624,111.1827,-66.3131
330,11010,632,111.8061,-66.3778
330,11010,640,112.5216,-66.6720
330,11010,648,112.6929,-66.7643
330,11010,656,112.9743,-66.9046
330,11010,664,113.0681,-66.9481
330,11010,672,113.1842,-66.9944
330,11010,680,113.3575,-67.0336
330,11010,688,113.6834,-67.0444
330,11010,696,113.7409,-67.0423
330,11010,704,113.9155,-67.0112
330,11010,712,114.0757,-66.9649
330,11010,720,114.4257,-66.8504
330,11010,728,114.5629,-66.8126
330,11010,736,114.6568,-66.7869
330,11010,744,114.7609,-66.7523
330,11010,752,115.2673,-66.5540
330,11010,760,115.8026,-66.5031
330,11010,768,115.8709,-66.5114
330,11010,776,115.9833,-66.5254
330,11010,784,116.5014,-66.5778
330,11010,792,117.1748,-66.7683
330,11010,800,117.2287,-66.7900
330,11010,808,117.4574,-66.8503
330,11010,816,117.9260,-66.9331
330,11010,824,118.0950,-66.9635
330,11010,832,118.1486,-66.9713
330,11010,840,118.4211,-66.9978
330,11010,848,119.1273,-67.0852
330,11010,856,119.1902,-67.0990
330,11010,864,119.3133,-67.1218
330,11010,872,119.6488,-67.1575
330,11010,880,120.1941,-67.2164
330,11010,888,120.3025,-67.2339
330,11010,896,120.8413,-67.3056
330,11010,904,122.1893,-67.7690
330,11010,912,124.7207,-68.8200
330,11010,920,125.2224,-68.9627
330,11010,928,125.4365,-69.0064
330,11010,936,125.9452,-69.0316
330,11010,944,126.0044,-69.0300
330,11010,952,126.4792,-68.9483
330,11010,960,126.5394,-68.9354
330,11010,968,126.5976,-68.9226
330,11010,976,126.8127,-68.8462
330,11010,984,127.5652,-68.4884
330,11010,992,129.2942,-68.3280
330,11010,1000,132.3887,-68.7697
330,11010,1008,138.0912,-68.7398
330,11010,1016,148.9903,-67.6323
330,11010,1024,159.1472,-66.6832
330,11010,1032,166.3395,-66.1477
330,11010,1040,171.1547,-65.8506
330,11010,1048,174.9114,-65.6546
330,11010,1056,178.3652,-65.5006
330,11010,1064,180.8137,-65.3989
330,11010,1072,182.5881,-65.3337
330,11010,1080,184.3626,-65.2748
330,11010,1088,186.1370,-65.2169
330,11010,1096,187.9114,-65.1659
330,11010,1104,189.6859,-65.1166
330,11010,1112,191.4603,-65.0719
330,11010,1120,193.2348,-65.0289
330,11010,1128,195.0092,-64.9901
330,11010,1136,196.7837,-64.9534
330,11010,1144,198.5581,-64.9240
330,11010,1152,200.3326,-64.8920
330,11010,1160,202.1070,-64.8619
330,11010,1168,203.8815,-64.8361
330,11010,1176,205.6559,-64.8151
330,11010,1184,207.4303,-64.7935
330,11010,1192,209.2048,-64.7748
330,11010,1200,210.9792,-64.7560
330,11010,1208,212.7537,-64.7427
330,11010,1216,215.3950,-64.7209
330,11010,1224,244.7401,-64.5980
330,11010,1232,296.1440,-64.5629
330,11010,1240,333.2173,-64.5615
330,11010,1248,482.2161,-64.5621
330,11010,1256,854.7647,-64.5610
