angle_deg,trial_seed,sample_idx,t_ms,voltage_mv
0,1,0,0.0000,-65.0000
0,1,8,0.0699,-64.9855
0,1,16,0.6811,-64.9173
0,1,24,5.5147,-64.6276
0,1,32,14.0905,-64.5433
0,1,40,22.6664,-64.5540
0,1,48,36.8228,-64.5609
0,1,56,100.0000,-64.5618
0,1,64,100.0454,-64.5647
0,1,72,100.0833,-64.5717
0,1,80,100.3251,-64.6910
0,1,88,100.3958,-64.7481
0,1,96,100.5136,-64.8611
0,1,104,100.6676,-65.0359
0,1,112,101.0073,-65.4939
0,1,120,101.1176,-65.6566
0,1,128,102.2479,-67.2803
0,1,136,102.6800,-67.7746
0,1,144,102.7902,-67.8859
0,1,152,102.9370,-68.0272
0,1,160,103.1198,-68.1921
0,1,168,103.7451,-68.6745
0,1,176,104.0300,-68.8513
0,1,184,104.3421,-69.0201
0,1,192,104.7976,-69.2225
0,1,200,104.9650,-69.2844
0,1,208,105.2472,-69.3785
0,1,216,106.2262,-69.6147
0,1,224,106.5350,-69.6615
0,1,232,106.8480,-69.7010
0,1,240,107.4290,-69.7543
0,1,248,107.7264,-69.7729
0,1,256,108.0605,-69.7901
0,1,264,108.3400,-69.8022
0,1,272,108.3960,-69.8048
0,1,280,108.6254,-69.8172
0,1,288,109.1761,-69.8529
0,1,296,109.3000,-69.8606
0,1,304,109.3693,-69.8651
0,1,312,109.6495,-69.8860
0,1,320,110.1001,-69.9217
0,1,328,110.7121,-69.9648
0,1,336,111.2250,-69.9905
0,1,344,111.3350,-69.9955
0,1,352,111.5400,-70.0050
0,1,360,111.6150,-70.0086
0,1,368,111.7401,-70.0151
0,1,376,111.9951,-70.0300
0,1,384,112.1310,-70.0387
0,1,392,112.2847,-70.0492
0,1,400,112.4841,-70.0649
0,1,408,112.6853,-70.0829
0,1,416,113.2051,-70.1315
0,1,424,113.3497,-70.1447
0,1,432,113.5930,-70.1675
0,1,440,113.7700,-70.1841
0,1,448,114.0176,-70.2077
0,1,456,115.1794,-70.2868
0,1,464,115.7742,-70.2990
0,1,472,116.0756,-70.2983
0,1,480,116.2530,-70.2971
0,1,488,116.4924,-70.2959
0,1,496,117.6050,-70.2839
0,1,504,117.7350,-70.2809
0,1,512,118.3830,-70.2662
0,1,520,118.8858,-70.2500
0,1,528,119.3506,-70.2316
0,1,536,119.4626,-70.2270
0,1,544,120.5809,-70.1886
0,1,552,120.9741,-70.1714
0,1,560,121.8751,-70.1261
0,1,568,122.1701,-70.1100
0,1,576,122.8267,-70.0782
0,1,584,124.1064,-70.0035
0,1,592,125.4120,-69.9100
0,1,600,128.4998,-69.6103
0,1,608,130.8829,-69.3348
0,1,616,132.0711,-69.2092
0,1,624,133.7588,-69.0358
0,1,632,134.5892,-68.9562
0,1,640,139.7033,-68.4403
0,1,648,149.4456,-67.3963
0,1,656,164.7057,-66.1318
0,1,664,174.4678,-65.5875
0,1,672,194.7696,-64.9578
0,1,680,224.6140,-64.6525
0,1,688,270.2377,-64.5695
0,1,696,320.6468,-64.5623
0,1,704,371.0560,-64.5622
0,1,712,421.4652,-64.5621
0,1,720,471.8744,-64.5623
0,1,728,518.8418,-64.5609
0,1,736,551.2072,-64.5613
0,1,744,626.8010,-64.5610
0,2,0,0.0000,-65.0000
0,2,8,0.0699,-64.9855
0,2,16,0.6811,-64.9173
0,2,24,5.5147,-64.6276
0,2,32,14.0905,-64.5433
0,2,40,22.6664,-64.5540
0,2,48,36.8228,-64.5609
0,2,56,100.0000,-64.5618
0,2,64,100.0454,-64.5647
0,2,72,100.0833,-64.5717
0,2,80,100.3251,-64.6910
0,2,88,100.3958,-64.7481
0,2,96,100.5136,-64.8611
0,2,104,100.6676,-65.0359
0,2,112,101.0073,-65.4939
0,2,120,101.1176,-65.6566
0,2,128,102.2479,-67.2803
0,2,136,102.6800,-67.7746
0,2,144,102.7902,-67.8859
0,2,152,102.9370,-68.0272
0,2,160,103.1198,-68.1921
0,2,168,103.7451,-68.6745
0,2,176,104.0300,-68.8513
0,2,184,104.3421,-69.0201
0,2,192,104.7976,-69.2225
0,2,200,104.9650,-69.2844
0,2,208,105.2472,-69.3785
0,2,216,106.2262,-69.6147
0,2,224,106.5350,-69.6615
0,2,232,106.8480,-69.7010
0,2,240,107.4290,-69.7543
0,2,248,107.7264,-69.7729
0,2,256,108.0605,-69.7901
0,2,264,108.3400,-69.8022
0,2,272,108.3960,-69.8048
0,2,280,108.6254,-69.8172
0,2,288,109.1761,-69.8529
0,2,296,109.3000,-69.8606
0,2,304,109.3693,-69.8651
0,2,312,109.6495,-69.8860
0,2,320,110.1001,-69.9217
0,2,328,110.7121,-69.9648
0,2,336,111.2250,-69.9905
0,2,344,111.3350,-69.9955
0,2,352,111.5400,-70.0050
0,2,360,111.6150,-70.0086
0,2,368,111.7401,-70.0151
0,2,376,111.9951,-70.0300
0,2,384,112.1310,-70.0387
0,2,392,112.2847,-70.0492
0,2,400,112.4841,-70.0649
0,2,408,112.6853,-70.0829
0,2,416,113.2051,-70.1315
0,2,424,113.3497,-70.1447
0,2,432,113.5930,-70.1675
0,2,440,113.7700,-70.1841
0,2,448,114.0176,-70.2077
0,2,456,115.1794,-70.2868
0,2,464,115.7742,-70.2990
0,2,472,116.0756,-70.2983
0,2,480,116.2530,-70.2971
0,2,488,116.4924,-70.2959
0,2,496,117.6050,-70.2839
0,2,504,117.7350,-70.2809
0,2,512,118.3830,-70.2662
0,2,520,118.8858,-70.2500
0,2,528,119.3506,-70.2316
0,2,536,119.4626,-70.2270
0,2,544,120.5809,-70.1886
0,2,552,120.9741,-70.1714
0,2,560,121.8751,-70.1261
0,2,568,122.1701,-70.1100
0,2,576,122.8267,-70.0782
0,2,584,124.1064,-70.0035
0,2,592,125.4120,-69.9100
0,2,600,128.4998,-69.6103
0,2,608,130.8829,-69.3348
0,2,616,132.0711,-69.2092
0,2,624,133.7588,-69.0358
0,2,632,134.5892,-68.9562
0,2,640,139.7033,-68.4403
0,2,648,149.4456,-67.3963
0,2,656,164.7057,-66.1318
0,2,664,174.4678,-65.5875
0,2,672,194.7696,-64.9578
0,2,680,224.6140,-64.6525
0,2,688,270.2377,-64.5695
0,2,696,320.6468,-64.5623
0,2,704,371.0560,-64.5622
0,2,712,421.4652,-64.5621
0,2,720,471.8744,-64.5623
0,2,728,518.8418,-64.5609
0,2,736,551.2072,-64.5613
0,2,744,626.8010,-64.5610
0,3,0,0.0000,-65.0000
0,3,8,0.0699,-64.9855
0,3,16,0.6811,-64.9173
0,3,24,5.5147,-64.6276
0,3,32,14.0905,-64.5433
0,3,40,22.6664,-64.5540
0,3,48,36.8228,-64.5609
0,3,56,100.0000,-64.5618
0,3,64,100.0454,-64.5647
0,3,72,100.0833,-64.5717
0,3,80,100.3251,-64.6910
0,3,88,100.3958,-64.7481
0,3,96,100.5136,-64.8611
0,3,104,100.6676,-65.0359
0,3,112,101.0073,-65.4939
0,3,120,101.1176,-65.6566
0,3,128,102.2479,-67.2803
0,3,136,102.6800,-67.7746
0,3,144,102.7902,-67.8859
0,3,152,102.9370,-68.0272
0,3,160,103.1198,-68.1921
0,3,168,103.7451,-68.6745
0,3,176,104.0300,-68.8513
0,3,184,104.3421,-69.0201
0,3,192,104.7976,-69.2225
0,3,200,104.9650,-69.2844
0,3,208,105.2472,-69.3785
0,3,216,106.2262,-69.6147
0,3,224,106.5350,-69.6615
0,3,232,106.8480,-69.7010
0,3,240,107.4290,-69.7543
0,3,248,107.7264,-69.7729
0,3,256,108.0605,-69.7901
0,3,264,108.3400,-69.8022
0,3,272,108.3960,-69.8048
0,3,280,108.6254,-69.8172
0,3,288,109.1761,-69.8529
0,3,296,109.3000,-69.8606
0,3,304,109.3693,-69.8651
0,3,312,109.6495,-69.8860
0,3,320,110.1001,-69.9217
0,3,328,110.7121,-69.9648
0,3,336,111.2250,-69.9905
0,3,344,111.3350,-69.9955
0,3,352,111.5400,-70.0050
0,3,360,111.6150,-70.0086
0,3,368,111.7401,-70.0151
0,3,376,111.9951,-70.0300
0,3,384,112.1310,-70.0387
0,3,392,112.2847,-70.0492
0,3,400,112.4841,-70.0649
0,3,408,112.6853,-70.0829
0,3,416,113.2051,-70.1315
0,3,424,113.3497,-70.1447
0,3,432,113.5930,-70.1675
0,3,440,113.7700,-70.1841
0,3,448,114.0176,-70.2077
0,3,456,115.1794,-70.2868
0,3,464,115.7742,-70.2990
0,3,472,116.0756,-70.2983
0,3,480,116.2530,-70.2971
0,3,488,116.4924,-70.2959
0,3,496,117.6050,-70.2839
0,3,504,117.7350,-70.2809
0,3,512,118.3830,-70.2662
0,3,520,118.8858,-70.2500
0,3,528,119.3506,-70.2316
0,3,536,119.4626,-70.2270
0,3,544,120.5809,-70.1886
0,3,552,120.9741,-70.1714
0,3,560,121.8751,-70.1261
0,3,568,122.1701,-70.1100
0,3,576,122.8267,-70.0782
0,3,584,124.1064,-70.0035
0,3,592,125.4120,-69.9100
0,3,600,128.4998,-69.6103
0,3,608,130.8829,-69.3348
0,3,616,132.0711,-69.2092
0,3,624,133.7588,-69.0358
0,3,632,134.5892,-68.9562
0,3,640,139.7033,-68.4403
0,3,648,149.4456,-67.3963
0,3,656,164.7057,-66.1318
0,3,664,174.4678,-65.5875
0,3,672,194.7696,-64.9578
0,3,680,224.6140,-64.6525
0,3,688,270.2377,-64.5695
0,3,696,320.6468,-64.5623
0,3,704,371.0560,-64.5622
0,3,712,421.4652,-64.5621
0,3,720,471.8744,-64.5623
0,3,728,518.8418,-64.5609
0,3,736,551.2072,-64.5613
0,3,744,626.8010,-64.5610
0,4,0,0.0000,-65.0000
0,4,8,0.0699,-64.9855
0,4,16,0.6811,-64.9173
0,4,24,5.5147,-64.6276
0,4,32,14.0905,-64.5433
0,4,40,22.6664,-64.5540
0,4,48,36.8228,-64.5609
0,4,56,100.0000,-64.5618
0,4,64,100.0454,-64.5647
0,4,72,100.0833,-64.5717
0,4,80,100.3251,-64.6910
0,4,88,100.3958,-64.7481
0,4,96,100.5136,-64.8611
0,4,104,100.6676,-65.0359
0,4,112,101.0073,-65.4939
0,4,120,101.1176,-65.6566
0,4,128,102.2479,-67.2803
0,4,136,102.6800,-67.7746
0,4,144,102.7902,-67.8859
0,4,152,102.9370,-68.0272
0,4,160,103.1198,-68.1921
0,4,168,103.7451,-68.6745
0,4,176,104.0300,-68.8513
0,4,184,104.3421,-69.0201
0,4,192,104.7976,-69.2225
0,4,200,104.9650,-69.2844
0,4,208,105.2472,-69.3785
0,4,216,106.2262,-69.6147
0,4,224,106.5350,-69.6615
0,4,232,106.8480,-69.7010
0,4,240,107.4290,-69.7543
0,4,248,107.7264,-69.7729
0,4,256,108.0605,-69.7901
0,4,264,108.3400,-69.8022
0,4,272,108.3960,-69.8048
0,4,280,108.6254,-69.8172
0,4,288,109.1761,-69.8529
0,4,296,109.3000,-69.8606
0,4,304,109.3693,-69.8651
0,4,312,109.6495,-69.8860
0,4,320,110.1001,-69.9217
0,4,328,110.7121,-69.9648
0,4,336,111.2250,-69.9905
0,4,344,111.3350,-69.9955
0,4,352,111.5400,-70.0050
0,4,360,111.6150,-70.0086
0,4,368,111.7401,-70.0151
0,4,376,111.9951,-70.0300
0,4,384,112.1310,-70.0387
0,4,392,112.2847,-70.0492
0,4,400,112.4841,-70.0649
0,4,408,112.6853,-70.0829
0,4,416,113.2051,-70.1315
0,4,424,113.3497,-70.1447
0,4,432,113.5930,-70.1675
0,4,440,113.7700,-70.1841
0,4,448,114.0176,-70.2077
0,4,456,115.1794,-70.2868
0,4,464,115.7742,-70.2990
0,4,472,116.0756,-70.2983
0,4,480,116.2530,-70.2971
0,4,488,116.4924,-70.2959
0,4,496,117.6050,-70.2839
0,4,504,117.7350,-70.2809
0,4,512,118.3830,-70.2662
0,4,520,118.8858,-70.2500
0,4,528,119.3506,-70.2316
0,4,536,119.4626,-70.2270
0,4,544,120.5809,-70.1886
0,4,552,120.9741,-70.1714
0,4,560,121.8751,-70.1261
0,4,568,122.1701,-70.1100
0,4,576,122.8267,-70.0782
0,4,584,124.1064,-70.0035
0,4,592,125.4120,-69.9100
0,4,600,128.4998,-69.6103
0,4,608,130.8829,-69.3348
0,4,616,132.0711,-69.2092
0,4,624,133.7588,-69.0358
0,4,632,134.5892,-68.9562
0,4,640,139.7033,-68.4403
0,4,648,149.4456,-67.3963
0,4,656,164.7057,-66.1318
0,4,664,174.4678,-65.5875
0,4,672,194.7696,-64.9578
0,4,680,224.6140,-64.6525
0,4,688,270.2377,-64.5695
0,4,696,320.6468,-64.5623
0,4,704,371.0560,-64.5622
0,4,712,421.4652,-64.5621
0,4,720,471.8744,-64.5623
0,4,728,518.8418,-64.5609
0,4,736,551.2072,-64.5613
0,4,744,626.8010,-64.5610
0,5,0,0.0000,-65.0000
0,5,8,0.0699,-64.9855
0,5,16,0.6811,-64.9173
0,5,24,5.5147,-64.6276
0,5,32,14.0905,-64.5433
0,5,40,22.6664,-64.5540
0,5,48,36.8228,-64.5609
0,5,56,100.0000,-64.5618
0,5,64,100.0454,-64.5647
0,5,72,100.0833,-64.5717
0,5,80,100.3251,-64.6910
0,5,88,100.3958,-64.7481
0,5,96,100.5136,-64.8611
0,5,104,100.6676,-65.0359
0,5,112,101.0073,-65.4939
0,5,120,101.1176,-65.6566
0,5,128,102.2479,-67.2803
0,5,136,102.6800,-67.7746
0,5,144,102.7902,-67.8859
0,5,152,102.9370,-68.0272
0,5,160,103.1198,-68.1921
0,5,168,103.7451,-68.6745
0,5,176,104.0300,-68.8513
0,5,184,104.3421,-69.0201
0,5,192,104.7976,-69.2225
0,5,200,104.9650,-69.2844
0,5,208,105.2472,-69.3785
0,5,216,106.2262,-69.6147
0,5,224,106.5350,-69.6615
0,5,232,106.8480,-69.7010
0,5,240,107.4290,-69.7543
0,5,248,107.7264,-69.7729
0,5,256,108.0605,-69.7901
0,5,264,108.3400,-69.8022
0,5,272,108.3960,-69.8048
0,5,280,108.6254,-69.8172
0,5,288,109.1761,-69.8529
0,5,296,109.3000,-69.8606
0,5,304,109.3693,-69.8651
0,5,312,109.6495,-69.8860
0,5,320,110.1001,-69.9217
0,5,328,110.7121,-69.9648
0,5,336,111.2250,-69.9905
0,5,344,111.3350,-69.9955
0,5,352,111.5400,-70.0050
0,5,360,111.6150,-70.0086
0,5,368,111.7401,-70.0151
0,5,376,111.9951,-70.0300
0,5,384,112.1310,-70.0387
0,5,392,112.2847,-70.0492
0,5,400,112.4841,-70.0649
0,5,408,112.6853,-70.0829
0,5,416,113.2051,-70.1315
0,5,424,113.3497,-70.1447
0,5,432,113.5930,-70.1675
0,5,440,113.7700,-70.1841
0,5,448,114.0176,-70.2077
0,5,456,115.1794,-70.2868
0,5,464,115.7742,-70.2990
0,5,472,116.0756,-70.2983
0,5,480,116.2530,-70.2971
0,5,488,116.4924,-70.2959
0,5,496,117.6050,-70.2839
0,5,504,117.7350,-70.2809
0,5,512,118.3830,-70.2662
0,5,520,118.8858,-70.2500
0,5,528,119.3506,-70.2316
0,5,536,119.4626,-70.2270
0,5,544,120.5809,-70.1886
0,5,552,120.9741,-70.1714
0,5,560,121.8751,-70.1261
0,5,568,122.1701,-70.1100
0,5,576,122.8267,-70.0782
0,5,584,124.1064,-70.0035
0,5,592,125.4120,-69.9100
0,5,600,128.4998,-69.6103
0,5,608,130.8829,-69.3348
0,5,616,132.0711,-69.2092
0,5,624,133.7588,-69.0358
0,5,632,134.5892,-68.9562
0,5,640,139.7033,-68.4403
0,5,648,149.4456,-67.3963
0,5,656,164.7057,-66.1318
0,5,664,174.4678,-65.5875
0,5,672,194.7696,-64.9578
0,5,680,224.6140,-64.6525
0,5,688,270.2377,-64.5695
0,5,696,320.6468,-64.5623
0,5,704,371.0560,-64.5622
0,5,712,421.4652,-64.5621
0,5,720,471.8744,-64.5623
0,5,728,518.8418,-64.5609
0,5,736,551.2072,-64.5613
0,5,744,626.8010,-64.5610
0,6,0,0.0000,-65.0000
0,6,8,0.0699,-64.9855
0,6,16,0.6811,-64.9173
0,6,24,5.5147,-64.6276
0,6,32,14.0905,-64.5433
0,6,40,22.6664,-64.5540
0,6,48,36.8228,-64.5609
0,6,56,100.0000,-64.5618
0,6,64,100.0454,-64.5647
0,6,72,100.0833,-64.5717
0,6,80,100.3251,-64.6910
0,6,88,100.3958,-64.7481
0,6,96,100.5136,-64.8611
0,6,104,100.6676,-65.0359
0,6,112,101.0073,-65.4939
0,6,120,101.1176,-65.6566
0,6,128,102.2479,-67.2803
0,6,136,102.6800,-67.7746
0,6,144,102.7902,-67.8859
0,6,152,102.9370,-68.0272
0,6,160,103.1198,-68.1921
0,6,168,103.7451,-68.6745
0,6,176,104.0300,-68.8513
0,6,184,104.3421,-69.0201
0,6,192,104.7976,-69.2225
0,6,200,104.9650,-69.2844
0,6,208,105.2472,-69.3785
0,6,216,106.2262,-69.6147
0,6,224,106.5350,-69.6615
0,6,232,106.8480,-69.7010
0,6,240,107.4290,-69.7543
0,6,248,107.7264,-69.7729
0,6,256,108.0605,-69.7901
0,6,264,108.3400,-69.8022
0,6,272,108.3960,-69.8048
0,6,280,108.6254,-69.8172
0,6,288,109.1761,-69.8529
0,6,296,109.3000,-69.8606
0,6,304,109.3693,-69.8651
0,6,312,109.6495,-69.8860
0,6,320,110.1001,-69.9217
0,6,328,110.7121,-69.9648
0,6,336,111.2250,-69.9905
0,6,344,111.3350,-69.9955
0,6,352,111.5400,-70.0050
0,6,360,111.6150,-70.0086
0,6,368,111.7401,-70.0151
0,6,376,111.9951,-70.0300
0,6,384,112.1310,-70.0387
0,6,392,112.2847,-70.0492
0,6,400,112.4841,-70.0649
0,6,408,112.6853,-70.0829
0,6,416,113.2051,-70.1315
0,6,424,113.3497,-70.1447
0,6,432,113.5930,-70.1675
0,6,440,113.7700,-70.1841
0,6,448,114.0176,-70.2077
0,6,456,115.1794,-70.2868
0,6,464,115.7742,-70.2990
0,6,472,116.0756,-70.2983
0,6,480,116.2530,-70.2971
0,6,488,116.4924,-70.2959
0,6,496,117.6050,-70.2839
0,6,504,117.7350,-70.2809
0,6,512,118.3830,-70.2662
0,6,520,118.8858,-70.2500
0,6,528,119.3506,-70.2316
0,6,536,119.4626,-70.2270
0,6,544,120.5809,-70.1886
0,6,552,120.9741,-70.1714
0,6,560,121.8751,-70.1261
0,6,568,122.1701,-70.1100
0,6,576,122.8267,-70.0782
0,6,584,124.1064,-70.0035
0,6,592,125.4120,-69.9100
0,6,600,128.4998,-69.6103
0,6,608,130.8829,-69.3348
0,6,616,132.0711,-69.2092
0,6,624,133.7588,-69.0358
0,6,632,134.5892,-68.9562
0,6,640,139.7033,-68.4403
0,6,648,149.4456,-67.3963
0,6,656,164.7057,-66.1318
0,6,664,174.4678,-65.5875
0,6,672,194.7696,-64.9578
0,6,680,224.6140,-64.6525
0,6,688,270.2377,-64.5695
0,6,696,320.6468,-64.5623
0,6,704,371.0560,-64.5622
0,6,712,421.4652,-64.5621
0,6,720,471.8744,-64.5623
0,6,728,518.8418,-64.5609
0,6,736,551.2072,-64.5613
0,6,744,626.8010,-64.5610
0,7,0,0.0000,-65.0000
0,7,8,0.0699,-64.9855
0,7,16,0.6811,-64.9173
0,7,24,5.5147,-64.6276
0,7,32,14.0905,-64.5433
0,7,40,22.6664,-64.5540
0,7,48,36.8228,-64.5609
0,7,56,100.0000,-64.5618
0,7,64,100.0454,-64.5647
0,7,72,100.0833,-64.5717
0,7,80,100.3251,-64.6910
0,7,88,100.3958,-64.7481
0,7,96,100.5136,-64.8611
0,7,104,100.6676,-65.0359
0,7,112,101.0073,-65.4939
0,7,120,101.1176,-65.6566
0,7,128,102.2479,-67.2803
0,7,136,102.6800,-67.7746
0,7,144,102.7902,-67.8859
0,7,152,102.9370,-68.0272
0,7,160,103.1198,-68.1921
0,7,168,103.7451,-68.6745
0,7,176,104.0300,-68.8513
0,7,184,104.3421,-69.0201
0,7,192,104.7976,-69.2225
0,7,200,104.9650,-69.2844
0,7,208,105.2472,-69.3785
0,7,216,106.2262,-69.6147
0,7,224,106.5350,-69.6615
0,7,232,106.8480,-69.7010
0,7,240,107.4290,-69.7543
0,7,248,107.7264,-69.7729
0,7,256,108.0605,-69.7901
0,7,264,108.3400,-69.8022
0,7,272,108.3960,-69.8048
0,7,280,108.6254,-69.8172
0,7,288,109.1761,-69.8529
0,7,296,109.3000,-69.8606
0,7,304,109.3693,-69.8651
0,7,312,109.6495,-69.8860
0,7,320,110.1001,-69.9217
0,7,328,110.7121,-69.9648
0,7,336,111.2250,-69.9905
0,7,344,111.3350,-69.9955
0,7,352,111.5400,-70.0050
0,7,360,111.6150,-70.0086
0,7,368,111.7401,-70.0151
0,7,376,111.9951,-70.0300
0,7,384,112.1310,-70.0387
0,7,392,112.2847,-70.0492
0,7,400,112.4841,-70.0649
0,7,408,112.6853,-70.0829
0,7,416,113.2051,-70.1315
0,7,424,113.3497,-70.1447
0,7,432,113.5930,-70.1675
0,7,440,113.7700,-70.1841
0,7,448,114.0176,-70.2077
0,7,456,115.1794,-70.2868
0,7,464,115.7742,-70.2990
0,7,472,116.0756,-70.2983
0,7,480,116.2530,-70.2971
0,7,488,116.4924,-70.2959
0,7,496,117.6050,-70.2839
0,7,504,117.7350,-70.2809
0,7,512,118.3830,-70.2662
0,7,520,118.8858,-70.2500
0,7,528,119.3506,-70.2316
0,7,536,119.4626,-70.2270
0,7,544,120.5809,-70.1886
0,7,552,120.9741,-70.1714
0,7,560,121.8751,-70.1261
0,7,568,122.1701,-70.1100
0,7,576,122.8267,-70.0782
0,7,584,124.1064,-70.0035
0,7,592,125.4120,-69.9100
0,7,600,128.4998,-69.6103
0,7,608,130.8829,-69.3348
0,7,616,132.0711,-69.2092
0,7,624,133.7588,-69.0358
0,7,632,134.5892,-68.9562
0,7,640,139.7033,-68.4403
0,7,648,149.4456,-67.3963
0,7,656,164.7057,-66.1318
0,7,664,174.4678,-65.5875
0,7,672,194.7696,-64.9578
0,7,680,224.6140,-64.6525
0,7,688,270.2377,-64.5695
0,7,696,320.6468,-64.5623
0,7,704,371.0560,-64.5622
0,7,712,421.4652,-64.5621
0,7,720,471.8744,-64.5623
0,7,728,518.8418,-64.5609
0,7,736,551.2072,-64.5613
0,7,744,626.8010,-64.5610
0,8,0,0.0000,-65.0000
0,8,8,0.0699,-64.9855
0,8,16,0.6811,-64.9173
0,8,24,5.5147,-64.6276
0,8,32,14.0905,-64.5433
0,8,40,22.6664,-64.5540
0,8,48,36.8228,-64.5609
0,8,56,100.0000,-64.5618
0,8,64,100.0454,-64.5647
0,8,72,100.0833,-64.5717
0,8,80,100.3251,-64.6910
0,8,88,100.3958,-64.7481
0,8,96,100.5136,-64.8611
0,8,104,100.6676,-65.0359
0,8,112,101.0073,-65.4939
0,8,120,101.1176,-65.6566
0,8,128,102.2479,-67.2803
0,8,136,102.6800,-67.7746
0,8,144,102.7902,-67.8859
0,8,152,102.9370,-68.0272
0,8,160,103.1198,-68.1921
0,8,168,103.7451,-68.6745
0,8,176,104.0300,-68.8513
0,8,184,104.3421,-69.0201
0,8,192,104.7976,-69.2225
0,8,200,104.9650,-69.2844
0,8,208,105.2472,-69.3785
0,8,216,106.2262,-69.6147
0,8,224,106.5350,-69.6615
0,8,232,106.8480,-69.7010
0,8,240,107.4290,-69.7543
0,8,248,107.7264,-69.7729
0,8,256,108.0605,-69.7901
0,8,264,108.3400,-69.8022
0,8,272,108.3960,-69.8048
0,8,280,108.6254,-69.8172
0,8,288,109.1761,-69.8529
0,8,296,109.3000,-69.8606
0,8,304,109.3693,-69.8651
0,8,312,109.6495,-69.8860
0,8,320,110.1001,-69.9217
0,8,328,110.7121,-69.9648
0,8,336,111.2250,-69.9905
0,8,344,111.3350,-69.9955
0,8,352,111.5400,-70.0050
0,8,360,111.6150,-70.0086
0,8,368,111.7401,-70.0151
0,8,376,111.9951,-70.0300
0,8,384,112.1310,-70.0387
0,8,392,112.2847,-70.0492
0,8,400,112.4841,-70.0649
0,8,408,112.6853,-70.0829
0,8,416,113.2051,-70.1315
0,8,424,113.3497,-70.1447
0,8,432,113.5930,-70.1675
0,8,440,113.7700,-70.1841
0,8,448,114.0176,-70.2077
0,8,456,115.1794,-70.2868
0,8,464,115.7742,-70.2990
0,8,472,116.0756,-70.2983
0,8,480,116.2530,-70.2971
0,8,488,116.4924,-70.2959
0,8,496,117.6050,-70.2839
0,8,504,117.7350,-70.2809
0,8,512,118.3830,-70.2662
0,8,520,118.8858,-70.2500
0,8,528,119.3506,-70.2316
0,8,536,119.4626,-70.2270
0,8,544,120.5809,-70.1886
0,8,552,120.9741,-70.1714
0,8,560,121.8751,-70.1261
0,8,568,122.1701,-70.1100
0,8,576,122.8267,-70.0782
0,8,584,124.1064,-70.0035
0,8,592,125.4120,-69.9100
0,8,600,128.4998,-69.6103
0,8,608,130.8829,-69.3348
0,8,616,132.0711,-69.2092
0,8,624,133.7588,-69.0358
0,8,632,134.5892,-68.9562
0,8,640,139.7033,-68.4403
0,8,648,149.4456,-67.3963
0,8,656,164.7057,-66.1318
0,8,664,174.4678,-65.5875
0,8,672,194.7696,-64.9578
0,8,680,224.6140,-64.6525
0,8,688,270.2377,-64.5695
0,8,696,320.6468,-64.5623
0,8,704,371.0560,-64.5622
0,8,712,421.4652,-64.5621
0,8,720,471.8744,-64.5623
0,8,728,518.8418,-64.5609
0,8,736,551.2072,-64.5613
0,8,744,626.8010,-64.5610
0,9,0,0.0000,-65.0000
0,9,8,0.0699,-64.9855
0,9,16,0.6811,-64.9173
0,9,24,5.5147,-64.6276
0,9,32,14.0905,-64.5433
0,9,40,22.6664,-64.5540
0,9,48,36.8228,-64.5609
0,9,56,100.0000,-64.5618
0,9,64,100.0454,-64.5647
0,9,72,100.0833,-64.5717
0,9,80,100.3251,-64.6910
0,9,88,100.3958,-64.7481
0,9,96,100.5136,-64.8611
0,9,104,100.6676,-65.0359
0,9,112,101.0073,-65.4939
0,9,120,101.1176,-65.6566
0,9,128,102.2479,-67.2803
0,9,136,102.6800,-67.7746
0,9,144,102.7902,-67.8859
0,9,152,102.9370,-68.0272
0,9,160,103.1198,-68.1921
0,9,168,103.7451,-68.6745
0,9,176,104.0300,-68.8513
0,9,184,104.3421,-69.0201
0,9,192,104.7976,-69.2225
0,9,200,104.9650,-69.2844
0,9,208,105.2472,-69.3785
0,9,216,106.2262,-69.6147
0,9,224,106.5350,-69.6615
0,9,232,106.8480,-69.7010
0,9,240,107.4290,-69.7543
0,9,248,107.7264,-69.7729
0,9,256,108.0605,-69.7901
0,9,264,108.3400,-69.8022
0,9,272,108.3960,-69.8048
0,9,280,108.6254,-69.8172
0,9,288,109.1761,-69.8529
0,9,296,109.3000,-69.8606
0,9,304,109.3693,-69.8651
0,9,312,109.6495,-69.8860
0,9,320,110.1001,-69.9217
0,9,328,110.7121,-69.9648
0,9,336,111.2250,-69.9905
0,9,344,111.3350,-69.9955
0,9,352,111.5400,-70.0050
0,9,360,111.6150,-70.0086
0,9,368,111.7401,-70.0151
0,9,376,111.9951,-70.0300
0,9,384,112.1310,-70.0387
0,9,392,112.2847,-70.0492
0,9,400,112.4841,-70.0649
0,9,408,112.6853,-70.0829
0,9,416,113.2051,-70.1315
0,9,424,113.3497,-70.1447
0,9,432,113.5930,-70.1675
0,9,440,113.7700,-70.1841
0,9,448,114.0176,-70.2077
0,9,456,115.1794,-70.2868
0,9,464,115.7742,-70.2990
0,9,472,116.0756,-70.2983
0,9,480,116.2530,-70.2971
0,9,488,116.4924,-70.2959
0,9,496,117.6050,-70.2839
0,9,504,117.7350,-70.2809
0,9,512,118.3830,-70.2662
0,9,520,118.8858,-70.2500
0,9,528,119.3506,-70.2316
0,9,536,119.4626,-70.2270
0,9,544,120.5809,-70.1886
0,9,552,120.9741,-70.1714
0,9,560,121.8751,-70.1261
0,9,568,122.1701,-70.1100
0,9,576,122.8267,-70.0782
0,9,584,124.1064,-70.0035
0,9,592,125.4120,-69.9100
0,9,600,128.4998,-69.6103
0,9,608,130.8829,-69.3348
0,9,616,132.0711,-69.2092
0,9,624,133.7588,-69.0358
0,9,632,134.5892,-68.9562
0,9,640,139.7033,-68.4403
0,9,648,149.4456,-67.3963
0,9,656,164.7057,-66.1318
0,9,664,174.4678,-65.5875
0,9,672,194.7696,-64.9578
0,9,680,224.6140,-64.6525
0,9,688,270.2377,-64.5695
0,9,696,320.6468,-64.5623
0,9,704,371.0560,-64.5622
0,9,712,421.4652,-64.5621
0,9,720,471.8744,-64.5623
0,9,728,518.8418,-64.5609
0,9,736,551.2072,-64.5613
0,9,744,626.8010,-64.5610
0,10,0,0.0000,-65.0000
0,10,8,0.0699,-64.9855
0,10,16,0.6811,-64.9173
0,10,24,5.5147,-64.6276
0,10,32,14.0905,-64.5433
0,10,40,22.6664,-64.5540
0,10,48,36.8228,-64.5609
0,10,56,100.0000,-64.5618
0,10,64,100.0454,-64.5647
0,10,72,100.0833,-64.5717
0,10,80,100.3251,-64.6910
0,10,88,100.3958,-64.7481
0,10,96,100.5136,-64.8611
0,10,104,100.6676,-65.0359
0,10,112,101.0073,-65.4939
0,10,120,101.1176,-65.6566
0,10,128,102.2479,-67.2803
0,10,136,102.6800,-67.7746
0,10,144,102.7902,-67.8859
0,10,152,102.9370,-68.0272
0,10,160,103.1198,-68.1921
0,10,168,103.7451,-68.6745
0,10,176,104.0300,-68.8513
0,10,184,104.3421,-69.0201
0,10,192,104.7976,-69.2225
0,10,200,104.9650,-69.2844
0,10,208,105.2472,-69.3785
0,10,216,106.2262,-69.6147
0,10,224,106.5350,-69.6615
0,10,232,106.8480,-69.7010
0,10,240,107.4290,-69.7543
0,10,248,107.7264,-69.7729
0,10,256,108.0605,-69.7901
0,10,264,108.3400,-69.8022
0,10,272,108.3960,-69.8048
0,10,280,108.6254,-69.8172
0,10,288,109.1761,-69.8529
0,10,296,109.3000,-69.8606
0,10,304,109.3693,-69.8651
0,10,312,109.6495,-69.8860
0,10,320,110.1001,-69.9217
0,10,328,110.7121,-69.9648
0,10,336,111.2250,-69.9905
0,10,344,111.3350,-69.9955
0,10,352,111.5400,-70.0050
0,10,360,111.6150,-70.0086
0,10,368,111.7401,-70.0151
0,10,376,111.9951,-70.0300
0,10,384,112.1310,-70.0387
0,10,392,112.2847,-70.0492
0,10,400,112.4841,-70.0649
0,10,408,112.6853,-70.0829
0,10,416,113.2051,-70.1315
0,10,424,113.3497,-70.1447
0,10,432,113.5930,-70.1675
0,10,440,113.7700,-70.1841
0,10,448,114.0176,-70.2077
0,10,456,115.1794,-70.2868
0,10,464,115.7742,-70.2990
0,10,472,116.0756,-70.2983
0,10,480,116.2530,-70.2971
0,10,488,116.4924,-70.2959
0,10,496,117.6050,-70.2839
0,10,504,117.7350,-70.2809
0,10,512,118.3830,-70.2662
0,10,520,118.8858,-70.2500
0,10,528,119.3506,-70.2316
0,10,536,119.4626,-70.2270
0,10,544,120.5809,-70.1886
0,10,552,120.9741,-70.1714
0,10,560,121.8751,-70.1261
0,10,568,122.1701,-70.1100
0,10,576,122.8267,-70.0782
0,10,584,124.1064,-70.0035
0,10,592,125.4120,-69.9100
0,10,600,128.4998,-69.6103
0,10,608,130.8829,-69.3348
0,10,616,132.0711,-69.2092
0,10,624,133.7588,-69.0358
0,10,632,134.5892,-68.9562
0,10,640,139.7033,-68.4403
0,10,648,149.4456,-67.3963
0,10,656,164.7057,-66.1318
0,10,664,174.4678,-65.5875
0,10,672,194.7696,-64.9578
0,10,680,224.6140,-64.6525
0,10,688,270.2377,-64.5695
0,10,696,320.6468,-64.5623
0,10,704,371.0560,-64.5622
0,10,712,421.4652,-64.5621
0,10,720,471.8744,-64.5623
0,10,728,518.8418,-64.5609
0,10,736,551.2072,-64.5613
0,10,744,626.8010,-64.5610
30,1001,0,0.0000,-65.0000
30,1001,8,0.0699,-64.9855
30,1001,16,0.6811,-64.9173
30,1001,24,5.5147,-64.6276
30,1001,32,14.0905,-64.5433
30,1001,40,22.6664,-64.5540
30,1001,48,36.8228,-64.5609
30,1001,56,100.0000,-64.5618
30,1001,64,100.0455,-64.5647
30,1001,72,100.1203,-64.5810
30,1001,80,100.2729,-64.6534
30,1001,88,100.4600,-64.8063
30,1001,96,101.1855,-65.7651
30,1001,104,101.5858,-66.3602
30,1001,112,101.8461,-66.7288
30,1001,120,101.9341,-66.8487
30,1001,128,102.0459,-66.9976
30,1001,136,102.5605,-67.6289
30,1001,144,102.8682,-67.9561
30,1001,152,103.0898,-68.1680
30,1001,160,103.3733,-68.4123
30,1001,168,103.6131,-68.5969
30,1001,176,103.8963,-68.7906
30,1001,184,104.1544,-68.9490
30,1001,192,104.4441,-69.1081
30,1001,200,104.7785,-69.2687
30,1001,208,104.9807,-69.3547
30,1001,216,105.4382,-69.5261
30,1001,224,105.8335,-69.6470
30,1001,232,106.0176,-69.6953
30,1001,240,107.1630,-69.9093
30,1001,248,107.2675,-69.9211
30,1001,256,107.5966,-69.9548
30,1001,264,107.8343,-69.9769
30,1001,272,108.0499,-69.9962
30,1001,280,108.2216,-70.0117
30,1001,288,108.2461,-70.0139
30,1001,296,108.3045,-70.0193
30,1001,304,108.4076,-70.0299
30,1001,312,108.5283,-70.0439
30,1001,320,108.7761,-70.0773
30,1001,328,109.1902,-70.1400
30,1001,336,109.8802,-70.2378
30,1001,344,110.4473,-70.2979
30,1001,352,110.6750,-70.3153
30,1001,360,110.8394,-70.3265
30,1001,368,111.0477,-70.3408
30,1001,376,111.1645,-70.3492
30,1001,384,111.5174,-70.3773
30,1001,392,112.1317,-70.4235
30,1001,400,112.4432,-70.4434
30,1001,408,112.9099,-70.4682
30,1001,416,113.8556,-70.4998
30,1001,424,114.1903,-70.5029
30,1001,432,114.5755,-70.5036
30,1001,440,115.8899,-70.4744
30,1001,448,116.4794,-70.4469
30,1001,456,116.6427,-70.4390
30,1001,464,117.1859,-70.4157
30,1001,472,117.5059,-70.4037
30,1001,480,117.7601,-70.3963
30,1001,488,117.9349,-70.3919
30,1001,496,118.0986,-70.3882
30,1001,504,119.0720,-70.3773
30,1001,512,119.2723,-70.3736
30,1001,520,119.7396,-70.3680
30,1001,528,121.1281,-70.3268
30,1001,536,121.9096,-70.2818
30,1001,544,122.1551,-70.2667
30,1001,552,122.4789,-70.2477
30,1001,560,122.9088,-70.2262
30,1001,568,123.0036,-70.2217
30,1001,576,123.1409,-70.2162
30,1001,584,123.3331,-70.2107
30,1001,592,124.5330,-70.2046
30,1001,600,124.9988,-70.2002
30,1001,608,126.5442,-70.1439
30,1001,616,127.2628,-70.0978
30,1001,624,127.7985,-70.0606
30,1001,632,128.5866,-70.0071
30,1001,640,130.1986,-69.8797
30,1001,648,132.5208,-69.6414
30,1001,656,133.2599,-69.5656
30,1001,664,138.4435,-69.0094
30,1001,672,143.3961,-68.4315
30,1001,680,149.7011,-67.7357
30,1001,688,177.4917,-65.6128
30,1001,696,194.8831,-65.0338
30,1001,704,215.5875,-64.7326
30,1001,712,245.2012,-64.5998
30,1001,720,320.0096,-64.5617
30,1001,728,412.3373,-64.5612
30,1001,736,589.0943,-64.5612
30,1002,0,0.0000,-65.0000
30,1002,8,0.0699,-64.9855
30,1002,16,0.6811,-64.9173
30,1002,24,5.5147,-64.6276
30,1002,32,14.0905,-64.5433
30,1002,40,22.6664,-64.5540
30,1002,48,36.8228,-64.5609
30,1002,56,100.0000,-64.5618
30,1002,64,100.0455,-64.5647
30,1002,72,100.1203,-64.5810
30,1002,80,100.2729,-64.6534
30,1002,88,100.4600,-64.8063
30,1002,96,101.1855,-65.7651
30,1002,104,101.5858,-66.3602
30,1002,112,101.8461,-66.7288
30,1002,120,101.9341,-66.8487
30,1002,128,102.0459,-66.9976
30,1002,136,102.5605,-67.6289
30,1002,144,102.8682,-67.9561
30,1002,152,103.0898,-68.1680
30,1002,160,103.3733,-68.4123
30,1002,168,103.6131,-68.5969
30,1002,176,103.8963,-68.7906
30,1002,184,104.1544,-68.9490
30,1002,192,104.4441,-69.1081
30,1002,200,104.7785,-69.2687
30,1002,208,104.9807,-69.3547
30,1002,216,105.4382,-69.5261
30,1002,224,105.8335,-69.6470
30,1002,232,106.0176,-69.6953
30,1002,240,107.1630,-69.9093
30,1002,248,107.2675,-69.9211
30,1002,256,107.5966,-69.9548
30,1002,264,107.8343,-69.9769
30,1002,272,108.0499,-69.9962
30,1002,280,108.2216,-70.0117
30,1002,288,108.2461,-70.0139
30,1002,296,108.3045,-70.0193
30,1002,304,108.4076,-70.0299
30,1002,312,108.5283,-70.0439
30,1002,320,108.7761,-70.0773
30,1002,328,109.1902,-70.1400
30,1002,336,109.8802,-70.2378
30,1002,344,110.4473,-70.2979
30,1002,352,110.6750,-70.3153
30,1002,360,110.8394,-70.3265
30,1002,368,111.0477,-70.3408
30,1002,376,111.1645,-70.3492
30,1002,384,111.5174,-70.3773
30,1002,392,112.1317,-70.4235
30,1002,400,112.4432,-70.4434
30,1002,408,112.9099,-70.4682
30,1002,416,113.8556,-70.4998
30,1002,424,114.1903,-70.5029
30,1002,432,114.5755,-70.5036
30,1002,440,115.8899,-70.4744
30,1002,448,116.4794,-70.4469
30,1002,456,116.6427,-70.4390
30,1002,464,117.1859,-70.4157
30,1002,472,117.5059,-70.4037
30,1002,480,117.7601,-70.3963
30,1002,488,117.9349,-70.3919
30,1002,496,118.0986,-70.3882
30,1002,504,119.0720,-70.3773
30,1002,512,119.2723,-70.3736
30,1002,520,119.7396,-70.3680
30,1002,528,121.1281,-70.3268
30,1002,536,121.9096,-70.2818
30,1002,544,122.1551,-70.2667
30,1002,552,122.4789,-70.2477
30,1002,560,122.9088,-70.2262
30,1002,568,123.0036,-70.2217
30,1002,576,123.1409,-70.2162
30,1002,584,123.3331,-70.2107
30,1002,592,124.5330,-70.2046
30,1002,600,124.9988,-70.2002
30,1002,608,126.5442,-70.1439
30,1002,616,127.2628,-70.0978
30,1002,624,127.7985,-70.0606
30,1002,632,128.5866,-70.0071
30,1002,640,130.1986,-69.8797
30,1002,648,132.5208,-69.6414
30,1002,656,133.2599,-69.5656
30,1002,664,138.4435,-69.0094
30,1002,672,143.3961,-68.4315
30,1002,680,149.7011,-67.7357
30,1002,688,177.4917,-65.6128
30,1002,696,194.8831,-65.0338
30,1002,704,215.5875,-64.7326
30,1002,712,245.2012,-64.5998
30,1002,720,320.0096,-64.5617
30,1002,728,412.3373,-64.5612
30,1002,736,589.0943,-64.5612
30,1003,0,0.0000,-65.0000
30,1003,8,0.0699,-64.9855
30,1003,16,0.6811,-64.9173
30,1003,24,5.5147,-64.6276
30,1003,32,14.0905,-64.5433
30,1003,40,22.6664,-64.5540
30,1003,48,36.8228,-64.5609
30,1003,56,100.0000,-64.5618
30,1003,64,100.0455,-64.5647
30,1003,72,100.1203,-64.5810
30,1003,80,100.2729,-64.6534
30,1003,88,100.4600,-64.8063
30,1003,96,101.1855,-65.7651
30,1003,104,101.5858,-66.3602
30,1003,112,101.8461,-66.7288
30,1003,120,101.9341,-66.8487
30,1003,128,102.0459,-66.9976
30,1003,136,102.5605,-67.6289
30,1003,144,102.8682,-67.9561
30,1003,152,103.0898,-68.1680
30,1003,160,103.3733,-68.4123
30,1003,168,103.6131,-68.5969
30,1003,176,103.8963,-68.7906
30,1003,184,104.1544,-68.9490
30,1003,192,104.4441,-69.1081
30,1003,200,104.7785,-69.2687
30,1003,208,104.9807,-69.3547
30,1003,216,105.4382,-69.5261
30,1003,224,105.8335,-69.6470
30,1003,232,106.0176,-69.6953
30,1003,240,107.1630,-69.9093
30,1003,248,107.2675,-69.9211
30,1003,256,107.5966,-69.9548
30,1003,264,107.8343,-69.9769
30,1003,272,108.0499,-69.9962
30,1003,280,108.2216,-70.0117
30,1003,288,108.2461,-70.0139
30,1003,296,108.3045,-70.0193
30,1003,304,108.4076,-70.0299
30,1003,312,108.5283,-70.0439
30,1003,320,108.7761,-70.0773
30,1003,328,109.1902,-70.1400
30,1003,336,109.8802,-70.2378
30,1003,344,110.4473,-70.2979
30,1003,352,110.6750,-70.3153
30,1003,360,110.8394,-70.3265
30,1003,368,111.0477,-70.3408
30,1003,376,111.1645,-70.3492
30,1003,384,111.5174,-70.3773
30,1003,392,112.1317,-70.4235
30,1003,400,112.4432,-70.4434
30,1003,408,112.9099,-70.4682
30,1003,416,113.8556,-70.4998
30,1003,424,114.1903,-70.5029
30,1003,432,114.5755,-70.5036
30,1003,440,115.8899,-70.4744
30,1003,448,116.4794,-70.4469
30,1003,456,116.6427,-70.4390
30,1003,464,117.1859,-70.4157
30,1003,472,117.5059,-70.4037
30,1003,480,117.7601,-70.3963
30,1003,488,117.9349,-70.3919
30,1003,496,118.0986,-70.3882
30,1003,504,119.0720,-70.3773
30,1003,512,119.2723,-70.3736
30,1003,520,119.7396,-70.3680
30,1003,528,121.1281,-70.3268
30,1003,536,121.9096,-70.2818
30,1003,544,122.1551,-70.2667
30,1003,552,122.4789,-70.2477
30,1003,560,122.9088,-70.2262
30,1003,568,123.0036,-70.2217
30,1003,576,123.1409,-70.2162
30,1003,584,123.3331,-70.2107
30,1003,592,124.5330,-70.2046
30,1003,600,124.9988,-70.2002
30,1003,608,126.5442,-70.1439
30,1003,616,127.2628,-70.0978
30,1003,624,127.7985,-70.0606
30,1003,632,128.5866,-70.0071
30,1003,640,130.1986,-69.8797
30,1003,648,132.5208,-69.6414
30,1003,656,133.2599,-69.5656
30,1003,664,138.4435,-69.0094
30,1003,672,143.3961,-68.4315
30,1003,680,149.7011,-67.7357
30,1003,688,177.4917,-65.6128
30,1003,696,194.8831,-65.0338
30,1003,704,215.5875,-64.7326
30,1003,712,245.2012,-64.5998
30,1003,720,320.0096,-64.5617
30,1003,728,412.3373,-64.5612
30,1003,736,589.0943,-64.5612
30,1004,0,0.0000,-65.0000
30,1004,8,0.0699,-64.9855
30,1004,16,0.6811,-64.9173
30,1004,24,5.5147,-64.6276
30,1004,32,14.0905,-64.5433
30,1004,40,22.6664,-64.5540
30,1004,48,36.8228,-64.5609
30,1004,56,100.0000,-64.5618
30,1004,64,100.0455,-64.5647
30,1004,72,100.1203,-64.5810
30,1004,80,100.2729,-64.6534
30,1004,88,100.4600,-64.8063
30,1004,96,101.1855,-65.7651
30,1004,104,101.5858,-66.3602
30,1004,112,101.8461,-66.7288
30,1004,120,101.9341,-66.8487
30,1004,128,102.0459,-66.9976
30,1004,136,102.5605,-67.6289
30,1004,144,102.8682,-67.9561
30,1004,152,103.0898,-68.1680
30,1004,160,103.3733,-68.4123
30,1004,168,103.6131,-68.5969
30,1004,176,103.8963,-68.7906
30,1004,184,104.1544,-68.9490
30,1004,192,104.4441,-69.1081
30,1004,200,104.7785,-69.2687
30,1004,208,104.9807,-69.3547
30,1004,216,105.4382,-69.5261
30,1004,224,105.8335,-69.6470
30,1004,232,106.0176,-69.6953
30,1004,240,107.1630,-69.9093
30,1004,248,107.2675,-69.9211
30,1004,256,107.5966,-69.9548
30,1004,264,107.8343,-69.9769
30,1004,272,108.0499,-69.9962
30,1004,280,108.2216,-70.0117
30,1004,288,108.2461,-70.0139
30,1004,296,108.3045,-70.0193
30,1004,304,108.4076,-70.0299
30,1004,312,108.5283,-70.0439
30,1004,320,108.7761,-70.0773
30,1004,328,109.1902,-70.1400
30,1004,336,109.8802,-70.2378
30,1004,344,110.4473,-70.2979
30,1004,352,110.6750,-70.3153
30,1004,360,110.8394,-70.3265
30,1004,368,111.0477,-70.3408
30,1004,376,111.1645,-70.3492
30,1004,384,111.5174,-70.3773
30,1004,392,112.1317,-70.4235
30,1004,400,112.4432,-70.4434
30,1004,408,112.9099,-70.4682
30,1004,416,113.8556,-70.4998
30,1004,424,114.1903,-70.5029
30,1004,432,114.5755,-70.5036
30,1004,440,115.8899,-70.4744
30,1004,448,116.4794,-70.4469
30,1004,456,116.6427,-70.4390
30,1004,464,117.1859,-70.4157
30,1004,472,117.5059,-70.4037
30,1004,480,117.7601,-70.3963
30,1004,488,117.9349,-70.3919
30,1004,496,118.0986,-70.3882
30,1004,504,119.0720,-70.3773
30,1004,512,119.2723,-70.3736
30,1004,520,119.7396,-70.3680
30,1004,528,121.1281,-70.3268
30,1004,536,121.9096,-70.2818
30,1004,544,122.1551,-70.2667
30,1004,552,122.4789,-70.2477
30,1004,560,122.9088,-70.2262
30,1004,568,123.0036,-70.2217
30,1004,576,123.1409,-70.2162
30,1004,584,123.3331,-70.2107
30,1004,592,124.5330,-70.2046
30,1004,600,124.9988,-70.2002
30,1004,608,126.5442,-70.1439
30,1004,616,127.2628,-70.0978
30,1004,624,127.7985,-70.0606
30,1004,632,128.5866,-70.0071
30,1004,640,130.1986,-69.8797
30,1004,648,132.5208,-69.6414
30,1004,656,133.2599,-69.5656
30,1004,664,138.4435,-69.0094
30,1004,672,143.3961,-68.4315
30,1004,680,149.7011,-67.7357
30,1004,688,177.4917,-65.6128
30,1004,696,194.8831,-65.0338
30,1004,704,215.5875,-64.7326
30,1004,712,245.2012,-64.5998
30,1004,720,320.0096,-64.5617
30,1004,728,412.3373,-64.5612
30,1004,736,589.0943,-64.5612
30,1005,0,0.0000,-65.0000
30,1005,8,0.0699,-64.9855
30,1005,16,0.6811,-64.9173
30,1005,24,5.5147,-64.6276
30,1005,32,14.0905,-64.5433
30,1005,40,22.6664,-64.5540
30,1005,48,36.8228,-64.5609
30,1005,56,100.0000,-64.5618
30,1005,64,100.0455,-64.5647
30,1005,72,100.1203,-64.5810
30,1005,80,100.2729,-64.6534
30,1005,88,100.4600,-64.8063
30,1005,96,101.1855,-65.7651
30,1005,104,101.5858,-66.3602
30,1005,112,101.8461,-66.7288
30,1005,120,101.9341,-66.8487
30,1005,128,102.0459,-66.9976
30,1005,136,102.5605,-67.6289
30,1005,144,102.8682,-67.9561
30,1005,152,103.0898,-68.1680
30,1005,160,103.3733,-68.4123
30,1005,168,103.6131,-68.5969
30,1005,176,103.8963,-68.7906
30,1005,184,104.1544,-68.9490
30,1005,192,104.4441,-69.1081
30,1005,200,104.7785,-69.2687
30,1005,208,104.9807,-69.3547
30,1005,216,105.4382,-69.5261
30,1005,224,105.8335,-69.6470
30,1005,232,106.0176,-69.6953
30,1005,240,107.1630,-69.9093
30,1005,248,107.2675,-69.9211
30,1005,256,107.5966,-69.9548
30,1005,264,107.8343,-69.9769
30,1005,272,108.0499,-69.9962
30,1005,280,108.2216,-70.0117
30,1005,288,108.2461,-70.0139
30,1005,296,108.3045,-70.0193
30,1005,304,108.4076,-70.0299
30,1005,312,108.5283,-70.0439
30,1005,320,108.7761,-70.0773
30,1005,328,109.1902,-70.1400
30,1005,336,109.8802,-70.2378
30,1005,344,110.4473,-70.2979
30,1005,352,110.6750,-70.3153
30,1005,360,110.8394,-70.3265
30,1005,368,111.0477,-70.3408
30,1005,376,111.1645,-70.3492
30,1005,384,111.5174,-70.3773
30,1005,392,112.1317,-70.4235
30,1005,400,112.4432,-70.4434
30,1005,408,112.9099,-70.4682
30,1005,416,113.8556,-70.4998
30,1005,424,114.1903,-70.5029
30,1005,432,114.5755,-70.5036
30,1005,440,115.8899,-70.4744
30,1005,448,116.4794,-70.4469
30,1005,456,116.6427,-70.4390
30,1005,464,117.1859,-70.4157
30,1005,472,117.5059,-70.4037
30,1005,480,117.7601,-70.3963
30,1005,488,117.9349,-70.3919
30,1005,496,118.0986,-70.3882
30,1005,504,119.0720,-70.3773
30,1005,512,119.2723,-70.3736
30,1005,520,119.7396,-70.3680
30,1005,528,121.1281,-70.3268
30,1005,536,121.9096,-70.2818
30,1005,544,122.1551,-70.2667
30,1005,552,122.4789,-70.2477
30,1005,560,122.9088,-70.2262
30,1005,568,123.0036,-70.2217
30,1005,576,123.1409,-70.2162
30,1005,584,123.3331,-70.2107
30,1005,592,124.5330,-70.2046
30,1005,600,124.9988,-70.2002
30,1005,608,126.5442,-70.1439
30,1005,616,127.2628,-70.0978
30,1005,624,127.7985,-70.0606
30,1005,632,128.5866,-70.0071
30,1005,640,130.1986,-69.8797
30,1005,648,132.5208,-69.6414
30,1005,656,133.2599,-69.5656
30,1005,664,138.4435,-69.0094
30,1005,672,143.3961,-68.4315
30,1005,680,149.7011,-67.7357
30,1005,688,177.4917,-65.6128
30,1005,696,194.8831,-65.0338
30,1005,704,215.5875,-64.7326
30,1005,712,245.2012,-64.5998
30,1005,720,320.0096,-64.5617
30,1005,728,412.3373,-64.5612
30,1005,736,589.0943,-64.5612
30,1006,0,0.0000,-65.0000
30,1006,8,0.0699,-64.9855
30,1006,16,0.6811,-64.9173
30,1006,24,5.5147,-64.6276
30,1006,32,14.0905,-64.5433
30,1006,40,22.6664,-64.5540
30,1006,48,36.8228,-64.5609
30,1006,56,100.0000,-64.5618
30,1006,64,100.0455,-64.5647
30,1006,72,100.1203,-64.5810
30,1006,80,100.2729,-64.6534
30,1006,88,100.4600,-64.8063
30,1006,96,101.1855,-65.7651
30,1006,104,101.5858,-66.3602
30,1006,112,101.8461,-66.7288
30,1006,120,101.9341,-66.8487
30,1006,128,102.0459,-66.9976
30,1006,136,102.5605,-67.6289
30,1006,144,102.8682,-67.9561
30,1006,152,103.0898,-68.1680
30,1006,160,103.3733,-68.4123
30,1006,168,103.6131,-68.5969
30,1006,176,103.8963,-68.7906
30,1006,184,104.1544,-68.9490
30,1006,192,104.4441,-69.1081
30,1006,200,104.7785,-69.2687
30,1006,208,104.9807,-69.3547
30,1006,216,105.4382,-69.5261
30,1006,224,105.8335,-69.6470
30,1006,232,106.0176,-69.6953
30,1006,240,107.1630,-69.9093
30,1006,248,107.2675,-69.9211
30,1006,256,107.5966,-69.9548
30,1006,264,107.8343,-69.9769
30,1006,272,108.0499,-69.9962
30,1006,280,108.2216,-70.0117
30,1006,288,108.2461,-70.0139
30,1006,296,108.3045,-70.0193
30,1006,304,108.4076,-70.0299
30,1006,312,108.5283,-70.0439
30,1006,320,108.7761,-70.0773
30,1006,328,109.1902,-70.1400
30,1006,336,109.8802,-70.2378
30,1006,344,110.4473,-70.2979
30,1006,352,110.6750,-70.3153
30,1006,360,110.8394,-70.3265
30,1006,368,111.0477,-70.3408
30,1006,376,111.1645,-70.3492
30,1006,384,111.5174,-70.3773
30,1006,392,112.1317,-70.4235
30,1006,400,112.4432,-70.4434
30,1006,408,112.9099,-70.4682
30,1006,416,113.8556,-70.4998
30,1006,424,114.1903,-70.5029
30,1006,432,114.5755,-70.5036
30,1006,440,115.8899,-70.4744
30,1006,448,116.4794,-70.4469
30,1006,456,116.6427,-70.4390
30,1006,464,117.1859,-70.4157
30,1006,472,117.5059,-70.4037
30,1006,480,117.7601,-70.3963
30,1006,488,117.9349,-70.3919
30,1006,496,118.0986,-70.3882
30,1006,504,119.0720,-70.3773
30,1006,512,119.2723,-70.3736
30,1006,520,119.7396,-70.3680
30,1006,528,121.1281,-70.3268
30,1006,536,121.9096,-70.2818
30,1006,544,122.1551,-70.2667
30,1006,552,122.4789,-70.2477
30,1006,560,122.9088,-70.2262
30,1006,568,123.0036,-70.2217
30,1006,576,123.1409,-70.2162
30,1006,584,123.3331,-70.2107
30,1006,592,124.5330,-70.2046
30,1006,600,124.9988,-70.2002
30,1006,608,126.5442,-70.1439
30,1006,616,127.2628,-70.0978
30,1006,624,127.7985,-70.0606
30,1006,632,128.5866,-70.0071
30,1006,640,130.1986,-69.8797
30,1006,648,132.5208,-69.6414
30,1006,656,133.2599,-69.5656
30,1006,664,138.4435,-69.0094
30,1006,672,143.3961,-68.4315
30,1006,680,149.7011,-67.7357
30,1006,688,177.4917,-65.6128
30,1006,696,194.8831,-65.0338
30,1006,704,215.5875,-64.7326
30,1006,712,245.2012,-64.5998
30,1006,720,320.0096,-64.5617
30,1006,728,412.3373,-64.5612
30,1006,736,589.0943,-64.5612
30,1007,0,0.0000,-65.0000
30,1007,8,0.0699,-64.9855
30,1007,16,0.6811,-64.9173
30,1007,24,5.5147,-64.6276
30,1007,32,14.0905,-64.5433
30,1007,40,22.6664,-64.5540
30,1007,48,36.8228,-64.5609
30,1007,56,100.0000,-64.5618
30,1007,64,100.0455,-64.5647
30,1007,72,100.1203,-64.5810
30,1007,80,100.2729,-64.6534
30,1007,88,100.4600,-64.8063
30,1007,96,101.1855,-65.7651
30,1007,104,101.5858,-66.3602
30,1007,112,101.8461,-66.7288
30,1007,120,101.9341,-66.8487
30,1007,128,102.0459,-66.9976
30,1007,136,102.5605,-67.6289
30,1007,144,102.8682,-67.9561
30,1007,152,103.0898,-68.1680
30,1007,160,103.3733,-68.4123
30,1007,168,103.6131,-68.5969
30,1007,176,103.8963,-68.7906
30,1007,184,104.1544,-68.9490
30,1007,192,104.4441,-69.1081
30,1007,200,104.7785,-69.2687
30,1007,208,104.9807,-69.3547
30,1007,216,105.4382,-69.5261
30,1007,224,105.8335,-69.6470
30,1007,232,106.0176,-69.6953
30,1007,240,107.1630,-69.9093
30,1007,248,107.2675,-69.9211
30,1007,256,107.5966,-69.9548
30,1007,264,107.8343,-69.9769
30,1007,272,108.0499,-69.9962
30,1007,280,108.2216,-70.0117
30,1007,288,108.2461,-70.0139
30,1007,296,108.3045,-70.0193
30,1007,304,108.4076,-70.0299
30,1007,312,108.5283,-70.0439
30,1007,320,108.7761,-70.0773
30,1007,328,109.1902,-70.1400
30,1007,336,109.8802,-70.2378
30,1007,344,110.4473,-70.2979
30,1007,352,110.6750,-70.3153
30,1007,360,110.8394,-70.3265
30,1007,368,111.0477,-70.3408
30,1007,376,111.1645,-70.3492
30,1007,384,111.5174,-70.3773
30,1007,392,112.1317,-70.4235
30,1007,400,112.4432,-70.4434
30,1007,408,112.9099,-70.4682
30,1007,416,113.8556,-70.4998
30,1007,424,114.1903,-70.5029
30,1007,432,114.5755,-70.5036
30,1007,440,115.8899,-70.4744
30,1007,448,116.4794,-70.4469
30,1007,456,116.6427,-70.4390
30,1007,464,117.1859,-70.4157
30,1007,472,117.5059,-70.4037
30,1007,480,117.7601,-70.3963
30,1007,488,117.9349,-70.3919
30,1007,496,118.0986,-70.3882
30,1007,504,119.0720,-70.3773
30,1007,512,119.2723,-70.3736
30,1007,520,119.7396,-70.3680
30,1007,528,121.1281,-70.3268
30,1007,536,121.9096,-70.2818
30,1007,544,122.1551,-70.2667
30,1007,552,122.4789,-70.2477
30,1007,560,122.9088,-70.2262
30,1007,568,123.0036,-70.2217
30,1007,576,123.1409,-70.2162
30,1007,584,123.3331,-70.2107
30,1007,592,124.5330,-70.2046
30,1007,600,124.9988,-70.2002
30,1007,608,126.5442,-70.1439
30,1007,616,127.2628,-70.0978
30,1007,624,127.7985,-70.0606
30,1007,632,128.5866,-70.0071
30,1007,640,130.1986,-69.8797
30,1007,648,132.5208,-69.6414
30,1007,656,133.2599,-69.5656
30,1007,664,138.4435,-69.0094
30,1007,672,143.3961,-68.4315
30,1007,680,149.7011,-67.7357
30,1007,688,177.4917,-65.6128
30,1007,696,194.8831,-65.0338
30,1007,704,215.5875,-64.7326
30,1007,712,245.2012,-64.5998
30,1007,720,320.0096,-64.5617
30,1007,728,412.3373,-64.5612
30,1007,736,589.0943,-64.5612
30,1008,0,0.0000,-65.0000
30,1008,8,0.0699,-64.9855
30,1008,16,0.6811,-64.9173
30,1008,24,5.5147,-64.6276
30,1008,32,14.0905,-64.5433
30,1008,40,22.6664,-64.5540
30,1008,48,36.8228,-64.5609
30,1008,56,100.0000,-64.5618
30,1008,64,100.0455,-64.5647
30,1008,72,100.1203,-64.5810
30,1008,80,100.2729,-64.6534
30,1008,88,100.4600,-64.8063
30,1008,96,101.1855,-65.7651
30,1008,104,101.5858,-66.3602
30,1008,112,101.8461,-66.7288
30,1008,120,101.9341,-66.8487
30,1008,128,102.0459,-66.9976
30,1008,136,102.5605,-67.6289
30,1008,144,102.8682,-67.9561
30,1008,152,103.0898,-68.1680
30,1008,160,103.3733,-68.4123
30,1008,168,103.6131,-68.5969
30,1008,176,103.8963,-68.7906
30,1008,184,104.1544,-68.9490
30,1008,192,104.4441,-69.1081
30,1008,200,104.7785,-69.2687
30,1008,208,104.9807,-69.3547
30,1008,216,105.4382,-69.5261
30,1008,224,105.8335,-69.6470
30,1008,232,106.0176,-69.6953
30,1008,240,107.1630,-69.9093
30,1008,248,107.2675,-69.9211
30,1008,256,107.5966,-69.9548
30,1008,264,107.8343,-69.9769
30,1008,272,108.0499,-69.9962
30,1008,280,108.2216,-70.0117
30,1008,288,108.2461,-70.0139
30,1008,296,108.3045,-70.0193
30,1008,304,108.4076,-70.0299
30,1008,312,108.5283,-70.0439
30,1008,320,108.7761,-70.0773
30,1008,328,109.1902,-70.1400
30,1008,336,109.8802,-70.2378
30,1008,344,110.4473,-70.2979
30,1008,352,110.6750,-70.3153
30,1008,360,110.8394,-70.3265
30,1008,368,111.0477,-70.3408
30,1008,376,111.1645,-70.3492
30,1008,384,111.5174,-70.3773
30,1008,392,112.1317,-70.4235
30,1008,400,112.4432,-70.4434
30,1008,408,112.9099,-70.4682
30,1008,416,113.8556,-70.4998
30,1008,424,114.1903,-70.5029
30,1008,432,114.5755,-70.5036
30,1008,440,115.8899,-70.4744
30,1008,448,116.4794,-70.4469
30,1008,456,116.6427,-70.4390
30,1008,464,117.1859,-70.4157
30,1008,472,117.5059,-70.4037
30,1008,480,117.7601,-70.3963
30,1008,488,117.9349,-70.3919
30,1008,496,118.0986,-70.3882
30,1008,504,119.0720,-70.3773
30,1008,512,119.2723,-70.3736
30,1008,520,119.7396,-70.3680
30,1008,528,121.1281,-70.3268
30,1008,536,121.9096,-70.2818
30,1008,544,122.1551,-70.2667
30,1008,552,122.4789,-70.2477
30,1008,560,122.9088,-70.2262
30,1008,568,123.0036,-70.2217
30,1008,576,123.1409,-70.2162
30,1008,584,123.3331,-70.2107
30,1008,592,124.5330,-70.2046
30,1008,600,124.9988,-70.2002
30,1008,608,126.5442,-70.1439
30,1008,616,127.2628,-70.0978
30,1008,624,127.7985,-70.0606
30,1008,632,128.5866,-70.0071
30,1008,640,130.1986,-69.8797
30,1008,648,132.5208,-69.6414
30,1008,656,133.2599,-69.5656
30,1008,664,138.4435,-69.0094
30,1008,672,143.3961,-68.4315
30,1008,680,149.7011,-67.7357
30,1008,688,177.4917,-65.6128
30,1008,696,194.8831,-65.0338
30,1008,704,215.5875,-64.7326
30,1008,712,245.2012,-64.5998
30,1008,720,320.0096,-64.5617
30,1008,728,412.3373,-64.5612
30,1008,736,589.0943,-64.5612
30,1009,0,0.0000,-65.0000
30,1009,8,0.0699,-64.9855
30,1009,16,0.6811,-64.9173
30,1009,24,5.5147,-64.6276
30,1009,32,14.0905,-64.5433
30,1009,40,22.6664,-64.5540
30,1009,48,36.8228,-64.5609
30,1009,56,100.0000,-64.5618
30,1009,64,100.0455,-64.5647
30,1009,72,100.1203,-64.5810
30,1009,80,100.2729,-64.6534
30,1009,88,100.4600,-64.8063
30,1009,96,101.1855,-65.7651
30,1009,104,101.5858,-66.3602
30,1009,112,101.8461,-66.7288
30,1009,120,101.9341,-66.8487
30,1009,128,102.0459,-66.9976
30,1009,136,102.5605,-67.6289
30,1009,144,102.8682,-67.9561
30,1009,152,103.0898,-68.1680
30,1009,160,103.3733,-68.4123
30,1009,168,103.6131,-68.5969
30,1009,176,103.8963,-68.7906
30,1009,184,104.1544,-68.9490
30,1009,192,104.4441,-69.1081
30,1009,200,104.7785,-69.2687
30,1009,208,104.9807,-69.3547
30,1009,216,105.4382,-69.5261
30,1009,224,105.8335,-69.6470
30,1009,232,106.0176,-69.6953
30,1009,240,107.1630,-69.9093
30,1009,248,107.2675,-69.9211
30,1009,256,107.5966,-69.9548
30,1009,264,107.8343,-69.9769
30,1009,272,108.0499,-69.9962
30,1009,280,108.2216,-70.0117
30,1009,288,108.2461,-70.0139
30,1009,296,108.3045,-70.0193
30,1009,304,108.4076,-70.0299
30,1009,312,108.5283,-70.0439
30,1009,320,108.7761,-70.0773
30,1009,328,109.1902,-70.1400
30,1009,336,109.8802,-70.2378
30,1009,344,110.4473,-70.2979
30,1009,352,110.6750,-70.3153
30,1009,360,110.8394,-70.3265
30,1009,368,111.0477,-70.3408
30,1009,376,111.1645,-70.3492
30,1009,384,111.5174,-70.3773
30,1009,392,112.1317,-70.4235
30,1009,400,112.4432,-70.4434
30,1009,408,112.9099,-70.4682
30,1009,416,113.8556,-70.4998
30,1009,424,114.1903,-70.5029
30,1009,432,114.5755,-70.5036
30,1009,440,115.8899,-70.4744
30,1009,448,116.4794,-70.4469
30,1009,456,116.6427,-70.4390
30,1009,464,117.1859,-70.4157
30,1009,472,117.5059,-70.4037
30,1009,480,117.7601,-70.3963
30,1009,488,117.9349,-70.3919
30,1009,496,118.0986,-70.3882
30,1009,504,119.0720,-70.3773
30,1009,512,119.2723,-70.3736
30,1009,520,119.7396,-70.3680
30,1009,528,121.1281,-70.3268
30,1009,536,121.9096,-70.2818
30,1009,544,122.1551,-70.2667
30,1009,552,122.4789,-70.2477
30,1009,560,122.9088,-70.2262
30,1009,568,123.0036,-70.2217
30,1009,576,123.1409,-70.2162
30,1009,584,123.3331,-70.2107
30,1009,592,124.5330,-70.2046
30,1009,600,124.9988,-70.2002
30,1009,608,126.5442,-70.1439
30,1009,616,127.2628,-70.0978
30,1009,624,127.7985,-70.0606
30,1009,632,128.5866,-70.0071
30,1009,640,130.1986,-69.8797
30,1009,648,132.5208,-69.6414
30,1009,656,133.2599,-69.5656
30,1009,664,138.4435,-69.0094
30,1009,672,143.3961,-68.4315
30,1009,680,149.7011,-67.7357
30,1009,688,177.4917,-65.6128
30,1009,696,194.8831,-65.0338
30,1009,704,215.5875,-64.7326
30,1009,712,245.2012,-64.5998
30,1009,720,320.0096,-64.5617
30,1009,728,412.3373,-64.5612
30,1009,736,589.0943,-64.5612
30,1010,0,0.0000,-65.0000
30,1010,8,0.0699,-64.9855
30,1010,16,0.6811,-64.9173
30,1010,24,5.5147,-64.6276
30,1010,32,14.0905,-64.5433
30,1010,40,22.6664,-64.5540
30,1010,48,36.8228,-64.5609
30,1010,56,100.0000,-64.5618
30,1010,64,100.0455,-64.5647
30,1010,72,100.1203,-64.5810
30,1010,80,100.2729,-64.6534
30,1010,88,100.4600,-64.8063
30,1010,96,101.1855,-65.7651
30,1010,104,101.5858,-66.3602
30,1010,112,101.8461,-66.7288
30,1010,120,101.9341,-66.8487
30,1010,128,102.0459,-66.9976
30,1010,136,102.5605,-67.6289
30,1010,144,102.8682,-67.9561
30,1010,152,103.0898,-68.1680
30,1010,160,103.3733,-68.4123
30,1010,168,103.6131,-68.5969
30,1010,176,103.8963,-68.7906
30,1010,184,104.1544,-68.9490
30,1010,192,104.4441,-69.1081
30,1010,200,104.7785,-69.2687
30,1010,208,104.9807,-69.3547
30,1010,216,105.4382,-69.5261
30,1010,224,105.8335,-69.6470
30,1010,232,106.0176,-69.6953
30,1010,240,107.1630,-69.9093
30,1010,248,107.2675,-69.9211
30,1010,256,107.5966,-69.9548
30,1010,264,107.8343,-69.9769
30,1010,272,108.0499,-69.9962
30,1010,280,108.2216,-70.0117
30,1010,288,108.2461,-70.0139
30,1010,296,108.3045,-70.0193
30,1010,304,108.4076,-70.0299
30,1010,312,108.5283,-70.0439
30,1010,320,108.7761,-70.0773
30,1010,328,109.1902,-70.1400
30,1010,336,109.8802,-70.2378
30,1010,344,110.4473,-70.2979
30,1010,352,110.6750,-70.3153
30,1010,360,110.8394,-70.3265
30,1010,368,111.0477,-70.3408
30,1010,376,111.1645,-70.3492
30,1010,384,111.5174,-70.3773
30,1010,392,112.1317,-70.4235
30,1010,400,112.4432,-70.4434
30,1010,408,112.9099,-70.4682
30,1010,416,113.8556,-70.4998
30,1010,424,114.1903,-70.5029
30,1010,432,114.5755,-70.5036
30,1010,440,115.8899,-70.4744
30,1010,448,116.4794,-70.4469
30,1010,456,116.6427,-70.4390
30,1010,464,117.1859,-70.4157
30,1010,472,117.5059,-70.4037
30,1010,480,117.7601,-70.3963
30,1010,488,117.9349,-70.3919
30,1010,496,118.0986,-70.3882
30,1010,504,119.0720,-70.3773
30,1010,512,119.2723,-70.3736
30,1010,520,119.7396,-70.3680
30,1010,528,121.1281,-70.3268
30,1010,536,121.9096,-70.2818
30,1010,544,122.1551,-70.2667
30,1010,552,122.4789,-70.2477
30,1010,560,122.9088,-70.2262
30,1010,568,123.0036,-70.2217
30,1010,576,123.1409,-70.2162
30,1010,584,123.3331,-70.2107
30,1010,592,124.5330,-70.2046
30,1010,600,124.9988,-70.2002
30,1010,608,126.5442,-70.1439
30,1010,616,127.2628,-70.0978
30,1010,624,127.7985,-70.0606
30,1010,632,128.5866,-70.0071
30,1010,640,130.1986,-69.8797
30,1010,648,132.5208,-69.6414
30,1010,656,133.2599,-69.5656
30,1010,664,138.4435,-69.0094
30,1010,672,143.3961,-68.4315
30,1010,680,149.7011,-67.7357
30,1010,688,177.4917,-65.6128
30,1010,696,194.8831,-65.0338
30,1010,704,215.5875,-64.7326
30,1010,712,245.2012,-64.5998
30,1010,720,320.0096,-64.5617
30,1010,728,412.3373,-64.5612
30,1010,736,589.0943,-64.5612
60,2001,0,0.0000,-65.0000
60,2001,8,0.0699,-64.9855
60,2001,16,0.6811,-64.9173
60,2001,24,5.5147,-64.6276
60,2001,32,14.0905,-64.5433
60,2001,40,22.6664,-64.5540
60,2001,48,36.8228,-64.5609
60,2001,56,100.0000,-64.5618
60,2001,64,100.0299,-64.5634
60,2001,72,100.1567,-64.6041
60,2001,80,100.2008,-64.6312
60,2001,88,100.5173,-64.9868
60,2001,96,100.5525,-65.0411
60,2001,104,100.8815,-65.6360
60,2001,112,101.5424,-66.9798
60,2001,120,101.7389,-67.3534
60,2001,128,101.8128,-67.4880
60,2001,136,101.9553,-67.7390
60,2001,144,102.0595,-67.9154
60,2001,152,102.4697,-68.5515
60,2001,160,102.7169,-68.8857
60,2001,168,102.9387,-69.1538
60,2001,176,103.2480,-69.4805
60,2001,184,103.9921,-70.0611
60,2001,192,104.0722,-70.1078
60,2001,200,104.8380,-70.4571
60,2001,208,105.1509,-70.5525
60,2001,216,105.6483,-70.6645
60,2001,224,105.9778,-70.7184
60,2001,232,106.3509,-70.7650
60,2001,240,106.4911,-70.7800
60,2001,248,106.9673,-70.8257
60,2001,256,107.8495,-70.8770
60,2001,264,107.9911,-70.8809
60,2001,272,108.3814,-70.8896
60,2001,280,108.6815,-70.8944
60,2001,288,109.1133,-70.9002
60,2001,296,109.9269,-70.9077
60,2001,304,110.0991,-70.9079
60,2001,312,110.6864,-70.9112
60,2001,320,110.7964,-70.9118
60,2001,328,110.9720,-70.9139
60,2001,336,111.2106,-70.9185
60,2001,344,111.3468,-70.9226
60,2001,352,111.9813,-70.9558
60,2001,360,112.5055,-70.9814
60,2001,368,113.6178,-71.0042
60,2001,376,114.3104,-70.9887
60,2001,384,114.4998,-70.9814
60,2001,392,114.9850,-70.9645
60,2001,400,115.0560,-70.9620
60,2001,408,115.2805,-70.9557
60,2001,416,115.6880,-70.9500
60,2001,424,116.1545,-70.9502
60,2001,432,117.1455,-70.9414
60,2001,440,117.9671,-70.9160
60,2001,448,118.2720,-70.9038
60,2001,456,118.3637,-70.9005
60,2001,464,118.4325,-70.8983
60,2001,472,119.5405,-70.8923
60,2001,480,120.0779,-70.8859
60,2001,488,120.3732,-70.8828
60,2001,496,120.5892,-70.8804
60,2001,504,120.7568,-70.8790
60,2001,512,120.8065,-70.8787
60,2001,520,121.1499,-70.8817
60,2001,528,121.5831,-70.8911
60,2001,536,122.0761,-70.9028
60,2001,544,122.2460,-70.9068
60,2001,552,122.5719,-70.9162
60,2001,560,123.3570,-70.9365
60,2001,568,123.9293,-70.9383
60,2001,576,124.9851,-70.9186
60,2001,584,126.4512,-70.8352
60,2001,592,127.5439,-70.7537
60,2001,600,128.1302,-70.7046
60,2001,608,128.8479,-70.6466
60,2001,616,131.0741,-70.4442
60,2001,624,132.1007,-70.3352
60,2001,632,132.8236,-70.2630
60,2001,640,135.7948,-69.9590
60,2001,648,136.8228,-69.8414
60,2001,656,137.4841,-69.7718
60,2001,664,139.7367,-69.5460
60,2001,672,144.8394,-68.9599
60,2001,680,157.6516,-67.5226
60,2001,688,181.0741,-65.7318
60,2001,696,197.4406,-65.1149
60,2001,704,232.5944,-64.6597
60,2001,712,271.8972,-64.5737
60,2001,720,303.9655,-64.5638
60,2001,728,367.6724,-64.5611
60,2002,0,0.0000,-65.0000
60,2002,8,0.0699,-64.9855
60,2002,16,0.6811,-64.9173
60,2002,24,5.5147,-64.6276
60,2002,32,14.0905,-64.5433
60,2002,40,22.6664,-64.5540
60,2002,48,36.8228,-64.5609
60,2002,56,100.0000,-64.5618
60,2002,64,100.0299,-64.5634
60,2002,72,100.1567,-64.6041
60,2002,80,100.2008,-64.6312
60,2002,88,100.5173,-64.9868
60,2002,96,100.5525,-65.0411
60,2002,104,100.8815,-65.6360
60,2002,112,101.5424,-66.9798
60,2002,120,101.7389,-67.3534
60,2002,128,101.8128,-67.4880
60,2002,136,101.9553,-67.7390
60,2002,144,102.0595,-67.9154
60,2002,152,102.4697,-68.5515
60,2002,160,102.7169,-68.8857
60,2002,168,102.9387,-69.1538
60,2002,176,103.2480,-69.4805
60,2002,184,103.9921,-70.0611
60,2002,192,104.0722,-70.1078
60,2002,200,104.8380,-70.4571
60,2002,208,105.1509,-70.5525
60,2002,216,105.6483,-70.6645
60,2002,224,105.9778,-70.7184
60,2002,232,106.3509,-70.7650
60,2002,240,106.4911,-70.7800
60,2002,248,106.9673,-70.8257
60,2002,256,107.8495,-70.8770
60,2002,264,107.9911,-70.8809
60,2002,272,108.3814,-70.8896
60,2002,280,108.6815,-70.8944
60,2002,288,109.1133,-70.9002
60,2002,296,109.9269,-70.9077
60,2002,304,110.0991,-70.9079
60,2002,312,110.6864,-70.9112
60,2002,320,110.7964,-70.9118
60,2002,328,110.9720,-70.9139
60,2002,336,111.2106,-70.9185
60,2002,344,111.3468,-70.9226
60,2002,352,111.9813,-70.9558
60,2002,360,112.5055,-70.9814
60,2002,368,113.6178,-71.0042
60,2002,376,114.3104,-70.9887
60,2002,384,114.4998,-70.9814
60,2002,392,114.9850,-70.9645
60,2002,400,115.0560,-70.9620
60,2002,408,115.2805,-70.9557
60,2002,416,115.6880,-70.9500
60,2002,424,116.1545,-70.9502
60,2002,432,117.1455,-70.9414
60,2002,440,117.9671,-70.9160
60,2002,448,118.2720,-70.9038
60,2002,456,118.3637,-70.9005
60,2002,464,118.4325,-70.8983
60,2002,472,119.5405,-70.8923
60,2002,480,120.0779,-70.8859
60,2002,488,120.3732,-70.8828
60,2002,496,120.5892,-70.8804
60,2002,504,120.7568,-70.8790
60,2002,512,120.8065,-70.8787
60,2002,520,121.1499,-70.8817
60,2002,528,121.5831,-70.8911
60,2002,536,122.0761,-70.9028
60,2002,544,122.2460,-70.9068
60,2002,552,122.5719,-70.9162
60,2002,560,123.3570,-70.9365
60,2002,568,123.9293,-70.9383
60,2002,576,124.9851,-70.9186
60,2002,584,126.4512,-70.8352
60,2002,592,127.5439,-70.7537
60,2002,600,128.1302,-70.7046
60,2002,608,128.8479,-70.6466
60,2002,616,131.0741,-70.4442
60,2002,624,132.1007,-70.3352
60,2002,632,132.8236,-70.2630
60,2002,640,135.7948,-69.9590
60,2002,648,136.8228,-69.8414
60,2002,656,137.4841,-69.7718
60,2002,664,139.7367,-69.5460
60,2002,672,144.8394,-68.9599
60,2002,680,157.6516,-67.5226
60,2002,688,181.0741,-65.7318
60,2002,696,197.4406,-65.1149
60,2002,704,232.5944,-64.6597
60,2002,712,271.8972,-64.5737
60,2002,720,303.9655,-64.5638
60,2002,728,367.6724,-64.5611
60,2003,0,0.0000,-65.0000
60,2003,8,0.0699,-64.9855
60,2003,16,0.6811,-64.9173
60,2003,24,5.5147,-64.6276
60,2003,32,14.0905,-64.5433
60,2003,40,22.6664,-64.5540
60,2003,48,36.8228,-64.5609
60,2003,56,100.0000,-64.5618
60,2003,64,100.0299,-64.5634
60,2003,72,100.1567,-64.6041
60,2003,80,100.2008,-64.6312
60,2003,88,100.5173,-64.9868
60,2003,96,100.5525,-65.0411
60,2003,104,100.8815,-65.6360
60,2003,112,101.5424,-66.9798
60,2003,120,101.7389,-67.3534
60,2003,128,101.8128,-67.4880
60,2003,136,101.9553,-67.7390
60,2003,144,102.0595,-67.9154
60,2003,152,102.4697,-68.5515
60,2003,160,102.7169,-68.8857
60,2003,168,102.9387,-69.1538
60,2003,176,103.2480,-69.4805
60,2003,184,103.9921,-70.0611
60,2003,192,104.0722,-70.1078
60,2003,200,104.8380,-70.4571
60,2003,208,105.1509,-70.5525
60,2003,216,105.6483,-70.6645
60,2003,224,105.9778,-70.7184
60,2003,232,106.3509,-70.7650
60,2003,240,106.4911,-70.7800
60,2003,248,106.9673,-70.8257
60,2003,256,107.8495,-70.8770
60,2003,264,107.9911,-70.8809
60,2003,272,108.3814,-70.8896
60,2003,280,108.6815,-70.8944
60,2003,288,109.1133,-70.9002
60,2003,296,109.9269,-70.9077
60,2003,304,110.0991,-70.9079
60,2003,312,110.6864,-70.9112
60,2003,320,110.7964,-70.9118
60,2003,328,110.9720,-70.9139
60,2003,336,111.2106,-70.9185
60,2003,344,111.3468,-70.9226
60,2003,352,111.9813,-70.9558
60,2003,360,112.5055,-70.9814
60,2003,368,113.6178,-71.0042
60,2003,376,114.3104,-70.9887
60,2003,384,114.4998,-70.9814
60,2003,392,114.9850,-70.9645
60,2003,400,115.0560,-70.9620
60,2003,408,115.2805,-70.9557
60,2003,416,115.6880,-70.9500
60,2003,424,116.1545,-70.9502
60,2003,432,117.1455,-70.9414
60,2003,440,117.9671,-70.9160
60,2003,448,118.2720,-70.9038
60,2003,456,118.3637,-70.9005
60,2003,464,118.4325,-70.8983
60,2003,472,119.5405,-70.8923
60,2003,480,120.0779,-70.8859
60,2003,488,120.3732,-70.8828
60,2003,496,120.5892,-70.8804
60,2003,504,120.7568,-70.8790
60,2003,512,120.8065,-70.8787
60,2003,520,121.1499,-70.8817
60,2003,528,121.5831,-70.8911
60,2003,536,122.0761,-70.9028
60,2003,544,122.2460,-70.9068
60,2003,552,122.5719,-70.9162
60,2003,560,123.3570,-70.9365
60,2003,568,123.9293,-70.9383
60,2003,576,124.9851,-70.9186
60,2003,584,126.4512,-70.8352
60,2003,592,127.5439,-70.7537
60,2003,600,128.1302,-70.7046
60,2003,608,128.8479,-70.6466
60,2003,616,131.0741,-70.4442
60,2003,624,132.1007,-70.3352
60,2003,632,132.8236,-70.2630
60,2003,640,135.7948,-69.9590
60,2003,648,136.8228,-69.8414
60,2003,656,137.4841,-69.7718
60,2003,664,139.7367,-69.5460
60,2003,672,144.8394,-68.9599
60,2003,680,157.6516,-67.5226
60,2003,688,181.0741,-65.7318
60,2003,696,197.4406,-65.1149
60,2003,704,232.5944,-64.6597
60,2003,712,271.8972,-64.5737
60,2003,720,303.9655,-64.5638
60,2003,728,367.6724,-64.5611
60,2004,0,0.0000,-65.0000
60,2004,8,0.0699,-64.9855
60,2004,16,0.6811,-64.9173
60,2004,24,5.5147,-64.6276
60,2004,32,14.0905,-64.5433
60,2004,40,22.6664,-64.5540
60,2004,48,36.8228,-64.5609
60,2004,56,100.0000,-64.5618
60,2004,64,100.0299,-64.5634
60,2004,72,100.1567,-64.6041
60,2004,80,100.2008,-64.6312
60,2004,88,100.5173,-64.9868
60,2004,96,100.5525,-65.0411
60,2004,104,100.8815,-65.6360
60,2004,112,101.5424,-66.9798
60,2004,120,101.7389,-67.3534
60,2004,128,101.8128,-67.4880
60,2004,136,101.9553,-67.7390
60,2004,144,102.0595,-67.9154
60,2004,152,102.4697,-68.5515
60,2004,160,102.7169,-68.8857
60,2004,168,102.9387,-69.1538
60,2004,176,103.2480,-69.4805
60,2004,184,103.9921,-70.0611
60,2004,192,104.0722,-70.1078
60,2004,200,104.8380,-70.4571
60,2004,208,105.1509,-70.5525
60,2004,216,105.6483,-70.6645
60,2004,224,105.9778,-70.7184
60,2004,232,106.3509,-70.7650
60,2004,240,106.4911,-70.7800
60,2004,248,106.9673,-70.8257
60,2004,256,107.8495,-70.8770
60,2004,264,107.9911,-70.8809
60,2004,272,108.3814,-70.8896
60,2004,280,108.6815,-70.8944
60,2004,288,109.1133,-70.9002
60,2004,296,109.9269,-70.9077
60,2004,304,110.0991,-70.9079
60,2004,312,110.6864,-70.9112
60,2004,320,110.7964,-70.9118
60,2004,328,110.9720,-70.9139
60,2004,336,111.2106,-70.9185
60,2004,344,111.3468,-70.9226
60,2004,352,111.9813,-70.9558
60,2004,360,112.5055,-70.9814
60,2004,368,113.6178,-71.0042
60,2004,376,114.3104,-70.9887
60,2004,384,114.4998,-70.9814
60,2004,392,114.9850,-70.9645
60,2004,400,115.0560,-70.9620
60,2004,408,115.2805,-70.9557
60,2004,416,115.6880,-70.9500
60,2004,424,116.1545,-70.9502
60,2004,432,117.1455,-70.9414
60,2004,440,117.9671,-70.9160
60,2004,448,118.2720,-70.9038
60,2004,456,118.3637,-70.9005
60,2004,464,118.4325,-70.8983
60,2004,472,119.5405,-70.8923
60,2004,480,120.0779,-70.8859
60,2004,488,120.3732,-70.8828
60,2004,496,120.5892,-70.8804
60,2004,504,120.7568,-70.8790
60,2004,512,120.8065,-70.8787
60,2004,520,121.1499,-70.8817
60,2004,528,121.5831,-70.8911
60,2004,536,122.0761,-70.9028
60,2004,544,122.2460,-70.9068
60,2004,552,122.5719,-70.9162
60,2004,560,123.3570,-70.9365
60,2004,568,123.9293,-70.9383
60,2004,576,124.9851,-70.9186
60,2004,584,126.4512,-70.8352
60,2004,592,127.5439,-70.7537
60,2004,600,128.1302,-70.7046
60,2004,608,128.8479,-70.6466
60,2004,616,131.0741,-70.4442
60,2004,624,132.1007,-70.3352
60,2004,632,132.8236,-70.2630
60,2004,640,135.7948,-69.9590
60,2004,648,136.8228,-69.8414
60,2004,656,137.4841,-69.7718
60,2004,664,139.7367,-69.5460
60,2004,672,144.8394,-68.9599
60,2004,680,157.6516,-67.5226
60,2004,688,181.0741,-65.7318
60,2004,696,197.4406,-65.1149
60,2004,704,232.5944,-64.6597
60,2004,712,271.8972,-64.5737
60,2004,720,303.9655,-64.5638
60,2004,728,367.6724,-64.5611
60,2005,0,0.0000,-65.0000
60,2005,8,0.0699,-64.9855
60,2005,16,0.6811,-64.9173
60,2005,24,5.5147,-64.6276
60,2005,32,14.0905,-64.5433
60,2005,40,22.6664,-64.5540
60,2005,48,36.8228,-64.5609
60,2005,56,100.0000,-64.5618
60,2005,64,100.0299,-64.5634
60,2005,72,100.1567,-64.6041
60,2005,80,100.2008,-64.6312
60,2005,88,100.5173,-64.9868
60,2005,96,100.5525,-65.0411
60,2005,104,100.8815,-65.6360
60,2005,112,101.5424,-66.9798
60,2005,120,101.7389,-67.3534
60,2005,128,101.8128,-67.4880
60,2005,136,101.9553,-67.7390
60,2005,144,102.0595,-67.9154
60,2005,152,102.4697,-68.5515
60,2005,160,102.7169,-68.8857
60,2005,168,102.9387,-69.1538
60,2005,176,103.2480,-69.4805
60,2005,184,103.9921,-70.0611
60,2005,192,104.0722,-70.1078
60,2005,200,104.8380,-70.4571
60,2005,208,105.1509,-70.5525
60,2005,216,105.6483,-70.6645
60,2005,224,105.9778,-70.7184
60,2005,232,106.3509,-70.7650
60,2005,240,106.4911,-70.7800
60,2005,248,106.9673,-70.8257
60,2005,256,107.8495,-70.8770
60,2005,264,107.9911,-70.8809
60,2005,272,108.3814,-70.8896
60,2005,280,108.6815,-70.8944
60,2005,288,109.1133,-70.9002
60,2005,296,109.9269,-70.9077
60,2005,304,110.0991,-70.9079
60,2005,312,110.6864,-70.9112
60,2005,320,110.7964,-70.9118
60,2005,328,110.9720,-70.9139
60,2005,336,111.2106,-70.9185
60,2005,344,111.3468,-70.9226
60,2005,352,111.9813,-70.9558
60,2005,360,112.5055,-70.9814
60,2005,368,113.6178,-71.0042
60,2005,376,114.3104,-70.9887
60,2005,384,114.4998,-70.9814
60,2005,392,114.9850,-70.9645
60,2005,400,115.0560,-70.9620
60,2005,408,115.2805,-70.9557
60,2005,416,115.6880,-70.9500
60,2005,424,116.1545,-70.9502
60,2005,432,117.1455,-70.9414
60,2005,440,117.9671,-70.9160
60,2005,448,118.2720,-70.9038
60,2005,456,118.3637,-70.9005
60,2005,464,118.4325,-70.8983
60,2005,472,119.5405,-70.8923
60,2005,480,120.0779,-70.8859
60,2005,488,120.3732,-70.8828
60,2005,496,120.5892,-70.8804
60,2005,504,120.7568,-70.8790
60,2005,512,120.8065,-70.8787
60,2005,520,121.1499,-70.8817
60,2005,528,121.5831,-70.8911
60,2005,536,122.0761,-70.9028
60,2005,544,122.2460,-70.9068
60,2005,552,122.5719,-70.9162
60,2005,560,123.3570,-70.9365
60,2005,568,123.9293,-70.9383
60,2005,576,124.9851,-70.9186
60,2005,584,126.4512,-70.8352
60,2005,592,127.5439,-70.7537
60,2005,600,128.1302,-70.7046
60,2005,608,128.8479,-70.6466
60,2005,616,131.0741,-70.4442
60,2005,624,132.1007,-70.3352
60,2005,632,132.8236,-70.2630
60,2005,640,135.7948,-69.9590
60,2005,648,136.8228,-69.8414
60,2005,656,137.4841,-69.7718
60,2005,664,139.7367,-69.5460
60,2005,672,144.8394,-68.9599
60,2005,680,157.6516,-67.5226
60,2005,688,181.0741,-65.7318
60,2005,696,197.4406,-65.1149
60,2005,704,232.5944,-64.6597
60,2005,712,271.8972,-64.5737
60,2005,720,303.9655,-64.5638
60,2005,728,367.6724,-64.5611
60,2006,0,0.0000,-65.0000
60,2006,8,0.0699,-64.9855
60,2006,16,0.6811,-64.9173
60,2006,24,5.5147,-64.6276
60,2006,32,14.0905,-64.5433
60,2006,40,22.6664,-64.5540
60,2006,48,36.8228,-64.5609
60,2006,56,100.0000,-64.5618
60,2006,64,100.0299,-64.5634
60,2006,72,100.1567,-64.6041
60,2006,80,100.2008,-64.6312
60,2006,88,100.5173,-64.9868
60,2006,96,100.5525,-65.0411
60,2006,104,100.8815,-65.6360
60,2006,112,101.5424,-66.9798
60,2006,120,101.7389,-67.3534
60,2006,128,101.8128,-67.4880
60,2006,136,101.9553,-67.7390
60,2006,144,102.0595,-67.9154
60,2006,152,102.4697,-68.5515
60,2006,160,102.7169,-68.8857
60,2006,168,102.9387,-69.1538
60,2006,176,103.2480,-69.4805
60,2006,184,103.9921,-70.0611
60,2006,192,104.0722,-70.1078
60,2006,200,104.8380,-70.4571
60,2006,208,105.1509,-70.5525
60,2006,216,105.6483,-70.6645
60,2006,224,105.9778,-70.7184
60,2006,232,106.3509,-70.7650
60,2006,240,106.4911,-70.7800
60,2006,248,106.9673,-70.8257
60,2006,256,107.8495,-70.8770
60,2006,264,107.9911,-70.8809
60,2006,272,108.3814,-70.8896
60,2006,280,108.6815,-70.8944
60,2006,288,109.1133,-70.9002
60,2006,296,109.9269,-70.9077
60,2006,304,110.0991,-70.9079
60,2006,312,110.6864,-70.9112
60,2006,320,110.7964,-70.9118
60,2006,328,110.9720,-70.9139
60,2006,336,111.2106,-70.9185
60,2006,344,111.3468,-70.9226
60,2006,352,111.9813,-70.9558
60,2006,360,112.5055,-70.9814
60,2006,368,113.6178,-71.0042
60,2006,376,114.3104,-70.9887
60,2006,384,114.4998,-70.9814
60,2006,392,114.9850,-70.9645
60,2006,400,115.0560,-70.9620
60,2006,408,115.2805,-70.9557
60,2006,416,115.6880,-70.9500
60,2006,424,116.1545,-70.9502
60,2006,432,117.1455,-70.9414
60,2006,440,117.9671,-70.9160
60,2006,448,118.2720,-70.9038
60,2006,456,118.3637,-70.9005
60,2006,464,118.4325,-70.8983
60,2006,472,119.5405,-70.8923
60,2006,480,120.0779,-70.8859
60,2006,488,120.3732,-70.8828
60,2006,496,120.5892,-70.8804
60,2006,504,120.7568,-70.8790
60,2006,512,120.8065,-70.8787
60,2006,520,121.1499,-70.8817
60,2006,528,121.5831,-70.8911
60,2006,536,122.0761,-70.9028
60,2006,544,122.2460,-70.9068
60,2006,552,122.5719,-70.9162
60,2006,560,123.3570,-70.9365
60,2006,568,123.9293,-70.9383
60,2006,576,124.9851,-70.9186
60,2006,584,126.4512,-70.8352
60,2006,592,127.5439,-70.7537
60,2006,600,128.1302,-70.7046
60,2006,608,128.8479,-70.6466
60,2006,616,131.0741,-70.4442
60,2006,624,132.1007,-70.3352
60,2006,632,132.8236,-70.2630
60,2006,640,135.7948,-69.9590
60,2006,648,136.8228,-69.8414
60,2006,656,137.4841,-69.7718
60,2006,664,139.7367,-69.5460
60,2006,672,144.8394,-68.9599
60,2006,680,157.6516,-67.5226
60,2006,688,181.0741,-65.7318
60,2006,696,197.4406,-65.1149
60,2006,704,232.5944,-64.6597
60,2006,712,271.8972,-64.5737
60,2006,720,303.9655,-64.5638
60,2006,728,367.6724,-64.5611
60,2007,0,0.0000,-65.0000
60,2007,8,0.0699,-64.9855
60,2007,16,0.6811,-64.9173
60,2007,24,5.5147,-64.6276
60,2007,32,14.0905,-64.5433
60,2007,40,22.6664,-64.5540
60,2007,48,36.8228,-64.5609
60,2007,56,100.0000,-64.5618
60,2007,64,100.0299,-64.5634
60,2007,72,100.1567,-64.6041
60,2007,80,100.2008,-64.6312
60,2007,88,100.5173,-64.9868
60,2007,96,100.5525,-65.0411
60,2007,104,100.8815,-65.6360
60,2007,112,101.5424,-66.9798
60,2007,120,101.7389,-67.3534
60,2007,128,101.8128,-67.4880
60,2007,136,101.9553,-67.7390
60,2007,144,102.0595,-67.9154
60,2007,152,102.4697,-68.5515
60,2007,160,102.7169,-68.8857
60,2007,168,102.9387,-69.1538
60,2007,176,103.2480,-69.4805
60,2007,184,103.9921,-70.0611
60,2007,192,104.0722,-70.1078
60,2007,200,104.8380,-70.4571
60,2007,208,105.1509,-70.5525
60,2007,216,105.6483,-70.6645
60,2007,224,105.9778,-70.7184
60,2007,232,106.3509,-70.7650
60,2007,240,106.4911,-70.7800
60,2007,248,106.9673,-70.8257
60,2007,256,107.8495,-70.8770
60,2007,264,107.9911,-70.8809
60,2007,272,108.3814,-70.8896
60,2007,280,108.6815,-70.8944
60,2007,288,109.1133,-70.9002
60,2007,296,109.9269,-70.9077
60,2007,304,110.0991,-70.9079
60,2007,312,110.6864,-70.9112
60,2007,320,110.7964,-70.9118
60,2007,328,110.9720,-70.9139
60,2007,336,111.2106,-70.9185
60,2007,344,111.3468,-70.9226
60,2007,352,111.9813,-70.9558
60,2007,360,112.5055,-70.9814
60,2007,368,113.6178,-71.0042
60,2007,376,114.3104,-70.9887
60,2007,384,114.4998,-70.9814
60,2007,392,114.9850,-70.9645
60,2007,400,115.0560,-70.9620
60,2007,408,115.2805,-70.9557
60,2007,416,115.6880,-70.9500
60,2007,424,116.1545,-70.9502
60,2007,432,117.1455,-70.9414
60,2007,440,117.9671,-70.9160
60,2007,448,118.2720,-70.9038
60,2007,456,118.3637,-70.9005
60,2007,464,118.4325,-70.8983
60,2007,472,119.5405,-70.8923
60,2007,480,120.0779,-70.8859
60,2007,488,120.3732,-70.8828
60,2007,496,120.5892,-70.8804
60,2007,504,120.7568,-70.8790
60,2007,512,120.8065,-70.8787
60,2007,520,121.1499,-70.8817
60,2007,528,121.5831,-70.8911
60,2007,536,122.0761,-70.9028
60,2007,544,122.2460,-70.9068
60,2007,552,122.5719,-70.9162
60,2007,560,123.3570,-70.9365
60,2007,568,123.9293,-70.9383
60,2007,576,124.9851,-70.9186
60,2007,584,126.4512,-70.8352
60,2007,592,127.5439,-70.7537
60,2007,600,128.1302,-70.7046
60,2007,608,128.8479,-70.6466
60,2007,616,131.0741,-70.4442
60,2007,624,132.1007,-70.3352
60,2007,632,132.8236,-70.2630
60,2007,640,135.7948,-69.9590
60,2007,648,136.8228,-69.8414
60,2007,656,137.4841,-69.7718
60,2007,664,139.7367,-69.5460
60,2007,672,144.8394,-68.9599
60,2007,680,157.6516,-67.5226
60,2007,688,181.0741,-65.7318
60,2007,696,197.4406,-65.1149
60,2007,704,232.5944,-64.6597
60,2007,712,271.8972,-64.5737
60,2007,720,303.9655,-64.5638
60,2007,728,367.6724,-64.5611
60,2008,0,0.0000,-65.0000
60,2008,8,0.0699,-64.9855
60,2008,16,0.6811,-64.9173
60,2008,24,5.5147,-64.6276
60,2008,32,14.0905,-64.5433
60,2008,40,22.6664,-64.5540
60,2008,48,36.8228,-64.5609
60,2008,56,100.0000,-64.5618
60,2008,64,100.0299,-64.5634
60,2008,72,100.1567,-64.6041
60,2008,80,100.2008,-64.6312
60,2008,88,100.5173,-64.9868
60,2008,96,100.5525,-65.0411
60,2008,104,100.8815,-65.6360
60,2008,112,101.5424,-66.9798
60,2008,120,101.7389,-67.3534
60,2008,128,101.8128,-67.4880
60,2008,136,101.9553,-67.7390
60,2008,144,102.0595,-67.9154
60,2008,152,102.4697,-68.5515
60,2008,160,102.7169,-68.8857
60,2008,168,102.9387,-69.1538
60,2008,176,103.2480,-69.4805
60,2008,184,103.9921,-70.0611
60,2008,192,104.0722,-70.1078
60,2008,200,104.8380,-70.4571
60,2008,208,105.1509,-70.5525
60,2008,216,105.6483,-70.6645
60,2008,224,105.9778,-70.7184
60,2008,232,106.3509,-70.7650
60,2008,240,106.4911,-70.7800
60,2008,248,106.9673,-70.8257
60,2008,256,107.8495,-70.8770
60,2008,264,107.9911,-70.8809
60,2008,272,108.3814,-70.8896
60,2008,280,108.6815,-70.8944
60,2008,288,109.1133,-70.9002
60,2008,296,109.9269,-70.9077
60,2008,304,110.0991,-70.9079
60,2008,312,110.6864,-70.9112
60,2008,320,110.7964,-70.9118
60,2008,328,110.9720,-70.9139
60,2008,336,111.2106,-70.9185
60,2008,344,111.3468,-70.9226
60,2008,352,111.9813,-70.9558
60,2008,360,112.5055,-70.9814
60,2008,368,113.6178,-71.0042
60,2008,376,114.3104,-70.9887
60,2008,384,114.4998,-70.9814
60,2008,392,114.9850,-70.9645
60,2008,400,115.0560,-70.9620
60,2008,408,115.2805,-70.9557
60,2008,416,115.6880,-70.9500
60,2008,424,116.1545,-70.9502
60,2008,432,117.1455,-70.9414
60,2008,440,117.9671,-70.9160
60,2008,448,118.2720,-70.9038
60,2008,456,118.3637,-70.9005
60,2008,464,118.4325,-70.8983
60,2008,472,119.5405,-70.8923
60,2008,480,120.0779,-70.8859
60,2008,488,120.3732,-70.8828
60,2008,496,120.5892,-70.8804
60,2008,504,120.7568,-70.8790
60,2008,512,120.8065,-70.8787
60,2008,520,121.1499,-70.8817
60,2008,528,121.5831,-70.8911
60,2008,536,122.0761,-70.9028
60,2008,544,122.2460,-70.9068
60,2008,552,122.5719,-70.9162
60,2008,560,123.3570,-70.9365
60,2008,568,123.9293,-70.9383
60,2008,576,124.9851,-70.9186
60,2008,584,126.4512,-70.8352
60,2008,592,127.5439,-70.7537
60,2008,600,128.1302,-70.7046
60,2008,608,128.8479,-70.6466
60,2008,616,131.0741,-70.4442
60,2008,624,132.1007,-70.3352
60,2008,632,132.8236,-70.2630
60,2008,640,135.7948,-69.9590
60,2008,648,136.8228,-69.8414
60,2008,656,137.4841,-69.7718
60,2008,664,139.7367,-69.5460
60,2008,672,144.8394,-68.9599
60,2008,680,157.6516,-67.5226
60,2008,688,181.0741,-65.7318
60,2008,696,197.4406,-65.1149
60,2008,704,232.5944,-64.6597
60,2008,712,271.8972,-64.5737
60,2008,720,303.9655,-64.5638
60,2008,728,367.6724,-64.5611
60,2009,0,0.0000,-65.0000
60,2009,8,0.0699,-64.9855
60,2009,16,0.6811,-64.9173
60,2009,24,5.5147,-64.6276
60,2009,32,14.0905,-64.5433
60,2009,40,22.6664,-64.5540
60,2009,48,36.8228,-64.5609
60,2009,56,100.0000,-64.5618
60,2009,64,100.0299,-64.5634
60,2009,72,100.1567,-64.6041
60,2009,80,100.2008,-64.6312
60,2009,88,100.5173,-64.9868
60,2009,96,100.5525,-65.0411
60,2009,104,100.8815,-65.6360
60,2009,112,101.5424,-66.9798
60,2009,120,101.7389,-67.3534
60,2009,128,101.8128,-67.4880
60,2009,136,101.9553,-67.7390
60,2009,144,102.0595,-67.9154
60,2009,152,102.4697,-68.5515
60,2009,160,102.7169,-68.8857
60,2009,168,102.9387,-69.1538
60,2009,176,103.2480,-69.4805
60,2009,184,103.9921,-70.0611
60,2009,192,104.0722,-70.1078
60,2009,200,104.8380,-70.4571
60,2009,208,105.1509,-70.5525
60,2009,216,105.6483,-70.6645
60,2009,224,105.9778,-70.7184
60,2009,232,106.3509,-70.7650
60,2009,240,106.4911,-70.7800
60,2009,248,106.9673,-70.8257
60,2009,256,107.8495,-70.8770
60,2009,264,107.9911,-70.8809
60,2009,272,108.3814,-70.8896
60,2009,280,108.6815,-70.8944
60,2009,288,109.1133,-70.9002
60,2009,296,109.9269,-70.9077
60,2009,304,110.0991,-70.9079
60,2009,312,110.6864,-70.9112
60,2009,320,110.7964,-70.9118
60,2009,328,110.9720,-70.9139
60,2009,336,111.2106,-70.9185
60,2009,344,111.3468,-70.9226
60,2009,352,111.9813,-70.9558
60,2009,360,112.5055,-70.9814
60,2009,368,113.6178,-71.0042
60,2009,376,114.3104,-70.9887
60,2009,384,114.4998,-70.9814
60,2009,392,114.9850,-70.9645
60,2009,400,115.0560,-70.9620
60,2009,408,115.2805,-70.9557
60,2009,416,115.6880,-70.9500
60,2009,424,116.1545,-70.9502
60,2009,432,117.1455,-70.9414
60,2009,440,117.9671,-70.9160
60,2009,448,118.2720,-70.9038
60,2009,456,118.3637,-70.9005
60,2009,464,118.4325,-70.8983
60,2009,472,119.5405,-70.8923
60,2009,480,120.0779,-70.8859
60,2009,488,120.3732,-70.8828
60,2009,496,120.5892,-70.8804
60,2009,504,120.7568,-70.8790
60,2009,512,120.8065,-70.8787
60,2009,520,121.1499,-70.8817
60,2009,528,121.5831,-70.8911
60,2009,536,122.0761,-70.9028
60,2009,544,122.2460,-70.9068
60,2009,552,122.5719,-70.9162
60,2009,560,123.3570,-70.9365
60,2009,568,123.9293,-70.9383
60,2009,576,124.9851,-70.9186
60,2009,584,126.4512,-70.8352
60,2009,592,127.5439,-70.7537
60,2009,600,128.1302,-70.7046
60,2009,608,128.8479,-70.6466
60,2009,616,131.0741,-70.4442
60,2009,624,132.1007,-70.3352
60,2009,632,132.8236,-70.2630
60,2009,640,135.7948,-69.9590
60,2009,648,136.8228,-69.8414
60,2009,656,137.4841,-69.7718
60,2009,664,139.7367,-69.5460
60,2009,672,144.8394,-68.9599
60,2009,680,157.6516,-67.5226
60,2009,688,181.0741,-65.7318
60,2009,696,197.4406,-65.1149
60,2009,704,232.5944,-64.6597
60,2009,712,271.8972,-64.5737
60,2009,720,303.9655,-64.5638
60,2009,728,367.6724,-64.5611
60,2010,0,0.0000,-65.0000
60,2010,8,0.0699,-64.9855
60,2010,16,0.6811,-64.9173
60,2010,24,5.5147,-64.6276
60,2010,32,14.0905,-64.5433
60,2010,40,22.6664,-64.5540
60,2010,48,36.8228,-64.5609
60,2010,56,100.0000,-64.5618
60,2010,64,100.0299,-64.5634
60,2010,72,100.1567,-64.6041
60,2010,80,100.2008,-64.6312
60,2010,88,100.5173,-64.9868
60,2010,96,100.5525,-65.0411
60,2010,104,100.8815,-65.6360
60,2010,112,101.5424,-66.9798
60,2010,120,101.7389,-67.3534
60,2010,128,101.8128,-67.4880
60,2010,136,101.9553,-67.7390
60,2010,144,102.0595,-67.9154
60,2010,152,102.4697,-68.5515
60,2010,160,102.7169,-68.8857
60,2010,168,102.9387,-69.1538
60,2010,176,103.2480,-69.4805
60,2010,184,103.9921,-70.0611
60,2010,192,104.0722,-70.1078
60,2010,200,104.8380,-70.4571
60,2010,208,105.1509,-70.5525
60,2010,216,105.6483,-70.6645
60,2010,224,105.9778,-70.7184
60,2010,232,106.3509,-70.7650
60,2010,240,106.4911,-70.7800
60,2010,248,106.9673,-70.8257
60,2010,256,107.8495,-70.8770
60,2010,264,107.9911,-70.8809
60,2010,272,108.3814,-70.8896
60,2010,280,108.6815,-70.8944
60,2010,288,109.1133,-70.9002
60,2010,296,109.9269,-70.9077
60,2010,304,110.0991,-70.9079
60,2010,312,110.6864,-70.9112
60,2010,320,110.7964,-70.9118
60,2010,328,110.9720,-70.9139
60,2010,336,111.2106,-70.9185
60,2010,344,111.3468,-70.9226
60,2010,352,111.9813,-70.9558
60,2010,360,112.5055,-70.9814
60,2010,368,113.6178,-71.0042
60,2010,376,114.3104,-70.9887
60,2010,384,114.4998,-70.9814
60,2010,392,114.9850,-70.9645
60,2010,400,115.0560,-70.9620
60,2010,408,115.2805,-70.9557
60,2010,416,115.6880,-70.9500
60,2010,424,116.1545,-70.9502
60,2010,432,117.1455,-70.9414
60,2010,440,117.9671,-70.9160
60,2010,448,118.2720,-70.9038
60,2010,456,118.3637,-70.9005
60,2010,464,118.4325,-70.8983
60,2010,472,119.5405,-70.8923
60,2010,480,120.0779,-70.8859
60,2010,488,120.3732,-70.8828
60,2010,496,120.5892,-70.8804
60,2010,504,120.7568,-70.8790
60,2010,512,120.8065,-70.8787
60,2010,520,121.1499,-70.8817
60,2010,528,121.5831,-70.8911
60,2010,536,122.0761,-70.9028
60,2010,544,122.2460,-70.9068
60,2010,552,122.5719,-70.9162
60,2010,560,123.3570,-70.9365
60,2010,568,123.9293,-70.9383
60,2010,576,124.9851,-70.9186
60,2010,584,126.4512,-70.8352
60,2010,592,127.5439,-70.7537
60,2010,600,128.1302,-70.7046
60,2010,608,128.8479,-70.6466
60,2010,616,131.0741,-70.4442
60,2010,624,132.1007,-70.3352
60,2010,632,132.8236,-70.2630
60,2010,640,135.7948,-69.9590
60,2010,648,136.8228,-69.8414
60,2010,656,137.4841,-69.7718
60,2010,664,139.7367,-69.5460
60,2010,672,144.8394,-68.9599
60,2010,680,157.6516,-67.5226
60,2010,688,181.0741,-65.7318
60,2010,696,197.4406,-65.1149
60,2010,704,232.5944,-64.6597
60,2010,712,271.8972,-64.5737
60,2010,720,303.9655,-64.5638
60,2010,728,367.6724,-64.5611
90,3001,0,0.0000,-65.0000
90,3001,8,0.0699,-64.9855
90,3001,16,0.6811,-64.9173
90,3001,24,5.5147,-64.6276
90,3001,32,14.0905,-64.5433
90,3001,40,22.6664,-64.5540
90,3001,48,36.8228,-64.5609
90,3001,56,100.0000,-64.5618
90,3001,64,100.0848,-64.5832
90,3001,72,100.1553,-64.6322
90,3001,80,100.2950,-64.8112
90,3001,88,100.3253,-64.8631
90,3001,96,100.5250,-65.2961
90,3001,104,100.5613,-65.3895
90,3001,112,100.7089,-65.8019
90,3001,120,101.4864,-68.1784
90,3001,128,102.1224,-69.6631
90,3001,136,102.4450,-70.2002
90,3001,144,102.7599,-70.6087
90,3001,152,104.1850,-71.5155
90,3001,160,104.4321,-71.5740
90,3001,168,104.6282,-71.6101
90,3001,176,104.8803,-71.6477
90,3001,184,105.3104,-71.6969
90,3001,192,106.4910,-71.7577
90,3001,200,106.6759,-71.7584
90,3001,208,107.3190,-71.7516
90,3001,216,107.4889,-71.7485
90,3001,224,107.7470,-71.7456
90,3001,232,108.1692,-71.7442
90,3001,240,108.3920,-71.7449
90,3001,248,108.5750,-71.7473
90,3001,256,108.7900,-71.7528
90,3001,264,109.0422,-71.7628
90,3001,272,109.4428,-71.7793
90,3001,280,110.0650,-71.7979
90,3001,288,110.3650,-71.8035
90,3001,296,110.7435,-71.8102
90,3001,304,111.2761,-71.8132
90,3001,312,112.1193,-71.8039
90,3001,320,112.5264,-71.7914
90,3001,328,112.7736,-71.7828
90,3001,336,113.1264,-71.7713
90,3001,344,113.6566,-71.7554
90,3001,352,114.4757,-71.7232
90,3001,360,115.1649,-71.6911
90,3001,368,115.5600,-71.6697
90,3001,376,115.8100,-71.6589
90,3001,384,116.1168,-71.6503
90,3001,392,116.3809,-71.6464
90,3001,400,116.8750,-71.6420
90,3001,408,117.6773,-71.6332
90,3001,416,118.5482,-71.6037
90,3001,424,118.9603,-71.5845
90,3001,432,119.4484,-71.5642
90,3001,440,120.0182,-71.5391
90,3001,448,120.6153,-71.5137
90,3001,456,120.7056,-71.5097
90,3001,464,121.2900,-71.4928
90,3001,472,121.6844,-71.4857
90,3001,480,122.7100,-71.4571
90,3001,488,123.2150,-71.4374
90,3001,496,124.2053,-71.3867
90,3001,504,124.7200,-71.3578
90,3001,512,124.9600,-71.3451
90,3001,520,127.1715,-71.2101
90,3001,528,127.6600,-71.1689
90,3001,536,127.9223,-71.1489
90,3001,544,129.8272,-71.0243
90,3001,552,130.8361,-70.9383
90,3001,560,131.7985,-70.8579
90,3001,568,133.4152,-70.7111
90,3001,576,133.6444,-70.6893
90,3001,584,134.8183,-70.5888
90,3001,592,135.9466,-70.4845
90,3001,600,136.3834,-70.4447
90,3001,608,138.0209,-70.3010
90,3001,616,141.2247,-69.9601
90,3001,624,152.6772,-68.5892
90,3001,632,174.9308,-66.4035
90,3001,640,196.6102,-65.2702
90,3001,648,218.7437,-64.8055
90,3001,656,274.0489,-64.5783
90,3001,664,295.4939,-64.5675
90,3001,672,311.0903,-64.5652
90,3001,680,337.7837,-64.5627
90,3001,688,598.9008,-64.5610
90,3002,0,0.0000,-65.0000
90,3002,8,0.0699,-64.9855
90,3002,16,0.6811,-64.9173
90,3002,24,5.5147,-64.6276
90,3002,32,14.0905,-64.5433
90,3002,40,22.6664,-64.5540
90,3002,48,36.8228,-64.5609
90,3002,56,100.0000,-64.5618
90,3002,64,100.0848,-64.5832
90,3002,72,100.1553,-64.6322
90,3002,80,100.2950,-64.8112
90,3002,88,100.3253,-64.8631
90,3002,96,100.5250,-65.2961
90,3002,104,100.5613,-65.3895
90,3002,112,100.7089,-65.8019
90,3002,120,101.4864,-68.1784
90,3002,128,102.1224,-69.6631
90,3002,136,102.4450,-70.2002
90,3002,144,102.7599,-70.6087
90,3002,152,104.1850,-71.5155
90,3002,160,104.4321,-71.5740
90,3002,168,104.6282,-71.6101
90,3002,176,104.8803,-71.6477
90,3002,184,105.3104,-71.6969
90,3002,192,106.4910,-71.7577
90,3002,200,106.6759,-71.7584
90,3002,208,107.3190,-71.7516
90,3002,216,107.4889,-71.7485
90,3002,224,107.7470,-71.7456
90,3002,232,108.1692,-71.7442
90,3002,240,108.3920,-71.7449
90,3002,248,108.5750,-71.7473
90,3002,256,108.7900,-71.7528
90,3002,264,109.0422,-71.7628
90,3002,272,109.4428,-71.7793
90,3002,280,110.0650,-71.7979
90,3002,288,110.3650,-71.8035
90,3002,296,110.7435,-71.8102
90,3002,304,111.2761,-71.8132
90,3002,312,112.1193,-71.8039
90,3002,320,112.5264,-71.7914
90,3002,328,112.7736,-71.7828
90,3002,336,113.1264,-71.7713
90,3002,344,113.6566,-71.7554
90,3002,352,114.4757,-71.7232
90,3002,360,115.1649,-71.6911
90,3002,368,115.5600,-71.6697
90,3002,376,115.8100,-71.6589
90,3002,384,116.1168,-71.6503
90,3002,392,116.3809,-71.6464
90,3002,400,116.8750,-71.6420
90,3002,408,117.6773,-71.6332
90,3002,416,118.5482,-71.6037
90,3002,424,118.9603,-71.5845
90,3002,432,119.4484,-71.5642
90,3002,440,120.0182,-71.5391
90,3002,448,120.6153,-71.5137
90,3002,456,120.7056,-71.5097
90,3002,464,121.2900,-71.4928
90,3002,472,121.6844,-71.4857
90,3002,480,122.7100,-71.4571
90,3002,488,123.2150,-71.4374
90,3002,496,124.2053,-71.3867
90,3002,504,124.7200,-71.3578
90,3002,512,124.9600,-71.3451
90,3002,520,127.1715,-71.2101
90,3002,528,127.6600,-71.1689
90,3002,536,127.9223,-71.1489
90,3002,544,129.8272,-71.0243
90,3002,552,130.8361,-70.9383
90,3002,560,131.7985,-70.8579
90,3002,568,133.4152,-70.7111
90,3002,576,133.6444,-70.6893
90,3002,584,134.8183,-70.5888
90,3002,592,135.9466,-70.4845
90,3002,600,136.3834,-70.4447
90,3002,608,138.0209,-70.3010
90,3002,616,141.2247,-69.9601
90,3002,624,152.6772,-68.5892
90,3002,632,174.9308,-66.4035
90,3002,640,196.6102,-65.2702
90,3002,648,218.7437,-64.8055
90,3002,656,274.0489,-64.5783
90,3002,664,295.4939,-64.5675
90,3002,672,311.0903,-64.5652
90,3002,680,337.7837,-64.5627
90,3002,688,598.9008,-64.5610
90,3003,0,0.0000,-65.0000
90,3003,8,0.0699,-64.9855
90,3003,16,0.6811,-64.9173
90,3003,24,5.5147,-64.6276
90,3003,32,14.0905,-64.5433
90,3003,40,22.6664,-64.5540
90,3003,48,36.8228,-64.5609
90,3003,56,100.0000,-64.5618
90,3003,64,100.0848,-64.5832
90,3003,72,100.1553,-64.6322
90,3003,80,100.2950,-64.8112
90,3003,88,100.3253,-64.8631
90,3003,96,100.5250,-65.2961
90,3003,104,100.5613,-65.3895
90,3003,112,100.7089,-65.8019
90,3003,120,101.4864,-68.1784
90,3003,128,102.1224,-69.6631
90,3003,136,102.4450,-70.2002
90,3003,144,102.7599,-70.6087
90,3003,152,104.1850,-71.5155
90,3003,160,104.4321,-71.5740
90,3003,168,104.6282,-71.6101
90,3003,176,104.8803,-71.6477
90,3003,184,105.3104,-71.6969
90,3003,192,106.4910,-71.7577
90,3003,200,106.6759,-71.7584
90,3003,208,107.3190,-71.7516
90,3003,216,107.4889,-71.7485
90,3003,224,107.7470,-71.7456
90,3003,232,108.1692,-71.7442
90,3003,240,108.3920,-71.7449
90,3003,248,108.5750,-71.7473
90,3003,256,108.7900,-71.7528
90,3003,264,109.0422,-71.7628
90,3003,272,109.4428,-71.7793
90,3003,280,110.0650,-71.7979
90,3003,288,110.3650,-71.8035
90,3003,296,110.7435,-71.8102
90,3003,304,111.2761,-71.8132
90,3003,312,112.1193,-71.8039
90,3003,320,112.5264,-71.7914
90,3003,328,112.7736,-71.7828
90,3003,336,113.1264,-71.7713
90,3003,344,113.6566,-71.7554
90,3003,352,114.4757,-71.7232
90,3003,360,115.1649,-71.6911
90,3003,368,115.5600,-71.6697
90,3003,376,115.8100,-71.6589
90,3003,384,116.1168,-71.6503
90,3003,392,116.3809,-71.6464
90,3003,400,116.8750,-71.6420
90,3003,408,117.6773,-71.6332
90,3003,416,118.5482,-71.6037
90,3003,424,118.9603,-71.5845
90,3003,432,119.4484,-71.5642
90,3003,440,120.0182,-71.5391
90,3003,448,120.6153,-71.5137
90,3003,456,120.7056,-71.5097
90,3003,464,121.2900,-71.4928
90,3003,472,121.6844,-71.4857
90,3003,480,122.7100,-71.4571
90,3003,488,123.2150,-71.4374
90,3003,496,124.2053,-71.3867
90,3003,504,124.7200,-71.3578
90,3003,512,124.9600,-71.3451
90,3003,520,127.1715,-71.2101
90,3003,528,127.6600,-71.1689
90,3003,536,127.9223,-71.1489
90,3003,544,129.8272,-71.0243
90,3003,552,130.8361,-70.9383
90,3003,560,131.7985,-70.8579
90,3003,568,133.4152,-70.7111
90,3003,576,133.6444,-70.6893
90,3003,584,134.8183,-70.5888
90,3003,592,135.9466,-70.4845
90,3003,600,136.3834,-70.4447
90,3003,608,138.0209,-70.3010
90,3003,616,141.2247,-69.9601
90,3003,624,152.6772,-68.5892
90,3003,632,174.9308,-66.4035
90,3003,640,196.6102,-65.2702
90,3003,648,218.7437,-64.8055
90,3003,656,274.0489,-64.5783
90,3003,664,295.4939,-64.5675
90,3003,672,311.0903,-64.5652
90,3003,680,337.7837,-64.5627
90,3003,688,598.9008,-64.5610
90,3004,0,0.0000,-65.0000
90,3004,8,0.0699,-64.9855
90,3004,16,0.6811,-64.9173
90,3004,24,5.5147,-64.6276
90,3004,32,14.0905,-64.5433
90,3004,40,22.6664,-64.5540
90,3004,48,36.8228,-64.5609
90,3004,56,100.0000,-64.5618
90,3004,64,100.0848,-64.5832
90,3004,72,100.1553,-64.6322
90,3004,80,100.2950,-64.8112
90,3004,88,100.3253,-64.8631
90,3004,96,100.5250,-65.2961
90,3004,104,100.5613,-65.3895
90,3004,112,100.7089,-65.8019
90,3004,120,101.4864,-68.1784
90,3004,128,102.1224,-69.6631
90,3004,136,102.4450,-70.2002
90,3004,144,102.7599,-70.6087
90,3004,152,104.1850,-71.5155
90,3004,160,104.4321,-71.5740
90,3004,168,104.6282,-71.6101
90,3004,176,104.8803,-71.6477
90,3004,184,105.3104,-71.6969
90,3004,192,106.4910,-71.7577
90,3004,200,106.6759,-71.7584
90,3004,208,107.3190,-71.7516
90,3004,216,107.4889,-71.7485
90,3004,224,107.7470,-71.7456
90,3004,232,108.1692,-71.7442
90,3004,240,108.3920,-71.7449
90,3004,248,108.5750,-71.7473
90,3004,256,108.7900,-71.7528
90,3004,264,109.0422,-71.7628
90,3004,272,109.4428,-71.7793
90,3004,280,110.0650,-71.7979
90,3004,288,110.3650,-71.8035
90,3004,296,110.7435,-71.8102
90,3004,304,111.2761,-71.8132
90,3004,312,112.1193,-71.8039
90,3004,320,112.5264,-71.7914
90,3004,328,112.7736,-71.7828
90,3004,336,113.1264,-71.7713
90,3004,344,113.6566,-71.7554
90,3004,352,114.4757,-71.7232
90,3004,360,115.1649,-71.6911
90,3004,368,115.5600,-71.6697
90,3004,376,115.8100,-71.6589
90,3004,384,116.1168,-71.6503
90,3004,392,116.3809,-71.6464
90,3004,400,116.8750,-71.6420
90,3004,408,117.6773,-71.6332
90,3004,416,118.5482,-71.6037
90,3004,424,118.9603,-71.5845
90,3004,432,119.4484,-71.5642
90,3004,440,120.0182,-71.5391
90,3004,448,120.6153,-71.5137
90,3004,456,120.7056,-71.5097
90,3004,464,121.2900,-71.4928
90,3004,472,121.6844,-71.4857
90,3004,480,122.7100,-71.4571
90,3004,488,123.2150,-71.4374
90,3004,496,124.2053,-71.3867
90,3004,504,124.7200,-71.3578
90,3004,512,124.9600,-71.3451
90,3004,520,127.1715,-71.2101
90,3004,528,127.6600,-71.1689
90,3004,536,127.9223,-71.1489
90,3004,544,129.8272,-71.0243
90,3004,552,130.8361,-70.9383
90,3004,560,131.7985,-70.8579
90,3004,568,133.4152,-70.7111
90,3004,576,133.6444,-70.6893
90,3004,584,134.8183,-70.5888
90,3004,592,135.9466,-70.4845
90,3004,600,136.3834,-70.4447
90,3004,608,138.0209,-70.3010
90,3004,616,141.2247,-69.9601
90,3004,624,152.6772,-68.5892
90,3004,632,174.9308,-66.4035
90,3004,640,196.6102,-65.2702
90,3004,648,218.7437,-64.8055
90,3004,656,274.0489,-64.5783
90,3004,664,295.4939,-64.5675
90,3004,672,311.0903,-64.5652
90,3004,680,337.7837,-64.5627
90,3004,688,598.9008,-64.5610
90,3005,0,0.0000,-65.0000
90,3005,8,0.0699,-64.9855
90,3005,16,0.6811,-64.9173
90,3005,24,5.5147,-64.6276
90,3005,32,14.0905,-64.5433
90,3005,40,22.6664,-64.5540
90,3005,48,36.8228,-64.5609
90,3005,56,100.0000,-64.5618
90,3005,64,100.0848,-64.5832
90,3005,72,100.1553,-64.6322
90,3005,80,100.2950,-64.8112
90,3005,88,100.3253,-64.8631
90,3005,96,100.5250,-65.2961
90,3005,104,100.5613,-65.3895
90,3005,112,100.7089,-65.8019
90,3005,120,101.4864,-68.1784
90,3005,128,102.1224,-69.6631
90,3005,136,102.4450,-70.2002
90,3005,144,102.7599,-70.6087
90,3005,152,104.1850,-71.5155
90,3005,160,104.4321,-71.5740
90,3005,168,104.6282,-71.6101
90,3005,176,104.8803,-71.6477
90,3005,184,105.3104,-71.6969
90,3005,192,106.4910,-71.7577
90,3005,200,106.6759,-71.7584
90,3005,208,107.3190,-71.7516
90,3005,216,107.4889,-71.7485
90,3005,224,107.7470,-71.7456
90,3005,232,108.1692,-71.7442
90,3005,240,108.3920,-71.7449
90,3005,248,108.5750,-71.7473
90,3005,256,108.7900,-71.7528
90,3005,264,109.0422,-71.7628
90,3005,272,109.4428,-71.7793
90,3005,280,110.0650,-71.7979
90,3005,288,110.3650,-71.8035
90,3005,296,110.7435,-71.8102
90,3005,304,111.2761,-71.8132
90,3005,312,112.1193,-71.8039
90,3005,320,112.5264,-71.7914
90,3005,328,112.7736,-71.7828
90,3005,336,113.1264,-71.7713
90,3005,344,113.6566,-71.7554
90,3005,352,114.4757,-71.7232
90,3005,360,115.1649,-71.6911
90,3005,368,115.5600,-71.6697
90,3005,376,115.8100,-71.6589
90,3005,384,116.1168,-71.6503
90,3005,392,116.3809,-71.6464
90,3005,400,116.8750,-71.6420
90,3005,408,117.6773,-71.6332
90,3005,416,118.5482,-71.6037
90,3005,424,118.9603,-71.5845
90,3005,432,119.4484,-71.5642
90,3005,440,120.0182,-71.5391
90,3005,448,120.6153,-71.5137
90,3005,456,120.7056,-71.5097
90,3005,464,121.2900,-71.4928
90,3005,472,121.6844,-71.4857
90,3005,480,122.7100,-71.4571
90,3005,488,123.2150,-71.4374
90,3005,496,124.2053,-71.3867
90,3005,504,124.7200,-71.3578
90,3005,512,124.9600,-71.3451
90,3005,520,127.1715,-71.2101
90,3005,528,127.6600,-71.1689
90,3005,536,127.9223,-71.1489
90,3005,544,129.8272,-71.0243
90,3005,552,130.8361,-70.9383
90,3005,560,131.7985,-70.8579
90,3005,568,133.4152,-70.7111
90,3005,576,133.6444,-70.6893
90,3005,584,134.8183,-70.5888
90,3005,592,135.9466,-70.4845
90,3005,600,136.3834,-70.4447
90,3005,608,138.0209,-70.3010
90,3005,616,141.2247,-69.9601
90,3005,624,152.6772,-68.5892
90,3005,632,174.9308,-66.4035
90,3005,640,196.6102,-65.2702
90,3005,648,218.7437,-64.8055
90,3005,656,274.0489,-64.5783
90,3005,664,295.4939,-64.5675
90,3005,672,311.0903,-64.5652
90,3005,680,337.7837,-64.5627
90,3005,688,598.9008,-64.5610
90,3006,0,0.0000,-65.0000
90,3006,8,0.0699,-64.9855
90,3006,16,0.6811,-64.9173
90,3006,24,5.5147,-64.6276
90,3006,32,14.0905,-64.5433
90,3006,40,22.6664,-64.5540
90,3006,48,36.8228,-64.5609
90,3006,56,100.0000,-64.5618
90,3006,64,100.0848,-64.5832
90,3006,72,100.1553,-64.6322
90,3006,80,100.2950,-64.8112
90,3006,88,100.3253,-64.8631
90,3006,96,100.5250,-65.2961
90,3006,104,100.5613,-65.3895
90,3006,112,100.7089,-65.8019
90,3006,120,101.4864,-68.1784
90,3006,128,102.1224,-69.6631
90,3006,136,102.4450,-70.2002
90,3006,144,102.7599,-70.6087
90,3006,152,104.1850,-71.5155
90,3006,160,104.4321,-71.5740
90,3006,168,104.6282,-71.6101
90,3006,176,104.8803,-71.6477
90,3006,184,105.3104,-71.6969
90,3006,192,106.4910,-71.7577
90,3006,200,106.6759,-71.7584
90,3006,208,107.3190,-71.7516
90,3006,216,107.4889,-71.7485
90,3006,224,107.7470,-71.7456
90,3006,232,108.1692,-71.7442
90,3006,240,108.3920,-71.7449
90,3006,248,108.5750,-71.7473
90,3006,256,108.7900,-71.7528
90,3006,264,109.0422,-71.7628
90,3006,272,109.4428,-71.7793
90,3006,280,110.0650,-71.7979
90,3006,288,110.3650,-71.8035
90,3006,296,110.7435,-71.8102
90,3006,304,111.2761,-71.8132
90,3006,312,112.1193,-71.8039
90,3006,320,112.5264,-71.7914
90,3006,328,112.7736,-71.7828
90,3006,336,113.1264,-71.7713
90,3006,344,113.6566,-71.7554
90,3006,352,114.4757,-71.7232
90,3006,360,115.1649,-71.6911
90,3006,368,115.5600,-71.6697
90,3006,376,115.8100,-71.6589
90,3006,384,116.1168,-71.6503
90,3006,392,116.3809,-71.6464
90,3006,400,116.8750,-71.6420
90,3006,408,117.6773,-71.6332
90,3006,416,118.5482,-71.6037
90,3006,424,118.9603,-71.5845
90,3006,432,119.4484,-71.5642
90,3006,440,120.0182,-71.5391
90,3006,448,120.6153,-71.5137
90,3006,456,120.7056,-71.5097
90,3006,464,121.2900,-71.4928
90,3006,472,121.6844,-71.4857
90,3006,480,122.7100,-71.4571
90,3006,488,123.2150,-71.4374
90,3006,496,124.2053,-71.3867
90,3006,504,124.7200,-71.3578
90,3006,512,124.9600,-71.3451
90,3006,520,127.1715,-71.2101
90,3006,528,127.6600,-71.1689
90,3006,536,127.9223,-71.1489
90,3006,544,129.8272,-71.0243
90,3006,552,130.8361,-70.9383
90,3006,560,131.7985,-70.8579
90,3006,568,133.4152,-70.7111
90,3006,576,133.6444,-70.6893
90,3006,584,134.8183,-70.5888
90,3006,592,135.9466,-70.4845
90,3006,600,136.3834,-70.4447
90,3006,608,138.0209,-70.3010
90,3006,616,141.2247,-69.9601
90,3006,624,152.6772,-68.5892
90,3006,632,174.9308,-66.4035
90,3006,640,196.6102,-65.2702
90,3006,648,218.7437,-64.8055
90,3006,656,274.0489,-64.5783
90,3006,664,295.4939,-64.5675
90,3006,672,311.0903,-64.5652
90,3006,680,337.7837,-64.5627
90,3006,688,598.9008,-64.5610
90,3007,0,0.0000,-65.0000
90,3007,8,0.0699,-64.9855
90,3007,16,0.6811,-64.9173
90,3007,24,5.5147,-64.6276
90,3007,32,14.0905,-64.5433
90,3007,40,22.6664,-64.5540
90,3007,48,36.8228,-64.5609
90,3007,56,100.0000,-64.5618
90,3007,64,100.0848,-64.5832
90,3007,72,100.1553,-64.6322
90,3007,80,100.2950,-64.8112
90,3007,88,100.3253,-64.8631
90,3007,96,100.5250,-65.2961
90,3007,104,100.5613,-65.3895
90,3007,112,100.7089,-65.8019
90,3007,120,101.4864,-68.1784
90,3007,128,102.1224,-69.6631
90,3007,136,102.4450,-70.2002
90,3007,144,102.7599,-70.6087
90,3007,152,104.1850,-71.5155
90,3007,160,104.4321,-71.5740
90,3007,168,104.6282,-71.6101
90,3007,176,104.8803,-71.6477
90,3007,184,105.3104,-71.6969
90,3007,192,106.4910,-71.7577
90,3007,200,106.6759,-71.7584
90,3007,208,107.3190,-71.7516
90,3007,216,107.4889,-71.7485
90,3007,224,107.7470,-71.7456
90,3007,232,108.1692,-71.7442
90,3007,240,108.3920,-71.7449
90,3007,248,108.5750,-71.7473
90,3007,256,108.7900,-71.7528
90,3007,264,109.0422,-71.7628
90,3007,272,109.4428,-71.7793
90,3007,280,110.0650,-71.7979
90,3007,288,110.3650,-71.8035
90,3007,296,110.7435,-71.8102
90,3007,304,111.2761,-71.8132
90,3007,312,112.1193,-71.8039
90,3007,320,112.5264,-71.7914
90,3007,328,112.7736,-71.7828
90,3007,336,113.1264,-71.7713
90,3007,344,113.6566,-71.7554
90,3007,352,114.4757,-71.7232
90,3007,360,115.1649,-71.6911
90,3007,368,115.5600,-71.6697
90,3007,376,115.8100,-71.6589
90,3007,384,116.1168,-71.6503
90,3007,392,116.3809,-71.6464
90,3007,400,116.8750,-71.6420
90,3007,408,117.6773,-71.6332
90,3007,416,118.5482,-71.6037
90,3007,424,118.9603,-71.5845
90,3007,432,119.4484,-71.5642
90,3007,440,120.0182,-71.5391
90,3007,448,120.6153,-71.5137
90,3007,456,120.7056,-71.5097
90,3007,464,121.2900,-71.4928
90,3007,472,121.6844,-71.4857
90,3007,480,122.7100,-71.4571
90,3007,488,123.2150,-71.4374
90,3007,496,124.2053,-71.3867
90,3007,504,124.7200,-71.3578
90,3007,512,124.9600,-71.3451
90,3007,520,127.1715,-71.2101
90,3007,528,127.6600,-71.1689
90,3007,536,127.9223,-71.1489
90,3007,544,129.8272,-71.0243
90,3007,552,130.8361,-70.9383
90,3007,560,131.7985,-70.8579
90,3007,568,133.4152,-70.7111
90,3007,576,133.6444,-70.6893
90,3007,584,134.8183,-70.5888
90,3007,592,135.9466,-70.4845
90,3007,600,136.3834,-70.4447
90,3007,608,138.0209,-70.3010
90,3007,616,141.2247,-69.9601
90,3007,624,152.6772,-68.5892
90,3007,632,174.9308,-66.4035
90,3007,640,196.6102,-65.2702
90,3007,648,218.7437,-64.8055
90,3007,656,274.0489,-64.5783
90,3007,664,295.4939,-64.5675
90,3007,672,311.0903,-64.5652
90,3007,680,337.7837,-64.5627
90,3007,688,598.9008,-64.5610
90,3008,0,0.0000,-65.0000
90,3008,8,0.0699,-64.9855
90,3008,16,0.6811,-64.9173
90,3008,24,5.5147,-64.6276
90,3008,32,14.0905,-64.5433
90,3008,40,22.6664,-64.5540
90,3008,48,36.8228,-64.5609
90,3008,56,100.0000,-64.5618
90,3008,64,100.0848,-64.5832
90,3008,72,100.1553,-64.6322
90,3008,80,100.2950,-64.8112
90,3008,88,100.3253,-64.8631
90,3008,96,100.5250,-65.2961
90,3008,104,100.5613,-65.3895
90,3008,112,100.7089,-65.8019
90,3008,120,101.4864,-68.1784
90,3008,128,102.1224,-69.6631
90,3008,136,102.4450,-70.2002
90,3008,144,102.7599,-70.6087
90,3008,152,104.1850,-71.5155
90,3008,160,104.4321,-71.5740
90,3008,168,104.6282,-71.6101
90,3008,176,104.8803,-71.6477
90,3008,184,105.3104,-71.6969
90,3008,192,106.4910,-71.7577
90,3008,200,106.6759,-71.7584
90,3008,208,107.3190,-71.7516
90,3008,216,107.4889,-71.7485
90,3008,224,107.7470,-71.7456
90,3008,232,108.1692,-71.7442
90,3008,240,108.3920,-71.7449
90,3008,248,108.5750,-71.7473
90,3008,256,108.7900,-71.7528
90,3008,264,109.0422,-71.7628
90,3008,272,109.4428,-71.7793
90,3008,280,110.0650,-71.7979
90,3008,288,110.3650,-71.8035
90,3008,296,110.7435,-71.8102
90,3008,304,111.2761,-71.8132
90,3008,312,112.1193,-71.8039
90,3008,320,112.5264,-71.7914
90,3008,328,112.7736,-71.7828
90,3008,336,113.1264,-71.7713
90,3008,344,113.6566,-71.7554
90,3008,352,114.4757,-71.7232
90,3008,360,115.1649,-71.6911
90,3008,368,115.5600,-71.6697
90,3008,376,115.8100,-71.6589
90,3008,384,116.1168,-71.6503
90,3008,392,116.3809,-71.6464
90,3008,400,116.8750,-71.6420
90,3008,408,117.6773,-71.6332
90,3008,416,118.5482,-71.6037
90,3008,424,118.9603,-71.5845
90,3008,432,119.4484,-71.5642
90,3008,440,120.0182,-71.5391
90,3008,448,120.6153,-71.5137
90,3008,456,120.7056,-71.5097
90,3008,464,121.2900,-71.4928
90,3008,472,121.6844,-71.4857
90,3008,480,122.7100,-71.4571
90,3008,488,123.2150,-71.4374
90,3008,496,124.2053,-71.3867
90,3008,504,124.7200,-71.3578
90,3008,512,124.9600,-71.3451
90,3008,520,127.1715,-71.2101
90,3008,528,127.6600,-71.1689
90,3008,536,127.9223,-71.1489
90,3008,544,129.8272,-71.0243
90,3008,552,130.8361,-70.9383
90,3008,560,131.7985,-70.8579
90,3008,568,133.4152,-70.7111
90,3008,576,133.6444,-70.6893
90,3008,584,134.8183,-70.5888
90,3008,592,135.9466,-70.4845
90,3008,600,136.3834,-70.4447
90,3008,608,138.0209,-70.3010
90,3008,616,141.2247,-69.9601
90,3008,624,152.6772,-68.5892
90,3008,632,174.9308,-66.4035
90,3008,640,196.6102,-65.2702
90,3008,648,218.7437,-64.8055
90,3008,656,274.0489,-64.5783
90,3008,664,295.4939,-64.5675
90,3008,672,311.0903,-64.5652
90,3008,680,337.7837,-64.5627
90,3008,688,598.9008,-64.5610
90,3009,0,0.0000,-65.0000
90,3009,8,0.0699,-64.9855
90,3009,16,0.6811,-64.9173
90,3009,24,5.5147,-64.6276
90,3009,32,14.0905,-64.5433
90,3009,40,22.6664,-64.5540
90,3009,48,36.8228,-64.5609
90,3009,56,100.0000,-64.5618
90,3009,64,100.0848,-64.5832
90,3009,72,100.1553,-64.6322
90,3009,80,100.2950,-64.8112
90,3009,88,100.3253,-64.8631
90,3009,96,100.5250,-65.2961
90,3009,104,100.5613,-65.3895
90,3009,112,100.7089,-65.8019
90,3009,120,101.4864,-68.1784
90,3009,128,102.1224,-69.6631
90,3009,136,102.4450,-70.2002
90,3009,144,102.7599,-70.6087
90,3009,152,104.1850,-71.5155
90,3009,160,104.4321,-71.5740
90,3009,168,104.6282,-71.6101
90,3009,176,104.8803,-71.6477
90,3009,184,105.3104,-71.6969
90,3009,192,106.4910,-71.7577
90,3009,200,106.6759,-71.7584
90,3009,208,107.3190,-71.7516
90,3009,216,107.4889,-71.7485
90,3009,224,107.7470,-71.7456
90,3009,232,108.1692,-71.7442
90,3009,240,108.3920,-71.7449
90,3009,248,108.5750,-71.7473
90,3009,256,108.7900,-71.7528
90,3009,264,109.0422,-71.7628
90,3009,272,109.4428,-71.7793
90,3009,280,110.0650,-71.7979
90,3009,288,110.3650,-71.8035
90,3009,296,110.7435,-71.8102
90,3009,304,111.2761,-71.8132
90,3009,312,112.1193,-71.8039
90,3009,320,112.5264,-71.7914
90,3009,328,112.7736,-71.7828
90,3009,336,113.1264,-71.7713
90,3009,344,113.6566,-71.7554
90,3009,352,114.4757,-71.7232
90,3009,360,115.1649,-71.6911
90,3009,368,115.5600,-71.6697
90,3009,376,115.8100,-71.6589
90,3009,384,116.1168,-71.6503
90,3009,392,116.3809,-71.6464
90,3009,400,116.8750,-71.6420
90,3009,408,117.6773,-71.6332
90,3009,416,118.5482,-71.6037
90,3009,424,118.9603,-71.5845
90,3009,432,119.4484,-71.5642
90,3009,440,120.0182,-71.5391
90,3009,448,120.6153,-71.5137
90,3009,456,120.7056,-71.5097
90,3009,464,121.2900,-71.4928
90,3009,472,121.6844,-71.4857
90,3009,480,122.7100,-71.4571
90,3009,488,123.2150,-71.4374
90,3009,496,124.2053,-71.3867
90,3009,504,124.7200,-71.3578
90,3009,512,124.9600,-71.3451
90,3009,520,127.1715,-71.2101
90,3009,528,127.6600,-71.1689
90,3009,536,127.9223,-71.1489
90,3009,544,129.8272,-71.0243
90,3009,552,130.8361,-70.9383
90,3009,560,131.7985,-70.8579
90,3009,568,133.4152,-70.7111
90,3009,576,133.6444,-70.6893
90,3009,584,134.8183,-70.5888
90,3009,592,135.9466,-70.4845
90,3009,600,136.3834,-70.4447
90,3009,608,138.0209,-70.3010
90,3009,616,141.2247,-69.9601
90,3009,624,152.6772,-68.5892
90,3009,632,174.9308,-66.4035
90,3009,640,196.6102,-65.2702
90,3009,648,218.7437,-64.8055
90,3009,656,274.0489,-64.5783
90,3009,664,295.4939,-64.5675
90,3009,672,311.0903,-64.5652
90,3009,680,337.7837,-64.5627
90,3009,688,598.9008,-64.5610
90,3010,0,0.0000,-65.0000
90,3010,8,0.0699,-64.9855
90,3010,16,0.6811,-64.9173
90,3010,24,5.5147,-64.6276
90,3010,32,14.0905,-64.5433
90,3010,40,22.6664,-64.5540
90,3010,48,36.8228,-64.5609
90,3010,56,100.0000,-64.5618
90,3010,64,100.0848,-64.5832
90,3010,72,100.1553,-64.6322
90,3010,80,100.2950,-64.8112
90,3010,88,100.3253,-64.8631
90,3010,96,100.5250,-65.2961
90,3010,104,100.5613,-65.3895
90,3010,112,100.7089,-65.8019
90,3010,120,101.4864,-68.1784
90,3010,128,102.1224,-69.6631
90,3010,136,102.4450,-70.2002
90,3010,144,102.7599,-70.6087
90,3010,152,104.1850,-71.5155
90,3010,160,104.4321,-71.5740
90,3010,168,104.6282,-71.6101
90,3010,176,104.8803,-71.6477
90,3010,184,105.3104,-71.6969
90,3010,192,106.4910,-71.7577
90,3010,200,106.6759,-71.7584
90,3010,208,107.3190,-71.7516
90,3010,216,107.4889,-71.7485
90,3010,224,107.7470,-71.7456
90,3010,232,108.1692,-71.7442
90,3010,240,108.3920,-71.7449
90,3010,248,108.5750,-71.7473
90,3010,256,108.7900,-71.7528
90,3010,264,109.0422,-71.7628
90,3010,272,109.4428,-71.7793
90,3010,280,110.0650,-71.7979
90,3010,288,110.3650,-71.8035
90,3010,296,110.7435,-71.8102
90,3010,304,111.2761,-71.8132
90,3010,312,112.1193,-71.8039
90,3010,320,112.5264,-71.7914
90,3010,328,112.7736,-71.7828
90,3010,336,113.1264,-71.7713
90,3010,344,113.6566,-71.7554
90,3010,352,114.4757,-71.7232
90,3010,360,115.1649,-71.6911
90,3010,368,115.5600,-71.6697
90,3010,376,115.8100,-71.6589
90,3010,384,116.1168,-71.6503
90,3010,392,116.3809,-71.6464
90,3010,400,116.8750,-71.6420
90,3010,408,117.6773,-71.6332
90,3010,416,118.5482,-71.6037
90,3010,424,118.9603,-71.5845
90,3010,432,119.4484,-71.5642
90,3010,440,120.0182,-71.5391
90,3010,448,120.6153,-71.5137
90,3010,456,120.7056,-71.5097
90,3010,464,121.2900,-71.4928
90,3010,472,121.6844,-71.4857
90,3010,480,122.7100,-71.4571
90,3010,488,123.2150,-71.4374
90,3010,496,124.2053,-71.3867
90,3010,504,124.7200,-71.3578
90,3010,512,124.9600,-71.3451
90,3010,520,127.1715,-71.2101
90,3010,528,127.6600,-71.1689
90,3010,536,127.9223,-71.1489
90,3010,544,129.8272,-71.0243
90,3010,552,130.8361,-70.9383
90,3010,560,131.7985,-70.8579
90,3010,568,133.4152,-70.7111
90,3010,576,133.6444,-70.6893
90,3010,584,134.8183,-70.5888
90,3010,592,135.9466,-70.4845
90,3010,600,136.3834,-70.4447
90,3010,608,138.0209,-70.3010
90,3010,616,141.2247,-69.9601
90,3010,624,152.6772,-68.5892
90,3010,632,174.9308,-66.4035
90,3010,640,196.6102,-65.2702
90,3010,648,218.7437,-64.8055
90,3010,656,274.0489,-64.5783
90,3010,664,295.4939,-64.5675
90,3010,672,311.0903,-64.5652
90,3010,680,337.7837,-64.5627
90,3010,688,598.9008,-64.5610
120,4001,0,0.0000,-65.0000
120,4001,8,0.0699,-64.9855
120,4001,16,0.6811,-64.9173
120,4001,24,5.5147,-64.6276
120,4001,32,14.0905,-64.5433
120,4001,40,22.6664,-64.5540
120,4001,48,36.8228,-64.5609
120,4001,56,100.0000,-64.5618
120,4001,64,100.0540,-64.5748
120,4001,72,100.1121,-64.6196
120,4001,80,100.2585,-64.8669
120,4001,88,100.7891,-66.7419
120,4001,96,101.2876,-68.7137
120,4001,104,101.3422,-68.9041
120,4001,112,101.4326,-69.2062
120,4001,120,101.7984,-70.2536
120,4001,128,101.9291,-70.5581
120,4001,136,102.0614,-70.8323
120,4001,144,102.2464,-71.1635
120,4001,152,102.4972,-71.5287
120,4001,160,103.2219,-72.1712
120,4001,168,103.5816,-72.3351
120,4001,176,104.6296,-72.5391
120,4001,184,105.0890,-72.5609
120,4001,192,106.8734,-72.5125
120,4001,200,107.8220,-72.4563
120,4001,208,108.2580,-72.4277
120,4001,216,109.0819,-72.3780
120,4001,224,109.3820,-72.3612
120,4001,232,109.6681,-72.3461
120,4001,240,110.0731,-72.3278
120,4001,248,110.2882,-72.3196
120,4001,256,110.5468,-72.3124
120,4001,264,111.3076,-72.3037
120,4001,272,111.5821,-72.2995
120,4001,280,111.7538,-72.2978
120,4001,288,113.0376,-72.2953
120,4001,296,113.2017,-72.2923
120,4001,304,113.8033,-72.2777
120,4001,312,113.9089,-72.2748
120,4001,320,114.7044,-72.2600
120,4001,328,115.4796,-72.2414
120,4001,336,116.3262,-72.2160
120,4001,344,116.8545,-72.1926
120,4001,352,118.1398,-72.1266
120,4001,360,119.7302,-72.0084
120,4001,368,120.0378,-71.9843
120,4001,376,120.4388,-71.9549
120,4001,384,121.4056,-71.8946
120,4001,392,121.8245,-71.8715
120,4001,400,122.3148,-71.8451
120,4001,408,122.9240,-71.8146
120,4001,416,123.8591,-71.7624
120,4001,424,124.3499,-71.7334
120,4001,432,124.6465,-71.7181
120,4001,440,125.2421,-71.6903
120,4001,448,125.4634,-71.6807
120,4001,456,125.8257,-71.6687
120,4001,464,125.9212,-71.6662
120,4001,472,126.6468,-71.6526
120,4001,480,127.2050,-71.6364
120,4001,488,128.4346,-71.5863
120,4001,496,130.4699,-71.4352
120,4001,504,134.9959,-70.9532
120,4001,512,154.9849,-68.5584
120,4001,520,189.3856,-65.6614
120,4001,528,208.7018,-65.0138
120,4001,536,224.8826,-64.7661
120,4001,544,259.4959,-64.5970
120,4001,552,317.2033,-64.5629
120,4001,560,371.4435,-64.5607
120,4001,568,782.2880,-64.5613
120,4002,0,0.0000,-65.0000
120,4002,8,0.0699,-64.9855
120,4002,16,0.6811,-64.9173
120,4002,24,5.5147,-64.6276
120,4002,32,14.0905,-64.5433
120,4002,40,22.6664,-64.5540
120,4002,48,36.8228,-64.5609
120,4002,56,100.0000,-64.5618
120,4002,64,100.0540,-64.5748
120,4002,72,100.1121,-64.6196
120,4002,80,100.2585,-64.8669
120,4002,88,100.7891,-66.7419
120,4002,96,101.2876,-68.7137
120,4002,104,101.3422,-68.9041
120,4002,112,101.4326,-69.2062
120,4002,120,101.7984,-70.2536
120,4002,128,101.9291,-70.5581
120,4002,136,102.0614,-70.8323
120,4002,144,102.2464,-71.1635
120,4002,152,102.4972,-71.5287
120,4002,160,103.2219,-72.1712
120,4002,168,103.5816,-72.3351
120,4002,176,104.6296,-72.5391
120,4002,184,105.0890,-72.5609
120,4002,192,106.8734,-72.5125
120,4002,200,107.8220,-72.4563
120,4002,208,108.2580,-72.4277
120,4002,216,109.0819,-72.3780
120,4002,224,109.3820,-72.3612
120,4002,232,109.6681,-72.3461
120,4002,240,110.0731,-72.3278
120,4002,248,110.2882,-72.3196
120,4002,256,110.5468,-72.3124
120,4002,264,111.3076,-72.3037
120,4002,272,111.5821,-72.2995
120,4002,280,111.7538,-72.2978
120,4002,288,113.0376,-72.2953
120,4002,296,113.2017,-72.2923
120,4002,304,113.8033,-72.2777
120,4002,312,113.9089,-72.2748
120,4002,320,114.7044,-72.2600
120,4002,328,115.4796,-72.2414
120,4002,336,116.3262,-72.2160
120,4002,344,116.8545,-72.1926
120,4002,352,118.1398,-72.1266
120,4002,360,119.7302,-72.0084
120,4002,368,120.0378,-71.9843
120,4002,376,120.4388,-71.9549
120,4002,384,121.4056,-71.8946
120,4002,392,121.8245,-71.8715
120,4002,400,122.3148,-71.8451
120,4002,408,122.9240,-71.8146
120,4002,416,123.8591,-71.7624
120,4002,424,124.3499,-71.7334
120,4002,432,124.6465,-71.7181
120,4002,440,125.2421,-71.6903
120,4002,448,125.4634,-71.6807
120,4002,456,125.8257,-71.6687
120,4002,464,125.9212,-71.6662
120,4002,472,126.6468,-71.6526
120,4002,480,127.2050,-71.6364
120,4002,488,128.4346,-71.5863
120,4002,496,130.4699,-71.4352
120,4002,504,134.9959,-70.9532
120,4002,512,154.9849,-68.5584
120,4002,520,189.3856,-65.6614
120,4002,528,208.7018,-65.0138
120,4002,536,224.8826,-64.7661
120,4002,544,259.4959,-64.5970
120,4002,552,317.2033,-64.5629
120,4002,560,371.4435,-64.5607
120,4002,568,782.2880,-64.5613
120,4003,0,0.0000,-65.0000
120,4003,8,0.0699,-64.9855
120,4003,16,0.6811,-64.9173
120,4003,24,5.5147,-64.6276
120,4003,32,14.0905,-64.5433
120,4003,40,22.6664,-64.5540
120,4003,48,36.8228,-64.5609
120,4003,56,100.0000,-64.5618
120,4003,64,100.0540,-64.5748
120,4003,72,100.1121,-64.6196
120,4003,80,100.2585,-64.8669
120,4003,88,100.7891,-66.7419
120,4003,96,101.2876,-68.7137
120,4003,104,101.3422,-68.9041
120,4003,112,101.4326,-69.2062
120,4003,120,101.7984,-70.2536
120,4003,128,101.9291,-70.5581
120,4003,136,102.0614,-70.8323
120,4003,144,102.2464,-71.1635
120,4003,152,102.4972,-71.5287
120,4003,160,103.2219,-72.1712
120,4003,168,103.5816,-72.3351
120,4003,176,104.6296,-72.5391
120,4003,184,105.0890,-72.5609
120,4003,192,106.8734,-72.5125
120,4003,200,107.8220,-72.4563
120,4003,208,108.2580,-72.4277
120,4003,216,109.0819,-72.3780
120,4003,224,109.3820,-72.3612
120,4003,232,109.6681,-72.3461
120,4003,240,110.0731,-72.3278
120,4003,248,110.2882,-72.3196
120,4003,256,110.5468,-72.3124
120,4003,264,111.3076,-72.3037
120,4003,272,111.5821,-72.2995
120,4003,280,111.7538,-72.2978
120,4003,288,113.0376,-72.2953
120,4003,296,113.2017,-72.2923
120,4003,304,113.8033,-72.2777
120,4003,312,113.9089,-72.2748
120,4003,320,114.7044,-72.2600
120,4003,328,115.4796,-72.2414
120,4003,336,116.3262,-72.2160
120,4003,344,116.8545,-72.1926
120,4003,352,118.1398,-72.1266
120,4003,360,119.7302,-72.0084
120,4003,368,120.0378,-71.9843
120,4003,376,120.4388,-71.9549
120,4003,384,121.4056,-71.8946
120,4003,392,121.8245,-71.8715
120,4003,400,122.3148,-71.8451
120,4003,408,122.9240,-71.8146
120,4003,416,123.8591,-71.7624
120,4003,424,124.3499,-71.7334
120,4003,432,124.6465,-71.7181
120,4003,440,125.2421,-71.6903
120,4003,448,125.4634,-71.6807
120,4003,456,125.8257,-71.6687
120,4003,464,125.9212,-71.6662
120,4003,472,126.6468,-71.6526
120,4003,480,127.2050,-71.6364
120,4003,488,128.4346,-71.5863
120,4003,496,130.4699,-71.4352
120,4003,504,134.9959,-70.9532
120,4003,512,154.9849,-68.5584
120,4003,520,189.3856,-65.6614
120,4003,528,208.7018,-65.0138
120,4003,536,224.8826,-64.7661
120,4003,544,259.4959,-64.5970
120,4003,552,317.2033,-64.5629
120,4003,560,371.4435,-64.5607
120,4003,568,782.2880,-64.5613
120,4004,0,0.0000,-65.0000
120,4004,8,0.0699,-64.9855
120,4004,16,0.6811,-64.9173
120,4004,24,5.5147,-64.6276
120,4004,32,14.0905,-64.5433
120,4004,40,22.6664,-64.5540
120,4004,48,36.8228,-64.5609
120,4004,56,100.0000,-64.5618
120,4004,64,100.0540,-64.5748
120,4004,72,100.1121,-64.6196
120,4004,80,100.2585,-64.8669
120,4004,88,100.7891,-66.7419
120,4004,96,101.2876,-68.7137
120,4004,104,101.3422,-68.9041
120,4004,112,101.4326,-69.2062
120,4004,120,101.7984,-70.2536
120,4004,128,101.9291,-70.5581
120,4004,136,102.0614,-70.8323
120,4004,144,102.2464,-71.1635
120,4004,152,102.4972,-71.5287
120,4004,160,103.2219,-72.1712
120,4004,168,103.5816,-72.3351
120,4004,176,104.6296,-72.5391
120,4004,184,105.0890,-72.5609
120,4004,192,106.8734,-72.5125
120,4004,200,107.8220,-72.4563
120,4004,208,108.2580,-72.4277
120,4004,216,109.0819,-72.3780
120,4004,224,109.3820,-72.3612
120,4004,232,109.6681,-72.3461
120,4004,240,110.0731,-72.3278
120,4004,248,110.2882,-72.3196
120,4004,256,110.5468,-72.3124
120,4004,264,111.3076,-72.3037
120,4004,272,111.5821,-72.2995
120,4004,280,111.7538,-72.2978
120,4004,288,113.0376,-72.2953
120,4004,296,113.2017,-72.2923
120,4004,304,113.8033,-72.2777
120,4004,312,113.9089,-72.2748
120,4004,320,114.7044,-72.2600
120,4004,328,115.4796,-72.2414
120,4004,336,116.3262,-72.2160
120,4004,344,116.8545,-72.1926
120,4004,352,118.1398,-72.1266
120,4004,360,119.7302,-72.0084
120,4004,368,120.0378,-71.9843
120,4004,376,120.4388,-71.9549
120,4004,384,121.4056,-71.8946
120,4004,392,121.8245,-71.8715
120,4004,400,122.3148,-71.8451
120,4004,408,122.9240,-71.8146
120,4004,416,123.8591,-71.7624
120,4004,424,124.3499,-71.7334
120,4004,432,124.6465,-71.7181
120,4004,440,125.2421,-71.6903
120,4004,448,125.4634,-71.6807
120,4004,456,125.8257,-71.6687
120,4004,464,125.9212,-71.6662
120,4004,472,126.6468,-71.6526
120,4004,480,127.2050,-71.6364
120,4004,488,128.4346,-71.5863
120,4004,496,130.4699,-71.4352
120,4004,504,134.9959,-70.9532
120,4004,512,154.9849,-68.5584
120,4004,520,189.3856,-65.6614
120,4004,528,208.7018,-65.0138
120,4004,536,224.8826,-64.7661
120,4004,544,259.4959,-64.5970
120,4004,552,317.2033,-64.5629
120,4004,560,371.4435,-64.5607
120,4004,568,782.2880,-64.5613
120,4005,0,0.0000,-65.0000
120,4005,8,0.0699,-64.9855
120,4005,16,0.6811,-64.9173
120,4005,24,5.5147,-64.6276
120,4005,32,14.0905,-64.5433
120,4005,40,22.6664,-64.5540
120,4005,48,36.8228,-64.5609
120,4005,56,100.0000,-64.5618
120,4005,64,100.0540,-64.5748
120,4005,72,100.1121,-64.6196
120,4005,80,100.2585,-64.8669
120,4005,88,100.7891,-66.7419
120,4005,96,101.2876,-68.7137
120,4005,104,101.3422,-68.9041
120,4005,112,101.4326,-69.2062
120,4005,120,101.7984,-70.2536
120,4005,128,101.9291,-70.5581
120,4005,136,102.0614,-70.8323
120,4005,144,102.2464,-71.1635
120,4005,152,102.4972,-71.5287
120,4005,160,103.2219,-72.1712
120,4005,168,103.5816,-72.3351
120,4005,176,104.6296,-72.5391
120,4005,184,105.0890,-72.5609
120,4005,192,106.8734,-72.5125
120,4005,200,107.8220,-72.4563
120,4005,208,108.2580,-72.4277
120,4005,216,109.0819,-72.3780
120,4005,224,109.3820,-72.3612
120,4005,232,109.6681,-72.3461
120,4005,240,110.0731,-72.3278
120,4005,248,110.2882,-72.3196
120,4005,256,110.5468,-72.3124
120,4005,264,111.3076,-72.3037
120,4005,272,111.5821,-72.2995
120,4005,280,111.7538,-72.2978
120,4005,288,113.0376,-72.2953
120,4005,296,113.2017,-72.2923
120,4005,304,113.8033,-72.2777
120,4005,312,113.9089,-72.2748
120,4005,320,114.7044,-72.2600
120,4005,328,115.4796,-72.2414
120,4005,336,116.3262,-72.2160
120,4005,344,116.8545,-72.1926
120,4005,352,118.1398,-72.1266
120,4005,360,119.7302,-72.0084
120,4005,368,120.0378,-71.9843
120,4005,376,120.4388,-71.9549
120,4005,384,121.4056,-71.8946
120,4005,392,121.8245,-71.8715
120,4005,400,122.3148,-71.8451
120,4005,408,122.9240,-71.8146
120,4005,416,123.8591,-71.7624
120,4005,424,124.3499,-71.7334
120,4005,432,124.6465,-71.7181
120,4005,440,125.2421,-71.6903
120,4005,448,125.4634,-71.6807
120,4005,456,125.8257,-71.6687
120,4005,464,125.9212,-71.6662
120,4005,472,126.6468,-71.6526
120,4005,480,127.2050,-71.6364
120,4005,488,128.4346,-71.5863
120,4005,496,130.4699,-71.4352
120,4005,504,134.9959,-70.9532
120,4005,512,154.9849,-68.5584
120,4005,520,189.3856,-65.6614
120,4005,528,208.7018,-65.0138
120,4005,536,224.8826,-64.7661
120,4005,544,259.4959,-64.5970
120,4005,552,317.2033,-64.5629
120,4005,560,371.4435,-64.5607
120,4005,568,782.2880,-64.5613
120,4006,0,0.0000,-65.0000
120,4006,8,0.0699,-64.9855
120,4006,16,0.6811,-64.9173
120,4006,24,5.5147,-64.6276
120,4006,32,14.0905,-64.5433
120,4006,40,22.6664,-64.5540
120,4006,48,36.8228,-64.5609
120,4006,56,100.0000,-64.5618
120,4006,64,100.0540,-64.5748
120,4006,72,100.1121,-64.6196
120,4006,80,100.2585,-64.8669
120,4006,88,100.7891,-66.7419
120,4006,96,101.2876,-68.7137
120,4006,104,101.3422,-68.9041
120,4006,112,101.4326,-69.2062
120,4006,120,101.7984,-70.2536
120,4006,128,101.9291,-70.5581
120,4006,136,102.0614,-70.8323
120,4006,144,102.2464,-71.1635
120,4006,152,102.4972,-71.5287
120,4006,160,103.2219,-72.1712
120,4006,168,103.5816,-72.3351
120,4006,176,104.6296,-72.5391
120,4006,184,105.0890,-72.5609
120,4006,192,106.8734,-72.5125
120,4006,200,107.8220,-72.4563
120,4006,208,108.2580,-72.4277
120,4006,216,109.0819,-72.3780
120,4006,224,109.3820,-72.3612
120,4006,232,109.6681,-72.3461
120,4006,240,110.0731,-72.3278
120,4006,248,110.2882,-72.3196
120,4006,256,110.5468,-72.3124
120,4006,264,111.3076,-72.3037
120,4006,272,111.5821,-72.2995
120,4006,280,111.7538,-72.2978
120,4006,288,113.0376,-72.2953
120,4006,296,113.2017,-72.2923
120,4006,304,113.8033,-72.2777
120,4006,312,113.9089,-72.2748
120,4006,320,114.7044,-72.2600
120,4006,328,115.4796,-72.2414
120,4006,336,116.3262,-72.2160
120,4006,344,116.8545,-72.1926
120,4006,352,118.1398,-72.1266
120,4006,360,119.7302,-72.0084
120,4006,368,120.0378,-71.9843
120,4006,376,120.4388,-71.9549
120,4006,384,121.4056,-71.8946
120,4006,392,121.8245,-71.8715
120,4006,400,122.3148,-71.8451
120,4006,408,122.9240,-71.8146
120,4006,416,123.8591,-71.7624
120,4006,424,124.3499,-71.7334
120,4006,432,124.6465,-71.7181
120,4006,440,125.2421,-71.6903
120,4006,448,125.4634,-71.6807
120,4006,456,125.8257,-71.6687
120,4006,464,125.9212,-71.6662
120,4006,472,126.6468,-71.6526
120,4006,480,127.2050,-71.6364
120,4006,488,128.4346,-71.5863
120,4006,496,130.4699,-71.4352
120,4006,504,134.9959,-70.9532
120,4006,512,154.9849,-68.5584
120,4006,520,189.3856,-65.6614
120,4006,528,208.7018,-65.0138
120,4006,536,224.8826,-64.7661
120,4006,544,259.4959,-64.5970
120,4006,552,317.2033,-64.5629
120,4006,560,371.4435,-64.5607
120,4006,568,782.2880,-64.5613
120,4007,0,0.0000,-65.0000
120,4007,8,0.0699,-64.9855
120,4007,16,0.6811,-64.9173
120,4007,24,5.5147,-64.6276
120,4007,32,14.0905,-64.5433
120,4007,40,22.6664,-64.5540
120,4007,48,36.8228,-64.5609
120,4007,56,100.0000,-64.5618
120,4007,64,100.0540,-64.5748
120,4007,72,100.1121,-64.6196
120,4007,80,100.2585,-64.8669
120,4007,88,100.7891,-66.7419
120,4007,96,101.2876,-68.7137
120,4007,104,101.3422,-68.9041
120,4007,112,101.4326,-69.2062
120,4007,120,101.7984,-70.2536
120,4007,128,101.9291,-70.5581
120,4007,136,102.0614,-70.8323
120,4007,144,102.2464,-71.1635
120,4007,152,102.4972,-71.5287
120,4007,160,103.2219,-72.1712
120,4007,168,103.5816,-72.3351
120,4007,176,104.6296,-72.5391
120,4007,184,105.0890,-72.5609
120,4007,192,106.8734,-72.5125
120,4007,200,107.8220,-72.4563
120,4007,208,108.2580,-72.4277
120,4007,216,109.0819,-72.3780
120,4007,224,109.3820,-72.3612
120,4007,232,109.6681,-72.3461
120,4007,240,110.0731,-72.3278
120,4007,248,110.2882,-72.3196
120,4007,256,110.5468,-72.3124
120,4007,264,111.3076,-72.3037
120,4007,272,111.5821,-72.2995
120,4007,280,111.7538,-72.2978
120,4007,288,113.0376,-72.2953
120,4007,296,113.2017,-72.2923
120,4007,304,113.8033,-72.2777
120,4007,312,113.9089,-72.2748
120,4007,320,114.7044,-72.2600
120,4007,328,115.4796,-72.2414
120,4007,336,116.3262,-72.2160
120,4007,344,116.8545,-72.1926
120,4007,352,118.1398,-72.1266
120,4007,360,119.7302,-72.0084
120,4007,368,120.0378,-71.9843
120,4007,376,120.4388,-71.9549
120,4007,384,121.4056,-71.8946
120,4007,392,121.8245,-71.8715
120,4007,400,122.3148,-71.8451
120,4007,408,122.9240,-71.8146
120,4007,416,123.8591,-71.7624
120,4007,424,124.3499,-71.7334
120,4007,432,124.6465,-71.7181
120,4007,440,125.2421,-71.6903
120,4007,448,125.4634,-71.6807
120,4007,456,125.8257,-71.6687
120,4007,464,125.9212,-71.6662
120,4007,472,126.6468,-71.6526
120,4007,480,127.2050,-71.6364
120,4007,488,128.4346,-71.5863
120,4007,496,130.4699,-71.4352
120,4007,504,134.9959,-70.9532
120,4007,512,154.9849,-68.5584
120,4007,520,189.3856,-65.6614
120,4007,528,208.7018,-65.0138
120,4007,536,224.8826,-64.7661
120,4007,544,259.4959,-64.5970
120,4007,552,317.2033,-64.5629
120,4007,560,371.4435,-64.5607
120,4007,568,782.2880,-64.5613
120,4008,0,0.0000,-65.0000
120,4008,8,0.0699,-64.9855
120,4008,16,0.6811,-64.9173
120,4008,24,5.5147,-64.6276
120,4008,32,14.0905,-64.5433
120,4008,40,22.6664,-64.5540
120,4008,48,36.8228,-64.5609
120,4008,56,100.0000,-64.5618
120,4008,64,100.0540,-64.5748
120,4008,72,100.1121,-64.6196
120,4008,80,100.2585,-64.8669
120,4008,88,100.7891,-66.7419
120,4008,96,101.2876,-68.7137
120,4008,104,101.3422,-68.9041
120,4008,112,101.4326,-69.2062
120,4008,120,101.7984,-70.2536
120,4008,128,101.9291,-70.5581
120,4008,136,102.0614,-70.8323
120,4008,144,102.2464,-71.1635
120,4008,152,102.4972,-71.5287
120,4008,160,103.2219,-72.1712
120,4008,168,103.5816,-72.3351
120,4008,176,104.6296,-72.5391
120,4008,184,105.0890,-72.5609
120,4008,192,106.8734,-72.5125
120,4008,200,107.8220,-72.4563
120,4008,208,108.2580,-72.4277
120,4008,216,109.0819,-72.3780
120,4008,224,109.3820,-72.3612
120,4008,232,109.6681,-72.3461
120,4008,240,110.0731,-72.3278
120,4008,248,110.2882,-72.3196
120,4008,256,110.5468,-72.3124
120,4008,264,111.3076,-72.3037
120,4008,272,111.5821,-72.2995
120,4008,280,111.7538,-72.2978
120,4008,288,113.0376,-72.2953
120,4008,296,113.2017,-72.2923
120,4008,304,113.8033,-72.2777
120,4008,312,113.9089,-72.2748
120,4008,320,114.7044,-72.2600
120,4008,328,115.4796,-72.2414
120,4008,336,116.3262,-72.2160
120,4008,344,116.8545,-72.1926
120,4008,352,118.1398,-72.1266
120,4008,360,119.7302,-72.0084
120,4008,368,120.0378,-71.9843
120,4008,376,120.4388,-71.9549
120,4008,384,121.4056,-71.8946
120,4008,392,121.8245,-71.8715
120,4008,400,122.3148,-71.8451
120,4008,408,122.9240,-71.8146
120,4008,416,123.8591,-71.7624
120,4008,424,124.3499,-71.7334
120,4008,432,124.6465,-71.7181
120,4008,440,125.2421,-71.6903
120,4008,448,125.4634,-71.6807
120,4008,456,125.8257,-71.6687
120,4008,464,125.9212,-71.6662
120,4008,472,126.6468,-71.6526
120,4008,480,127.2050,-71.6364
120,4008,488,128.4346,-71.5863
120,4008,496,130.4699,-71.4352
120,4008,504,134.9959,-70.9532
120,4008,512,154.9849,-68.5584
120,4008,520,189.3856,-65.6614
120,4008,528,208.7018,-65.0138
120,4008,536,224.8826,-64.7661
120,4008,544,259.4959,-64.5970
120,4008,552,317.2033,-64.5629
120,4008,560,371.4435,-64.5607
120,4008,568,782.2880,-64.5613
120,4009,0,0.0000,-65.0000
120,4009,8,0.0699,-64.9855
120,4009,16,0.6811,-64.9173
120,4009,24,5.5147,-64.6276
120,4009,32,14.0905,-64.5433
120,4009,40,22.6664,-64.5540
120,4009,48,36.8228,-64.5609
120,4009,56,100.0000,-64.5618
120,4009,64,100.0540,-64.5748
120,4009,72,100.1121,-64.6196
120,4009,80,100.2585,-64.8669
120,4009,88,100.7891,-66.7419
120,4009,96,101.2876,-68.7137
120,4009,104,101.3422,-68.9041
120,4009,112,101.4326,-69.2062
120,4009,120,101.7984,-70.2536
120,4009,128,101.9291,-70.5581
120,4009,136,102.0614,-70.8323
120,4009,144,102.2464,-71.1635
120,4009,152,102.4972,-71.5287
120,4009,160,103.2219,-72.1712
120,4009,168,103.5816,-72.3351
120,4009,176,104.6296,-72.5391
120,4009,184,105.0890,-72.5609
120,4009,192,106.8734,-72.5125
120,4009,200,107.8220,-72.4563
120,4009,208,108.2580,-72.4277
120,4009,216,109.0819,-72.3780
120,4009,224,109.3820,-72.3612
120,4009,232,109.6681,-72.3461
120,4009,240,110.0731,-72.3278
120,4009,248,110.2882,-72.3196
120,4009,256,110.5468,-72.3124
120,4009,264,111.3076,-72.3037
120,4009,272,111.5821,-72.2995
120,4009,280,111.7538,-72.2978
120,4009,288,113.0376,-72.2953
120,4009,296,113.2017,-72.2923
120,4009,304,113.8033,-72.2777
120,4009,312,113.9089,-72.2748
120,4009,320,114.7044,-72.2600
120,4009,328,115.4796,-72.2414
120,4009,336,116.3262,-72.2160
120,4009,344,116.8545,-72.1926
120,4009,352,118.1398,-72.1266
120,4009,360,119.7302,-72.0084
120,4009,368,120.0378,-71.9843
120,4009,376,120.4388,-71.9549
120,4009,384,121.4056,-71.8946
120,4009,392,121.8245,-71.8715
120,4009,400,122.3148,-71.8451
120,4009,408,122.9240,-71.8146
120,4009,416,123.8591,-71.7624
120,4009,424,124.3499,-71.7334
120,4009,432,124.6465,-71.7181
120,4009,440,125.2421,-71.6903
120,4009,448,125.4634,-71.6807
120,4009,456,125.8257,-71.6687
120,4009,464,125.9212,-71.6662
120,4009,472,126.6468,-71.6526
120,4009,480,127.2050,-71.6364
120,4009,488,128.4346,-71.5863
120,4009,496,130.4699,-71.4352
120,4009,504,134.9959,-70.9532
120,4009,512,154.9849,-68.5584
120,4009,520,189.3856,-65.6614
120,4009,528,208.7018,-65.0138
120,4009,536,224.8826,-64.7661
120,4009,544,259.4959,-64.5970
120,4009,552,317.2033,-64.5629
120,4009,560,371.4435,-64.5607
120,4009,568,782.2880,-64.5613
120,4010,0,0.0000,-65.0000
120,4010,8,0.0699,-64.9855
120,4010,16,0.6811,-64.9173
120,4010,24,5.5147,-64.6276
120,4010,32,14.0905,-64.5433
120,4010,40,22.6664,-64.5540
120,4010,48,36.8228,-64.5609
120,4010,56,100.0000,-64.5618
120,4010,64,100.0540,-64.5748
120,4010,72,100.1121,-64.6196
120,4010,80,100.2585,-64.8669
120,4010,88,100.7891,-66.7419
120,4010,96,101.2876,-68.7137
120,4010,104,101.3422,-68.9041
120,4010,112,101.4326,-69.2062
120,4010,120,101.7984,-70.2536
120,4010,128,101.9291,-70.5581
120,4010,136,102.0614,-70.8323
120,4010,144,102.2464,-71.1635
120,4010,152,102.4972,-71.5287
120,4010,160,103.2219,-72.1712
120,4010,168,103.5816,-72.3351
120,4010,176,104.6296,-72.5391
120,4010,184,105.0890,-72.5609
120,4010,192,106.8734,-72.5125
120,4010,200,107.8220,-72.4563
120,4010,208,108.2580,-72.4277
120,4010,216,109.0819,-72.3780
120,4010,224,109.3820,-72.3612
120,4010,232,109.6681,-72.3461
120,4010,240,110.0731,-72.3278
120,4010,248,110.2882,-72.3196
120,4010,256,110.5468,-72.3124
120,4010,264,111.3076,-72.3037
120,4010,272,111.5821,-72.2995
120,4010,280,111.7538,-72.2978
120,4010,288,113.0376,-72.2953
120,4010,296,113.2017,-72.2923
120,4010,304,113.8033,-72.2777
120,4010,312,113.9089,-72.2748
120,4010,320,114.7044,-72.2600
120,4010,328,115.4796,-72.2414
120,4010,336,116.3262,-72.2160
120,4010,344,116.8545,-72.1926
120,4010,352,118.1398,-72.1266
120,4010,360,119.7302,-72.0084
120,4010,368,120.0378,-71.9843
120,4010,376,120.4388,-71.9549
120,4010,384,121.4056,-71.8946
120,4010,392,121.8245,-71.8715
120,4010,400,122.3148,-71.8451
120,4010,408,122.9240,-71.8146
120,4010,416,123.8591,-71.7624
120,4010,424,124.3499,-71.7334
120,4010,432,124.6465,-71.7181
120,4010,440,125.2421,-71.6903
120,4010,448,125.4634,-71.6807
120,4010,456,125.8257,-71.6687
120,4010,464,125.9212,-71.6662
120,4010,472,126.6468,-71.6526
120,4010,480,127.2050,-71.6364
120,4010,488,128.4346,-71.5863
120,4010,496,130.4699,-71.4352
120,4010,504,134.9959,-70.9532
120,4010,512,154.9849,-68.5584
120,4010,520,189.3856,-65.6614
120,4010,528,208.7018,-65.0138
120,4010,536,224.8826,-64.7661
120,4010,544,259.4959,-64.5970
120,4010,552,317.2033,-64.5629
120,4010,560,371.4435,-64.5607
120,4010,568,782.2880,-64.5613
150,5001,0,0.0000,-65.0000
150,5001,8,0.0699,-64.9855
150,5001,16,0.6811,-64.9173
150,5001,24,5.5147,-64.6276
150,5001,32,14.0905,-64.5433
150,5001,40,22.6664,-64.5540
150,5001,48,36.8228,-64.5609
150,5001,56,100.0000,-64.5618
150,5001,64,100.0390,-64.5695
150,5001,72,100.0834,-64.6001
150,5001,80,100.1942,-64.7708
150,5001,88,100.3779,-65.3094
150,5001,96,100.4727,-65.6786
150,5001,104,100.5279,-65.9143
150,5001,112,100.6694,-66.5600
150,5001,120,101.0494,-68.3571
150,5001,128,101.0790,-68.4893
150,5001,136,101.3369,-69.5540
150,5001,144,102.2325,-71.8208
150,5001,152,102.5562,-72.2091
150,5001,160,102.7172,-72.3503
150,5001,168,102.9408,-72.5058
150,5001,176,103.2375,-72.6555
150,5001,184,103.9092,-72.8383
150,5001,192,104.2951,-72.8852
150,5001,200,104.4621,-72.8985
150,5001,208,104.9456,-72.9215
150,5001,216,105.3272,-72.9270
150,5001,224,105.4484,-72.9276
150,5001,232,106.5950,-72.9208
150,5001,240,108.1626,-72.8517
150,5001,248,108.6137,-72.8256
150,5001,256,108.8582,-72.8130
150,5001,264,109.3294,-72.7910
150,5001,272,109.5470,-72.7817
150,5001,280,109.8278,-72.7721
150,5001,288,109.9520,-72.7688
150,5001,296,110.3072,-72.7663
150,5001,304,110.8342,-72.7691
150,5001,312,111.3734,-72.7687
150,5001,320,111.8414,-72.7644
150,5001,328,112.8810,-72.7447
150,5001,336,112.9213,-72.7435
150,5001,344,113.5466,-72.7287
150,5001,352,113.8062,-72.7217
150,5001,360,113.9930,-72.7170
150,5001,368,114.9650,-72.6934
150,5001,376,116.4003,-72.6221
150,5001,384,116.5010,-72.6159
150,5001,392,117.6259,-72.5608
150,5001,400,119.3684,-72.4471
150,5001,408,119.4665,-72.4397
150,5001,416,120.1774,-72.3977
150,5001,424,123.4695,-72.1597
150,5001,432,129.6876,-71.5339
150,5001,440,146.2561,-69.5828
150,5001,448,170.4327,-66.9312
150,5001,456,190.1960,-65.6063
150,5001,464,212.4032,-64.9304
150,5001,472,236.7416,-64.6714
150,5001,480,275.2290,-64.5761
150,5001,488,349.2881,-64.5615
150,5001,496,686.2321,-64.5611
150,5002,0,0.0000,-65.0000
150,5002,8,0.0699,-64.9855
150,5002,16,0.6811,-64.9173
150,5002,24,5.5147,-64.6276
150,5002,32,14.0905,-64.5433
150,5002,40,22.6664,-64.5540
150,5002,48,36.8228,-64.5609
150,5002,56,100.0000,-64.5618
150,5002,64,100.0390,-64.5695
150,5002,72,100.0834,-64.6001
150,5002,80,100.1942,-64.7708
150,5002,88,100.3779,-65.3094
150,5002,96,100.4727,-65.6786
150,5002,104,100.5279,-65.9143
150,5002,112,100.6694,-66.5600
150,5002,120,101.0494,-68.3571
150,5002,128,101.0790,-68.4893
150,5002,136,101.3369,-69.5540
150,5002,144,102.2325,-71.8208
150,5002,152,102.5562,-72.2091
150,5002,160,102.7172,-72.3503
150,5002,168,102.9408,-72.5058
150,5002,176,103.2375,-72.6555
150,5002,184,103.9092,-72.8383
150,5002,192,104.2951,-72.8852
150,5002,200,104.4621,-72.8985
150,5002,208,104.9456,-72.9215
150,5002,216,105.3272,-72.9270
150,5002,224,105.4484,-72.9276
150,5002,232,106.5950,-72.9208
150,5002,240,108.1626,-72.8517
150,5002,248,108.6137,-72.8256
150,5002,256,108.8582,-72.8130
150,5002,264,109.3294,-72.7910
150,5002,272,109.5470,-72.7817
150,5002,280,109.8278,-72.7721
150,5002,288,109.9520,-72.7688
150,5002,296,110.3072,-72.7663
150,5002,304,110.8342,-72.7691
150,5002,312,111.3734,-72.7687
150,5002,320,111.8414,-72.7644
150,5002,328,112.8810,-72.7447
150,5002,336,112.9213,-72.7435
150,5002,344,113.5466,-72.7287
150,5002,352,113.8062,-72.7217
150,5002,360,113.9930,-72.7170
150,5002,368,114.9650,-72.6934
150,5002,376,116.4003,-72.6221
150,5002,384,116.5010,-72.6159
150,5002,392,117.6259,-72.5608
150,5002,400,119.3684,-72.4471
150,5002,408,119.4665,-72.4397
150,5002,416,120.1774,-72.3977
150,5002,424,123.4695,-72.1597
150,5002,432,129.6876,-71.5339
150,5002,440,146.2561,-69.5828
150,5002,448,170.4327,-66.9312
150,5002,456,190.1960,-65.6063
150,5002,464,212.4032,-64.9304
150,5002,472,236.7416,-64.6714
150,5002,480,275.2290,-64.5761
150,5002,488,349.2881,-64.5615
150,5002,496,686.2321,-64.5611
150,5003,0,0.0000,-65.0000
150,5003,8,0.0699,-64.9855
150,5003,16,0.6811,-64.9173
150,5003,24,5.5147,-64.6276
150,5003,32,14.0905,-64.5433
150,5003,40,22.6664,-64.5540
150,5003,48,36.8228,-64.5609
150,5003,56,100.0000,-64.5618
150,5003,64,100.0390,-64.5695
150,5003,72,100.0834,-64.6001
150,5003,80,100.1942,-64.7708
150,5003,88,100.3779,-65.3094
150,5003,96,100.4727,-65.6786
150,5003,104,100.5279,-65.9143
150,5003,112,100.6694,-66.5600
150,5003,120,101.0494,-68.3571
150,5003,128,101.0790,-68.4893
150,5003,136,101.3369,-69.5540
150,5003,144,102.2325,-71.8208
150,5003,152,102.5562,-72.2091
150,5003,160,102.7172,-72.3503
150,5003,168,102.9408,-72.5058
150,5003,176,103.2375,-72.6555
150,5003,184,103.9092,-72.8383
150,5003,192,104.2951,-72.8852
150,5003,200,104.4621,-72.8985
150,5003,208,104.9456,-72.9215
150,5003,216,105.3272,-72.9270
150,5003,224,105.4484,-72.9276
150,5003,232,106.5950,-72.9208
150,5003,240,108.1626,-72.8517
150,5003,248,108.6137,-72.8256
150,5003,256,108.8582,-72.8130
150,5003,264,109.3294,-72.7910
150,5003,272,109.5470,-72.7817
150,5003,280,109.8278,-72.7721
150,5003,288,109.9520,-72.7688
150,5003,296,110.3072,-72.7663
150,5003,304,110.8342,-72.7691
150,5003,312,111.3734,-72.7687
150,5003,320,111.8414,-72.7644
150,5003,328,112.8810,-72.7447
150,5003,336,112.9213,-72.7435
150,5003,344,113.5466,-72.7287
150,5003,352,113.8062,-72.7217
150,5003,360,113.9930,-72.7170
150,5003,368,114.9650,-72.6934
150,5003,376,116.4003,-72.6221
150,5003,384,116.5010,-72.6159
150,5003,392,117.6259,-72.5608
150,5003,400,119.3684,-72.4471
150,5003,408,119.4665,-72.4397
150,5003,416,120.1774,-72.3977
150,5003,424,123.4695,-72.1597
150,5003,432,129.6876,-71.5339
150,5003,440,146.2561,-69.5828
150,5003,448,170.4327,-66.9312
150,5003,456,190.1960,-65.6063
150,5003,464,212.4032,-64.9304
150,5003,472,236.7416,-64.6714
150,5003,480,275.2290,-64.5761
150,5003,488,349.2881,-64.5615
150,5003,496,686.2321,-64.5611
150,5004,0,0.0000,-65.0000
150,5004,8,0.0699,-64.9855
150,5004,16,0.6811,-64.9173
150,5004,24,5.5147,-64.6276
150,5004,32,14.0905,-64.5433
150,5004,40,22.6664,-64.5540
150,5004,48,36.8228,-64.5609
150,5004,56,100.0000,-64.5618
150,5004,64,100.0390,-64.5695
150,5004,72,100.0834,-64.6001
150,5004,80,100.1942,-64.7708
150,5004,88,100.3779,-65.3094
150,5004,96,100.4727,-65.6786
150,5004,104,100.5279,-65.9143
150,5004,112,100.6694,-66.5600
150,5004,120,101.0494,-68.3571
150,5004,128,101.0790,-68.4893
150,5004,136,101.3369,-69.5540
150,5004,144,102.2325,-71.8208
150,5004,152,102.5562,-72.2091
150,5004,160,102.7172,-72.3503
150,5004,168,102.9408,-72.5058
150,5004,176,103.2375,-72.6555
150,5004,184,103.9092,-72.8383
150,5004,192,104.2951,-72.8852
150,5004,200,104.4621,-72.8985
150,5004,208,104.9456,-72.9215
150,5004,216,105.3272,-72.9270
150,5004,224,105.4484,-72.9276
150,5004,232,106.5950,-72.9208
150,5004,240,108.1626,-72.8517
150,5004,248,108.6137,-72.8256
150,5004,256,108.8582,-72.8130
150,5004,264,109.3294,-72.7910
150,5004,272,109.5470,-72.7817
150,5004,280,109.8278,-72.7721
150,5004,288,109.9520,-72.7688
150,5004,296,110.3072,-72.7663
150,5004,304,110.8342,-72.7691
150,5004,312,111.3734,-72.7687
150,5004,320,111.8414,-72.7644
150,5004,328,112.8810,-72.7447
150,5004,336,112.9213,-72.7435
150,5004,344,113.5466,-72.7287
150,5004,352,113.8062,-72.7217
150,5004,360,113.9930,-72.7170
150,5004,368,114.9650,-72.6934
150,5004,376,116.4003,-72.6221
150,5004,384,116.5010,-72.6159
150,5004,392,117.6259,-72.5608
150,5004,400,119.3684,-72.4471
150,5004,408,119.4665,-72.4397
150,5004,416,120.1774,-72.3977
150,5004,424,123.4695,-72.1597
150,5004,432,129.6876,-71.5339
150,5004,440,146.2561,-69.5828
150,5004,448,170.4327,-66.9312
150,5004,456,190.1960,-65.6063
150,5004,464,212.4032,-64.9304
150,5004,472,236.7416,-64.6714
150,5004,480,275.2290,-64.5761
150,5004,488,349.2881,-64.5615
150,5004,496,686.2321,-64.5611
150,5005,0,0.0000,-65.0000
150,5005,8,0.0699,-64.9855
150,5005,16,0.6811,-64.9173
150,5005,24,5.5147,-64.6276
150,5005,32,14.0905,-64.5433
150,5005,40,22.6664,-64.5540
150,5005,48,36.8228,-64.5609
150,5005,56,100.0000,-64.5618
150,5005,64,100.0390,-64.5695
150,5005,72,100.0834,-64.6001
150,5005,80,100.1942,-64.7708
150,5005,88,100.3779,-65.3094
150,5005,96,100.4727,-65.6786
150,5005,104,100.5279,-65.9143
150,5005,112,100.6694,-66.5600
150,5005,120,101.0494,-68.3571
150,5005,128,101.0790,-68.4893
150,5005,136,101.3369,-69.5540
150,5005,144,102.2325,-71.8208
150,5005,152,102.5562,-72.2091
150,5005,160,102.7172,-72.3503
150,5005,168,102.9408,-72.5058
150,5005,176,103.2375,-72.6555
150,5005,184,103.9092,-72.8383
150,5005,192,104.2951,-72.8852
150,5005,200,104.4621,-72.8985
150,5005,208,104.9456,-72.9215
150,5005,216,105.3272,-72.9270
150,5005,224,105.4484,-72.9276
150,5005,232,106.5950,-72.9208
150,5005,240,108.1626,-72.8517
150,5005,248,108.6137,-72.8256
150,5005,256,108.8582,-72.8130
150,5005,264,109.3294,-72.7910
150,5005,272,109.5470,-72.7817
150,5005,280,109.8278,-72.7721
150,5005,288,109.9520,-72.7688
150,5005,296,110.3072,-72.7663
150,5005,304,110.8342,-72.7691
150,5005,312,111.3734,-72.7687
150,5005,320,111.8414,-72.7644
150,5005,328,112.8810,-72.7447
150,5005,336,112.9213,-72.7435
150,5005,344,113.5466,-72.7287
150,5005,352,113.8062,-72.7217
150,5005,360,113.9930,-72.7170
150,5005,368,114.9650,-72.6934
150,5005,376,116.4003,-72.6221
150,5005,384,116.5010,-72.6159
150,5005,392,117.6259,-72.5608
150,5005,400,119.3684,-72.4471
150,5005,408,119.4665,-72.4397
150,5005,416,120.1774,-72.3977
150,5005,424,123.4695,-72.1597
150,5005,432,129.6876,-71.5339
150,5005,440,146.2561,-69.5828
150,5005,448,170.4327,-66.9312
150,5005,456,190.1960,-65.6063
150,5005,464,212.4032,-64.9304
150,5005,472,236.7416,-64.6714
150,5005,480,275.2290,-64.5761
150,5005,488,349.2881,-64.5615
150,5005,496,686.2321,-64.5611
150,5006,0,0.0000,-65.0000
150,5006,8,0.0699,-64.9855
150,5006,16,0.6811,-64.9173
150,5006,24,5.5147,-64.6276
150,5006,32,14.0905,-64.5433
150,5006,40,22.6664,-64.5540
150,5006,48,36.8228,-64.5609
150,5006,56,100.0000,-64.5618
150,5006,64,100.0390,-64.5695
150,5006,72,100.0834,-64.6001
150,5006,80,100.1942,-64.7708
150,5006,88,100.3779,-65.3094
150,5006,96,100.4727,-65.6786
150,5006,104,100.5279,-65.9143
150,5006,112,100.6694,-66.5600
150,5006,120,101.0494,-68.3571
150,5006,128,101.0790,-68.4893
150,5006,136,101.3369,-69.5540
150,5006,144,102.2325,-71.8208
150,5006,152,102.5562,-72.2091
150,5006,160,102.7172,-72.3503
150,5006,168,102.9408,-72.5058
150,5006,176,103.2375,-72.6555
150,5006,184,103.9092,-72.8383
150,5006,192,104.2951,-72.8852
150,5006,200,104.4621,-72.8985
150,5006,208,104.9456,-72.9215
150,5006,216,105.3272,-72.9270
150,5006,224,105.4484,-72.9276
150,5006,232,106.5950,-72.9208
150,5006,240,108.1626,-72.8517
150,5006,248,108.6137,-72.8256
150,5006,256,108.8582,-72.8130
150,5006,264,109.3294,-72.7910
150,5006,272,109.5470,-72.7817
150,5006,280,109.8278,-72.7721
150,5006,288,109.9520,-72.7688
150,5006,296,110.3072,-72.7663
150,5006,304,110.8342,-72.7691
150,5006,312,111.3734,-72.7687
150,5006,320,111.8414,-72.7644
150,5006,328,112.8810,-72.7447
150,5006,336,112.9213,-72.7435
150,5006,344,113.5466,-72.7287
150,5006,352,113.8062,-72.7217
150,5006,360,113.9930,-72.7170
150,5006,368,114.9650,-72.6934
150,5006,376,116.4003,-72.6221
150,5006,384,116.5010,-72.6159
150,5006,392,117.6259,-72.5608
150,5006,400,119.3684,-72.4471
150,5006,408,119.4665,-72.4397
150,5006,416,120.1774,-72.3977
150,5006,424,123.4695,-72.1597
150,5006,432,129.6876,-71.5339
150,5006,440,146.2561,-69.5828
150,5006,448,170.4327,-66.9312
150,5006,456,190.1960,-65.6063
150,5006,464,212.4032,-64.9304
150,5006,472,236.7416,-64.6714
150,5006,480,275.2290,-64.5761
150,5006,488,349.2881,-64.5615
150,5006,496,686.2321,-64.5611
150,5007,0,0.0000,-65.0000
150,5007,8,0.0699,-64.9855
150,5007,16,0.6811,-64.9173
150,5007,24,5.5147,-64.6276
150,5007,32,14.0905,-64.5433
150,5007,40,22.6664,-64.5540
150,5007,48,36.8228,-64.5609
150,5007,56,100.0000,-64.5618
150,5007,64,100.0390,-64.5695
150,5007,72,100.0834,-64.6001
150,5007,80,100.1942,-64.7708
150,5007,88,100.3779,-65.3094
150,5007,96,100.4727,-65.6786
150,5007,104,100.5279,-65.9143
150,5007,112,100.6694,-66.5600
150,5007,120,101.0494,-68.3571
150,5007,128,101.0790,-68.4893
150,5007,136,101.3369,-69.5540
150,5007,144,102.2325,-71.8208
150,5007,152,102.5562,-72.2091
150,5007,160,102.7172,-72.3503
150,5007,168,102.9408,-72.5058
150,5007,176,103.2375,-72.6555
150,5007,184,103.9092,-72.8383
150,5007,192,104.2951,-72.8852
150,5007,200,104.4621,-72.8985
150,5007,208,104.9456,-72.9215
150,5007,216,105.3272,-72.9270
150,5007,224,105.4484,-72.9276
150,5007,232,106.5950,-72.9208
150,5007,240,108.1626,-72.8517
150,5007,248,108.6137,-72.8256
150,5007,256,108.8582,-72.8130
150,5007,264,109.3294,-72.7910
150,5007,272,109.5470,-72.7817
150,5007,280,109.8278,-72.7721
150,5007,288,109.9520,-72.7688
150,5007,296,110.3072,-72.7663
150,5007,304,110.8342,-72.7691
150,5007,312,111.3734,-72.7687
150,5007,320,111.8414,-72.7644
150,5007,328,112.8810,-72.7447
150,5007,336,112.9213,-72.7435
150,5007,344,113.5466,-72.7287
150,5007,352,113.8062,-72.7217
150,5007,360,113.9930,-72.7170
150,5007,368,114.9650,-72.6934
150,5007,376,116.4003,-72.6221
150,5007,384,116.5010,-72.6159
150,5007,392,117.6259,-72.5608
150,5007,400,119.3684,-72.4471
150,5007,408,119.4665,-72.4397
150,5007,416,120.1774,-72.3977
150,5007,424,123.4695,-72.1597
150,5007,432,129.6876,-71.5339
150,5007,440,146.2561,-69.5828
150,5007,448,170.4327,-66.9312
150,5007,456,190.1960,-65.6063
150,5007,464,212.4032,-64.9304
150,5007,472,236.7416,-64.6714
150,5007,480,275.2290,-64.5761
150,5007,488,349.2881,-64.5615
150,5007,496,686.2321,-64.5611
150,5008,0,0.0000,-65.0000
150,5008,8,0.0699,-64.9855
150,5008,16,0.6811,-64.9173
150,5008,24,5.5147,-64.6276
150,5008,32,14.0905,-64.5433
150,5008,40,22.6664,-64.5540
150,5008,48,36.8228,-64.5609
150,5008,56,100.0000,-64.5618
150,5008,64,100.0390,-64.5695
150,5008,72,100.0834,-64.6001
150,5008,80,100.1942,-64.7708
150,5008,88,100.3779,-65.3094
150,5008,96,100.4727,-65.6786
150,5008,104,100.5279,-65.9143
150,5008,112,100.6694,-66.5600
150,5008,120,101.0494,-68.3571
150,5008,128,101.0790,-68.4893
150,5008,136,101.3369,-69.5540
150,5008,144,102.2325,-71.8208
150,5008,152,102.5562,-72.2091
150,5008,160,102.7172,-72.3503
150,5008,168,102.9408,-72.5058
150,5008,176,103.2375,-72.6555
150,5008,184,103.9092,-72.8383
150,5008,192,104.2951,-72.8852
150,5008,200,104.4621,-72.8985
150,5008,208,104.9456,-72.9215
150,5008,216,105.3272,-72.9270
150,5008,224,105.4484,-72.9276
150,5008,232,106.5950,-72.9208
150,5008,240,108.1626,-72.8517
150,5008,248,108.6137,-72.8256
150,5008,256,108.8582,-72.8130
150,5008,264,109.3294,-72.7910
150,5008,272,109.5470,-72.7817
150,5008,280,109.8278,-72.7721
150,5008,288,109.9520,-72.7688
150,5008,296,110.3072,-72.7663
150,5008,304,110.8342,-72.7691
150,5008,312,111.3734,-72.7687
150,5008,320,111.8414,-72.7644
150,5008,328,112.8810,-72.7447
150,5008,336,112.9213,-72.7435
150,5008,344,113.5466,-72.7287
150,5008,352,113.8062,-72.7217
150,5008,360,113.9930,-72.7170
150,5008,368,114.9650,-72.6934
150,5008,376,116.4003,-72.6221
150,5008,384,116.5010,-72.6159
150,5008,392,117.6259,-72.5608
150,5008,400,119.3684,-72.4471
150,5008,408,119.4665,-72.4397
150,5008,416,120.1774,-72.3977
150,5008,424,123.4695,-72.1597
150,5008,432,129.6876,-71.5339
150,5008,440,146.2561,-69.5828
150,5008,448,170.4327,-66.9312
150,5008,456,190.1960,-65.6063
150,5008,464,212.4032,-64.9304
150,5008,472,236.7416,-64.6714
150,5008,480,275.2290,-64.5761
150,5008,488,349.2881,-64.5615
150,5008,496,686.2321,-64.5611
150,5009,0,0.0000,-65.0000
150,5009,8,0.0699,-64.9855
150,5009,16,0.6811,-64.9173
150,5009,24,5.5147,-64.6276
150,5009,32,14.0905,-64.5433
150,5009,40,22.6664,-64.5540
150,5009,48,36.8228,-64.5609
150,5009,56,100.0000,-64.5618
150,5009,64,100.0390,-64.5695
150,5009,72,100.0834,-64.6001
150,5009,80,100.1942,-64.7708
150,5009,88,100.3779,-65.3094
150,5009,96,100.4727,-65.6786
150,5009,104,100.5279,-65.9143
150,5009,112,100.6694,-66.5600
150,5009,120,101.0494,-68.3571
150,5009,128,101.0790,-68.4893
150,5009,136,101.3369,-69.5540
150,5009,144,102.2325,-71.8208
150,5009,152,102.5562,-72.2091
150,5009,160,102.7172,-72.3503
150,5009,168,102.9408,-72.5058
150,5009,176,103.2375,-72.6555
150,5009,184,103.9092,-72.8383
150,5009,192,104.2951,-72.8852
150,5009,200,104.4621,-72.8985
150,5009,208,104.9456,-72.9215
150,5009,216,105.3272,-72.9270
150,5009,224,105.4484,-72.9276
150,5009,232,106.5950,-72.9208
150,5009,240,108.1626,-72.8517
150,5009,248,108.6137,-72.8256
150,5009,256,108.8582,-72.8130
150,5009,264,109.3294,-72.7910
150,5009,272,109.5470,-72.7817
150,5009,280,109.8278,-72.7721
150,5009,288,109.9520,-72.7688
150,5009,296,110.3072,-72.7663
150,5009,304,110.8342,-72.7691
150,5009,312,111.3734,-72.7687
150,5009,320,111.8414,-72.7644
150,5009,328,112.8810,-72.7447
150,5009,336,112.9213,-72.7435
150,5009,344,113.5466,-72.7287
150,5009,352,113.8062,-72.7217
150,5009,360,113.9930,-72.7170
150,5009,368,114.9650,-72.6934
150,5009,376,116.4003,-72.6221
150,5009,384,116.5010,-72.6159
150,5009,392,117.6259,-72.5608
150,5009,400,119.3684,-72.4471
150,5009,408,119.4665,-72.4397
150,5009,416,120.1774,-72.3977
150,5009,424,123.4695,-72.1597
150,5009,432,129.6876,-71.5339
150,5009,440,146.2561,-69.5828
150,5009,448,170.4327,-66.9312
150,5009,456,190.1960,-65.6063
150,5009,464,212.4032,-64.9304
150,5009,472,236.7416,-64.6714
150,5009,480,275.2290,-64.5761
150,5009,488,349.2881,-64.5615
150,5009,496,686.2321,-64.5611
150,5010,0,0.0000,-65.0000
150,5010,8,0.0699,-64.9855
150,5010,16,0.6811,-64.9173
150,5010,24,5.5147,-64.6276
150,5010,32,14.0905,-64.5433
150,5010,40,22.6664,-64.5540
150,5010,48,36.8228,-64.5609
150,5010,56,100.0000,-64.5618
150,5010,64,100.0390,-64.5695
150,5010,72,100.0834,-64.6001
150,5010,80,100.1942,-64.7708
150,5010,88,100.3779,-65.3094
150,5010,96,100.4727,-65.6786
150,5010,104,100.5279,-65.9143
150,5010,112,100.6694,-66.5600
150,5010,120,101.0494,-68.3571
150,5010,128,101.0790,-68.4893
150,5010,136,101.3369,-69.5540
150,5010,144,102.2325,-71.8208
150,5010,152,102.5562,-72.2091
150,5010,160,102.7172,-72.3503
150,5010,168,102.9408,-72.5058
150,5010,176,103.2375,-72.6555
150,5010,184,103.9092,-72.8383
150,5010,192,104.2951,-72.8852
150,5010,200,104.4621,-72.8985
150,5010,208,104.9456,-72.9215
150,5010,216,105.3272,-72.9270
150,5010,224,105.4484,-72.9276
150,5010,232,106.5950,-72.9208
150,5010,240,108.1626,-72.8517
150,5010,248,108.6137,-72.8256
150,5010,256,108.8582,-72.8130
150,5010,264,109.3294,-72.7910
150,5010,272,109.5470,-72.7817
150,5010,280,109.8278,-72.7721
150,5010,288,109.9520,-72.7688
150,5010,296,110.3072,-72.7663
150,5010,304,110.8342,-72.7691
150,5010,312,111.3734,-72.7687
150,5010,320,111.8414,-72.7644
150,5010,328,112.8810,-72.7447
150,5010,336,112.9213,-72.7435
150,5010,344,113.5466,-72.7287
150,5010,352,113.8062,-72.7217
150,5010,360,113.9930,-72.7170
150,5010,368,114.9650,-72.6934
150,5010,376,116.4003,-72.6221
150,5010,384,116.5010,-72.6159
150,5010,392,117.6259,-72.5608
150,5010,400,119.3684,-72.4471
150,5010,408,119.4665,-72.4397
150,5010,416,120.1774,-72.3977
150,5010,424,123.4695,-72.1597
150,5010,432,129.6876,-71.5339
150,5010,440,146.2561,-69.5828
150,5010,448,170.4327,-66.9312
150,5010,456,190.1960,-65.6063
150,5010,464,212.4032,-64.9304
150,5010,472,236.7416,-64.6714
150,5010,480,275.2290,-64.5761
150,5010,488,349.2881,-64.5615
150,5010,496,686.2321,-64.5611
180,6001,0,0.0000,-65.0000
180,6001,8,0.0699,-64.9855
180,6001,16,0.6811,-64.9173
180,6001,24,5.5147,-64.6276
180,6001,32,14.0905,-64.5433
180,6001,40,22.6664,-64.5540
180,6001,48,36.8228,-64.5609
180,6001,56,100.0000,-64.5618
180,6001,64,100.0731,-64.5916
180,6001,72,100.2152,-64.8246
180,6001,80,100.2385,-64.8833
180,6001,88,100.4175,-65.4793
180,6001,96,101.1241,-68.7327
180,6001,104,101.3614,-69.6756
180,6001,112,101.4850,-70.1026
180,6001,120,101.6068,-70.4808
180,6001,128,101.7812,-70.9521
180,6001,136,101.8824,-71.1885
180,6001,144,102.1924,-71.7776
180,6001,152,102.4850,-72.1689
180,6001,160,102.5546,-72.2427
180,6001,168,102.6044,-72.2919
180,6001,176,102.7730,-72.4404
180,6001,184,102.9118,-72.5442
180,6001,192,103.2861,-72.7564
180,6001,200,103.4050,-72.8056
180,6001,208,103.7632,-72.9226
180,6001,216,104.1350,-73.0016
180,6001,224,104.5938,-73.0608
180,6001,232,105.5299,-73.1021
180,6001,240,105.6650,-73.1026
180,6001,248,105.7922,-73.1036
180,6001,256,105.9200,-73.1055
180,6001,264,106.0601,-73.1086
180,6001,272,106.1709,-73.1117
180,6001,280,106.4750,-73.1226
180,6001,288,106.8012,-73.1370
180,6001,296,107.1688,-73.1494
180,6001,304,107.9501,-73.1600
180,6001,312,108.0614,-73.1598
180,6001,320,108.2772,-73.1594
180,6001,328,108.8351,-73.1566
180,6001,336,109.3650,-73.1499
180,6001,344,109.5281,-73.1473
180,6001,352,109.9091,-73.1398
180,6001,360,111.4513,-73.0869
180,6001,368,115.4672,-72.8137
180,6001,376,129.4944,-71.4884
180,6001,384,145.8096,-69.5556
180,6001,392,168.3742,-67.0460
180,6001,400,191.9233,-65.4945
180,6001,408,215.4723,-64.8698
180,6001,416,239.0213,-64.6584
180,6001,424,262.5704,-64.5887
180,6001,432,291.7400,-64.5681
180,6001,440,416.1017,-64.5610
180,6001,448,1097.4763,-64.5612
180,6002,0,0.0000,-65.0000
180,6002,8,0.0699,-64.9855
180,6002,16,0.6811,-64.9173
180,6002,24,5.5147,-64.6276
180,6002,32,14.0905,-64.5433
180,6002,40,22.6664,-64.5540
180,6002,48,36.8228,-64.5609
180,6002,56,100.0000,-64.5618
180,6002,64,100.0731,-64.5916
180,6002,72,100.2152,-64.8246
180,6002,80,100.2385,-64.8833
180,6002,88,100.4175,-65.4793
180,6002,96,101.1241,-68.7327
180,6002,104,101.3614,-69.6756
180,6002,112,101.4850,-70.1026
180,6002,120,101.6068,-70.4808
180,6002,128,101.7812,-70.9521
180,6002,136,101.8824,-71.1885
180,6002,144,102.1924,-71.7776
180,6002,152,102.4850,-72.1689
180,6002,160,102.5546,-72.2427
180,6002,168,102.6044,-72.2919
180,6002,176,102.7730,-72.4404
180,6002,184,102.9118,-72.5442
180,6002,192,103.2861,-72.7564
180,6002,200,103.4050,-72.8056
180,6002,208,103.7632,-72.9226
180,6002,216,104.1350,-73.0016
180,6002,224,104.5938,-73.0608
180,6002,232,105.5299,-73.1021
180,6002,240,105.6650,-73.1026
180,6002,248,105.7922,-73.1036
180,6002,256,105.9200,-73.1055
180,6002,264,106.0601,-73.1086
180,6002,272,106.1709,-73.1117
180,6002,280,106.4750,-73.1226
180,6002,288,106.8012,-73.1370
180,6002,296,107.1688,-73.1494
180,6002,304,107.9501,-73.1600
180,6002,312,108.0614,-73.1598
180,6002,320,108.2772,-73.1594
180,6002,328,108.8351,-73.1566
180,6002,336,109.3650,-73.1499
180,6002,344,109.5281,-73.1473
180,6002,352,109.9091,-73.1398
180,6002,360,111.4513,-73.0869
180,6002,368,115.4672,-72.8137
180,6002,376,129.4944,-71.4884
180,6002,384,145.8096,-69.5556
180,6002,392,168.3742,-67.0460
180,6002,400,191.9233,-65.4945
180,6002,408,215.4723,-64.8698
180,6002,416,239.0213,-64.6584
180,6002,424,262.5704,-64.5887
180,6002,432,291.7400,-64.5681
180,6002,440,416.1017,-64.5610
180,6002,448,1097.4763,-64.5612
180,6003,0,0.0000,-65.0000
180,6003,8,0.0699,-64.9855
180,6003,16,0.6811,-64.9173
180,6003,24,5.5147,-64.6276
180,6003,32,14.0905,-64.5433
180,6003,40,22.6664,-64.5540
180,6003,48,36.8228,-64.5609
180,6003,56,100.0000,-64.5618
180,6003,64,100.0731,-64.5916
180,6003,72,100.2152,-64.8246
180,6003,80,100.2385,-64.8833
180,6003,88,100.4175,-65.4793
180,6003,96,101.1241,-68.7327
180,6003,104,101.3614,-69.6756
180,6003,112,101.4850,-70.1026
180,6003,120,101.6068,-70.4808
180,6003,128,101.7812,-70.9521
180,6003,136,101.8824,-71.1885
180,6003,144,102.1924,-71.7776
180,6003,152,102.4850,-72.1689
180,6003,160,102.5546,-72.2427
180,6003,168,102.6044,-72.2919
180,6003,176,102.7730,-72.4404
180,6003,184,102.9118,-72.5442
180,6003,192,103.2861,-72.7564
180,6003,200,103.4050,-72.8056
180,6003,208,103.7632,-72.9226
180,6003,216,104.1350,-73.0016
180,6003,224,104.5938,-73.0608
180,6003,232,105.5299,-73.1021
180,6003,240,105.6650,-73.1026
180,6003,248,105.7922,-73.1036
180,6003,256,105.9200,-73.1055
180,6003,264,106.0601,-73.1086
180,6003,272,106.1709,-73.1117
180,6003,280,106.4750,-73.1226
180,6003,288,106.8012,-73.1370
180,6003,296,107.1688,-73.1494
180,6003,304,107.9501,-73.1600
180,6003,312,108.0614,-73.1598
180,6003,320,108.2772,-73.1594
180,6003,328,108.8351,-73.1566
180,6003,336,109.3650,-73.1499
180,6003,344,109.5281,-73.1473
180,6003,352,109.9091,-73.1398
180,6003,360,111.4513,-73.0869
180,6003,368,115.4672,-72.8137
180,6003,376,129.4944,-71.4884
180,6003,384,145.8096,-69.5556
180,6003,392,168.3742,-67.0460
180,6003,400,191.9233,-65.4945
180,6003,408,215.4723,-64.8698
180,6003,416,239.0213,-64.6584
180,6003,424,262.5704,-64.5887
180,6003,432,291.7400,-64.5681
180,6003,440,416.1017,-64.5610
180,6003,448,1097.4763,-64.5612
180,6004,0,0.0000,-65.0000
180,6004,8,0.0699,-64.9855
180,6004,16,0.6811,-64.9173
180,6004,24,5.5147,-64.6276
180,6004,32,14.0905,-64.5433
180,6004,40,22.6664,-64.5540
180,6004,48,36.8228,-64.5609
180,6004,56,100.0000,-64.5618
180,6004,64,100.0731,-64.5916
180,6004,72,100.2152,-64.8246
180,6004,80,100.2385,-64.8833
180,6004,88,100.4175,-65.4793
180,6004,96,101.1241,-68.7327
180,6004,104,101.3614,-69.6756
180,6004,112,101.4850,-70.1026
180,6004,120,101.6068,-70.4808
180,6004,128,101.7812,-70.9521
180,6004,136,101.8824,-71.1885
180,6004,144,102.1924,-71.7776
180,6004,152,102.4850,-72.1689
180,6004,160,102.5546,-72.2427
180,6004,168,102.6044,-72.2919
180,6004,176,102.7730,-72.4404
180,6004,184,102.9118,-72.5442
180,6004,192,103.2861,-72.7564
180,6004,200,103.4050,-72.8056
180,6004,208,103.7632,-72.9226
180,6004,216,104.1350,-73.0016
180,6004,224,104.5938,-73.0608
180,6004,232,105.5299,-73.1021
180,6004,240,105.6650,-73.1026
180,6004,248,105.7922,-73.1036
180,6004,256,105.9200,-73.1055
180,6004,264,106.0601,-73.1086
180,6004,272,106.1709,-73.1117
180,6004,280,106.4750,-73.1226
180,6004,288,106.8012,-73.1370
180,6004,296,107.1688,-73.1494
180,6004,304,107.9501,-73.1600
180,6004,312,108.0614,-73.1598
180,6004,320,108.2772,-73.1594
180,6004,328,108.8351,-73.1566
180,6004,336,109.3650,-73.1499
180,6004,344,109.5281,-73.1473
180,6004,352,109.9091,-73.1398
180,6004,360,111.4513,-73.0869
180,6004,368,115.4672,-72.8137
180,6004,376,129.4944,-71.4884
180,6004,384,145.8096,-69.5556
180,6004,392,168.3742,-67.0460
180,6004,400,191.9233,-65.4945
180,6004,408,215.4723,-64.8698
180,6004,416,239.0213,-64.6584
180,6004,424,262.5704,-64.5887
180,6004,432,291.7400,-64.5681
180,6004,440,416.1017,-64.5610
180,6004,448,1097.4763,-64.5612
180,6005,0,0.0000,-65.0000
180,6005,8,0.0699,-64.9855
180,6005,16,0.6811,-64.9173
180,6005,24,5.5147,-64.6276
180,6005,32,14.0905,-64.5433
180,6005,40,22.6664,-64.5540
180,6005,48,36.8228,-64.5609
180,6005,56,100.0000,-64.5618
180,6005,64,100.0731,-64.5916
180,6005,72,100.2152,-64.8246
180,6005,80,100.2385,-64.8833
180,6005,88,100.4175,-65.4793
180,6005,96,101.1241,-68.7327
180,6005,104,101.3614,-69.6756
180,6005,112,101.4850,-70.1026
180,6005,120,101.6068,-70.4808
180,6005,128,101.7812,-70.9521
180,6005,136,101.8824,-71.1885
180,6005,144,102.1924,-71.7776
180,6005,152,102.4850,-72.1689
180,6005,160,102.5546,-72.2427
180,6005,168,102.6044,-72.2919
180,6005,176,102.7730,-72.4404
180,6005,184,102.9118,-72.5442
180,6005,192,103.2861,-72.7564
180,6005,200,103.4050,-72.8056
180,6005,208,103.7632,-72.9226
180,6005,216,104.1350,-73.0016
180,6005,224,104.5938,-73.0608
180,6005,232,105.5299,-73.1021
180,6005,240,105.6650,-73.1026
180,6005,248,105.7922,-73.1036
180,6005,256,105.9200,-73.1055
180,6005,264,106.0601,-73.1086
180,6005,272,106.1709,-73.1117
180,6005,280,106.4750,-73.1226
180,6005,288,106.8012,-73.1370
180,6005,296,107.1688,-73.1494
180,6005,304,107.9501,-73.1600
180,6005,312,108.0614,-73.1598
180,6005,320,108.2772,-73.1594
180,6005,328,108.8351,-73.1566
180,6005,336,109.3650,-73.1499
180,6005,344,109.5281,-73.1473
180,6005,352,109.9091,-73.1398
180,6005,360,111.4513,-73.0869
180,6005,368,115.4672,-72.8137
180,6005,376,129.4944,-71.4884
180,6005,384,145.8096,-69.5556
180,6005,392,168.3742,-67.0460
180,6005,400,191.9233,-65.4945
180,6005,408,215.4723,-64.8698
180,6005,416,239.0213,-64.6584
180,6005,424,262.5704,-64.5887
180,6005,432,291.7400,-64.5681
180,6005,440,416.1017,-64.5610
180,6005,448,1097.4763,-64.5612
180,6006,0,0.0000,-65.0000
180,6006,8,0.0699,-64.9855
180,6006,16,0.6811,-64.9173
180,6006,24,5.5147,-64.6276
180,6006,32,14.0905,-64.5433
180,6006,40,22.6664,-64.5540
180,6006,48,36.8228,-64.5609
180,6006,56,100.0000,-64.5618
180,6006,64,100.0731,-64.5916
180,6006,72,100.2152,-64.8246
180,6006,80,100.2385,-64.8833
180,6006,88,100.4175,-65.4793
180,6006,96,101.1241,-68.7327
180,6006,104,101.3614,-69.6756
180,6006,112,101.4850,-70.1026
180,6006,120,101.6068,-70.4808
180,6006,128,101.7812,-70.9521
180,6006,136,101.8824,-71.1885
180,6006,144,102.1924,-71.7776
180,6006,152,102.4850,-72.1689
180,6006,160,102.5546,-72.2427
180,6006,168,102.6044,-72.2919
180,6006,176,102.7730,-72.4404
180,6006,184,102.9118,-72.5442
180,6006,192,103.2861,-72.7564
180,6006,200,103.4050,-72.8056
180,6006,208,103.7632,-72.9226
180,6006,216,104.1350,-73.0016
180,6006,224,104.5938,-73.0608
180,6006,232,105.5299,-73.1021
180,6006,240,105.6650,-73.1026
180,6006,248,105.7922,-73.1036
180,6006,256,105.9200,-73.1055
180,6006,264,106.0601,-73.1086
180,6006,272,106.1709,-73.1117
180,6006,280,106.4750,-73.1226
180,6006,288,106.8012,-73.1370
180,6006,296,107.1688,-73.1494
180,6006,304,107.9501,-73.1600
180,6006,312,108.0614,-73.1598
180,6006,320,108.2772,-73.1594
180,6006,328,108.8351,-73.1566
180,6006,336,109.3650,-73.1499
180,6006,344,109.5281,-73.1473
180,6006,352,109.9091,-73.1398
180,6006,360,111.4513,-73.0869
180,6006,368,115.4672,-72.8137
180,6006,376,129.4944,-71.4884
180,6006,384,145.8096,-69.5556
180,6006,392,168.3742,-67.0460
180,6006,400,191.9233,-65.4945
180,6006,408,215.4723,-64.8698
180,6006,416,239.0213,-64.6584
180,6006,424,262.5704,-64.5887
180,6006,432,291.7400,-64.5681
180,6006,440,416.1017,-64.5610
180,6006,448,1097.4763,-64.5612
180,6007,0,0.0000,-65.0000
180,6007,8,0.0699,-64.9855
180,6007,16,0.6811,-64.9173
180,6007,24,5.5147,-64.6276
180,6007,32,14.0905,-64.5433
180,6007,40,22.6664,-64.5540
180,6007,48,36.8228,-64.5609
180,6007,56,100.0000,-64.5618
180,6007,64,100.0731,-64.5916
180,6007,72,100.2152,-64.8246
180,6007,80,100.2385,-64.8833
180,6007,88,100.4175,-65.4793
180,6007,96,101.1241,-68.7327
180,6007,104,101.3614,-69.6756
180,6007,112,101.4850,-70.1026
180,6007,120,101.6068,-70.4808
180,6007,128,101.7812,-70.9521
180,6007,136,101.8824,-71.1885
180,6007,144,102.1924,-71.7776
180,6007,152,102.4850,-72.1689
180,6007,160,102.5546,-72.2427
180,6007,168,102.6044,-72.2919
180,6007,176,102.7730,-72.4404
180,6007,184,102.9118,-72.5442
180,6007,192,103.2861,-72.7564
180,6007,200,103.4050,-72.8056
180,6007,208,103.7632,-72.9226
180,6007,216,104.1350,-73.0016
180,6007,224,104.5938,-73.0608
180,6007,232,105.5299,-73.1021
180,6007,240,105.6650,-73.1026
180,6007,248,105.7922,-73.1036
180,6007,256,105.9200,-73.1055
180,6007,264,106.0601,-73.1086
180,6007,272,106.1709,-73.1117
180,6007,280,106.4750,-73.1226
180,6007,288,106.8012,-73.1370
180,6007,296,107.1688,-73.1494
180,6007,304,107.9501,-73.1600
180,6007,312,108.0614,-73.1598
180,6007,320,108.2772,-73.1594
180,6007,328,108.8351,-73.1566
180,6007,336,109.3650,-73.1499
180,6007,344,109.5281,-73.1473
180,6007,352,109.9091,-73.1398
180,6007,360,111.4513,-73.0869
180,6007,368,115.4672,-72.8137
180,6007,376,129.4944,-71.4884
180,6007,384,145.8096,-69.5556
180,6007,392,168.3742,-67.0460
180,6007,400,191.9233,-65.4945
180,6007,408,215.4723,-64.8698
180,6007,416,239.0213,-64.6584
180,6007,424,262.5704,-64.5887
180,6007,432,291.7400,-64.5681
180,6007,440,416.1017,-64.5610
180,6007,448,1097.4763,-64.5612
180,6008,0,0.0000,-65.0000
180,6008,8,0.0699,-64.9855
180,6008,16,0.6811,-64.9173
180,6008,24,5.5147,-64.6276
180,6008,32,14.0905,-64.5433
180,6008,40,22.6664,-64.5540
180,6008,48,36.8228,-64.5609
180,6008,56,100.0000,-64.5618
180,6008,64,100.0731,-64.5916
180,6008,72,100.2152,-64.8246
180,6008,80,100.2385,-64.8833
180,6008,88,100.4175,-65.4793
180,6008,96,101.1241,-68.7327
180,6008,104,101.3614,-69.6756
180,6008,112,101.4850,-70.1026
180,6008,120,101.6068,-70.4808
180,6008,128,101.7812,-70.9521
180,6008,136,101.8824,-71.1885
180,6008,144,102.1924,-71.7776
180,6008,152,102.4850,-72.1689
180,6008,160,102.5546,-72.2427
180,6008,168,102.6044,-72.2919
180,6008,176,102.7730,-72.4404
180,6008,184,102.9118,-72.5442
180,6008,192,103.2861,-72.7564
180,6008,200,103.4050,-72.8056
180,6008,208,103.7632,-72.9226
180,6008,216,104.1350,-73.0016
180,6008,224,104.5938,-73.0608
180,6008,232,105.5299,-73.1021
180,6008,240,105.6650,-73.1026
180,6008,248,105.7922,-73.1036
180,6008,256,105.9200,-73.1055
180,6008,264,106.0601,-73.1086
180,6008,272,106.1709,-73.1117
180,6008,280,106.4750,-73.1226
180,6008,288,106.8012,-73.1370
180,6008,296,107.1688,-73.1494
180,6008,304,107.9501,-73.1600
180,6008,312,108.0614,-73.1598
180,6008,320,108.2772,-73.1594
180,6008,328,108.8351,-73.1566
180,6008,336,109.3650,-73.1499
180,6008,344,109.5281,-73.1473
180,6008,352,109.9091,-73.1398
180,6008,360,111.4513,-73.0869
180,6008,368,115.4672,-72.8137
180,6008,376,129.4944,-71.4884
180,6008,384,145.8096,-69.5556
180,6008,392,168.3742,-67.0460
180,6008,400,191.9233,-65.4945
180,6008,408,215.4723,-64.8698
180,6008,416,239.0213,-64.6584
180,6008,424,262.5704,-64.5887
180,6008,432,291.7400,-64.5681
180,6008,440,416.1017,-64.5610
180,6008,448,1097.4763,-64.5612
180,6009,0,0.0000,-65.0000
180,6009,8,0.0699,-64.9855
180,6009,16,0.6811,-64.9173
180,6009,24,5.5147,-64.6276
180,6009,32,14.0905,-64.5433
180,6009,40,22.6664,-64.5540
180,6009,48,36.8228,-64.5609
180,6009,56,100.0000,-64.5618
180,6009,64,100.0731,-64.5916
180,6009,72,100.2152,-64.8246
180,6009,80,100.2385,-64.8833
180,6009,88,100.4175,-65.4793
180,6009,96,101.1241,-68.7327
180,6009,104,101.3614,-69.6756
180,6009,112,101.4850,-70.1026
180,6009,120,101.6068,-70.4808
180,6009,128,101.7812,-70.9521
180,6009,136,101.8824,-71.1885
180,6009,144,102.1924,-71.7776
180,6009,152,102.4850,-72.1689
180,6009,160,102.5546,-72.2427
180,6009,168,102.6044,-72.2919
180,6009,176,102.7730,-72.4404
180,6009,184,102.9118,-72.5442
180,6009,192,103.2861,-72.7564
180,6009,200,103.4050,-72.8056
180,6009,208,103.7632,-72.9226
180,6009,216,104.1350,-73.0016
180,6009,224,104.5938,-73.0608
180,6009,232,105.5299,-73.1021
180,6009,240,105.6650,-73.1026
180,6009,248,105.7922,-73.1036
180,6009,256,105.9200,-73.1055
180,6009,264,106.0601,-73.1086
180,6009,272,106.1709,-73.1117
180,6009,280,106.4750,-73.1226
180,6009,288,106.8012,-73.1370
180,6009,296,107.1688,-73.1494
180,6009,304,107.9501,-73.1600
180,6009,312,108.0614,-73.1598
180,6009,320,108.2772,-73.1594
180,6009,328,108.8351,-73.1566
180,6009,336,109.3650,-73.1499
180,6009,344,109.5281,-73.1473
180,6009,352,109.9091,-73.1398
180,6009,360,111.4513,-73.0869
180,6009,368,115.4672,-72.8137
180,6009,376,129.4944,-71.4884
180,6009,384,145.8096,-69.5556
180,6009,392,168.3742,-67.0460
180,6009,400,191.9233,-65.4945
180,6009,408,215.4723,-64.8698
180,6009,416,239.0213,-64.6584
180,6009,424,262.5704,-64.5887
180,6009,432,291.7400,-64.5681
180,6009,440,416.1017,-64.5610
180,6009,448,1097.4763,-64.5612
180,6010,0,0.0000,-65.0000
180,6010,8,0.0699,-64.9855
180,6010,16,0.6811,-64.9173
180,6010,24,5.5147,-64.6276
180,6010,32,14.0905,-64.5433
180,6010,40,22.6664,-64.5540
180,6010,48,36.8228,-64.5609
180,6010,56,100.0000,-64.5618
180,6010,64,100.0731,-64.5916
180,6010,72,100.2152,-64.8246
180,6010,80,100.2385,-64.8833
180,6010,88,100.4175,-65.4793
180,6010,96,101.1241,-68.7327
180,6010,104,101.3614,-69.6756
180,6010,112,101.4850,-70.1026
180,6010,120,101.6068,-70.4808
180,6010,128,101.7812,-70.9521
180,6010,136,101.8824,-71.1885
180,6010,144,102.1924,-71.7776
180,6010,152,102.4850,-72.1689
180,6010,160,102.5546,-72.2427
180,6010,168,102.6044,-72.2919
180,6010,176,102.7730,-72.4404
180,6010,184,102.9118,-72.5442
180,6010,192,103.2861,-72.7564
180,6010,200,103.4050,-72.8056
180,6010,208,103.7632,-72.9226
180,6010,216,104.1350,-73.0016
180,6010,224,104.5938,-73.0608
180,6010,232,105.5299,-73.1021
180,6010,240,105.6650,-73.1026
180,6010,248,105.7922,-73.1036
180,6010,256,105.9200,-73.1055
180,6010,264,106.0601,-73.1086
180,6010,272,106.1709,-73.1117
180,6010,280,106.4750,-73.1226
180,6010,288,106.8012,-73.1370
180,6010,296,107.1688,-73.1494
180,6010,304,107.9501,-73.1600
180,6010,312,108.0614,-73.1598
180,6010,320,108.2772,-73.1594
180,6010,328,108.8351,-73.1566
180,6010,336,109.3650,-73.1499
180,6010,344,109.5281,-73.1473
180,6010,352,109.9091,-73.1398
180,6010,360,111.4513,-73.0869
180,6010,368,115.4672,-72.8137
180,6010,376,129.4944,-71.4884
180,6010,384,145.8096,-69.5556
180,6010,392,168.3742,-67.0460
180,6010,400,191.9233,-65.4945
180,6010,408,215.4723,-64.8698
180,6010,416,239.0213,-64.6584
180,6010,424,262.5704,-64.5887
180,6010,432,291.7400,-64.5681
180,6010,440,416.1017,-64.5610
180,6010,448,1097.4763,-64.5612
210,7001,0,0.0000,-65.0000
210,7001,8,0.0699,-64.9855
210,7001,16,0.6811,-64.9173
210,7001,24,5.5147,-64.6276
210,7001,32,14.0905,-64.5433
210,7001,40,22.6664,-64.5540
210,7001,48,36.8228,-64.5609
210,7001,56,100.0000,-64.5618
210,7001,64,100.0738,-64.5934
210,7001,72,100.3359,-65.1937
210,7001,80,100.4450,-65.6073
210,7001,88,100.8964,-67.6848
210,7001,96,101.2056,-69.0456
210,7001,104,101.3875,-69.7343
210,7001,112,101.7128,-70.7375
210,7001,120,101.8887,-71.1613
210,7001,128,101.9264,-71.2422
210,7001,136,102.0543,-71.4944
210,7001,144,102.1973,-71.7392
210,7001,152,102.4121,-72.0432
210,7001,160,102.8524,-72.4744
210,7001,168,103.4472,-72.7790
210,7001,176,103.6645,-72.8412
210,7001,184,104.5046,-72.9568
210,7001,192,104.7436,-72.9663
210,7001,200,105.1987,-72.9750
210,7001,208,105.5147,-72.9755
210,7001,216,105.8334,-72.9748
210,7001,224,106.2679,-72.9694
210,7001,232,106.3834,-72.9675
210,7001,240,107.1654,-72.9555
210,7001,248,107.4378,-72.9486
210,7001,256,108.1501,-72.9252
210,7001,264,108.2784,-72.9206
210,7001,272,108.3290,-72.9189
210,7001,280,108.6150,-72.9128
210,7001,288,108.9866,-72.9100
210,7001,296,109.2044,-72.9102
210,7001,304,109.3842,-72.9114
210,7001,312,109.4309,-72.9117
210,7001,320,109.8171,-72.9180
210,7001,328,110.0743,-72.9226
210,7001,336,110.8260,-72.9261
210,7001,344,111.2117,-72.9213
210,7001,352,112.1628,-72.8980
210,7001,360,112.9947,-72.8677
210,7001,368,113.5357,-72.8415
210,7001,376,114.5566,-72.7864
210,7001,384,117.3363,-72.5861
210,7001,392,119.8185,-72.3710
210,7001,400,120.1307,-72.3445
210,7001,408,120.6440,-72.3081
210,7001,416,122.9505,-72.1433
210,7001,424,127.9601,-71.6569
210,7001,432,147.2327,-69.3954
210,7001,440,173.7597,-66.6047
210,7001,448,211.3691,-64.9444
210,7001,456,224.2973,-64.7641
210,7001,464,233.6996,-64.6877
210,7001,472,243.1020,-64.6401
210,7001,480,264.1548,-64.5898
210,7001,488,293.9962,-64.5669
210,7001,496,357.9699,-64.5614
210,7001,504,729.3178,-64.5600
210,7001,512,878.7780,-64.5612
210,7002,0,0.0000,-65.0000
210,7002,8,0.0699,-64.9855
210,7002,16,0.6811,-64.9173
210,7002,24,5.5147,-64.6276
210,7002,32,14.0905,-64.5433
210,7002,40,22.6664,-64.5540
210,7002,48,36.8228,-64.5609
210,7002,56,100.0000,-64.5618
210,7002,64,100.0738,-64.5934
210,7002,72,100.3359,-65.1937
210,7002,80,100.4450,-65.6073
210,7002,88,100.8964,-67.6848
210,7002,96,101.2056,-69.0456
210,7002,104,101.3875,-69.7343
210,7002,112,101.7128,-70.7375
210,7002,120,101.8887,-71.1613
210,7002,128,101.9264,-71.2422
210,7002,136,102.0543,-71.4944
210,7002,144,102.1973,-71.7392
210,7002,152,102.4121,-72.0432
210,7002,160,102.8524,-72.4744
210,7002,168,103.4472,-72.7790
210,7002,176,103.6645,-72.8412
210,7002,184,104.5046,-72.9568
210,7002,192,104.7436,-72.9663
210,7002,200,105.1987,-72.9750
210,7002,208,105.5147,-72.9755
210,7002,216,105.8334,-72.9748
210,7002,224,106.2679,-72.9694
210,7002,232,106.3834,-72.9675
210,7002,240,107.1654,-72.9555
210,7002,248,107.4378,-72.9486
210,7002,256,108.1501,-72.9252
210,7002,264,108.2784,-72.9206
210,7002,272,108.3290,-72.9189
210,7002,280,108.6150,-72.9128
210,7002,288,108.9866,-72.9100
210,7002,296,109.2044,-72.9102
210,7002,304,109.3842,-72.9114
210,7002,312,109.4309,-72.9117
210,7002,320,109.8171,-72.9180
210,7002,328,110.0743,-72.9226
210,7002,336,110.8260,-72.9261
210,7002,344,111.2117,-72.9213
210,7002,352,112.1628,-72.8980
210,7002,360,112.9947,-72.8677
210,7002,368,113.5357,-72.8415
210,7002,376,114.5566,-72.7864
210,7002,384,117.3363,-72.5861
210,7002,392,119.8185,-72.3710
210,7002,400,120.1307,-72.3445
210,7002,408,120.6440,-72.3081
210,7002,416,122.9505,-72.1433
210,7002,424,127.9601,-71.6569
210,7002,432,147.2327,-69.3954
210,7002,440,173.7597,-66.6047
210,7002,448,211.3691,-64.9444
210,7002,456,224.2973,-64.7641
210,7002,464,233.6996,-64.6877
210,7002,472,243.1020,-64.6401
210,7002,480,264.1548,-64.5898
210,7002,488,293.9962,-64.5669
210,7002,496,357.9699,-64.5614
210,7002,504,729.3178,-64.5600
210,7002,512,878.7780,-64.5612
210,7003,0,0.0000,-65.0000
210,7003,8,0.0699,-64.9855
210,7003,16,0.6811,-64.9173
210,7003,24,5.5147,-64.6276
210,7003,32,14.0905,-64.5433
210,7003,40,22.6664,-64.5540
210,7003,48,36.8228,-64.5609
210,7003,56,100.0000,-64.5618
210,7003,64,100.0738,-64.5934
210,7003,72,100.3359,-65.1937
210,7003,80,100.4450,-65.6073
210,7003,88,100.8964,-67.6848
210,7003,96,101.2056,-69.0456
210,7003,104,101.3875,-69.7343
210,7003,112,101.7128,-70.7375
210,7003,120,101.8887,-71.1613
210,7003,128,101.9264,-71.2422
210,7003,136,102.0543,-71.4944
210,7003,144,102.1973,-71.7392
210,7003,152,102.4121,-72.0432
210,7003,160,102.8524,-72.4744
210,7003,168,103.4472,-72.7790
210,7003,176,103.6645,-72.8412
210,7003,184,104.5046,-72.9568
210,7003,192,104.7436,-72.9663
210,7003,200,105.1987,-72.9750
210,7003,208,105.5147,-72.9755
210,7003,216,105.8334,-72.9748
210,7003,224,106.2679,-72.9694
210,7003,232,106.3834,-72.9675
210,7003,240,107.1654,-72.9555
210,7003,248,107.4378,-72.9486
210,7003,256,108.1501,-72.9252
210,7003,264,108.2784,-72.9206
210,7003,272,108.3290,-72.9189
210,7003,280,108.6150,-72.9128
210,7003,288,108.9866,-72.9100
210,7003,296,109.2044,-72.9102
210,7003,304,109.3842,-72.9114
210,7003,312,109.4309,-72.9117
210,7003,320,109.8171,-72.9180
210,7003,328,110.0743,-72.9226
210,7003,336,110.8260,-72.9261
210,7003,344,111.2117,-72.9213
210,7003,352,112.1628,-72.8980
210,7003,360,112.9947,-72.8677
210,7003,368,113.5357,-72.8415
210,7003,376,114.5566,-72.7864
210,7003,384,117.3363,-72.5861
210,7003,392,119.8185,-72.3710
210,7003,400,120.1307,-72.3445
210,7003,408,120.6440,-72.3081
210,7003,416,122.9505,-72.1433
210,7003,424,127.9601,-71.6569
210,7003,432,147.2327,-69.3954
210,7003,440,173.7597,-66.6047
210,7003,448,211.3691,-64.9444
210,7003,456,224.2973,-64.7641
210,7003,464,233.6996,-64.6877
210,7003,472,243.1020,-64.6401
210,7003,480,264.1548,-64.5898
210,7003,488,293.9962,-64.5669
210,7003,496,357.9699,-64.5614
210,7003,504,729.3178,-64.5600
210,7003,512,878.7780,-64.5612
210,7004,0,0.0000,-65.0000
210,7004,8,0.0699,-64.9855
210,7004,16,0.6811,-64.9173
210,7004,24,5.5147,-64.6276
210,7004,32,14.0905,-64.5433
210,7004,40,22.6664,-64.5540
210,7004,48,36.8228,-64.5609
210,7004,56,100.0000,-64.5618
210,7004,64,100.0738,-64.5934
210,7004,72,100.3359,-65.1937
210,7004,80,100.4450,-65.6073
210,7004,88,100.8964,-67.6848
210,7004,96,101.2056,-69.0456
210,7004,104,101.3875,-69.7343
210,7004,112,101.7128,-70.7375
210,7004,120,101.8887,-71.1613
210,7004,128,101.9264,-71.2422
210,7004,136,102.0543,-71.4944
210,7004,144,102.1973,-71.7392
210,7004,152,102.4121,-72.0432
210,7004,160,102.8524,-72.4744
210,7004,168,103.4472,-72.7790
210,7004,176,103.6645,-72.8412
210,7004,184,104.5046,-72.9568
210,7004,192,104.7436,-72.9663
210,7004,200,105.1987,-72.9750
210,7004,208,105.5147,-72.9755
210,7004,216,105.8334,-72.9748
210,7004,224,106.2679,-72.9694
210,7004,232,106.3834,-72.9675
210,7004,240,107.1654,-72.9555
210,7004,248,107.4378,-72.9486
210,7004,256,108.1501,-72.9252
210,7004,264,108.2784,-72.9206
210,7004,272,108.3290,-72.9189
210,7004,280,108.6150,-72.9128
210,7004,288,108.9866,-72.9100
210,7004,296,109.2044,-72.9102
210,7004,304,109.3842,-72.9114
210,7004,312,109.4309,-72.9117
210,7004,320,109.8171,-72.9180
210,7004,328,110.0743,-72.9226
210,7004,336,110.8260,-72.9261
210,7004,344,111.2117,-72.9213
210,7004,352,112.1628,-72.8980
210,7004,360,112.9947,-72.8677
210,7004,368,113.5357,-72.8415
210,7004,376,114.5566,-72.7864
210,7004,384,117.3363,-72.5861
210,7004,392,119.8185,-72.3710
210,7004,400,120.1307,-72.3445
210,7004,408,120.6440,-72.3081
210,7004,416,122.9505,-72.1433
210,7004,424,127.9601,-71.6569
210,7004,432,147.2327,-69.3954
210,7004,440,173.7597,-66.6047
210,7004,448,211.3691,-64.9444
210,7004,456,224.2973,-64.7641
210,7004,464,233.6996,-64.6877
210,7004,472,243.1020,-64.6401
210,7004,480,264.1548,-64.5898
210,7004,488,293.9962,-64.5669
210,7004,496,357.9699,-64.5614
210,7004,504,729.3178,-64.5600
210,7004,512,878.7780,-64.5612
210,7005,0,0.0000,-65.0000
210,7005,8,0.0699,-64.9855
210,7005,16,0.6811,-64.9173
210,7005,24,5.5147,-64.6276
210,7005,32,14.0905,-64.5433
210,7005,40,22.6664,-64.5540
210,7005,48,36.8228,-64.5609
210,7005,56,100.0000,-64.5618
210,7005,64,100.0738,-64.5934
210,7005,72,100.3359,-65.1937
210,7005,80,100.4450,-65.6073
210,7005,88,100.8964,-67.6848
210,7005,96,101.2056,-69.0456
210,7005,104,101.3875,-69.7343
210,7005,112,101.7128,-70.7375
210,7005,120,101.8887,-71.1613
210,7005,128,101.9264,-71.2422
210,7005,136,102.0543,-71.4944
210,7005,144,102.1973,-71.7392
210,7005,152,102.4121,-72.0432
210,7005,160,102.8524,-72.4744
210,7005,168,103.4472,-72.7790
210,7005,176,103.6645,-72.8412
210,7005,184,104.5046,-72.9568
210,7005,192,104.7436,-72.9663
210,7005,200,105.1987,-72.9750
210,7005,208,105.5147,-72.9755
210,7005,216,105.8334,-72.9748
210,7005,224,106.2679,-72.9694
210,7005,232,106.3834,-72.9675
210,7005,240,107.1654,-72.9555
210,7005,248,107.4378,-72.9486
210,7005,256,108.1501,-72.9252
210,7005,264,108.2784,-72.9206
210,7005,272,108.3290,-72.9189
210,7005,280,108.6150,-72.9128
210,7005,288,108.9866,-72.9100
210,7005,296,109.2044,-72.9102
210,7005,304,109.3842,-72.9114
210,7005,312,109.4309,-72.9117
210,7005,320,109.8171,-72.9180
210,7005,328,110.0743,-72.9226
210,7005,336,110.8260,-72.9261
210,7005,344,111.2117,-72.9213
210,7005,352,112.1628,-72.8980
210,7005,360,112.9947,-72.8677
210,7005,368,113.5357,-72.8415
210,7005,376,114.5566,-72.7864
210,7005,384,117.3363,-72.5861
210,7005,392,119.8185,-72.3710
210,7005,400,120.1307,-72.3445
210,7005,408,120.6440,-72.3081
210,7005,416,122.9505,-72.1433
210,7005,424,127.9601,-71.6569
210,7005,432,147.2327,-69.3954
210,7005,440,173.7597,-66.6047
210,7005,448,211.3691,-64.9444
210,7005,456,224.2973,-64.7641
210,7005,464,233.6996,-64.6877
210,7005,472,243.1020,-64.6401
210,7005,480,264.1548,-64.5898
210,7005,488,293.9962,-64.5669
210,7005,496,357.9699,-64.5614
210,7005,504,729.3178,-64.5600
210,7005,512,878.7780,-64.5612
210,7006,0,0.0000,-65.0000
210,7006,8,0.0699,-64.9855
210,7006,16,0.6811,-64.9173
210,7006,24,5.5147,-64.6276
210,7006,32,14.0905,-64.5433
210,7006,40,22.6664,-64.5540
210,7006,48,36.8228,-64.5609
210,7006,56,100.0000,-64.5618
210,7006,64,100.0738,-64.5934
210,7006,72,100.3359,-65.1937
210,7006,80,100.4450,-65.6073
210,7006,88,100.8964,-67.6848
210,7006,96,101.2056,-69.0456
210,7006,104,101.3875,-69.7343
210,7006,112,101.7128,-70.7375
210,7006,120,101.8887,-71.1613
210,7006,128,101.9264,-71.2422
210,7006,136,102.0543,-71.4944
210,7006,144,102.1973,-71.7392
210,7006,152,102.4121,-72.0432
210,7006,160,102.8524,-72.4744
210,7006,168,103.4472,-72.7790
210,7006,176,103.6645,-72.8412
210,7006,184,104.5046,-72.9568
210,7006,192,104.7436,-72.9663
210,7006,200,105.1987,-72.9750
210,7006,208,105.5147,-72.9755
210,7006,216,105.8334,-72.9748
210,7006,224,106.2679,-72.9694
210,7006,232,106.3834,-72.9675
210,7006,240,107.1654,-72.9555
210,7006,248,107.4378,-72.9486
210,7006,256,108.1501,-72.9252
210,7006,264,108.2784,-72.9206
210,7006,272,108.3290,-72.9189
210,7006,280,108.6150,-72.9128
210,7006,288,108.9866,-72.9100
210,7006,296,109.2044,-72.9102
210,7006,304,109.3842,-72.9114
210,7006,312,109.4309,-72.9117
210,7006,320,109.8171,-72.9180
210,7006,328,110.0743,-72.9226
210,7006,336,110.8260,-72.9261
210,7006,344,111.2117,-72.9213
210,7006,352,112.1628,-72.8980
210,7006,360,112.9947,-72.8677
210,7006,368,113.5357,-72.8415
210,7006,376,114.5566,-72.7864
210,7006,384,117.3363,-72.5861
210,7006,392,119.8185,-72.3710
210,7006,400,120.1307,-72.3445
210,7006,408,120.6440,-72.3081
210,7006,416,122.9505,-72.1433
210,7006,424,127.9601,-71.6569
210,7006,432,147.2327,-69.3954
210,7006,440,173.7597,-66.6047
210,7006,448,211.3691,-64.9444
210,7006,456,224.2973,-64.7641
210,7006,464,233.6996,-64.6877
210,7006,472,243.1020,-64.6401
210,7006,480,264.1548,-64.5898
210,7006,488,293.9962,-64.5669
210,7006,496,357.9699,-64.5614
210,7006,504,729.3178,-64.5600
210,7006,512,878.7780,-64.5612
210,7007,0,0.0000,-65.0000
210,7007,8,0.0699,-64.9855
210,7007,16,0.6811,-64.9173
210,7007,24,5.5147,-64.6276
210,7007,32,14.0905,-64.5433
210,7007,40,22.6664,-64.5540
210,7007,48,36.8228,-64.5609
210,7007,56,100.0000,-64.5618
210,7007,64,100.0738,-64.5934
210,7007,72,100.3359,-65.1937
210,7007,80,100.4450,-65.6073
210,7007,88,100.8964,-67.6848
210,7007,96,101.2056,-69.0456
210,7007,104,101.3875,-69.7343
210,7007,112,101.7128,-70.7375
210,7007,120,101.8887,-71.1613
210,7007,128,101.9264,-71.2422
210,7007,136,102.0543,-71.4944
210,7007,144,102.1973,-71.7392
210,7007,152,102.4121,-72.0432
210,7007,160,102.8524,-72.4744
210,7007,168,103.4472,-72.7790
210,7007,176,103.6645,-72.8412
210,7007,184,104.5046,-72.9568
210,7007,192,104.7436,-72.9663
210,7007,200,105.1987,-72.9750
210,7007,208,105.5147,-72.9755
210,7007,216,105.8334,-72.9748
210,7007,224,106.2679,-72.9694
210,7007,232,106.3834,-72.9675
210,7007,240,107.1654,-72.9555
210,7007,248,107.4378,-72.9486
210,7007,256,108.1501,-72.9252
210,7007,264,108.2784,-72.9206
210,7007,272,108.3290,-72.9189
210,7007,280,108.6150,-72.9128
210,7007,288,108.9866,-72.9100
210,7007,296,109.2044,-72.9102
210,7007,304,109.3842,-72.9114
210,7007,312,109.4309,-72.9117
210,7007,320,109.8171,-72.9180
210,7007,328,110.0743,-72.9226
210,7007,336,110.8260,-72.9261
210,7007,344,111.2117,-72.9213
210,7007,352,112.1628,-72.8980
210,7007,360,112.9947,-72.8677
210,7007,368,113.5357,-72.8415
210,7007,376,114.5566,-72.7864
210,7007,384,117.3363,-72.5861
210,7007,392,119.8185,-72.3710
210,7007,400,120.1307,-72.3445
210,7007,408,120.6440,-72.3081
210,7007,416,122.9505,-72.1433
210,7007,424,127.9601,-71.6569
210,7007,432,147.2327,-69.3954
210,7007,440,173.7597,-66.6047
210,7007,448,211.3691,-64.9444
210,7007,456,224.2973,-64.7641
210,7007,464,233.6996,-64.6877
210,7007,472,243.1020,-64.6401
210,7007,480,264.1548,-64.5898
210,7007,488,293.9962,-64.5669
210,7007,496,357.9699,-64.5614
210,7007,504,729.3178,-64.5600
210,7007,512,878.7780,-64.5612
210,7008,0,0.0000,-65.0000
210,7008,8,0.0699,-64.9855
210,7008,16,0.6811,-64.9173
210,7008,24,5.5147,-64.6276
210,7008,32,14.0905,-64.5433
210,7008,40,22.6664,-64.5540
210,7008,48,36.8228,-64.5609
210,7008,56,100.0000,-64.5618
210,7008,64,100.0738,-64.5934
210,7008,72,100.3359,-65.1937
210,7008,80,100.4450,-65.6073
210,7008,88,100.8964,-67.6848
210,7008,96,101.2056,-69.0456
210,7008,104,101.3875,-69.7343
210,7008,112,101.7128,-70.7375
210,7008,120,101.8887,-71.1613
210,7008,128,101.9264,-71.2422
210,7008,136,102.0543,-71.4944
210,7008,144,102.1973,-71.7392
210,7008,152,102.4121,-72.0432
210,7008,160,102.8524,-72.4744
210,7008,168,103.4472,-72.7790
210,7008,176,103.6645,-72.8412
210,7008,184,104.5046,-72.9568
210,7008,192,104.7436,-72.9663
210,7008,200,105.1987,-72.9750
210,7008,208,105.5147,-72.9755
210,7008,216,105.8334,-72.9748
210,7008,224,106.2679,-72.9694
210,7008,232,106.3834,-72.9675
210,7008,240,107.1654,-72.9555
210,7008,248,107.4378,-72.9486
210,7008,256,108.1501,-72.9252
210,7008,264,108.2784,-72.9206
210,7008,272,108.3290,-72.9189
210,7008,280,108.6150,-72.9128
210,7008,288,108.9866,-72.9100
210,7008,296,109.2044,-72.9102
210,7008,304,109.3842,-72.9114
210,7008,312,109.4309,-72.9117
210,7008,320,109.8171,-72.9180
210,7008,328,110.0743,-72.9226
210,7008,336,110.8260,-72.9261
210,7008,344,111.2117,-72.9213
210,7008,352,112.1628,-72.8980
210,7008,360,112.9947,-72.8677
210,7008,368,113.5357,-72.8415
210,7008,376,114.5566,-72.7864
210,7008,384,117.3363,-72.5861
210,7008,392,119.8185,-72.3710
210,7008,400,120.1307,-72.3445
210,7008,408,120.6440,-72.3081
210,7008,416,122.9505,-72.1433
210,7008,424,127.9601,-71.6569
210,7008,432,147.2327,-69.3954
210,7008,440,173.7597,-66.6047
210,7008,448,211.3691,-64.9444
210,7008,456,224.2973,-64.7641
210,7008,464,233.6996,-64.6877
210,7008,472,243.1020,-64.6401
210,7008,480,264.1548,-64.5898
210,7008,488,293.9962,-64.5669
210,7008,496,357.9699,-64.5614
210,7008,504,729.3178,-64.5600
210,7008,512,878.7780,-64.5612
210,7009,0,0.0000,-65.0000
210,7009,8,0.0699,-64.9855
210,7009,16,0.6811,-64.9173
210,7009,24,5.5147,-64.6276
210,7009,32,14.0905,-64.5433
210,7009,40,22.6664,-64.5540
210,7009,48,36.8228,-64.5609
210,7009,56,100.0000,-64.5618
210,7009,64,100.0738,-64.5934
210,7009,72,100.3359,-65.1937
210,7009,80,100.4450,-65.6073
210,7009,88,100.8964,-67.6848
210,7009,96,101.2056,-69.0456
210,7009,104,101.3875,-69.7343
210,7009,112,101.7128,-70.7375
210,7009,120,101.8887,-71.1613
210,7009,128,101.9264,-71.2422
210,7009,136,102.0543,-71.4944
210,7009,144,102.1973,-71.7392
210,7009,152,102.4121,-72.0432
210,7009,160,102.8524,-72.4744
210,7009,168,103.4472,-72.7790
210,7009,176,103.6645,-72.8412
210,7009,184,104.5046,-72.9568
210,7009,192,104.7436,-72.9663
210,7009,200,105.1987,-72.9750
210,7009,208,105.5147,-72.9755
210,7009,216,105.8334,-72.9748
210,7009,224,106.2679,-72.9694
210,7009,232,106.3834,-72.9675
210,7009,240,107.1654,-72.9555
210,7009,248,107.4378,-72.9486
210,7009,256,108.1501,-72.9252
210,7009,264,108.2784,-72.9206
210,7009,272,108.3290,-72.9189
210,7009,280,108.6150,-72.9128
210,7009,288,108.9866,-72.9100
210,7009,296,109.2044,-72.9102
210,7009,304,109.3842,-72.9114
210,7009,312,109.4309,-72.9117
210,7009,320,109.8171,-72.9180
210,7009,328,110.0743,-72.9226
210,7009,336,110.8260,-72.9261
210,7009,344,111.2117,-72.9213
210,7009,352,112.1628,-72.8980
210,7009,360,112.9947,-72.8677
210,7009,368,113.5357,-72.8415
210,7009,376,114.5566,-72.7864
210,7009,384,117.3363,-72.5861
210,7009,392,119.8185,-72.3710
210,7009,400,120.1307,-72.3445
210,7009,408,120.6440,-72.3081
210,7009,416,122.9505,-72.1433
210,7009,424,127.9601,-71.6569
210,7009,432,147.2327,-69.3954
210,7009,440,173.7597,-66.6047
210,7009,448,211.3691,-64.9444
210,7009,456,224.2973,-64.7641
210,7009,464,233.6996,-64.6877
210,7009,472,243.1020,-64.6401
210,7009,480,264.1548,-64.5898
210,7009,488,293.9962,-64.5669
210,7009,496,357.9699,-64.5614
210,7009,504,729.3178,-64.5600
210,7009,512,878.7780,-64.5612
210,7010,0,0.0000,-65.0000
210,7010,8,0.0699,-64.9855
210,7010,16,0.6811,-64.9173
210,7010,24,5.5147,-64.6276
210,7010,32,14.0905,-64.5433
210,7010,40,22.6664,-64.5540
210,7010,48,36.8228,-64.5609
210,7010,56,100.0000,-64.5618
210,7010,64,100.0738,-64.5934
210,7010,72,100.3359,-65.1937
210,7010,80,100.4450,-65.6073
210,7010,88,100.8964,-67.6848
210,7010,96,101.2056,-69.0456
210,7010,104,101.3875,-69.7343
210,7010,112,101.7128,-70.7375
210,7010,120,101.8887,-71.1613
210,7010,128,101.9264,-71.2422
210,7010,136,102.0543,-71.4944
210,7010,144,102.1973,-71.7392
210,7010,152,102.4121,-72.0432
210,7010,160,102.8524,-72.4744
210,7010,168,103.4472,-72.7790
210,7010,176,103.6645,-72.8412
210,7010,184,104.5046,-72.9568
210,7010,192,104.7436,-72.9663
210,7010,200,105.1987,-72.9750
210,7010,208,105.5147,-72.9755
210,7010,216,105.8334,-72.9748
210,7010,224,106.2679,-72.9694
210,7010,232,106.3834,-72.9675
210,7010,240,107.1654,-72.9555
210,7010,248,107.4378,-72.9486
210,7010,256,108.1501,-72.9252
210,7010,264,108.2784,-72.9206
210,7010,272,108.3290,-72.9189
210,7010,280,108.6150,-72.9128
210,7010,288,108.9866,-72.9100
210,7010,296,109.2044,-72.9102
210,7010,304,109.3842,-72.9114
210,7010,312,109.4309,-72.9117
210,7010,320,109.8171,-72.9180
210,7010,328,110.0743,-72.9226
210,7010,336,110.8260,-72.9261
210,7010,344,111.2117,-72.9213
210,7010,352,112.1628,-72.8980
210,7010,360,112.9947,-72.8677
210,7010,368,113.5357,-72.8415
210,7010,376,114.5566,-72.7864
210,7010,384,117.3363,-72.5861
210,7010,392,119.8185,-72.3710
210,7010,400,120.1307,-72.3445
210,7010,408,120.6440,-72.3081
210,7010,416,122.9505,-72.1433
210,7010,424,127.9601,-71.6569
210,7010,432,147.2327,-69.3954
210,7010,440,173.7597,-66.6047
210,7010,448,211.3691,-64.9444
210,7010,456,224.2973,-64.7641
210,7010,464,233.6996,-64.6877
210,7010,472,243.1020,-64.6401
210,7010,480,264.1548,-64.5898
210,7010,488,293.9962,-64.5669
210,7010,496,357.9699,-64.5614
210,7010,504,729.3178,-64.5600
210,7010,512,878.7780,-64.5612
240,8001,0,0.0000,-65.0000
240,8001,8,0.0699,-64.9855
240,8001,16,0.6811,-64.9173
240,8001,24,5.5147,-64.6276
240,8001,32,14.0905,-64.5433
240,8001,40,22.6664,-64.5540
240,8001,48,36.8228,-64.5609
240,8001,56,100.0000,-64.5618
240,8001,64,100.0852,-64.5993
240,8001,72,100.3681,-65.1908
240,8001,80,100.9618,-67.4819
240,8001,88,101.1585,-68.2516
240,8001,96,101.2870,-68.7213
240,8001,104,101.4452,-69.2553
240,8001,112,101.5758,-69.6578
240,8001,120,102.2378,-71.1608
240,8001,128,102.4080,-71.4169
240,8001,136,102.7136,-71.7787
240,8001,144,102.9037,-71.9495
240,8001,152,103.3586,-72.2419
240,8001,160,103.8112,-72.4138
240,8001,168,103.8767,-72.4317
240,8001,176,104.0810,-72.4811
240,8001,184,104.2355,-72.5131
240,8001,192,104.5982,-72.5745
240,8001,200,104.8431,-72.6063
240,8001,208,105.0756,-72.6305
240,8001,216,105.7309,-72.6723
240,8001,224,106.6080,-72.6819
240,8001,232,107.3590,-72.6625
240,8001,240,108.3575,-72.6161
240,8001,248,109.6554,-72.5421
240,8001,256,109.7553,-72.5358
240,8001,264,110.0225,-72.5209
240,8001,272,110.7092,-72.4934
240,8001,280,110.9519,-72.4858
240,8001,288,111.1394,-72.4809
240,8001,296,111.3501,-72.4764
240,8001,304,111.7691,-72.4688
240,8001,312,111.9154,-72.4662
240,8001,320,112.2367,-72.4626
240,8001,328,112.3754,-72.4616
240,8001,336,113.3574,-72.4597
240,8001,344,113.4942,-72.4579
240,8001,352,113.5867,-72.4566
240,8001,360,114.2561,-72.4506
240,8001,368,116.9862,-72.3176
240,8001,376,117.2321,-72.2989
240,8001,384,117.9918,-72.2434
240,8001,392,119.0959,-72.1670
240,8001,400,119.9237,-72.1052
240,8001,408,120.2174,-72.0849
240,8001,416,121.4776,-72.0092
240,8001,424,126.0667,-71.5946
240,8001,432,126.2752,-71.5733
240,8001,440,126.5214,-71.5504
240,8001,448,126.7026,-71.5358
240,8001,456,127.7548,-71.4776
240,8001,464,130.8936,-71.2331
240,8001,472,137.4071,-70.4998
240,8001,480,158.2421,-68.0317
240,8001,488,180.4562,-66.0828
240,8001,496,200.3016,-65.1835
240,8001,504,225.2058,-64.7469
240,8001,512,275.9782,-64.5758
240,8001,520,319.6302,-64.5625
240,8001,528,385.3946,-64.5609
240,8001,536,470.2276,-64.5609
240,8002,0,0.0000,-65.0000
240,8002,8,0.0699,-64.9855
240,8002,16,0.6811,-64.9173
240,8002,24,5.5147,-64.6276
240,8002,32,14.0905,-64.5433
240,8002,40,22.6664,-64.5540
240,8002,48,36.8228,-64.5609
240,8002,56,100.0000,-64.5618
240,8002,64,100.0852,-64.5993
240,8002,72,100.3681,-65.1908
240,8002,80,100.9618,-67.4819
240,8002,88,101.1585,-68.2516
240,8002,96,101.2870,-68.7213
240,8002,104,101.4452,-69.2553
240,8002,112,101.5758,-69.6578
240,8002,120,102.2378,-71.1608
240,8002,128,102.4080,-71.4169
240,8002,136,102.7136,-71.7787
240,8002,144,102.9037,-71.9495
240,8002,152,103.3586,-72.2419
240,8002,160,103.8112,-72.4138
240,8002,168,103.8767,-72.4317
240,8002,176,104.0810,-72.4811
240,8002,184,104.2355,-72.5131
240,8002,192,104.5982,-72.5745
240,8002,200,104.8431,-72.6063
240,8002,208,105.0756,-72.6305
240,8002,216,105.7309,-72.6723
240,8002,224,106.6080,-72.6819
240,8002,232,107.3590,-72.6625
240,8002,240,108.3575,-72.6161
240,8002,248,109.6554,-72.5421
240,8002,256,109.7553,-72.5358
240,8002,264,110.0225,-72.5209
240,8002,272,110.7092,-72.4934
240,8002,280,110.9519,-72.4858
240,8002,288,111.1394,-72.4809
240,8002,296,111.3501,-72.4764
240,8002,304,111.7691,-72.4688
240,8002,312,111.9154,-72.4662
240,8002,320,112.2367,-72.4626
240,8002,328,112.3754,-72.4616
240,8002,336,113.3574,-72.4597
240,8002,344,113.4942,-72.4579
240,8002,352,113.5867,-72.4566
240,8002,360,114.2561,-72.4506
240,8002,368,116.9862,-72.3176
240,8002,376,117.2321,-72.2989
240,8002,384,117.9918,-72.2434
240,8002,392,119.0959,-72.1670
240,8002,400,119.9237,-72.1052
240,8002,408,120.2174,-72.0849
240,8002,416,121.4776,-72.0092
240,8002,424,126.0667,-71.5946
240,8002,432,126.2752,-71.5733
240,8002,440,126.5214,-71.5504
240,8002,448,126.7026,-71.5358
240,8002,456,127.7548,-71.4776
240,8002,464,130.8936,-71.2331
240,8002,472,137.4071,-70.4998
240,8002,480,158.2421,-68.0317
240,8002,488,180.4562,-66.0828
240,8002,496,200.3016,-65.1835
240,8002,504,225.2058,-64.7469
240,8002,512,275.9782,-64.5758
240,8002,520,319.6302,-64.5625
240,8002,528,385.3946,-64.5609
240,8002,536,470.2276,-64.5609
240,8003,0,0.0000,-65.0000
240,8003,8,0.0699,-64.9855
240,8003,16,0.6811,-64.9173
240,8003,24,5.5147,-64.6276
240,8003,32,14.0905,-64.5433
240,8003,40,22.6664,-64.5540
240,8003,48,36.8228,-64.5609
240,8003,56,100.0000,-64.5618
240,8003,64,100.0852,-64.5993
240,8003,72,100.3681,-65.1908
240,8003,80,100.9618,-67.4819
240,8003,88,101.1585,-68.2516
240,8003,96,101.2870,-68.7213
240,8003,104,101.4452,-69.2553
240,8003,112,101.5758,-69.6578
240,8003,120,102.2378,-71.1608
240,8003,128,102.4080,-71.4169
240,8003,136,102.7136,-71.7787
240,8003,144,102.9037,-71.9495
240,8003,152,103.3586,-72.2419
240,8003,160,103.8112,-72.4138
240,8003,168,103.8767,-72.4317
240,8003,176,104.0810,-72.4811
240,8003,184,104.2355,-72.5131
240,8003,192,104.5982,-72.5745
240,8003,200,104.8431,-72.6063
240,8003,208,105.0756,-72.6305
240,8003,216,105.7309,-72.6723
240,8003,224,106.6080,-72.6819
240,8003,232,107.3590,-72.6625
240,8003,240,108.3575,-72.6161
240,8003,248,109.6554,-72.5421
240,8003,256,109.7553,-72.5358
240,8003,264,110.0225,-72.5209
240,8003,272,110.7092,-72.4934
240,8003,280,110.9519,-72.4858
240,8003,288,111.1394,-72.4809
240,8003,296,111.3501,-72.4764
240,8003,304,111.7691,-72.4688
240,8003,312,111.9154,-72.4662
240,8003,320,112.2367,-72.4626
240,8003,328,112.3754,-72.4616
240,8003,336,113.3574,-72.4597
240,8003,344,113.4942,-72.4579
240,8003,352,113.5867,-72.4566
240,8003,360,114.2561,-72.4506
240,8003,368,116.9862,-72.3176
240,8003,376,117.2321,-72.2989
240,8003,384,117.9918,-72.2434
240,8003,392,119.0959,-72.1670
240,8003,400,119.9237,-72.1052
240,8003,408,120.2174,-72.0849
240,8003,416,121.4776,-72.0092
240,8003,424,126.0667,-71.5946
240,8003,432,126.2752,-71.5733
240,8003,440,126.5214,-71.5504
240,8003,448,126.7026,-71.5358
240,8003,456,127.7548,-71.4776
240,8003,464,130.8936,-71.2331
240,8003,472,137.4071,-70.4998
240,8003,480,158.2421,-68.0317
240,8003,488,180.4562,-66.0828
240,8003,496,200.3016,-65.1835
240,8003,504,225.2058,-64.7469
240,8003,512,275.9782,-64.5758
240,8003,520,319.6302,-64.5625
240,8003,528,385.3946,-64.5609
240,8003,536,470.2276,-64.5609
240,8004,0,0.0000,-65.0000
240,8004,8,0.0699,-64.9855
240,8004,16,0.6811,-64.9173
240,8004,24,5.5147,-64.6276
240,8004,32,14.0905,-64.5433
240,8004,40,22.6664,-64.5540
240,8004,48,36.8228,-64.5609
240,8004,56,100.0000,-64.5618
240,8004,64,100.0852,-64.5993
240,8004,72,100.3681,-65.1908
240,8004,80,100.9618,-67.4819
240,8004,88,101.1585,-68.2516
240,8004,96,101.2870,-68.7213
240,8004,104,101.4452,-69.2553
240,8004,112,101.5758,-69.6578
240,8004,120,102.2378,-71.1608
240,8004,128,102.4080,-71.4169
240,8004,136,102.7136,-71.7787
240,8004,144,102.9037,-71.9495
240,8004,152,103.3586,-72.2419
240,8004,160,103.8112,-72.4138
240,8004,168,103.8767,-72.4317
240,8004,176,104.0810,-72.4811
240,8004,184,104.2355,-72.5131
240,8004,192,104.5982,-72.5745
240,8004,200,104.8431,-72.6063
240,8004,208,105.0756,-72.6305
240,8004,216,105.7309,-72.6723
240,8004,224,106.6080,-72.6819
240,8004,232,107.3590,-72.6625
240,8004,240,108.3575,-72.6161
240,8004,248,109.6554,-72.5421
240,8004,256,109.7553,-72.5358
240,8004,264,110.0225,-72.5209
240,8004,272,110.7092,-72.4934
240,8004,280,110.9519,-72.4858
240,8004,288,111.1394,-72.4809
240,8004,296,111.3501,-72.4764
240,8004,304,111.7691,-72.4688
240,8004,312,111.9154,-72.4662
240,8004,320,112.2367,-72.4626
240,8004,328,112.3754,-72.4616
240,8004,336,113.3574,-72.4597
240,8004,344,113.4942,-72.4579
240,8004,352,113.5867,-72.4566
240,8004,360,114.2561,-72.4506
240,8004,368,116.9862,-72.3176
240,8004,376,117.2321,-72.2989
240,8004,384,117.9918,-72.2434
240,8004,392,119.0959,-72.1670
240,8004,400,119.9237,-72.1052
240,8004,408,120.2174,-72.0849
240,8004,416,121.4776,-72.0092
240,8004,424,126.0667,-71.5946
240,8004,432,126.2752,-71.5733
240,8004,440,126.5214,-71.5504
240,8004,448,126.7026,-71.5358
240,8004,456,127.7548,-71.4776
240,8004,464,130.8936,-71.2331
240,8004,472,137.4071,-70.4998
240,8004,480,158.2421,-68.0317
240,8004,488,180.4562,-66.0828
240,8004,496,200.3016,-65.1835
240,8004,504,225.2058,-64.7469
240,8004,512,275.9782,-64.5758
240,8004,520,319.6302,-64.5625
240,8004,528,385.3946,-64.5609
240,8004,536,470.2276,-64.5609
240,8005,0,0.0000,-65.0000
240,8005,8,0.0699,-64.9855
240,8005,16,0.6811,-64.9173
240,8005,24,5.5147,-64.6276
240,8005,32,14.0905,-64.5433
240,8005,40,22.6664,-64.5540
240,8005,48,36.8228,-64.5609
240,8005,56,100.0000,-64.5618
240,8005,64,100.0852,-64.5993
240,8005,72,100.3681,-65.1908
240,8005,80,100.9618,-67.4819
240,8005,88,101.1585,-68.2516
240,8005,96,101.2870,-68.7213
240,8005,104,101.4452,-69.2553
240,8005,112,101.5758,-69.6578
240,8005,120,102.2378,-71.1608
240,8005,128,102.4080,-71.4169
240,8005,136,102.7136,-71.7787
240,8005,144,102.9037,-71.9495
240,8005,152,103.3586,-72.2419
240,8005,160,103.8112,-72.4138
240,8005,168,103.8767,-72.4317
240,8005,176,104.0810,-72.4811
240,8005,184,104.2355,-72.5131
240,8005,192,104.5982,-72.5745
240,8005,200,104.8431,-72.6063
240,8005,208,105.0756,-72.6305
240,8005,216,105.7309,-72.6723
240,8005,224,106.6080,-72.6819
240,8005,232,107.3590,-72.6625
240,8005,240,108.3575,-72.6161
240,8005,248,109.6554,-72.5421
240,8005,256,109.7553,-72.5358
240,8005,264,110.0225,-72.5209
240,8005,272,110.7092,-72.4934
240,8005,280,110.9519,-72.4858
240,8005,288,111.1394,-72.4809
240,8005,296,111.3501,-72.4764
240,8005,304,111.7691,-72.4688
240,8005,312,111.9154,-72.4662
240,8005,320,112.2367,-72.4626
240,8005,328,112.3754,-72.4616
240,8005,336,113.3574,-72.4597
240,8005,344,113.4942,-72.4579
240,8005,352,113.5867,-72.4566
240,8005,360,114.2561,-72.4506
240,8005,368,116.9862,-72.3176
240,8005,376,117.2321,-72.2989
240,8005,384,117.9918,-72.2434
240,8005,392,119.0959,-72.1670
240,8005,400,119.9237,-72.1052
240,8005,408,120.2174,-72.0849
240,8005,416,121.4776,-72.0092
240,8005,424,126.0667,-71.5946
240,8005,432,126.2752,-71.5733
240,8005,440,126.5214,-71.5504
240,8005,448,126.7026,-71.5358
240,8005,456,127.7548,-71.4776
240,8005,464,130.8936,-71.2331
240,8005,472,137.4071,-70.4998
240,8005,480,158.2421,-68.0317
240,8005,488,180.4562,-66.0828
240,8005,496,200.3016,-65.1835
240,8005,504,225.2058,-64.7469
240,8005,512,275.9782,-64.5758
240,8005,520,319.6302,-64.5625
240,8005,528,385.3946,-64.5609
240,8005,536,470.2276,-64.5609
240,8006,0,0.0000,-65.0000
240,8006,8,0.0699,-64.9855
240,8006,16,0.6811,-64.9173
240,8006,24,5.5147,-64.6276
240,8006,32,14.0905,-64.5433
240,8006,40,22.6664,-64.5540
240,8006,48,36.8228,-64.5609
240,8006,56,100.0000,-64.5618
240,8006,64,100.0852,-64.5993
240,8006,72,100.3681,-65.1908
240,8006,80,100.9618,-67.4819
240,8006,88,101.1585,-68.2516
240,8006,96,101.2870,-68.7213
240,8006,104,101.4452,-69.2553
240,8006,112,101.5758,-69.6578
240,8006,120,102.2378,-71.1608
240,8006,128,102.4080,-71.4169
240,8006,136,102.7136,-71.7787
240,8006,144,102.9037,-71.9495
240,8006,152,103.3586,-72.2419
240,8006,160,103.8112,-72.4138
240,8006,168,103.8767,-72.4317
240,8006,176,104.0810,-72.4811
240,8006,184,104.2355,-72.5131
240,8006,192,104.5982,-72.5745
240,8006,200,104.8431,-72.6063
240,8006,208,105.0756,-72.6305
240,8006,216,105.7309,-72.6723
240,8006,224,106.6080,-72.6819
240,8006,232,107.3590,-72.6625
240,8006,240,108.3575,-72.6161
240,8006,248,109.6554,-72.5421
240,8006,256,109.7553,-72.5358
240,8006,264,110.0225,-72.5209
240,8006,272,110.7092,-72.4934
240,8006,280,110.9519,-72.4858
240,8006,288,111.1394,-72.4809
240,8006,296,111.3501,-72.4764
240,8006,304,111.7691,-72.4688
240,8006,312,111.9154,-72.4662
240,8006,320,112.2367,-72.4626
240,8006,328,112.3754,-72.4616
240,8006,336,113.3574,-72.4597
240,8006,344,113.4942,-72.4579
240,8006,352,113.5867,-72.4566
240,8006,360,114.2561,-72.4506
240,8006,368,116.9862,-72.3176
240,8006,376,117.2321,-72.2989
240,8006,384,117.9918,-72.2434
240,8006,392,119.0959,-72.1670
240,8006,400,119.9237,-72.1052
240,8006,408,120.2174,-72.0849
240,8006,416,121.4776,-72.0092
240,8006,424,126.0667,-71.5946
240,8006,432,126.2752,-71.5733
240,8006,440,126.5214,-71.5504
240,8006,448,126.7026,-71.5358
240,8006,456,127.7548,-71.4776
240,8006,464,130.8936,-71.2331
240,8006,472,137.4071,-70.4998
240,8006,480,158.2421,-68.0317
240,8006,488,180.4562,-66.0828
240,8006,496,200.3016,-65.1835
240,8006,504,225.2058,-64.7469
240,8006,512,275.9782,-64.5758
240,8006,520,319.6302,-64.5625
240,8006,528,385.3946,-64.5609
240,8006,536,470.2276,-64.5609
240,8007,0,0.0000,-65.0000
240,8007,8,0.0699,-64.9855
240,8007,16,0.6811,-64.9173
240,8007,24,5.5147,-64.6276
240,8007,32,14.0905,-64.5433
240,8007,40,22.6664,-64.5540
240,8007,48,36.8228,-64.5609
240,8007,56,100.0000,-64.5618
240,8007,64,100.0852,-64.5993
240,8007,72,100.3681,-65.1908
240,8007,80,100.9618,-67.4819
240,8007,88,101.1585,-68.2516
240,8007,96,101.2870,-68.7213
240,8007,104,101.4452,-69.2553
240,8007,112,101.5758,-69.6578
240,8007,120,102.2378,-71.1608
240,8007,128,102.4080,-71.4169
240,8007,136,102.7136,-71.7787
240,8007,144,102.9037,-71.9495
240,8007,152,103.3586,-72.2419
240,8007,160,103.8112,-72.4138
240,8007,168,103.8767,-72.4317
240,8007,176,104.0810,-72.4811
240,8007,184,104.2355,-72.5131
240,8007,192,104.5982,-72.5745
240,8007,200,104.8431,-72.6063
240,8007,208,105.0756,-72.6305
240,8007,216,105.7309,-72.6723
240,8007,224,106.6080,-72.6819
240,8007,232,107.3590,-72.6625
240,8007,240,108.3575,-72.6161
240,8007,248,109.6554,-72.5421
240,8007,256,109.7553,-72.5358
240,8007,264,110.0225,-72.5209
240,8007,272,110.7092,-72.4934
240,8007,280,110.9519,-72.4858
240,8007,288,111.1394,-72.4809
240,8007,296,111.3501,-72.4764
240,8007,304,111.7691,-72.4688
240,8007,312,111.9154,-72.4662
240,8007,320,112.2367,-72.4626
240,8007,328,112.3754,-72.4616
240,8007,336,113.3574,-72.4597
240,8007,344,113.4942,-72.4579
240,8007,352,113.5867,-72.4566
240,8007,360,114.2561,-72.4506
240,8007,368,116.9862,-72.3176
240,8007,376,117.2321,-72.2989
240,8007,384,117.9918,-72.2434
240,8007,392,119.0959,-72.1670
240,8007,400,119.9237,-72.1052
240,8007,408,120.2174,-72.0849
240,8007,416,121.4776,-72.0092
240,8007,424,126.0667,-71.5946
240,8007,432,126.2752,-71.5733
240,8007,440,126.5214,-71.5504
240,8007,448,126.7026,-71.5358
240,8007,456,127.7548,-71.4776
240,8007,464,130.8936,-71.2331
240,8007,472,137.4071,-70.4998
240,8007,480,158.2421,-68.0317
240,8007,488,180.4562,-66.0828
240,8007,496,200.3016,-65.1835
240,8007,504,225.2058,-64.7469
240,8007,512,275.9782,-64.5758
240,8007,520,319.6302,-64.5625
240,8007,528,385.3946,-64.5609
240,8007,536,470.2276,-64.5609
240,8008,0,0.0000,-65.0000
240,8008,8,0.0699,-64.9855
240,8008,16,0.6811,-64.9173
240,8008,24,5.5147,-64.6276
240,8008,32,14.0905,-64.5433
240,8008,40,22.6664,-64.5540
240,8008,48,36.8228,-64.5609
240,8008,56,100.0000,-64.5618
240,8008,64,100.0852,-64.5993
240,8008,72,100.3681,-65.1908
240,8008,80,100.9618,-67.4819
240,8008,88,101.1585,-68.2516
240,8008,96,101.2870,-68.7213
240,8008,104,101.4452,-69.2553
240,8008,112,101.5758,-69.6578
240,8008,120,102.2378,-71.1608
240,8008,128,102.4080,-71.4169
240,8008,136,102.7136,-71.7787
240,8008,144,102.9037,-71.9495
240,8008,152,103.3586,-72.2419
240,8008,160,103.8112,-72.4138
240,8008,168,103.8767,-72.4317
240,8008,176,104.0810,-72.4811
240,8008,184,104.2355,-72.5131
240,8008,192,104.5982,-72.5745
240,8008,200,104.8431,-72.6063
240,8008,208,105.0756,-72.6305
240,8008,216,105.7309,-72.6723
240,8008,224,106.6080,-72.6819
240,8008,232,107.3590,-72.6625
240,8008,240,108.3575,-72.6161
240,8008,248,109.6554,-72.5421
240,8008,256,109.7553,-72.5358
240,8008,264,110.0225,-72.5209
240,8008,272,110.7092,-72.4934
240,8008,280,110.9519,-72.4858
240,8008,288,111.1394,-72.4809
240,8008,296,111.3501,-72.4764
240,8008,304,111.7691,-72.4688
240,8008,312,111.9154,-72.4662
240,8008,320,112.2367,-72.4626
240,8008,328,112.3754,-72.4616
240,8008,336,113.3574,-72.4597
240,8008,344,113.4942,-72.4579
240,8008,352,113.5867,-72.4566
240,8008,360,114.2561,-72.4506
240,8008,368,116.9862,-72.3176
240,8008,376,117.2321,-72.2989
240,8008,384,117.9918,-72.2434
240,8008,392,119.0959,-72.1670
240,8008,400,119.9237,-72.1052
240,8008,408,120.2174,-72.0849
240,8008,416,121.4776,-72.0092
240,8008,424,126.0667,-71.5946
240,8008,432,126.2752,-71.5733
240,8008,440,126.5214,-71.5504
240,8008,448,126.7026,-71.5358
240,8008,456,127.7548,-71.4776
240,8008,464,130.8936,-71.2331
240,8008,472,137.4071,-70.4998
240,8008,480,158.2421,-68.0317
240,8008,488,180.4562,-66.0828
240,8008,496,200.3016,-65.1835
240,8008,504,225.2058,-64.7469
240,8008,512,275.9782,-64.5758
240,8008,520,319.6302,-64.5625
240,8008,528,385.3946,-64.5609
240,8008,536,470.2276,-64.5609
240,8009,0,0.0000,-65.0000
240,8009,8,0.0699,-64.9855
240,8009,16,0.6811,-64.9173
240,8009,24,5.5147,-64.6276
240,8009,32,14.0905,-64.5433
240,8009,40,22.6664,-64.5540
240,8009,48,36.8228,-64.5609
240,8009,56,100.0000,-64.5618
240,8009,64,100.0852,-64.5993
240,8009,72,100.3681,-65.1908
240,8009,80,100.9618,-67.4819
240,8009,88,101.1585,-68.2516
240,8009,96,101.2870,-68.7213
240,8009,104,101.4452,-69.2553
240,8009,112,101.5758,-69.6578
240,8009,120,102.2378,-71.1608
240,8009,128,102.4080,-71.4169
240,8009,136,102.7136,-71.7787
240,8009,144,102.9037,-71.9495
240,8009,152,103.3586,-72.2419
240,8009,160,103.8112,-72.4138
240,8009,168,103.8767,-72.4317
240,8009,176,104.0810,-72.4811
240,8009,184,104.2355,-72.5131
240,8009,192,104.5982,-72.5745
240,8009,200,104.8431,-72.6063
240,8009,208,105.0756,-72.6305
240,8009,216,105.7309,-72.6723
240,8009,224,106.6080,-72.6819
240,8009,232,107.3590,-72.6625
240,8009,240,108.3575,-72.6161
240,8009,248,109.6554,-72.5421
240,8009,256,109.7553,-72.5358
240,8009,264,110.0225,-72.5209
240,8009,272,110.7092,-72.4934
240,8009,280,110.9519,-72.4858
240,8009,288,111.1394,-72.4809
240,8009,296,111.3501,-72.4764
240,8009,304,111.7691,-72.4688
240,8009,312,111.9154,-72.4662
240,8009,320,112.2367,-72.4626
240,8009,328,112.3754,-72.4616
240,8009,336,113.3574,-72.4597
240,8009,344,113.4942,-72.4579
240,8009,352,113.5867,-72.4566
240,8009,360,114.2561,-72.4506
240,8009,368,116.9862,-72.3176
240,8009,376,117.2321,-72.2989
240,8009,384,117.9918,-72.2434
240,8009,392,119.0959,-72.1670
240,8009,400,119.9237,-72.1052
240,8009,408,120.2174,-72.0849
240,8009,416,121.4776,-72.0092
240,8009,424,126.0667,-71.5946
240,8009,432,126.2752,-71.5733
240,8009,440,126.5214,-71.5504
240,8009,448,126.7026,-71.5358
240,8009,456,127.7548,-71.4776
240,8009,464,130.8936,-71.2331
240,8009,472,137.4071,-70.4998
240,8009,480,158.2421,-68.0317
240,8009,488,180.4562,-66.0828
240,8009,496,200.3016,-65.1835
240,8009,504,225.2058,-64.7469
240,8009,512,275.9782,-64.5758
240,8009,520,319.6302,-64.5625
240,8009,528,385.3946,-64.5609
240,8009,536,470.2276,-64.5609
240,8010,0,0.0000,-65.0000
240,8010,8,0.0699,-64.9855
240,8010,16,0.6811,-64.9173
240,8010,24,5.5147,-64.6276
240,8010,32,14.0905,-64.5433
240,8010,40,22.6664,-64.5540
240,8010,48,36.8228,-64.5609
240,8010,56,100.0000,-64.5618
240,8010,64,100.0852,-64.5993
240,8010,72,100.3681,-65.1908
240,8010,80,100.9618,-67.4819
240,8010,88,101.1585,-68.2516
240,8010,96,101.2870,-68.7213
240,8010,104,101.4452,-69.2553
240,8010,112,101.5758,-69.6578
240,8010,120,102.2378,-71.1608
240,8010,128,102.4080,-71.4169
240,8010,136,102.7136,-71.7787
240,8010,144,102.9037,-71.9495
240,8010,152,103.3586,-72.2419
240,8010,160,103.8112,-72.4138
240,8010,168,103.8767,-72.4317
240,8010,176,104.0810,-72.4811
240,8010,184,104.2355,-72.5131
240,8010,192,104.5982,-72.5745
240,8010,200,104.8431,-72.6063
240,8010,208,105.0756,-72.6305
240,8010,216,105.7309,-72.6723
240,8010,224,106.6080,-72.6819
240,8010,232,107.3590,-72.6625
240,8010,240,108.3575,-72.6161
240,8010,248,109.6554,-72.5421
240,8010,256,109.7553,-72.5358
240,8010,264,110.0225,-72.5209
240,8010,272,110.7092,-72.4934
240,8010,280,110.9519,-72.4858
240,8010,288,111.1394,-72.4809
240,8010,296,111.3501,-72.4764
240,8010,304,111.7691,-72.4688
240,8010,312,111.9154,-72.4662
240,8010,320,112.2367,-72.4626
240,8010,328,112.3754,-72.4616
240,8010,336,113.3574,-72.4597
240,8010,344,113.4942,-72.4579
240,8010,352,113.5867,-72.4566
240,8010,360,114.2561,-72.4506
240,8010,368,116.9862,-72.3176
240,8010,376,117.2321,-72.2989
240,8010,384,117.9918,-72.2434
240,8010,392,119.0959,-72.1670
240,8010,400,119.9237,-72.1052
240,8010,408,120.2174,-72.0849
240,8010,416,121.4776,-72.0092
240,8010,424,126.0667,-71.5946
240,8010,432,126.2752,-71.5733
240,8010,440,126.5214,-71.5504
240,8010,448,126.7026,-71.5358
240,8010,456,127.7548,-71.4776
240,8010,464,130.8936,-71.2331
240,8010,472,137.4071,-70.4998
240,8010,480,158.2421,-68.0317
240,8010,488,180.4562,-66.0828
240,8010,496,200.3016,-65.1835
240,8010,504,225.2058,-64.7469
240,8010,512,275.9782,-64.5758
240,8010,520,319.6302,-64.5625
240,8010,528,385.3946,-64.5609
240,8010,536,470.2276,-64.5609
270,9001,0,0.0000,-65.0000
270,9001,8,0.0699,-64.9855
270,9001,16,0.6811,-64.9173
270,9001,24,5.5147,-64.6276
270,9001,32,14.0905,-64.5433
270,9001,40,22.6664,-64.5540
270,9001,48,36.8228,-64.5609
270,9001,56,100.0000,-64.5618
270,9001,64,100.0497,-64.5705
270,9001,72,100.3327,-64.9186
270,9001,80,100.6998,-65.8365
270,9001,88,100.8852,-66.3861
270,9001,96,100.9587,-66.6090
270,9001,104,101.2000,-67.3385
270,9001,112,101.3270,-67.7101
270,9001,120,101.3888,-67.8865
270,9001,128,101.6601,-68.6143
270,9001,136,101.8652,-69.1046
270,9001,144,102.2369,-69.8579
270,9001,152,102.3250,-70.0107
270,9001,160,102.5992,-70.4306
270,9001,168,103.4401,-71.2747
270,9001,176,103.6750,-71.4154
270,9001,184,103.7453,-71.4518
270,9001,192,104.0900,-71.6039
270,9001,200,104.5450,-71.7471
270,9001,208,104.6750,-71.7780
270,9001,216,104.7300,-71.7901
270,9001,224,104.8352,-71.8122
270,9001,232,104.9250,-71.8302
270,9001,240,105.3420,-71.9086
270,9001,248,105.6555,-71.9585
270,9001,256,105.7700,-71.9747
270,9001,264,106.2043,-72.0304
270,9001,272,107.2322,-72.1046
270,9001,280,107.8650,-72.1107
270,9001,288,107.9118,-72.1103
270,9001,296,108.0830,-72.1097
270,9001,304,108.1551,-72.1097
270,9001,312,108.9128,-72.1224
270,9001,320,109.5657,-72.1242
270,9001,328,110.2604,-72.1132
270,9001,336,110.4456,-72.1084
270,9001,344,111.6872,-72.0709
270,9001,352,111.9921,-72.0560
270,9001,360,112.2531,-72.0431
270,9001,368,112.5800,-72.0299
270,9001,376,112.8600,-72.0219
270,9001,384,112.9450,-72.0200
270,9001,392,113.3815,-72.0158
270,9001,400,113.9384,-72.0119
270,9001,408,114.9235,-71.9907
270,9001,416,116.2588,-71.9192
270,9001,424,118.0179,-71.7873
270,9001,432,118.6781,-71.7300
270,9001,440,120.0967,-71.6125
270,9001,448,122.5300,-71.3796
270,9001,456,122.9271,-71.3400
270,9001,464,123.3049,-71.3048
270,9001,472,124.2632,-71.2289
270,9001,480,124.5631,-71.2063
270,9001,488,124.9629,-71.1784
270,9001,496,125.2556,-71.1597
270,9001,504,125.6965,-71.1368
270,9001,512,125.8926,-71.1281
270,9001,520,126.1225,-71.1199
270,9001,528,127.7690,-71.0777
270,9001,536,131.5896,-70.7517
270,9001,544,131.7671,-70.7324
270,9001,552,133.1072,-70.6034
270,9001,560,136.6254,-70.2331
270,9001,568,146.1092,-69.0959
270,9001,576,172.9442,-66.3968
270,9001,584,190.4524,-65.4223
270,9001,592,199.8436,-65.1203
270,9001,600,208.5193,-64.9305
270,9001,608,217.1951,-64.8041
270,9001,616,228.4732,-64.6993
270,9001,624,267.3206,-64.5799
270,9001,632,313.0464,-64.5636
270,9001,640,770.5219,-64.5610
270,9002,0,0.0000,-65.0000
270,9002,8,0.0699,-64.9855
270,9002,16,0.6811,-64.9173
270,9002,24,5.5147,-64.6276
270,9002,32,14.0905,-64.5433
270,9002,40,22.6664,-64.5540
270,9002,48,36.8228,-64.5609
270,9002,56,100.0000,-64.5618
270,9002,64,100.0497,-64.5705
270,9002,72,100.3327,-64.9186
270,9002,80,100.6998,-65.8365
270,9002,88,100.8852,-66.3861
270,9002,96,100.9587,-66.6090
270,9002,104,101.2000,-67.3385
270,9002,112,101.3270,-67.7101
270,9002,120,101.3888,-67.8865
270,9002,128,101.6601,-68.6143
270,9002,136,101.8652,-69.1046
270,9002,144,102.2369,-69.8579
270,9002,152,102.3250,-70.0107
270,9002,160,102.5992,-70.4306
270,9002,168,103.4401,-71.2747
270,9002,176,103.6750,-71.4154
270,9002,184,103.7453,-71.4518
270,9002,192,104.0900,-71.6039
270,9002,200,104.5450,-71.7471
270,9002,208,104.6750,-71.7780
270,9002,216,104.7300,-71.7901
270,9002,224,104.8352,-71.8122
270,9002,232,104.9250,-71.8302
270,9002,240,105.3420,-71.9086
270,9002,248,105.6555,-71.9585
270,9002,256,105.7700,-71.9747
270,9002,264,106.2043,-72.0304
270,9002,272,107.2322,-72.1046
270,9002,280,107.8650,-72.1107
270,9002,288,107.9118,-72.1103
270,9002,296,108.0830,-72.1097
270,9002,304,108.1551,-72.1097
270,9002,312,108.9128,-72.1224
270,9002,320,109.5657,-72.1242
270,9002,328,110.2604,-72.1132
270,9002,336,110.4456,-72.1084
270,9002,344,111.6872,-72.0709
270,9002,352,111.9921,-72.0560
270,9002,360,112.2531,-72.0431
270,9002,368,112.5800,-72.0299
270,9002,376,112.8600,-72.0219
270,9002,384,112.9450,-72.0200
270,9002,392,113.3815,-72.0158
270,9002,400,113.9384,-72.0119
270,9002,408,114.9235,-71.9907
270,9002,416,116.2588,-71.9192
270,9002,424,118.0179,-71.7873
270,9002,432,118.6781,-71.7300
270,9002,440,120.0967,-71.6125
270,9002,448,122.5300,-71.3796
270,9002,456,122.9271,-71.3400
270,9002,464,123.3049,-71.3048
270,9002,472,124.2632,-71.2289
270,9002,480,124.5631,-71.2063
270,9002,488,124.9629,-71.1784
270,9002,496,125.2556,-71.1597
270,9002,504,125.6965,-71.1368
270,9002,512,125.8926,-71.1281
270,9002,520,126.1225,-71.1199
270,9002,528,127.7690,-71.0777
270,9002,536,131.5896,-70.7517
270,9002,544,131.7671,-70.7324
270,9002,552,133.1072,-70.6034
270,9002,560,136.6254,-70.2331
270,9002,568,146.1092,-69.0959
270,9002,576,172.9442,-66.3968
270,9002,584,190.4524,-65.4223
270,9002,592,199.8436,-65.1203
270,9002,600,208.5193,-64.9305
270,9002,608,217.1951,-64.8041
270,9002,616,228.4732,-64.6993
270,9002,624,267.3206,-64.5799
270,9002,632,313.0464,-64.5636
270,9002,640,770.5219,-64.5610
270,9003,0,0.0000,-65.0000
270,9003,8,0.0699,-64.9855
270,9003,16,0.6811,-64.9173
270,9003,24,5.5147,-64.6276
270,9003,32,14.0905,-64.5433
270,9003,40,22.6664,-64.5540
270,9003,48,36.8228,-64.5609
270,9003,56,100.0000,-64.5618
270,9003,64,100.0497,-64.5705
270,9003,72,100.3327,-64.9186
270,9003,80,100.6998,-65.8365
270,9003,88,100.8852,-66.3861
270,9003,96,100.9587,-66.6090
270,9003,104,101.2000,-67.3385
270,9003,112,101.3270,-67.7101
270,9003,120,101.3888,-67.8865
270,9003,128,101.6601,-68.6143
270,9003,136,101.8652,-69.1046
270,9003,144,102.2369,-69.8579
270,9003,152,102.3250,-70.0107
270,9003,160,102.5992,-70.4306
270,9003,168,103.4401,-71.2747
270,9003,176,103.6750,-71.4154
270,9003,184,103.7453,-71.4518
270,9003,192,104.0900,-71.6039
270,9003,200,104.5450,-71.7471
270,9003,208,104.6750,-71.7780
270,9003,216,104.7300,-71.7901
270,9003,224,104.8352,-71.8122
270,9003,232,104.9250,-71.8302
270,9003,240,105.3420,-71.9086
270,9003,248,105.6555,-71.9585
270,9003,256,105.7700,-71.9747
270,9003,264,106.2043,-72.0304
270,9003,272,107.2322,-72.1046
270,9003,280,107.8650,-72.1107
270,9003,288,107.9118,-72.1103
270,9003,296,108.0830,-72.1097
270,9003,304,108.1551,-72.1097
270,9003,312,108.9128,-72.1224
270,9003,320,109.5657,-72.1242
270,9003,328,110.2604,-72.1132
270,9003,336,110.4456,-72.1084
270,9003,344,111.6872,-72.0709
270,9003,352,111.9921,-72.0560
270,9003,360,112.2531,-72.0431
270,9003,368,112.5800,-72.0299
270,9003,376,112.8600,-72.0219
270,9003,384,112.9450,-72.0200
270,9003,392,113.3815,-72.0158
270,9003,400,113.9384,-72.0119
270,9003,408,114.9235,-71.9907
270,9003,416,116.2588,-71.9192
270,9003,424,118.0179,-71.7873
270,9003,432,118.6781,-71.7300
270,9003,440,120.0967,-71.6125
270,9003,448,122.5300,-71.3796
270,9003,456,122.9271,-71.3400
270,9003,464,123.3049,-71.3048
270,9003,472,124.2632,-71.2289
270,9003,480,124.5631,-71.2063
270,9003,488,124.9629,-71.1784
270,9003,496,125.2556,-71.1597
270,9003,504,125.6965,-71.1368
270,9003,512,125.8926,-71.1281
270,9003,520,126.1225,-71.1199
270,9003,528,127.7690,-71.0777
270,9003,536,131.5896,-70.7517
270,9003,544,131.7671,-70.7324
270,9003,552,133.1072,-70.6034
270,9003,560,136.6254,-70.2331
270,9003,568,146.1092,-69.0959
270,9003,576,172.9442,-66.3968
270,9003,584,190.4524,-65.4223
270,9003,592,199.8436,-65.1203
270,9003,600,208.5193,-64.9305
270,9003,608,217.1951,-64.8041
270,9003,616,228.4732,-64.6993
270,9003,624,267.3206,-64.5799
270,9003,632,313.0464,-64.5636
270,9003,640,770.5219,-64.5610
270,9004,0,0.0000,-65.0000
270,9004,8,0.0699,-64.9855
270,9004,16,0.6811,-64.9173
270,9004,24,5.5147,-64.6276
270,9004,32,14.0905,-64.5433
270,9004,40,22.6664,-64.5540
270,9004,48,36.8228,-64.5609
270,9004,56,100.0000,-64.5618
270,9004,64,100.0497,-64.5705
270,9004,72,100.3327,-64.9186
270,9004,80,100.6998,-65.8365
270,9004,88,100.8852,-66.3861
270,9004,96,100.9587,-66.6090
270,9004,104,101.2000,-67.3385
270,9004,112,101.3270,-67.7101
270,9004,120,101.3888,-67.8865
270,9004,128,101.6601,-68.6143
270,9004,136,101.8652,-69.1046
270,9004,144,102.2369,-69.8579
270,9004,152,102.3250,-70.0107
270,9004,160,102.5992,-70.4306
270,9004,168,103.4401,-71.2747
270,9004,176,103.6750,-71.4154
270,9004,184,103.7453,-71.4518
270,9004,192,104.0900,-71.6039
270,9004,200,104.5450,-71.7471
270,9004,208,104.6750,-71.7780
270,9004,216,104.7300,-71.7901
270,9004,224,104.8352,-71.8122
270,9004,232,104.9250,-71.8302
270,9004,240,105.3420,-71.9086
270,9004,248,105.6555,-71.9585
270,9004,256,105.7700,-71.9747
270,9004,264,106.2043,-72.0304
270,9004,272,107.2322,-72.1046
270,9004,280,107.8650,-72.1107
270,9004,288,107.9118,-72.1103
270,9004,296,108.0830,-72.1097
270,9004,304,108.1551,-72.1097
270,9004,312,108.9128,-72.1224
270,9004,320,109.5657,-72.1242
270,9004,328,110.2604,-72.1132
270,9004,336,110.4456,-72.1084
270,9004,344,111.6872,-72.0709
270,9004,352,111.9921,-72.0560
270,9004,360,112.2531,-72.0431
270,9004,368,112.5800,-72.0299
270,9004,376,112.8600,-72.0219
270,9004,384,112.9450,-72.0200
270,9004,392,113.3815,-72.0158
270,9004,400,113.9384,-72.0119
270,9004,408,114.9235,-71.9907
270,9004,416,116.2588,-71.9192
270,9004,424,118.0179,-71.7873
270,9004,432,118.6781,-71.7300
270,9004,440,120.0967,-71.6125
270,9004,448,122.5300,-71.3796
270,9004,456,122.9271,-71.3400
270,9004,464,123.3049,-71.3048
270,9004,472,124.2632,-71.2289
270,9004,480,124.5631,-71.2063
270,9004,488,124.9629,-71.1784
270,9004,496,125.2556,-71.1597
270,9004,504,125.6965,-71.1368
270,9004,512,125.8926,-71.1281
270,9004,520,126.1225,-71.1199
270,9004,528,127.7690,-71.0777
270,9004,536,131.5896,-70.7517
270,9004,544,131.7671,-70.7324
270,9004,552,133.1072,-70.6034
270,9004,560,136.6254,-70.2331
270,9004,568,146.1092,-69.0959
270,9004,576,172.9442,-66.3968
270,9004,584,190.4524,-65.4223
270,9004,592,199.8436,-65.1203
270,9004,600,208.5193,-64.9305
270,9004,608,217.1951,-64.8041
270,9004,616,228.4732,-64.6993
270,9004,624,267.3206,-64.5799
270,9004,632,313.0464,-64.5636
270,9004,640,770.5219,-64.5610
270,9005,0,0.0000,-65.0000
270,9005,8,0.0699,-64.9855
270,9005,16,0.6811,-64.9173
270,9005,24,5.5147,-64.6276
270,9005,32,14.0905,-64.5433
270,9005,40,22.6664,-64.5540
270,9005,48,36.8228,-64.5609
270,9005,56,100.0000,-64.5618
270,9005,64,100.0497,-64.5705
270,9005,72,100.3327,-64.9186
270,9005,80,100.6998,-65.8365
270,9005,88,100.8852,-66.3861
270,9005,96,100.9587,-66.6090
270,9005,104,101.2000,-67.3385
270,9005,112,101.3270,-67.7101
270,9005,120,101.3888,-67.8865
270,9005,128,101.6601,-68.6143
270,9005,136,101.8652,-69.1046
270,9005,144,102.2369,-69.8579
270,9005,152,102.3250,-70.0107
270,9005,160,102.5992,-70.4306
270,9005,168,103.4401,-71.2747
270,9005,176,103.6750,-71.4154
270,9005,184,103.7453,-71.4518
270,9005,192,104.0900,-71.6039
270,9005,200,104.5450,-71.7471
270,9005,208,104.6750,-71.7780
270,9005,216,104.7300,-71.7901
270,9005,224,104.8352,-71.8122
270,9005,232,104.9250,-71.8302
270,9005,240,105.3420,-71.9086
270,9005,248,105.6555,-71.9585
270,9005,256,105.7700,-71.9747
270,9005,264,106.2043,-72.0304
270,9005,272,107.2322,-72.1046
270,9005,280,107.8650,-72.1107
270,9005,288,107.9118,-72.1103
270,9005,296,108.0830,-72.1097
270,9005,304,108.1551,-72.1097
270,9005,312,108.9128,-72.1224
270,9005,320,109.5657,-72.1242
270,9005,328,110.2604,-72.1132
270,9005,336,110.4456,-72.1084
270,9005,344,111.6872,-72.0709
270,9005,352,111.9921,-72.0560
270,9005,360,112.2531,-72.0431
270,9005,368,112.5800,-72.0299
270,9005,376,112.8600,-72.0219
270,9005,384,112.9450,-72.0200
270,9005,392,113.3815,-72.0158
270,9005,400,113.9384,-72.0119
270,9005,408,114.9235,-71.9907
270,9005,416,116.2588,-71.9192
270,9005,424,118.0179,-71.7873
270,9005,432,118.6781,-71.7300
270,9005,440,120.0967,-71.6125
270,9005,448,122.5300,-71.3796
270,9005,456,122.9271,-71.3400
270,9005,464,123.3049,-71.3048
270,9005,472,124.2632,-71.2289
270,9005,480,124.5631,-71.2063
270,9005,488,124.9629,-71.1784
270,9005,496,125.2556,-71.1597
270,9005,504,125.6965,-71.1368
270,9005,512,125.8926,-71.1281
270,9005,520,126.1225,-71.1199
270,9005,528,127.7690,-71.0777
270,9005,536,131.5896,-70.7517
270,9005,544,131.7671,-70.7324
270,9005,552,133.1072,-70.6034
270,9005,560,136.6254,-70.2331
270,9005,568,146.1092,-69.0959
270,9005,576,172.9442,-66.3968
270,9005,584,190.4524,-65.4223
270,9005,592,199.8436,-65.1203
270,9005,600,208.5193,-64.9305
270,9005,608,217.1951,-64.8041
270,9005,616,228.4732,-64.6993
270,9005,624,267.3206,-64.5799
270,9005,632,313.0464,-64.5636
270,9005,640,770.5219,-64.5610
270,9006,0,0.0000,-65.0000
270,9006,8,0.0699,-64.9855
270,9006,16,0.6811,-64.9173
270,9006,24,5.5147,-64.6276
270,9006,32,14.0905,-64.5433
270,9006,40,22.6664,-64.5540
270,9006,48,36.8228,-64.5609
270,9006,56,100.0000,-64.5618
270,9006,64,100.0497,-64.5705
270,9006,72,100.3327,-64.9186
270,9006,80,100.6998,-65.8365
270,9006,88,100.8852,-66.3861
270,9006,96,100.9587,-66.6090
270,9006,104,101.2000,-67.3385
270,9006,112,101.3270,-67.7101
270,9006,120,101.3888,-67.8865
270,9006,128,101.6601,-68.6143
270,9006,136,101.8652,-69.1046
270,9006,144,102.2369,-69.8579
270,9006,152,102.3250,-70.0107
270,9006,160,102.5992,-70.4306
270,9006,168,103.4401,-71.2747
270,9006,176,103.6750,-71.4154
270,9006,184,103.7453,-71.4518
270,9006,192,104.0900,-71.6039
270,9006,200,104.5450,-71.7471
270,9006,208,104.6750,-71.7780
270,9006,216,104.7300,-71.7901
270,9006,224,104.8352,-71.8122
270,9006,232,104.9250,-71.8302
270,9006,240,105.3420,-71.9086
270,9006,248,105.6555,-71.9585
270,9006,256,105.7700,-71.9747
270,9006,264,106.2043,-72.0304
270,9006,272,107.2322,-72.1046
270,9006,280,107.8650,-72.1107
270,9006,288,107.9118,-72.1103
270,9006,296,108.0830,-72.1097
270,9006,304,108.1551,-72.1097
270,9006,312,108.9128,-72.1224
270,9006,320,109.5657,-72.1242
270,9006,328,110.2604,-72.1132
270,9006,336,110.4456,-72.1084
270,9006,344,111.6872,-72.0709
270,9006,352,111.9921,-72.0560
270,9006,360,112.2531,-72.0431
270,9006,368,112.5800,-72.0299
270,9006,376,112.8600,-72.0219
270,9006,384,112.9450,-72.0200
270,9006,392,113.3815,-72.0158
270,9006,400,113.9384,-72.0119
270,9006,408,114.9235,-71.9907
270,9006,416,116.2588,-71.9192
270,9006,424,118.0179,-71.7873
270,9006,432,118.6781,-71.7300
270,9006,440,120.0967,-71.6125
270,9006,448,122.5300,-71.3796
270,9006,456,122.9271,-71.3400
270,9006,464,123.3049,-71.3048
270,9006,472,124.2632,-71.2289
270,9006,480,124.5631,-71.2063
270,9006,488,124.9629,-71.1784
270,9006,496,125.2556,-71.1597
270,9006,504,125.6965,-71.1368
270,9006,512,125.8926,-71.1281
270,9006,520,126.1225,-71.1199
270,9006,528,127.7690,-71.0777
270,9006,536,131.5896,-70.7517
270,9006,544,131.7671,-70.7324
270,9006,552,133.1072,-70.6034
270,9006,560,136.6254,-70.2331
270,9006,568,146.1092,-69.0959
270,9006,576,172.9442,-66.3968
270,9006,584,190.4524,-65.4223
270,9006,592,199.8436,-65.1203
270,9006,600,208.5193,-64.9305
270,9006,608,217.1951,-64.8041
270,9006,616,228.4732,-64.6993
270,9006,624,267.3206,-64.5799
270,9006,632,313.0464,-64.5636
270,9006,640,770.5219,-64.5610
270,9007,0,0.0000,-65.0000
270,9007,8,0.0699,-64.9855
270,9007,16,0.6811,-64.9173
270,9007,24,5.5147,-64.6276
270,9007,32,14.0905,-64.5433
270,9007,40,22.6664,-64.5540
270,9007,48,36.8228,-64.5609
270,9007,56,100.0000,-64.5618
270,9007,64,100.0497,-64.5705
270,9007,72,100.3327,-64.9186
270,9007,80,100.6998,-65.8365
270,9007,88,100.8852,-66.3861
270,9007,96,100.9587,-66.6090
270,9007,104,101.2000,-67.3385
270,9007,112,101.3270,-67.7101
270,9007,120,101.3888,-67.8865
270,9007,128,101.6601,-68.6143
270,9007,136,101.8652,-69.1046
270,9007,144,102.2369,-69.8579
270,9007,152,102.3250,-70.0107
270,9007,160,102.5992,-70.4306
270,9007,168,103.4401,-71.2747
270,9007,176,103.6750,-71.4154
270,9007,184,103.7453,-71.4518
270,9007,192,104.0900,-71.6039
270,9007,200,104.5450,-71.7471
270,9007,208,104.6750,-71.7780
270,9007,216,104.7300,-71.7901
270,9007,224,104.8352,-71.8122
270,9007,232,104.9250,-71.8302
270,9007,240,105.3420,-71.9086
270,9007,248,105.6555,-71.9585
270,9007,256,105.7700,-71.9747
270,9007,264,106.2043,-72.0304
270,9007,272,107.2322,-72.1046
270,9007,280,107.8650,-72.1107
270,9007,288,107.9118,-72.1103
270,9007,296,108.0830,-72.1097
270,9007,304,108.1551,-72.1097
270,9007,312,108.9128,-72.1224
270,9007,320,109.5657,-72.1242
270,9007,328,110.2604,-72.1132
270,9007,336,110.4456,-72.1084
270,9007,344,111.6872,-72.0709
270,9007,352,111.9921,-72.0560
270,9007,360,112.2531,-72.0431
270,9007,368,112.5800,-72.0299
270,9007,376,112.8600,-72.0219
270,9007,384,112.9450,-72.0200
270,9007,392,113.3815,-72.0158
270,9007,400,113.9384,-72.0119
270,9007,408,114.9235,-71.9907
270,9007,416,116.2588,-71.9192
270,9007,424,118.0179,-71.7873
270,9007,432,118.6781,-71.7300
270,9007,440,120.0967,-71.6125
270,9007,448,122.5300,-71.3796
270,9007,456,122.9271,-71.3400
270,9007,464,123.3049,-71.3048
270,9007,472,124.2632,-71.2289
270,9007,480,124.5631,-71.2063
270,9007,488,124.9629,-71.1784
270,9007,496,125.2556,-71.1597
270,9007,504,125.6965,-71.1368
270,9007,512,125.8926,-71.1281
270,9007,520,126.1225,-71.1199
270,9007,528,127.7690,-71.0777
270,9007,536,131.5896,-70.7517
270,9007,544,131.7671,-70.7324
270,9007,552,133.1072,-70.6034
270,9007,560,136.6254,-70.2331
270,9007,568,146.1092,-69.0959
270,9007,576,172.9442,-66.3968
270,9007,584,190.4524,-65.4223
270,9007,592,199.8436,-65.1203
270,9007,600,208.5193,-64.9305
270,9007,608,217.1951,-64.8041
270,9007,616,228.4732,-64.6993
270,9007,624,267.3206,-64.5799
270,9007,632,313.0464,-64.5636
270,9007,640,770.5219,-64.5610
270,9008,0,0.0000,-65.0000
270,9008,8,0.0699,-64.9855
270,9008,16,0.6811,-64.9173
270,9008,24,5.5147,-64.6276
270,9008,32,14.0905,-64.5433
270,9008,40,22.6664,-64.5540
270,9008,48,36.8228,-64.5609
270,9008,56,100.0000,-64.5618
270,9008,64,100.0497,-64.5705
270,9008,72,100.3327,-64.9186
270,9008,80,100.6998,-65.8365
270,9008,88,100.8852,-66.3861
270,9008,96,100.9587,-66.6090
270,9008,104,101.2000,-67.3385
270,9008,112,101.3270,-67.7101
270,9008,120,101.3888,-67.8865
270,9008,128,101.6601,-68.6143
270,9008,136,101.8652,-69.1046
270,9008,144,102.2369,-69.8579
270,9008,152,102.3250,-70.0107
270,9008,160,102.5992,-70.4306
270,9008,168,103.4401,-71.2747
270,9008,176,103.6750,-71.4154
270,9008,184,103.7453,-71.4518
270,9008,192,104.0900,-71.6039
270,9008,200,104.5450,-71.7471
270,9008,208,104.6750,-71.7780
270,9008,216,104.7300,-71.7901
270,9008,224,104.8352,-71.8122
270,9008,232,104.9250,-71.8302
270,9008,240,105.3420,-71.9086
270,9008,248,105.6555,-71.9585
270,9008,256,105.7700,-71.9747
270,9008,264,106.2043,-72.0304
270,9008,272,107.2322,-72.1046
270,9008,280,107.8650,-72.1107
270,9008,288,107.9118,-72.1103
270,9008,296,108.0830,-72.1097
270,9008,304,108.1551,-72.1097
270,9008,312,108.9128,-72.1224
270,9008,320,109.5657,-72.1242
270,9008,328,110.2604,-72.1132
270,9008,336,110.4456,-72.1084
270,9008,344,111.6872,-72.0709
270,9008,352,111.9921,-72.0560
270,9008,360,112.2531,-72.0431
270,9008,368,112.5800,-72.0299
270,9008,376,112.8600,-72.0219
270,9008,384,112.9450,-72.0200
270,9008,392,113.3815,-72.0158
270,9008,400,113.9384,-72.0119
270,9008,408,114.9235,-71.9907
270,9008,416,116.2588,-71.9192
270,9008,424,118.0179,-71.7873
270,9008,432,118.6781,-71.7300
270,9008,440,120.0967,-71.6125
270,9008,448,122.5300,-71.3796
270,9008,456,122.9271,-71.3400
270,9008,464,123.3049,-71.3048
270,9008,472,124.2632,-71.2289
270,9008,480,124.5631,-71.2063
270,9008,488,124.9629,-71.1784
270,9008,496,125.2556,-71.1597
270,9008,504,125.6965,-71.1368
270,9008,512,125.8926,-71.1281
270,9008,520,126.1225,-71.1199
270,9008,528,127.7690,-71.0777
270,9008,536,131.5896,-70.7517
270,9008,544,131.7671,-70.7324
270,9008,552,133.1072,-70.6034
270,9008,560,136.6254,-70.2331
270,9008,568,146.1092,-69.0959
270,9008,576,172.9442,-66.3968
270,9008,584,190.4524,-65.4223
270,9008,592,199.8436,-65.1203
270,9008,600,208.5193,-64.9305
270,9008,608,217.1951,-64.8041
270,9008,616,228.4732,-64.6993
270,9008,624,267.3206,-64.5799
270,9008,632,313.0464,-64.5636
270,9008,640,770.5219,-64.5610
270,9009,0,0.0000,-65.0000
270,9009,8,0.0699,-64.9855
270,9009,16,0.6811,-64.9173
270,9009,24,5.5147,-64.6276
270,9009,32,14.0905,-64.5433
270,9009,40,22.6664,-64.5540
270,9009,48,36.8228,-64.5609
270,9009,56,100.0000,-64.5618
270,9009,64,100.0497,-64.5705
270,9009,72,100.3327,-64.9186
270,9009,80,100.6998,-65.8365
270,9009,88,100.8852,-66.3861
270,9009,96,100.9587,-66.6090
270,9009,104,101.2000,-67.3385
270,9009,112,101.3270,-67.7101
270,9009,120,101.3888,-67.8865
270,9009,128,101.6601,-68.6143
270,9009,136,101.8652,-69.1046
270,9009,144,102.2369,-69.8579
270,9009,152,102.3250,-70.0107
270,9009,160,102.5992,-70.4306
270,9009,168,103.4401,-71.2747
270,9009,176,103.6750,-71.4154
270,9009,184,103.7453,-71.4518
270,9009,192,104.0900,-71.6039
270,9009,200,104.5450,-71.7471
270,9009,208,104.6750,-71.7780
270,9009,216,104.7300,-71.7901
270,9009,224,104.8352,-71.8122
270,9009,232,104.9250,-71.8302
270,9009,240,105.3420,-71.9086
270,9009,248,105.6555,-71.9585
270,9009,256,105.7700,-71.9747
270,9009,264,106.2043,-72.0304
270,9009,272,107.2322,-72.1046
270,9009,280,107.8650,-72.1107
270,9009,288,107.9118,-72.1103
270,9009,296,108.0830,-72.1097
270,9009,304,108.1551,-72.1097
270,9009,312,108.9128,-72.1224
270,9009,320,109.5657,-72.1242
270,9009,328,110.2604,-72.1132
270,9009,336,110.4456,-72.1084
270,9009,344,111.6872,-72.0709
270,9009,352,111.9921,-72.0560
270,9009,360,112.2531,-72.0431
270,9009,368,112.5800,-72.0299
270,9009,376,112.8600,-72.0219
270,9009,384,112.9450,-72.0200
270,9009,392,113.3815,-72.0158
270,9009,400,113.9384,-72.0119
270,9009,408,114.9235,-71.9907
270,9009,416,116.2588,-71.9192
270,9009,424,118.0179,-71.7873
270,9009,432,118.6781,-71.7300
270,9009,440,120.0967,-71.6125
270,9009,448,122.5300,-71.3796
270,9009,456,122.9271,-71.3400
270,9009,464,123.3049,-71.3048
270,9009,472,124.2632,-71.2289
270,9009,480,124.5631,-71.2063
270,9009,488,124.9629,-71.1784
270,9009,496,125.2556,-71.1597
270,9009,504,125.6965,-71.1368
270,9009,512,125.8926,-71.1281
270,9009,520,126.1225,-71.1199
270,9009,528,127.7690,-71.0777
270,9009,536,131.5896,-70.7517
270,9009,544,131.7671,-70.7324
270,9009,552,133.1072,-70.6034
270,9009,560,136.6254,-70.2331
270,9009,568,146.1092,-69.0959
270,9009,576,172.9442,-66.3968
270,9009,584,190.4524,-65.4223
270,9009,592,199.8436,-65.1203
270,9009,600,208.5193,-64.9305
270,9009,608,217.1951,-64.8041
270,9009,616,228.4732,-64.6993
270,9009,624,267.3206,-64.5799
270,9009,632,313.0464,-64.5636
270,9009,640,770.5219,-64.5610
270,9010,0,0.0000,-65.0000
270,9010,8,0.0699,-64.9855
270,9010,16,0.6811,-64.9173
270,9010,24,5.5147,-64.6276
270,9010,32,14.0905,-64.5433
270,9010,40,22.6664,-64.5540
270,9010,48,36.8228,-64.5609
270,9010,56,100.0000,-64.5618
270,9010,64,100.0497,-64.5705
270,9010,72,100.3327,-64.9186
270,9010,80,100.6998,-65.8365
270,9010,88,100.8852,-66.3861
270,9010,96,100.9587,-66.6090
270,9010,104,101.2000,-67.3385
270,9010,112,101.3270,-67.7101
270,9010,120,101.3888,-67.8865
270,9010,128,101.6601,-68.6143
270,9010,136,101.8652,-69.1046
270,9010,144,102.2369,-69.8579
270,9010,152,102.3250,-70.0107
270,9010,160,102.5992,-70.4306
270,9010,168,103.4401,-71.2747
270,9010,176,103.6750,-71.4154
270,9010,184,103.7453,-71.4518
270,9010,192,104.0900,-71.6039
270,9010,200,104.5450,-71.7471
270,9010,208,104.6750,-71.7780
270,9010,216,104.7300,-71.7901
270,9010,224,104.8352,-71.8122
270,9010,232,104.9250,-71.8302
270,9010,240,105.3420,-71.9086
270,9010,248,105.6555,-71.9585
270,9010,256,105.7700,-71.9747
270,9010,264,106.2043,-72.0304
270,9010,272,107.2322,-72.1046
270,9010,280,107.8650,-72.1107
270,9010,288,107.9118,-72.1103
270,9010,296,108.0830,-72.1097
270,9010,304,108.1551,-72.1097
270,9010,312,108.9128,-72.1224
270,9010,320,109.5657,-72.1242
270,9010,328,110.2604,-72.1132
270,9010,336,110.4456,-72.1084
270,9010,344,111.6872,-72.0709
270,9010,352,111.9921,-72.0560
270,9010,360,112.2531,-72.0431
270,9010,368,112.5800,-72.0299
270,9010,376,112.8600,-72.0219
270,9010,384,112.9450,-72.0200
270,9010,392,113.3815,-72.0158
270,9010,400,113.9384,-72.0119
270,9010,408,114.9235,-71.9907
270,9010,416,116.2588,-71.9192
270,9010,424,118.0179,-71.7873
270,9010,432,118.6781,-71.7300
270,9010,440,120.0967,-71.6125
270,9010,448,122.5300,-71.3796
270,9010,456,122.9271,-71.3400
270,9010,464,123.3049,-71.3048
270,9010,472,124.2632,-71.2289
270,9010,480,124.5631,-71.2063
270,9010,488,124.9629,-71.1784
270,9010,496,125.2556,-71.1597
270,9010,504,125.6965,-71.1368
270,9010,512,125.8926,-71.1281
270,9010,520,126.1225,-71.1199
270,9010,528,127.7690,-71.0777
270,9010,536,131.5896,-70.7517
270,9010,544,131.7671,-70.7324
270,9010,552,133.1072,-70.6034
270,9010,560,136.6254,-70.2331
270,9010,568,146.1092,-69.0959
270,9010,576,172.9442,-66.3968
270,9010,584,190.4524,-65.4223
270,9010,592,199.8436,-65.1203
270,9010,600,208.5193,-64.9305
270,9010,608,217.1951,-64.8041
270,9010,616,228.4732,-64.6993
270,9010,624,267.3206,-64.5799
270,9010,632,313.0464,-64.5636
270,9010,640,770.5219,-64.5610
300,10001,0,0.0000,-65.0000
300,10001,8,0.0699,-64.9855
300,10001,16,0.6811,-64.9173
300,10001,24,5.5147,-64.6276
300,10001,32,14.0905,-64.5433
300,10001,40,22.6664,-64.5540
300,10001,48,36.8228,-64.5609
300,10001,56,100.0000,-64.5618
300,10001,64,100.0370,-64.5646
300,10001,72,100.0977,-64.5829
300,10001,80,100.4515,-64.9244
300,10001,88,100.9678,-65.8185
300,10001,96,101.2914,-66.4460
300,10001,104,101.3418,-66.5433
300,10001,112,101.4258,-66.7046
300,10001,120,101.5604,-66.9606
300,10001,128,101.8485,-67.4920
300,10001,136,102.1568,-68.0158
300,10001,144,102.2386,-68.1459
300,10001,152,102.4772,-68.5057
300,10001,160,102.6727,-68.7760
300,10001,168,102.8543,-69.0066
300,10001,176,103.0500,-69.2357
300,10001,184,103.2208,-69.4206
300,10001,192,103.4840,-69.6785
300,10001,200,103.6719,-69.8437
300,10001,208,103.9931,-70.0922
300,10001,216,104.1351,-70.1886
300,10001,224,104.2864,-70.2840
300,10001,232,104.3876,-70.3440
300,10001,240,104.5789,-70.4497
300,10001,248,105.3850,-70.7997
300,10001,256,105.5039,-70.8376
300,10001,264,105.6120,-70.8697
300,10001,272,105.7753,-70.9154
300,10001,280,106.1126,-71.0020
300,10001,288,106.3536,-71.0571
300,10001,296,106.7834,-71.1414
300,10001,304,107.1262,-71.1952
300,10001,312,107.3233,-71.2214
300,10001,320,108.1942,-71.3058
300,10001,328,108.7457,-71.3300
300,10001,336,109.2050,-71.3351
300,10001,344,109.4986,-71.3343
300,10001,352,110.0432,-71.3302
300,10001,360,110.2521,-71.3278
300,10001,368,110.3297,-71.3271
300,10001,376,110.8555,-71.3313
300,10001,384,111.1091,-71.3367
300,10001,392,111.1855,-71.3387
300,10001,400,111.5906,-71.3530
300,10001,408,112.0507,-71.3702
300,10001,416,112.5172,-71.3816
300,10001,424,113.5354,-71.3835
300,10001,432,113.9374,-71.3751
300,10001,440,114.4909,-71.3567
300,10001,448,114.6912,-71.3488
300,10001,456,115.1799,-71.3304
300,10001,464,115.3544,-71.3243
300,10001,472,115.6939,-71.3149
300,10001,480,116.9061,-71.2819
300,10001,488,117.8665,-71.2310
300,10001,496,118.3388,-71.2021
300,10001,504,118.4413,-71.1957
300,10001,512,118.9258,-71.1703
300,10001,520,119.8182,-71.1341
300,10001,528,121.0826,-71.0599
300,10001,536,122.1361,-70.9855
300,10001,544,122.6900,-70.9423
300,10001,552,123.7440,-70.8601
300,10001,560,124.3660,-70.8118
300,10001,568,127.4776,-70.5286
300,10001,576,128.0957,-70.4615
300,10001,584,128.7302,-70.3969
300,10001,592,129.2727,-70.3479
300,10001,600,129.7872,-70.3054
300,10001,608,130.7011,-70.2380
300,10001,616,132.4337,-70.0946
300,10001,624,137.8740,-69.4892
300,10001,632,143.2055,-68.8506
300,10001,640,147.0272,-68.4108
300,10001,648,150.4554,-68.0314
300,10001,656,154.6225,-67.5939
300,10001,664,159.1634,-67.1546
300,10001,672,163.7043,-66.7568
300,10001,680,183.9191,-65.4957
300,10001,688,218.1912,-64.7435
300,10001,696,252.4633,-64.5954
300,10001,704,286.7354,-64.5682
300,10001,712,336.3073,-64.5609
300,10001,720,465.0434,-64.5616
300,10001,728,896.8428,-64.5607
300,10002,0,0.0000,-65.0000
300,10002,8,0.0699,-64.9855
300,10002,16,0.6811,-64.9173
300,10002,24,5.5147,-64.6276
300,10002,32,14.0905,-64.5433
300,10002,40,22.6664,-64.5540
300,10002,48,36.8228,-64.5609
300,10002,56,100.0000,-64.5618
300,10002,64,100.0370,-64.5646
300,10002,72,100.0977,-64.5829
300,10002,80,100.4515,-64.9244
300,10002,88,100.9678,-65.8185
300,10002,96,101.2914,-66.4460
300,10002,104,101.3418,-66.5433
300,10002,112,101.4258,-66.7046
300,10002,120,101.5604,-66.9606
300,10002,128,101.8485,-67.4920
300,10002,136,102.1568,-68.0158
300,10002,144,102.2386,-68.1459
300,10002,152,102.4772,-68.5057
300,10002,160,102.6727,-68.7760
300,10002,168,102.8543,-69.0066
300,10002,176,103.0500,-69.2357
300,10002,184,103.2208,-69.4206
300,10002,192,103.4840,-69.6785
300,10002,200,103.6719,-69.8437
300,10002,208,103.9931,-70.0922
300,10002,216,104.1351,-70.1886
300,10002,224,104.2864,-70.2840
300,10002,232,104.3876,-70.3440
300,10002,240,104.5789,-70.4497
300,10002,248,105.3850,-70.7997
300,10002,256,105.5039,-70.8376
300,10002,264,105.6120,-70.8697
300,10002,272,105.7753,-70.9154
300,10002,280,106.1126,-71.0020
300,10002,288,106.3536,-71.0571
300,10002,296,106.7834,-71.1414
300,10002,304,107.1262,-71.1952
300,10002,312,107.3233,-71.2214
300,10002,320,108.1942,-71.3058
300,10002,328,108.7457,-71.3300
300,10002,336,109.2050,-71.3351
300,10002,344,109.4986,-71.3343
300,10002,352,110.0432,-71.3302
300,10002,360,110.2521,-71.3278
300,10002,368,110.3297,-71.3271
300,10002,376,110.8555,-71.3313
300,10002,384,111.1091,-71.3367
300,10002,392,111.1855,-71.3387
300,10002,400,111.5906,-71.3530
300,10002,408,112.0507,-71.3702
300,10002,416,112.5172,-71.3816
300,10002,424,113.5354,-71.3835
300,10002,432,113.9374,-71.3751
300,10002,440,114.4909,-71.3567
300,10002,448,114.6912,-71.3488
300,10002,456,115.1799,-71.3304
300,10002,464,115.3544,-71.3243
300,10002,472,115.6939,-71.3149
300,10002,480,116.9061,-71.2819
300,10002,488,117.8665,-71.2310
300,10002,496,118.3388,-71.2021
300,10002,504,118.4413,-71.1957
300,10002,512,118.9258,-71.1703
300,10002,520,119.8182,-71.1341
300,10002,528,121.0826,-71.0599
300,10002,536,122.1361,-70.9855
300,10002,544,122.6900,-70.9423
300,10002,552,123.7440,-70.8601
300,10002,560,124.3660,-70.8118
300,10002,568,127.4776,-70.5286
300,10002,576,128.0957,-70.4615
300,10002,584,128.7302,-70.3969
300,10002,592,129.2727,-70.3479
300,10002,600,129.7872,-70.3054
300,10002,608,130.7011,-70.2380
300,10002,616,132.4337,-70.0946
300,10002,624,137.8740,-69.4892
300,10002,632,143.2055,-68.8506
300,10002,640,147.0272,-68.4108
300,10002,648,150.4554,-68.0314
300,10002,656,154.6225,-67.5939
300,10002,664,159.1634,-67.1546
300,10002,672,163.7043,-66.7568
300,10002,680,183.9191,-65.4957
300,10002,688,218.1912,-64.7435
300,10002,696,252.4633,-64.5954
300,10002,704,286.7354,-64.5682
300,10002,712,336.3073,-64.5609
300,10002,720,465.0434,-64.5616
300,10002,728,896.8428,-64.5607
300,10003,0,0.0000,-65.0000
300,10003,8,0.0699,-64.9855
300,10003,16,0.6811,-64.9173
300,10003,24,5.5147,-64.6276
300,10003,32,14.0905,-64.5433
300,10003,40,22.6664,-64.5540
300,10003,48,36.8228,-64.5609
300,10003,56,100.0000,-64.5618
300,10003,64,100.0370,-64.5646
300,10003,72,100.0977,-64.5829
300,10003,80,100.4515,-64.9244
300,10003,88,100.9678,-65.8185
300,10003,96,101.2914,-66.4460
300,10003,104,101.3418,-66.5433
300,10003,112,101.4258,-66.7046
300,10003,120,101.5604,-66.9606
300,10003,128,101.8485,-67.4920
300,10003,136,102.1568,-68.0158
300,10003,144,102.2386,-68.1459
300,10003,152,102.4772,-68.5057
300,10003,160,102.6727,-68.7760
300,10003,168,102.8543,-69.0066
300,10003,176,103.0500,-69.2357
300,10003,184,103.2208,-69.4206
300,10003,192,103.4840,-69.6785
300,10003,200,103.6719,-69.8437
300,10003,208,103.9931,-70.0922
300,10003,216,104.1351,-70.1886
300,10003,224,104.2864,-70.2840
300,10003,232,104.3876,-70.3440
300,10003,240,104.5789,-70.4497
300,10003,248,105.3850,-70.7997
300,10003,256,105.5039,-70.8376
300,10003,264,105.6120,-70.8697
300,10003,272,105.7753,-70.9154
300,10003,280,106.1126,-71.0020
300,10003,288,106.3536,-71.0571
300,10003,296,106.7834,-71.1414
300,10003,304,107.1262,-71.1952
300,10003,312,107.3233,-71.2214
300,10003,320,108.1942,-71.3058
300,10003,328,108.7457,-71.3300
300,10003,336,109.2050,-71.3351
300,10003,344,109.4986,-71.3343
300,10003,352,110.0432,-71.3302
300,10003,360,110.2521,-71.3278
300,10003,368,110.3297,-71.3271
300,10003,376,110.8555,-71.3313
300,10003,384,111.1091,-71.3367
300,10003,392,111.1855,-71.3387
300,10003,400,111.5906,-71.3530
300,10003,408,112.0507,-71.3702
300,10003,416,112.5172,-71.3816
300,10003,424,113.5354,-71.3835
300,10003,432,113.9374,-71.3751
300,10003,440,114.4909,-71.3567
300,10003,448,114.6912,-71.3488
300,10003,456,115.1799,-71.3304
300,10003,464,115.3544,-71.3243
300,10003,472,115.6939,-71.3149
300,10003,480,116.9061,-71.2819
300,10003,488,117.8665,-71.2310
300,10003,496,118.3388,-71.2021
300,10003,504,118.4413,-71.1957
300,10003,512,118.9258,-71.1703
300,10003,520,119.8182,-71.1341
300,10003,528,121.0826,-71.0599
300,10003,536,122.1361,-70.9855
300,10003,544,122.6900,-70.9423
300,10003,552,123.7440,-70.8601
300,10003,560,124.3660,-70.8118
300,10003,568,127.4776,-70.5286
300,10003,576,128.0957,-70.4615
300,10003,584,128.7302,-70.3969
300,10003,592,129.2727,-70.3479
300,10003,600,129.7872,-70.3054
300,10003,608,130.7011,-70.2380
300,10003,616,132.4337,-70.0946
300,10003,624,137.8740,-69.4892
300,10003,632,143.2055,-68.8506
300,10003,640,147.0272,-68.4108
300,10003,648,150.4554,-68.0314
300,10003,656,154.6225,-67.5939
300,10003,664,159.1634,-67.1546
300,10003,672,163.7043,-66.7568
300,10003,680,183.9191,-65.4957
300,10003,688,218.1912,-64.7435
300,10003,696,252.4633,-64.5954
300,10003,704,286.7354,-64.5682
300,10003,712,336.3073,-64.5609
300,10003,720,465.0434,-64.5616
300,10003,728,896.8428,-64.5607
300,10004,0,0.0000,-65.0000
300,10004,8,0.0699,-64.9855
300,10004,16,0.6811,-64.9173
300,10004,24,5.5147,-64.6276
300,10004,32,14.0905,-64.5433
300,10004,40,22.6664,-64.5540
300,10004,48,36.8228,-64.5609
300,10004,56,100.0000,-64.5618
300,10004,64,100.0370,-64.5646
300,10004,72,100.0977,-64.5829
300,10004,80,100.4515,-64.9244
300,10004,88,100.9678,-65.8185
300,10004,96,101.2914,-66.4460
300,10004,104,101.3418,-66.5433
300,10004,112,101.4258,-66.7046
300,10004,120,101.5604,-66.9606
300,10004,128,101.8485,-67.4920
300,10004,136,102.1568,-68.0158
300,10004,144,102.2386,-68.1459
300,10004,152,102.4772,-68.5057
300,10004,160,102.6727,-68.7760
300,10004,168,102.8543,-69.0066
300,10004,176,103.0500,-69.2357
300,10004,184,103.2208,-69.4206
300,10004,192,103.4840,-69.6785
300,10004,200,103.6719,-69.8437
300,10004,208,103.9931,-70.0922
300,10004,216,104.1351,-70.1886
300,10004,224,104.2864,-70.2840
300,10004,232,104.3876,-70.3440
300,10004,240,104.5789,-70.4497
300,10004,248,105.3850,-70.7997
300,10004,256,105.5039,-70.8376
300,10004,264,105.6120,-70.8697
300,10004,272,105.7753,-70.9154
300,10004,280,106.1126,-71.0020
300,10004,288,106.3536,-71.0571
300,10004,296,106.7834,-71.1414
300,10004,304,107.1262,-71.1952
300,10004,312,107.3233,-71.2214
300,10004,320,108.1942,-71.3058
300,10004,328,108.7457,-71.3300
300,10004,336,109.2050,-71.3351
300,10004,344,109.4986,-71.3343
300,10004,352,110.0432,-71.3302
300,10004,360,110.2521,-71.3278
300,10004,368,110.3297,-71.3271
300,10004,376,110.8555,-71.3313
300,10004,384,111.1091,-71.3367
300,10004,392,111.1855,-71.3387
300,10004,400,111.5906,-71.3530
300,10004,408,112.0507,-71.3702
300,10004,416,112.5172,-71.3816
300,10004,424,113.5354,-71.3835
300,10004,432,113.9374,-71.3751
300,10004,440,114.4909,-71.3567
300,10004,448,114.6912,-71.3488
300,10004,456,115.1799,-71.3304
300,10004,464,115.3544,-71.3243
300,10004,472,115.6939,-71.3149
300,10004,480,116.9061,-71.2819
300,10004,488,117.8665,-71.2310
300,10004,496,118.3388,-71.2021
300,10004,504,118.4413,-71.1957
300,10004,512,118.9258,-71.1703
300,10004,520,119.8182,-71.1341
300,10004,528,121.0826,-71.0599
300,10004,536,122.1361,-70.9855
300,10004,544,122.6900,-70.9423
300,10004,552,123.7440,-70.8601
300,10004,560,124.3660,-70.8118
300,10004,568,127.4776,-70.5286
300,10004,576,128.0957,-70.4615
300,10004,584,128.7302,-70.3969
300,10004,592,129.2727,-70.3479
300,10004,600,129.7872,-70.3054
300,10004,608,130.7011,-70.2380
300,10004,616,132.4337,-70.0946
300,10004,624,137.8740,-69.4892
300,10004,632,143.2055,-68.8506
300,10004,640,147.0272,-68.4108
300,10004,648,150.4554,-68.0314
300,10004,656,154.6225,-67.5939
300,10004,664,159.1634,-67.1546
300,10004,672,163.7043,-66.7568
300,10004,680,183.9191,-65.4957
300,10004,688,218.1912,-64.7435
300,10004,696,252.4633,-64.5954
300,10004,704,286.7354,-64.5682
300,10004,712,336.3073,-64.5609
300,10004,720,465.0434,-64.5616
300,10004,728,896.8428,-64.5607
300,10005,0,0.0000,-65.0000
300,10005,8,0.0699,-64.9855
300,10005,16,0.6811,-64.9173
300,10005,24,5.5147,-64.6276
300,10005,32,14.0905,-64.5433
300,10005,40,22.6664,-64.5540
300,10005,48,36.8228,-64.5609
300,10005,56,100.0000,-64.5618
300,10005,64,100.0370,-64.5646
300,10005,72,100.0977,-64.5829
300,10005,80,100.4515,-64.9244
300,10005,88,100.9678,-65.8185
300,10005,96,101.2914,-66.4460
300,10005,104,101.3418,-66.5433
300,10005,112,101.4258,-66.7046
300,10005,120,101.5604,-66.9606
300,10005,128,101.8485,-67.4920
300,10005,136,102.1568,-68.0158
300,10005,144,102.2386,-68.1459
300,10005,152,102.4772,-68.5057
300,10005,160,102.6727,-68.7760
300,10005,168,102.8543,-69.0066
300,10005,176,103.0500,-69.2357
300,10005,184,103.2208,-69.4206
300,10005,192,103.4840,-69.6785
300,10005,200,103.6719,-69.8437
300,10005,208,103.9931,-70.0922
300,10005,216,104.1351,-70.1886
300,10005,224,104.2864,-70.2840
300,10005,232,104.3876,-70.3440
300,10005,240,104.5789,-70.4497
300,10005,248,105.3850,-70.7997
300,10005,256,105.5039,-70.8376
300,10005,264,105.6120,-70.8697
300,10005,272,105.7753,-70.9154
300,10005,280,106.1126,-71.0020
300,10005,288,106.3536,-71.0571
300,10005,296,106.7834,-71.1414
300,10005,304,107.1262,-71.1952
300,10005,312,107.3233,-71.2214
300,10005,320,108.1942,-71.3058
300,10005,328,108.7457,-71.3300
300,10005,336,109.2050,-71.3351
300,10005,344,109.4986,-71.3343
300,10005,352,110.0432,-71.3302
300,10005,360,110.2521,-71.3278
300,10005,368,110.3297,-71.3271
300,10005,376,110.8555,-71.3313
300,10005,384,111.1091,-71.3367
300,10005,392,111.1855,-71.3387
300,10005,400,111.5906,-71.3530
300,10005,408,112.0507,-71.3702
300,10005,416,112.5172,-71.3816
300,10005,424,113.5354,-71.3835
300,10005,432,113.9374,-71.3751
300,10005,440,114.4909,-71.3567
300,10005,448,114.6912,-71.3488
300,10005,456,115.1799,-71.3304
300,10005,464,115.3544,-71.3243
300,10005,472,115.6939,-71.3149
300,10005,480,116.9061,-71.2819
300,10005,488,117.8665,-71.2310
300,10005,496,118.3388,-71.2021
300,10005,504,118.4413,-71.1957
300,10005,512,118.9258,-71.1703
300,10005,520,119.8182,-71.1341
300,10005,528,121.0826,-71.0599
300,10005,536,122.1361,-70.9855
300,10005,544,122.6900,-70.9423
300,10005,552,123.7440,-70.8601
300,10005,560,124.3660,-70.8118
300,10005,568,127.4776,-70.5286
300,10005,576,128.0957,-70.4615
300,10005,584,128.7302,-70.3969
300,10005,592,129.2727,-70.3479
300,10005,600,129.7872,-70.3054
300,10005,608,130.7011,-70.2380
300,10005,616,132.4337,-70.0946
300,10005,624,137.8740,-69.4892
300,10005,632,143.2055,-68.8506
300,10005,640,147.0272,-68.4108
300,10005,648,150.4554,-68.0314
300,10005,656,154.6225,-67.5939
300,10005,664,159.1634,-67.1546
300,10005,672,163.7043,-66.7568
300,10005,680,183.9191,-65.4957
300,10005,688,218.1912,-64.7435
300,10005,696,252.4633,-64.5954
300,10005,704,286.7354,-64.5682
300,10005,712,336.3073,-64.5609
300,10005,720,465.0434,-64.5616
300,10005,728,896.8428,-64.5607
300,10006,0,0.0000,-65.0000
300,10006,8,0.0699,-64.9855
300,10006,16,0.6811,-64.9173
300,10006,24,5.5147,-64.6276
300,10006,32,14.0905,-64.5433
300,10006,40,22.6664,-64.5540
300,10006,48,36.8228,-64.5609
300,10006,56,100.0000,-64.5618
300,10006,64,100.0370,-64.5646
300,10006,72,100.0977,-64.5829
300,10006,80,100.4515,-64.9244
300,10006,88,100.9678,-65.8185
300,10006,96,101.2914,-66.4460
300,10006,104,101.3418,-66.5433
300,10006,112,101.4258,-66.7046
300,10006,120,101.5604,-66.9606
300,10006,128,101.8485,-67.4920
300,10006,136,102.1568,-68.0158
300,10006,144,102.2386,-68.1459
300,10006,152,102.4772,-68.5057
300,10006,160,102.6727,-68.7760
300,10006,168,102.8543,-69.0066
300,10006,176,103.0500,-69.2357
300,10006,184,103.2208,-69.4206
300,10006,192,103.4840,-69.6785
300,10006,200,103.6719,-69.8437
300,10006,208,103.9931,-70.0922
300,10006,216,104.1351,-70.1886
300,10006,224,104.2864,-70.2840
300,10006,232,104.3876,-70.3440
300,10006,240,104.5789,-70.4497
300,10006,248,105.3850,-70.7997
300,10006,256,105.5039,-70.8376
300,10006,264,105.6120,-70.8697
300,10006,272,105.7753,-70.9154
300,10006,280,106.1126,-71.0020
300,10006,288,106.3536,-71.0571
300,10006,296,106.7834,-71.1414
300,10006,304,107.1262,-71.1952
300,10006,312,107.3233,-71.2214
300,10006,320,108.1942,-71.3058
300,10006,328,108.7457,-71.3300
300,10006,336,109.2050,-71.3351
300,10006,344,109.4986,-71.3343
300,10006,352,110.0432,-71.3302
300,10006,360,110.2521,-71.3278
300,10006,368,110.3297,-71.3271
300,10006,376,110.8555,-71.3313
300,10006,384,111.1091,-71.3367
300,10006,392,111.1855,-71.3387
300,10006,400,111.5906,-71.3530
300,10006,408,112.0507,-71.3702
300,10006,416,112.5172,-71.3816
300,10006,424,113.5354,-71.3835
300,10006,432,113.9374,-71.3751
300,10006,440,114.4909,-71.3567
300,10006,448,114.6912,-71.3488
300,10006,456,115.1799,-71.3304
300,10006,464,115.3544,-71.3243
300,10006,472,115.6939,-71.3149
300,10006,480,116.9061,-71.2819
300,10006,488,117.8665,-71.2310
300,10006,496,118.3388,-71.2021
300,10006,504,118.4413,-71.1957
300,10006,512,118.9258,-71.1703
300,10006,520,119.8182,-71.1341
300,10006,528,121.0826,-71.0599
300,10006,536,122.1361,-70.9855
300,10006,544,122.6900,-70.9423
300,10006,552,123.7440,-70.8601
300,10006,560,124.3660,-70.8118
300,10006,568,127.4776,-70.5286
300,10006,576,128.0957,-70.4615
300,10006,584,128.7302,-70.3969
300,10006,592,129.2727,-70.3479
300,10006,600,129.7872,-70.3054
300,10006,608,130.7011,-70.2380
300,10006,616,132.4337,-70.0946
300,10006,624,137.8740,-69.4892
300,10006,632,143.2055,-68.8506
300,10006,640,147.0272,-68.4108
300,10006,648,150.4554,-68.0314
300,10006,656,154.6225,-67.5939
300,10006,664,159.1634,-67.1546
300,10006,672,163.7043,-66.7568
300,10006,680,183.9191,-65.4957
300,10006,688,218.1912,-64.7435
300,10006,696,252.4633,-64.5954
300,10006,704,286.7354,-64.5682
300,10006,712,336.3073,-64.5609
300,10006,720,465.0434,-64.5616
300,10006,728,896.8428,-64.5607
300,10007,0,0.0000,-65.0000
300,10007,8,0.0699,-64.9855
300,10007,16,0.6811,-64.9173
300,10007,24,5.5147,-64.6276
300,10007,32,14.0905,-64.5433
300,10007,40,22.6664,-64.5540
300,10007,48,36.8228,-64.5609
300,10007,56,100.0000,-64.5618
300,10007,64,100.0370,-64.5646
300,10007,72,100.0977,-64.5829
300,10007,80,100.4515,-64.9244
300,10007,88,100.9678,-65.8185
300,10007,96,101.2914,-66.4460
300,10007,104,101.3418,-66.5433
300,10007,112,101.4258,-66.7046
300,10007,120,101.5604,-66.9606
300,10007,128,101.8485,-67.4920
300,10007,136,102.1568,-68.0158
300,10007,144,102.2386,-68.1459
300,10007,152,102.4772,-68.5057
300,10007,160,102.6727,-68.7760
300,10007,168,102.8543,-69.0066
300,10007,176,103.0500,-69.2357
300,10007,184,103.2208,-69.4206
300,10007,192,103.4840,-69.6785
300,10007,200,103.6719,-69.8437
300,10007,208,103.9931,-70.0922
300,10007,216,104.1351,-70.1886
300,10007,224,104.2864,-70.2840
300,10007,232,104.3876,-70.3440
300,10007,240,104.5789,-70.4497
300,10007,248,105.3850,-70.7997
300,10007,256,105.5039,-70.8376
300,10007,264,105.6120,-70.8697
300,10007,272,105.7753,-70.9154
300,10007,280,106.1126,-71.0020
300,10007,288,106.3536,-71.0571
300,10007,296,106.7834,-71.1414
300,10007,304,107.1262,-71.1952
300,10007,312,107.3233,-71.2214
300,10007,320,108.1942,-71.3058
300,10007,328,108.7457,-71.3300
300,10007,336,109.2050,-71.3351
300,10007,344,109.4986,-71.3343
300,10007,352,110.0432,-71.3302
300,10007,360,110.2521,-71.3278
300,10007,368,110.3297,-71.3271
300,10007,376,110.8555,-71.3313
300,10007,384,111.1091,-71.3367
300,10007,392,111.1855,-71.3387
300,10007,400,111.5906,-71.3530
300,10007,408,112.0507,-71.3702
300,10007,416,112.5172,-71.3816
300,10007,424,113.5354,-71.3835
300,10007,432,113.9374,-71.3751
300,10007,440,114.4909,-71.3567
300,10007,448,114.6912,-71.3488
300,10007,456,115.1799,-71.3304
300,10007,464,115.3544,-71.3243
300,10007,472,115.6939,-71.3149
300,10007,480,116.9061,-71.2819
300,10007,488,117.8665,-71.2310
300,10007,496,118.3388,-71.2021
300,10007,504,118.4413,-71.1957
300,10007,512,118.9258,-71.1703
300,10007,520,119.8182,-71.1341
300,10007,528,121.0826,-71.0599
300,10007,536,122.1361,-70.9855
300,10007,544,122.6900,-70.9423
300,10007,552,123.7440,-70.8601
300,10007,560,124.3660,-70.8118
300,10007,568,127.4776,-70.5286
300,10007,576,128.0957,-70.4615
300,10007,584,128.7302,-70.3969
300,10007,592,129.2727,-70.3479
300,10007,600,129.7872,-70.3054
300,10007,608,130.7011,-70.2380
300,10007,616,132.4337,-70.0946
300,10007,624,137.8740,-69.4892
300,10007,632,143.2055,-68.8506
300,10007,640,147.0272,-68.4108
300,10007,648,150.4554,-68.0314
300,10007,656,154.6225,-67.5939
300,10007,664,159.1634,-67.1546
300,10007,672,163.7043,-66.7568
300,10007,680,183.9191,-65.4957
300,10007,688,218.1912,-64.7435
300,10007,696,252.4633,-64.5954
300,10007,704,286.7354,-64.5682
300,10007,712,336.3073,-64.5609
300,10007,720,465.0434,-64.5616
300,10007,728,896.8428,-64.5607
300,10008,0,0.0000,-65.0000
300,10008,8,0.0699,-64.9855
300,10008,16,0.6811,-64.9173
300,10008,24,5.5147,-64.6276
300,10008,32,14.0905,-64.5433
300,10008,40,22.6664,-64.5540
300,10008,48,36.8228,-64.5609
300,10008,56,100.0000,-64.5618
300,10008,64,100.0370,-64.5646
300,10008,72,100.0977,-64.5829
300,10008,80,100.4515,-64.9244
300,10008,88,100.9678,-65.8185
300,10008,96,101.2914,-66.4460
300,10008,104,101.3418,-66.5433
300,10008,112,101.4258,-66.7046
300,10008,120,101.5604,-66.9606
300,10008,128,101.8485,-67.4920
300,10008,136,102.1568,-68.0158
300,10008,144,102.2386,-68.1459
300,10008,152,102.4772,-68.5057
300,10008,160,102.6727,-68.7760
300,10008,168,102.8543,-69.0066
300,10008,176,103.0500,-69.2357
300,10008,184,103.2208,-69.4206
300,10008,192,103.4840,-69.6785
300,10008,200,103.6719,-69.8437
300,10008,208,103.9931,-70.0922
300,10008,216,104.1351,-70.1886
300,10008,224,104.2864,-70.2840
300,10008,232,104.3876,-70.3440
300,10008,240,104.5789,-70.4497
300,10008,248,105.3850,-70.7997
300,10008,256,105.5039,-70.8376
300,10008,264,105.6120,-70.8697
300,10008,272,105.7753,-70.9154
300,10008,280,106.1126,-71.0020
300,10008,288,106.3536,-71.0571
300,10008,296,106.7834,-71.1414
300,10008,304,107.1262,-71.1952
300,10008,312,107.3233,-71.2214
300,10008,320,108.1942,-71.3058
300,10008,328,108.7457,-71.3300
300,10008,336,109.2050,-71.3351
300,10008,344,109.4986,-71.3343
300,10008,352,110.0432,-71.3302
300,10008,360,110.2521,-71.3278
300,10008,368,110.3297,-71.3271
300,10008,376,110.8555,-71.3313
300,10008,384,111.1091,-71.3367
300,10008,392,111.1855,-71.3387
300,10008,400,111.5906,-71.3530
300,10008,408,112.0507,-71.3702
300,10008,416,112.5172,-71.3816
300,10008,424,113.5354,-71.3835
300,10008,432,113.9374,-71.3751
300,10008,440,114.4909,-71.3567
300,10008,448,114.6912,-71.3488
300,10008,456,115.1799,-71.3304
300,10008,464,115.3544,-71.3243
300,10008,472,115.6939,-71.3149
300,10008,480,116.9061,-71.2819
300,10008,488,117.8665,-71.2310
300,10008,496,118.3388,-71.2021
300,10008,504,118.4413,-71.1957
300,10008,512,118.9258,-71.1703
300,10008,520,119.8182,-71.1341
300,10008,528,121.0826,-71.0599
300,10008,536,122.1361,-70.9855
300,10008,544,122.6900,-70.9423
300,10008,552,123.7440,-70.8601
300,10008,560,124.3660,-70.8118
300,10008,568,127.4776,-70.5286
300,10008,576,128.0957,-70.4615
300,10008,584,128.7302,-70.3969
300,10008,592,129.2727,-70.3479
300,10008,600,129.7872,-70.3054
300,10008,608,130.7011,-70.2380
300,10008,616,132.4337,-70.0946
300,10008,624,137.8740,-69.4892
300,10008,632,143.2055,-68.8506
300,10008,640,147.0272,-68.4108
300,10008,648,150.4554,-68.0314
300,10008,656,154.6225,-67.5939
300,10008,664,159.1634,-67.1546
300,10008,672,163.7043,-66.7568
300,10008,680,183.9191,-65.4957
300,10008,688,218.1912,-64.7435
300,10008,696,252.4633,-64.5954
300,10008,704,286.7354,-64.5682
300,10008,712,336.3073,-64.5609
300,10008,720,465.0434,-64.5616
300,10008,728,896.8428,-64.5607
300,10009,0,0.0000,-65.0000
300,10009,8,0.0699,-64.9855
300,10009,16,0.6811,-64.9173
300,10009,24,5.5147,-64.6276
300,10009,32,14.0905,-64.5433
300,10009,40,22.6664,-64.5540
300,10009,48,36.8228,-64.5609
300,10009,56,100.0000,-64.5618
300,10009,64,100.0370,-64.5646
300,10009,72,100.0977,-64.5829
300,10009,80,100.4515,-64.9244
300,10009,88,100.9678,-65.8185
300,10009,96,101.2914,-66.4460
300,10009,104,101.3418,-66.5433
300,10009,112,101.4258,-66.7046
300,10009,120,101.5604,-66.9606
300,10009,128,101.8485,-67.4920
300,10009,136,102.1568,-68.0158
300,10009,144,102.2386,-68.1459
300,10009,152,102.4772,-68.5057
300,10009,160,102.6727,-68.7760
300,10009,168,102.8543,-69.0066
300,10009,176,103.0500,-69.2357
300,10009,184,103.2208,-69.4206
300,10009,192,103.4840,-69.6785
300,10009,200,103.6719,-69.8437
300,10009,208,103.9931,-70.0922
300,10009,216,104.1351,-70.1886
300,10009,224,104.2864,-70.2840
300,10009,232,104.3876,-70.3440
300,10009,240,104.5789,-70.4497
300,10009,248,105.3850,-70.7997
300,10009,256,105.5039,-70.8376
300,10009,264,105.6120,-70.8697
300,10009,272,105.7753,-70.9154
300,10009,280,106.1126,-71.0020
300,10009,288,106.3536,-71.0571
300,10009,296,106.7834,-71.1414
300,10009,304,107.1262,-71.1952
300,10009,312,107.3233,-71.2214
300,10009,320,108.1942,-71.3058
300,10009,328,108.7457,-71.3300
300,10009,336,109.2050,-71.3351
300,10009,344,109.4986,-71.3343
300,10009,352,110.0432,-71.3302
300,10009,360,110.2521,-71.3278
300,10009,368,110.3297,-71.3271
300,10009,376,110.8555,-71.3313
300,10009,384,111.1091,-71.3367
300,10009,392,111.1855,-71.3387
300,10009,400,111.5906,-71.3530
300,10009,408,112.0507,-71.3702
300,10009,416,112.5172,-71.3816
300,10009,424,113.5354,-71.3835
300,10009,432,113.9374,-71.3751
300,10009,440,114.4909,-71.3567
300,10009,448,114.6912,-71.3488
300,10009,456,115.1799,-71.3304
300,10009,464,115.3544,-71.3243
300,10009,472,115.6939,-71.3149
300,10009,480,116.9061,-71.2819
300,10009,488,117.8665,-71.2310
300,10009,496,118.3388,-71.2021
300,10009,504,118.4413,-71.1957
300,10009,512,118.9258,-71.1703
300,10009,520,119.8182,-71.1341
300,10009,528,121.0826,-71.0599
300,10009,536,122.1361,-70.9855
300,10009,544,122.6900,-70.9423
300,10009,552,123.7440,-70.8601
300,10009,560,124.3660,-70.8118
300,10009,568,127.4776,-70.5286
300,10009,576,128.0957,-70.4615
300,10009,584,128.7302,-70.3969
300,10009,592,129.2727,-70.3479
300,10009,600,129.7872,-70.3054
300,10009,608,130.7011,-70.2380
300,10009,616,132.4337,-70.0946
300,10009,624,137.8740,-69.4892
300,10009,632,143.2055,-68.8506
300,10009,640,147.0272,-68.4108
300,10009,648,150.4554,-68.0314
300,10009,656,154.6225,-67.5939
300,10009,664,159.1634,-67.1546
300,10009,672,163.7043,-66.7568
300,10009,680,183.9191,-65.4957
300,10009,688,218.1912,-64.7435
300,10009,696,252.4633,-64.5954
300,10009,704,286.7354,-64.5682
300,10009,712,336.3073,-64.5609
300,10009,720,465.0434,-64.5616
300,10009,728,896.8428,-64.5607
300,10010,0,0.0000,-65.0000
300,10010,8,0.0699,-64.9855
300,10010,16,0.6811,-64.9173
300,10010,24,5.5147,-64.6276
300,10010,32,14.0905,-64.5433
300,10010,40,22.6664,-64.5540
300,10010,48,36.8228,-64.5609
300,10010,56,100.0000,-64.5618
300,10010,64,100.0370,-64.5646
300,10010,72,100.0977,-64.5829
300,10010,80,100.4515,-64.9244
300,10010,88,100.9678,-65.8185
300,10010,96,101.2914,-66.4460
300,10010,104,101.3418,-66.5433
300,10010,112,101.4258,-66.7046
300,10010,120,101.5604,-66.9606
300,10010,128,101.8485,-67.4920
300,10010,136,102.1568,-68.0158
300,10010,144,102.2386,-68.1459
300,10010,152,102.4772,-68.5057
300,10010,160,102.6727,-68.7760
300,10010,168,102.8543,-69.0066
300,10010,176,103.0500,-69.2357
300,10010,184,103.2208,-69.4206
300,10010,192,103.4840,-69.6785
300,10010,200,103.6719,-69.8437
300,10010,208,103.9931,-70.0922
300,10010,216,104.1351,-70.1886
300,10010,224,104.2864,-70.2840
300,10010,232,104.3876,-70.3440
300,10010,240,104.5789,-70.4497
300,10010,248,105.3850,-70.7997
300,10010,256,105.5039,-70.8376
300,10010,264,105.6120,-70.8697
300,10010,272,105.7753,-70.9154
300,10010,280,106.1126,-71.0020
300,10010,288,106.3536,-71.0571
300,10010,296,106.7834,-71.1414
300,10010,304,107.1262,-71.1952
300,10010,312,107.3233,-71.2214
300,10010,320,108.1942,-71.3058
300,10010,328,108.7457,-71.3300
300,10010,336,109.2050,-71.3351
300,10010,344,109.4986,-71.3343
300,10010,352,110.0432,-71.3302
300,10010,360,110.2521,-71.3278
300,10010,368,110.3297,-71.3271
300,10010,376,110.8555,-71.3313
300,10010,384,111.1091,-71.3367
300,10010,392,111.1855,-71.3387
300,10010,400,111.5906,-71.3530
300,10010,408,112.0507,-71.3702
300,10010,416,112.5172,-71.3816
300,10010,424,113.5354,-71.3835
300,10010,432,113.9374,-71.3751
300,10010,440,114.4909,-71.3567
300,10010,448,114.6912,-71.3488
300,10010,456,115.1799,-71.3304
300,10010,464,115.3544,-71.3243
300,10010,472,115.6939,-71.3149
300,10010,480,116.9061,-71.2819
300,10010,488,117.8665,-71.2310
300,10010,496,118.3388,-71.2021
300,10010,504,118.4413,-71.1957
300,10010,512,118.9258,-71.1703
300,10010,520,119.8182,-71.1341
300,10010,528,121.0826,-71.0599
300,10010,536,122.1361,-70.9855
300,10010,544,122.6900,-70.9423
300,10010,552,123.7440,-70.8601
300,10010,560,124.3660,-70.8118
300,10010,568,127.4776,-70.5286
300,10010,576,128.0957,-70.4615
300,10010,584,128.7302,-70.3969
300,10010,592,129.2727,-70.3479
300,10010,600,129.7872,-70.3054
300,10010,608,130.7011,-70.2380
300,10010,616,132.4337,-70.0946
300,10010,624,137.8740,-69.4892
300,10010,632,143.2055,-68.8506
300,10010,640,147.0272,-68.4108
300,10010,648,150.4554,-68.0314
300,10010,656,154.6225,-67.5939
300,10010,664,159.1634,-67.1546
300,10010,672,163.7043,-66.7568
300,10010,680,183.9191,-65.4957
300,10010,688,218.1912,-64.7435
300,10010,696,252.4633,-64.5954
300,10010,704,286.7354,-64.5682
300,10010,712,336.3073,-64.5609
300,10010,720,465.0434,-64.5616
300,10010,728,896.8428,-64.5607
330,11001,0,0.0000,-65.0000
330,11001,8,0.0699,-64.9855
330,11001,16,0.6811,-64.9173
330,11001,24,5.5147,-64.6276
330,11001,32,14.0905,-64.5433
330,11001,40,22.6664,-64.5540
330,11001,48,36.8228,-64.5609
330,11001,56,100.0000,-64.5618
330,11001,64,100.0503,-64.5659
330,11001,72,100.0914,-64.5752
330,11001,80,100.1700,-64.6063
330,11001,88,100.6728,-65.0903
330,11001,96,100.8245,-65.2971
330,11001,104,101.1342,-65.7566
330,11001,112,101.6746,-66.5800
330,11001,120,101.8704,-66.8620
330,11001,128,101.9940,-67.0335
330,11001,136,102.2655,-67.3931
330,11001,144,102.7489,-67.9609
330,11001,152,102.7964,-68.0111
330,11001,160,103.0061,-68.2227
330,11001,168,103.2276,-68.4308
330,11001,176,103.3979,-68.5804
330,11001,184,103.6560,-68.7911
330,11001,192,103.7912,-68.8936
330,11001,200,103.9779,-69.0278
330,11001,208,104.3305,-69.2594
330,11001,216,104.6402,-69.4366
330,11001,224,104.7813,-69.5094
330,11001,232,105.0809,-69.6510
330,11001,240,105.8157,-69.9225
330,11001,248,106.0323,-69.9815
330,11001,256,106.4597,-70.0786
330,11001,264,106.6544,-70.1149
330,11001,272,107.0668,-70.1808
330,11001,280,107.3867,-70.2219
330,11001,288,107.6041,-70.2458
330,11001,296,107.9115,-70.2758
330,11001,304,108.3067,-70.3084
330,11001,312,108.3283,-70.3101
330,11001,320,108.9273,-70.3573
330,11001,328,108.9967,-70.3624
330,11001,336,109.3133,-70.3857
330,11001,344,109.4538,-70.3957
330,11001,352,109.6461,-70.4097
330,11001,360,109.8183,-70.4226
330,11001,368,109.9979,-70.4366
330,11001,376,110.2888,-70.4610
330,11001,384,110.4860,-70.4782
330,11001,392,111.0364,-70.5228
330,11001,400,111.5139,-70.5537
330,11001,408,112.5214,-70.5823
330,11001,416,112.9599,-70.5786
330,11001,424,113.1242,-70.5759
330,11001,432,113.4055,-70.5725
330,11001,440,113.6942,-70.5705
330,11001,448,113.9156,-70.5707
330,11001,456,114.4254,-70.5770
330,11001,464,114.5709,-70.5793
330,11001,472,114.7799,-70.5833
330,11001,480,115.8016,-70.6073
330,11001,488,115.8732,-70.6080
330,11001,496,117.1024,-70.6028
330,11001,504,117.2184,-70.6002
330,11001,512,117.9257,-70.5868
330,11001,520,118.1212,-70.5827
330,11001,528,118.6129,-70.5736
330,11001,536,119.2915,-70.5553
330,11001,544,119.6527,-70.5461
330,11001,552,120.1950,-70.5310
330,11001,560,121.3959,-70.4849
330,11001,568,125.2023,-70.1548
330,11001,576,125.4543,-70.1272
330,11001,584,125.9739,-70.0729
330,11001,592,126.5196,-70.0226
330,11001,600,126.5997,-70.0157
330,11001,608,127.5632,-69.9532
330,11001,616,131.1918,-69.6569
330,11001,624,140.1216,-68.6111
330,11001,632,160.9125,-66.5415
330,11001,640,184.6713,-65.2615
330,11001,648,207.7307,-64.7907
330,11001,656,237.6499,-64.6122
330,11001,664,292.7635,-64.5643
330,11001,672,480.9432,-64.5604
330,11001,680,802.9495,-64.5611
330,11002,0,0.0000,-65.0000
330,11002,8,0.0699,-64.9855
330,11002,16,0.6811,-64.9173
330,11002,24,5.5147,-64.6276
330,11002,32,14.0905,-64.5433
330,11002,40,22.6664,-64.5540
330,11002,48,36.8228,-64.5609
330,11002,56,100.0000,-64.5618
330,11002,64,100.0503,-64.5659
330,11002,72,100.0914,-64.5752
330,11002,80,100.1700,-64.6063
330,11002,88,100.6728,-65.0903
330,11002,96,100.8245,-65.2971
330,11002,104,101.1342,-65.7566
330,11002,112,101.6746,-66.5800
330,11002,120,101.8704,-66.8620
330,11002,128,101.9940,-67.0335
330,11002,136,102.2655,-67.3931
330,11002,144,102.7489,-67.9609
330,11002,152,102.7964,-68.0111
330,11002,160,103.0061,-68.2227
330,11002,168,103.2276,-68.4308
330,11002,176,103.3979,-68.5804
330,11002,184,103.6560,-68.7911
330,11002,192,103.7912,-68.8936
330,11002,200,103.9779,-69.0278
330,11002,208,104.3305,-69.2594
330,11002,216,104.6402,-69.4366
330,11002,224,104.7813,-69.5094
330,11002,232,105.0809,-69.6510
330,11002,240,105.8157,-69.9225
330,11002,248,106.0323,-69.9815
330,11002,256,106.4597,-70.0786
330,11002,264,106.6544,-70.1149
330,11002,272,107.0668,-70.1808
330,11002,280,107.3867,-70.2219
330,11002,288,107.6041,-70.2458
330,11002,296,107.9115,-70.2758
330,11002,304,108.3067,-70.3084
330,11002,312,108.3283,-70.3101
330,11002,320,108.9273,-70.3573
330,11002,328,108.9967,-70.3624
330,11002,336,109.3133,-70.3857
330,11002,344,109.4538,-70.3957
330,11002,352,109.6461,-70.4097
330,11002,360,109.8183,-70.4226
330,11002,368,109.9979,-70.4366
330,11002,376,110.2888,-70.4610
330,11002,384,110.4860,-70.4782
330,11002,392,111.0364,-70.5228
330,11002,400,111.5139,-70.5537
330,11002,408,112.5214,-70.5823
330,11002,416,112.9599,-70.5786
330,11002,424,113.1242,-70.5759
330,11002,432,113.4055,-70.5725
330,11002,440,113.6942,-70.5705
330,11002,448,113.9156,-70.5707
330,11002,456,114.4254,-70.5770
330,11002,464,114.5709,-70.5793
330,11002,472,114.7799,-70.5833
330,11002,480,115.8016,-70.6073
330,11002,488,115.8732,-70.6080
330,11002,496,117.1024,-70.6028
330,11002,504,117.2184,-70.6002
330,11002,512,117.9257,-70.5868
330,11002,520,118.1212,-70.5827
330,11002,528,118.6129,-70.5736
330,11002,536,119.2915,-70.5553
330,11002,544,119.6527,-70.5461
330,11002,552,120.1950,-70.5310
330,11002,560,121.3959,-70.4849
330,11002,568,125.2023,-70.1548
330,11002,576,125.4543,-70.1272
330,11002,584,125.9739,-70.0729
330,11002,592,126.5196,-70.0226
330,11002,600,126.5997,-70.0157
330,11002,608,127.5632,-69.9532
330,11002,616,131.1918,-69.6569
330,11002,624,140.1216,-68.6111
330,11002,632,160.9125,-66.5415
330,11002,640,184.6713,-65.2615
330,11002,648,207.7307,-64.7907
330,11002,656,237.6499,-64.6122
330,11002,664,292.7635,-64.5643
330,11002,672,480.9432,-64.5604
330,11002,680,802.9495,-64.5611
330,11003,0,0.0000,-65.0000
330,11003,8,0.0699,-64.9855
330,11003,16,0.6811,-64.9173
330,11003,24,5.5147,-64.6276
330,11003,32,14.0905,-64.5433
330,11003,40,22.6664,-64.5540
330,11003,48,36.8228,-64.5609
330,11003,56,100.0000,-64.5618
330,11003,64,100.0503,-64.5659
330,11003,72,100.0914,-64.5752
330,11003,80,100.1700,-64.6063
330,11003,88,100.6728,-65.0903
330,11003,96,100.8245,-65.2971
330,11003,104,101.1342,-65.7566
330,11003,112,101.6746,-66.5800
330,11003,120,101.8704,-66.8620
330,11003,128,101.9940,-67.0335
330,11003,136,102.2655,-67.3931
330,11003,144,102.7489,-67.9609
330,11003,152,102.7964,-68.0111
330,11003,160,103.0061,-68.2227
330,11003,168,103.2276,-68.4308
330,11003,176,103.3979,-68.5804
330,11003,184,103.6560,-68.7911
330,11003,192,103.7912,-68.8936
330,11003,200,103.9779,-69.0278
330,11003,208,104.3305,-69.2594
330,11003,216,104.6402,-69.4366
330,11003,224,104.7813,-69.5094
330,11003,232,105.0809,-69.6510
330,11003,240,105.8157,-69.9225
330,11003,248,106.0323,-69.9815
330,11003,256,106.4597,-70.0786
330,11003,264,106.6544,-70.1149
330,11003,272,107.0668,-70.1808
330,11003,280,107.3867,-70.2219
330,11003,288,107.6041,-70.2458
330,11003,296,107.9115,-70.2758
330,11003,304,108.3067,-70.3084
330,11003,312,108.3283,-70.3101
330,11003,320,108.9273,-70.3573
330,11003,328,108.9967,-70.3624
330,11003,336,109.3133,-70.3857
330,11003,344,109.4538,-70.3957
330,11003,352,109.6461,-70.4097
330,11003,360,109.8183,-70.4226
330,11003,368,109.9979,-70.4366
330,11003,376,110.2888,-70.4610
330,11003,384,110.4860,-70.4782
330,11003,392,111.0364,-70.5228
330,11003,400,111.5139,-70.5537
330,11003,408,112.5214,-70.5823
330,11003,416,112.9599,-70.5786
330,11003,424,113.1242,-70.5759
330,11003,432,113.4055,-70.5725
330,11003,440,113.6942,-70.5705
330,11003,448,113.9156,-70.5707
330,11003,456,114.4254,-70.5770
330,11003,464,114.5709,-70.5793
330,11003,472,114.7799,-70.5833
330,11003,480,115.8016,-70.6073
330,11003,488,115.8732,-70.6080
330,11003,496,117.1024,-70.6028
330,11003,504,117.2184,-70.6002
330,11003,512,117.9257,-70.5868
330,11003,520,118.1212,-70.5827
330,11003,528,118.6129,-70.5736
330,11003,536,119.2915,-70.5553
330,11003,544,119.6527,-70.5461
330,11003,552,120.1950,-70.5310
330,11003,560,121.3959,-70.4849
330,11003,568,125.2023,-70.1548
330,11003,576,125.4543,-70.1272
330,11003,584,125.9739,-70.0729
330,11003,592,126.5196,-70.0226
330,11003,600,126.5997,-70.0157
330,11003,608,127.5632,-69.9532
330,11003,616,131.1918,-69.6569
330,11003,624,140.1216,-68.6111
330,11003,632,160.9125,-66.5415
330,11003,640,184.6713,-65.2615
330,11003,648,207.7307,-64.7907
330,11003,656,237.6499,-64.6122
330,11003,664,292.7635,-64.5643
330,11003,672,480.9432,-64.5604
330,11003,680,802.9495,-64.5611
330,11004,0,0.0000,-65.0000
330,11004,8,0.0699,-64.9855
330,11004,16,0.6811,-64.9173
330,11004,24,5.5147,-64.6276
330,11004,32,14.0905,-64.5433
330,11004,40,22.6664,-64.5540
330,11004,48,36.8228,-64.5609
330,11004,56,100.0000,-64.5618
330,11004,64,100.0503,-64.5659
330,11004,72,100.0914,-64.5752
330,11004,80,100.1700,-64.6063
330,11004,88,100.6728,-65.0903
330,11004,96,100.8245,-65.2971
330,11004,104,101.1342,-65.7566
330,11004,112,101.6746,-66.5800
330,11004,120,101.8704,-66.8620
330,11004,128,101.9940,-67.0335
330,11004,136,102.2655,-67.3931
330,11004,144,102.7489,-67.9609
330,11004,152,102.7964,-68.0111
330,11004,160,103.0061,-68.2227
330,11004,168,103.2276,-68.4308
330,11004,176,103.3979,-68.5804
330,11004,184,103.6560,-68.7911
330,11004,192,103.7912,-68.8936
330,11004,200,103.9779,-69.0278
330,11004,208,104.3305,-69.2594
330,11004,216,104.6402,-69.4366
330,11004,224,104.7813,-69.5094
330,11004,232,105.0809,-69.6510
330,11004,240,105.8157,-69.9225
330,11004,248,106.0323,-69.9815
330,11004,256,106.4597,-70.0786
330,11004,264,106.6544,-70.1149
330,11004,272,107.0668,-70.1808
330,11004,280,107.3867,-70.2219
330,11004,288,107.6041,-70.2458
330,11004,296,107.9115,-70.2758
330,11004,304,108.3067,-70.3084
330,11004,312,108.3283,-70.3101
330,11004,320,108.9273,-70.3573
330,11004,328,108.9967,-70.3624
330,11004,336,109.3133,-70.3857
330,11004,344,109.4538,-70.3957
330,11004,352,109.6461,-70.4097
330,11004,360,109.8183,-70.4226
330,11004,368,109.9979,-70.4366
330,11004,376,110.2888,-70.4610
330,11004,384,110.4860,-70.4782
330,11004,392,111.0364,-70.5228
330,11004,400,111.5139,-70.5537
330,11004,408,112.5214,-70.5823
330,11004,416,112.9599,-70.5786
330,11004,424,113.1242,-70.5759
330,11004,432,113.4055,-70.5725
330,11004,440,113.6942,-70.5705
330,11004,448,113.9156,-70.5707
330,11004,456,114.4254,-70.5770
330,11004,464,114.5709,-70.5793
330,11004,472,114.7799,-70.5833
330,11004,480,115.8016,-70.6073
330,11004,488,115.8732,-70.6080
330,11004,496,117.1024,-70.6028
330,11004,504,117.2184,-70.6002
330,11004,512,117.9257,-70.5868
330,11004,520,118.1212,-70.5827
330,11004,528,118.6129,-70.5736
330,11004,536,119.2915,-70.5553
330,11004,544,119.6527,-70.5461
330,11004,552,120.1950,-70.5310
330,11004,560,121.3959,-70.4849
330,11004,568,125.2023,-70.1548
330,11004,576,125.4543,-70.1272
330,11004,584,125.9739,-70.0729
330,11004,592,126.5196,-70.0226
330,11004,600,126.5997,-70.0157
330,11004,608,127.5632,-69.9532
330,11004,616,131.1918,-69.6569
330,11004,624,140.1216,-68.6111
330,11004,632,160.9125,-66.5415
330,11004,640,184.6713,-65.2615
330,11004,648,207.7307,-64.7907
330,11004,656,237.6499,-64.6122
330,11004,664,292.7635,-64.5643
330,11004,672,480.9432,-64.5604
330,11004,680,802.9495,-64.5611
330,11005,0,0.0000,-65.0000
330,11005,8,0.0699,-64.9855
330,11005,16,0.6811,-64.9173
330,11005,24,5.5147,-64.6276
330,11005,32,14.0905,-64.5433
330,11005,40,22.6664,-64.5540
330,11005,48,36.8228,-64.5609
330,11005,56,100.0000,-64.5618
330,11005,64,100.0503,-64.5659
330,11005,72,100.0914,-64.5752
330,11005,80,100.1700,-64.6063
330,11005,88,100.6728,-65.0903
330,11005,96,100.8245,-65.2971
330,11005,104,101.1342,-65.7566
330,11005,112,101.6746,-66.5800
330,11005,120,101.8704,-66.8620
330,11005,128,101.9940,-67.0335
330,11005,136,102.2655,-67.3931
330,11005,144,102.7489,-67.9609
330,11005,152,102.7964,-68.0111
330,11005,160,103.0061,-68.2227
330,11005,168,103.2276,-68.4308
330,11005,176,103.3979,-68.5804
330,11005,184,103.6560,-68.7911
330,11005,192,103.7912,-68.8936
330,11005,200,103.9779,-69.0278
330,11005,208,104.3305,-69.2594
330,11005,216,104.6402,-69.4366
330,11005,224,104.7813,-69.5094
330,11005,232,105.0809,-69.6510
330,11005,240,105.8157,-69.9225
330,11005,248,106.0323,-69.9815
330,11005,256,106.4597,-70.0786
330,11005,264,106.6544,-70.1149
330,11005,272,107.0668,-70.1808
330,11005,280,107.3867,-70.2219
330,11005,288,107.6041,-70.2458
330,11005,296,107.9115,-70.2758
330,11005,304,108.3067,-70.3084
330,11005,312,108.3283,-70.3101
330,11005,320,108.9273,-70.3573
330,11005,328,108.9967,-70.3624
330,11005,336,109.3133,-70.3857
330,11005,344,109.4538,-70.3957
330,11005,352,109.6461,-70.4097
330,11005,360,109.8183,-70.4226
330,11005,368,109.9979,-70.4366
330,11005,376,110.2888,-70.4610
330,11005,384,110.4860,-70.4782
330,11005,392,111.0364,-70.5228
330,11005,400,111.5139,-70.5537
330,11005,408,112.5214,-70.5823
330,11005,416,112.9599,-70.5786
330,11005,424,113.1242,-70.5759
330,11005,432,113.4055,-70.5725
330,11005,440,113.6942,-70.5705
330,11005,448,113.9156,-70.5707
330,11005,456,114.4254,-70.5770
330,11005,464,114.5709,-70.5793
330,11005,472,114.7799,-70.5833
330,11005,480,115.8016,-70.6073
330,11005,488,115.8732,-70.6080
330,11005,496,117.1024,-70.6028
330,11005,504,117.2184,-70.6002
330,11005,512,117.9257,-70.5868
330,11005,520,118.1212,-70.5827
330,11005,528,118.6129,-70.5736
330,11005,536,119.2915,-70.5553
330,11005,544,119.6527,-70.5461
330,11005,552,120.1950,-70.5310
330,11005,560,121.3959,-70.4849
330,11005,568,125.2023,-70.1548
330,11005,576,125.4543,-70.1272
330,11005,584,125.9739,-70.0729
330,11005,592,126.5196,-70.0226
330,11005,600,126.5997,-70.0157
330,11005,608,127.5632,-69.9532
330,11005,616,131.1918,-69.6569
330,11005,624,140.1216,-68.6111
330,11005,632,160.9125,-66.5415
330,11005,640,184.6713,-65.2615
330,11005,648,207.7307,-64.7907
330,11005,656,237.6499,-64.6122
330,11005,664,292.7635,-64.5643
330,11005,672,480.9432,-64.5604
330,11005,680,802.9495,-64.5611
330,11006,0,0.0000,-65.0000
330,11006,8,0.0699,-64.9855
330,11006,16,0.6811,-64.9173
330,11006,24,5.5147,-64.6276
330,11006,32,14.0905,-64.5433
330,11006,40,22.6664,-64.5540
330,11006,48,36.8228,-64.5609
330,11006,56,100.0000,-64.5618
330,11006,64,100.0503,-64.5659
330,11006,72,100.0914,-64.5752
330,11006,80,100.1700,-64.6063
330,11006,88,100.6728,-65.0903
330,11006,96,100.8245,-65.2971
330,11006,104,101.1342,-65.7566
330,11006,112,101.6746,-66.5800
330,11006,120,101.8704,-66.8620
330,11006,128,101.9940,-67.0335
330,11006,136,102.2655,-67.3931
330,11006,144,102.7489,-67.9609
330,11006,152,102.7964,-68.0111
330,11006,160,103.0061,-68.2227
330,11006,168,103.2276,-68.4308
330,11006,176,103.3979,-68.5804
330,11006,184,103.6560,-68.7911
330,11006,192,103.7912,-68.8936
330,11006,200,103.9779,-69.0278
330,11006,208,104.3305,-69.2594
330,11006,216,104.6402,-69.4366
330,11006,224,104.7813,-69.5094
330,11006,232,105.0809,-69.6510
330,11006,240,105.8157,-69.9225
330,11006,248,106.0323,-69.9815
330,11006,256,106.4597,-70.0786
330,11006,264,106.6544,-70.1149
330,11006,272,107.0668,-70.1808
330,11006,280,107.3867,-70.2219
330,11006,288,107.6041,-70.2458
330,11006,296,107.9115,-70.2758
330,11006,304,108.3067,-70.3084
330,11006,312,108.3283,-70.3101
330,11006,320,108.9273,-70.3573
330,11006,328,108.9967,-70.3624
330,11006,336,109.3133,-70.3857
330,11006,344,109.4538,-70.3957
330,11006,352,109.6461,-70.4097
330,11006,360,109.8183,-70.4226
330,11006,368,109.9979,-70.4366
330,11006,376,110.2888,-70.4610
330,11006,384,110.4860,-70.4782
330,11006,392,111.0364,-70.5228
330,11006,400,111.5139,-70.5537
330,11006,408,112.5214,-70.5823
330,11006,416,112.9599,-70.5786
330,11006,424,113.1242,-70.5759
330,11006,432,113.4055,-70.5725
330,11006,440,113.6942,-70.5705
330,11006,448,113.9156,-70.5707
330,11006,456,114.4254,-70.5770
330,11006,464,114.5709,-70.5793
330,11006,472,114.7799,-70.5833
330,11006,480,115.8016,-70.6073
330,11006,488,115.8732,-70.6080
330,11006,496,117.1024,-70.6028
330,11006,504,117.2184,-70.6002
330,11006,512,117.9257,-70.5868
330,11006,520,118.1212,-70.5827
330,11006,528,118.6129,-70.5736
330,11006,536,119.2915,-70.5553
330,11006,544,119.6527,-70.5461
330,11006,552,120.1950,-70.5310
330,11006,560,121.3959,-70.4849
330,11006,568,125.2023,-70.1548
330,11006,576,125.4543,-70.1272
330,11006,584,125.9739,-70.0729
330,11006,592,126.5196,-70.0226
330,11006,600,126.5997,-70.0157
330,11006,608,127.5632,-69.9532
330,11006,616,131.1918,-69.6569
330,11006,624,140.1216,-68.6111
330,11006,632,160.9125,-66.5415
330,11006,640,184.6713,-65.2615
330,11006,648,207.7307,-64.7907
330,11006,656,237.6499,-64.6122
330,11006,664,292.7635,-64.5643
330,11006,672,480.9432,-64.5604
330,11006,680,802.9495,-64.5611
330,11007,0,0.0000,-65.0000
330,11007,8,0.0699,-64.9855
330,11007,16,0.6811,-64.9173
330,11007,24,5.5147,-64.6276
330,11007,32,14.0905,-64.5433
330,11007,40,22.6664,-64.5540
330,11007,48,36.8228,-64.5609
330,11007,56,100.0000,-64.5618
330,11007,64,100.0503,-64.5659
330,11007,72,100.0914,-64.5752
330,11007,80,100.1700,-64.6063
330,11007,88,100.6728,-65.0903
330,11007,96,100.8245,-65.2971
330,11007,104,101.1342,-65.7566
330,11007,112,101.6746,-66.5800
330,11007,120,101.8704,-66.8620
330,11007,128,101.9940,-67.0335
330,11007,136,102.2655,-67.3931
330,11007,144,102.7489,-67.9609
330,11007,152,102.7964,-68.0111
330,11007,160,103.0061,-68.2227
330,11007,168,103.2276,-68.4308
330,11007,176,103.3979,-68.5804
330,11007,184,103.6560,-68.7911
330,11007,192,103.7912,-68.8936
330,11007,200,103.9779,-69.0278
330,11007,208,104.3305,-69.2594
330,11007,216,104.6402,-69.4366
330,11007,224,104.7813,-69.5094
330,11007,232,105.0809,-69.6510
330,11007,240,105.8157,-69.9225
330,11007,248,106.0323,-69.9815
330,11007,256,106.4597,-70.0786
330,11007,264,106.6544,-70.1149
330,11007,272,107.0668,-70.1808
330,11007,280,107.3867,-70.2219
330,11007,288,107.6041,-70.2458
330,11007,296,107.9115,-70.2758
330,11007,304,108.3067,-70.3084
330,11007,312,108.3283,-70.3101
330,11007,320,108.9273,-70.3573
330,11007,328,108.9967,-70.3624
330,11007,336,109.3133,-70.3857
330,11007,344,109.4538,-70.3957
330,11007,352,109.6461,-70.4097
330,11007,360,109.8183,-70.4226
330,11007,368,109.9979,-70.4366
330,11007,376,110.2888,-70.4610
330,11007,384,110.4860,-70.4782
330,11007,392,111.0364,-70.5228
330,11007,400,111.5139,-70.5537
330,11007,408,112.5214,-70.5823
330,11007,416,112.9599,-70.5786
330,11007,424,113.1242,-70.5759
330,11007,432,113.4055,-70.5725
330,11007,440,113.6942,-70.5705
330,11007,448,113.9156,-70.5707
330,11007,456,114.4254,-70.5770
330,11007,464,114.5709,-70.5793
330,11007,472,114.7799,-70.5833
330,11007,480,115.8016,-70.6073
330,11007,488,115.8732,-70.6080
330,11007,496,117.1024,-70.6028
330,11007,504,117.2184,-70.6002
330,11007,512,117.9257,-70.5868
330,11007,520,118.1212,-70.5827
330,11007,528,118.6129,-70.5736
330,11007,536,119.2915,-70.5553
330,11007,544,119.6527,-70.5461
330,11007,552,120.1950,-70.5310
330,11007,560,121.3959,-70.4849
330,11007,568,125.2023,-70.1548
330,11007,576,125.4543,-70.1272
330,11007,584,125.9739,-70.0729
330,11007,592,126.5196,-70.0226
330,11007,600,126.5997,-70.0157
330,11007,608,127.5632,-69.9532
330,11007,616,131.1918,-69.6569
330,11007,624,140.1216,-68.6111
330,11007,632,160.9125,-66.5415
330,11007,640,184.6713,-65.2615
330,11007,648,207.7307,-64.7907
330,11007,656,237.6499,-64.6122
330,11007,664,292.7635,-64.5643
330,11007,672,480.9432,-64.5604
330,11007,680,802.9495,-64.5611
330,11008,0,0.0000,-65.0000
330,11008,8,0.0699,-64.9855
330,11008,16,0.6811,-64.9173
330,11008,24,5.5147,-64.6276
330,11008,32,14.0905,-64.5433
330,11008,40,22.6664,-64.5540
330,11008,48,36.8228,-64.5609
330,11008,56,100.0000,-64.5618
330,11008,64,100.0503,-64.5659
330,11008,72,100.0914,-64.5752
330,11008,80,100.1700,-64.6063
330,11008,88,100.6728,-65.0903
330,11008,96,100.8245,-65.2971
330,11008,104,101.1342,-65.7566
330,11008,112,101.6746,-66.5800
330,11008,120,101.8704,-66.8620
330,11008,128,101.9940,-67.0335
330,11008,136,102.2655,-67.3931
330,11008,144,102.7489,-67.9609
330,11008,152,102.7964,-68.0111
330,11008,160,103.0061,-68.2227
330,11008,168,103.2276,-68.4308
330,11008,176,103.3979,-68.5804
330,11008,184,103.6560,-68.7911
330,11008,192,103.7912,-68.8936
330,11008,200,103.9779,-69.0278
330,11008,208,104.3305,-69.2594
330,11008,216,104.6402,-69.4366
330,11008,224,104.7813,-69.5094
330,11008,232,105.0809,-69.6510
330,11008,240,105.8157,-69.9225
330,11008,248,106.0323,-69.9815
330,11008,256,106.4597,-70.0786
330,11008,264,106.6544,-70.1149
330,11008,272,107.0668,-70.1808
330,11008,280,107.3867,-70.2219
330,11008,288,107.6041,-70.2458
330,11008,296,107.9115,-70.2758
330,11008,304,108.3067,-70.3084
330,11008,312,108.3283,-70.3101
330,11008,320,108.9273,-70.3573
330,11008,328,108.9967,-70.3624
330,11008,336,109.3133,-70.3857
330,11008,344,109.4538,-70.3957
330,11008,352,109.6461,-70.4097
330,11008,360,109.8183,-70.4226
330,11008,368,109.9979,-70.4366
330,11008,376,110.2888,-70.4610
330,11008,384,110.4860,-70.4782
330,11008,392,111.0364,-70.5228
330,11008,400,111.5139,-70.5537
330,11008,408,112.5214,-70.5823
330,11008,416,112.9599,-70.5786
330,11008,424,113.1242,-70.5759
330,11008,432,113.4055,-70.5725
330,11008,440,113.6942,-70.5705
330,11008,448,113.9156,-70.5707
330,11008,456,114.4254,-70.5770
330,11008,464,114.5709,-70.5793
330,11008,472,114.7799,-70.5833
330,11008,480,115.8016,-70.6073
330,11008,488,115.8732,-70.6080
330,11008,496,117.1024,-70.6028
330,11008,504,117.2184,-70.6002
330,11008,512,117.9257,-70.5868
330,11008,520,118.1212,-70.5827
330,11008,528,118.6129,-70.5736
330,11008,536,119.2915,-70.5553
330,11008,544,119.6527,-70.5461
330,11008,552,120.1950,-70.5310
330,11008,560,121.3959,-70.4849
330,11008,568,125.2023,-70.1548
330,11008,576,125.4543,-70.1272
330,11008,584,125.9739,-70.0729
330,11008,592,126.5196,-70.0226
330,11008,600,126.5997,-70.0157
330,11008,608,127.5632,-69.9532
330,11008,616,131.1918,-69.6569
330,11008,624,140.1216,-68.6111
330,11008,632,160.9125,-66.5415
330,11008,640,184.6713,-65.2615
330,11008,648,207.7307,-64.7907
330,11008,656,237.6499,-64.6122
330,11008,664,292.7635,-64.5643
330,11008,672,480.9432,-64.5604
330,11008,680,802.9495,-64.5611
330,11009,0,0.0000,-65.0000
330,11009,8,0.0699,-64.9855
330,11009,16,0.6811,-64.9173
330,11009,24,5.5147,-64.6276
330,11009,32,14.0905,-64.5433
330,11009,40,22.6664,-64.5540
330,11009,48,36.8228,-64.5609
330,11009,56,100.0000,-64.5618
330,11009,64,100.0503,-64.5659
330,11009,72,100.0914,-64.5752
330,11009,80,100.1700,-64.6063
330,11009,88,100.6728,-65.0903
330,11009,96,100.8245,-65.2971
330,11009,104,101.1342,-65.7566
330,11009,112,101.6746,-66.5800
330,11009,120,101.8704,-66.8620
330,11009,128,101.9940,-67.0335
330,11009,136,102.2655,-67.3931
330,11009,144,102.7489,-67.9609
330,11009,152,102.7964,-68.0111
330,11009,160,103.0061,-68.2227
330,11009,168,103.2276,-68.4308
330,11009,176,103.3979,-68.5804
330,11009,184,103.6560,-68.7911
330,11009,192,103.7912,-68.8936
330,11009,200,103.9779,-69.0278
330,11009,208,104.3305,-69.2594
330,11009,216,104.6402,-69.4366
330,11009,224,104.7813,-69.5094
330,11009,232,105.0809,-69.6510
330,11009,240,105.8157,-69.9225
330,11009,248,106.0323,-69.9815
330,11009,256,106.4597,-70.0786
330,11009,264,106.6544,-70.1149
330,11009,272,107.0668,-70.1808
330,11009,280,107.3867,-70.2219
330,11009,288,107.6041,-70.2458
330,11009,296,107.9115,-70.2758
330,11009,304,108.3067,-70.3084
330,11009,312,108.3283,-70.3101
330,11009,320,108.9273,-70.3573
330,11009,328,108.9967,-70.3624
330,11009,336,109.3133,-70.3857
330,11009,344,109.4538,-70.3957
330,11009,352,109.6461,-70.4097
330,11009,360,109.8183,-70.4226
330,11009,368,109.9979,-70.4366
330,11009,376,110.2888,-70.4610
330,11009,384,110.4860,-70.4782
330,11009,392,111.0364,-70.5228
330,11009,400,111.5139,-70.5537
330,11009,408,112.5214,-70.5823
330,11009,416,112.9599,-70.5786
330,11009,424,113.1242,-70.5759
330,11009,432,113.4055,-70.5725
330,11009,440,113.6942,-70.5705
330,11009,448,113.9156,-70.5707
330,11009,456,114.4254,-70.5770
330,11009,464,114.5709,-70.5793
330,11009,472,114.7799,-70.5833
330,11009,480,115.8016,-70.6073
330,11009,488,115.8732,-70.6080
330,11009,496,117.1024,-70.6028
330,11009,504,117.2184,-70.6002
330,11009,512,117.9257,-70.5868
330,11009,520,118.1212,-70.5827
330,11009,528,118.6129,-70.5736
330,11009,536,119.2915,-70.5553
330,11009,544,119.6527,-70.5461
330,11009,552,120.1950,-70.5310
330,11009,560,121.3959,-70.4849
330,11009,568,125.2023,-70.1548
330,11009,576,125.4543,-70.1272
330,11009,584,125.9739,-70.0729
330,11009,592,126.5196,-70.0226
330,11009,600,126.5997,-70.0157
330,11009,608,127.5632,-69.9532
330,11009,616,131.1918,-69.6569
330,11009,624,140.1216,-68.6111
330,11009,632,160.9125,-66.5415
330,11009,640,184.6713,-65.2615
330,11009,648,207.7307,-64.7907
330,11009,656,237.6499,-64.6122
330,11009,664,292.7635,-64.5643
330,11009,672,480.9432,-64.5604
330,11009,680,802.9495,-64.5611
330,11010,0,0.0000,-65.0000
330,11010,8,0.0699,-64.9855
330,11010,16,0.6811,-64.9173
330,11010,24,5.5147,-64.6276
330,11010,32,14.0905,-64.5433
330,11010,40,22.6664,-64.5540
330,11010,48,36.8228,-64.5609
330,11010,56,100.0000,-64.5618
330,11010,64,100.0503,-64.5659
330,11010,72,100.0914,-64.5752
330,11010,80,100.1700,-64.6063
330,11010,88,100.6728,-65.0903
330,11010,96,100.8245,-65.2971
330,11010,104,101.1342,-65.7566
330,11010,112,101.6746,-66.5800
330,11010,120,101.8704,-66.8620
330,11010,128,101.9940,-67.0335
330,11010,136,102.2655,-67.3931
330,11010,144,102.7489,-67.9609
330,11010,152,102.7964,-68.0111
330,11010,160,103.0061,-68.2227
330,11010,168,103.2276,-68.4308
330,11010,176,103.3979,-68.5804
330,11010,184,103.6560,-68.7911
330,11010,192,103.7912,-68.8936
330,11010,200,103.9779,-69.0278
330,11010,208,104.3305,-69.2594
330,11010,216,104.6402,-69.4366
330,11010,224,104.7813,-69.5094
330,11010,232,105.0809,-69.6510
330,11010,240,105.8157,-69.9225
330,11010,248,106.0323,-69.9815
330,11010,256,106.4597,-70.0786
330,11010,264,106.6544,-70.1149
330,11010,272,107.0668,-70.1808
330,11010,280,107.3867,-70.2219
330,11010,288,107.6041,-70.2458
330,11010,296,107.9115,-70.2758
330,11010,304,108.3067,-70.3084
330,11010,312,108.3283,-70.3101
330,11010,320,108.9273,-70.3573
330,11010,328,108.9967,-70.3624
330,11010,336,109.3133,-70.3857
330,11010,344,109.4538,-70.3957
330,11010,352,109.6461,-70.4097
330,11010,360,109.8183,-70.4226
330,11010,368,109.9979,-70.4366
330,11010,376,110.2888,-70.4610
330,11010,384,110.4860,-70.4782
330,11010,392,111.0364,-70.5228
330,11010,400,111.5139,-70.5537
330,11010,408,112.5214,-70.5823
330,11010,416,112.9599,-70.5786
330,11010,424,113.1242,-70.5759
330,11010,432,113.4055,-70.5725
330,11010,440,113.6942,-70.5705
330,11010,448,113.9156,-70.5707
330,11010,456,114.4254,-70.5770
330,11010,464,114.5709,-70.5793
330,11010,472,114.7799,-70.5833
330,11010,480,115.8016,-70.6073
330,11010,488,115.8732,-70.6080
330,11010,496,117.1024,-70.6028
330,11010,504,117.2184,-70.6002
330,11010,512,117.9257,-70.5868
330,11010,520,118.1212,-70.5827
330,11010,528,118.6129,-70.5736
330,11010,536,119.2915,-70.5553
330,11010,544,119.6527,-70.5461
330,11010,552,120.1950,-70.5310
330,11010,560,121.3959,-70.4849
330,11010,568,125.2023,-70.1548
330,11010,576,125.4543,-70.1272
330,11010,584,125.9739,-70.0729
330,11010,592,126.5196,-70.0226
330,11010,600,126.5997,-70.0157
330,11010,608,127.5632,-69.9532
330,11010,616,131.1918,-69.6569
330,11010,624,140.1216,-68.6111
330,11010,632,160.9125,-66.5415
330,11010,640,184.6713,-65.2615
330,11010,648,207.7307,-64.7907
330,11010,656,237.6499,-64.6122
330,11010,664,292.7635,-64.5643
330,11010,672,480.9432,-64.5604
330,11010,680,802.9495,-64.5611
