{
  "0.00": 0.1031914161023668,
  "0.50": 0.1018497125825351,
  "1.00": 0.07796836821079331,
  "1.50": 0.05655963944271241,
  "2.00": 0.05275105554516958,
  "2.50": 0.04365807598378797,
  "3.00": 0.03747603319109665
}
