{
  "0.00": 0.1031914161023668,
  "0.50": 0.1916319701582896,
  "1.00": 0.11431982451044653,
  "1.50": 0.04156301391706694,
  "2.00": 0.032139268375461306,
  "2.50": 0.022115698915962014,
  "3.00": 0.017876851404282388
}
