b2gnmda_ns,direction,trial_seed,peak_psp_mv,baseline_mean_mv,peak_g_nmda_summed_ns,peak_g_ampa_summed_ns,peak_g_sacexc_summed_ns,peak_g_sacinhib_summed_ns,peak_g_nmda_per_syn_mean_ns,peak_g_ampa_per_syn_mean_ns,peak_g_sacexc_per_syn_mean_ns,peak_g_sacinhib_per_syn_mean_ns,peak_i_nmda_summed_na,peak_i_ampa_summed_na,peak_i_sacexc_summed_na,peak_i_sacinhib_summed_na
0.0,PD,0,13.189531151912718,5.523201294904226,0.0,9.876541638624515,15.30161537387695,109.73451094860394,0.0,0.03502319730008693,0.05426104742509557,0.38912947144895016,0.0,0.5325006905636254,0.8202113746456566,0.7311937303953321
0.0,ND,100,10.739280785294092,5.424785460181695,0.0,10.047509650662157,14.930398855776778,212.053677102007,0.0,0.03562946684631971,0.05294467679353467,0.7519633939787482,0.0,0.5605797996148018,0.8468314038945303,1.0838600135913454
0.5,PD,1000,22.464676880707124,6.12466406073775,50.09110067848861,11.117247865628869,15.036895760021887,114.10414303643054,0.17762801659038513,0.039422864771733575,0.053322325390148535,0.4046246206965622,2.2099676286242556,0.4911531421561032,0.6583689017387253,1.9087726745680038
0.5,ND,1100,18.719578958961662,5.916611892484518,51.47205919276782,11.557359373198539,14.37561977748545,213.43006384553968,0.18252503259846745,0.04098354387659056,0.05097737509746614,0.7568441980338286,2.5267903156047598,0.5490184033586695,0.7220843584492731,2.7937799185394576
