{
  "-90.0": 1580.9345488548279,
  "-80.0": 1435.4023604393005,
  "-70.0": 1425.0680351257324,
  "-60.0": 1433.4415800571442,
  "-50.0": 1434.0519452095032,
  "-40.0": 1420.138704776764,
  "-30.0": 1402.647254705429,
  "-20.0": 1429.63369846344
}
