condition_id,channel_kind,density_label,density_ms_cm2,angle_deg,trial_seed,trial_mode,n_spikes,firing_rate_hz,peak_vm_mv,baseline_vm_mv,is_unstable
baseline,baseline,n/a,0.0,0.0,1,FULL,18,18.0,43.187423305885375,-58.8701223700242,False
baseline,baseline,n/a,0.0,0.0,2,FULL,12,12.0,42.989263402299365,-58.99379842791172,False
baseline,baseline,n/a,0.0,0.0,3,FULL,15,15.0,43.805791316430444,-59.019748108798126,False
baseline,baseline,n/a,0.0,0.0,4,FULL,14,14.0,43.07164658373684,-58.98405132138674,False
baseline,baseline,n/a,0.0,0.0,5,FULL,17,17.0,43.808687136054736,-59.119792031272894,False
baseline,baseline,n/a,0.0,30.0,1,FULL,11,11.0,43.65551815279905,-43.11369658886868,False
baseline,baseline,n/a,0.0,30.0,2,FULL,15,15.0,44.22679785810176,-42.94647608691393,False
baseline,baseline,n/a,0.0,30.0,3,FULL,15,15.0,44.26217442862242,-43.31558933478515,False
baseline,baseline,n/a,0.0,30.0,4,FULL,14,14.0,43.800030971355184,-43.58707239631277,False
baseline,baseline,n/a,0.0,30.0,5,FULL,14,14.0,44.434950756982396,-43.31638573583726,False
baseline,baseline,n/a,0.0,60.0,1,FULL,8,8.0,43.26456245554786,-35.73542962276127,False
baseline,baseline,n/a,0.0,60.0,2,FULL,8,8.0,44.31834924822202,-36.1467925234607,False
baseline,baseline,n/a,0.0,60.0,3,FULL,8,8.0,43.28159401349821,-36.07727753905104,False
baseline,baseline,n/a,0.0,60.0,4,FULL,13,13.0,44.14874487086131,-35.863437647414294,False
baseline,baseline,n/a,0.0,60.0,5,FULL,9,9.0,43.73592882265077,-36.130496706248046,False
baseline,baseline,n/a,0.0,90.0,1,FULL,9,9.0,44.21429264324359,-35.348366038976174,False
baseline,baseline,n/a,0.0,90.0,2,FULL,7,7.0,43.316228446719336,-36.02861018029751,False
baseline,baseline,n/a,0.0,90.0,3,FULL,9,9.0,43.766788593641195,-36.1447808927054,False
baseline,baseline,n/a,0.0,90.0,4,FULL,9,9.0,44.30511668990801,-35.72014353850815,False
baseline,baseline,n/a,0.0,90.0,5,FULL,10,10.0,44.17823521859134,-35.8394254250571,False
baseline,baseline,n/a,0.0,120.0,1,FULL,8,8.0,44.21429264324359,-35.348366038976174,False
baseline,baseline,n/a,0.0,120.0,2,FULL,7,7.0,43.316228446719336,-36.02861018029751,False
baseline,baseline,n/a,0.0,120.0,3,FULL,9,9.0,43.766788593641195,-36.1447808927054,False
baseline,baseline,n/a,0.0,120.0,4,FULL,9,9.0,44.30511668990801,-35.72014353850815,False
baseline,baseline,n/a,0.0,120.0,5,FULL,10,10.0,44.17823521859134,-35.8394254250571,False
baseline,baseline,n/a,0.0,150.0,1,FULL,8,8.0,44.21429264324359,-35.348366038976174,False
baseline,baseline,n/a,0.0,150.0,2,FULL,7,7.0,43.316228446719336,-36.02861018029751,False
baseline,baseline,n/a,0.0,150.0,3,FULL,9,9.0,43.766788593641195,-36.1447808927054,False
baseline,baseline,n/a,0.0,150.0,4,FULL,9,9.0,44.30511668990801,-35.72014353850815,False
baseline,baseline,n/a,0.0,150.0,5,FULL,10,10.0,44.17823521859134,-35.8394254250571,False
baseline,baseline,n/a,0.0,180.0,1,FULL,8,8.0,44.21429264324359,-35.348366038976174,False
baseline,baseline,n/a,0.0,180.0,2,FULL,7,7.0,43.316228446719336,-36.02861018029751,False
baseline,baseline,n/a,0.0,180.0,3,FULL,9,9.0,43.766788593641195,-36.1447808927054,False
baseline,baseline,n/a,0.0,180.0,4,FULL,9,9.0,44.30511668990801,-35.72014353850815,False
baseline,baseline,n/a,0.0,180.0,5,FULL,10,10.0,44.17823521859134,-35.8394254250571,False
baseline,baseline,n/a,0.0,210.0,1,FULL,12,12.0,44.31009285170117,-37.072588517353545,False
baseline,baseline,n/a,0.0,210.0,2,FULL,8,8.0,44.240337276876225,-37.10479963415645,False
baseline,baseline,n/a,0.0,210.0,3,FULL,13,13.0,44.372553292623074,-36.98415637929438,False
baseline,baseline,n/a,0.0,210.0,4,FULL,11,11.0,43.35666412792045,-37.3905275052824,False
baseline,baseline,n/a,0.0,210.0,5,FULL,7,7.0,44.361720151297575,-37.750120473999424,False
baseline,baseline,n/a,0.0,240.0,1,FULL,20,20.0,44.09121496146503,-52.12739040326522,False
baseline,baseline,n/a,0.0,240.0,2,FULL,16,16.0,43.533749407253815,-51.67069498985307,False
baseline,baseline,n/a,0.0,240.0,3,FULL,17,17.0,44.27865230055593,-52.44951980408412,False
baseline,baseline,n/a,0.0,240.0,4,FULL,16,16.0,43.408715076828074,-51.8826135205483,False
baseline,baseline,n/a,0.0,240.0,5,FULL,18,18.0,43.71192767014917,-51.9951674667552,False
baseline,baseline,n/a,0.0,270.0,1,FULL,18,18.0,43.214775621421865,-59.38328627966402,False
baseline,baseline,n/a,0.0,270.0,2,FULL,13,13.0,42.66256876228903,-59.35371310915935,False
baseline,baseline,n/a,0.0,270.0,3,FULL,19,19.0,42.8715446854667,-59.35027165113728,False
baseline,baseline,n/a,0.0,270.0,4,FULL,17,17.0,43.705817321540174,-59.45485400944286,False
baseline,baseline,n/a,0.0,270.0,5,FULL,19,19.0,43.49443677562204,-59.539282556911246,False
baseline,baseline,n/a,0.0,300.0,1,FULL,18,18.0,42.93704584988846,-59.75342191370493,False
baseline,baseline,n/a,0.0,300.0,2,FULL,15,15.0,42.97611426755007,-59.699894906371355,False
baseline,baseline,n/a,0.0,300.0,3,FULL,15,15.0,43.76720701307446,-59.76309260007814,False
baseline,baseline,n/a,0.0,300.0,4,FULL,15,15.0,43.558549263445144,-59.796406749495254,False
baseline,baseline,n/a,0.0,300.0,5,FULL,18,18.0,43.51510826696163,-59.84431453343041,False
baseline,baseline,n/a,0.0,330.0,1,FULL,19,19.0,43.37441173052645,-59.74502537460942,False
baseline,baseline,n/a,0.0,330.0,2,FULL,17,17.0,43.373936822313134,-59.68763893549574,False
baseline,baseline,n/a,0.0,330.0,3,FULL,14,14.0,43.62878863651047,-59.785956955470304,False
baseline,baseline,n/a,0.0,330.0,4,FULL,16,16.0,43.496602444595226,-59.75872519477636,False
baseline,baseline,n/a,0.0,330.0,5,FULL,15,15.0,43.437547283286136,-59.82762440431424,False
nav16_low,Nav1.6,low,10.0,0.0,1,FULL,20,20.0,44.34313278781016,-58.8248945824851,False
nav16_low,Nav1.6,low,10.0,0.0,2,FULL,15,15.0,43.477563239527,-58.95109143920907,False
nav16_low,Nav1.6,low,10.0,0.0,3,FULL,18,18.0,43.68338768183543,-58.97778397895852,False
nav16_low,Nav1.6,low,10.0,0.0,4,FULL,18,18.0,42.84945991348874,-58.94080462002453,False
nav16_low,Nav1.6,low,10.0,0.0,5,FULL,23,23.0,43.919643298896844,-59.07956161224523,False
nav16_low,Nav1.6,low,10.0,30.0,1,FULL,14,14.0,44.48304921066838,-42.90143701037624,False
nav16_low,Nav1.6,low,10.0,30.0,2,FULL,17,17.0,43.723932379959734,-42.72442886340367,False
nav16_low,Nav1.6,low,10.0,30.0,3,FULL,14,14.0,44.33557579676869,-43.14495978427646,False
nav16_low,Nav1.6,low,10.0,30.0,4,FULL,17,17.0,43.43155138211818,-43.12213899752099,False
nav16_low,Nav1.6,low,10.0,30.0,5,FULL,19,19.0,44.47400929815343,-43.074560557914594,False
nav16_low,Nav1.6,low,10.0,60.0,1,FULL,9,9.0,43.930472978668774,-35.391826337284485,False
nav16_low,Nav1.6,low,10.0,60.0,2,FULL,10,10.0,43.474863438362576,-35.97762812438688,False
nav16_low,Nav1.6,low,10.0,60.0,3,FULL,12,12.0,43.729170041941764,-35.84409080051607,False
nav16_low,Nav1.6,low,10.0,60.0,4,FULL,15,15.0,43.46092006778221,-35.542444020092645,False
nav16_low,Nav1.6,low,10.0,60.0,5,FULL,13,13.0,43.84454114299798,-35.901558090444084,False
nav16_low,Nav1.6,low,10.0,90.0,1,FULL,12,12.0,43.73961019722661,-35.035902636440795,False
nav16_low,Nav1.6,low,10.0,90.0,2,FULL,9,9.0,43.562064376551824,-35.835760438501374,False
nav16_low,Nav1.6,low,10.0,90.0,3,FULL,10,10.0,44.06479832436797,-35.86586850615016,False
nav16_low,Nav1.6,low,10.0,90.0,4,FULL,12,12.0,44.42419443534878,-35.318588544249494,False
nav16_low,Nav1.6,low,10.0,90.0,5,FULL,10,10.0,43.54320269251489,-35.599152735566314,False
nav16_low,Nav1.6,low,10.0,120.0,1,FULL,12,12.0,43.73961019722661,-35.035902636440795,False
nav16_low,Nav1.6,low,10.0,120.0,2,FULL,8,8.0,43.562064376551824,-35.835760438501374,False
nav16_low,Nav1.6,low,10.0,120.0,3,FULL,11,11.0,44.06479832436797,-35.86586850615016,False
nav16_low,Nav1.6,low,10.0,120.0,4,FULL,11,11.0,44.42419443534878,-35.318588544249494,False
nav16_low,Nav1.6,low,10.0,120.0,5,FULL,10,10.0,43.54320269251489,-35.599152735566314,False
nav16_low,Nav1.6,low,10.0,150.0,1,FULL,11,11.0,43.73961019722661,-35.035902636440795,False
nav16_low,Nav1.6,low,10.0,150.0,2,FULL,9,9.0,43.562064376551824,-35.835760438501374,False
nav16_low,Nav1.6,low,10.0,150.0,3,FULL,11,11.0,44.06479832436797,-35.86586850615016,False
nav16_low,Nav1.6,low,10.0,150.0,4,FULL,11,11.0,44.42419443534878,-35.318588544249494,False
nav16_low,Nav1.6,low,10.0,150.0,5,FULL,10,10.0,43.54320269251489,-35.599152735566314,False
nav16_low,Nav1.6,low,10.0,180.0,1,FULL,12,12.0,43.73961019722661,-35.035902636440795,False
nav16_low,Nav1.6,low,10.0,180.0,2,FULL,9,9.0,43.562064376551824,-35.835760438501374,False
nav16_low,Nav1.6,low,10.0,180.0,3,FULL,12,12.0,44.06479832436797,-35.86586850615016,False
nav16_low,Nav1.6,low,10.0,180.0,4,FULL,11,11.0,44.42419443534878,-35.318588544249494,False
nav16_low,Nav1.6,low,10.0,180.0,5,FULL,10,10.0,43.54320269251489,-35.599152735566314,False
nav16_low,Nav1.6,low,10.0,210.0,1,FULL,15,15.0,44.02595514948374,-36.92096037360266,False
nav16_low,Nav1.6,low,10.0,210.0,2,FULL,9,9.0,43.7300527520072,-36.85600143529976,False
nav16_low,Nav1.6,low,10.0,210.0,3,FULL,15,15.0,44.098378188161085,-36.842234432900106,False
nav16_low,Nav1.6,low,10.0,210.0,4,FULL,14,14.0,43.70726783281208,-37.07663323626826,False
nav16_low,Nav1.6,low,10.0,210.0,5,FULL,9,9.0,43.532503627020866,-37.404944875666295,False
nav16_low,Nav1.6,low,10.0,240.0,1,FULL,25,25.0,43.59413096225842,-51.55877782826769,False
nav16_low,Nav1.6,low,10.0,240.0,2,FULL,23,23.0,43.352365791545616,-51.52835229609424,False
nav16_low,Nav1.6,low,10.0,240.0,3,FULL,22,22.0,43.38508284994271,-52.38653642838114,False
nav16_low,Nav1.6,low,10.0,240.0,4,FULL,21,21.0,43.661076137899315,-51.035336805379096,False
nav16_low,Nav1.6,low,10.0,240.0,5,FULL,21,21.0,43.665637760446195,-51.40964691700511,False
nav16_low,Nav1.6,low,10.0,270.0,1,FULL,21,21.0,43.517081243369354,-59.34712574818616,False
nav16_low,Nav1.6,low,10.0,270.0,2,FULL,17,17.0,42.98894942539787,-59.31682887701972,False
nav16_low,Nav1.6,low,10.0,270.0,3,FULL,24,24.0,43.874008046676025,-59.313542630643326,False
nav16_low,Nav1.6,low,10.0,270.0,4,FULL,20,20.0,43.190597172859555,-59.419721302667284,False
nav16_low,Nav1.6,low,10.0,270.0,5,FULL,24,24.0,43.817119638545535,-59.50519348314233,False
nav16_low,Nav1.6,low,10.0,300.0,1,FULL,21,21.0,42.744698701470696,-59.72238474438094,False
nav16_low,Nav1.6,low,10.0,300.0,2,FULL,19,19.0,43.444765988175746,-59.668211705970606,False
nav16_low,Nav1.6,low,10.0,300.0,3,FULL,21,21.0,43.549125181597255,-59.73209871233008,False
nav16_low,Nav1.6,low,10.0,300.0,4,FULL,24,24.0,43.71470031991692,-59.76573793471371,False
nav16_low,Nav1.6,low,10.0,300.0,5,FULL,21,21.0,43.66251803302866,-59.814153050642716,False
nav16_low,Nav1.6,low,10.0,330.0,1,FULL,22,22.0,43.60146434445259,-59.71388248809674,False
nav16_low,Nav1.6,low,10.0,330.0,2,FULL,20,20.0,43.592894062476894,-59.655803643600294,False
nav16_low,Nav1.6,low,10.0,330.0,3,FULL,19,19.0,43.58560990037364,-59.75521663122499,False
nav16_low,Nav1.6,low,10.0,330.0,4,FULL,19,19.0,43.72040448684706,-59.727659714046965,False
nav16_low,Nav1.6,low,10.0,330.0,5,FULL,21,21.0,42.755143012688755,-59.79725819430959,False
nav16_med,Nav1.6,med,30.0,0.0,1,FULL,29,29.0,44.300426955046134,-58.729390571102975,False
nav16_med,Nav1.6,med,30.0,0.0,2,FULL,24,24.0,43.96027253799495,-58.861390133839336,False
nav16_med,Nav1.6,med,30.0,0.0,3,FULL,30,30.0,43.91028596638994,-58.88990322346354,False
nav16_med,Nav1.6,med,30.0,0.0,4,FULL,28,28.0,43.93917991302975,-58.84990644930516,False
nav16_med,Nav1.6,med,30.0,0.0,5,FULL,33,33.0,44.22665170715538,-58.995583432616385,False
nav16_med,Nav1.6,med,30.0,30.0,1,FULL,21,21.0,43.80596042658339,-42.31221986294311,False
nav16_med,Nav1.6,med,30.0,30.0,2,FULL,23,23.0,44.24672748655089,-42.09047594804394,False
nav16_med,Nav1.6,med,30.0,30.0,3,FULL,18,18.0,43.57719922116302,-42.642982761448614,False
nav16_med,Nav1.6,med,30.0,30.0,4,FULL,23,23.0,44.0563029245859,-42.54440574301679,False
nav16_med,Nav1.6,med,30.0,30.0,5,FULL,24,24.0,44.30758207103886,-42.53403096253913,False
nav16_med,Nav1.6,med,30.0,60.0,1,FULL,18,18.0,43.58788881841915,-35.04878272616817,False
nav16_med,Nav1.6,med,30.0,60.0,2,FULL,15,15.0,44.361341367730645,-35.441591617032834,False
nav16_med,Nav1.6,med,30.0,60.0,3,FULL,17,17.0,43.75266065453346,-35.02574868466534,False
nav16_med,Nav1.6,med,30.0,60.0,4,FULL,21,21.0,43.95930258869235,-34.89245278052239,False
nav16_med,Nav1.6,med,30.0,60.0,5,FULL,16,16.0,44.104626151751184,-35.374631076684004,False
nav16_med,Nav1.6,med,30.0,90.0,1,FULL,18,18.0,43.93815024935172,-34.553564785539436,False
nav16_med,Nav1.6,med,30.0,90.0,2,FULL,14,14.0,43.5733256281593,-35.08998871628278,False
nav16_med,Nav1.6,med,30.0,90.0,3,FULL,15,15.0,44.4756457966321,-35.02404773701264,False
nav16_med,Nav1.6,med,30.0,90.0,4,FULL,16,16.0,44.561092084174994,-34.83232252699469,False
nav16_med,Nav1.6,med,30.0,90.0,5,FULL,12,12.0,44.149928568506986,-35.0625826362438,False
nav16_med,Nav1.6,med,30.0,120.0,1,FULL,16,16.0,43.93815024935172,-34.553564785539436,False
nav16_med,Nav1.6,med,30.0,120.0,2,FULL,13,13.0,43.5733256281593,-35.08998871628278,False
nav16_med,Nav1.6,med,30.0,120.0,3,FULL,15,15.0,44.4756457966321,-35.02404773701264,False
nav16_med,Nav1.6,med,30.0,120.0,4,FULL,14,14.0,44.561092084174994,-34.83232252699469,False
nav16_med,Nav1.6,med,30.0,120.0,5,FULL,12,12.0,44.149928568506986,-35.0625826362438,False
nav16_med,Nav1.6,med,30.0,150.0,1,FULL,14,14.0,43.93815024935172,-34.553564785539436,False
nav16_med,Nav1.6,med,30.0,150.0,2,FULL,13,13.0,43.5733256281593,-35.08998871628278,False
nav16_med,Nav1.6,med,30.0,150.0,3,FULL,16,16.0,44.4756457966321,-35.02404773701264,False
nav16_med,Nav1.6,med,30.0,150.0,4,FULL,16,16.0,44.561092084174994,-34.83232252699469,False
nav16_med,Nav1.6,med,30.0,150.0,5,FULL,13,13.0,44.149928568506986,-35.0625826362438,False
nav16_med,Nav1.6,med,30.0,180.0,1,FULL,17,17.0,43.93815024935172,-34.553564785539436,False
nav16_med,Nav1.6,med,30.0,180.0,2,FULL,13,13.0,43.5733256281593,-35.08998871628278,False
nav16_med,Nav1.6,med,30.0,180.0,3,FULL,16,16.0,44.4756457966321,-35.02404773701264,False
nav16_med,Nav1.6,med,30.0,180.0,4,FULL,16,16.0,44.561092084174994,-34.83232252699469,False
nav16_med,Nav1.6,med,30.0,180.0,5,FULL,13,13.0,44.149928568506986,-35.0625826362438,False
nav16_med,Nav1.6,med,30.0,210.0,1,FULL,19,19.0,43.4990177025116,-36.2653546192979,False
nav16_med,Nav1.6,med,30.0,210.0,2,FULL,11,11.0,44.54487408545281,-36.48923558579044,False
nav16_med,Nav1.6,med,30.0,210.0,3,FULL,22,22.0,43.55869131630023,-36.21444087647998,False
nav16_med,Nav1.6,med,30.0,210.0,4,FULL,20,20.0,43.46093459181201,-36.36479141731261,False
nav16_med,Nav1.6,med,30.0,210.0,5,FULL,19,19.0,44.189474075884405,-36.86003344720674,False
nav16_med,Nav1.6,med,30.0,240.0,1,FULL,31,31.0,43.41028418327073,-51.336125280759475,False
nav16_med,Nav1.6,med,30.0,240.0,2,FULL,30,30.0,43.613693458024386,-51.153438346706366,False
nav16_med,Nav1.6,med,30.0,240.0,3,FULL,34,34.0,43.913573597721246,-51.57643008344124,False
nav16_med,Nav1.6,med,30.0,240.0,4,FULL,33,33.0,43.87069072165651,-50.781802290928134,False
nav16_med,Nav1.6,med,30.0,240.0,5,FULL,28,28.0,43.68938220182997,-51.102742700023775,False
nav16_med,Nav1.6,med,30.0,270.0,1,FULL,31,31.0,43.78230943477717,-59.2721136760601,False
nav16_med,Nav1.6,med,30.0,270.0,2,FULL,29,29.0,43.54399215993471,-59.24015636852792,False
nav16_med,Nav1.6,med,30.0,270.0,3,FULL,34,34.0,43.688133600471616,-59.23726707337106,False
nav16_med,Nav1.6,med,30.0,270.0,4,FULL,33,33.0,43.50540381500773,-59.34693270360091,False
nav16_med,Nav1.6,med,30.0,270.0,5,FULL,32,32.0,43.471523651899695,-59.43466512973437,False
nav16_med,Nav1.6,med,30.0,300.0,1,FULL,33,33.0,43.45257308708973,-59.65847573026704,False
nav16_med,Nav1.6,med,30.0,300.0,2,FULL,32,32.0,43.45647870094375,-59.60292798562744,False
nav16_med,Nav1.6,med,30.0,300.0,3,FULL,31,31.0,43.60764880110803,-59.668284382947625,False
nav16_med,Nav1.6,med,30.0,300.0,4,FULL,33,33.0,43.12096686250855,-59.70261040738493,False
nav16_med,Nav1.6,med,30.0,300.0,5,FULL,36,36.0,43.40057917240176,-59.75210207034994,False
nav16_med,Nav1.6,med,30.0,330.0,1,FULL,32,32.0,43.726629696669896,-59.64974568499047,False
nav16_med,Nav1.6,med,30.0,330.0,2,FULL,33,33.0,43.73299781045538,-59.59019350541433,False
nav16_med,Nav1.6,med,30.0,330.0,3,FULL,30,30.0,43.31521389314784,-59.69194412171749,False
nav16_med,Nav1.6,med,30.0,330.0,4,FULL,29,29.0,43.257712687954395,-59.663688245840355,False
nav16_med,Nav1.6,med,30.0,330.0,5,FULL,31,31.0,43.64656363510599,-59.73477104718364,False
nav16_high,Nav1.6,high,90.0,0.0,1,FULL,62,62.0,44.566937727399896,-58.380135205219716,False
nav16_high,Nav1.6,high,90.0,0.0,2,FULL,57,57.0,44.375242529301886,-58.54247048679484,False
nav16_high,Nav1.6,high,90.0,0.0,3,FULL,60,60.0,43.72645240963641,-58.5836254901893,False
nav16_high,Nav1.6,high,90.0,0.0,4,FULL,54,54.0,44.43779924681847,-58.5275332953186,False
nav16_high,Nav1.6,high,90.0,0.0,5,FULL,61,61.0,44.61117588400547,-58.70720518178381,False
nav16_high,Nav1.6,high,90.0,30.0,1,FULL,46,46.0,44.68540370857596,-40.45272708741774,False
nav16_high,Nav1.6,high,90.0,30.0,2,FULL,52,52.0,44.5218479772091,-40.420088528604154,False
nav16_high,Nav1.6,high,90.0,30.0,3,FULL,48,48.0,44.57805996441144,-40.93065308347463,False
nav16_high,Nav1.6,high,90.0,30.0,4,FULL,48,48.0,44.43583095847421,-40.93854969089943,False
nav16_high,Nav1.6,high,90.0,30.0,5,FULL,49,49.0,44.74619371425528,-40.75138706135384,False
nav16_high,Nav1.6,high,90.0,60.0,1,FULL,39,39.0,43.96104942222447,-33.6287706151482,False
nav16_high,Nav1.6,high,90.0,60.0,2,FULL,32,32.0,44.84120600245258,-33.95357652284456,False
nav16_high,Nav1.6,high,90.0,60.0,3,FULL,39,39.0,44.820201267115756,-33.77445360413634,False
nav16_high,Nav1.6,high,90.0,60.0,4,FULL,40,40.0,44.03113889660933,-33.488746141574076,False
nav16_high,Nav1.6,high,90.0,60.0,5,FULL,36,36.0,44.50322389703399,-33.7946394100595,False
nav16_high,Nav1.6,high,90.0,90.0,1,FULL,37,37.0,44.04572370034196,-33.24462885682742,False
nav16_high,Nav1.6,high,90.0,90.0,2,FULL,30,30.0,44.26818722774155,-33.667666756524696,False
nav16_high,Nav1.6,high,90.0,90.0,3,FULL,34,34.0,43.93173220189849,-33.775690865161586,False
nav16_high,Nav1.6,high,90.0,90.0,4,FULL,35,35.0,44.04514063609093,-33.46278037744557,False
nav16_high,Nav1.6,high,90.0,90.0,5,FULL,33,33.0,43.99684649883664,-33.606476112476706,False
nav16_high,Nav1.6,high,90.0,120.0,1,FULL,32,32.0,44.00800193517936,-33.24462885682742,False
nav16_high,Nav1.6,high,90.0,120.0,2,FULL,28,28.0,44.26818722774155,-33.667666756524696,False
nav16_high,Nav1.6,high,90.0,120.0,3,FULL,32,32.0,43.93173220189849,-33.775690865161586,False
nav16_high,Nav1.6,high,90.0,120.0,4,FULL,30,30.0,44.04514063609093,-33.46278037744557,False
nav16_high,Nav1.6,high,90.0,120.0,5,FULL,30,30.0,44.05503090246604,-33.606476112476706,False
nav16_high,Nav1.6,high,90.0,150.0,1,FULL,34,34.0,44.00800193517936,-33.24462885682742,False
nav16_high,Nav1.6,high,90.0,150.0,2,FULL,29,29.0,44.26818722774155,-33.667666756524696,False
nav16_high,Nav1.6,high,90.0,150.0,3,FULL,32,32.0,43.93173220189849,-33.775690865161586,False
nav16_high,Nav1.6,high,90.0,150.0,4,FULL,33,33.0,44.04514063609093,-33.46278037744557,False
nav16_high,Nav1.6,high,90.0,150.0,5,FULL,30,30.0,43.99684649883664,-33.606476112476706,False
nav16_high,Nav1.6,high,90.0,180.0,1,FULL,37,37.0,44.00800193517936,-33.24462885682742,False
nav16_high,Nav1.6,high,90.0,180.0,2,FULL,32,32.0,44.26818722774155,-33.667666756524696,False
nav16_high,Nav1.6,high,90.0,180.0,3,FULL,35,35.0,43.93173220189849,-33.775690865161586,False
nav16_high,Nav1.6,high,90.0,180.0,4,FULL,38,38.0,44.04514063609093,-33.46278037744557,False
nav16_high,Nav1.6,high,90.0,180.0,5,FULL,35,35.0,43.99684649883664,-33.606476112476706,False
nav16_high,Nav1.6,high,90.0,210.0,1,FULL,43,43.0,43.97793852648746,-34.811487354733764,False
nav16_high,Nav1.6,high,90.0,210.0,2,FULL,36,36.0,43.942990747507075,-34.9408601465916,False
nav16_high,Nav1.6,high,90.0,210.0,3,FULL,43,43.0,44.72866272227697,-34.72082996413827,False
nav16_high,Nav1.6,high,90.0,210.0,4,FULL,40,40.0,44.28672266733602,-34.92639587090041,False
nav16_high,Nav1.6,high,90.0,210.0,5,FULL,42,42.0,43.80578484586226,-35.101620348034466,False
nav16_high,Nav1.6,high,90.0,240.0,1,FULL,59,59.0,44.235666559651655,-49.709166047385295,False
nav16_high,Nav1.6,high,90.0,240.0,2,FULL,59,59.0,44.1594166717572,-49.080385628695595,False
nav16_high,Nav1.6,high,90.0,240.0,3,FULL,64,64.0,44.61645198814295,-49.868893645461995,False
nav16_high,Nav1.6,high,90.0,240.0,4,FULL,62,62.0,43.86544622758706,-48.76275442775912,False
nav16_high,Nav1.6,high,90.0,240.0,5,FULL,63,63.0,43.731756415845766,-49.24701524942069,False
nav16_high,Nav1.6,high,90.0,270.0,1,FULL,67,67.0,44.07249736831269,-59.02075294656976,False
nav16_high,Nav1.6,high,90.0,270.0,2,FULL,63,63.0,44.01097978475368,-58.98089760365168,False
nav16_high,Nav1.6,high,90.0,270.0,3,FULL,67,67.0,44.45969513494154,-58.98053205339011,False
nav16_high,Nav1.6,high,90.0,270.0,4,FULL,67,67.0,44.65316826890748,-59.10404823989974,False
nav16_high,Nav1.6,high,90.0,270.0,5,FULL,67,67.0,43.890088804232484,-59.20051163278041,False
nav16_high,Nav1.6,high,90.0,300.0,1,FULL,65,65.0,44.12169293735019,-59.44987465497981,False
nav16_high,Nav1.6,high,90.0,300.0,2,FULL,64,64.0,44.03090617405604,-59.38936845700081,False
nav16_high,Nav1.6,high,90.0,300.0,3,FULL,63,63.0,43.44926717728336,-59.46005563796437,False
nav16_high,Nav1.6,high,90.0,300.0,4,FULL,65,65.0,43.66012302760696,-59.49680026752649,False
nav16_high,Nav1.6,high,90.0,300.0,5,FULL,68,68.0,43.570001440598936,-59.55013627223612,False
nav16_high,Nav1.6,high,90.0,330.0,1,FULL,64,64.0,43.447898683858575,-59.440288911934346,False
nav16_high,Nav1.6,high,90.0,330.0,2,FULL,65,65.0,44.169453265510185,-59.37542399785227,False
nav16_high,Nav1.6,high,90.0,330.0,3,FULL,61,61.0,44.1992827305549,-59.48569483482004,False
nav16_high,Nav1.6,high,90.0,330.0,4,FULL,63,63.0,43.93162657917982,-59.45483819581052,False
nav16_high,Nav1.6,high,90.0,330.0,5,FULL,64,64.0,43.768685764435176,-59.53122863629794,False
nap_low,NaP,low,0.3,0.0,1,FULL,26,26.0,44.10561908020702,-58.085601448310925,False
nap_low,NaP,low,0.3,0.0,2,FULL,23,23.0,43.10719360660805,-58.23361102824318,False
nap_low,NaP,low,0.3,0.0,3,FULL,26,26.0,43.14441961245569,-58.26104216763076,False
nap_low,NaP,low,0.3,0.0,4,FULL,25,25.0,43.89361192231169,-58.21643879565804,False
nap_low,NaP,low,0.3,0.0,5,FULL,26,26.0,43.8837476112261,-58.38057838708397,False
nap_low,NaP,low,0.3,30.0,1,FULL,21,21.0,44.396500397744546,-41.34915807086379,False
nap_low,NaP,low,0.3,30.0,2,FULL,18,18.0,44.23511634924256,-41.23776064937529,False
nap_low,NaP,low,0.3,30.0,3,FULL,17,17.0,43.40530427661821,-41.86029289175112,False
nap_low,NaP,low,0.3,30.0,4,FULL,19,19.0,44.276807915451215,-41.643192031714044,False
nap_low,NaP,low,0.3,30.0,5,FULL,20,20.0,43.35024783703479,-41.85371728395148,False
nap_low,NaP,low,0.3,60.0,1,FULL,16,16.0,43.45866549057132,-34.414344826243685,False
nap_low,NaP,low,0.3,60.0,2,FULL,13,13.0,43.31224940367478,-34.76935570923776,False
nap_low,NaP,low,0.3,60.0,3,FULL,15,15.0,44.38065980291985,-34.41729346936777,False
nap_low,NaP,low,0.3,60.0,4,FULL,16,16.0,43.82142454136266,-34.422359753342384,False
nap_low,NaP,low,0.3,60.0,5,FULL,15,15.0,43.57133192390033,-34.726326670276094,False
nap_low,NaP,low,0.3,90.0,1,FULL,15,15.0,43.3807401476871,-33.98024739437859,False
nap_low,NaP,low,0.3,90.0,2,FULL,13,13.0,43.242912604797255,-34.505923459371864,False
nap_low,NaP,low,0.3,90.0,3,FULL,13,13.0,43.25780734579764,-34.445795873857136,False
nap_low,NaP,low,0.3,90.0,4,FULL,13,13.0,43.96077432862111,-34.331611746150315,False
nap_low,NaP,low,0.3,90.0,5,FULL,11,11.0,43.36782117324703,-34.47644025340678,False
nap_low,NaP,low,0.3,120.0,1,FULL,12,12.0,43.3807401476871,-33.98024739437859,False
nap_low,NaP,low,0.3,120.0,2,FULL,12,12.0,43.242912604797255,-34.505923459371864,False
nap_low,NaP,low,0.3,120.0,3,FULL,13,13.0,43.25780734579764,-34.445795873857136,False
nap_low,NaP,low,0.3,120.0,4,FULL,11,11.0,43.96077432862111,-34.331611746150315,False
nap_low,NaP,low,0.3,120.0,5,FULL,9,9.0,43.36782117324703,-34.47644025340678,False
nap_low,NaP,low,0.3,150.0,1,FULL,11,11.0,43.3807401476871,-33.98024739437859,False
nap_low,NaP,low,0.3,150.0,2,FULL,13,13.0,43.242912604797255,-34.505923459371864,False
nap_low,NaP,low,0.3,150.0,3,FULL,14,14.0,43.25780734579764,-34.445795873857136,False
nap_low,NaP,low,0.3,150.0,4,FULL,13,13.0,43.96077432862111,-34.331611746150315,False
nap_low,NaP,low,0.3,150.0,5,FULL,10,10.0,43.36782117324703,-34.47644025340678,False
nap_low,NaP,low,0.3,180.0,1,FULL,14,14.0,43.3807401476871,-33.98024739437859,False
nap_low,NaP,low,0.3,180.0,2,FULL,12,12.0,43.242912604797255,-34.505923459371864,False
nap_low,NaP,low,0.3,180.0,3,FULL,15,15.0,43.25780734579764,-34.445795873857136,False
nap_low,NaP,low,0.3,180.0,4,FULL,14,14.0,43.96077432862111,-34.331611746150315,False
nap_low,NaP,low,0.3,180.0,5,FULL,11,11.0,43.36782117324703,-34.47644025340678,False
nap_low,NaP,low,0.3,210.0,1,FULL,17,17.0,44.38877630540574,-35.546563867909285,False
nap_low,NaP,low,0.3,210.0,2,FULL,11,11.0,43.481004399893855,-35.846598371358176,False
nap_low,NaP,low,0.3,210.0,3,FULL,17,17.0,44.248703816808806,-35.484503686360554,False
nap_low,NaP,low,0.3,210.0,4,FULL,15,15.0,44.26669522394802,-35.646152373208814,False
nap_low,NaP,low,0.3,210.0,5,FULL,16,16.0,44.16119914713231,-36.1215834110288,False
nap_low,NaP,low,0.3,240.0,1,FULL,27,27.0,44.05049057092048,-50.43131716412322,False
nap_low,NaP,low,0.3,240.0,2,FULL,24,24.0,43.27874197355978,-50.27698771526574,False
nap_low,NaP,low,0.3,240.0,3,FULL,28,28.0,44.06278105713811,-50.79669036892705,False
nap_low,NaP,low,0.3,240.0,4,FULL,29,29.0,43.490995285444185,-49.962121898003154,False
nap_low,NaP,low,0.3,240.0,5,FULL,26,26.0,43.51727903470284,-50.230762932930126,False
nap_low,NaP,low,0.3,270.0,1,FULL,26,26.0,42.82719013321763,-58.68734518755441,False
nap_low,NaP,low,0.3,270.0,2,FULL,25,25.0,43.61675564659218,-58.65272567477358,False
nap_low,NaP,low,0.3,270.0,3,FULL,28,28.0,43.89261279113805,-58.64852989578197,False
nap_low,NaP,low,0.3,270.0,4,FULL,28,28.0,42.69767535453072,-58.771655218580904,False
nap_low,NaP,low,0.3,270.0,5,FULL,29,29.0,42.92206200010297,-58.86832175807131,False
nap_low,NaP,low,0.3,300.0,1,FULL,27,27.0,43.31959715689739,-59.112464109396576,False
nap_low,NaP,low,0.3,300.0,2,FULL,27,27.0,43.300365901747504,-59.04921436780087,False
nap_low,NaP,low,0.3,300.0,3,FULL,24,24.0,42.24441853443327,-59.12029594637681,False
nap_low,NaP,low,0.3,300.0,4,FULL,26,26.0,42.437771823032776,-59.15882174168907,False
nap_low,NaP,low,0.3,300.0,5,FULL,28,28.0,43.666602364184804,-59.2124452429573,False
nap_low,NaP,low,0.3,330.0,1,FULL,27,27.0,43.28095548347404,-59.10339026288444,False
nap_low,NaP,low,0.3,330.0,2,FULL,29,29.0,43.52486562378892,-59.03565558308701,False
nap_low,NaP,low,0.3,330.0,3,FULL,27,27.0,43.0365476198035,-59.14515650187235,False
nap_low,NaP,low,0.3,330.0,4,FULL,27,27.0,43.23383656864564,-59.11646049763534,False
nap_low,NaP,low,0.3,330.0,5,FULL,27,27.0,43.843540851583384,-59.194044453087635,False
nap_med,NaP,med,0.8,0.0,1,FULL,36,36.0,43.93133382619406,-55.024657867252756,False
nap_med,NaP,med,0.8,0.0,2,FULL,34,34.0,43.265187570277256,-55.23926060063773,False
nap_med,NaP,med,0.8,0.0,3,FULL,38,38.0,43.14493670970676,-55.1709830274334,False
nap_med,NaP,med,0.8,0.0,4,FULL,39,39.0,44.17130170782419,-55.08542507527681,False
nap_med,NaP,med,0.8,0.0,5,FULL,37,37.0,43.30416560767143,-56.26928424593533,False
nap_med,NaP,med,0.8,30.0,1,FULL,28,28.0,44.32713165387663,-37.94668071689471,False
nap_med,NaP,med,0.8,30.0,2,FULL,29,29.0,44.07305204847742,-37.961350868860556,False
nap_med,NaP,med,0.8,30.0,3,FULL,28,28.0,44.11528127079828,-38.62100606360967,False
nap_med,NaP,med,0.8,30.0,4,FULL,32,32.0,43.30708477794852,-38.35505212871017,False
nap_med,NaP,med,0.8,30.0,5,FULL,31,31.0,43.63110993953064,-38.45828068895661,False
nap_med,NaP,med,0.8,60.0,1,FULL,20,20.0,43.6140511888577,-32.06051758628737,False
nap_med,NaP,med,0.8,60.0,2,FULL,23,23.0,43.34405364669761,-32.319861932354506,False
nap_med,NaP,med,0.8,60.0,3,FULL,22,22.0,43.90311748084611,-32.19030931822763,False
nap_med,NaP,med,0.8,60.0,4,FULL,21,21.0,43.741745387416316,-32.171101339211596,False
nap_med,NaP,med,0.8,60.0,5,FULL,21,21.0,43.34595299967447,-32.18558362442627,False
nap_med,NaP,med,0.8,90.0,1,FULL,19,19.0,44.144101351713346,-31.78640011545295,False
nap_med,NaP,med,0.8,90.0,2,FULL,15,15.0,43.751353705928146,-32.08931834051926,False
nap_med,NaP,med,0.8,90.0,3,FULL,19,19.0,43.30788192399499,-32.159438259523974,False
nap_med,NaP,med,0.8,90.0,4,FULL,18,18.0,43.370403602018705,-32.14331179925749,False
nap_med,NaP,med,0.8,90.0,5,FULL,20,20.0,44.35492417122331,-31.977762822165474,False
nap_med,NaP,med,0.8,120.0,1,FULL,17,17.0,44.144101351713346,-31.78640011545295,False
nap_med,NaP,med,0.8,120.0,2,FULL,14,14.0,43.751353705928146,-32.08931834051926,False
nap_med,NaP,med,0.8,120.0,3,FULL,17,17.0,43.30788192399499,-32.159438259523974,False
nap_med,NaP,med,0.8,120.0,4,FULL,17,17.0,43.370403602018705,-32.14331179925749,False
nap_med,NaP,med,0.8,120.0,5,FULL,17,17.0,44.35492417122331,-31.977762822165474,False
nap_med,NaP,med,0.8,150.0,1,FULL,16,16.0,44.144101351713346,-31.78640011545295,False
nap_med,NaP,med,0.8,150.0,2,FULL,15,15.0,43.751353705928146,-32.08931834051926,False
nap_med,NaP,med,0.8,150.0,3,FULL,17,17.0,43.30788192399499,-32.159438259523974,False
nap_med,NaP,med,0.8,150.0,4,FULL,17,17.0,43.370403602018705,-32.14331179925749,False
nap_med,NaP,med,0.8,150.0,5,FULL,18,18.0,44.35492417122331,-31.977762822165474,False
nap_med,NaP,med,0.8,180.0,1,FULL,18,18.0,44.144101351713346,-31.78640011545295,False
nap_med,NaP,med,0.8,180.0,2,FULL,19,19.0,43.751353705928146,-32.08931834051926,False
nap_med,NaP,med,0.8,180.0,3,FULL,20,20.0,43.30788192399499,-32.159438259523974,False
nap_med,NaP,med,0.8,180.0,4,FULL,20,20.0,43.370403602018705,-32.14331179925749,False
nap_med,NaP,med,0.8,180.0,5,FULL,21,21.0,44.35492417122331,-31.977762822165474,False
nap_med,NaP,med,0.8,210.0,1,FULL,26,26.0,43.36411061845439,-33.125998319973014,False
nap_med,NaP,med,0.8,210.0,2,FULL,25,25.0,43.29623153510546,-33.17034810462962,False
nap_med,NaP,med,0.8,210.0,3,FULL,30,30.0,44.09321582706812,-32.92313388233987,False
nap_med,NaP,med,0.8,210.0,4,FULL,25,25.0,43.310144089643345,-33.206119109218754,False
nap_med,NaP,med,0.8,210.0,5,FULL,23,23.0,43.555555366996764,-33.27484965941506,False
nap_med,NaP,med,0.8,240.0,1,FULL,32,32.0,43.26002903158511,-46.58537189693052,False
nap_med,NaP,med,0.8,240.0,2,FULL,33,33.0,43.62916687813317,-46.54783195853004,False
nap_med,NaP,med,0.8,240.0,3,FULL,35,35.0,43.518847112048576,-47.05383996299238,False
nap_med,NaP,med,0.8,240.0,4,FULL,39,39.0,44.34915174991576,-46.51705807426594,False
nap_med,NaP,med,0.8,240.0,5,FULL,37,37.0,43.316605506622004,-46.26307104977203,False
nap_med,NaP,med,0.8,270.0,1,FULL,38,38.0,43.25549631678182,-56.86516209556252,False
nap_med,NaP,med,0.8,270.0,2,FULL,40,40.0,43.05254356757293,-56.78776047974956,False
nap_med,NaP,med,0.8,270.0,3,FULL,40,40.0,43.838700591187404,-56.78998839894771,False
nap_med,NaP,med,0.8,270.0,4,FULL,40,40.0,44.12349851362853,-57.01451459385537,False
nap_med,NaP,med,0.8,270.0,5,FULL,40,40.0,43.40867820610262,-57.167240122342825,False
nap_med,NaP,med,0.8,300.0,1,FULL,38,38.0,42.95293063458202,-57.53791869182859,False
nap_med,NaP,med,0.8,300.0,2,FULL,38,38.0,43.61908674999584,-57.43528413289875,False
nap_med,NaP,med,0.8,300.0,3,FULL,39,39.0,43.576357454536264,-57.537732447684775,False
nap_med,NaP,med,0.8,300.0,4,FULL,39,39.0,43.91166430090247,-57.59632486374295,False
nap_med,NaP,med,0.8,300.0,5,FULL,42,42.0,43.73435899990053,-57.66951863254802,False
nap_med,NaP,med,0.8,330.0,1,FULL,35,35.0,42.34321785837249,-57.526665740879274,False
nap_med,NaP,med,0.8,330.0,2,FULL,39,39.0,42.64475680437255,-57.41715967747114,False
nap_med,NaP,med,0.8,330.0,3,FULL,39,39.0,43.39119301475325,-57.568830312482305,False
nap_med,NaP,med,0.8,330.0,4,FULL,39,39.0,42.73729792511937,-57.53601103412646,False
nap_med,NaP,med,0.8,330.0,5,FULL,41,41.0,42.994139164908546,-57.64579264212432,False
nap_high,NaP,high,2.4,0.0,1,FULL,62,62.0,43.49861379492055,-32.86202578568851,False
nap_high,NaP,high,2.4,0.0,2,FULL,77,77.0,43.49947387461938,-32.924614228908155,False
nap_high,NaP,high,2.4,0.0,3,FULL,71,71.0,43.48616524960581,-32.830211468481366,False
nap_high,NaP,high,2.4,0.0,4,FULL,74,74.0,43.49652245260606,-32.917070132298115,False
nap_high,NaP,high,2.4,0.0,5,FULL,71,71.0,43.49330174295971,-32.911414230858874,False
nap_high,NaP,high,2.4,30.0,1,FULL,76,76.0,43.90802800198594,-28.136263891609115,False
nap_high,NaP,high,2.4,30.0,2,FULL,71,71.0,44.321916173085455,-28.09989485019987,False
nap_high,NaP,high,2.4,30.0,3,FULL,71,71.0,43.563844897952244,-28.289724026543976,False
nap_high,NaP,high,2.4,30.0,4,FULL,75,75.0,43.95945336659858,-28.25077502841356,False
nap_high,NaP,high,2.4,30.0,5,FULL,72,72.0,43.76194853832182,-28.32716544520765,False
nap_high,NaP,high,2.4,60.0,1,FULL,69,69.0,44.03442005333858,-26.147979802634186,False
nap_high,NaP,high,2.4,60.0,2,FULL,74,74.0,43.65339158462828,-26.095812378874932,False
nap_high,NaP,high,2.4,60.0,3,FULL,71,71.0,43.536222717895505,-26.061738916843087,False
nap_high,NaP,high,2.4,60.0,4,FULL,69,69.0,44.38935628337454,-26.179112883730504,False
nap_high,NaP,high,2.4,60.0,5,FULL,72,72.0,43.555051541161,-26.16307141427643,False
nap_high,NaP,high,2.4,90.0,1,FULL,67,67.0,44.230849463887154,-26.022151599422546,False
nap_high,NaP,high,2.4,90.0,2,FULL,73,73.0,43.65352009927227,-26.115654268111495,False
nap_high,NaP,high,2.4,90.0,3,FULL,74,74.0,43.536222717895505,-26.078806820413465,False
nap_high,NaP,high,2.4,90.0,4,FULL,69,69.0,44.38935628337454,-26.140181093618267,False
nap_high,NaP,high,2.4,90.0,5,FULL,73,73.0,43.54344274480179,-26.058043819087402,False
nap_high,NaP,high,2.4,120.0,1,FULL,65,65.0,44.230849463887154,-26.022151599422546,False
nap_high,NaP,high,2.4,120.0,2,FULL,73,73.0,43.65352009927227,-26.115654268111495,False
nap_high,NaP,high,2.4,120.0,3,FULL,71,71.0,43.536222717895505,-26.078806820413465,False
nap_high,NaP,high,2.4,120.0,4,FULL,72,72.0,44.38935628337454,-26.140181093618267,False
nap_high,NaP,high,2.4,120.0,5,FULL,73,73.0,43.54344274480179,-26.058043819087402,False
nap_high,NaP,high,2.4,150.0,1,FULL,70,70.0,44.230849463887154,-26.022151599422546,False
nap_high,NaP,high,2.4,150.0,2,FULL,72,72.0,43.65352009927227,-26.115654268111495,False
nap_high,NaP,high,2.4,150.0,3,FULL,68,68.0,43.536222717895505,-26.078806820413465,False
nap_high,NaP,high,2.4,150.0,4,FULL,71,71.0,44.38935628337454,-26.140181093618267,False
nap_high,NaP,high,2.4,150.0,5,FULL,71,71.0,43.54344274480179,-26.058043819087402,False
nap_high,NaP,high,2.4,180.0,1,FULL,69,69.0,44.230849463887154,-26.022151599422546,False
nap_high,NaP,high,2.4,180.0,2,FULL,75,75.0,43.65352009927227,-26.115654268111495,False
nap_high,NaP,high,2.4,180.0,3,FULL,70,70.0,43.536222717895505,-26.078806820413465,False
nap_high,NaP,high,2.4,180.0,4,FULL,71,71.0,44.38935628337454,-26.140181093618267,False
nap_high,NaP,high,2.4,180.0,5,FULL,75,75.0,43.54344274480179,-26.058043819087402,False
nap_high,NaP,high,2.4,210.0,1,FULL,68,68.0,44.436021032278276,-26.51032557720839,False
nap_high,NaP,high,2.4,210.0,2,FULL,79,79.0,44.1786727062204,-26.463956333825106,False
nap_high,NaP,high,2.4,210.0,3,FULL,74,74.0,43.559189925303784,-26.372554718323784,False
nap_high,NaP,high,2.4,210.0,4,FULL,76,76.0,43.588423855457165,-26.540493382997077,False
nap_high,NaP,high,2.4,210.0,5,FULL,74,74.0,43.57248282305219,-26.569581626375403,False
nap_high,NaP,high,2.4,240.0,1,FULL,72,72.0,44.49566201696852,-30.7562351482698,False
nap_high,NaP,high,2.4,240.0,2,FULL,69,69.0,43.59344126764405,-30.722571632219267,False
nap_high,NaP,high,2.4,240.0,3,FULL,74,74.0,43.48616524960581,-30.89179525993042,False
nap_high,NaP,high,2.4,240.0,4,FULL,71,71.0,43.91952839137909,-30.70384610937188,False
nap_high,NaP,high,2.4,240.0,5,FULL,74,74.0,43.513905426987066,-30.75508592998189,False
nap_high,NaP,high,2.4,270.0,1,FULL,55,55.0,43.49861379492055,-33.322150636345555,False
nap_high,NaP,high,2.4,270.0,2,FULL,60,60.0,43.49947387461938,-33.27037684035819,False
nap_high,NaP,high,2.4,270.0,3,FULL,55,55.0,43.48616524960581,-33.25555157273287,False
nap_high,NaP,high,2.4,270.0,4,FULL,60,60.0,43.49652245260606,-33.414493132811465,False
nap_high,NaP,high,2.4,270.0,5,FULL,58,58.0,43.49330174295971,-33.41489417896431,False
nap_high,NaP,high,2.4,300.0,1,FULL,52,52.0,43.49861379492055,-33.59369397765941,False
nap_high,NaP,high,2.4,300.0,2,FULL,51,51.0,43.49947387461938,-33.49345877663007,False
nap_high,NaP,high,2.4,300.0,3,FULL,56,56.0,43.48616524960581,-33.5869106265327,False
nap_high,NaP,high,2.4,300.0,4,FULL,55,55.0,43.49652245260606,-33.60184315300985,False
nap_high,NaP,high,2.4,300.0,5,FULL,55,55.0,43.49330174295971,-33.60047817756259,False
nap_high,NaP,high,2.4,330.0,1,FULL,54,54.0,43.49861379492055,-33.5872759249189,False
nap_high,NaP,high,2.4,330.0,2,FULL,57,57.0,43.49947387461938,-33.49920346061314,False
nap_high,NaP,high,2.4,330.0,3,FULL,61,61.0,43.48616524960581,-33.55896102077881,False
nap_high,NaP,high,2.4,330.0,4,FULL,57,57.0,43.49652245260606,-33.58215907183561,False
nap_high,NaP,high,2.4,330.0,5,FULL,56,56.0,43.49330174295971,-33.55475224838775,False
nar_low,NaR,low,3.0,0.0,1,FULL,19,19.0,44.22711779180853,-58.85592172371946,False
nar_low,NaR,low,3.0,0.0,2,FULL,12,12.0,43.45479546172508,-58.980157817315344,False
nar_low,NaR,low,3.0,0.0,3,FULL,16,16.0,43.75618481456805,-59.00629075835923,False
nar_low,NaR,low,3.0,0.0,4,FULL,14,14.0,43.64551086408313,-58.970316541595224,False
nar_low,NaR,low,3.0,0.0,5,FULL,17,17.0,42.90479822329764,-59.10674205929034,False
nar_low,NaR,low,3.0,30.0,1,FULL,11,11.0,44.47319574791295,-43.06651866615312,False
nar_low,NaR,low,3.0,30.0,2,FULL,15,15.0,43.416647818741666,-42.91084260590523,False
nar_low,NaR,low,3.0,30.0,3,FULL,15,15.0,44.22088988521905,-43.230239320166774,False
nar_low,NaR,low,3.0,30.0,4,FULL,15,15.0,44.19707106838514,-43.52758902428871,False
nar_low,NaR,low,3.0,30.0,5,FULL,15,15.0,43.4093540142464,-43.27967922739219,False
nar_low,NaR,low,3.0,60.0,1,FULL,8,8.0,43.38654157897651,-35.69871443684571,False
nar_low,NaR,low,3.0,60.0,2,FULL,8,8.0,43.67479837179281,-36.13943342689589,False
nar_low,NaR,low,3.0,60.0,3,FULL,8,8.0,44.24318548983869,-36.02431403870222,False
nar_low,NaR,low,3.0,60.0,4,FULL,13,13.0,44.28742310687308,-35.83499687535561,False
nar_low,NaR,low,3.0,60.0,5,FULL,10,10.0,44.38313296642326,-36.069006738986126,False
nar_low,NaR,low,3.0,90.0,1,FULL,9,9.0,44.200601058960004,-35.289716890739726,False
nar_low,NaR,low,3.0,90.0,2,FULL,7,7.0,43.63809711440437,-35.98770268096689,False
nar_low,NaR,low,3.0,90.0,3,FULL,9,9.0,44.04106538208138,-36.096315069800106,False
nar_low,NaR,low,3.0,90.0,4,FULL,9,9.0,43.224988824076554,-35.705517553600984,False
nar_low,NaR,low,3.0,90.0,5,FULL,10,10.0,43.360921487192364,-35.826651804996786,False
nar_low,NaR,low,3.0,120.0,1,FULL,8,8.0,44.200601058960004,-35.289716890739726,False
nar_low,NaR,low,3.0,120.0,2,FULL,7,7.0,43.63809711440437,-35.98770268096689,False
nar_low,NaR,low,3.0,120.0,3,FULL,9,9.0,44.04106538208138,-36.096315069800106,False
nar_low,NaR,low,3.0,120.0,4,FULL,9,9.0,43.224988824076554,-35.705517553600984,False
nar_low,NaR,low,3.0,120.0,5,FULL,10,10.0,43.360921487192364,-35.826651804996786,False
nar_low,NaR,low,3.0,150.0,1,FULL,8,8.0,44.200601058960004,-35.289716890739726,False
nar_low,NaR,low,3.0,150.0,2,FULL,7,7.0,43.63809711440437,-35.98770268096689,False
nar_low,NaR,low,3.0,150.0,3,FULL,10,10.0,44.04106538208138,-36.096315069800106,False
nar_low,NaR,low,3.0,150.0,4,FULL,9,9.0,43.224988824076554,-35.705517553600984,False
nar_low,NaR,low,3.0,150.0,5,FULL,10,10.0,43.360921487192364,-35.826651804996786,False
nar_low,NaR,low,3.0,180.0,1,FULL,8,8.0,44.200601058960004,-35.289716890739726,False
nar_low,NaR,low,3.0,180.0,2,FULL,7,7.0,43.63809711440437,-35.98770268096689,False
nar_low,NaR,low,3.0,180.0,3,FULL,10,10.0,44.04106538208138,-36.096315069800106,False
nar_low,NaR,low,3.0,180.0,4,FULL,9,9.0,43.224988824076554,-35.705517553600984,False
nar_low,NaR,low,3.0,180.0,5,FULL,10,10.0,43.360921487192364,-35.826651804996786,False
nar_low,NaR,low,3.0,210.0,1,FULL,12,12.0,43.2403674863817,-37.07823703448824,False
nar_low,NaR,low,3.0,210.0,2,FULL,8,8.0,43.37913980977713,-37.09922371093907,False
nar_low,NaR,low,3.0,210.0,3,FULL,13,13.0,44.052718668809966,-36.967695962917524,False
nar_low,NaR,low,3.0,210.0,4,FULL,10,10.0,43.44830696686658,-37.33223598941348,False
nar_low,NaR,low,3.0,210.0,5,FULL,7,7.0,43.346781677653986,-37.74094978142105,False
nar_low,NaR,low,3.0,240.0,1,FULL,20,20.0,43.27213061391785,-52.090023405364896,False
nar_low,NaR,low,3.0,240.0,2,FULL,17,17.0,43.63691524527927,-51.59038553575079,False
nar_low,NaR,low,3.0,240.0,3,FULL,17,17.0,43.308348828873484,-52.43383389023525,False
nar_low,NaR,low,3.0,240.0,4,FULL,16,16.0,43.514615413233585,-51.83710214621396,False
nar_low,NaR,low,3.0,240.0,5,FULL,18,18.0,44.05662175081692,-51.96909606079605,False
nar_low,NaR,low,3.0,270.0,1,FULL,18,18.0,43.62180794182271,-59.37125345948314,False
nar_low,NaR,low,3.0,270.0,2,FULL,13,13.0,42.4259441783172,-59.34151628448413,False
nar_low,NaR,low,3.0,270.0,3,FULL,20,20.0,43.84097051442018,-59.338101438379795,False
nar_low,NaR,low,3.0,270.0,4,FULL,18,18.0,43.420562507334864,-59.4430905909482,False
nar_low,NaR,low,3.0,270.0,5,FULL,19,19.0,43.81475649898499,-59.52778627777706,False
nar_low,NaR,low,3.0,300.0,1,FULL,18,18.0,43.85256910370849,-59.74274729488989,False
nar_low,NaR,low,3.0,300.0,2,FULL,16,16.0,43.08137297737872,-59.68904244154279,False
nar_low,NaR,low,3.0,300.0,3,FULL,16,16.0,43.63994580102802,-59.75242844116365,False
nar_low,NaR,low,3.0,300.0,4,FULL,15,15.0,43.2928690371023,-59.785832259762856,False
nar_low,NaR,low,3.0,300.0,5,FULL,19,19.0,43.487121152584876,-59.83388691262376,False
nar_low,NaR,low,3.0,330.0,1,FULL,18,18.0,43.63782199677326,-59.73432050539033,False
nar_low,NaR,low,3.0,330.0,2,FULL,17,17.0,43.18788152993455,-59.67674366934009,False
nar_low,NaR,low,3.0,330.0,3,FULL,14,14.0,43.55141522065203,-59.77536658740789,False
nar_low,NaR,low,3.0,330.0,4,FULL,17,17.0,43.78340233744967,-59.74804303463535,False
nar_low,NaR,low,3.0,330.0,5,FULL,16,16.0,42.59923730038189,-59.817134712258714,False
nar_med,NaR,med,8.0,0.0,1,FULL,19,19.0,43.22941545355942,-58.83200804926275,False
nar_med,NaR,med,8.0,0.0,2,FULL,13,13.0,42.982420994147,-58.95719897925286,False
nar_med,NaR,med,8.0,0.0,3,FULL,16,16.0,43.65742508673505,-58.98364847292588,False
nar_med,NaR,med,8.0,0.0,4,FULL,14,14.0,43.6123901208359,-58.94719844436739,False
nar_med,NaR,med,8.0,0.0,5,FULL,18,18.0,42.90668487354354,-59.08479284808139,False
nar_med,NaR,med,8.0,30.0,1,FULL,11,11.0,43.42907126493947,-43.01627874845335,False
nar_med,NaR,med,8.0,30.0,2,FULL,14,14.0,44.34000107930241,-42.74314634692884,False
nar_med,NaR,med,8.0,30.0,3,FULL,14,14.0,43.41438519474178,-43.17819062647582,False
nar_med,NaR,med,8.0,30.0,4,FULL,16,16.0,43.50955883174218,-43.44011777799657,False
nar_med,NaR,med,8.0,30.0,5,FULL,18,18.0,44.499982705309,-43.144105074706104,False
nar_med,NaR,med,8.0,60.0,1,FULL,8,8.0,44.118071628706915,-35.59336871038258,False
nar_med,NaR,med,8.0,60.0,2,FULL,9,9.0,43.416886937687934,-36.09462105521212,False
nar_med,NaR,med,8.0,60.0,3,FULL,9,9.0,44.046087677858054,-35.98320900939573,False
nar_med,NaR,med,8.0,60.0,4,FULL,13,13.0,43.66016537432128,-35.80542211100073,False
nar_med,NaR,med,8.0,60.0,5,FULL,11,11.0,44.24439253375883,-36.0165507417643,False
nar_med,NaR,med,8.0,90.0,1,FULL,9,9.0,44.39697583916578,-35.2086058571792,False
nar_med,NaR,med,8.0,90.0,2,FULL,7,7.0,43.33945508094084,-35.961106353253285,False
nar_med,NaR,med,8.0,90.0,3,FULL,9,9.0,43.259139247042775,-36.0426307356586,False
nar_med,NaR,med,8.0,90.0,4,FULL,10,10.0,44.31646477414708,-35.57829976933173,False
nar_med,NaR,med,8.0,90.0,5,FULL,10,10.0,43.38395612620542,-35.751125301836574,False
nar_med,NaR,med,8.0,120.0,1,FULL,8,8.0,44.39697583916578,-35.2086058571792,False
nar_med,NaR,med,8.0,120.0,2,FULL,7,7.0,43.33945508094084,-35.961106353253285,False
nar_med,NaR,med,8.0,120.0,3,FULL,10,10.0,43.259139247042775,-36.0426307356586,False
nar_med,NaR,med,8.0,120.0,4,FULL,10,10.0,44.31646477414708,-35.57829976933173,False
nar_med,NaR,med,8.0,120.0,5,FULL,10,10.0,43.38395612620542,-35.751125301836574,False
nar_med,NaR,med,8.0,150.0,1,FULL,8,8.0,44.39697583916578,-35.2086058571792,False
nar_med,NaR,med,8.0,150.0,2,FULL,7,7.0,43.33945508094084,-35.961106353253285,False
nar_med,NaR,med,8.0,150.0,3,FULL,10,10.0,43.259139247042775,-36.0426307356586,False
nar_med,NaR,med,8.0,150.0,4,FULL,10,10.0,44.31646477414708,-35.57829976933173,False
nar_med,NaR,med,8.0,150.0,5,FULL,10,10.0,43.38395612620542,-35.751125301836574,False
nar_med,NaR,med,8.0,180.0,1,FULL,8,8.0,44.39697583916578,-35.2086058571792,False
nar_med,NaR,med,8.0,180.0,2,FULL,7,7.0,43.33945508094084,-35.961106353253285,False
nar_med,NaR,med,8.0,180.0,3,FULL,10,10.0,43.259139247042775,-36.0426307356586,False
nar_med,NaR,med,8.0,180.0,4,FULL,10,10.0,44.31646477414708,-35.57829976933173,False
nar_med,NaR,med,8.0,180.0,5,FULL,10,10.0,43.38395612620542,-35.751125301836574,False
nar_med,NaR,med,8.0,210.0,1,FULL,12,12.0,43.47465391076081,-37.00041357347339,False
nar_med,NaR,med,8.0,210.0,2,FULL,8,8.0,43.738504657871715,-37.03135265033662,False
nar_med,NaR,med,8.0,210.0,3,FULL,12,12.0,43.259860476693724,-36.93644774901728,False
nar_med,NaR,med,8.0,210.0,4,FULL,10,10.0,43.82074305827581,-37.21542932632848,False
nar_med,NaR,med,8.0,210.0,5,FULL,6,6.0,43.9088728189381,-37.662883966231014,False
nar_med,NaR,med,8.0,240.0,1,FULL,20,20.0,43.60704880386251,-52.02750378207474,False
nar_med,NaR,med,8.0,240.0,2,FULL,18,18.0,43.44985190098626,-51.52942597152175,False
nar_med,NaR,med,8.0,240.0,3,FULL,18,18.0,43.279483557958265,-52.41103954333275,False
nar_med,NaR,med,8.0,240.0,4,FULL,16,16.0,43.37398366911332,-51.73865566455664,False
nar_med,NaR,med,8.0,240.0,5,FULL,18,18.0,44.047339720844946,-51.900240733865495,False
nar_med,NaR,med,8.0,270.0,1,FULL,18,18.0,43.788280095758545,-59.35103101714232,False
nar_med,NaR,med,8.0,270.0,2,FULL,14,14.0,42.32750058782844,-59.32101338897976,False
nar_med,NaR,med,8.0,270.0,3,FULL,20,20.0,42.82881586232342,-59.31764545210929,False
nar_med,NaR,med,8.0,270.0,4,FULL,17,17.0,43.506975391797646,-59.42332455124553,False
nar_med,NaR,med,8.0,270.0,5,FULL,20,20.0,44.01925574393572,-59.50847279877448,False
nar_med,NaR,med,8.0,300.0,1,FULL,18,18.0,43.30107005315239,-59.724827507995435,False
nar_med,NaR,med,8.0,300.0,2,FULL,16,16.0,43.40073630498202,-59.67082210935801,False
nar_med,NaR,med,8.0,300.0,3,FULL,18,18.0,43.79154505696201,-59.734526443950635,False
nar_med,NaR,med,8.0,300.0,4,FULL,17,17.0,43.323868633005844,-59.76808160518533,False
nar_med,NaR,med,8.0,300.0,5,FULL,20,20.0,43.30365248570391,-59.81638454768543,False
nar_med,NaR,med,8.0,330.0,1,FULL,20,20.0,43.66504002607789,-59.71634940116174,False
nar_med,NaR,med,8.0,330.0,2,FULL,17,17.0,43.44745637282081,-59.65845082760163,False
nar_med,NaR,med,8.0,330.0,3,FULL,14,14.0,42.94147635329854,-59.757589575312814,False
nar_med,NaR,med,8.0,330.0,4,FULL,17,17.0,43.49618070416267,-59.73011041461539,False
nar_med,NaR,med,8.0,330.0,5,FULL,16,16.0,43.65902645257066,-59.79952727500433,False
nar_high,NaR,high,24.0,0.0,1,FULL,20,20.0,44.271669689045545,-58.75331031627123,False
nar_high,NaR,high,24.0,0.0,2,FULL,14,14.0,43.84590484141254,-58.88175182529119,False
nar_high,NaR,high,24.0,0.0,3,FULL,18,18.0,43.64647998998687,-58.909319789517724,False
nar_high,NaR,high,24.0,0.0,4,FULL,17,17.0,43.80094597324753,-58.871223527500284,False
nar_high,NaR,high,24.0,0.0,5,FULL,19,19.0,43.05940308419228,-59.01280975868552,False
nar_high,NaR,high,24.0,30.0,1,FULL,11,11.0,44.381682829941695,-42.748134334773674,False
nar_high,NaR,high,24.0,30.0,2,FULL,15,15.0,44.376205992575365,-42.55217336205792,False
nar_high,NaR,high,24.0,30.0,3,FULL,14,14.0,44.49965407469453,-43.00137772824729,False
nar_high,NaR,high,24.0,30.0,4,FULL,17,17.0,44.3345608761658,-42.992464463528144,False
nar_high,NaR,high,24.0,30.0,5,FULL,18,18.0,43.67626959219689,-43.03194052707994,False
nar_high,NaR,high,24.0,60.0,1,FULL,8,8.0,44.07812152185528,-35.39721413263216,False
nar_high,NaR,high,24.0,60.0,2,FULL,9,9.0,43.759087199244405,-35.95241595338911,False
nar_high,NaR,high,24.0,60.0,3,FULL,11,11.0,43.28648644836011,-35.724989861269506,False
nar_high,NaR,high,24.0,60.0,4,FULL,15,15.0,43.41076373925301,-35.41560442575782,False
nar_high,NaR,high,24.0,60.0,5,FULL,11,11.0,44.07447781104728,-35.87155530373654,False
nar_high,NaR,high,24.0,90.0,1,FULL,11,11.0,43.53186802266393,-34.9735066887873,False
nar_high,NaR,high,24.0,90.0,2,FULL,10,10.0,44.03552707046073,-35.74488291200715,False
nar_high,NaR,high,24.0,90.0,3,FULL,9,9.0,43.81353210318273,-35.75161716028821,False
nar_high,NaR,high,24.0,90.0,4,FULL,12,12.0,44.17176464339887,-35.22988021737695,False
nar_high,NaR,high,24.0,90.0,5,FULL,10,10.0,43.48859222437601,-35.58688159072049,False
nar_high,NaR,high,24.0,120.0,1,FULL,11,11.0,43.494617701761165,-34.9735066887873,False
nar_high,NaR,high,24.0,120.0,2,FULL,9,9.0,44.03552707046073,-35.74488291200715,False
nar_high,NaR,high,24.0,120.0,3,FULL,10,10.0,43.81353210318273,-35.75161716028821,False
nar_high,NaR,high,24.0,120.0,4,FULL,11,11.0,44.17176464339887,-35.22988021737695,False
nar_high,NaR,high,24.0,120.0,5,FULL,10,10.0,43.48859222437601,-35.58688159072049,False
nar_high,NaR,high,24.0,150.0,1,FULL,10,10.0,43.494617701761165,-34.9735066887873,False
nar_high,NaR,high,24.0,150.0,2,FULL,10,10.0,44.03552707046073,-35.74488291200715,False
nar_high,NaR,high,24.0,150.0,3,FULL,11,11.0,43.81353210318273,-35.75161716028821,False
nar_high,NaR,high,24.0,150.0,4,FULL,11,11.0,44.17176464339887,-35.22988021737695,False
nar_high,NaR,high,24.0,150.0,5,FULL,10,10.0,43.48859222437601,-35.58688159072049,False
nar_high,NaR,high,24.0,180.0,1,FULL,11,11.0,43.494617701761165,-34.9735066887873,False
nar_high,NaR,high,24.0,180.0,2,FULL,10,10.0,44.03552707046073,-35.74488291200715,False
nar_high,NaR,high,24.0,180.0,3,FULL,11,11.0,43.81353210318273,-35.75161716028821,False
nar_high,NaR,high,24.0,180.0,4,FULL,11,11.0,44.17176464339887,-35.22988021737695,False
nar_high,NaR,high,24.0,180.0,5,FULL,10,10.0,43.48859222437601,-35.58688159072049,False
nar_high,NaR,high,24.0,210.0,1,FULL,12,12.0,43.45518886454249,-36.84612645872966,False
nar_high,NaR,high,24.0,210.0,2,FULL,8,8.0,43.845255485424104,-36.88215667324402,False
nar_high,NaR,high,24.0,210.0,3,FULL,13,13.0,43.28863674004772,-36.79555308622654,False
nar_high,NaR,high,24.0,210.0,4,FULL,12,12.0,44.359418603794865,-36.89778206546467,False
nar_high,NaR,high,24.0,210.0,5,FULL,8,8.0,43.51546112674388,-37.377864290907056,False
nar_high,NaR,high,24.0,240.0,1,FULL,22,22.0,44.39216636979111,-51.408497699520744,False
nar_high,NaR,high,24.0,240.0,2,FULL,20,20.0,43.355088404599144,-51.38599799507496,False
nar_high,NaR,high,24.0,240.0,3,FULL,19,19.0,43.76862050545131,-52.24458679785961,False
nar_high,NaR,high,24.0,240.0,4,FULL,19,19.0,43.788833758620356,-51.08480991014387,False
nar_high,NaR,high,24.0,240.0,5,FULL,20,20.0,43.6464220904967,-51.34571937230927,False
nar_high,NaR,high,24.0,270.0,1,FULL,19,19.0,43.671082112224546,-59.28485592308813,False
nar_high,NaR,high,24.0,270.0,2,FULL,17,17.0,43.20950202442899,-59.253875869112655,False
nar_high,NaR,high,24.0,270.0,3,FULL,22,22.0,43.68940349785422,-59.25068206786747,False
nar_high,NaR,high,24.0,270.0,4,FULL,19,19.0,43.774345736521695,-59.35867556814434,False
nar_high,NaR,high,24.0,270.0,5,FULL,22,22.0,43.962941741669674,-59.44533727415297,False
nar_high,NaR,high,24.0,300.0,1,FULL,19,19.0,43.83648096521802,-59.66636825085969,False
nar_high,NaR,high,24.0,300.0,2,FULL,19,19.0,43.83022586562582,-59.61136469811218,False
nar_high,NaR,high,24.0,300.0,3,FULL,20,20.0,43.8884257901811,-59.67612729102676,False
nar_high,NaR,high,24.0,300.0,4,FULL,20,20.0,43.73531061626382,-59.71018335530236,False
nar_high,NaR,high,24.0,300.0,5,FULL,21,21.0,43.58006677464299,-59.75931173212686,False
nar_high,NaR,high,24.0,330.0,1,FULL,21,21.0,43.34428867290728,-59.657717908592645,False
nar_high,NaR,high,24.0,330.0,2,FULL,19,19.0,43.32051180182377,-59.59875097805012,False
nar_high,NaR,high,24.0,330.0,3,FULL,17,17.0,43.37582775966695,-59.699608114840686,False
nar_high,NaR,high,24.0,330.0,4,FULL,18,18.0,43.34413165933596,-59.67160774702461,False
nar_high,NaR,high,24.0,330.0,5,FULL,20,20.0,43.712962847396895,-59.7421039106059,False
kv3_low,Kv3,low,7.0,0.0,1,FULL,18,18.0,43.169781596929425,-58.8701345002476,False
kv3_low,Kv3,low,7.0,0.0,2,FULL,12,12.0,42.97545270939533,-58.99380964801966,False
kv3_low,Kv3,low,7.0,0.0,3,FULL,16,16.0,43.78475526560002,-59.01975919511562,False
kv3_low,Kv3,low,7.0,0.0,4,FULL,14,14.0,43.14471941507889,-58.98406280311358,False
kv3_low,Kv3,low,7.0,0.0,5,FULL,17,17.0,43.799971144846324,-59.11980247721135,False
kv3_low,Kv3,low,7.0,30.0,1,FULL,11,11.0,43.65709882552765,-43.123393697226845,False
kv3_low,Kv3,low,7.0,30.0,2,FULL,14,14.0,44.196782922255935,-42.91157840211373,False
kv3_low,Kv3,low,7.0,30.0,3,FULL,14,14.0,44.24240999479193,-43.28823062380428,False
kv3_low,Kv3,low,7.0,30.0,4,FULL,15,15.0,43.77996601835609,-43.591749432428884,False
kv3_low,Kv3,low,7.0,30.0,5,FULL,15,15.0,44.43260586030928,-43.290485873363714,False
kv3_low,Kv3,low,7.0,60.0,1,FULL,7,7.0,43.24804326456513,-35.810229718483846,False
kv3_low,Kv3,low,7.0,60.0,2,FULL,7,7.0,44.313333286214935,-36.2320221241937,False
kv3_low,Kv3,low,7.0,60.0,3,FULL,7,7.0,43.26261039276682,-36.181516353007204,False
kv3_low,Kv3,low,7.0,60.0,4,FULL,13,13.0,44.13033391872675,-35.95341075119952,False
kv3_low,Kv3,low,7.0,60.0,5,FULL,10,10.0,43.74681789159054,-36.23313968581552,False
kv3_low,Kv3,low,7.0,90.0,1,FULL,9,9.0,44.18879158884951,-35.37473680220522,False
kv3_low,Kv3,low,7.0,90.0,2,FULL,8,8.0,43.297201508355556,-36.116894718326186,False
kv3_low,Kv3,low,7.0,90.0,3,FULL,9,9.0,43.74495289879004,-36.165690657444365,False
kv3_low,Kv3,low,7.0,90.0,4,FULL,10,10.0,44.28244166291335,-35.72209232425928,False
kv3_low,Kv3,low,7.0,90.0,5,FULL,10,10.0,44.15995362461782,-35.861767016050926,False
kv3_low,Kv3,low,7.0,120.0,1,FULL,8,8.0,44.18879158884951,-35.37473680220522,False
kv3_low,Kv3,low,7.0,120.0,2,FULL,8,8.0,43.297201508355556,-36.116894718326186,False
kv3_low,Kv3,low,7.0,120.0,3,FULL,9,9.0,43.74495289879004,-36.165690657444365,False
kv3_low,Kv3,low,7.0,120.0,4,FULL,10,10.0,44.28244166291335,-35.72209232425928,False
kv3_low,Kv3,low,7.0,120.0,5,FULL,10,10.0,44.15995362461782,-35.861767016050926,False
kv3_low,Kv3,low,7.0,150.0,1,FULL,8,8.0,44.18879158884951,-35.37473680220522,False
kv3_low,Kv3,low,7.0,150.0,2,FULL,8,8.0,43.297201508355556,-36.116894718326186,False
kv3_low,Kv3,low,7.0,150.0,3,FULL,9,9.0,43.74495289879004,-36.165690657444365,False
kv3_low,Kv3,low,7.0,150.0,4,FULL,10,10.0,44.28244166291335,-35.72209232425928,False
kv3_low,Kv3,low,7.0,150.0,5,FULL,10,10.0,44.15995362461782,-35.861767016050926,False
kv3_low,Kv3,low,7.0,180.0,1,FULL,8,8.0,44.18879158884951,-35.37473680220522,False
kv3_low,Kv3,low,7.0,180.0,2,FULL,8,8.0,43.297201508355556,-36.116894718326186,False
kv3_low,Kv3,low,7.0,180.0,3,FULL,9,9.0,43.74495289879004,-36.165690657444365,False
kv3_low,Kv3,low,7.0,180.0,4,FULL,10,10.0,44.28244166291335,-35.72209232425928,False
kv3_low,Kv3,low,7.0,180.0,5,FULL,10,10.0,44.15995362461782,-35.861767016050926,False
kv3_low,Kv3,low,7.0,210.0,1,FULL,12,12.0,44.31260865949975,-37.15126438992944,False
kv3_low,Kv3,low,7.0,210.0,2,FULL,9,9.0,44.241104119631686,-37.20098176677917,False
kv3_low,Kv3,low,7.0,210.0,3,FULL,13,13.0,44.36406530678535,-37.10787678764724,False
kv3_low,Kv3,low,7.0,210.0,4,FULL,10,10.0,43.307403997305514,-37.324529584573504,False
kv3_low,Kv3,low,7.0,210.0,5,FULL,7,7.0,44.36033236873608,-37.7648583233633,False
kv3_low,Kv3,low,7.0,240.0,1,FULL,21,21.0,44.10985601036472,-52.08853485373106,False
kv3_low,Kv3,low,7.0,240.0,2,FULL,17,17.0,43.54405901972526,-51.653579408880226,False
kv3_low,Kv3,low,7.0,240.0,3,FULL,17,17.0,44.27972417525755,-52.490699976379716,False
kv3_low,Kv3,low,7.0,240.0,4,FULL,16,16.0,43.38973770236966,-51.88746117651116,False
kv3_low,Kv3,low,7.0,240.0,5,FULL,18,18.0,43.65454792101773,-52.00827045773714,False
kv3_low,Kv3,low,7.0,270.0,1,FULL,18,18.0,43.46999736339985,-59.38329539066201,False
kv3_low,Kv3,low,7.0,270.0,2,FULL,14,14.0,42.791769582233016,-59.35372243476981,False
kv3_low,Kv3,low,7.0,270.0,3,FULL,19,19.0,42.82058093082657,-59.350280951488365,False
kv3_low,Kv3,low,7.0,270.0,4,FULL,18,18.0,43.70891769874011,-59.45486278430855,False
kv3_low,Kv3,low,7.0,270.0,5,FULL,19,19.0,43.2722402999016,-59.539290966750464,False
kv3_low,Kv3,low,7.0,300.0,1,FULL,18,18.0,42.989009313047745,-59.753429485977485,False
kv3_low,Kv3,low,7.0,300.0,2,FULL,16,16.0,42.99488403949867,-59.699902694111856,False
kv3_low,Kv3,low,7.0,300.0,3,FULL,15,15.0,43.77221847874332,-59.76310018501447,False
kv3_low,Kv3,low,7.0,300.0,4,FULL,16,16.0,43.60722996371594,-59.796414217753316,False
kv3_low,Kv3,low,7.0,300.0,5,FULL,18,18.0,43.51637634863777,-59.8443218618876,False
kv3_low,Kv3,low,7.0,330.0,1,FULL,19,19.0,43.346653501728284,-59.74503296956458,False
kv3_low,Kv3,low,7.0,330.0,2,FULL,17,17.0,43.35983185202691,-59.68764676145913,False
kv3_low,Kv3,low,7.0,330.0,3,FULL,14,14.0,43.44133381511531,-59.78596448054121,False
kv3_low,Kv3,low,7.0,330.0,4,FULL,16,16.0,43.507813863457606,-59.75873278456283,False
kv3_low,Kv3,low,7.0,330.0,5,FULL,16,16.0,43.48184154612577,-59.82763177366297,False
kv3_med,Kv3,med,20.0,0.0,1,FULL,18,18.0,43.137593872252886,-58.87015702739967,False
kv3_med,Kv3,med,20.0,0.0,2,FULL,12,12.0,42.95231057823711,-58.99383048504003,False
kv3_med,Kv3,med,20.0,0.0,3,FULL,16,16.0,43.58178092814164,-59.019779783681415,False
kv3_med,Kv3,med,20.0,0.0,4,FULL,14,14.0,43.292262872645175,-58.984084125971336,False
kv3_med,Kv3,med,20.0,0.0,5,FULL,18,18.0,43.77134724493173,-59.11982187654925,False
kv3_med,Kv3,med,20.0,30.0,1,FULL,12,12.0,43.66184498569422,-43.209780879937625,False
kv3_med,Kv3,med,20.0,30.0,2,FULL,15,15.0,44.137874550506126,-43.030651337991536,False
kv3_med,Kv3,med,20.0,30.0,3,FULL,15,15.0,44.20482812661113,-43.452508853545,False
kv3_med,Kv3,med,20.0,30.0,4,FULL,15,15.0,43.74234143980951,-43.41515580947398,False
kv3_med,Kv3,med,20.0,30.0,5,FULL,15,15.0,44.427715255493,-43.365424114268485,False
kv3_med,Kv3,med,20.0,60.0,1,FULL,8,8.0,43.218751619399065,-35.80347730318897,False
kv3_med,Kv3,med,20.0,60.0,2,FULL,8,8.0,44.30403967961955,-36.21266993952186,False
kv3_med,Kv3,med,20.0,60.0,3,FULL,9,9.0,43.22766308672138,-36.26854892293257,False
kv3_med,Kv3,med,20.0,60.0,4,FULL,13,13.0,44.09560813062636,-35.94466424337929,False
kv3_med,Kv3,med,20.0,60.0,5,FULL,9,9.0,43.75911121802118,-36.27422751204189,False
kv3_med,Kv3,med,20.0,90.0,1,FULL,9,9.0,44.139203391830875,-35.49874912839456,False
kv3_med,Kv3,med,20.0,90.0,2,FULL,7,7.0,43.262103632542356,-36.18950378414763,False
kv3_med,Kv3,med,20.0,90.0,3,FULL,9,9.0,43.70391245244837,-36.32589584754024,False
kv3_med,Kv3,med,20.0,90.0,4,FULL,9,9.0,44.23536714567154,-35.784275318125175,False
kv3_med,Kv3,med,20.0,90.0,5,FULL,11,11.0,44.12549833855071,-35.93324034840427,False
kv3_med,Kv3,med,20.0,120.0,1,FULL,8,8.0,44.139203391830875,-35.49874912839456,False
kv3_med,Kv3,med,20.0,120.0,2,FULL,7,7.0,43.262103632542356,-36.18950378414763,False
kv3_med,Kv3,med,20.0,120.0,3,FULL,9,9.0,43.70391245244837,-36.32589584754024,False
kv3_med,Kv3,med,20.0,120.0,4,FULL,9,9.0,44.23536714567154,-35.784275318125175,False
kv3_med,Kv3,med,20.0,120.0,5,FULL,11,11.0,44.12549833855071,-35.93324034840427,False
kv3_med,Kv3,med,20.0,150.0,1,FULL,8,8.0,44.139203391830875,-35.49874912839456,False
kv3_med,Kv3,med,20.0,150.0,2,FULL,7,7.0,43.262103632542356,-36.18950378414763,False
kv3_med,Kv3,med,20.0,150.0,3,FULL,9,9.0,43.70391245244837,-36.32589584754024,False
kv3_med,Kv3,med,20.0,150.0,4,FULL,9,9.0,44.23536714567154,-35.784275318125175,False
kv3_med,Kv3,med,20.0,150.0,5,FULL,11,11.0,44.12549833855071,-35.93324034840427,False
kv3_med,Kv3,med,20.0,180.0,1,FULL,8,8.0,44.139203391830875,-35.49874912839456,False
kv3_med,Kv3,med,20.0,180.0,2,FULL,7,7.0,43.262103632542356,-36.18950378414763,False
kv3_med,Kv3,med,20.0,180.0,3,FULL,9,9.0,43.70391245244837,-36.32589584754024,False
kv3_med,Kv3,med,20.0,180.0,4,FULL,9,9.0,44.23536714567154,-35.784275318125175,False
kv3_med,Kv3,med,20.0,180.0,5,FULL,11,11.0,44.12549833855071,-35.93324034840427,False
kv3_med,Kv3,med,20.0,210.0,1,FULL,12,12.0,44.31467787296769,-37.28029244198367,False
kv3_med,Kv3,med,20.0,210.0,2,FULL,8,8.0,44.2422946052438,-37.151393975041515,False
kv3_med,Kv3,med,20.0,210.0,3,FULL,13,13.0,44.347424626491495,-37.16235094600971,False
kv3_med,Kv3,med,20.0,210.0,4,FULL,10,10.0,43.213119836746216,-37.505661947919975,False
kv3_med,Kv3,med,20.0,210.0,5,FULL,6,6.0,44.357209042906796,-37.78090466325752,False
kv3_med,Kv3,med,20.0,240.0,1,FULL,22,22.0,44.14169428616517,-51.791799090563714,False
kv3_med,Kv3,med,20.0,240.0,2,FULL,18,18.0,43.56777203219764,-51.71698967371089,False
kv3_med,Kv3,med,20.0,240.0,3,FULL,19,19.0,44.280772935451225,-52.53624065263001,False
kv3_med,Kv3,med,20.0,240.0,4,FULL,17,17.0,43.4556824128201,-51.90645971552018,False
kv3_med,Kv3,med,20.0,240.0,5,FULL,18,18.0,43.646739654084854,-51.97379353824373,False
kv3_med,Kv3,med,20.0,270.0,1,FULL,18,18.0,43.803181474350026,-59.38331231090317,False
kv3_med,Kv3,med,20.0,270.0,2,FULL,14,14.0,43.05582156983643,-59.35373975356014,False
kv3_med,Kv3,med,20.0,270.0,3,FULL,19,19.0,42.83857513788521,-59.350298223373336,False
kv3_med,Kv3,med,20.0,270.0,4,FULL,18,18.0,43.71305844144817,-59.454879080320104,False
kv3_med,Kv3,med,20.0,270.0,5,FULL,19,19.0,42.92654051180924,-59.53930658487283,False
kv3_med,Kv3,med,20.0,300.0,1,FULL,18,18.0,43.16214473945271,-59.753443548654474,False
kv3_med,Kv3,med,20.0,300.0,2,FULL,16,16.0,43.030225125872484,-59.6999171569358,False
kv3_med,Kv3,med,20.0,300.0,3,FULL,15,15.0,43.77912660945965,-59.763114271209425,False
kv3_med,Kv3,med,20.0,300.0,4,FULL,16,16.0,43.66206296282684,-59.79642808726391,False
kv3_med,Kv3,med,20.0,300.0,5,FULL,19,19.0,43.94326050840836,-59.84433547177217,False
kv3_med,Kv3,med,20.0,330.0,1,FULL,19,19.0,43.31492341445263,-59.745047074365665,False
kv3_med,Kv3,med,20.0,330.0,2,FULL,17,17.0,43.31195300716791,-59.68766129526708,False
kv3_med,Kv3,med,20.0,330.0,3,FULL,14,14.0,43.597035555317916,-59.78597845555941,False
kv3_med,Kv3,med,20.0,330.0,4,FULL,16,16.0,43.492478292759564,-59.75874687976479,False
kv3_med,Kv3,med,20.0,330.0,5,FULL,17,17.0,43.68638345567345,-59.82764545948782,False
kv3_high,Kv3,high,60.0,0.0,1,FULL,19,19.0,43.04371540974926,-58.870226338406106,False
kv3_high,Kv3,high,60.0,0.0,2,FULL,14,14.0,42.90802521139474,-58.993894596315734,False
kv3_high,Kv3,high,60.0,0.0,3,FULL,16,16.0,43.75428917453901,-59.01984313059084,False
kv3_high,Kv3,high,60.0,0.0,4,FULL,15,15.0,43.67946131245183,-58.98414973191703,False
kv3_high,Kv3,high,60.0,0.0,5,FULL,21,21.0,43.58609469218573,-59.1198815646825,False
kv3_high,Kv3,high,60.0,30.0,1,FULL,14,14.0,43.69030012766924,-43.17667086518067,False
kv3_high,Kv3,high,60.0,30.0,2,FULL,15,15.0,43.93109464179763,-43.04828894632501,False
kv3_high,Kv3,high,60.0,30.0,3,FULL,16,16.0,44.082053284440576,-43.391021422620646,False
kv3_high,Kv3,high,60.0,30.0,4,FULL,17,17.0,43.623534543820355,-43.51258064376843,False
kv3_high,Kv3,high,60.0,30.0,5,FULL,15,15.0,44.40828692030561,-43.46819709854722,False
kv3_high,Kv3,high,60.0,60.0,1,FULL,10,10.0,43.14371057667892,-36.088264741137124,False
kv3_high,Kv3,high,60.0,60.0,2,FULL,8,8.0,44.275594931879255,-36.447902670196775,False
kv3_high,Kv3,high,60.0,60.0,3,FULL,9,9.0,43.122662223260896,-36.383482360646916,False
kv3_high,Kv3,high,60.0,60.0,4,FULL,14,14.0,43.98439269043415,-36.20043491497218,False
kv3_high,Kv3,high,60.0,60.0,5,FULL,12,12.0,43.726125591494316,-36.40052531617998,False
kv3_high,Kv3,high,60.0,90.0,1,FULL,12,12.0,43.96887131840509,-35.66223121065247,False
kv3_high,Kv3,high,60.0,90.0,2,FULL,8,8.0,43.156046967396605,-36.34033690551266,False
kv3_high,Kv3,high,60.0,90.0,3,FULL,10,10.0,43.57351962964974,-36.491701211405015,False
kv3_high,Kv3,high,60.0,90.0,4,FULL,10,10.0,44.05331139196955,-36.009713572401715,False
kv3_high,Kv3,high,60.0,90.0,5,FULL,12,12.0,44.015325772251906,-36.14591819280754,False
kv3_high,Kv3,high,60.0,120.0,1,FULL,11,11.0,43.96887131840509,-35.66223121065247,False
kv3_high,Kv3,high,60.0,120.0,2,FULL,8,8.0,43.156046967396605,-36.34033690551266,False
kv3_high,Kv3,high,60.0,120.0,3,FULL,10,10.0,43.57351962964974,-36.491701211405015,False
kv3_high,Kv3,high,60.0,120.0,4,FULL,10,10.0,44.05331139196955,-36.009713572401715,False
kv3_high,Kv3,high,60.0,120.0,5,FULL,12,12.0,44.015325772251906,-36.14591819280754,False
kv3_high,Kv3,high,60.0,150.0,1,FULL,11,11.0,43.96887131840509,-35.66223121065247,False
kv3_high,Kv3,high,60.0,150.0,2,FULL,8,8.0,43.156046967396605,-36.34033690551266,False
kv3_high,Kv3,high,60.0,150.0,3,FULL,10,10.0,43.57351962964974,-36.491701211405015,False
kv3_high,Kv3,high,60.0,150.0,4,FULL,10,10.0,44.05331139196955,-36.009713572401715,False
kv3_high,Kv3,high,60.0,150.0,5,FULL,12,12.0,44.015325772251906,-36.14591819280754,False
kv3_high,Kv3,high,60.0,180.0,1,FULL,11,11.0,43.96887131840509,-35.66223121065247,False
kv3_high,Kv3,high,60.0,180.0,2,FULL,8,8.0,43.156046967396605,-36.34033690551266,False
kv3_high,Kv3,high,60.0,180.0,3,FULL,10,10.0,43.57351962964974,-36.491701211405015,False
kv3_high,Kv3,high,60.0,180.0,4,FULL,10,10.0,44.05331139196955,-36.009713572401715,False
kv3_high,Kv3,high,60.0,180.0,5,FULL,12,12.0,44.015325772251906,-36.14591819280754,False
kv3_high,Kv3,high,60.0,210.0,1,FULL,14,14.0,44.300627186448395,-37.42860972091515,False
kv3_high,Kv3,high,60.0,210.0,2,FULL,8,8.0,44.243707483243,-37.353164062944266,False
kv3_high,Kv3,high,60.0,210.0,3,FULL,14,14.0,44.28942537678017,-37.33335231386538,False
kv3_high,Kv3,high,60.0,210.0,4,FULL,13,13.0,43.023962439737886,-37.668418770498015,False
kv3_high,Kv3,high,60.0,210.0,5,FULL,10,10.0,44.343104062426605,-37.95807204018491,False
kv3_high,Kv3,high,60.0,240.0,1,FULL,25,25.0,44.212033366074536,-51.91738157400641,False
kv3_high,Kv3,high,60.0,240.0,2,FULL,19,19.0,43.673441805046174,-51.86217317941875,False
kv3_high,Kv3,high,60.0,240.0,3,FULL,20,20.0,44.27618075516756,-52.59670137241061,False
kv3_high,Kv3,high,60.0,240.0,4,FULL,18,18.0,43.743473904566436,-51.54106102354373,False
kv3_high,Kv3,high,60.0,240.0,5,FULL,19,19.0,43.671637970361814,-51.74035319935583,False
kv3_high,Kv3,high,60.0,270.0,1,FULL,20,20.0,42.542845134026734,-59.383364371685744,False
kv3_high,Kv3,high,60.0,270.0,2,FULL,16,16.0,43.50765053119058,-59.35379304051091,False
kv3_high,Kv3,high,60.0,270.0,3,FULL,22,22.0,42.60416414767394,-59.35035136603976,False
kv3_high,Kv3,high,60.0,270.0,4,FULL,19,19.0,43.712755529519306,-59.454929220527575,False
kv3_high,Kv3,high,60.0,270.0,5,FULL,22,22.0,43.16556749805162,-59.5393546394073,False
kv3_high,Kv3,high,60.0,300.0,1,FULL,20,20.0,43.551626437577106,-59.753486817492934,False
kv3_high,Kv3,high,60.0,300.0,2,FULL,19,19.0,43.26349634666809,-59.699961656932025,False
kv3_high,Kv3,high,60.0,300.0,3,FULL,17,17.0,43.76767369830142,-59.763157612407234,False
kv3_high,Kv3,high,60.0,300.0,4,FULL,18,18.0,43.81345411356237,-59.79647076177178,False
kv3_high,Kv3,high,60.0,300.0,5,FULL,21,21.0,43.795733657642124,-59.84437734746475,False
kv3_high,Kv3,high,60.0,330.0,1,FULL,20,20.0,43.358390291866,-59.74509047281069,False
kv3_high,Kv3,high,60.0,330.0,2,FULL,18,18.0,43.02581468446549,-59.68770601366454,False
kv3_high,Kv3,high,60.0,330.0,3,FULL,16,16.0,43.93385852974332,-59.78602145468999,False
kv3_high,Kv3,high,60.0,330.0,4,FULL,17,17.0,43.50965403368143,-59.75879024867307,False
kv3_high,Kv3,high,60.0,330.0,5,FULL,19,19.0,43.35754176468303,-59.82768756883346,False
kv4_low,Kv4,low,4.0,0.0,1,FULL,17,17.0,44.17399847226652,-58.879476552063466,False
kv4_low,Kv4,low,4.0,0.0,2,FULL,12,12.0,43.229932163522136,-59.00295871384014,False
kv4_low,Kv4,low,4.0,0.0,3,FULL,14,14.0,42.9984451063403,-59.0288655366316,False
kv4_low,Kv4,low,4.0,0.0,4,FULL,13,13.0,42.80723115540869,-58.99327302832327,False
kv4_low,Kv4,low,4.0,0.0,5,FULL,17,17.0,43.09794180612046,-59.12876531505346,False
kv4_low,Kv4,low,4.0,30.0,1,FULL,11,11.0,43.47345802669618,-43.15906225155691,False
kv4_low,Kv4,low,4.0,30.0,2,FULL,15,15.0,43.575613392753,-43.02212155457267,False
kv4_low,Kv4,low,4.0,30.0,3,FULL,15,15.0,44.43599605164136,-43.289113223112885,False
kv4_low,Kv4,low,4.0,30.0,4,FULL,14,14.0,43.8181979768094,-43.620707119606045,False
kv4_low,Kv4,low,4.0,30.0,5,FULL,15,15.0,43.39273958210549,-43.405800624427535,False
kv4_low,Kv4,low,4.0,60.0,1,FULL,8,8.0,43.73438941030497,-35.74612829650415,False
kv4_low,Kv4,low,4.0,60.0,2,FULL,8,8.0,44.27607425684817,-36.16263837675784,False
kv4_low,Kv4,low,4.0,60.0,3,FULL,8,8.0,44.369369564613706,-36.0899769585166,False
kv4_low,Kv4,low,4.0,60.0,4,FULL,13,13.0,44.37566633848742,-35.8850777157304,False
kv4_low,Kv4,low,4.0,60.0,5,FULL,9,9.0,43.30472595012731,-36.140034642392294,False
kv4_low,Kv4,low,4.0,90.0,1,FULL,9,9.0,44.19354081093194,-35.37676572648157,False
kv4_low,Kv4,low,4.0,90.0,2,FULL,7,7.0,44.246560976683796,-36.04053177605132,False
kv4_low,Kv4,low,4.0,90.0,3,FULL,9,9.0,44.35824285242373,-36.16212856301166,False
kv4_low,Kv4,low,4.0,90.0,4,FULL,10,10.0,43.187714339785515,-35.79192701632421,False
kv4_low,Kv4,low,4.0,90.0,5,FULL,10,10.0,44.42261691094326,-35.86373656417866,False
kv4_low,Kv4,low,4.0,120.0,1,FULL,8,8.0,44.19354081093194,-35.37676572648157,False
kv4_low,Kv4,low,4.0,120.0,2,FULL,7,7.0,44.246560976683796,-36.04053177605132,False
kv4_low,Kv4,low,4.0,120.0,3,FULL,9,9.0,44.35824285242373,-36.16212856301166,False
kv4_low,Kv4,low,4.0,120.0,4,FULL,10,10.0,43.187714339785515,-35.79192701632421,False
kv4_low,Kv4,low,4.0,120.0,5,FULL,10,10.0,44.42261691094326,-35.86373656417866,False
kv4_low,Kv4,low,4.0,150.0,1,FULL,8,8.0,44.19354081093194,-35.37676572648157,False
kv4_low,Kv4,low,4.0,150.0,2,FULL,7,7.0,44.246560976683796,-36.04053177605132,False
kv4_low,Kv4,low,4.0,150.0,3,FULL,9,9.0,44.35824285242373,-36.16212856301166,False
kv4_low,Kv4,low,4.0,150.0,4,FULL,10,10.0,43.187714339785515,-35.79192701632421,False
kv4_low,Kv4,low,4.0,150.0,5,FULL,10,10.0,44.42261691094326,-35.86373656417866,False
kv4_low,Kv4,low,4.0,180.0,1,FULL,8,8.0,44.19354081093194,-35.37676572648157,False
kv4_low,Kv4,low,4.0,180.0,2,FULL,7,7.0,44.246560976683796,-36.04053177605132,False
kv4_low,Kv4,low,4.0,180.0,3,FULL,9,9.0,44.35824285242373,-36.16212856301166,False
kv4_low,Kv4,low,4.0,180.0,4,FULL,10,10.0,43.187714339785515,-35.79192701632421,False
kv4_low,Kv4,low,4.0,180.0,5,FULL,10,10.0,44.42261691094326,-35.86373656417866,False
kv4_low,Kv4,low,4.0,210.0,1,FULL,12,12.0,43.87253974314863,-37.1191275189025,False
kv4_low,Kv4,low,4.0,210.0,2,FULL,8,8.0,43.33737062056913,-37.164629022348215,False
kv4_low,Kv4,low,4.0,210.0,3,FULL,13,13.0,44.21562959897417,-37.015770621205185,False
kv4_low,Kv4,low,4.0,210.0,4,FULL,10,10.0,44.2088644258539,-37.407229585452555,False
kv4_low,Kv4,low,4.0,210.0,5,FULL,7,7.0,43.32626833406601,-37.811458837042196,False
kv4_low,Kv4,low,4.0,240.0,1,FULL,20,20.0,43.402376875354555,-52.16234651866207,False
kv4_low,Kv4,low,4.0,240.0,2,FULL,15,15.0,43.279499667730256,-51.670205232898894,False
kv4_low,Kv4,low,4.0,240.0,3,FULL,18,18.0,43.50608756866154,-52.468884372604556,False
kv4_low,Kv4,low,4.0,240.0,4,FULL,16,16.0,44.243851880867524,-51.85972957914423,False
kv4_low,Kv4,low,4.0,240.0,5,FULL,17,17.0,43.225432826060775,-52.06136577249808,False
kv4_low,Kv4,low,4.0,270.0,1,FULL,18,18.0,43.74522616664201,-59.39191005433182,False
kv4_low,Kv4,low,4.0,270.0,2,FULL,13,13.0,43.3269927227493,-59.36240182581652,False
kv4_low,Kv4,low,4.0,270.0,3,FULL,19,19.0,42.79517259426052,-59.35894738379301,False
kv4_low,Kv4,low,4.0,270.0,4,FULL,16,16.0,43.39244745655015,-59.46337488799109,False
kv4_low,Kv4,low,4.0,270.0,5,FULL,19,19.0,43.58152986506532,-59.547706110473676,False
kv4_low,Kv4,low,4.0,300.0,1,FULL,17,17.0,43.54538529424113,-59.761519975450476,False
kv4_low,Kv4,low,4.0,300.0,2,FULL,15,15.0,43.64525961458668,-59.70806883641001,False
kv4_low,Kv4,low,4.0,300.0,3,FULL,15,15.0,43.079858913974725,-59.77118997823836,False
kv4_low,Kv4,low,4.0,300.0,4,FULL,15,15.0,43.10282295520299,-59.80447125247545,False
kv4_low,Kv4,low,4.0,300.0,5,FULL,18,18.0,43.07727766233451,-59.85232007701491,False
kv4_low,Kv4,low,4.0,330.0,1,FULL,18,18.0,43.34168542023703,-59.753134711791255,False
kv4_low,Kv4,low,4.0,330.0,2,FULL,17,17.0,43.35033538710437,-59.69583059713519,False
kv4_low,Kv4,low,4.0,330.0,3,FULL,14,14.0,43.37506028945854,-59.79402450918432,False
kv4_low,Kv4,low,4.0,330.0,4,FULL,16,16.0,43.74138861023785,-59.766833906193206,False
kv4_low,Kv4,low,4.0,330.0,5,FULL,15,15.0,43.17286899349199,-59.83565750067222,False
kv4_med,Kv4,med,12.0,0.0,1,FULL,17,17.0,43.715112121587936,-58.898115256105065,False
kv4_med,Kv4,med,12.0,0.0,2,FULL,12,12.0,44.06921445886603,-59.0212126920724,False
kv4_med,Kv4,med,12.0,0.0,3,FULL,14,14.0,43.638881871761626,-59.047034566275315,False
kv4_med,Kv4,med,12.0,0.0,4,FULL,14,14.0,43.881783626052126,-59.011648557064284,False
kv4_med,Kv4,med,12.0,0.0,5,FULL,16,16.0,42.845074644439514,-59.146648091750244,False
kv4_med,Kv4,med,12.0,30.0,1,FULL,11,11.0,43.72541902542707,-43.19303531385147,False
kv4_med,Kv4,med,12.0,30.0,2,FULL,15,15.0,44.12286878030337,-43.06144627070886,False
kv4_med,Kv4,med,12.0,30.0,3,FULL,15,15.0,44.24461431940348,-43.408751390098494,False
kv4_med,Kv4,med,12.0,30.0,4,FULL,14,14.0,43.703587238656496,-43.671720306317525,False
kv4_med,Kv4,med,12.0,30.0,5,FULL,15,15.0,43.57199288080933,-43.461202534910164,False
kv4_med,Kv4,med,12.0,60.0,1,FULL,9,9.0,43.29234085922441,-35.86055139735884,False
kv4_med,Kv4,med,12.0,60.0,2,FULL,8,8.0,43.415075468694894,-36.242113078596816,False
kv4_med,Kv4,med,12.0,60.0,3,FULL,8,8.0,43.84317624329451,-36.14325990782642,False
kv4_med,Kv4,med,12.0,60.0,4,FULL,11,11.0,43.37067645318534,-35.95738071133951,False
kv4_med,Kv4,med,12.0,60.0,5,FULL,10,10.0,44.06767999263961,-36.17274592126898,False
kv4_med,Kv4,med,12.0,90.0,1,FULL,9,9.0,44.27298333884827,-35.449151406627955,False
kv4_med,Kv4,med,12.0,90.0,2,FULL,7,7.0,44.2912994296271,-36.077832506413955,False
kv4_med,Kv4,med,12.0,90.0,3,FULL,9,9.0,43.18632589947151,-36.257362709968255,False
kv4_med,Kv4,med,12.0,90.0,4,FULL,9,9.0,44.25855605431847,-35.84185303698483,False
kv4_med,Kv4,med,12.0,90.0,5,FULL,9,9.0,43.65012080536805,-35.97123959479348,False
kv4_med,Kv4,med,12.0,120.0,1,FULL,8,8.0,44.27298333884827,-35.449151406627955,False
kv4_med,Kv4,med,12.0,120.0,2,FULL,7,7.0,44.2912994296271,-36.077832506413955,False
kv4_med,Kv4,med,12.0,120.0,3,FULL,9,9.0,43.18632589947151,-36.257362709968255,False
kv4_med,Kv4,med,12.0,120.0,4,FULL,9,9.0,44.25855605431847,-35.84185303698483,False
kv4_med,Kv4,med,12.0,120.0,5,FULL,9,9.0,43.65012080536805,-35.97123959479348,False
kv4_med,Kv4,med,12.0,150.0,1,FULL,8,8.0,44.27298333884827,-35.449151406627955,False
kv4_med,Kv4,med,12.0,150.0,2,FULL,7,7.0,44.2912994296271,-36.077832506413955,False
kv4_med,Kv4,med,12.0,150.0,3,FULL,9,9.0,43.18632589947151,-36.257362709968255,False
kv4_med,Kv4,med,12.0,150.0,4,FULL,9,9.0,44.25855605431847,-35.84185303698483,False
kv4_med,Kv4,med,12.0,150.0,5,FULL,9,9.0,43.65012080536805,-35.97123959479348,False
kv4_med,Kv4,med,12.0,180.0,1,FULL,8,8.0,44.27298333884827,-35.449151406627955,False
kv4_med,Kv4,med,12.0,180.0,2,FULL,7,7.0,44.2912994296271,-36.077832506413955,False
kv4_med,Kv4,med,12.0,180.0,3,FULL,9,9.0,43.18632589947151,-36.257362709968255,False
kv4_med,Kv4,med,12.0,180.0,4,FULL,9,9.0,44.25855605431847,-35.84185303698483,False
kv4_med,Kv4,med,12.0,180.0,5,FULL,9,9.0,43.65012080536805,-35.97123959479348,False
kv4_med,Kv4,med,12.0,210.0,1,FULL,12,12.0,44.29077444109705,-37.145115819024326,False
kv4_med,Kv4,med,12.0,210.0,2,FULL,8,8.0,43.93587805944481,-37.19426653613791,False
kv4_med,Kv4,med,12.0,210.0,3,FULL,13,13.0,43.678220881167235,-37.09450006574064,False
kv4_med,Kv4,med,12.0,210.0,4,FULL,10,10.0,44.06153426474474,-37.456137992575414,False
kv4_med,Kv4,med,12.0,210.0,5,FULL,7,7.0,43.413554278163836,-37.870239266079714,False
kv4_med,Kv4,med,12.0,240.0,1,FULL,20,20.0,43.655554963878444,-52.17391689319346,False
kv4_med,Kv4,med,12.0,240.0,2,FULL,16,16.0,44.357633409857605,-51.704712257030764,False
kv4_med,Kv4,med,12.0,240.0,3,FULL,18,18.0,44.10474426988525,-52.48978083611293,False
kv4_med,Kv4,med,12.0,240.0,4,FULL,16,16.0,43.57892464328534,-51.94490969134239,False
kv4_med,Kv4,med,12.0,240.0,5,FULL,18,18.0,44.21629171782094,-52.04594914551431,False
kv4_med,Kv4,med,12.0,270.0,1,FULL,17,17.0,43.46686368103567,-59.40909765342154,False
kv4_med,Kv4,med,12.0,270.0,2,FULL,13,13.0,43.54988091403517,-59.37971802196579,False
kv4_med,Kv4,med,12.0,270.0,3,FULL,19,19.0,43.59137239892292,-59.376238205111804,False
kv4_med,Kv4,med,12.0,270.0,4,FULL,17,17.0,43.334497904092046,-59.48035782208165,False
kv4_med,Kv4,med,12.0,270.0,5,FULL,19,19.0,43.575836210160666,-59.56449542749821,False
kv4_med,Kv4,med,12.0,300.0,1,FULL,17,17.0,43.23546776364002,-59.77766206335102,False
kv4_med,Kv4,med,12.0,300.0,2,FULL,15,15.0,43.536668004925076,-59.72436193100937,False
kv4_med,Kv4,med,12.0,300.0,3,FULL,15,15.0,43.80145459019314,-59.78733075344961,False
kv4_med,Kv4,med,12.0,300.0,4,FULL,15,15.0,43.70962000692066,-59.82054654044408,False
kv4_med,Kv4,med,12.0,300.0,5,FULL,17,17.0,43.91105489934593,-59.868278025756844,False
kv4_med,Kv4,med,12.0,330.0,1,FULL,19,19.0,43.326213465544015,-59.769299224090936,False
kv4_med,Kv4,med,12.0,330.0,2,FULL,17,17.0,43.603348703243356,-59.71215895101428,False
kv4_med,Kv4,med,12.0,330.0,3,FULL,13,13.0,42.3900607852735,-59.81010596489196,False
kv4_med,Kv4,med,12.0,330.0,4,FULL,16,16.0,43.27523468102394,-59.7829971799223,False
kv4_med,Kv4,med,12.0,330.0,5,FULL,15,15.0,43.75300360059595,-59.85167024162034,False
kv4_high,Kv4,high,36.0,0.0,1,FULL,16,16.0,44.1034063266091,-58.95348396634996,False
kv4_high,Kv4,high,36.0,0.0,2,FULL,11,11.0,42.7899611273294,-59.075451098628875,False
kv4_high,Kv4,high,36.0,0.0,3,FULL,14,14.0,43.772231779405324,-59.101024056342965,False
kv4_high,Kv4,high,36.0,0.0,4,FULL,14,14.0,42.85850651834449,-59.0662415539619,False
kv4_high,Kv4,high,36.0,0.0,5,FULL,16,16.0,43.566881106424404,-59.19979469669494,False
kv4_high,Kv4,high,36.0,30.0,1,FULL,10,10.0,43.92944908012669,-43.37020506335057,False
kv4_high,Kv4,high,36.0,30.0,2,FULL,15,15.0,43.80309611625758,-43.27645652138282,False
kv4_high,Kv4,high,36.0,30.0,3,FULL,14,14.0,44.090619604660944,-43.67592037480043,False
kv4_high,Kv4,high,36.0,30.0,4,FULL,13,13.0,43.70293925794557,-43.81673859334605,False
kv4_high,Kv4,high,36.0,30.0,5,FULL,15,15.0,43.59930219617999,-43.60131637404432,False
kv4_high,Kv4,high,36.0,60.0,1,FULL,9,9.0,43.69925465568908,-36.085664044930994,False
kv4_high,Kv4,high,36.0,60.0,2,FULL,7,7.0,43.91579135506473,-36.33276471690638,False
kv4_high,Kv4,high,36.0,60.0,3,FULL,8,8.0,43.357267948658375,-36.337666047006614,False
kv4_high,Kv4,high,36.0,60.0,4,FULL,12,12.0,43.87668631286221,-36.06212911844844,False
kv4_high,Kv4,high,36.0,60.0,5,FULL,11,11.0,43.518439658015474,-36.386529485032064,False
kv4_high,Kv4,high,36.0,90.0,1,FULL,10,10.0,43.31516868463464,-35.701590314738525,False
kv4_high,Kv4,high,36.0,90.0,2,FULL,7,7.0,44.176544806667316,-36.235227812714605,False
kv4_high,Kv4,high,36.0,90.0,3,FULL,9,9.0,44.2050588509027,-36.39111670992336,False
kv4_high,Kv4,high,36.0,90.0,4,FULL,10,10.0,42.96662222834156,-36.03344937378729,False
kv4_high,Kv4,high,36.0,90.0,5,FULL,10,10.0,43.78215335341418,-36.126344650799375,False
kv4_high,Kv4,high,36.0,120.0,1,FULL,9,9.0,42.991892789464664,-35.701590314738525,False
kv4_high,Kv4,high,36.0,120.0,2,FULL,7,7.0,44.176544806667316,-36.235227812714605,False
kv4_high,Kv4,high,36.0,120.0,3,FULL,9,9.0,44.2050588509027,-36.39111670992336,False
kv4_high,Kv4,high,36.0,120.0,4,FULL,10,10.0,42.96662222834156,-36.03344937378729,False
kv4_high,Kv4,high,36.0,120.0,5,FULL,10,10.0,43.78215335341418,-36.126344650799375,False
kv4_high,Kv4,high,36.0,150.0,1,FULL,9,9.0,42.991892789464664,-35.701590314738525,False
kv4_high,Kv4,high,36.0,150.0,2,FULL,7,7.0,44.176544806667316,-36.235227812714605,False
kv4_high,Kv4,high,36.0,150.0,3,FULL,9,9.0,44.2050588509027,-36.39111670992336,False
kv4_high,Kv4,high,36.0,150.0,4,FULL,10,10.0,42.96662222834156,-36.03344937378729,False
kv4_high,Kv4,high,36.0,150.0,5,FULL,10,10.0,43.78215335341418,-36.126344650799375,False
kv4_high,Kv4,high,36.0,180.0,1,FULL,9,9.0,42.991892789464664,-35.701590314738525,False
kv4_high,Kv4,high,36.0,180.0,2,FULL,7,7.0,44.176544806667316,-36.235227812714605,False
kv4_high,Kv4,high,36.0,180.0,3,FULL,9,9.0,44.2050588509027,-36.39111670992336,False
kv4_high,Kv4,high,36.0,180.0,4,FULL,10,10.0,42.96662222834156,-36.03344937378729,False
kv4_high,Kv4,high,36.0,180.0,5,FULL,10,10.0,43.78215335341418,-36.126344650799375,False
kv4_high,Kv4,high,36.0,210.0,1,FULL,12,12.0,43.48359080290156,-37.37171226402666,False
kv4_high,Kv4,high,36.0,210.0,2,FULL,8,8.0,43.0675155786648,-37.36287998828746,False
kv4_high,Kv4,high,36.0,210.0,3,FULL,13,13.0,43.12810133962364,-37.32764426683517,False
kv4_high,Kv4,high,36.0,210.0,4,FULL,10,10.0,43.8929146212361,-37.656301286831,False
kv4_high,Kv4,high,36.0,210.0,5,FULL,7,7.0,44.277717594443864,-37.95973154085266,False
kv4_high,Kv4,high,36.0,240.0,1,FULL,19,19.0,44.04531297278598,-52.29372061708892,False
kv4_high,Kv4,high,36.0,240.0,2,FULL,16,16.0,44.15419257449192,-51.81629536621233,False
kv4_high,Kv4,high,36.0,240.0,3,FULL,16,16.0,43.71811188192633,-52.55830490335903,False
kv4_high,Kv4,high,36.0,240.0,4,FULL,16,16.0,43.775721437412464,-52.02418205997069,False
kv4_high,Kv4,high,36.0,240.0,5,FULL,17,17.0,43.127575729230955,-52.20424223398861,False
kv4_high,Kv4,high,36.0,270.0,1,FULL,17,17.0,43.110601182354436,-59.46018891588833,False
kv4_high,Kv4,high,36.0,270.0,2,FULL,13,13.0,42.85633603419,-59.431185094505494,False
kv4_high,Kv4,high,36.0,270.0,3,FULL,18,18.0,43.171627706462,-59.427633707077604,False
kv4_high,Kv4,high,36.0,270.0,4,FULL,15,15.0,42.87136120546838,-59.53084396008948,False
kv4_high,Kv4,high,36.0,270.0,5,FULL,19,19.0,43.32759770274321,-59.61440884460943,False
kv4_high,Kv4,high,36.0,300.0,1,FULL,17,17.0,43.428923508358096,-59.825663290216625,False
kv4_high,Kv4,high,36.0,300.0,2,FULL,15,15.0,42.700443967568674,-59.772810423885,False
kv4_high,Kv4,high,36.0,300.0,3,FULL,14,14.0,42.98014065461791,-59.83532845827181,False
kv4_high,Kv4,high,36.0,300.0,4,FULL,16,16.0,43.852210230426905,-59.86834986993572,False
kv4_high,Kv4,high,36.0,300.0,5,FULL,17,17.0,43.423514667252846,-59.915733909492126,False
kv4_high,Kv4,high,36.0,330.0,1,FULL,18,18.0,43.54781009266467,-59.81736672937869,False
kv4_high,Kv4,high,36.0,330.0,2,FULL,17,17.0,43.135727763194495,-59.7607116181614,False
kv4_high,Kv4,high,36.0,330.0,3,FULL,13,13.0,42.93310499333942,-59.85792830345458,False
kv4_high,Kv4,high,36.0,330.0,4,FULL,16,16.0,42.94733278660485,-59.83106106681602,False
kv4_high,Kv4,high,36.0,330.0,5,FULL,15,15.0,42.95167734530558,-59.89928803703929,False
bk_low,BK,low,0.3,0.0,1,FULL,17,17.0,43.18882915842924,-58.92371164338085,False
bk_low,BK,low,0.3,0.0,2,FULL,11,11.0,43.271299697017874,-59.04625849593814,False
bk_low,BK,low,0.3,0.0,3,FULL,14,14.0,43.9974908699303,-59.0720704111454,False
bk_low,BK,low,0.3,0.0,4,FULL,14,14.0,42.61006988118501,-59.03677117472344,False
bk_low,BK,low,0.3,0.0,5,FULL,16,16.0,43.42986635164756,-59.17118596580103,False
bk_low,BK,low,0.3,30.0,1,FULL,11,11.0,43.446958531414964,-43.44419311916122,False
bk_low,BK,low,0.3,30.0,2,FULL,15,15.0,44.0440941951423,-43.316122714172465,False
bk_low,BK,low,0.3,30.0,3,FULL,15,15.0,43.75586429696091,-43.70523377701731,False
bk_low,BK,low,0.3,30.0,4,FULL,15,15.0,43.38454142626426,-43.774516463870626,False
bk_low,BK,low,0.3,30.0,5,FULL,15,15.0,44.2618558821773,-43.621662541901244,False
bk_low,BK,low,0.3,60.0,1,FULL,9,9.0,44.328507948966234,-35.95108374460863,False
bk_low,BK,low,0.3,60.0,2,FULL,7,7.0,43.48538534301229,-36.36492538549873,False
bk_low,BK,low,0.3,60.0,3,FULL,7,7.0,43.22289195893157,-36.30423004314568,False
bk_low,BK,low,0.3,60.0,4,FULL,12,12.0,43.55709091422659,-36.03825216610345,False
bk_low,BK,low,0.3,60.0,5,FULL,11,11.0,43.688023284458836,-36.29746002433973,False
bk_low,BK,low,0.3,90.0,1,FULL,9,9.0,43.842283465475596,-35.59880392565851,False
bk_low,BK,low,0.3,90.0,2,FULL,7,7.0,44.35324807831003,-36.223355697122024,False
bk_low,BK,low,0.3,90.0,3,FULL,9,9.0,43.46364128927558,-36.42813113882209,False
bk_low,BK,low,0.3,90.0,4,FULL,10,10.0,44.277510597926494,-35.93257161126062,False
bk_low,BK,low,0.3,90.0,5,FULL,9,9.0,43.70803375452012,-36.08288890452449,False
bk_low,BK,low,0.3,120.0,1,FULL,8,8.0,43.842283465475596,-35.59880392565851,False
bk_low,BK,low,0.3,120.0,2,FULL,7,7.0,44.35324807831003,-36.223355697122024,False
bk_low,BK,low,0.3,120.0,3,FULL,9,9.0,43.46364128927558,-36.42813113882209,False
bk_low,BK,low,0.3,120.0,4,FULL,10,10.0,44.277510597926494,-35.93257161126062,False
bk_low,BK,low,0.3,120.0,5,FULL,9,9.0,43.70803375452012,-36.08288890452449,False
bk_low,BK,low,0.3,150.0,1,FULL,8,8.0,43.842283465475596,-35.59880392565851,False
bk_low,BK,low,0.3,150.0,2,FULL,7,7.0,44.35324807831003,-36.223355697122024,False
bk_low,BK,low,0.3,150.0,3,FULL,9,9.0,43.46364128927558,-36.42813113882209,False
bk_low,BK,low,0.3,150.0,4,FULL,10,10.0,44.277510597926494,-35.93257161126062,False
bk_low,BK,low,0.3,150.0,5,FULL,9,9.0,43.70803375452012,-36.08288890452449,False
bk_low,BK,low,0.3,180.0,1,FULL,8,8.0,43.842283465475596,-35.59880392565851,False
bk_low,BK,low,0.3,180.0,2,FULL,7,7.0,44.35324807831003,-36.223355697122024,False
bk_low,BK,low,0.3,180.0,3,FULL,9,9.0,43.46364128927558,-36.42813113882209,False
bk_low,BK,low,0.3,180.0,4,FULL,10,10.0,44.277510597926494,-35.93257161126062,False
bk_low,BK,low,0.3,180.0,5,FULL,9,9.0,43.70803375452012,-36.08288890452449,False
bk_low,BK,low,0.3,210.0,1,FULL,12,12.0,44.10961492566648,-37.33583532171034,False
bk_low,BK,low,0.3,210.0,2,FULL,8,8.0,44.007097098975684,-37.30927365813621,False
bk_low,BK,low,0.3,210.0,3,FULL,12,12.0,44.3124468242731,-37.261068319288654,False
bk_low,BK,low,0.3,210.0,4,FULL,11,11.0,43.19939680578773,-37.641702726341634,False
bk_low,BK,low,0.3,210.0,5,FULL,7,7.0,44.29662052942772,-37.927007140691444,False
bk_low,BK,low,0.3,240.0,1,FULL,19,19.0,43.616036133336046,-52.267455578942474,False
bk_low,BK,low,0.3,240.0,2,FULL,17,17.0,44.16080839623337,-51.734383531165896,False
bk_low,BK,low,0.3,240.0,3,FULL,15,15.0,43.211350447754725,-52.5228711557989,False
bk_low,BK,low,0.3,240.0,4,FULL,16,16.0,43.95618823137721,-51.974110514790155,False
bk_low,BK,low,0.3,240.0,5,FULL,17,17.0,43.2365885104548,-52.147743216029895,False
bk_low,BK,low,0.3,270.0,1,FULL,17,17.0,43.83474227839828,-59.43246777571904,False
bk_low,BK,low,0.3,270.0,2,FULL,13,13.0,42.39451533444374,-59.403099542756436,False
bk_low,BK,low,0.3,270.0,3,FULL,18,18.0,43.17442203279398,-59.39972454989767,False
bk_low,BK,low,0.3,270.0,4,FULL,14,14.0,43.436522263246204,-59.503369494178685,False
bk_low,BK,low,0.3,270.0,5,FULL,19,19.0,43.71355867419922,-59.587195497737156,False
bk_low,BK,low,0.3,300.0,1,FULL,17,17.0,43.64636452868001,-59.79976422862103,False
bk_low,BK,low,0.3,300.0,2,FULL,14,14.0,43.178855184504435,-59.74674765632102,False
bk_low,BK,low,0.3,300.0,3,FULL,13,13.0,43.80272601961619,-59.80953678994272,False
bk_low,BK,low,0.3,300.0,4,FULL,15,15.0,43.12859615675801,-59.84257571185374,False
bk_low,BK,low,0.3,300.0,5,FULL,16,16.0,43.521529573607936,-59.89016523311332,False
bk_low,BK,low,0.3,330.0,1,FULL,18,18.0,43.43188136630741,-59.79140696170179,False
bk_low,BK,low,0.3,330.0,2,FULL,17,17.0,43.52535561682806,-59.734561160557696,False
bk_low,BK,low,0.3,330.0,3,FULL,13,13.0,43.56329802040443,-59.83229355557783,False
bk_low,BK,low,0.3,330.0,4,FULL,16,16.0,43.29809050607222,-59.80512660502945,False
bk_low,BK,low,0.3,330.0,5,FULL,15,15.0,42.435004658222766,-59.87357909503151,False
bk_med,BK,med,1.0,0.0,1,FULL,16,16.0,43.31098557001134,-59.045447231899956,False
bk_med,BK,med,1.0,0.0,2,FULL,10,10.0,42.55272425561922,-59.165527279254945,False
bk_med,BK,med,1.0,0.0,3,FULL,14,14.0,43.695170781693115,-59.191037206044086,False
bk_med,BK,med,1.0,0.0,4,FULL,13,13.0,42.465004256770236,-59.15659833808316,False
bk_med,BK,med,1.0,0.0,5,FULL,16,16.0,42.85934796288417,-59.28811323062415,False
bk_med,BK,med,1.0,30.0,1,FULL,12,12.0,43.10021604857844,-43.80977405518799,False
bk_med,BK,med,1.0,30.0,2,FULL,14,14.0,44.09361265809705,-43.781075374909484,False
bk_med,BK,med,1.0,30.0,3,FULL,14,14.0,44.2232141137103,-44.1023239292509,False
bk_med,BK,med,1.0,30.0,4,FULL,15,15.0,43.566897601510924,-44.16692414344991,False
bk_med,BK,med,1.0,30.0,5,FULL,14,14.0,44.13434483117942,-43.92205892406841,False
bk_med,BK,med,1.0,60.0,1,FULL,7,7.0,43.222875337354694,-36.61741180711915,False
bk_med,BK,med,1.0,60.0,2,FULL,7,7.0,43.22057219910361,-36.8717482689596,False
bk_med,BK,med,1.0,60.0,3,FULL,7,7.0,43.76520773797495,-36.829706797032905,False
bk_med,BK,med,1.0,60.0,4,FULL,11,11.0,43.14292153579204,-36.630087021749546,False
bk_med,BK,med,1.0,60.0,5,FULL,11,11.0,44.01160201744301,-36.88066440289016,False
bk_med,BK,med,1.0,90.0,1,FULL,10,10.0,44.06694942008669,-36.067487499808855,False
bk_med,BK,med,1.0,90.0,2,FULL,7,7.0,43.49807108544776,-36.79207624035357,False
bk_med,BK,med,1.0,90.0,3,FULL,9,9.0,43.067463649538105,-36.85098683661789,False
bk_med,BK,med,1.0,90.0,4,FULL,10,10.0,43.12452493209803,-36.454149794915416,False
bk_med,BK,med,1.0,90.0,5,FULL,9,9.0,43.74930225247754,-36.58761892532951,False
bk_med,BK,med,1.0,120.0,1,FULL,10,10.0,44.06694942008669,-36.067487499808855,False
bk_med,BK,med,1.0,120.0,2,FULL,7,7.0,43.49807108544776,-36.79207624035357,False
bk_med,BK,med,1.0,120.0,3,FULL,9,9.0,43.067463649538105,-36.85098683661789,False
bk_med,BK,med,1.0,120.0,4,FULL,10,10.0,43.12452493209803,-36.454149794915416,False
bk_med,BK,med,1.0,120.0,5,FULL,9,9.0,43.74930225247754,-36.58761892532951,False
bk_med,BK,med,1.0,150.0,1,FULL,10,10.0,44.06694942008669,-36.067487499808855,False
bk_med,BK,med,1.0,150.0,2,FULL,7,7.0,43.49807108544776,-36.79207624035357,False
bk_med,BK,med,1.0,150.0,3,FULL,9,9.0,43.067463649538105,-36.85098683661789,False
bk_med,BK,med,1.0,150.0,4,FULL,10,10.0,43.12452493209803,-36.454149794915416,False
bk_med,BK,med,1.0,150.0,5,FULL,9,9.0,43.74930225247754,-36.58761892532951,False
bk_med,BK,med,1.0,180.0,1,FULL,10,10.0,44.06694942008669,-36.067487499808855,False
bk_med,BK,med,1.0,180.0,2,FULL,7,7.0,43.49807108544776,-36.79207624035357,False
bk_med,BK,med,1.0,180.0,3,FULL,9,9.0,43.067463649538105,-36.85098683661789,False
bk_med,BK,med,1.0,180.0,4,FULL,10,10.0,43.12452493209803,-36.454149794915416,False
bk_med,BK,med,1.0,180.0,5,FULL,9,9.0,43.74930225247754,-36.58761892532951,False
bk_med,BK,med,1.0,210.0,1,FULL,12,12.0,43.867041560159144,-37.83524620909266,False
bk_med,BK,med,1.0,210.0,2,FULL,8,8.0,43.07675474987627,-37.933681079247535,False
bk_med,BK,med,1.0,210.0,3,FULL,12,12.0,43.067384222044225,-37.781048228389665,False
bk_med,BK,med,1.0,210.0,4,FULL,10,10.0,43.048153964449966,-38.13290801956987,False
bk_med,BK,med,1.0,210.0,5,FULL,8,8.0,43.28304894245492,-38.47492380267274,False
bk_med,BK,med,1.0,240.0,1,FULL,16,16.0,43.955346355648615,-52.515630561448624,False
bk_med,BK,med,1.0,240.0,2,FULL,16,16.0,43.044177099956684,-52.31685547846371,False
bk_med,BK,med,1.0,240.0,3,FULL,13,13.0,43.540742571425,-52.68835664446056,False
bk_med,BK,med,1.0,240.0,4,FULL,15,15.0,43.58459060246949,-52.31052636603937,False
bk_med,BK,med,1.0,240.0,5,FULL,15,15.0,44.1122530644812,-52.382542822591326,False
bk_med,BK,med,1.0,270.0,1,FULL,17,17.0,43.356502803208116,-59.54451281111609,False
bk_med,BK,med,1.0,270.0,2,FULL,13,13.0,43.060178351436235,-59.51559372266259,False
bk_med,BK,med,1.0,270.0,3,FULL,18,18.0,43.48447306861948,-59.51236815436572,False
bk_med,BK,med,1.0,270.0,4,FULL,14,14.0,43.14052843197093,-59.6139402555964,False
bk_med,BK,med,1.0,270.0,5,FULL,16,16.0,42.41593106200294,-59.69643105099003,False
bk_med,BK,med,1.0,300.0,1,FULL,15,15.0,43.57274654585753,-59.90550650011579,False
bk_med,BK,med,1.0,300.0,2,FULL,13,13.0,42.60761785354303,-59.8536252988,False
bk_med,BK,med,1.0,300.0,3,FULL,13,13.0,43.699264733849276,-59.91550399840605,False
bk_med,BK,med,1.0,300.0,4,FULL,14,14.0,43.100112580134926,-59.947930644884295,False
bk_med,BK,med,1.0,300.0,5,FULL,15,15.0,43.462857124450224,-59.994809443839095,False
bk_med,BK,med,1.0,330.0,1,FULL,17,17.0,43.00236235706324,-59.897237149426935,False
bk_med,BK,med,1.0,330.0,2,FULL,14,14.0,43.254797110493456,-59.841594046471265,False
bk_med,BK,med,1.0,330.0,3,FULL,11,11.0,42.495939171252424,-59.93801973890159,False
bk_med,BK,med,1.0,330.0,4,FULL,14,14.0,43.58538030499924,-59.91099973381514,False
bk_med,BK,med,1.0,330.0,5,FULL,15,15.0,42.698306521276436,-59.97845665321867,False
bk_high,BK,high,3.0,0.0,1,FULL,11,11.0,43.2366606227251,-59.370622855224035,False
bk_high,BK,high,3.0,0.0,2,FULL,9,9.0,42.20803909633739,-59.48470396867688,False
bk_high,BK,high,3.0,0.0,3,FULL,12,12.0,43.40552207191624,-59.50947084386758,False
bk_high,BK,high,3.0,0.0,4,FULL,10,10.0,42.464850038692276,-59.47707972474089,False
bk_high,BK,high,3.0,0.0,5,FULL,11,11.0,43.17791362083423,-59.60152623253085,False
bk_high,BK,high,3.0,30.0,1,FULL,12,12.0,42.59470679743067,-45.39220907498006,False
bk_high,BK,high,3.0,30.0,2,FULL,10,10.0,43.44891901457298,-45.26668353843911,False
bk_high,BK,high,3.0,30.0,3,FULL,11,11.0,43.85353086903732,-45.72374602208003,False
bk_high,BK,high,3.0,30.0,4,FULL,13,13.0,42.71294779335004,-45.628033844800456,False
bk_high,BK,high,3.0,30.0,5,FULL,12,12.0,42.63145734681535,-45.67330098178789,False
bk_high,BK,high,3.0,60.0,1,FULL,7,7.0,42.65768394165352,-38.118562784511674,False
bk_high,BK,high,3.0,60.0,2,FULL,8,8.0,43.981901715567254,-37.940069891012044,False
bk_high,BK,high,3.0,60.0,3,FULL,6,6.0,42.68533053389799,-38.31588334280526,False
bk_high,BK,high,3.0,60.0,4,FULL,8,8.0,42.95112496448277,-37.96475311697905,False
bk_high,BK,high,3.0,60.0,5,FULL,8,8.0,42.89348689733616,-38.30104421158818,False
bk_high,BK,high,3.0,90.0,1,FULL,8,8.0,42.51199813899384,-37.497629816648036,False
bk_high,BK,high,3.0,90.0,2,FULL,6,6.0,43.044726223402364,-38.12142417422669,False
bk_high,BK,high,3.0,90.0,3,FULL,8,8.0,43.87529402337931,-38.13381746759816,False
bk_high,BK,high,3.0,90.0,4,FULL,7,7.0,42.763236048915154,-37.85172320435429,False
bk_high,BK,high,3.0,90.0,5,FULL,6,6.0,42.627399677917055,-38.055604996538705,False
bk_high,BK,high,3.0,120.0,1,FULL,8,8.0,42.51199813899384,-37.497629816648036,False
bk_high,BK,high,3.0,120.0,2,FULL,6,6.0,43.044726223402364,-38.12142417422669,False
bk_high,BK,high,3.0,120.0,3,FULL,8,8.0,43.87529402337931,-38.13381746759816,False
bk_high,BK,high,3.0,120.0,4,FULL,7,7.0,42.763236048915154,-37.85172320435429,False
bk_high,BK,high,3.0,120.0,5,FULL,6,6.0,42.627399677917055,-38.055604996538705,False
bk_high,BK,high,3.0,150.0,1,FULL,8,8.0,42.51199813899384,-37.497629816648036,False
bk_high,BK,high,3.0,150.0,2,FULL,6,6.0,43.044726223402364,-38.12142417422669,False
bk_high,BK,high,3.0,150.0,3,FULL,8,8.0,43.87529402337931,-38.13381746759816,False
bk_high,BK,high,3.0,150.0,4,FULL,7,7.0,42.763236048915154,-37.85172320435429,False
bk_high,BK,high,3.0,150.0,5,FULL,6,6.0,42.627399677917055,-38.055604996538705,False
bk_high,BK,high,3.0,180.0,1,FULL,8,8.0,42.51199813899384,-37.497629816648036,False
bk_high,BK,high,3.0,180.0,2,FULL,6,6.0,43.044726223402364,-38.12142417422669,False
bk_high,BK,high,3.0,180.0,3,FULL,8,8.0,43.87529402337931,-38.13381746759816,False
bk_high,BK,high,3.0,180.0,4,FULL,7,7.0,42.763236048915154,-37.85172320435429,False
bk_high,BK,high,3.0,180.0,5,FULL,6,6.0,42.627399677917055,-38.055604996538705,False
bk_high,BK,high,3.0,210.0,1,FULL,7,7.0,42.93080316983655,-39.54484283005477,False
bk_high,BK,high,3.0,210.0,2,FULL,8,8.0,43.145871759929804,-39.29599928591911,False
bk_high,BK,high,3.0,210.0,3,FULL,8,8.0,43.40677668695244,-39.27178892145049,False
bk_high,BK,high,3.0,210.0,4,FULL,9,9.0,42.64481205917415,-39.44528930582308,False
bk_high,BK,high,3.0,210.0,5,FULL,6,6.0,43.81299927891989,-39.71975525525317,False
bk_high,BK,high,3.0,240.0,1,FULL,13,13.0,43.74059623668869,-53.061576647944165,False
bk_high,BK,high,3.0,240.0,2,FULL,11,11.0,43.10876499935716,-53.03286637574271,False
bk_high,BK,high,3.0,240.0,3,FULL,13,13.0,43.271358860247645,-53.916511755367345,False
bk_high,BK,high,3.0,240.0,4,FULL,11,11.0,43.7065737950015,-52.882102602342286,False
bk_high,BK,high,3.0,240.0,5,FULL,11,11.0,42.40629262901764,-53.43223057325791,False
bk_high,BK,high,3.0,270.0,1,FULL,13,13.0,43.302164422947506,-59.84578377043017,False
bk_high,BK,high,3.0,270.0,2,FULL,11,11.0,42.29336418925005,-59.81796519255044,False
bk_high,BK,high,3.0,270.0,3,FULL,15,15.0,43.06069776868906,-59.81512602856079,False
bk_high,BK,high,3.0,270.0,4,FULL,11,11.0,41.77764979615588,-59.91151934454348,False
bk_high,BK,high,3.0,270.0,5,FULL,13,13.0,42.52607728912075,-59.99065819104457,False
bk_high,BK,high,3.0,300.0,1,FULL,13,13.0,43.36917456594401,-60.19088389619847,False
bk_high,BK,high,3.0,300.0,2,FULL,11,11.0,41.63862802160317,-60.14187759546888,False
bk_high,BK,high,3.0,300.0,3,FULL,11,11.0,42.54447885524857,-60.2014398262581,False
bk_high,BK,high,3.0,300.0,4,FULL,10,10.0,42.69388316785727,-60.232316059181215,False
bk_high,BK,high,3.0,300.0,5,FULL,12,12.0,42.54314464251627,-60.27737759645563,False
bk_high,BK,high,3.0,330.0,1,FULL,13,13.0,43.201426913356414,-60.18284084482911,False
bk_high,BK,high,3.0,330.0,2,FULL,9,9.0,41.979022502043605,-60.13024411952618,False
bk_high,BK,high,3.0,330.0,3,FULL,10,10.0,42.759455724543265,-60.223334177556026,False
bk_high,BK,high,3.0,330.0,4,FULL,10,10.0,42.897253849958396,-60.19670478309009,False
bk_high,BK,high,3.0,330.0,5,FULL,12,12.0,42.573692949602304,-60.26162879188377,False
sk_low,SK,low,0.06,0.0,1,FULL,17,17.0,43.215803764893344,-58.94124554218835,False
sk_low,SK,low,0.06,0.0,2,FULL,11,11.0,42.865057447892134,-59.06273802207378,False
sk_low,SK,low,0.06,0.0,3,FULL,15,15.0,43.0454297748446,-59.08864941408116,False
sk_low,SK,low,0.06,0.0,4,FULL,14,14.0,43.909101746109975,-59.0531465941931,False
sk_low,SK,low,0.06,0.0,5,FULL,17,17.0,42.87027920509645,-59.186583971405014,False
sk_low,SK,low,0.06,30.0,1,FULL,12,12.0,43.97256738055832,-43.369787249221964,False
sk_low,SK,low,0.06,30.0,2,FULL,16,16.0,44.1448200296648,-43.256273692360594,False
sk_low,SK,low,0.06,30.0,3,FULL,15,15.0,43.37610402526438,-43.67249603654173,False
sk_low,SK,low,0.06,30.0,4,FULL,13,13.0,44.444258642522946,-43.73248421307201,False
sk_low,SK,low,0.06,30.0,5,FULL,15,15.0,43.57309925339642,-43.63083367349638,False
sk_low,SK,low,0.06,60.0,1,FULL,9,9.0,44.34773478328562,-35.86828819321537,False
sk_low,SK,low,0.06,60.0,2,FULL,8,8.0,44.011669743108044,-36.2767794824205,False
sk_low,SK,low,0.06,60.0,3,FULL,8,8.0,44.31941556637109,-36.20815332591327,False
sk_low,SK,low,0.06,60.0,4,FULL,13,13.0,43.6611826052964,-35.9815724791408,False
sk_low,SK,low,0.06,60.0,5,FULL,12,12.0,44.07303354102577,-36.22830859079694,False
sk_low,SK,low,0.06,90.0,1,FULL,8,8.0,44.33113521454954,-35.5064155147404,False
sk_low,SK,low,0.06,90.0,2,FULL,7,7.0,43.84926411911194,-36.154013513900296,False
sk_low,SK,low,0.06,90.0,3,FULL,9,9.0,43.24397010691577,-36.343790014086494,False
sk_low,SK,low,0.06,90.0,4,FULL,10,10.0,44.258683638577835,-35.876614367627255,False
sk_low,SK,low,0.06,90.0,5,FULL,9,9.0,44.20402411415776,-35.99680648788429,False
sk_low,SK,low,0.06,120.0,1,FULL,7,7.0,44.33113521454954,-35.5064155147404,False
sk_low,SK,low,0.06,120.0,2,FULL,7,7.0,43.84926411911194,-36.154013513900296,False
sk_low,SK,low,0.06,120.0,3,FULL,9,9.0,43.24397010691577,-36.343790014086494,False
sk_low,SK,low,0.06,120.0,4,FULL,10,10.0,44.258683638577835,-35.876614367627255,False
sk_low,SK,low,0.06,120.0,5,FULL,9,9.0,44.20402411415776,-35.99680648788429,False
sk_low,SK,low,0.06,150.0,1,FULL,7,7.0,44.33113521454954,-35.5064155147404,False
sk_low,SK,low,0.06,150.0,2,FULL,7,7.0,43.84926411911194,-36.154013513900296,False
sk_low,SK,low,0.06,150.0,3,FULL,9,9.0,43.24397010691577,-36.343790014086494,False
sk_low,SK,low,0.06,150.0,4,FULL,10,10.0,44.258683638577835,-35.876614367627255,False
sk_low,SK,low,0.06,150.0,5,FULL,9,9.0,44.20402411415776,-35.99680648788429,False
sk_low,SK,low,0.06,180.0,1,FULL,7,7.0,44.33113521454954,-35.5064155147404,False
sk_low,SK,low,0.06,180.0,2,FULL,7,7.0,43.84926411911194,-36.154013513900296,False
sk_low,SK,low,0.06,180.0,3,FULL,9,9.0,43.24397010691577,-36.343790014086494,False
sk_low,SK,low,0.06,180.0,4,FULL,10,10.0,44.258683638577835,-35.876614367627255,False
sk_low,SK,low,0.06,180.0,5,FULL,9,9.0,44.20402411415776,-35.99680648788429,False
sk_low,SK,low,0.06,210.0,1,FULL,12,12.0,43.48665033347714,-37.286255677198525,False
sk_low,SK,low,0.06,210.0,2,FULL,7,7.0,44.42339101120573,-37.223389164780706,False
sk_low,SK,low,0.06,210.0,3,FULL,12,12.0,43.30905808258757,-37.23493124015345,False
sk_low,SK,low,0.06,210.0,4,FULL,12,12.0,43.340862150505984,-37.57361701645658,False
sk_low,SK,low,0.06,210.0,5,FULL,7,7.0,43.31858168130872,-37.90741165883438,False
sk_low,SK,low,0.06,240.0,1,FULL,20,20.0,44.20380859346865,-52.26311909734688,False
sk_low,SK,low,0.06,240.0,2,FULL,17,17.0,43.626899206789346,-51.83287207240991,False
sk_low,SK,low,0.06,240.0,3,FULL,17,17.0,44.105673919620756,-52.5365556560385,False
sk_low,SK,low,0.06,240.0,4,FULL,16,16.0,43.85861286898582,-52.02681892627344,False
sk_low,SK,low,0.06,240.0,5,FULL,17,17.0,44.19329637666026,-52.14288157477947,False
sk_low,SK,low,0.06,270.0,1,FULL,17,17.0,43.44042017917621,-59.445448796074174,False
sk_low,SK,low,0.06,270.0,2,FULL,13,13.0,42.98282308367634,-59.41582528670658,False
sk_low,SK,low,0.06,270.0,3,FULL,18,18.0,43.32481402031555,-59.4128095854378,False
sk_low,SK,low,0.06,270.0,4,FULL,16,16.0,43.74458350560366,-59.51554597848509,False
sk_low,SK,low,0.06,270.0,5,FULL,19,19.0,43.45793344040709,-59.59864690726947,False
sk_low,SK,low,0.06,300.0,1,FULL,17,17.0,43.087558922301774,-59.81076857171039,False
sk_low,SK,low,0.06,300.0,2,FULL,15,15.0,43.81510779354686,-59.758321775109806,False
sk_low,SK,low,0.06,300.0,3,FULL,16,16.0,43.78631991051766,-59.82083759244325,False
sk_low,SK,low,0.06,300.0,4,FULL,15,15.0,43.29959000064265,-59.85338367432068,False
sk_low,SK,low,0.06,300.0,5,FULL,19,19.0,43.48682296845223,-59.90070638020409,False
sk_low,SK,low,0.06,330.0,1,FULL,18,18.0,42.89212749433013,-59.80239509985496,False
sk_low,SK,low,0.06,330.0,2,FULL,17,17.0,43.33803344657695,-59.746116917431515,False
sk_low,SK,low,0.06,330.0,3,FULL,13,13.0,43.094570709297614,-59.84363488296951,False
sk_low,SK,low,0.06,330.0,4,FULL,16,16.0,43.5437178944712,-59.81606856752962,False
sk_low,SK,low,0.06,330.0,5,FULL,15,15.0,43.183288172073574,-59.884050862997505,False
sk_med,SK,med,0.2,0.0,1,FULL,17,17.0,42.7891319277446,-59.096442589021656,False
sk_med,SK,med,0.2,0.0,2,FULL,12,12.0,43.12832969485733,-59.21337069509047,False
sk_med,SK,med,0.2,0.0,3,FULL,13,13.0,43.36697477784327,-59.23923829537305,False
sk_med,SK,med,0.2,0.0,4,FULL,13,13.0,43.19436948609104,-59.20419797233118,False
sk_med,SK,med,0.2,0.0,5,FULL,16,16.0,43.664170883538446,-59.33279060694383,False
sk_med,SK,med,0.2,30.0,1,FULL,12,12.0,43.27524422855162,-43.795863370268286,False
sk_med,SK,med,0.2,30.0,2,FULL,13,13.0,44.31757749963335,-43.73934363952184,False
sk_med,SK,med,0.2,30.0,3,FULL,14,14.0,44.112696102740934,-44.08312532735551,False
sk_med,SK,med,0.2,30.0,4,FULL,16,16.0,43.39000961142918,-44.07904667788478,False
sk_med,SK,med,0.2,30.0,5,FULL,15,15.0,43.58320743310226,-43.87056100787191,False
sk_med,SK,med,0.2,60.0,1,FULL,9,9.0,44.2877689215808,-36.41526283816787,False
sk_med,SK,med,0.2,60.0,2,FULL,7,7.0,44.398507164963995,-36.576508407123676,False
sk_med,SK,med,0.2,60.0,3,FULL,8,8.0,43.46971629324292,-36.661016589666694,False
sk_med,SK,med,0.2,60.0,4,FULL,15,15.0,43.833409374546015,-36.382738107715326,False
sk_med,SK,med,0.2,60.0,5,FULL,12,12.0,43.65986441308601,-36.7314718476293,False
sk_med,SK,med,0.2,90.0,1,FULL,9,9.0,44.25750678662892,-35.81302422500671,False
sk_med,SK,med,0.2,90.0,2,FULL,7,7.0,43.9382235344883,-36.57724969542329,False
sk_med,SK,med,0.2,90.0,3,FULL,10,10.0,43.19264117570369,-36.70947554698493,False
sk_med,SK,med,0.2,90.0,4,FULL,9,9.0,43.148627153519435,-36.23484145605061,False
sk_med,SK,med,0.2,90.0,5,FULL,10,10.0,43.2522697849372,-36.38737397419597,False
sk_med,SK,med,0.2,120.0,1,FULL,8,8.0,44.25750678662892,-35.81302422500671,False
sk_med,SK,med,0.2,120.0,2,FULL,7,7.0,43.9382235344883,-36.57724969542329,False
sk_med,SK,med,0.2,120.0,3,FULL,10,10.0,43.19264117570369,-36.70947554698493,False
sk_med,SK,med,0.2,120.0,4,FULL,9,9.0,43.148627153519435,-36.23484145605061,False
sk_med,SK,med,0.2,120.0,5,FULL,10,10.0,43.2522697849372,-36.38737397419597,False
sk_med,SK,med,0.2,150.0,1,FULL,8,8.0,44.25750678662892,-35.81302422500671,False
sk_med,SK,med,0.2,150.0,2,FULL,7,7.0,43.9382235344883,-36.57724969542329,False
sk_med,SK,med,0.2,150.0,3,FULL,10,10.0,43.19264117570369,-36.70947554698493,False
sk_med,SK,med,0.2,150.0,4,FULL,9,9.0,43.148627153519435,-36.23484145605061,False
sk_med,SK,med,0.2,150.0,5,FULL,10,10.0,43.2522697849372,-36.38737397419597,False
sk_med,SK,med,0.2,180.0,1,FULL,8,8.0,44.25750678662892,-35.81302422500671,False
sk_med,SK,med,0.2,180.0,2,FULL,7,7.0,43.9382235344883,-36.57724969542329,False
sk_med,SK,med,0.2,180.0,3,FULL,10,10.0,43.19264117570369,-36.70947554698493,False
sk_med,SK,med,0.2,180.0,4,FULL,9,9.0,43.148627153519435,-36.23484145605061,False
sk_med,SK,med,0.2,180.0,5,FULL,10,10.0,43.2522697849372,-36.38737397419597,False
sk_med,SK,med,0.2,210.0,1,FULL,12,12.0,43.73920286733389,-37.702613946354894,False
sk_med,SK,med,0.2,210.0,2,FULL,8,8.0,43.224876985424594,-37.723416416490714,False
sk_med,SK,med,0.2,210.0,3,FULL,12,12.0,43.62285290207235,-37.66281013976116,False
sk_med,SK,med,0.2,210.0,4,FULL,12,12.0,43.87370201934975,-37.839233929271366,False
sk_med,SK,med,0.2,210.0,5,FULL,7,7.0,44.38824866130639,-38.17649144493101,False
sk_med,SK,med,0.2,240.0,1,FULL,18,18.0,43.691314865948186,-52.63332983896811,False
sk_med,SK,med,0.2,240.0,2,FULL,17,17.0,43.15246056694536,-52.43233265702286,False
sk_med,SK,med,0.2,240.0,3,FULL,15,15.0,44.290185621515086,-52.75758226368671,False
sk_med,SK,med,0.2,240.0,4,FULL,15,15.0,44.21907196793953,-52.348319823845266,False
sk_med,SK,med,0.2,240.0,5,FULL,18,18.0,43.1639126176604,-52.50573141621385,False
sk_med,SK,med,0.2,270.0,1,FULL,17,17.0,43.803412192787086,-59.58197138673905,False
sk_med,SK,med,0.2,270.0,2,FULL,14,14.0,43.58465998604015,-59.55224979648614,False
sk_med,SK,med,0.2,270.0,3,FULL,19,19.0,42.86872224688153,-59.55012445733192,False
sk_med,SK,med,0.2,270.0,4,FULL,16,16.0,43.44891402955968,-59.648977928568314,False
sk_med,SK,med,0.2,270.0,5,FULL,17,17.0,44.03923691167332,-59.72927832219233,False
sk_med,SK,med,0.2,300.0,1,FULL,17,17.0,43.82219946812644,-59.93709832272177,False
sk_med,SK,med,0.2,300.0,2,FULL,15,15.0,43.645226567270115,-59.886927284093034,False
sk_med,SK,med,0.2,300.0,3,FULL,16,16.0,43.447948367972366,-59.94799553095492,False
sk_med,SK,med,0.2,300.0,4,FULL,14,14.0,43.07217610591223,-59.978938341282955,False
sk_med,SK,med,0.2,300.0,5,FULL,17,17.0,43.61949679729748,-60.02504148991891,False
sk_med,SK,med,0.2,330.0,1,FULL,17,17.0,43.85122420803998,-59.92877420914672,False
sk_med,SK,med,0.2,330.0,2,FULL,17,17.0,43.712272285872295,-59.87483165910897,False
sk_med,SK,med,0.2,330.0,3,FULL,11,11.0,42.9466174236086,-59.97064910176698,False
sk_med,SK,med,0.2,330.0,4,FULL,15,15.0,43.49291836095728,-59.94240433142982,False
sk_med,SK,med,0.2,330.0,5,FULL,15,15.0,42.91332503180298,-60.008459959427455,False
sk_high,SK,high,0.6,0.0,1,FULL,14,14.0,43.672800226851855,-59.475040066102345,False
sk_high,SK,high,0.6,0.0,2,FULL,11,11.0,43.09554514523245,-59.5819516704343,False
sk_high,SK,high,0.6,0.0,3,FULL,13,13.0,43.90989249187531,-59.60789019118518,False
sk_high,SK,high,0.6,0.0,4,FULL,11,11.0,43.69679720601039,-59.574172126519294,False
sk_high,SK,high,0.6,0.0,5,FULL,14,14.0,43.25926279478509,-59.69198851329144,False
sk_high,SK,high,0.6,30.0,1,FULL,13,13.0,44.190190312322855,-45.08129215741458,False
sk_high,SK,high,0.6,30.0,2,FULL,16,16.0,43.80888535067772,-44.98222031526492,False
sk_high,SK,high,0.6,30.0,3,FULL,15,15.0,43.57956947634477,-45.34081536178782,False
sk_high,SK,high,0.6,30.0,4,FULL,16,16.0,43.14975212273365,-45.123861583614705,False
sk_high,SK,high,0.6,30.0,5,FULL,18,18.0,44.22189211879715,-45.164669800014494,False
sk_high,SK,high,0.6,60.0,1,FULL,12,12.0,43.886813787687665,-37.516126673662406,False
sk_high,SK,high,0.6,60.0,2,FULL,12,12.0,43.2323293616891,-37.546200307631814,False
sk_high,SK,high,0.6,60.0,3,FULL,8,8.0,43.82672648641057,-37.56940342374765,False
sk_high,SK,high,0.6,60.0,4,FULL,14,14.0,43.701802232184704,-37.38355553330839,False
sk_high,SK,high,0.6,60.0,5,FULL,13,13.0,44.24322696426378,-37.71511798447287,False
sk_high,SK,high,0.6,90.0,1,FULL,10,10.0,43.18740859447706,-37.092333432836675,False
sk_high,SK,high,0.6,90.0,2,FULL,9,9.0,44.06444027260581,-37.54385154274373,False
sk_high,SK,high,0.6,90.0,3,FULL,9,9.0,44.055504817808576,-37.773893759754955,False
sk_high,SK,high,0.6,90.0,4,FULL,10,10.0,43.039943081670074,-37.36994938489989,False
sk_high,SK,high,0.6,90.0,5,FULL,8,8.0,43.10179935039633,-37.5199539629508,False
sk_high,SK,high,0.6,120.0,1,FULL,9,9.0,42.995615299363294,-37.092333432836675,False
sk_high,SK,high,0.6,120.0,2,FULL,9,9.0,44.06444027260581,-37.54385154274373,False
sk_high,SK,high,0.6,120.0,3,FULL,9,9.0,44.055504817808576,-37.773893759754955,False
sk_high,SK,high,0.6,120.0,4,FULL,10,10.0,43.49237325845138,-37.36994938489989,False
sk_high,SK,high,0.6,120.0,5,FULL,8,8.0,43.10179935039633,-37.5199539629508,False
sk_high,SK,high,0.6,150.0,1,FULL,9,9.0,42.995615299363294,-37.092333432836675,False
sk_high,SK,high,0.6,150.0,2,FULL,9,9.0,44.06444027260581,-37.54385154274373,False
sk_high,SK,high,0.6,150.0,3,FULL,9,9.0,44.055504817808576,-37.773893759754955,False
sk_high,SK,high,0.6,150.0,4,FULL,10,10.0,43.039943081670074,-37.36994938489989,False
sk_high,SK,high,0.6,150.0,5,FULL,8,8.0,43.10179935039633,-37.5199539629508,False
sk_high,SK,high,0.6,180.0,1,FULL,9,9.0,42.995615299363294,-37.092333432836675,False
sk_high,SK,high,0.6,180.0,2,FULL,9,9.0,44.06444027260581,-37.54385154274373,False
sk_high,SK,high,0.6,180.0,3,FULL,9,9.0,44.055504817808576,-37.773893759754955,False
sk_high,SK,high,0.6,180.0,4,FULL,10,10.0,43.039943081670074,-37.36994938489989,False
sk_high,SK,high,0.6,180.0,5,FULL,8,8.0,43.10179935039633,-37.5199539629508,False
sk_high,SK,high,0.6,210.0,1,FULL,11,11.0,43.876018103316326,-39.1540139881822,False
sk_high,SK,high,0.6,210.0,2,FULL,9,9.0,43.419172182559,-38.81498696237428,False
sk_high,SK,high,0.6,210.0,3,FULL,12,12.0,43.108435508959495,-38.72565011402231,False
sk_high,SK,high,0.6,210.0,4,FULL,12,12.0,43.58487658590869,-38.938839859274125,False
sk_high,SK,high,0.6,210.0,5,FULL,9,9.0,43.17540986098038,-39.425122045238695,False
sk_high,SK,high,0.6,240.0,1,FULL,18,18.0,43.55410224542373,-53.42538705342071,False
sk_high,SK,high,0.6,240.0,2,FULL,15,15.0,43.221555384659176,-53.38814712955075,False
sk_high,SK,high,0.6,240.0,3,FULL,14,14.0,42.9271490452866,-54.16460230735222,False
sk_high,SK,high,0.6,240.0,4,FULL,13,13.0,43.29559772486954,-53.790018852852725,False
sk_high,SK,high,0.6,240.0,5,FULL,16,16.0,43.552889843590236,-53.84585380004669,False
sk_high,SK,high,0.6,270.0,1,FULL,16,16.0,43.80787829297465,-59.91992587504959,False
sk_high,SK,high,0.6,270.0,2,FULL,13,13.0,43.27795848024338,-59.89003727257557,False
sk_high,SK,high,0.6,270.0,3,FULL,16,16.0,43.62037678258732,-59.88985475807872,False
sk_high,SK,high,0.6,270.0,4,FULL,15,15.0,43.31631110493635,-59.98006797672572,False
sk_high,SK,high,0.6,270.0,5,FULL,16,16.0,43.62843586256955,-60.05409646967975,False
sk_high,SK,high,0.6,300.0,1,FULL,15,15.0,43.86849852891148,-60.252012348728215,False
sk_high,SK,high,0.6,300.0,2,FULL,14,14.0,43.759461351352606,-60.20693167950958,False
sk_high,SK,high,0.6,300.0,3,FULL,13,13.0,42.94996422950218,-60.264702321621,False
sk_high,SK,high,0.6,300.0,4,FULL,13,13.0,43.65217619015105,-60.29213658154924,False
sk_high,SK,high,0.6,300.0,5,FULL,16,16.0,43.94264234348266,-60.33557720872576,False
sk_high,SK,high,0.6,330.0,1,FULL,16,16.0,43.98724653480141,-60.24380353411056,False
sk_high,SK,high,0.6,330.0,2,FULL,13,13.0,43.643216016238064,-60.1950902960263,False
sk_high,SK,high,0.6,330.0,3,FULL,10,10.0,42.04564436553536,-60.28701927263674,False
sk_high,SK,high,0.6,330.0,4,FULL,14,14.0,43.654257324618825,-60.25739881958431,False
sk_high,SK,high,0.6,330.0,5,FULL,12,12.0,42.80541640311436,-60.31917129496222,False
kv7_low,Kv7,low,0.0001,0.0,1,FULL,18,18.0,43.1873967162927,-58.87012521901565,False
kv7_low,Kv7,low,0.0001,0.0,2,FULL,11,11.0,42.98933956067154,-58.99380119173977,False
kv7_low,Kv7,low,0.0001,0.0,3,FULL,15,15.0,43.803296127529805,-59.01975087271372,False
kv7_low,Kv7,low,0.0001,0.0,4,FULL,14,14.0,43.07444128272544,-58.9840541071942,False
kv7_low,Kv7,low,0.0001,0.0,5,FULL,17,17.0,43.8089252209466,-59.11979472195332,False
kv7_low,Kv7,low,0.0001,30.0,1,FULL,11,11.0,43.65598621696829,-43.113871503908555,False
kv7_low,Kv7,low,0.0001,30.0,2,FULL,15,15.0,44.2259991026055,-42.94695518901648,False
kv7_low,Kv7,low,0.0001,30.0,3,FULL,15,15.0,44.26170941973312,-43.317677819935035,False
kv7_low,Kv7,low,0.0001,30.0,4,FULL,14,14.0,43.79950971815117,-43.58686083172862,False
kv7_low,Kv7,low,0.0001,30.0,5,FULL,14,14.0,44.435120455107715,-43.31526912799487,False
kv7_low,Kv7,low,0.0001,60.0,1,FULL,8,8.0,43.26454799632443,-35.73563450727117,False
kv7_low,Kv7,low,0.0001,60.0,2,FULL,8,8.0,44.3184365741681,-36.146876431172984,False
kv7_low,Kv7,low,0.0001,60.0,3,FULL,8,8.0,43.28156284605185,-36.077455170112096,False
kv7_low,Kv7,low,0.0001,60.0,4,FULL,13,13.0,44.14838269347589,-35.86360244283052,False
kv7_low,Kv7,low,0.0001,60.0,5,FULL,9,9.0,43.737039535707865,-36.13061576838992,False
kv7_low,Kv7,low,0.0001,90.0,1,FULL,9,9.0,44.21379149247245,-35.34837658186773,False
kv7_low,Kv7,low,0.0001,90.0,2,FULL,7,7.0,43.31619302665717,-36.02864441069662,False
kv7_low,Kv7,low,0.0001,90.0,3,FULL,9,9.0,43.766191589201455,-36.145035595226055,False
kv7_low,Kv7,low,0.0001,90.0,4,FULL,9,9.0,44.30470662502239,-35.720472790802624,False
kv7_low,Kv7,low,0.0001,90.0,5,FULL,10,10.0,44.177820035993115,-35.83967094577498,False
kv7_low,Kv7,low,0.0001,120.0,1,FULL,8,8.0,44.21379149247245,-35.34837658186773,False
kv7_low,Kv7,low,0.0001,120.0,2,FULL,7,7.0,43.31619302665717,-36.02864441069662,False
kv7_low,Kv7,low,0.0001,120.0,3,FULL,9,9.0,43.766191589201455,-36.145035595226055,False
kv7_low,Kv7,low,0.0001,120.0,4,FULL,9,9.0,44.30470662502239,-35.720472790802624,False
kv7_low,Kv7,low,0.0001,120.0,5,FULL,10,10.0,44.177820035993115,-35.83967094577498,False
kv7_low,Kv7,low,0.0001,150.0,1,FULL,8,8.0,44.21379149247245,-35.34837658186773,False
kv7_low,Kv7,low,0.0001,150.0,2,FULL,7,7.0,43.31619302665717,-36.02864441069662,False
kv7_low,Kv7,low,0.0001,150.0,3,FULL,9,9.0,43.766191589201455,-36.145035595226055,False
kv7_low,Kv7,low,0.0001,150.0,4,FULL,9,9.0,44.30470662502239,-35.720472790802624,False
kv7_low,Kv7,low,0.0001,150.0,5,FULL,10,10.0,44.177820035993115,-35.83967094577498,False
kv7_low,Kv7,low,0.0001,180.0,1,FULL,8,8.0,44.21379149247245,-35.34837658186773,False
kv7_low,Kv7,low,0.0001,180.0,2,FULL,7,7.0,43.31619302665717,-36.02864441069662,False
kv7_low,Kv7,low,0.0001,180.0,3,FULL,9,9.0,43.766191589201455,-36.145035595226055,False
kv7_low,Kv7,low,0.0001,180.0,4,FULL,9,9.0,44.30470662502239,-35.720472790802624,False
kv7_low,Kv7,low,0.0001,180.0,5,FULL,10,10.0,44.177820035993115,-35.83967094577498,False
kv7_low,Kv7,low,0.0001,210.0,1,FULL,12,12.0,44.31039077700034,-37.07287999348493,False
kv7_low,Kv7,low,0.0001,210.0,2,FULL,8,8.0,44.24062808025053,-37.104979555341835,False
kv7_low,Kv7,low,0.0001,210.0,3,FULL,13,13.0,44.37248156174757,-36.98427244284576,False
kv7_low,Kv7,low,0.0001,210.0,4,FULL,11,11.0,43.35527846639598,-37.39104122455532,False
kv7_low,Kv7,low,0.0001,210.0,5,FULL,7,7.0,44.36191907074384,-37.750313604825955,False
kv7_low,Kv7,low,0.0001,240.0,1,FULL,20,20.0,44.09221574992156,-52.12743864054461,False
kv7_low,Kv7,low,0.0001,240.0,2,FULL,16,16.0,43.53453931010112,-51.670712907397956,False
kv7_low,Kv7,low,0.0001,240.0,3,FULL,17,17.0,44.27900788890531,-52.44977787391601,False
kv7_low,Kv7,low,0.0001,240.0,4,FULL,16,16.0,43.388746939967064,-51.882621064293964,False
kv7_low,Kv7,low,0.0001,240.0,5,FULL,18,18.0,43.71003234800699,-51.99523511992586,False
kv7_low,Kv7,low,0.0001,270.0,1,FULL,18,18.0,43.22723098475758,-59.38328880282146,False
kv7_low,Kv7,low,0.0001,270.0,2,FULL,13,13.0,42.668014936400276,-59.353715640473304,False
kv7_low,Kv7,low,0.0001,270.0,3,FULL,19,19.0,42.83684727439367,-59.35027419256827,False
kv7_low,Kv7,low,0.0001,270.0,4,FULL,16,16.0,43.70620842710287,-59.45485648104635,False
kv7_low,Kv7,low,0.0001,270.0,5,FULL,19,19.0,43.48784213011434,-59.53928498058037,False
kv7_low,Kv7,low,0.0001,300.0,1,FULL,18,18.0,42.94857057487769,-59.75342424057706,False
kv7_low,Kv7,low,0.0001,300.0,2,FULL,15,15.0,42.976524555061026,-59.69989727287584,False
kv7_low,Kv7,low,0.0001,300.0,3,FULL,15,15.0,43.76866972632869,-59.76309493737921,False
kv7_low,Kv7,low,0.0001,300.0,4,FULL,15,15.0,43.553906301415914,-59.796409062886354,False
kv7_low,Kv7,low,0.0001,300.0,5,FULL,18,18.0,43.5197487912657,-59.84431682675893,False
kv7_low,Kv7,low,0.0001,330.0,1,FULL,18,18.0,43.382254849113544,-59.74502770301063,False
kv7_low,Kv7,low,0.0001,330.0,2,FULL,17,17.0,43.46028028034321,-59.68764130518656,False
kv7_low,Kv7,low,0.0001,330.0,3,FULL,14,14.0,43.59072149188476,-59.785959288310345,False
kv7_low,Kv7,low,0.0001,330.0,4,FULL,16,16.0,43.49541370015573,-59.75872752501117,False
kv7_low,Kv7,low,0.0001,330.0,5,FULL,15,15.0,43.378003111785354,-59.827626700916404,False
kv7_med,Kv7,med,0.001,0.0,1,FULL,16,16.0,43.18715934229749,-58.8701508597701,False
kv7_med,Kv7,med,0.001,0.0,2,FULL,12,12.0,42.990057699140195,-58.99382606603418,False
kv7_med,Kv7,med,0.001,0.0,3,FULL,15,15.0,43.780468935816714,-59.01977574779619,False
kv7_med,Kv7,med,0.001,0.0,4,FULL,13,13.0,43.09993220635237,-58.98407917930057,False
kv7_med,Kv7,med,0.001,0.0,5,FULL,17,17.0,43.80688656690578,-59.11981893792798,False
kv7_med,Kv7,med,0.001,30.0,1,FULL,11,11.0,43.660226248054755,-43.115737196987546,False
kv7_med,Kv7,med,0.001,30.0,2,FULL,15,15.0,44.2187440503093,-42.95035905695664,False
kv7_med,Kv7,med,0.001,30.0,3,FULL,15,15.0,44.25750579383555,-43.32654018016983,False
kv7_med,Kv7,med,0.001,30.0,4,FULL,14,14.0,43.794810359936896,-43.58472231773565,False
kv7_med,Kv7,med,0.001,30.0,5,FULL,14,14.0,44.43663153127379,-43.30540323584749,False
kv7_med,Kv7,med,0.001,60.0,1,FULL,8,8.0,43.26442196644469,-35.7381072928905,False
kv7_med,Kv7,med,0.001,60.0,2,FULL,8,8.0,44.31922063747184,-36.14767170984325,False
kv7_med,Kv7,med,0.001,60.0,3,FULL,8,8.0,43.28128140084226,-36.07908864739935,False
kv7_med,Kv7,med,0.001,60.0,4,FULL,13,13.0,44.14511506739402,-35.865094345752055,False
kv7_med,Kv7,med,0.001,60.0,5,FULL,9,9.0,43.74662767572886,-36.13165985694021,False
kv7_med,Kv7,med,0.001,90.0,1,FULL,9,9.0,44.20925417655966,-35.348334778351195,False
kv7_med,Kv7,med,0.001,90.0,2,FULL,7,7.0,43.31587376043598,-36.02894094376308,False
kv7_med,Kv7,med,0.001,90.0,3,FULL,9,9.0,43.76080702364195,-36.14728264871305,False
kv7_med,Kv7,med,0.001,90.0,4,FULL,9,9.0,44.3009539309679,-35.72341599333681,False
kv7_med,Kv7,med,0.001,90.0,5,FULL,10,10.0,44.17407309103508,-35.84204837881889,False
kv7_med,Kv7,med,0.001,120.0,1,FULL,8,8.0,44.20925417655966,-35.348334778351195,False
kv7_med,Kv7,med,0.001,120.0,2,FULL,7,7.0,43.31587376043598,-36.02894094376308,False
kv7_med,Kv7,med,0.001,120.0,3,FULL,9,9.0,43.76080702364195,-36.14728264871305,False
kv7_med,Kv7,med,0.001,120.0,4,FULL,9,9.0,44.3009539309679,-35.72341599333681,False
kv7_med,Kv7,med,0.001,120.0,5,FULL,10,10.0,44.17407309103508,-35.84204837881889,False
kv7_med,Kv7,med,0.001,150.0,1,FULL,8,8.0,44.20925417655966,-35.348334778351195,False
kv7_med,Kv7,med,0.001,150.0,2,FULL,7,7.0,43.31587376043598,-36.02894094376308,False
kv7_med,Kv7,med,0.001,150.0,3,FULL,9,9.0,43.76080702364195,-36.14728264871305,False
kv7_med,Kv7,med,0.001,150.0,4,FULL,9,9.0,44.3009539309679,-35.72341599333681,False
kv7_med,Kv7,med,0.001,150.0,5,FULL,10,10.0,44.17407309103508,-35.84204837881889,False
kv7_med,Kv7,med,0.001,180.0,1,FULL,8,8.0,44.20925417655966,-35.348334778351195,False
kv7_med,Kv7,med,0.001,180.0,2,FULL,7,7.0,43.31587376043598,-36.02894094376308,False
kv7_med,Kv7,med,0.001,180.0,3,FULL,9,9.0,43.76080702364195,-36.14728264871305,False
kv7_med,Kv7,med,0.001,180.0,4,FULL,9,9.0,44.3009539309679,-35.72341599333681,False
kv7_med,Kv7,med,0.001,180.0,5,FULL,10,10.0,44.17407309103508,-35.84204837881889,False
kv7_med,Kv7,med,0.001,210.0,1,FULL,12,12.0,44.313026026354564,-37.07554230661061,False
kv7_med,Kv7,med,0.001,210.0,2,FULL,8,8.0,44.24323602256183,-37.10658194051563,False
kv7_med,Kv7,med,0.001,210.0,3,FULL,13,13.0,44.3718147377231,-36.98531525915951,False
kv7_med,Kv7,med,0.001,210.0,4,FULL,11,11.0,43.34276040487036,-37.39526335231954,False
kv7_med,Kv7,med,0.001,210.0,5,FULL,7,7.0,44.36369367081569,-37.75209063294568,False
kv7_med,Kv7,med,0.001,240.0,1,FULL,20,20.0,44.10115167100875,-52.1277742145155,False
kv7_med,Kv7,med,0.001,240.0,2,FULL,16,16.0,43.54173107707672,-51.67168439763756,False
kv7_med,Kv7,med,0.001,240.0,3,FULL,17,17.0,44.28217342739036,-52.453069476172224,False
kv7_med,Kv7,med,0.001,240.0,4,FULL,16,16.0,43.37690640582676,-51.88272870635991,False
kv7_med,Kv7,med,0.001,240.0,5,FULL,18,18.0,43.69285395013904,-51.998891587662115,False
kv7_med,Kv7,med,0.001,270.0,1,FULL,18,18.0,43.333895532845716,-59.38331151110826,False
kv7_med,Kv7,med,0.001,270.0,2,FULL,13,13.0,42.71845294516643,-59.353738422167986,False
kv7_med,Kv7,med,0.001,270.0,3,FULL,19,19.0,42.926835381365734,-59.35029706531512,False
kv7_med,Kv7,med,0.001,270.0,4,FULL,17,17.0,43.709686035574876,-59.4548787253529,False
kv7_med,Kv7,med,0.001,270.0,5,FULL,19,19.0,43.42581725296197,-59.53930679348244,False
kv7_med,Kv7,med,0.001,300.0,1,FULL,18,18.0,43.06106811377966,-59.75344518231471,False
kv7_med,Kv7,med,0.001,300.0,2,FULL,15,15.0,42.99473652025768,-59.69991857130081,False
kv7_med,Kv7,med,0.001,300.0,3,FULL,15,15.0,43.782317213906694,-59.763115972976045,False
kv7_med,Kv7,med,0.001,300.0,4,FULL,15,15.0,43.616696685977246,-59.796429883295865,False
kv7_med,Kv7,med,0.001,300.0,5,FULL,18,18.0,43.55560110057055,-59.84433746660689,False
kv7_med,Kv7,med,0.001,330.0,1,FULL,18,18.0,43.35503291521684,-59.74504865850988,False
kv7_med,Kv7,med,0.001,330.0,2,FULL,17,17.0,43.68137938942317,-59.68766263228844,False
kv7_med,Kv7,med,0.001,330.0,3,FULL,14,14.0,43.347878178235,-59.785980283758235,False
kv7_med,Kv7,med,0.001,330.0,4,FULL,16,16.0,43.479772826644144,-59.758748497012576,False
kv7_med,Kv7,med,0.001,330.0,5,FULL,15,15.0,43.283260347484344,-59.82764737022706,False
kv7_high,Kv7,high,0.005,0.0,1,FULL,17,17.0,43.1861524153262,-58.87026481500654,False
kv7_high,Kv7,high,0.005,0.0,2,FULL,12,12.0,42.99403580885709,-58.993936615011805,False
kv7_high,Kv7,high,0.005,0.0,3,FULL,15,15.0,43.67091340522927,-59.0198863002785,False
kv7_high,Kv7,high,0.005,0.0,4,FULL,13,13.0,43.21906983156036,-58.984190607384505,False
kv7_high,Kv7,high,0.005,0.0,5,FULL,17,17.0,43.78437288029242,-59.119926561232845,False
kv7_high,Kv7,high,0.005,30.0,1,FULL,11,11.0,43.67966141236829,-43.133435586890236,False
kv7_high,Kv7,high,0.005,30.0,2,FULL,15,15.0,44.18506975467548,-42.947015119462066,False
kv7_high,Kv7,high,0.005,30.0,3,FULL,15,15.0,44.238420898559745,-43.33071235704825,False
kv7_high,Kv7,high,0.005,30.0,4,FULL,14,14.0,43.77374776319063,-43.58321471767094,False
kv7_high,Kv7,high,0.005,30.0,5,FULL,14,14.0,44.44299530903103,-43.300764647909524,False
kv7_high,Kv7,high,0.005,60.0,1,FULL,8,8.0,43.26396344323937,-35.749929085844876,False
kv7_high,Kv7,high,0.005,60.0,2,FULL,8,8.0,44.32266449146379,-36.152068374090184,False
kv7_high,Kv7,high,0.005,60.0,3,FULL,8,8.0,43.28001052646563,-36.08711409491604,False
kv7_high,Kv7,high,0.005,60.0,4,FULL,13,13.0,44.130417874708584,-35.871232231583406,False
kv7_high,Kv7,high,0.005,60.0,5,FULL,9,9.0,43.779705008399226,-36.135625084545104,False
kv7_high,Kv7,high,0.005,90.0,1,FULL,9,9.0,44.18850582997252,-35.34960139217481,False
kv7_high,Kv7,high,0.005,90.0,2,FULL,7,7.0,43.314444366248075,-36.030481578446135,False
kv7_high,Kv7,high,0.005,90.0,3,FULL,9,9.0,43.73662369156001,-36.1561730112574,False
kv7_high,Kv7,high,0.005,90.0,4,FULL,9,9.0,44.28294675678717,-35.73671203389026,False
kv7_high,Kv7,high,0.005,90.0,5,FULL,10,10.0,44.15719603399636,-35.85437129196243,False
kv7_high,Kv7,high,0.005,120.0,1,FULL,8,8.0,44.18850582997252,-35.34960139217481,False
kv7_high,Kv7,high,0.005,120.0,2,FULL,7,7.0,43.314444366248075,-36.030481578446135,False
kv7_high,Kv7,high,0.005,120.0,3,FULL,9,9.0,43.73662369156001,-36.1561730112574,False
kv7_high,Kv7,high,0.005,120.0,4,FULL,9,9.0,44.28294675678717,-35.73671203389026,False
kv7_high,Kv7,high,0.005,120.0,5,FULL,10,10.0,44.15719603399636,-35.85437129196243,False
kv7_high,Kv7,high,0.005,150.0,1,FULL,8,8.0,44.18850582997252,-35.34960139217481,False
kv7_high,Kv7,high,0.005,150.0,2,FULL,7,7.0,43.314444366248075,-36.030481578446135,False
kv7_high,Kv7,high,0.005,150.0,3,FULL,9,9.0,43.73662369156001,-36.1561730112574,False
kv7_high,Kv7,high,0.005,150.0,4,FULL,9,9.0,44.28294675678717,-35.73671203389026,False
kv7_high,Kv7,high,0.005,150.0,5,FULL,10,10.0,44.15719603399636,-35.85437129196243,False
kv7_high,Kv7,high,0.005,180.0,1,FULL,8,8.0,44.18850582997252,-35.34960139217481,False
kv7_high,Kv7,high,0.005,180.0,2,FULL,7,7.0,43.314444366248075,-36.030481578446135,False
kv7_high,Kv7,high,0.005,180.0,3,FULL,9,9.0,43.73662369156001,-36.1561730112574,False
kv7_high,Kv7,high,0.005,180.0,4,FULL,9,9.0,44.28294675678717,-35.73671203389026,False
kv7_high,Kv7,high,0.005,180.0,5,FULL,10,10.0,44.15719603399636,-35.85437129196243,False
kv7_high,Kv7,high,0.005,210.0,1,FULL,12,12.0,44.323740143439785,-37.08651572206764,False
kv7_high,Kv7,high,0.005,210.0,2,FULL,7,7.0,44.25462190205379,-37.11343782562254,False
kv7_high,Kv7,high,0.005,210.0,3,FULL,13,13.0,44.368393529171065,-36.99072130275471,False
kv7_high,Kv7,high,0.005,210.0,4,FULL,11,11.0,43.286088603699554,-37.40650789807645,False
kv7_high,Kv7,high,0.005,210.0,5,FULL,7,7.0,44.37123981548464,-37.76075191760404,False
kv7_high,Kv7,high,0.005,240.0,1,FULL,20,20.0,44.13923540795528,-52.128459470460555,False
kv7_high,Kv7,high,0.005,240.0,2,FULL,16,16.0,43.575470521914355,-51.68759547307325,False
kv7_high,Kv7,high,0.005,240.0,3,FULL,17,17.0,44.29548449035006,-52.45612676953798,False
kv7_high,Kv7,high,0.005,240.0,4,FULL,16,16.0,43.44287649861254,-51.88475951212484,False
kv7_high,Kv7,high,0.005,240.0,5,FULL,18,18.0,43.70733730400933,-52.02739332491455,False
kv7_high,Kv7,high,0.005,270.0,1,FULL,18,18.0,43.62776966562757,-59.3834124339905,False
kv7_high,Kv7,high,0.005,270.0,2,FULL,13,13.0,42.96321929723373,-59.35383967129556,False
kv7_high,Kv7,high,0.005,270.0,3,FULL,19,19.0,43.32401234994625,-59.35039871909037,False
kv7_high,Kv7,high,0.005,270.0,4,FULL,17,17.0,43.72422208144031,-59.45497758621988,False
kv7_high,Kv7,high,0.005,270.0,5,FULL,19,19.0,43.09033738787842,-59.539403737099946,False
kv7_high,Kv7,high,0.005,300.0,1,FULL,17,17.0,43.64262726164113,-59.753538254274915,False
kv7_high,Kv7,high,0.005,300.0,2,FULL,15,15.0,43.09975529502648,-59.70001322845559,False
kv7_high,Kv7,high,0.005,300.0,3,FULL,15,15.0,43.82134070780994,-59.76320946206092,False
kv7_high,Kv7,high,0.005,300.0,4,FULL,15,15.0,43.81377859915121,-59.796522416043956,False
kv7_high,Kv7,high,0.005,300.0,5,FULL,18,18.0,43.653161516209465,-59.844429196898865,False
kv7_high,Kv7,high,0.005,330.0,1,FULL,18,18.0,43.32242212556986,-59.745141791630594,False
kv7_high,Kv7,high,0.005,330.0,2,FULL,17,17.0,43.34493232194053,-59.687757416891266,False
kv7_high,Kv7,high,0.005,330.0,3,FULL,14,14.0,43.55286688276697,-59.78607359440955,False
kv7_high,Kv7,high,0.005,330.0,4,FULL,16,16.0,43.39000652590261,-59.758841703471845,False
kv7_high,Kv7,high,0.005,330.0,5,FULL,15,15.0,43.71639442256752,-59.82773923146065,False
