generation,cell_index,mi_count_bits,atp_per_spike_molecules,corner_label,share_soma,share_ais,share_dend
1,1,0.2619453616166153,25284413.83528176,low_mi_high_atp,0.8104471900452206,0.01481279572742013,0.17474001422735938
1,4,0.0,18244303.179105602,low_mi_high_atp,0.5087494558452944,0.05198230425489537,0.4392682398998103
1,8,0.0,15075282.542278035,low_mi_high_atp,0.6895678916406665,0.061644861099945526,0.24878724725938797
1,11,0.0,48710631.904302634,low_mi_high_atp,0.1770481621865061,0.05459577500267931,0.7683560628108145
1,12,0.0,25838716.682045527,low_mi_high_atp,0.47485540134653864,0.09458005267464405,0.43056454597881727
1,13,0.0,24733190.774424892,low_mi_high_atp,0.37385684357798143,0.021474248047818653,0.6046689083742
1,19,0.0,44221000.092730656,low_mi_high_atp,0.23418561349679337,0.019403612252216762,0.7464107742509899
1,24,0.0,64856054.908658765,low_mi_high_atp,0.1494220321480565,0.016145520665311674,0.8344324471866318
1,34,0.4589893596666389,60119206.547481455,low_mi_high_atp,0.20555964709836513,0.02041529263130852,0.7740250602703264
1,42,0.0,9207250.128801038,low_mi_high_atp,0.9383531790587883,0.053482500704576205,0.008164320236635506
1,58,0.0,90578039.10834783,low_mi_high_atp,0.10248578944062318,0.008782830259523576,0.8887313802998532
1,59,0.0,33463186.924191628,low_mi_high_atp,0.18236501414819697,0.012592792388920573,0.8050421934628824
1,65,0.0039060116788910415,73151134.30548191,low_mi_high_atp,0.09994516556990413,0.01298461364772591,0.8870702207823699
1,70,0.0,36756402.44637909,low_mi_high_atp,0.28596080833676196,0.02561541383781453,0.6884237778254234
1,71,0.0,53109530.5237492,low_mi_high_atp,0.23915185474296763,0.027487090375242013,0.7333610548817905
1,73,0.0039060116788910415,35284336.74681314,low_mi_high_atp,0.652297454708976,0.013871559964955468,0.33383098532606836
1,81,0.0,70071914.79304536,low_mi_high_atp,0.21715846804734992,0.01855653910102954,0.7642849928516204
2,98,0.0,34208056.03565014,low_mi_high_atp,0.23252789234195048,0.053432372790396185,0.7140397348676534
2,103,0.0,16614265.522380846,low_mi_high_atp,0.7185844069212156,0.16790319095764938,0.11351240212113489
2,109,0.0,45965763.15392523,low_mi_high_atp,0.2345524447252932,0.022568494554005062,0.7428790607207018
2,113,0.0039060116788910415,23077798.206979483,low_mi_high_atp,0.4516508034422077,0.1200499815123696,0.4282992150454227
2,118,0.0,26705530.78916109,low_mi_high_atp,0.3688454377116433,0.04025695064581406,0.5908976116425426
2,127,0.0,26357305.36414273,low_mi_high_atp,0.44507573885408613,0.08572110891454943,0.4692031522313645
2,128,0.0,31423240.21847089,low_mi_high_atp,0.43232444191531944,0.025573969792776527,0.542101588291904
2,131,0.0,14357009.83218954,low_mi_high_atp,0.9385207003289905,0.0597522108229114,0.0017270888480980255
2,133,0.0,10505250.042908171,low_mi_high_atp,0.9468559637720771,0.04820569112635068,0.004938345101572218
2,142,0.049237078402501966,39814885.246571966,low_mi_high_atp,0.20196313621226503,0.019078570010895753,0.7789582937768393
2,143,0.0,44325975.52413724,low_mi_high_atp,0.17631421667578515,0.005869886482560929,0.817815896841654
2,146,0.0,254268683.3930532,low_mi_high_atp,0.07692896460000999,0.0024366256379887968,0.9206344097620012
2,150,0.0,34326606.351191975,low_mi_high_atp,0.3433202868944278,0.03281389821286947,0.6238658148927028
2,158,0.0,50984464.93330252,low_mi_high_atp,0.21319853651070184,0.010425023551637876,0.7763764399376603
2,161,0.29232269299997204,42429143.31954922,low_mi_high_atp,0.256186698605579,0.02362147907280631,0.7201918223216147
2,163,0.0,27106456.476219628,low_mi_high_atp,0.5586192889350317,0.0359352986801627,0.40544541238480575
2,165,0.0,14041986.578792572,low_mi_high_atp,0.6870152073473458,0.04901368883192427,0.26397110382072997
2,167,0.18017832275051465,149546639.81078908,low_mi_high_atp,0.07591051935544368,0.006675734710353093,0.9174137459342031
2,169,0.001702535244156922,18373611.865595594,low_mi_high_atp,0.8612809507944033,0.03234351674789302,0.10637553245770377
2,175,0.0,24963498.247837663,low_mi_high_atp,0.41743532089825874,0.04448342017929822,0.5380812589224431
2,176,0.0,39890209.5062581,low_mi_high_atp,0.15604805876627612,0.013911948088400442,0.8300399931453235
2,177,0.17179332732076766,46118133.31903141,low_mi_high_atp,0.15690614229730065,0.012467308271109824,0.8306265494315894
2,188,0.0,46781607.554977804,low_mi_high_atp,0.29406299508583567,0.018129193769890212,0.687807811144274
3,195,0.0039060116788910415,32240446.245803274,low_mi_high_atp,0.19905867393567156,0.02437927787422607,0.7765620481901023
3,196,0.0,24509325.07298109,low_mi_high_atp,0.3713662104730963,0.021093990857624416,0.6075397986692792
3,198,0.5984741568050038,35921156.71603629,high_mi_high_atp,0.27994895905599043,0.020125558881034154,0.6999254820629753
3,202,0.0,12480918.960981797,low_mi_high_atp,0.7335933703478416,0.14340073010531787,0.12300589954684049
3,203,0.0,78623580.02218042,low_mi_high_atp,0.10153461509834727,0.021457005865795964,0.8770083790358568
3,205,0.0,91016674.47006021,low_mi_high_atp,0.23010165519928125,0.004200391073343228,0.7656979537273756
3,207,0.0,23457027.225801487,low_mi_high_atp,0.3070439173496946,0.035713597099366015,0.6572424855509393
3,208,0.0,27157574.225816067,low_mi_high_atp,0.3567782834580865,0.05390809807371147,0.5893136184682021
3,210,0.0,13739464.57725057,low_mi_high_atp,0.9400964449114242,0.05911853097370675,0.0007850241148690356
3,216,0.0,14056336.112198146,low_mi_high_atp,0.7324895663721718,0.10878517157807532,0.15872526204975285
3,218,0.0,150596399.14333668,low_mi_high_atp,0.07618858179694254,0.004720070622608167,0.9190913475804492
3,220,0.0,27740368.421939332,low_mi_high_atp,0.32195022712066107,0.03417991581786443,0.6438698570614745
3,223,0.0,18526685.96536325,low_mi_high_atp,0.48935283469960544,0.09396700795169008,0.41668015734870445
3,225,0.0,19269016.007261485,low_mi_high_atp,0.4696792131773316,0.03410001587626478,0.4962207709464036
3,229,0.0,54423636.916083865,low_mi_high_atp,0.25559014645380695,0.00688159123499904,0.7375282623111941
3,231,0.0,154630835.24154007,low_mi_high_atp,0.062488695181319526,0.0038273967540348943,0.9336839080646456
3,236,0.0,24425019.95500601,low_mi_high_atp,0.3898869302509377,0.033934887974795616,0.5761781817742667
3,237,0.0,25571218.20098761,low_mi_high_atp,0.5421506307057359,0.05164141537345035,0.4062079539208138
3,241,0.0,284585770.17144436,low_mi_high_atp,0.03920689623319205,0.00262502126787684,0.9581680824989312
3,244,0.0,10314124.821882378,low_mi_high_atp,0.960215286611818,0.03941736964455489,0.0003673437436270597
3,245,0.0,16200429.80134179,low_mi_high_atp,0.9172384724307938,0.04176976652086918,0.04099176104833697
3,253,0.0,25935388.134988617,low_mi_high_atp,0.4401778264427264,0.09395450445594215,0.4658676691013314
3,254,0.0,44893393.89502226,low_mi_high_atp,0.25894265821393136,0.020256971536982266,0.7208003702490864
3,256,0.38427294697999226,25224782.044979602,low_mi_high_atp,0.2512544610458303,0.07271358282324061,0.676031956130929
3,261,0.06274873448634988,11346952.79741555,low_mi_high_atp,0.9418011249566288,0.05791093086410657,0.0002879441792644943
3,263,0.0,83698784.71305586,low_mi_high_atp,0.0959771517309805,0.01128289132842937,0.8927399569405902
3,268,0.0,16707020.788467547,low_mi_high_atp,0.6270370211316426,0.0664979491381658,0.3064650297301915
3,272,0.0,21648923.4731714,low_mi_high_atp,0.49742280191267707,0.02760869317756029,0.47496850490976256
3,277,0.0,27593910.695167527,low_mi_high_atp,0.4246679964502063,0.024074338766286552,0.551257664783507
3,278,0.0,15780257.759867141,low_mi_high_atp,0.9249472589033614,0.0711672756224104,0.003885465474228186
3,281,0.06274873448634977,18195320.18877725,low_mi_high_atp,0.8704973604735495,0.03258934570289751,0.09691329382355306
4,289,0.0,14522106.078051992,low_mi_high_atp,0.5937612833384694,0.12180131589087424,0.28443740077065643
4,293,0.059774702912490985,11130767.640567886,low_mi_high_atp,0.9740351786643935,0.023155096794988027,0.0028097245406184324
4,296,0.0,13402836.639802605,low_mi_high_atp,0.6973806397192867,0.05205857300329424,0.250560787277419
4,297,0.0,18464324.350246213,low_mi_high_atp,0.7006926282137007,0.06258523025872913,0.2367221415275701
4,303,0.0,18929370.07718541,low_mi_high_atp,0.7701622661331965,0.02602375778798317,0.20381397607882043
4,307,0.10894890839440269,34906995.58856602,low_mi_high_atp,0.3484959672957977,0.03747576571359588,0.6140282669906064
4,308,0.0,10107183.598149596,low_mi_high_atp,0.9450813038950836,0.04983734409713253,0.005081352007783787
4,313,0.0,22940323.22485214,low_mi_high_atp,0.28939758568870255,0.030927062119792688,0.6796753521915048
4,315,0.0,30643552.251066342,low_mi_high_atp,0.3278380640868173,0.01833964493352295,0.6538222909796597
4,322,0.0,17782285.373808887,low_mi_high_atp,0.789465348209915,0.026893737969662365,0.18364091382042258
4,325,0.0,37239692.14899929,low_mi_high_atp,0.313132699431781,0.05581322681246764,0.6310540737557513
4,328,0.0,15832514.503348378,low_mi_high_atp,0.5152841050250722,0.14876430457521997,0.3359515903997078
4,329,0.0,17922142.85739744,low_mi_high_atp,0.7130238001062085,0.046770177793616016,0.2402060221001756
4,332,0.0,11870970.288821073,low_mi_high_atp,0.7474181480045021,0.08829693411417898,0.16428491788131885
4,334,0.10894890839440247,12371991.619143454,low_mi_high_atp,0.8440284252084397,0.030122366089500602,0.12584920870205976
4,339,0.0,58248147.39817599,low_mi_high_atp,0.30383239752576857,0.03736629505237738,0.6588013074218542
4,341,0.0,56784041.78359352,low_mi_high_atp,0.18598511339252324,0.010171406067814541,0.8038434805396621
4,342,0.0,12974114.813811017,low_mi_high_atp,0.7344512304967538,0.010898495982987,0.25465027352025926
4,344,0.0,46103441.56396433,low_mi_high_atp,0.20741402942514311,0.031261633876321485,0.7613243366985354
4,345,0.0,20574537.972727463,low_mi_high_atp,0.49272845747454885,0.03459816649498306,0.47267337603046794
4,348,0.24011158302361144,245308228.16750082,low_mi_high_atp,0.02636275766224027,0.0026825210581421844,0.9709547212796175
4,349,0.0,35992716.35932922,low_mi_high_atp,0.22888125743504004,0.0219638536525072,0.7491548889124527
4,351,0.0,42389905.607086755,low_mi_high_atp,0.1503534091101839,0.016033418263616588,0.8336131726261995
4,353,0.0,25604064.27663647,low_mi_high_atp,0.44594460548089127,0.024157265159161834,0.5298981293599468
4,354,0.0,18530621.076084234,low_mi_high_atp,0.4243906509763992,0.030468843240575614,0.5451405057830252
4,356,0.0,56435678.29429114,low_mi_high_atp,0.18145628663960012,0.027279137571746218,0.7912645757886537
4,361,0.0,23444921.357919395,low_mi_high_atp,0.4776838894375357,0.12086257976221221,0.40145353080025215
4,365,0.0,15837145.63133499,low_mi_high_atp,0.8727983456822511,0.07004129474904057,0.0571603595687083
4,367,0.0,23526918.01699837,low_mi_high_atp,0.7220379506714815,0.04095022656605102,0.23701182276246754
4,369,0.0,20771149.504475247,low_mi_high_atp,0.5203929821850853,0.028224257582100027,0.45138276023281454
4,375,0.0,17185498.58783726,low_mi_high_atp,0.48725084169306937,0.03411915617218058,0.47863000213475015
4,376,0.0,13753538.540766519,low_mi_high_atp,0.9359797855187151,0.06363499064367306,0.00038522383761181766
4,377,0.0,23263431.664391357,low_mi_high_atp,0.4963898498144785,0.12210827875932073,0.38150187142620073
4,378,0.0,17373679.947149727,low_mi_high_atp,0.4954373597108987,0.01655123641707262,0.4880114038720287
4,380,0.4726595731110926,31364419.4578117,low_mi_high_atp,0.5060107472966684,0.02093659048523004,0.47305266221810155
5,386,0.0,18559417.87633124,low_mi_high_atp,0.39859169331072886,0.03463437043145415,0.5667739362578169
5,389,0.0,14497345.400735429,low_mi_high_atp,0.687750520036737,0.046363698129598854,0.2658857818336641
5,392,0.0,8020381.775917018,low_mi_high_atp,0.8008321060237278,0.06245002411706187,0.1367178698592104
5,396,0.0,62028528.45071047,low_mi_high_atp,0.16349868860169464,0.01918667144189214,0.8173146399564133
5,397,0.15469898846636965,11112200.445304902,low_mi_high_atp,0.9666013559134359,0.030170025828287133,0.003228618258276991
5,399,0.9643374506019364,7450268.328193882,high_mi_high_atp,0.89116807149298,0.05561441670070182,0.05321751180631811
5,403,0.0,8591035.084089562,low_mi_high_atp,0.9606837375194444,0.038377919898989726,0.0009383425815657649
5,404,0.0,18960365.800221544,low_mi_high_atp,0.7731682943885463,0.03976919510224269,0.187062510509211
5,405,0.0,9859141.14001999,low_mi_high_atp,0.8797053166075615,0.06232460498196811,0.05797007841047041
5,407,0.18017832275051465,35930332.31971543,low_mi_high_atp,0.26095569736597124,0.026459441488520512,0.7125848611455082
5,410,0.0,11787170.465898398,low_mi_high_atp,0.8504665134347114,0.1465497806796083,0.002983705885680268
5,414,0.0,17988435.09261495,low_mi_high_atp,0.44750355082316934,0.04105190692312518,0.5114445422537054
5,417,0.0,31045292.692557435,low_mi_high_atp,0.4769947384915272,0.0212053174035858,0.5017999441048869
5,418,0.0,19862250.060241807,low_mi_high_atp,0.3820477796041687,0.058401388659366685,0.5595508317364646
5,420,0.0,10844321.582393987,low_mi_high_atp,0.9345576465074794,0.04959377565953457,0.015848577832986
5,421,0.0,14047632.614167338,low_mi_high_atp,0.7090637591250477,0.06430145217335187,0.22663478870160045
5,424,0.0,37448016.51232484,low_mi_high_atp,0.39528445669510553,0.021467255172508987,0.5832482881323854
5,428,0.0,25255433.92257138,low_mi_high_atp,0.3500522983959061,0.04170819110525034,0.6082395104988436
5,432,0.0,42534005.542706385,low_mi_high_atp,0.296654945423903,0.023885988524636123,0.6794590660514609
5,439,0.0,10026577.642880864,low_mi_high_atp,0.9516374198734999,0.04798852804352197,0.0003740520829781343
5,440,0.0,10731558.890251298,low_mi_high_atp,0.639012013897674,0.040856394538400856,0.32013159156392507
5,443,0.0,10783750.581390532,low_mi_high_atp,0.866264203067945,0.13167910366957622,0.0020566932624787
5,446,0.0,18148613.49371161,low_mi_high_atp,0.3839158368781084,0.0692311328807131,0.5468530302411787
5,447,0.0,14829307.287899837,low_mi_high_atp,0.9685998952791058,0.028812640632399925,0.002587464088494212
5,451,0.0,10909127.588985385,low_mi_high_atp,0.911788537327382,0.08547364643085124,0.0027378162417668276
5,452,0.0,18330207.31861201,low_mi_high_atp,0.9054113014136548,0.0683991148263421,0.026189583760003115
5,454,0.0,12785407.010781983,low_mi_high_atp,0.6094056923879739,0.07832369618901727,0.3122706114230089
5,455,0.0,19226029.50320473,low_mi_high_atp,0.6318526821741409,0.0382585334259191,0.32988878439993985
5,467,0.0,15892205.351512125,low_mi_high_atp,0.6004955509163749,0.07008236785286401,0.3294220812307612
5,473,0.5699579180264102,56126545.5971889,high_mi_high_atp,0.1439716460585966,0.011840219132745895,0.8441881348086575
5,475,0.0,53987602.68249267,low_mi_high_atp,0.1682211575438165,0.01689956640410758,0.8148792760520759
5,477,0.0,56542605.91145187,low_mi_high_atp,0.18748763239321872,0.020093062539145216,0.792419305067636
5,478,0.0,18271507.818770625,low_mi_high_atp,0.5172984036500993,0.038290852892004644,0.44441074345789594
5,479,0.0,9920028.640974902,low_mi_high_atp,0.8910250557411993,0.10663859852770027,0.0023363457311004155
6,480,0.0,11730726.848502394,low_mi_high_atp,0.9791845570900114,0.020338432347812685,0.0004770105621758698
6,482,0.17179332732076766,18021811.45131802,low_mi_high_atp,0.35969513606515163,0.046149276609444505,0.594155587325404
6,483,0.0,11221804.846601577,low_mi_high_atp,0.8426288504377657,0.1546697560105458,0.002701393551688631
6,488,0.0,20450798.93801387,low_mi_high_atp,0.9049809459357577,0.0936691256940105,0.0013499283702317387
6,490,0.0,16316731.278870113,low_mi_high_atp,0.5377167333621004,0.03754875164620243,0.4247345149916973
6,491,0.0,7918810.74574823,low_mi_high_atp,0.9173358170634651,0.07848716011170336,0.004177022824831444
6,492,0.6309412443480125,12165542.089586638,high_mi_high_atp,0.7253505108471759,0.09472121805125816,0.17992827110156584
6,500,0.0,12776015.899782289,low_mi_high_atp,0.6493415246858747,0.06361923343195902,0.28703924188216634
6,503,0.0,14141643.228244277,low_mi_high_atp,0.6850706634166058,0.03579965354540245,0.2791296830379917
6,510,0.17179332732076766,36342916.9836783,low_mi_high_atp,0.17665734983688527,0.025450273886759946,0.7978923762763547
6,514,0.0,13997568.925385838,low_mi_high_atp,0.5865048971727976,0.04395671781508858,0.3695383850121137
6,516,0.0,9906855.96243099,low_mi_high_atp,0.9578929368348919,0.04068065388672271,0.0014264092783853426
6,517,0.10894890839440247,29889327.280033927,low_mi_high_atp,0.28853456434411423,0.027329462598539623,0.6841359730573461
6,518,0.5083849954297467,18308495.330566354,low_mi_high_atp,0.44822591102196674,0.04158711330866927,0.510186975669364
6,519,0.0,9369796.58995352,low_mi_high_atp,0.8718487324029606,0.1100967588249083,0.018054508772131075
6,520,0.0039060116788910415,13468418.954612387,low_mi_high_atp,0.48070702032069446,0.0701813786512925,0.4491116010280131
6,522,0.0,20654019.620361853,low_mi_high_atp,0.4322158674388925,0.025954002680069286,0.5418301298810382
6,523,0.0,18553306.201073986,low_mi_high_atp,0.8257904174273073,0.036895639356146995,0.13731394321654575
6,526,0.0,12320333.133139998,low_mi_high_atp,0.9097263362828866,0.08876587051649704,0.0015077932006163912
6,529,0.0,13268999.96770555,low_mi_high_atp,0.6541327805948894,0.07798733043719108,0.2678798889679195
6,530,0.0,10086591.969658032,low_mi_high_atp,0.9586033655912335,0.041023225176820215,0.00037340923194637633
6,531,0.0,18226493.748623427,low_mi_high_atp,0.7094685668644126,0.02906725321563378,0.26146417991995363
6,539,0.0,15338221.464012992,low_mi_high_atp,0.7411368052209526,0.005965657708704781,0.2528975370703426
6,540,0.0,75709112.14854588,low_mi_high_atp,0.12785818652210573,0.002743179816004491,0.8693986336618897
6,542,0.0,9072873.323125876,low_mi_high_atp,0.9369880957969257,0.054715630180018134,0.00829627402305617
6,544,0.0,11522894.472997608,low_mi_high_atp,0.781647130906982,0.047386978321682774,0.1709658907713352
6,547,0.45060436423689204,61714318.16460569,low_mi_high_atp,0.1420663429292657,0.01765132139265653,0.8402823356780778
6,549,0.0,15491626.899479909,low_mi_high_atp,0.6140079674471404,0.06937999019136927,0.3166120423614904
6,551,0.0,11390814.685676811,low_mi_high_atp,0.9553589335579907,0.04077681300963137,0.0038642534323779184
6,552,0.0,88229625.65839896,low_mi_high_atp,0.08169371570976476,0.0015448068431984118,0.9167614774470367
6,554,0.0,9820311.362035003,low_mi_high_atp,0.9392673723514173,0.05048560387644086,0.010247023772141808
6,557,0.0,7026127.751674823,low_mi_high_atp,0.9467285039822537,0.05282182599412501,0.00044967002362136045
6,560,0.0,10209922.525360445,low_mi_high_atp,0.950745175714616,0.047433430966038956,0.0018213933193449556
6,561,0.0,40117430.91722785,low_mi_high_atp,0.17748304600655132,0.03279658683601434,0.7897203671574344
6,564,0.0,7535157.229521829,low_mi_high_atp,0.9342959868158361,0.0631197736274184,0.002584239556745467
6,565,0.0,7831100.080927306,low_mi_high_atp,0.8550520172293282,0.1447431803517264,0.00020480241894528346
6,567,0.0,10893057.91987334,low_mi_high_atp,0.9458941957580714,0.04770307559342291,0.006402728648505767
6,569,0.0,27419740.034643993,low_mi_high_atp,0.3603401286525155,0.023797703513132994,0.6158621678343514
6,570,0.0,17669289.33228928,low_mi_high_atp,0.7416851092705073,0.028376879711440994,0.22993801101805147
6,571,0.0,155091758.53807873,low_mi_high_atp,0.049533191157076946,0.002578843478828801,0.9478879653640943
6,572,0.0,9370678.94021027,low_mi_high_atp,0.9343516466410345,0.06336119788805906,0.0022871554709065008
6,573,0.0,7712896.972703887,low_mi_high_atp,0.8568270644103436,0.13764583028211858,0.005527105307537751
6,574,0.0,67391217.270036,low_mi_high_atp,0.0871966702523826,0.005796409275315587,0.9070069204723018
6,575,0.0,21474617.20494716,low_mi_high_atp,0.354453125764513,0.03908862567779901,0.6064582485576879
7,576,0.0,16326289.104761435,low_mi_high_atp,0.884181496136898,0.038804001748209964,0.07701450211489204
7,578,0.0,7522111.616081406,low_mi_high_atp,0.9264385968073943,0.07305534154711782,0.0005060616454878104
7,581,0.0,8812925.534470906,low_mi_high_atp,0.7104733513542821,0.043408602566318975,0.24611804607939897
7,583,0.0,12958003.478972286,low_mi_high_atp,0.8104351460544812,0.030234470496431486,0.1593303834490872
7,584,0.0,16823251.991433773,low_mi_high_atp,0.4651617593344032,0.05780928084977151,0.4770289598158252
7,586,0.0,12994702.672670295,low_mi_high_atp,0.9353903511365658,0.03770826040803001,0.026901388455404195
7,590,0.0,13328024.43384422,low_mi_high_atp,0.9591082259405436,0.03826639864984276,0.002625375409613757
7,591,0.0,8927359.73475983,low_mi_high_atp,0.9395429876947882,0.059967493060956924,0.0004895192442549222
7,595,0.0039060116788910415,48536539.431956545,low_mi_high_atp,0.18129955123388625,0.020451021134165404,0.7982494276319483
7,597,0.0,51704497.15083406,low_mi_high_atp,0.20998533869931324,0.009194352955890253,0.7808203083447965
7,600,0.0,9988681.37924876,low_mi_high_atp,0.9455770915558419,0.048467810266247434,0.005955098177910741
7,602,0.0,11007463.81388271,low_mi_high_atp,0.6175231218579799,0.04924442257360526,0.3332324555684148
7,604,0.0,30136336.27495691,low_mi_high_atp,0.2204990019516614,0.022728321609220375,0.7567726764391182
7,605,0.0,9777639.550370408,low_mi_high_atp,0.9486471187536684,0.049621587754313724,0.001731293492017862
7,606,0.0,12157029.835459359,low_mi_high_atp,0.8162504514070101,0.09409161157596478,0.08965793701702501
7,608,0.0,10582875.111790927,low_mi_high_atp,0.9286556720468351,0.06842975497602487,0.002914572977140031
7,610,0.0,8289056.717681093,low_mi_high_atp,0.9670656841487275,0.032248207822364656,0.0006861080289077946
7,612,0.0,7746470.611813224,low_mi_high_atp,0.8685426824600266,0.13044878776840718,0.001008529771566164
7,613,0.0,143236545.95083937,low_mi_high_atp,0.056248102414096196,0.005721608902076289,0.9380302886838274
7,614,0.0,17838182.73247282,low_mi_high_atp,0.4119171009895688,0.06602059131240988,0.5220623076980213
7,615,0.3605152028616353,12175465.37253214,low_mi_high_atp,0.5933002969572947,0.04498013649855093,0.36171956654415455
7,616,0.0,12064195.33131562,low_mi_high_atp,0.5478417602858348,0.10803139396878968,0.3441268457453756
7,619,0.0,8031543.659961891,low_mi_high_atp,0.8640957117957342,0.12879699014062532,0.007107298063640466
7,620,0.0,12651916.035765229,low_mi_high_atp,0.8235768784089168,0.02784883371058927,0.14857428788049393
7,625,0.0,8267983.193517778,low_mi_high_atp,0.9047866760794342,0.09437334919067604,0.000839974729889813
7,626,0.0,8355847.582742128,low_mi_high_atp,0.8967962567715811,0.09472832760407457,0.008475415624344309
7,627,0.0,25042193.38800468,low_mi_high_atp,0.32384010090772525,0.014710871108169469,0.6614490279841053
7,628,0.0,51405923.49753685,low_mi_high_atp,0.19474747677618703,0.00844820872976973,0.7968043144940432
7,631,0.0,7472949.285051447,low_mi_high_atp,0.9339099258710654,0.06367766667120393,0.0024124074577307674
7,632,0.0,12290861.241887214,low_mi_high_atp,0.9540597780888144,0.042897365107062546,0.003042856804123055
7,635,0.0,7421082.879003873,low_mi_high_atp,0.9434775253578707,0.056231624623676944,0.00029085001845238285
7,636,0.0,13668676.11530433,low_mi_high_atp,0.5260858176525567,0.04500563566403758,0.4289085466834057
7,638,0.0,51201069.673227906,low_mi_high_atp,0.18075312142517286,0.00945888426951964,0.8097879943053075
7,640,0.267293452551913,10574336.60369399,low_mi_high_atp,0.9275640435874494,0.0543454758294219,0.018090480583128656
7,642,0.0,13284164.041605465,low_mi_high_atp,0.5499191188600803,0.03348440893824963,0.4165964722016701
7,645,0.0,10643379.313984701,low_mi_high_atp,0.9454949175442607,0.04260358478700529,0.01190149766873405
7,648,0.0,7894482.885009335,low_mi_high_atp,0.9438295389221399,0.05551474751506205,0.0006557135627979582
7,650,0.0,10821826.28762854,low_mi_high_atp,0.9509554932509162,0.04414868773077467,0.004895819018309079
7,654,0.0,20834539.29377458,low_mi_high_atp,0.519062195107438,0.010555391965424895,0.47038241292713706
7,656,0.0,40052800.97188291,low_mi_high_atp,0.1966636253162497,0.01854421349539846,0.7847921611883518
7,658,0.0,14096736.20610608,low_mi_high_atp,0.5503354000339403,0.03545349810236413,0.41421110186369553
7,659,0.0,11622444.16308995,low_mi_high_atp,0.9666762089828826,0.033133330232415506,0.00019046078470180474
7,661,0.0,9104465.839877253,low_mi_high_atp,0.947761413790947,0.05154798000603265,0.0006906062030205279
7,662,0.0,9003687.43319012,low_mi_high_atp,0.9326569836585432,0.05686961407247398,0.010473402268982855
7,663,0.0,22805285.48314868,low_mi_high_atp,0.2863087149520181,0.0209318966456562,0.6927593884023256
7,665,0.0,6936830.617844673,low_mi_high_atp,0.9458405576039298,0.05389104193329558,0.00026840046277455876
7,667,0.0,101405702.67143609,low_mi_high_atp,0.08718043074154636,0.005779425908857533,0.9070401433495962
7,668,0.0,10191476.181866424,low_mi_high_atp,0.9356966726437991,0.051910026899358544,0.012393300456842272
7,671,0.0,7707066.185316953,low_mi_high_atp,0.9033281179001714,0.09015166924879062,0.006520212851037973
8,673,0.0,50625484.52668738,low_mi_high_atp,0.13998344286366032,0.0023723376223057178,0.857644219514034
8,675,0.0,7090483.444211128,low_mi_high_atp,0.9152368843361447,0.08387206811491058,0.0008910475489446776
8,677,0.0,20197606.29853694,low_mi_high_atp,0.3877633424227913,0.03734149628608548,0.5748951612911232
8,678,0.0,10196762.562142955,low_mi_high_atp,0.8521941593656724,0.03650588247832651,0.11129995815600105
8,679,0.0,7406040.101315751,low_mi_high_atp,0.9721130944411976,0.0276132897589795,0.0002736157998228862
8,680,0.0,9252204.619663501,low_mi_high_atp,0.9556455987771575,0.04337574564678552,0.0009786555760568937
8,684,0.0,10945292.076183025,low_mi_high_atp,0.887617121961864,0.05529612834313366,0.057086749695002256
8,687,0.0039060116788910415,16684809.79130849,low_mi_high_atp,0.4745611260812283,0.047904431984683825,0.4775344419340879
8,690,0.0,21458378.18038007,low_mi_high_atp,0.5658398362467084,0.07059389360705341,0.36356627014623816
8,691,0.0,10034280.924592385,low_mi_high_atp,0.919031020217087,0.054835860120054765,0.026133119662858098
8,692,0.0,7398205.718500668,low_mi_high_atp,0.8870380604961672,0.11062662099822078,0.002335318505612129
8,693,0.0,10347521.812607493,low_mi_high_atp,0.6363317321903524,0.03953400817459054,0.324134259635057
8,696,0.6309412443480125,11975144.05071379,high_mi_high_atp,0.8012308547144396,0.041432285290269225,0.15733685999529123
8,698,0.17179332732076766,26523029.88100525,low_mi_high_atp,0.463245312072949,0.03752654002956682,0.4992281478974841
8,701,0.0,71622912.94865857,low_mi_high_atp,0.24471502962381006,0.009471806798945678,0.7458131635772443
8,703,0.0,18247564.73374864,low_mi_high_atp,0.5359265087838608,0.029829058596333335,0.4342444326198058
8,704,0.0,8982133.604615226,low_mi_high_atp,0.9666558984781543,0.03247471527146107,0.0008693862503847998
8,705,0.0,9654112.27977863,low_mi_high_atp,0.7865597883418682,0.07110905148578607,0.14233116017234557
8,706,0.0,8056025.73331307,low_mi_high_atp,0.9255713943824772,0.070235178024322,0.004193427593200906
8,707,0.0,11545224.50085574,low_mi_high_atp,0.9707492671889999,0.029017115176012038,0.00023361763498819553
8,709,0.0039060116788910415,13818447.531220749,low_mi_high_atp,0.6242434892618682,0.029456513726953366,0.3462999970111783
8,711,0.0,13148651.948906375,low_mi_high_atp,0.7999881195885343,0.04305766604612759,0.15695421436533813
8,716,0.0,10041079.270961497,low_mi_high_atp,0.916510908627194,0.08240677700577581,0.001082314367030174
8,717,0.010537624509989046,37408937.458357975,low_mi_high_atp,0.19110433631639273,0.03188817327607996,0.7770074904075273
8,722,0.0,10717030.846975135,low_mi_high_atp,0.9276199472503329,0.06815856762993862,0.004221485119728574
8,723,0.0,8992064.995434301,low_mi_high_atp,0.9414127010733638,0.022501326809160824,0.03608597211747531
8,724,0.0,14764024.169173278,low_mi_high_atp,0.5870142617492612,0.05925493207075108,0.3537308061799877
8,727,0.0,31732285.4482805,low_mi_high_atp,0.18377467917074533,0.02246179961358427,0.7937635212156704
8,728,0.0,41202846.36257685,low_mi_high_atp,0.24474543757722042,0.015070450206384907,0.7401841122163948
8,730,0.0,11219936.62901904,low_mi_high_atp,0.9576685899800594,0.036963696102029896,0.005367713917910678
8,731,0.0,8321230.025619775,low_mi_high_atp,0.900809846988953,0.09418268120135817,0.0050074718096889785
8,733,0.0,10094572.64968917,low_mi_high_atp,0.919230049031477,0.07359767995614748,0.007172271012375618
8,734,0.0,8041038.3609527815,low_mi_high_atp,0.8615781886911182,0.13800457393796903,0.0004172373709128505
8,735,0.0,8649732.320216706,low_mi_high_atp,0.814629683769606,0.07462528827814127,0.11074502795225274
8,739,0.0,14058782.51675401,low_mi_high_atp,0.9370581236387114,0.057637607542775735,0.0053042688185129
8,744,0.0,8125087.8142384095,low_mi_high_atp,0.8968977861683242,0.10145574149591975,0.0016464723357560035
8,746,0.0,35611596.56776618,low_mi_high_atp,0.2034555031611979,0.016663170080193922,0.7798813267586082
8,747,0.0,31267719.320812304,low_mi_high_atp,0.3340573374663128,0.037104242801016256,0.628838419732671
8,748,0.0,13505287.555309545,low_mi_high_atp,0.9477256638218713,0.032925559145102846,0.01934877703302585
8,750,0.0,84532807.6209679,low_mi_high_atp,0.10242254384327022,0.013039797945814682,0.8845376582109151
8,753,0.5083849954297467,34345733.58490153,low_mi_high_atp,0.21610766526280528,0.019046854523507364,0.7648454802136874
8,755,0.0,10929057.391658524,low_mi_high_atp,0.7021565333646019,0.04056986340311068,0.2572736032322874
8,756,0.010537624509989046,63005201.28997487,low_mi_high_atp,0.10019769278441198,0.007279215814893819,0.8925230914006942
8,757,0.0,309228917.2082893,low_mi_high_atp,0.025813987644624895,0.0015358010935658058,0.9726502112618094
8,758,0.0,32854003.878042877,low_mi_high_atp,0.21262936004849536,0.014009378884984913,0.7733612610665198
8,759,0.0,20474849.43690868,low_mi_high_atp,0.472954377091305,0.02049700212047237,0.5065486207882225
8,760,0.0,9681560.424346484,low_mi_high_atp,0.9087764001626534,0.06001647375260724,0.03120712608473953
8,761,0.0,7099491.394511348,low_mi_high_atp,0.9130172250337992,0.08658643157544439,0.0003963433907564289
8,762,0.0,16874914.04374266,low_mi_high_atp,0.42889313087432906,0.07380660275339351,0.49730026637227753
8,765,0.0,7848772.414564769,low_mi_high_atp,0.9004557019233448,0.09461665255019003,0.004927645526465132
9,769,0.0,7080293.559953871,low_mi_high_atp,0.9456044662158206,0.05389630653164417,0.0004992272525351917
9,773,0.0,7821527.414994647,low_mi_high_atp,0.8771506747237336,0.11835199715358997,0.0044973281226762685
9,775,0.24011158302361144,11627252.985450886,low_mi_high_atp,0.7610334413116298,0.04027359324658865,0.19869296544178158
9,776,0.0,11064718.79067169,low_mi_high_atp,0.8351188712792804,0.07596829865987416,0.08891283006084544
9,777,0.4726595731110928,30832134.045021594,low_mi_high_atp,0.2342111689610221,0.041113359453478535,0.7246754715854994
9,778,0.05436373905660291,21014103.083844144,low_mi_high_atp,0.433667069268671,0.03172436605292206,0.534608564678407
9,779,0.0,8808789.867242076,low_mi_high_atp,0.9245334371504721,0.06604113161334563,0.009425431236182209
9,781,0.0,9311261.111333016,low_mi_high_atp,0.7974944033322193,0.017285410998046927,0.18522018566973378
9,782,0.6309412443480125,93349028.83546744,high_mi_high_atp,0.08084410279846845,0.008598378964254156,0.9105575182372774
9,786,0.0,11719006.720528947,low_mi_high_atp,0.9335426273566139,0.05743678398919368,0.009020588654192408
9,787,0.049237078402501966,14530103.09706081,low_mi_high_atp,0.8683490157145447,0.005703254505978057,0.12594772977947719
9,791,0.0,6961109.63851801,low_mi_high_atp,0.9316048481528668,0.06634604350413217,0.0020491083430010945
9,793,0.0,28343765.884951297,low_mi_high_atp,0.2503111246492984,0.03660569656310239,0.7130831787875992
9,795,0.0,6421915.195561598,low_mi_low_atp,0.8951747750117658,0.1042857137978528,0.0005395111903815038
9,796,0.0,48310170.48684672,low_mi_high_atp,0.1256465211260565,0.00999773443867543,0.864355744435268
9,802,0.0,7176088.50264034,low_mi_high_atp,0.911489368851722,0.07400264362959466,0.014507987518683313
9,803,0.0,7414995.384323463,low_mi_high_atp,0.9410917519907487,0.058026832524483485,0.0008814154847678254
9,805,0.0,7844703.773236741,low_mi_high_atp,0.9262401499890703,0.07310365667991879,0.000656193331010797
9,806,0.0,7379032.64067819,low_mi_high_atp,0.8659118708692259,0.13309332549874148,0.000994803632032675
9,807,0.0,11487456.385320107,low_mi_high_atp,0.6687276482933002,0.030307898004488822,0.300964453702211
9,810,0.0,9141067.184065808,low_mi_high_atp,0.9151222994708931,0.08457934719650322,0.00029835333260376144
9,812,0.0,28314646.85625832,low_mi_high_atp,0.2764722445400128,0.03396425152801627,0.689563503931971
9,814,0.0,65649952.95138812,low_mi_high_atp,0.1334108386059644,0.015321142676836876,0.8512680187171987
9,817,0.0,8168360.986914794,low_mi_high_atp,0.8502045450432133,0.1372675483628963,0.012527906593890489
9,821,0.0,9003860.291580863,low_mi_high_atp,0.9522310623219915,0.047492268025418546,0.0002766696525899421
9,823,0.5051895335746917,58732771.89463543,low_mi_high_atp,0.16456521054231885,0.013093798851828844,0.8223409906058523
9,824,0.0,23880225.484501243,low_mi_high_atp,0.34779526294914154,0.030578736518871517,0.6216260005319869
9,825,0.0,7032540.817718339,low_mi_high_atp,0.9171096114632047,0.08211777584157937,0.0007726126952160613
9,826,0.010537624509989046,14157123.38780136,low_mi_high_atp,0.7458816161380456,0.03656303871206751,0.21755534514988698
9,829,0.0,13320251.019959928,low_mi_high_atp,0.965214357060607,0.03453926078025562,0.00024638215913739685
9,830,0.0,6826250.428793197,low_mi_high_atp,0.9344584005509959,0.06465964075414694,0.0008819586948570888
9,831,0.0,18023650.289746054,low_mi_high_atp,0.4624999454903113,0.049565270202745204,0.48793478430694337
9,832,0.0,7978861.568499748,low_mi_high_atp,0.9691241181587129,0.030668900222638032,0.00020698161864903992
9,834,0.0,17191103.440272376,low_mi_high_atp,0.38264059701431447,0.0245504961635137,0.5928089068221717
9,838,0.5627487344863497,63314052.52802283,low_mi_high_atp,0.16301959982989211,0.006570872062656166,0.8304095281074517
9,842,0.0,151279790.32421196,low_mi_high_atp,0.039330293334831956,0.0073214174274041895,0.9533482892377638
9,843,0.0,9952952.106732408,low_mi_high_atp,0.9391216916210375,0.05961553305971528,0.0012627753192471524
9,844,0.0,6552948.345468302,low_mi_high_atp,0.8890354183437129,0.11019515726946809,0.0007694243868189656
9,846,0.0,8346544.302533971,low_mi_high_atp,0.9661445481338756,0.02397462347109995,0.009880828395024457
9,848,0.34038395951278777,8321654.973690446,low_mi_high_atp,0.8785877738323238,0.042588241979170986,0.07882398418850516
9,849,0.0,6677837.528329621,low_mi_high_atp,0.9318726706150492,0.06512712094511208,0.0030002084398387053
9,851,0.0039060116788910415,47924098.826694645,low_mi_high_atp,0.1502911879103563,0.01485646590436845,0.8348523461852752
9,852,0.0,6816635.6014131,low_mi_high_atp,0.9452702066062764,0.05433184227552252,0.00039795111820107194
9,853,0.0,7070126.328534874,low_mi_high_atp,0.9188957677480633,0.08027317537252208,0.000831056879414551
9,854,0.0,8568101.94109036,low_mi_high_atp,0.8576007135553285,0.13855801145072466,0.003841274993946736
9,855,0.0,15529722.471037418,low_mi_high_atp,0.5283555696513316,0.03326315308841107,0.43838127726025744
9,857,0.0,11169829.42830251,low_mi_high_atp,0.8097877221326923,0.09692247412963201,0.09328980373767555
9,860,0.0039060116788910415,32592803.93616461,low_mi_high_atp,0.185491787619053,0.024124435484158668,0.7903837768967884
9,862,0.0,9919265.189499144,low_mi_high_atp,0.9560714140250995,0.041176360934734445,0.002752225040165905
9,863,0.0,11801539.390424823,low_mi_high_atp,0.9263470215375748,0.06818394164794217,0.0054690368144831285
10,864,0.6309412443480125,7352554.408849565,high_mi_high_atp,0.9237590829631913,0.07519287830084444,0.0010480387359643284
10,865,0.0,43042745.9497509,low_mi_high_atp,0.22401680938039767,0.01663550853180332,0.759347682087799
10,866,0.0,9638508.333191222,low_mi_high_atp,0.7632481058141656,0.04418325721062219,0.1925686369752123
10,868,0.0,14467986.023179295,low_mi_high_atp,0.8582936562090436,0.03628286796708716,0.10542347582386927
10,869,0.0,7892362.209696614,low_mi_high_atp,0.9313404827081325,0.06464981569897915,0.004009701592888263
10,874,0.0039060116788910415,51770200.675585434,low_mi_high_atp,0.14485252852709823,0.008948868785275073,0.8461986026876267
10,875,0.0,7193495.116613753,low_mi_high_atp,0.9096917276989328,0.08925532474685235,0.0010529475542148472
10,877,0.0,7208654.193602736,low_mi_high_atp,0.9472596104915247,0.05207652298136871,0.0006638665271066075
10,879,0.0,7417923.978310742,low_mi_high_atp,0.9439247366926362,0.05212759671972988,0.003947666587633991
10,881,0.0,6818062.657017189,low_mi_high_atp,0.8990839513344694,0.10057935561248592,0.000336693053044728
10,882,0.0,37322260.35632274,low_mi_high_atp,0.1776471681845965,0.02424841025363456,0.798104421561769
10,883,0.17179332732076766,36932085.46753572,low_mi_high_atp,0.1987874914589402,0.019343669918881232,0.7818688386221785
10,885,0.0,96749278.68271159,low_mi_high_atp,0.07981744079203826,0.012037071068261816,0.9081454881397
10,886,0.0,6144060.26252287,low_mi_low_atp,0.9394201994582639,0.059474051287731484,0.001105749254004637
10,888,0.0,72253502.55977495,low_mi_high_atp,0.12523422940019568,0.014531778252490475,0.8602339923473138
10,893,0.0,9068883.300309155,low_mi_high_atp,0.8620775027388704,0.05108539506342479,0.08683710219770475
10,894,0.0,12563560.67712904,low_mi_high_atp,0.9531139246045744,0.04195883829500488,0.004927237100420522
10,901,0.0,11413363.188355656,low_mi_high_atp,0.9495863905316815,0.04858992657977789,0.0018236828885405895
10,904,0.6309412443480125,11545363.474058282,high_mi_high_atp,0.8612018260928156,0.0857627070493179,0.05303546685786668
10,905,0.0,23174900.433907345,low_mi_high_atp,0.3605622242692354,0.030880689663568724,0.6085570860671959
10,906,0.0,7170482.469490418,low_mi_high_atp,0.9474739816442622,0.05206802038587965,0.00045799796985811295
10,907,0.050939613646658666,57194020.98430543,low_mi_high_atp,0.14524346831049462,0.03369955873380482,0.8210569729557006
10,908,0.0,21260498.204618845,low_mi_high_atp,0.33284750030427807,0.02933284234419009,0.6378196573515318
10,909,0.0,16200765.29771329,low_mi_high_atp,0.8168980754755453,0.05031378218001326,0.1327881423444414
10,911,0.0,6486968.066591738,low_mi_low_atp,0.8933290652278428,0.10636304441018306,0.00030789036197412803
10,914,0.0,7039911.790333976,low_mi_high_atp,0.8460843529046471,0.15364824366504257,0.00026740343031044807
10,915,0.0,53484584.01559268,low_mi_high_atp,0.14329057373285234,0.0041286024489029394,0.8525808238182447
10,916,0.0,86527325.19853276,low_mi_high_atp,0.07770270763581322,0.01028574942293035,0.9120115429412565
10,917,0.0,18921506.796321668,low_mi_high_atp,0.38272083256505013,0.023444708456966317,0.5938344589779836
10,918,0.0,269123094.68646836,low_mi_high_atp,0.02450413768238662,0.0021607874333479274,0.9733350748842655
10,919,0.0,56890648.45838405,low_mi_high_atp,0.11218658224192292,0.009750241513126685,0.8780631762449503
10,921,0.0,7052726.864320781,low_mi_high_atp,0.922272531847685,0.07565863134709125,0.002068836805223755
10,923,0.010537624509989046,33277655.267909322,low_mi_high_atp,0.2898314123520849,0.02181214913893742,0.6883564385089777
10,924,0.0,25012278.514555376,low_mi_high_atp,0.34933535390355586,0.024648587593764454,0.6260160585026797
10,925,0.0,7294284.13397871,low_mi_high_atp,0.9179304373523913,0.0816723222876317,0.00039724035997686823
10,927,0.0039060116788910415,58484970.872517385,low_mi_high_atp,0.13599410481844637,0.009959910548172721,0.8540459846333809
10,928,0.0,8046509.819033303,low_mi_high_atp,0.9591205116141914,0.04070704305896983,0.0001724453268387276
10,929,0.0,9315383.019221101,low_mi_high_atp,0.7420443882979028,0.01190189786832667,0.24605371383377045
10,931,0.24011158302361144,14474515.59979435,low_mi_high_atp,0.6419609587926224,0.03604436654506124,0.32199467466231635
10,932,0.0,10765025.215577023,low_mi_high_atp,0.9911373593826004,0.007386772385510056,0.0014758682318896314
10,935,0.06274873448634988,253958280.8245551,low_mi_high_atp,0.025307397674600735,0.0016934830173941599,0.9729991193080051
10,936,0.0,6337356.718200963,low_mi_low_atp,0.9430512682455128,0.056734094975407226,0.00021463677907995892
10,937,0.0,7843782.381515697,low_mi_high_atp,0.9443766759954484,0.05008192797424739,0.005541396030304245
10,938,0.0,66607018.38659761,low_mi_high_atp,0.1374219340417563,0.008753218178709917,0.8538248477795338
10,940,0.5083849954297467,53832914.731825836,low_mi_high_atp,0.15422765892932797,0.010401706915724514,0.8353706341549475
10,941,0.0,11392107.324919952,low_mi_high_atp,0.8315388390566087,0.054417454298697876,0.11404370664469331
10,943,0.0,60677945.09317702,low_mi_high_atp,0.14534750711689992,0.0072850085765723245,0.8473674843065279
10,945,0.2294154011530165,74032261.17897859,low_mi_high_atp,0.11802007711282207,0.007927120114288175,0.8740528027728897
10,948,0.0,12489201.69543691,low_mi_high_atp,0.8630483932175202,0.03215222651078618,0.10479938027169351
10,951,0.5051895335746919,50574420.10537733,low_mi_high_atp,0.2131448348084556,0.008536157049236744,0.7783190081423076
10,952,0.0,7690821.398897698,low_mi_high_atp,0.7712816225153598,0.19905552789152725,0.02966284959311304
10,954,0.0,33590014.95705484,low_mi_high_atp,0.2724644581427054,0.0226452061658324,0.7048903356914621
10,955,0.0,12595941.731549788,low_mi_high_atp,0.5951972137499669,0.04792888380854443,0.35687390244148864
10,956,0.0,45406332.50087956,low_mi_high_atp,0.15969165107598515,0.015771420321442464,0.8245369286025724
10,957,0.0,6465452.019768395,low_mi_low_atp,0.8959030793033829,0.10063814269906754,0.003458777997549522
10,958,0.0,198433398.01236647,low_mi_high_atp,0.05967527985635125,0.002102967853126203,0.9382217522905225
11,964,0.0,9616794.771466782,low_mi_high_atp,0.9657066275331793,0.031744802934366156,0.002548569532454496
11,966,0.0,16843953.64172038,low_mi_high_atp,0.47513041828823427,0.038925061714824245,0.48594451999694144
11,967,0.0,10457477.358117754,low_mi_high_atp,0.8546866805402915,0.14428870976352304,0.0010246096961854458
11,968,0.0,11165163.564845687,low_mi_high_atp,0.9543278284647773,0.044745162035366604,0.0009270094998562139
11,973,0.0,17407279.356717594,low_mi_high_atp,0.3595324530221005,0.023817098904559575,0.6166504480733398
11,974,0.0,13555960.408523493,low_mi_high_atp,0.4665443601029903,0.031437920331894034,0.5020177195651156
11,975,0.0,16414269.143185435,low_mi_high_atp,0.6784301328914093,0.04493099447936522,0.27663887262922543
11,976,0.81966311988888,7817376.170384654,high_mi_high_atp,0.9371963442084238,0.05806747992526902,0.004736175866307182
11,977,0.0,44335364.56673211,low_mi_high_atp,0.21649236198224497,0.0031374920632066734,0.7803701459545485
11,978,0.0,17967186.361371916,low_mi_high_atp,0.4425893324035067,0.026784136062070113,0.5306265315344232
11,979,0.0,13859855.374408856,low_mi_high_atp,0.4370913557876519,0.04951949509705506,0.513389149115293
11,981,0.0,17715156.108111493,low_mi_high_atp,0.5321889640818838,0.04393096382959705,0.4238800720885191
11,983,0.0,12511467.138506984,low_mi_high_atp,0.8891854467627236,0.05188851061970271,0.05892604261757378
11,985,0.0,6124940.634455457,low_mi_low_atp,0.9340811420243212,0.06568778781520809,0.0002310701604705734
11,986,0.0,7160329.3825403415,low_mi_high_atp,0.9060527416833773,0.09195833755318086,0.001988920763441796
11,987,0.3331747759727274,23853233.765735388,low_mi_high_atp,0.5473922605944449,0.04347922206009513,0.40912851734545996
11,988,0.6309412443480125,26773711.113188393,high_mi_high_atp,0.441727466902318,0.03535017813565629,0.5229223549620255
11,991,0.0,41514141.39953752,low_mi_high_atp,0.20820911733742498,0.009084165964311846,0.7827067166982632
11,995,0.0,18650556.961416107,low_mi_high_atp,0.5374932613296785,0.06456207905558188,0.3979446596147396
11,996,0.0,22022459.95602583,low_mi_high_atp,0.35323754964539117,0.04018992317767223,0.6065725271769365
11,997,0.0,7710715.785011301,low_mi_high_atp,0.9805537932000089,0.018810658437087065,0.000635548362904019
11,999,0.11081000099916546,52565410.960316524,low_mi_high_atp,0.13994794539394065,0.016357921631385382,0.8436941329746739
11,1000,0.021896651513594323,37877545.863017365,low_mi_high_atp,0.2538154561344631,0.02809445440529074,0.7180900894602462
11,1001,0.0,46780635.823323496,low_mi_high_atp,0.19951156599795442,0.013844087869760404,0.7866443461322852
11,1002,0.06460982709111257,29463164.49428953,low_mi_high_atp,0.33946989968648944,0.03429978457105631,0.6262303157424544
11,1003,0.059774702912490985,33958450.67874045,low_mi_high_atp,0.2205636471235628,0.01915473052831481,0.7602816223481224
11,1004,0.0,6611576.803651277,low_mi_high_atp,0.8866032088042787,0.1126252219882028,0.0007715692075185428
11,1006,0.0,10791345.276766492,low_mi_high_atp,0.9293209826872955,0.0703725314568998,0.00030648585580467843
11,1008,0.5699579180264102,56697431.51726827,high_mi_high_atp,0.13651964047145185,0.014767484773743615,0.8487128747548046
11,1011,0.05436373905660308,74885806.62651247,low_mi_high_atp,0.1520299247476162,0.011048064894863851,0.8369220103575199
11,1014,0.049237078402501966,13071824.567205206,low_mi_high_atp,0.9467981673236976,0.05258745652492214,0.0006143761513802922
11,1015,0.0,10776100.841178834,low_mi_high_atp,0.6930558752882806,0.052843753389729964,0.2541003713219894
11,1017,0.0,12193184.059207756,low_mi_high_atp,0.4983339186944361,0.06147864890316932,0.44018743240239455
11,1018,0.0,25212983.656283394,low_mi_high_atp,0.30251238695649424,0.043468664443850065,0.6540189485996557
11,1019,0.5699579180264102,7904262.436130406,high_mi_high_atp,0.8803501000657108,0.06515627421877804,0.05449362571551126
11,1021,0.0,42386350.92852266,low_mi_high_atp,0.14407509014313616,0.01046179556679355,0.8454631142900703
11,1023,0.0,10117215.139878364,low_mi_high_atp,0.9449296956083034,0.05315702620866711,0.0019132781830295033
11,1026,0.3605152028616353,15955411.838933714,low_mi_high_atp,0.5262854623428483,0.06756013652400915,0.4061544011331425
11,1033,0.0,11205723.002237348,low_mi_high_atp,0.9312021898380151,0.06339475614504408,0.005403054016940787
11,1034,0.0,38973069.72359647,low_mi_high_atp,0.18714753408322954,0.016882755511489857,0.7959697104052806
11,1036,0.0,11244136.705228873,low_mi_high_atp,0.6952163808044131,0.04428579307235615,0.2604978261232308
11,1037,0.37402685894548227,63207629.61583591,low_mi_high_atp,0.19220908469725484,0.019083968381998623,0.7887069469207466
11,1038,0.0039060116788910415,53955142.7809855,low_mi_high_atp,0.12833562673284024,0.011459682949527785,0.8602046903176319
11,1039,0.0,71259991.52811506,low_mi_high_atp,0.1170021020717066,0.014316143405250515,0.8686817545230429
11,1040,0.0,49960269.422376364,low_mi_high_atp,0.16120815948671957,0.012216086886314922,0.8265757536269656
11,1041,0.5051895335746917,57779382.94638726,low_mi_high_atp,0.10708073787296789,0.007744415984585892,0.8851748461424462
11,1042,0.0,60208263.930799544,low_mi_high_atp,0.12359991849955382,0.008604987828929048,0.8677950936715171
11,1043,0.11081000099916546,19837981.27720323,low_mi_high_atp,0.30828807664133595,0.04539361402210972,0.6463183093365544
11,1044,0.0,18773765.201268286,low_mi_high_atp,0.3613200886020237,0.016841376261634063,0.6218385351363424
11,1045,0.0,31263962.61646298,low_mi_high_atp,0.22793742216931243,0.03005835208696135,0.7420042257437262
11,1046,0.0,44924243.340568416,low_mi_high_atp,0.14535935075948792,0.012280015546720582,0.8423606336937914
11,1047,0.0,7742575.376207496,low_mi_high_atp,0.9129804968335304,0.08445077681388095,0.002568726352588552
11,1048,0.0,6536438.698227527,low_mi_low_atp,0.9374063597356325,0.06124903933461766,0.0013446009297496872
11,1049,0.0,78025111.4360701,low_mi_high_atp,0.09153630219933603,0.007628353958002496,0.9008353438426615
11,1050,0.24011158302361144,58764409.33467158,low_mi_high_atp,0.09578850538153481,0.01045939502809002,0.8937520995903752
11,1051,0.0,255930653.12126526,low_mi_high_atp,0.04769202412473929,0.0020343809813329144,0.9502735948939277
11,1052,0.17179332732076766,85245218.05054966,low_mi_high_atp,0.07577615132584184,0.016739335736307634,0.9074845129378505
11,1053,0.0,39296758.56169359,low_mi_high_atp,0.16394543097192144,0.015339675123076985,0.8207148939050016
11,1055,0.0,15714164.318689352,low_mi_high_atp,0.4297427549822996,0.04762007219782529,0.5226371728198751
12,1056,0.0,8611911.930032702,low_mi_high_atp,0.9599867874420903,0.03923187020667204,0.0007813423512376871
12,1059,0.0,13778496.216204809,low_mi_high_atp,0.8739943153352816,0.041906394538854884,0.08409929012586355
12,1061,0.11081000099916546,14860110.154297253,low_mi_high_atp,0.6891001595787993,0.041435103333989885,0.26946473708721075
12,1063,0.0,11160804.203784313,low_mi_high_atp,0.9170901298066875,0.08199161907044011,0.0009182511228725439
12,1064,0.0,24127246.867265668,low_mi_high_atp,0.2618744067926678,0.03480003676039533,0.7033255564469368
12,1065,0.0,15291366.60499507,low_mi_high_atp,0.4927035963501302,0.019776877656130603,0.48751952599373916
12,1066,0.0,7906889.4761622185,low_mi_high_atp,0.8429856759702156,0.12479099613750763,0.032223327892276846
12,1068,0.0,13971875.229427,low_mi_high_atp,0.9770130262432104,0.02232195255501589,0.000665021201773682
12,1069,0.0,7832618.143450328,low_mi_high_atp,0.702486248857745,0.09921653272963124,0.1982972184126238
12,1070,0.0,30341758.590367846,low_mi_high_atp,0.22285918614503908,0.012622726999274735,0.7645180868556862
12,1077,0.2294154011530165,34355010.17484826,low_mi_high_atp,0.1942910223276809,0.032065378016838446,0.7736435996554807
12,1078,0.1717933273207677,70862290.28045206,low_mi_high_atp,0.08073140044414288,0.006028795758106025,0.9132398037977512
12,1083,0.0,23384812.47811072,low_mi_high_atp,0.25801541684011764,0.030093677911022382,0.7118909052488599
12,1085,0.22103040572326976,31609588.031010795,low_mi_high_atp,0.33127084047172106,0.023794515640634575,0.6449346438876443
12,1086,0.0,29098028.71204424,low_mi_high_atp,0.289082613198227,0.022700631149204464,0.6882167556525687
12,1087,0.0,12727790.832934245,low_mi_high_atp,0.6011228695161762,0.032454982252619766,0.36642214823120395
12,1090,0.24011158302361144,7801271.07485344,low_mi_high_atp,0.8869002390054251,0.062208470745168366,0.05089129024940644
12,1091,0.5083849954297467,17064649.114825662,low_mi_high_atp,0.4114952861761352,0.04133725036972014,0.5471674634541446
12,1092,0.20223353162471464,57867352.78089762,low_mi_high_atp,0.172060003538199,0.011855890410114114,0.8160841060516869
12,1096,0.0,7985211.348439567,low_mi_high_atp,0.9464109255487176,0.05273344695327189,0.0008556274980105572
12,1097,0.0039060116788910415,79392529.9617883,low_mi_high_atp,0.08947086277925331,0.007275990552666829,0.9032531466680798
12,1098,0.39608206781968325,31870369.07604979,low_mi_high_atp,0.2419789606100346,0.029171880102722564,0.7288491592872429
12,1101,0.42861202828328215,55092242.109474845,low_mi_high_atp,0.18777125596555405,0.016498560907297812,0.795730183127148
12,1102,0.0,120138238.69901149,low_mi_high_atp,0.08928333002008361,0.005482225529702737,0.9052344444502136
12,1103,0.0,31443108.848726604,low_mi_high_atp,0.2263790205586936,0.04071773292962151,0.7329032465116849
12,1104,0.6309412443480125,9421888.693880172,high_mi_high_atp,0.9219214060779188,0.07589666040407489,0.0021819335180063145
12,1105,0.0,6830929.101607673,low_mi_high_atp,0.9370608018811784,0.06226077691414738,0.0006784212046742303
12,1106,0.0,7175899.258595365,low_mi_high_atp,0.940596401470985,0.05820408136987495,0.0011995171591400358
12,1107,0.0,22827379.851317737,low_mi_high_atp,0.4641463125777339,0.028039816315725313,0.5078138711065407
12,1108,0.0,6902527.867050897,low_mi_high_atp,0.9427793194382502,0.0561673768735154,0.0010533036882344128
12,1111,0.5699579180264102,11895826.48920733,high_mi_high_atp,0.8056474692300932,0.0347668608196678,0.159585669950239
12,1113,0.0,9808977.084534429,low_mi_high_atp,0.9379038865082294,0.06004569423438503,0.002050419257385623
12,1117,0.0,42222618.63101892,low_mi_high_atp,0.2483979279999755,0.023457576854206377,0.7281444951458181
12,1118,0.0,8136733.990279829,low_mi_high_atp,0.9127969944920845,0.08494858425704097,0.0022544212508745338
12,1119,0.11081000099916546,28975282.6008646,low_mi_high_atp,0.2876642905158041,0.03552408695343503,0.6768116225307609
12,1122,0.0,15507814.338954054,low_mi_high_atp,0.5616012257699905,0.04917227897922914,0.3892264952507804
12,1123,0.0,12891070.648770787,low_mi_high_atp,0.5952554957989882,0.07245804133706542,0.3322864628639465
12,1127,0.3960820678196829,83689685.33951181,low_mi_high_atp,0.09454069210311208,0.005048600285652303,0.9004107076112357
12,1128,0.0,30526271.4743485,low_mi_high_atp,0.33394928953652186,0.013998055941043183,0.652052654522435
12,1132,0.24011158302361144,41764096.68898999,low_mi_high_atp,0.19699620294334294,0.02067844794469464,0.7823253491119625
12,1134,0.0,6606405.681430042,low_mi_high_atp,0.9356851450385946,0.06398010334793428,0.00033475161347115793
12,1135,0.0,24928507.50713184,low_mi_high_atp,0.23805986304608348,0.04902448684981701,0.7129156501040995
12,1137,0.0,358660514.10093987,low_mi_high_atp,0.0187820105881885,0.002015186379866039,0.9792028030319455
12,1139,0.0,47637882.49168552,low_mi_high_atp,0.15902406380236775,0.009444704348780909,0.8315312318488512
12,1140,0.0,28233008.17626764,low_mi_high_atp,0.3404248506287254,0.017883800449356647,0.6416913489219179
12,1142,0.6309412443480125,18209805.407407932,high_mi_high_atp,0.7212671529418379,0.04335018074972154,0.2353826663084406
12,1144,0.0,62719661.49588644,low_mi_high_atp,0.27371289963845336,0.01125079217796986,0.7150363081835768
12,1145,0.0,55405101.26237225,low_mi_high_atp,0.19129905102564013,0.015293490064178098,0.7934074589101817
12,1146,0.0,107123431.01971433,low_mi_high_atp,0.07583795970945474,0.0032207607375163223,0.920941279553029
12,1148,0.6036008174591047,344059476.78809845,high_mi_high_atp,0.03161846169452606,0.003216659411403786,0.9651648788940701
12,1149,0.0,57331824.79512319,low_mi_high_atp,0.10976868482458689,0.008499315485004145,0.8817319996904089
12,1150,0.33852286690802497,120183513.94930024,low_mi_high_atp,0.06744132387562751,0.0035691004190628855,0.9289895757053096
12,1151,0.45060436423689204,168388632.45444342,low_mi_high_atp,0.04133538825520168,0.004303529979309585,0.9543610817654887
13,1152,0.0,9168285.530507823,low_mi_high_atp,0.9876074266641612,0.011375142102418178,0.0010174312334203994
13,1158,0.81966311988888,7403454.726058525,high_mi_high_atp,0.9291625827108371,0.06567948319682756,0.005157934092335383
13,1159,0.20438616070495735,35811238.19651542,low_mi_high_atp,0.272144225508218,0.020414862266392695,0.7074409122253893
13,1160,0.6309412443480125,11334433.3294035,high_mi_high_atp,0.8010629499597084,0.04372335913145037,0.15521369090884127
13,1161,0.0,33729090.99035609,low_mi_high_atp,0.33142464342729505,0.02869130824497517,0.6398840483277298
13,1162,0.0,20812320.096785523,low_mi_high_atp,0.32361416311211266,0.024636607569441957,0.6517492293184454
13,1165,0.81966311988888,7556660.478081577,high_mi_high_atp,0.882955990964474,0.11365716864104844,0.003386840394477714
13,1166,0.0,27049764.333980817,low_mi_high_atp,0.2774980093692546,0.031656324069215,0.6908456665615305
13,1167,0.0,8681325.990273522,low_mi_high_atp,0.746763408157632,0.1086409983742037,0.14459559346816436
13,1168,0.0,6140425.067607202,low_mi_low_atp,0.9401118948380488,0.0587221359389791,0.0011659692229720985
13,1171,0.0,18677128.31362095,low_mi_high_atp,0.3003263114587368,0.02253980952374563,0.6771338790175175
13,1172,0.0,11395419.123545961,low_mi_high_atp,0.8910216881729736,0.08292538512426308,0.026052926702763404
13,1174,1.1393262397777593,8309675.54077427,high_mi_high_atp,0.8499142803071497,0.043928109225792156,0.10615761046705818
13,1176,0.0,123654006.10215327,low_mi_high_atp,0.08074970697115648,0.0043502274560200055,0.9149000655728236
13,1177,0.010537624509989046,63153244.265389115,low_mi_high_atp,0.16414896717019697,0.01398814145400218,0.8218628913758009
13,1179,0.0,6935973.00220438,low_mi_high_atp,0.9027244921640232,0.09665570440381761,0.0006198034321592111
13,1181,0.0,19420376.93933031,low_mi_high_atp,0.4489391987249756,0.017644294670726268,0.5334165066042982
13,1182,0.0,16316272.855206152,low_mi_high_atp,0.5651636911457152,0.025907242677107808,0.40892906617717695
13,1183,0.0,13286036.705073997,low_mi_high_atp,0.6450276962947253,0.0770057825079012,0.27796652119737353
13,1184,0.3605152028616353,46819389.50749728,low_mi_high_atp,0.1827583273221274,0.017478057699761268,0.7997636149781114
13,1185,0.0,13025961.674248323,low_mi_high_atp,0.8061078898715605,0.04666340762854497,0.14722870249989453
13,1188,0.17179332732076766,11897677.370748615,low_mi_high_atp,0.6196066027454631,0.0819607854086823,0.29843261184585457
13,1189,0.0,11687985.279117402,low_mi_high_atp,0.9088757525252953,0.015961461280811863,0.07516278619389281
13,1190,0.43180749013833714,27212500.770282894,low_mi_high_atp,0.2993867877595053,0.02958020330937742,0.6710330089311173
13,1191,0.049237078402501966,43013221.02355799,low_mi_high_atp,0.28629274342347505,0.009375073838284476,0.7043321827382405
13,1193,0.0,15844086.341447422,low_mi_high_atp,0.4157712726994849,0.06278874276409324,0.5214399845364219
13,1194,0.3331747759727274,34884772.42067021,low_mi_high_atp,0.28278024456393447,0.015486400620941945,0.7017333548151237
13,1195,0.0,20646129.312556237,low_mi_high_atp,0.44117236627207024,0.04709461626888757,0.5117330174590422
13,1198,0.0,10173394.32087372,low_mi_high_atp,0.9445953690333772,0.054140351954916274,0.0012642790117065824
13,1201,0.0,10246962.960682502,low_mi_high_atp,0.9642013944605251,0.033192644511923226,0.0026059610275516692
13,1202,0.050939613646658666,18408929.576391276,low_mi_high_atp,0.44002185392345755,0.07931258257677862,0.48066556349976397
13,1203,0.6309412443480125,5882497.538664511,high_mi_low_atp,0.9133175952344951,0.08505990747953661,0.0016224972859683023
13,1206,0.0,10682443.625086155,low_mi_high_atp,0.9768371874908658,0.021899174419427753,0.0012636380897064134
13,1208,0.0,9039861.743233258,low_mi_high_atp,0.8697479578382539,0.12523673617201056,0.005015305989735534
13,1209,0.5984741568050038,11271694.141894255,high_mi_high_atp,0.8608591014583108,0.047759632901725725,0.09138126563996347
13,1213,0.0,87989223.63712619,low_mi_high_atp,0.11824819208282175,0.013059156015725893,0.8686926519014524
13,1214,0.0039060116788910415,8045497.257696669,low_mi_high_atp,0.813673584003549,0.05437491160438521,0.13195150439206563
13,1216,0.0,12255076.44149893,low_mi_high_atp,0.6976304876884845,0.07883135687113729,0.22353815544037814
13,1219,0.0,15429245.790425947,low_mi_high_atp,0.4440444000999571,0.024193403129440127,0.5317621967706028
13,1220,0.0,54620122.80647992,low_mi_high_atp,0.13478807058204542,0.01301656914719121,0.8521953602707635
13,1221,0.0,93877938.15318811,low_mi_high_atp,0.06426142698761744,0.00954886098556076,0.9261897120268218
13,1223,0.0,37094793.554989636,low_mi_high_atp,0.20000394302875077,0.02357196242867251,0.7764240945425767
13,1224,0.0039060116788910415,21382773.6549454,low_mi_high_atp,0.3192493377057513,0.01055881953198786,0.670191842762261
13,1226,0.0,21259652.742552873,low_mi_high_atp,0.3592361530807357,0.02407278316564518,0.6166910637536192
13,1228,0.0,20904644.320186354,low_mi_high_atp,0.6228674634550386,0.005987678806810705,0.37114485773815054
13,1229,0.0,17192486.921080966,low_mi_high_atp,0.47615367668601866,0.02887786495114755,0.49496845836283393
13,1232,0.0,26135160.021611415,low_mi_high_atp,0.43258958664241925,0.023890104424841244,0.5435203089327395
13,1233,0.0,16215010.979698665,low_mi_high_atp,0.49718249934840325,0.06476427223400011,0.4380532284175966
13,1234,0.0039060116788910415,15046668.371520193,low_mi_high_atp,0.5339526521183655,0.04612779179100677,0.41991955609062775
13,1236,0.18017832275051465,62407687.9815991,low_mi_high_atp,0.11291014128922068,0.013641911724262592,0.8734479469865167
13,1237,0.0,23762877.229225688,low_mi_high_atp,0.22723221762622606,0.026925078795378768,0.7458427035783952
13,1239,0.5646098270911124,51430825.49154852,high_mi_high_atp,0.18027543275977723,0.020842339000399904,0.7988822282398229
13,1242,0.11081000099916546,47012596.17889942,low_mi_high_atp,0.1499878070257558,0.016138125314380643,0.8338740676598636
13,1244,0.5699579180264102,12265080.720646657,high_mi_high_atp,0.7469197947897386,0.03724634532171794,0.21583385988854334
13,1245,0.049237078402501966,87004059.6995584,low_mi_high_atp,0.07993055863988258,0.007366871897710665,0.9127025694624068
13,1246,0.0,593699653.1862532,low_mi_high_atp,0.011391986078499209,0.0015841827059331212,0.9870238312155677
13,1247,0.11081000099916546,410056089.44072944,low_mi_high_atp,0.016599869449973964,0.0008774202886927873,0.9825227102613332
14,1252,0.0039060116788910415,17075075.073142793,low_mi_high_atp,0.7089353067769023,0.07822935409177376,0.21283533913132394
14,1255,0.0,25169880.14275297,low_mi_high_atp,0.2504610041612667,0.02685842616315539,0.7226805696755778
14,1256,0.0,13905163.72221147,low_mi_high_atp,0.7314549321959584,0.038505473237568484,0.2300395945664733
14,1257,0.0,11135722.354005849,low_mi_high_atp,0.9522903778586616,0.047407622020723156,0.0003020001206153271
14,1260,0.0,21790412.754306927,low_mi_high_atp,0.6031678550979845,0.022714523023253698,0.3741176218787618
14,1261,0.3689001982913814,17531721.356429223,low_mi_high_atp,0.36920305730794795,0.04266870314059772,0.5881282395514543
14,1262,0.24011158302361144,33593952.33063815,low_mi_high_atp,0.401840914748292,0.03737204754347358,0.5607870377082345
14,1266,0.17179332732076766,94325504.29046664,low_mi_high_atp,0.11347723815631769,0.003540018157059421,0.8829827436866228
14,1267,0.0,7888284.106172417,low_mi_high_atp,0.750811909668992,0.10022556798235982,0.14896252234864815
14,1268,0.0,23935977.963013988,low_mi_high_atp,0.65629891078651,0.028306440455569747,0.3153946487579202
14,1269,0.0,19544610.120453026,low_mi_high_atp,0.4172051858837493,0.027909443688718068,0.5548853704275326
14,1270,0.3605152028616353,30587611.201466613,low_mi_high_atp,0.31510266990895397,0.011969302231940003,0.672928027859106
14,1272,0.5083849954297467,7910981.161151116,low_mi_high_atp,0.9501903544735826,0.043471116106878295,0.0063385294195390145
14,1274,0.13094124434801294,20718890.44815117,low_mi_high_atp,0.3818274511356652,0.03266585423853571,0.585506694625799
14,1276,0.0,6551445.404219202,low_mi_high_atp,0.9410622483592677,0.05817495831562571,0.0007627933251067901
14,1283,0.81966311988888,16046366.953832984,high_mi_high_atp,0.7223547643390095,0.036184897188853773,0.24146033847213674
14,1284,0.0,7177041.750628773,low_mi_high_atp,0.9439520842518081,0.053977067326536496,0.002070848421655433
14,1286,0.0,7539262.736494417,low_mi_high_atp,0.8984107543235808,0.10134793671014197,0.00024130896627729383
14,1287,0.0,10936555.257731976,low_mi_high_atp,0.9591215985397927,0.03999151076388232,0.0008868906963249895
14,1288,0.24011158302361144,6760564.051687482,low_mi_high_atp,0.9433936627436089,0.05561238582402693,0.0009939514323642719
14,1292,0.4608504522714016,68302012.44645934,low_mi_high_atp,0.11236164552237435,0.009449839886450206,0.8781885145911755
14,1295,0.13932623977775904,79586620.71623366,low_mi_high_atp,0.07355835074576089,0.018087597281598745,0.9083540519726404
14,1296,0.0,7027471.82691711,low_mi_high_atp,0.8679319617536307,0.13111890116754085,0.0009491370788283697
14,1297,0.0,6683345.362729671,low_mi_high_atp,0.9134607278543073,0.08581319314657337,0.0007260789991194038
14,1298,0.010537624509989046,15681465.065962968,low_mi_high_atp,0.4752215095462103,0.06732152992741113,0.45745696052637863
14,1299,0.0,21065199.485703785,low_mi_high_atp,0.32985979530936504,0.019384834274944678,0.6507553704156902
14,1300,0.0,45173728.54693831,low_mi_high_atp,0.1618145197188362,0.018273566619823687,0.8199119136613401
14,1301,0.0,25477695.689004872,low_mi_high_atp,0.3233898774888463,0.021845030484018924,0.6547650920271348
14,1302,0.0039060116788910415,10941003.469154049,low_mi_high_atp,0.8418801836184258,0.06298105104948082,0.09513876533209348
14,1303,0.0,18931327.316424992,low_mi_high_atp,0.37682868601250263,0.021453317279003875,0.6017179967084935
14,1304,0.5083849954297467,10449565.361237897,low_mi_high_atp,0.908479968184676,0.0614420417186062,0.03007799009671781
14,1308,0.5984741568050038,7492851.531544127,high_mi_high_atp,0.9138772508615483,0.0472106079009623,0.03891214123748941
14,1309,0.0,35237420.51740481,low_mi_high_atp,0.19575416454277098,0.014553532894269822,0.7896923025629592
14,1311,0.0,10819441.451748503,low_mi_high_atp,0.8772437996922587,0.05350510391892129,0.06925109638882006
14,1313,0.10894890839440247,34320071.01885198,low_mi_high_atp,0.18042521214126606,0.02296344594329634,0.7966113419154376
14,1315,0.0,18569352.886426706,low_mi_high_atp,0.6960202127951887,0.026108343756033513,0.27787144344877784
14,1316,0.0,10251037.82560185,low_mi_high_atp,0.6377715262325148,0.09741177402951179,0.26481669973797345
14,1317,0.0,22954447.962072182,low_mi_high_atp,0.3275364093812881,0.028870798903684776,0.643592791715027
14,1318,0.0,13363515.308870623,low_mi_high_atp,0.7313589108627994,0.033640896457104726,0.23500019268009592
14,1319,0.0,25198375.32423984,low_mi_high_atp,0.3170593290131206,0.018580638231744894,0.6643600327551344
14,1321,0.0,12155375.455029527,low_mi_high_atp,0.612600240282852,0.08546577325061658,0.3019339864665315
14,1323,0.0,6085937.353077095,low_mi_low_atp,0.9420377722311158,0.05620219109988972,0.0017600366689945824
14,1324,0.0039060116788910415,27749346.804026674,low_mi_high_atp,0.30326169782420814,0.01551550087323857,0.6812228013025533
14,1328,0.0,34659651.41617193,low_mi_high_atp,0.15790704669428762,0.01867704093314338,0.823415912372569
14,1329,0.0,14359622.059615644,low_mi_high_atp,0.49391200703028665,0.029228685122259377,0.47685930784745395
14,1331,0.33503586857749007,333005768.8303793,low_mi_high_atp,0.038019088617980625,0.005247882880166052,0.9567330285018534
14,1333,0.688563318180261,39366508.26397268,high_mi_high_atp,0.26347655865540426,0.013779331431931078,0.7227441099126647
14,1335,0.0,10801057.920835199,low_mi_high_atp,0.8450335883328278,0.02773131748570732,0.12723509418146492
14,1336,0.0,9846887.27604023,low_mi_high_atp,0.7080887187515429,0.10005608235217658,0.19185519889628053
14,1337,0.0,69360518.13532624,low_mi_high_atp,0.10895628759074721,0.018087368353053773,0.872956344056199
14,1340,0.0,44019230.869510956,low_mi_high_atp,0.15737056655459064,0.021375158290588742,0.8212542751548206
14,1341,0.0039060116788910415,87924376.3302172,low_mi_high_atp,0.11856408318497799,0.004232829649412974,0.877203087165609
14,1342,0.5627487344863497,265191462.924905,low_mi_high_atp,0.03897471528791176,0.00418333011307904,0.9568419545990092
14,1343,0.0,14683474.639073031,low_mi_high_atp,0.48031442877892105,0.07155098126147713,0.44813458995960176
15,1349,0.0,9318965.899617719,low_mi_high_atp,0.6456711384960347,0.034366592676007675,0.3199622688279574
15,1350,0.24011158302361144,6677714.805693492,low_mi_high_atp,0.8344669685885341,0.10702071600005812,0.05851231541140775
15,1352,0.010537624509989046,32594008.235185288,low_mi_high_atp,0.22194552477268564,0.012590973843621296,0.7654635013836931
15,1354,0.0,10130376.307280954,low_mi_high_atp,0.5180326289287224,0.03788872927039118,0.4440786418008866
15,1355,0.24011158302361144,7619250.056231516,low_mi_high_atp,0.9515287048277513,0.04595080533747171,0.002520489834777018
15,1357,0.0,14126459.168471977,low_mi_high_atp,0.4601755857851668,0.027314552679249354,0.5125098615355838
15,1358,0.0,68478054.71743551,low_mi_high_atp,0.10554139397867658,0.004462448025732749,0.8899961579955907
15,1359,0.5083849954297467,7972910.569896439,low_mi_high_atp,0.9255715027185711,0.07305147937470237,0.0013770179067265592
15,1362,0.24011158302361144,9873670.963265214,low_mi_high_atp,0.6826080177691501,0.04028670076722493,0.2771052814636249
15,1363,0.5984741568050038,29299344.39046835,high_mi_high_atp,0.31338158120047627,0.021660573196874953,0.6649578456026487
15,1364,0.0,9764883.868293066,low_mi_high_atp,0.8979181110980471,0.04438651648991191,0.057695372412040834
15,1365,0.0,12307906.596983096,low_mi_high_atp,0.5578423615372092,0.04942314663132068,0.3927344918314701
15,1367,0.0,7262987.824623386,low_mi_high_atp,0.9072787934223622,0.09247679949523331,0.00024440708240450865
15,1368,0.0,25543173.14767152,low_mi_high_atp,0.23812420217760763,0.022666774694558273,0.7392090231278341
15,1370,0.0,8802863.80542213,low_mi_high_atp,0.8902279976629932,0.030666654040529803,0.07910534829647714
15,1374,0.0039060116788910415,24600161.123893645,low_mi_high_atp,0.36059721392933286,0.043819016250524825,0.5955837698201424
15,1375,0.0,11059036.475811733,low_mi_high_atp,0.7483519909210328,0.0451863307988833,0.20646167828008397
15,1378,0.0,9394672.986547284,low_mi_high_atp,0.8722882573647125,0.07365258890141237,0.05405915373387511
15,1379,0.11081000099916546,6471299.893091733,low_mi_low_atp,0.9472355722893995,0.052291371461474806,0.0004730562491258515
15,1380,0.0,11290570.643224046,low_mi_high_atp,0.7868756382649204,0.04099565279903831,0.17212870893604135
15,1381,0.0,7755918.120364093,low_mi_high_atp,0.8580633240150891,0.04755021120929185,0.09438646477561899
15,1384,0.0,76178049.12626399,low_mi_high_atp,0.08840951093147396,0.00855321214927142,0.9030372769192546
15,1385,0.0,9666651.0726837,low_mi_high_atp,0.7581824702108361,0.05165176602239543,0.1901657637667686
15,1386,0.0,13010611.496068636,low_mi_high_atp,0.6017038133810023,0.02355304843315618,0.37474313818584143
15,1388,0.17179332732076766,6192123.823856263,low_mi_low_atp,0.8906121264762297,0.10678904037693855,0.0025988331468317382
15,1389,0.0,26139588.161009908,low_mi_high_atp,0.28275873572245663,0.016457986803567973,0.7007832774739755
15,1392,0.0,16649855.920062637,low_mi_high_atp,0.6744974871055215,0.03976050471021618,0.2857420081842624
15,1394,0.0,18581630.640050694,low_mi_high_atp,0.45170619011605195,0.05581112847975419,0.4924826814041937
15,1395,0.4589893596666389,72465688.96268144,low_mi_high_atp,0.09029963854676905,0.010806671467811788,0.8988936899854193
15,1396,0.0,12191575.549484398,low_mi_high_atp,0.9645627006406039,0.03470683594758622,0.0007304634118098805
15,1397,0.0,10823988.977898033,low_mi_high_atp,0.6485845165877386,0.06091896781738655,0.2904965155948749
15,1398,0.0,16121275.481253413,low_mi_high_atp,0.5394356582139985,0.0450396817402896,0.41552466004571187
15,1399,0.6309412443480125,9661278.820329912,high_mi_high_atp,0.8450167475730953,0.0818518220949516,0.07313143033195316
15,1401,0.0,8269739.699791638,low_mi_high_atp,0.9429324402466678,0.054766617193336795,0.0023009425599953837
15,1403,0.0,28910238.224986225,low_mi_high_atp,0.5630384205984134,0.03213233817562258,0.4048292412259641
15,1404,0.0,22744475.93803341,low_mi_high_atp,0.4505318410205263,0.027975234797622154,0.5214929241818516
15,1406,0.0,15154476.822088866,low_mi_high_atp,0.37720549230429234,0.036593047280690565,0.5862014604150171
15,1408,0.27561557506106943,11289974.697671661,low_mi_high_atp,0.9642116234932067,0.03297889098069805,0.002809485526095306
15,1411,0.5083849954297467,11928045.680059347,low_mi_high_atp,0.7941441707336726,0.0390073922768089,0.16684843698951843
15,1412,0.0,6298472.066417628,low_mi_low_atp,0.9534883345468681,0.04552107159506106,0.0009905938580708495
15,1413,0.0,12662911.244491933,low_mi_high_atp,0.9455180467292348,0.048840225787020956,0.005641727483744175
15,1414,0.0,10742187.856766736,low_mi_high_atp,0.658845438081928,0.04892068013824053,0.2922338817798315
15,1415,0.34038395951278777,41345806.14515915,low_mi_high_atp,0.21185267140467232,0.02614870782500309,0.7619986207703245
15,1417,0.04069352561214912,10978727.652940461,low_mi_high_atp,0.9746725704276404,0.022140363291046346,0.003187066281313032
15,1418,0.0039060116788910415,43734120.432039715,low_mi_high_atp,0.14944596038309776,0.02275267542930414,0.8278013641875981
15,1419,0.0,11949691.053159826,low_mi_high_atp,0.5636751942059876,0.03441519754501287,0.40190960824899963
15,1420,0.0,7821060.216925102,low_mi_high_atp,0.9249599648118921,0.06786651297866124,0.007173522209446652
15,1422,0.0,126267445.75523908,low_mi_high_atp,0.06602061309359451,0.008709142846150538,0.9252702440602549
15,1424,0.0,34848976.874441095,low_mi_high_atp,0.2277794922056741,0.011625947305523297,0.7605945604888025
15,1425,0.049237078402501966,19204863.72075931,low_mi_high_atp,0.48547890269123073,0.03463347849515901,0.47988761881361025
15,1427,0.0,9490832.575124994,low_mi_high_atp,0.9122569219647516,0.04671147470061255,0.04103160333463578
15,1429,0.0,23092125.21876096,low_mi_high_atp,0.485376835133213,0.02172867693966128,0.4928944879271257
15,1430,0.6309412443480125,9779110.74886403,high_mi_high_atp,0.9489069305618005,0.03920642562740503,0.011886643810794448
15,1431,0.0,12121037.239208909,low_mi_high_atp,0.6926884681468082,0.059828349396556735,0.2474831824566351
15,1434,0.0,38326835.58952522,low_mi_high_atp,0.1893714710181593,0.00599830279449448,0.8046302261873461
15,1435,0.0,134793410.86734712,low_mi_high_atp,0.08157482298089601,0.003168930077434509,0.9152562469416694
15,1436,0.0,24194858.810272332,low_mi_high_atp,0.5303588396229866,0.04101766292374748,0.428623497453266
15,1438,0.13932623977775904,207020333.8656019,low_mi_high_atp,0.07427594324367721,0.005840591299997124,0.9198834654563257
15,1439,0.0,167177649.99534658,low_mi_high_atp,0.04084015644380391,0.002712442018361032,0.9564474015378351
16,1440,0.0039060116788910415,7804173.706494761,low_mi_high_atp,0.913011647643371,0.07543821350705256,0.011550138849576435
16,1441,0.0,9877579.680246113,low_mi_high_atp,0.9144166734875047,0.08514073984269384,0.0004425866698014835
16,1443,0.6309412443480125,10832325.51452533,high_mi_high_atp,0.8328720111871644,0.061353426328106246,0.10577456248472938
16,1445,0.0,7531694.264203664,low_mi_high_atp,0.9381098753223239,0.059790965859459394,0.00209915881821672
16,1446,0.13094124434801294,7859902.289689767,low_mi_high_atp,0.9180533779070221,0.07016112910735087,0.011785492985626906
16,1448,0.34038395951278777,59122779.415325016,low_mi_high_atp,0.13631700931183505,0.01247452547815479,0.8512084652100101
16,1452,0.0,8084252.748660255,low_mi_high_atp,0.9408006768883905,0.0541890037905964,0.005010319321013096
16,1454,0.27561557506106943,41767097.68180916,low_mi_high_atp,0.17150121579418606,0.006950107042601745,0.8215486771632121
16,1455,0.0,16780843.73984215,low_mi_high_atp,0.3802222945420461,0.03289741417422958,0.5868802912837242
16,1461,0.0,106549579.91413686,low_mi_high_atp,0.11369151303455076,0.007893205113235364,0.8784152818522138
16,1462,0.0,8292647.980910538,low_mi_high_atp,0.7684705617756611,0.04432566722781131,0.18720377099652757
16,1464,0.0,11021271.804211818,low_mi_high_atp,0.7721206666415562,0.0924522172939418,0.13542711606450214
16,1465,0.0,10861836.88041187,low_mi_high_atp,0.841991469398881,0.04369753344984656,0.11431099715127234
16,1468,0.5083849954297467,8267145.4746356215,low_mi_high_atp,0.8408069289839434,0.10959133131037213,0.04960173970568452
16,1469,0.0,9870448.875891237,low_mi_high_atp,0.962705520057504,0.032580285089150014,0.004714194853346102
16,1471,0.0,9750501.802513156,low_mi_high_atp,0.8653118378377156,0.05355223564452303,0.08113592651776128
16,1472,0.0,16610520.701724513,low_mi_high_atp,0.5564229942550458,0.03566614003056408,0.40791086571439006
16,1475,0.34038395951278777,19381380.75844098,low_mi_high_atp,0.6252857210678673,0.025568744707477584,0.34914553422465516
16,1478,0.0,8910922.826442022,low_mi_high_atp,0.9242660520574542,0.07146174325034364,0.004272204692202236
16,1480,0.0,12811436.386396056,low_mi_high_atp,0.8954073822298041,0.09744708101734137,0.0071455367528545696
16,1482,0.0,11158105.109592384,low_mi_high_atp,0.5260208589972046,0.033871344311282935,0.4401077966915125
16,1483,0.0,13019686.907312319,low_mi_high_atp,0.8383691058979819,0.027101733858059203,0.1345291602439588
16,1484,0.6309412443480125,7437863.112345976,high_mi_high_atp,0.9403235284572128,0.05159786355044906,0.008078607992338194
16,1488,0.0,15552005.59466955,low_mi_high_atp,0.61109690265855,0.040104853009639396,0.3487982443318107
16,1489,0.0,5652775.748669363,low_mi_low_atp,0.9296349784642697,0.06927183375195888,0.0010931877837714564
16,1492,0.0,8841698.168667592,low_mi_high_atp,0.8876448142194558,0.11071164310286248,0.0016435426776816374
16,1495,0.0039060116788910415,9441480.661720267,low_mi_high_atp,0.8980062336457949,0.04890536354175619,0.053088402812448955
16,1497,0.0,28093422.054837793,low_mi_high_atp,0.226581637827467,0.01953579763292349,0.7538825645396096
16,1498,0.0039060116788910415,29242171.72585936,low_mi_high_atp,0.36108443556945785,0.020015576363801864,0.6188999880667403
16,1499,0.0,19727955.677677937,low_mi_high_atp,0.5930913400414323,0.02902775793721108,0.3778809020213566
16,1500,0.5984741568050038,40247791.00086749,high_mi_high_atp,0.2085569301968583,0.025691336128835802,0.7657517336743059
16,1501,0.0,9252693.580309037,low_mi_high_atp,0.7902677520112267,0.043586926846530344,0.166145321142243
16,1502,0.0,43228546.88882854,low_mi_high_atp,0.1862088115950516,0.008629767377963596,0.8051614210269848
16,1503,0.0,7197492.946810952,low_mi_high_atp,0.9268060497642185,0.06913508125304293,0.004058868982738465
16,1504,0.6309412443480125,9833085.292508466,high_mi_high_atp,0.6752245225881879,0.04558384952925981,0.2791916278825525
16,1506,0.0,9010357.094803035,low_mi_high_atp,0.7218242635996542,0.04472557715576178,0.2334501592445841
16,1507,0.0,13479440.925039973,low_mi_high_atp,0.7781794760462036,0.09916769127231004,0.1226528326814863
16,1511,0.24011158302361144,12555858.659113947,low_mi_high_atp,0.5459113294451289,0.02713100850401768,0.4269576620508534
16,1512,0.5984741568050038,10015553.08436575,high_mi_high_atp,0.9183641865153829,0.06253979154918968,0.019096021935427476
16,1515,0.0,32054474.511278387,low_mi_high_atp,0.2396613625972493,0.01260645993944172,0.747732177463309
16,1517,0.0,15979073.602716183,low_mi_high_atp,0.5323519720459382,0.04921698672437131,0.41843104122969055
16,1518,0.0,9275189.474219974,low_mi_high_atp,0.6690316926368483,0.108449127389238,0.2225191799739138
16,1519,0.0,8113913.323713779,low_mi_high_atp,0.9258146330581809,0.0709898916158881,0.003195475325931002
16,1520,0.6309412443480125,10535000.673491448,high_mi_high_atp,0.8897284661844366,0.0625993275425239,0.04767220627303936
16,1524,0.0,25925600.245771427,low_mi_high_atp,0.3250535651997977,0.039714153682126926,0.6352322811180753
16,1525,0.24011158302361144,29633522.093142357,low_mi_high_atp,0.36379652010423363,0.02687902712780126,0.6093244527679651
16,1526,0.0,15292654.550718257,low_mi_high_atp,0.5314907957733597,0.028781227811294916,0.4397279764153454
16,1527,0.19903806976965954,23840515.639462568,low_mi_high_atp,0.42275738826640974,0.03750513362729597,0.5397374781062941
16,1528,0.0,30913858.853619546,low_mi_high_atp,0.3097013068194277,0.019030636859105554,0.6712680563214668
16,1529,0.0,40812115.048114926,low_mi_high_atp,0.21701410523691814,0.00540032200548401,0.7775855727575978
16,1530,0.0,225883581.15771022,low_mi_high_atp,0.034359443954252826,0.0043440895421845436,0.9612964665035627
16,1531,0.0,8515244.097085584,low_mi_high_atp,0.9553149625587423,0.04244102907486845,0.002244008366389336
16,1532,0.0,8257139.283368626,low_mi_high_atp,0.782981189295363,0.06413139361333214,0.1528874170913048
16,1533,0.81966311988888,8486990.765933469,high_mi_high_atp,0.9151646822539934,0.06292054375105513,0.021914773994951484
16,1534,0.0,19814181.20579658,low_mi_high_atp,0.25129908032812937,0.03541587913793788,0.7132850405339327
16,1535,0.0,17446319.91514751,low_mi_high_atp,0.9417092389507653,0.05189580176379991,0.006394959285434798
17,1538,0.6309412443480125,6782253.421816307,high_mi_high_atp,0.9141200835044734,0.08473249225566047,0.001147424239866134
17,1539,0.3213656551330364,8559184.166186066,low_mi_high_atp,0.9324511867300356,0.06401114008669542,0.003537673183269124
17,1540,0.0,8241953.557283136,low_mi_high_atp,0.919335362500109,0.07999092662929168,0.0006737108705993029
17,1541,0.0,12200542.301247803,low_mi_high_atp,0.7090680124464878,0.06251922688131897,0.22841276067219335
17,1542,0.1717933273207677,12398962.911304884,low_mi_high_atp,0.7583701609729604,0.0935101285378091,0.1481197104892305
17,1543,0.17179332732076766,18612339.74365964,low_mi_high_atp,0.3761180472636056,0.03427189800950436,0.5896100547268901
17,1544,0.5083849954297467,8257063.364872774,low_mi_high_atp,0.757750985125065,0.06869836407715398,0.17355065079778104
17,1546,0.6309412443480125,30938785.021823034,high_mi_high_atp,0.19235954364446917,0.012776811157467271,0.7948636451980636
17,1548,0.0,37497809.130782455,low_mi_high_atp,0.18581128090808485,0.02596167693906029,0.7882270421528548
17,1549,0.42861202828328193,56262145.161955796,low_mi_high_atp,0.19070413599055192,0.01753364132864048,0.7917622226808075
17,1551,0.0,34801314.92904685,low_mi_high_atp,0.19930366590434348,0.020564321503478637,0.7801320125921779
17,1554,0.0,19367544.465496253,low_mi_high_atp,0.6310994640096187,0.029124306678237104,0.3397762293121441
17,1557,0.5083849954297467,8506259.708797228,low_mi_high_atp,0.9232102571792824,0.07389635639902388,0.002893386421693601
17,1558,0.6309412443480125,9851134.40343496,high_mi_high_atp,0.8905343707000567,0.06206297453592166,0.04740265476402163
17,1570,0.7347634920883144,14283784.65181752,high_mi_high_atp,0.5779632582452696,0.05437751752766024,0.36765922422707015
17,1571,0.5083849954297467,9664367.601116242,low_mi_high_atp,0.740626371773523,0.06356330406115221,0.19581032416532484
17,1572,0.0,7340714.841398948,low_mi_high_atp,0.9527705577005677,0.046310960874378686,0.0009184814250535994
17,1573,0.0039060116788910415,18676884.63735342,low_mi_high_atp,0.3514989856102606,0.04386592120056588,0.6046350931891735
17,1575,0.5699579180264102,8359574.979341397,high_mi_high_atp,0.8607213317723602,0.058935883252039106,0.08034278497560073
17,1581,0.0039060116788910415,14928948.105006017,low_mi_high_atp,0.7928487050829232,0.029146170319151808,0.1780051245979251
17,1591,0.0,15021348.570951374,low_mi_high_atp,0.4256418519050258,0.020894457732882198,0.5534636903620919
17,1594,0.34038395951278777,10150332.880873153,low_mi_high_atp,0.8221438557118234,0.0978271795249295,0.08002896476324706
17,1595,0.5699579180264102,9943024.17571501,high_mi_high_atp,0.9467151105128541,0.037993380253729,0.015291509233416878
17,1596,0.0,15108482.621536298,low_mi_high_atp,0.39242072819912666,0.026713001427043345,0.58086627037383
17,1597,0.049237078402501966,54364892.14014975,low_mi_high_atp,0.13944759438787255,0.01404295654982126,0.8465094490623062
17,1599,0.0,8292561.222037865,low_mi_high_atp,0.9429710254020446,0.054780543985317204,0.002248430612638246
17,1601,0.0,7748446.572954254,low_mi_high_atp,0.9550462265060649,0.04466456186300601,0.00028921163092914215
17,1604,0.24011158302361144,7820163.423584626,low_mi_high_atp,0.9341025043457535,0.06061437464695115,0.005283121007295242
17,1605,0.0,68367976.87429065,low_mi_high_atp,0.09209937323967197,0.014194767652037251,0.8937058591082909
17,1608,0.0,7728824.338181829,low_mi_high_atp,0.9562426085011182,0.04325894386905461,0.0004984476298271899
17,1609,0.5984741568050038,10394820.8376083,high_mi_high_atp,0.9397494613745762,0.052534358644256554,0.007716179981167272
17,1610,0.6309412443480125,11690244.56867918,high_mi_high_atp,0.7976960764191454,0.03876385834754456,0.16354006523331002
17,1612,0.0,5794331.342466541,low_mi_low_atp,0.940796669425009,0.058643844111760435,0.0005594864632307717
17,1613,0.0,14555590.087087426,low_mi_high_atp,0.6306106894960603,0.02273452328801877,0.346654787215921
17,1614,0.3605152028616353,9056175.329093078,low_mi_high_atp,0.6794804814858525,0.08153042034340637,0.23898909817074115
17,1615,0.0,31570184.01951788,low_mi_high_atp,0.21313200138721622,0.02344633407086401,0.7634216645419198
17,1617,0.0,25160566.48272211,low_mi_high_atp,0.3017174159748936,0.01681617767257684,0.6814664063525295
17,1618,0.6309412443480125,10078835.34762485,high_mi_high_atp,0.9333049293020051,0.05185766427279822,0.014837406425196664
17,1619,0.6309412443480125,10927033.600267649,high_mi_high_atp,0.8159836793809292,0.07847403106826614,0.10554228955080457
17,1626,0.0,21877441.552936662,low_mi_high_atp,0.4163646147009293,0.02276668526650691,0.5608687000325637
17,1627,0.0,31209292.68968453,low_mi_high_atp,0.2978327423531979,0.009345328276680097,0.692821929370122
17,1628,0.0039060116788910415,432985619.2289478,low_mi_high_atp,0.017931686828616775,0.0008337073227701591,0.9812346058486131
17,1630,0.0,10453183.21940729,low_mi_high_atp,0.6298233703299904,0.03633163424386293,0.3338449954261467
18,1632,0.6309412443480125,12845647.600484466,high_mi_high_atp,0.94180907374996,0.03117446398977612,0.027016462260263798
18,1636,0.5699579180264102,11914596.50595238,high_mi_high_atp,0.8057867219760301,0.035369454885066286,0.15884382313890366
18,1639,0.6309412443480125,9427119.924840348,high_mi_high_atp,0.9368486726941019,0.045550514516729604,0.017600812789168505
18,1640,0.6309412443480125,7807216.592010734,high_mi_high_atp,0.9366700246007778,0.06022687810219128,0.003103097297030892
18,1642,0.0,13770445.768164333,low_mi_high_atp,0.7044282830865578,0.08840598087342051,0.20716573604002173
18,1643,1.1393262397777593,6539199.81894989,high_mi_low_atp,0.9373611238649483,0.058172701800984314,0.004466174334067387
18,1644,0.27561557506106943,14632549.443264576,low_mi_high_atp,0.9182453228136807,0.07280152456844458,0.008953152617874782
18,1645,0.5083849954297467,12106293.223104108,low_mi_high_atp,0.8928795504292809,0.07169759535368421,0.03542285421703495
18,1646,0.43180749013833714,10025965.059598893,low_mi_high_atp,0.7623280326644123,0.08899742992864475,0.14867453740694303
18,1647,0.0039060116788910415,6240894.508080304,low_mi_low_atp,0.9102412186074752,0.08772421609139008,0.002034565301134533
18,1652,0.0,11395736.204019105,low_mi_high_atp,0.586100279931157,0.04199531560199956,0.3719044044668434
18,1654,0.0,8574882.541340306,low_mi_high_atp,0.824023081723568,0.07507457438349344,0.10090234389293862
18,1655,0.0,22331345.709551264,low_mi_high_atp,0.34772515427675366,0.023746463851760335,0.628528381871486
18,1656,0.0,12922353.925418526,low_mi_high_atp,0.5630088247291972,0.029919347998180898,0.4070718272726218
18,1661,0.0,24214731.692276757,low_mi_high_atp,0.4057278301631353,0.021333601618404904,0.5729385682184598
18,1662,0.6309412443480125,8630424.479348911,high_mi_high_atp,0.8422551577143977,0.04944863515981831,0.1082962071257838
18,1664,1.1393262397777593,32877558.554676194,high_mi_high_atp,0.1833195684548083,0.0172223604922588,0.7994580710529329
18,1665,0.0,13680892.661807133,low_mi_high_atp,0.8431981714588572,0.035249309510771966,0.12155251903037088
18,1666,0.0,6153574.350149176,low_mi_low_atp,0.922786772393373,0.07505790680527,0.0021553208013569704
18,1668,0.0,12790906.674202679,low_mi_high_atp,0.9551779764806496,0.0401213732854815,0.004700650233868946
18,1669,0.0,13656497.327397143,low_mi_high_atp,0.8367568715103497,0.040124112543771906,0.12311901594587833
18,1670,0.0,16161426.571173405,low_mi_high_atp,0.38563632539028353,0.02521021954136099,0.5891534550683555
18,1671,0.0,9858983.293355413,low_mi_high_atp,0.9358671392529857,0.052283461212270135,0.011849399534744176
18,1673,0.24011158302361144,7848107.880681122,low_mi_high_atp,0.8887486123739542,0.062462495037505096,0.04878889258854072
18,1675,0.0,33358840.75664758,low_mi_high_atp,0.23324456729910342,0.026136160494549837,0.7406192722063468
18,1677,0.0,8223667.35426548,low_mi_high_atp,0.9490401068368619,0.048577305676499635,0.002382587486638477
18,1679,0.5699579180264102,8936428.396377534,high_mi_high_atp,0.9335338832656391,0.061160129766296326,0.005305986968064613
18,1682,0.6309412443480125,11958312.34477073,high_mi_high_atp,0.7797599642023444,0.05493915348512414,0.16530088231253146
18,1683,0.0,17091629.86473347,low_mi_high_atp,0.8486372534777217,0.0270402556066424,0.1243224909156359
18,1689,0.0,27059766.41914535,low_mi_high_atp,0.2763229604831212,0.027189259713838513,0.6964877798030403
18,1690,1.1393262397777593,8811993.970321665,high_mi_high_atp,0.862987361305154,0.06291995298246117,0.07409268571238486
18,1691,0.7941837856047351,11447219.503645571,high_mi_high_atp,0.8711522987997237,0.05539230796821253,0.07345539323206375
18,1692,0.7941837856047351,10117711.382125199,high_mi_high_atp,0.653648010234393,0.043671647535854986,0.302680342229752
18,1694,0.0,11225490.975356465,low_mi_high_atp,0.8366098341278655,0.0398022539905198,0.12358791188161476
18,1696,0.81966311988888,9153409.853537556,high_mi_high_atp,0.9025593055313269,0.08614274406800972,0.011297950400663411
18,1697,0.0,18293143.244667463,low_mi_high_atp,0.39280944570151094,0.02193764249244843,0.5852529118060407
18,1698,0.5984741568050038,9693896.181344468,high_mi_high_atp,0.917197442569567,0.07928762339261916,0.003514934037813717
18,1701,0.5083849954297467,7499617.8680384215,low_mi_high_atp,0.8563013062048994,0.060971395201427574,0.082727298593673
18,1703,0.6309412443480125,10517896.279928494,high_mi_high_atp,0.7121914930871925,0.09300000196172502,0.1948085049510824
18,1704,0.0,5645212.722822233,low_mi_low_atp,0.942109218847735,0.05016337489844207,0.007727406253822948
18,1706,0.0,14135383.314276814,low_mi_high_atp,0.6969319019290462,0.02239425934826205,0.2806738387226917
18,1708,0.0,72719633.55078298,low_mi_high_atp,0.09590173849946704,0.006729995784302725,0.8973682657162303
18,1709,0.0,17171068.9562679,low_mi_high_atp,0.6291882119210489,0.018816042489392688,0.3519957455895585
18,1712,0.5699579180264102,11886578.730198013,high_mi_high_atp,0.7730546012769983,0.0395980780453606,0.18734732067764104
18,1713,0.5083849954297467,7390945.938177814,low_mi_high_atp,0.9201707500480497,0.0785863854757526,0.0012428644761977158
18,1714,0.6309412443480125,11301005.065936437,high_mi_high_atp,0.8008557388940953,0.04355842939390456,0.1555858317120002
18,1718,0.6309412443480125,8202094.3562704045,high_mi_high_atp,0.8143846749871672,0.055883911113194136,0.12973141389963874
18,1719,0.0,91607044.58534724,low_mi_high_atp,0.07525180906889499,0.008610547673371608,0.9161376432577334
18,1720,0.0,17725558.276052907,low_mi_high_atp,0.8242157934633101,0.03809352512609156,0.13769068141059837
18,1721,0.6309412443480125,7376343.185336282,high_mi_high_atp,0.9222194078488996,0.07673373792329398,0.0010468542278064047
18,1722,0.5699579180264102,8404987.481223438,high_mi_high_atp,0.8382025356108973,0.09941666694391839,0.06238079744518433
18,1723,1.1393262397777593,11153463.10588841,high_mi_high_atp,0.8246349278553385,0.05823896984765858,0.11712610229700288
18,1725,0.3605152028616353,11169116.738350717,low_mi_high_atp,0.66031959241363,0.0458494471662314,0.2938309604201385
19,1728,0.0,17273749.202207033,low_mi_high_atp,0.3836434155227288,0.03435524827999098,0.5820013361972803
19,1729,0.0,9426754.09749755,low_mi_high_atp,0.9394871568574711,0.042224574585705436,0.018288268556823566
19,1730,0.7941837856047351,11678830.265870055,high_mi_high_atp,0.8612515037492663,0.0593149092050958,0.07943358704563794
19,1731,0.24011158302361144,9796449.258061102,low_mi_high_atp,0.6834807773644757,0.04641490526014736,0.270104317375377
19,1733,0.0039060116788910415,84725197.99872766,low_mi_high_atp,0.08647827141315552,0.006080680350891865,0.9074410482359526
19,1734,0.0,42281798.77504306,low_mi_high_atp,0.17035497052894905,0.005413699252787477,0.8242313302182634
19,1738,0.6309412443480125,7539626.376778382,high_mi_high_atp,0.8764859675152471,0.11829238260742332,0.005221649877329601
19,1741,0.6309412443480125,6907169.499897657,high_mi_high_atp,0.9029404690674881,0.09442652060489917,0.0026330103276126244
19,1742,0.24011158302361144,6102857.22252436,low_mi_low_atp,0.9316016895052869,0.06122108538519196,0.0071772251095212425
19,1743,0.6309412443480125,13927264.545197876,high_mi_high_atp,0.9467680155902869,0.027265541829187213,0.025966442580525943
19,1744,0.8689001982913815,8773137.041460015,high_mi_high_atp,0.9362463323454528,0.060687699764561134,0.003065967889986131
19,1745,0.5984741568050038,7015018.15056917,high_mi_high_atp,0.9242542086852109,0.07221827717772401,0.003527514137065101
19,1746,0.5083849954297467,11692872.409391634,low_mi_high_atp,0.8188883600905308,0.07973831487794106,0.1013733250315282
19,1747,0.6309412443480125,15325722.628491584,high_mi_high_atp,0.5811213255697741,0.06077417363770289,0.35810450079252293
19,1748,0.6309412443480125,9472065.16649607,high_mi_high_atp,0.9359831460536452,0.05100890840671046,0.01300794553964434
19,1751,0.5083849954297467,7399626.905853459,low_mi_high_atp,0.9399603361700596,0.05169817627723838,0.008341487552701988
19,1753,0.0,14893147.892583294,low_mi_high_atp,0.4596683461562983,0.03929401179206873,0.501037642051633
19,1754,0.0,9933585.489095675,low_mi_high_atp,0.8080313296943604,0.05013476267157694,0.14183390763406267
19,1755,0.43180749013833714,9849207.853262676,low_mi_high_atp,0.885808536875059,0.061791986006755034,0.05239947711818597
19,1762,0.0,8806695.136142043,low_mi_high_atp,0.7654703559934803,0.049673951227190934,0.1848556927793288
19,1763,0.24011158302361144,8531380.736280238,low_mi_high_atp,0.8268523140714463,0.050785457620534415,0.1223622283080191
19,1765,0.5699579180264102,7804210.928931454,high_mi_high_atp,0.9242494407368111,0.06820076056088988,0.007549798702299053
19,1767,0.0,11412899.495075509,low_mi_high_atp,0.6341904672305745,0.029287614819673097,0.3365219179497525
19,1768,0.0,9731530.442760263,low_mi_high_atp,0.7052941452901136,0.04617340844687165,0.2485324462630147
19,1769,0.5984741568050038,7367847.8558524735,high_mi_high_atp,0.8600691516664124,0.07241281666388164,0.06751803166970591
19,1771,0.34038395951278777,8688986.302608341,low_mi_high_atp,0.7925926052322062,0.04159551543120004,0.16581187933659375
19,1772,0.0,11914225.995393744,low_mi_high_atp,0.6051026605835647,0.034463048036468526,0.36043429137996674
19,1776,0.0,11296871.196745202,low_mi_high_atp,0.6689793645345012,0.033492548163810185,0.29752808730168867
19,1778,0.13094124434801294,13696145.3103072,low_mi_high_atp,0.3954461320756485,0.04313557537606603,0.5614182925482853
19,1779,0.2430856145974703,10806396.991740385,low_mi_high_atp,0.6277077880147254,0.05370776635588484,0.31858444562938976
19,1781,0.0,41911220.28739661,low_mi_high_atp,0.18769047234363892,0.009290370080261493,0.8030191575760995
19,1782,0.34038395951278777,8362669.859521724,low_mi_high_atp,0.8285393031020534,0.05257506709009569,0.11888562980785092
19,1785,0.24011158302361144,6477950.048828258,low_mi_low_atp,0.8681856660768661,0.12988160257265977,0.0019327313504741142
19,1787,0.4608504522714016,29762098.732938748,low_mi_high_atp,0.2303363793608368,0.01603868329563025,0.753624937343533
19,1788,0.0,7425162.604473631,low_mi_high_atp,0.9003487980988308,0.060418796011578894,0.039232405889590254
19,1789,0.0,12431809.950874167,low_mi_high_atp,0.6170273238767469,0.038467754149048725,0.3445049219742044
19,1792,0.0039060116788910415,37207565.64548651,low_mi_high_atp,0.19300356475966265,0.007682871555111184,0.7993135636852262
19,1793,0.6309412443480125,11594986.779001154,high_mi_high_atp,0.8491774606532658,0.05408424159148004,0.09673829775525418
19,1798,0.6138469054936143,13456431.830366636,high_mi_high_atp,0.4856521895737005,0.041586918231769875,0.47276089219452966
19,1799,0.5699579180264102,10867293.988506135,high_mi_high_atp,0.9629282900534254,0.03675566876852703,0.00031604117804759753
19,1801,0.0039060116788910415,10695435.672292963,low_mi_high_atp,0.8218854453551904,0.04288249250709845,0.13523206213771122
19,1802,0.6309412443480125,7282194.475176729,high_mi_high_atp,0.9193716635245708,0.07755297841798119,0.0030753580574479746
19,1803,0.5699579180264102,6977241.9610484615,high_mi_high_atp,0.9106266926580066,0.08695446123786273,0.0024188461041307324
19,1804,0.5984741568050038,11421129.712248815,high_mi_high_atp,0.8309766919474213,0.05216493759827364,0.11685837045430504
19,1807,0.5083849954297467,7509668.747245596,low_mi_high_atp,0.9675161843024277,0.029347140886134455,0.003136674811437874
19,1808,0.0,17827922.250526544,low_mi_high_atp,0.4365587116404277,0.03763156327954387,0.5258097250800284
19,1811,0.6309412443480125,9578373.630165596,high_mi_high_atp,0.9575510657050588,0.041190478453229026,0.0012584558417123152
19,1814,0.0,12722593.82199535,low_mi_high_atp,0.5261501698747716,0.051640593497017016,0.42220923662821136
19,1816,1.4589893596666386,49704407.68098243,high_mi_high_atp,0.19691411915521753,0.012278794939676017,0.7908070859051065
19,1817,0.24011158302361144,8685211.11640883,low_mi_high_atp,0.8119212684032491,0.040685883620379594,0.14739284797637128
19,1820,0.0,19680552.200418312,low_mi_high_atp,0.3398257348381029,0.021848565397619965,0.638325699764277
19,1821,0.0,8413159.22733512,low_mi_high_atp,0.839197941511667,0.03228498740055802,0.12851707108777477
19,1822,0.010537624509989046,18494754.73167204,low_mi_high_atp,0.3089159891091156,0.0304588226400667,0.6606251882508177
20,1828,0.34038395951278777,6030990.125116229,low_mi_low_atp,0.8738853459704375,0.07296850511224703,0.0531461489173154
20,1830,0.0,11049624.278231138,low_mi_high_atp,0.9459895292530933,0.04118662646089715,0.012823844286009484
20,1831,0.6309412443480125,11203976.602348225,high_mi_high_atp,0.8655381091004971,0.03666215324678828,0.0977997376527145
20,1833,0.81966311988888,8461682.407165777,high_mi_high_atp,0.9093689439695815,0.05928778054243798,0.031343275487980486
20,1836,0.6309412443480125,12592227.76029701,high_mi_high_atp,0.9693185773552324,0.028785057564217724,0.0018963650805498848
20,1838,0.6309412443480125,7124774.125151155,high_mi_high_atp,0.9248598221445974,0.07413370903709772,0.0010064688183050092
20,1839,0.0,13924557.899871476,low_mi_high_atp,0.9580708914952138,0.041274405713855926,0.0006547027909303025
20,1842,0.6309412443480125,5742399.514631928,high_mi_low_atp,0.9200033245753935,0.0782484019686917,0.0017482734559148155
20,1843,0.049237078402501966,56846313.305586785,low_mi_high_atp,0.11181706984155923,0.012412332468061789,0.875770597690379
20,1844,0.24011158302361144,6116769.17447688,low_mi_low_atp,0.9317203250928953,0.06245644852945646,0.005823226377648351
20,1846,0.0,8039288.468461333,low_mi_high_atp,0.9385942841217101,0.058469166522777456,0.002936549355512458
20,1847,0.22103040572326976,10674659.567449883,low_mi_high_atp,0.9600143941924943,0.03867784600192504,0.0013077598055806674
20,1848,0.2294154011530165,27824920.94302851,low_mi_high_atp,0.1936283022812582,0.012620222806532555,0.7937514749122092
20,1850,0.6309412443480125,32636723.836793598,high_mi_high_atp,0.24570530180227754,0.01629820879488267,0.7379964894028399
20,1853,0.0,12282162.98561285,low_mi_high_atp,0.8658444190060757,0.03660011136894041,0.09755546962498385
20,1854,0.9643374506019364,7333414.990169352,high_mi_high_atp,0.9251931914380602,0.07450067772580787,0.00030613083613182615
20,1856,0.24011158302361144,8036197.947806673,low_mi_high_atp,0.9302346777649393,0.06752559655621776,0.0022397256788429243
20,1858,0.868900198291382,7021752.070199043,high_mi_high_atp,0.9380328042168993,0.05714922445321462,0.0048179713298861305
20,1859,0.34038395951278777,21884402.652934052,low_mi_high_atp,0.41650049391835975,0.0338649340344885,0.5496345720471517
20,1862,0.0,21244387.398149043,low_mi_high_atp,0.3058036488233859,0.03406620342139566,0.6601301477552184
20,1864,0.24011158302361144,20278508.54969646,low_mi_high_atp,0.34805543848726106,0.024473068711751148,0.6274714928009879
20,1865,1.1393262397777593,63630778.59748897,high_mi_high_atp,0.123033579680454,0.008314904649252811,0.8686515156702932
20,1867,0.6309412443480125,8707737.410628082,high_mi_high_atp,0.8140386838645857,0.08220367273198437,0.10375764340343009
20,1869,0.0,7499834.150424037,low_mi_high_atp,0.9295111622322414,0.0685832983292037,0.001905539438554925
20,1870,0.0,13079493.58116484,low_mi_high_atp,0.5401686701542371,0.027180244987051544,0.43265108485871134
20,1872,0.24011158302361144,7571310.041371155,low_mi_high_atp,0.9483392684353928,0.04908407218637018,0.002576659378236979
20,1873,0.0,9793352.79111252,low_mi_high_atp,0.7441855800508222,0.04593095229015016,0.20988346765902757
20,1874,1.1393262397777593,45390244.90842194,high_mi_high_atp,0.2001058083960965,0.019244250665049055,0.7806499409388545
20,1876,0.0,27910078.203219336,low_mi_high_atp,0.29852111356471145,0.020816524212540616,0.680662362222748
20,1881,0.34038395951278777,7109320.011827377,low_mi_high_atp,0.9391426561234162,0.05909991810896117,0.0017574257676226963
20,1882,0.6309412443480125,10060257.558138343,high_mi_high_atp,0.8972482232465823,0.10150517511105639,0.001246601642361382
20,1886,0.6309412443480125,10281961.828343846,high_mi_high_atp,0.9385369112876163,0.05938013214236179,0.0020829565700218504
20,1888,0.6309412443480125,7677063.879613763,high_mi_high_atp,0.9388901603480095,0.05485736316856115,0.006252476483429261
20,1889,0.5699579180264102,10639472.932355681,high_mi_high_atp,0.8438570478512838,0.05063188822156966,0.10551106392714661
20,1890,0.0,31595807.00742623,low_mi_high_atp,0.26377005038175133,0.013325146952860347,0.7229048026653884
20,1892,1.1393262397777593,6536882.861071155,high_mi_low_atp,0.935596138293168,0.051093198563838614,0.013310663142993423
20,1893,0.6309412443480125,6919206.653028788,high_mi_high_atp,0.9144066058118453,0.08296374381829624,0.0026296503698584853
20,1894,0.0,14305840.456246313,low_mi_high_atp,0.44774812426498345,0.04504714488999504,0.5072047308450215
20,1895,1.1393262397777593,34083844.330474816,high_mi_high_atp,0.19259658718663838,0.016970861039451047,0.7904325517739107
20,1899,0.0,26078642.80222156,low_mi_high_atp,0.23955075408221727,0.01647547930910357,0.7439737666086791
20,1900,0.0,26151132.25444485,low_mi_high_atp,0.2699465905091078,0.026538586505415244,0.703514822985477
20,1901,0.0,7531119.133914494,low_mi_high_atp,0.9541840264257454,0.04356069626764292,0.0022552773066116436
20,1902,1.1393262397777593,6531382.155473559,high_mi_low_atp,0.9355774594423679,0.059460539150440674,0.004962001407191384
20,1908,0.27026748412577184,7634656.224389995,low_mi_high_atp,0.8005372072101372,0.0959185298766859,0.10354426291317692
20,1910,0.0,10193227.79808216,low_mi_high_atp,0.968091119349049,0.027293394682621444,0.004615485968329437
20,1911,1.1393262397777593,11736516.059794577,high_mi_high_atp,0.8744833538038185,0.053337777933913935,0.07217886826226756
20,1912,0.5984741568050038,10515548.13828324,high_mi_high_atp,0.9326391241427833,0.06447265396018538,0.002888221897031258
20,1913,0.6309412443480125,10901370.176964615,high_mi_high_atp,0.7680661822661586,0.033168323607672676,0.1987654941261686
20,1914,0.0,19370308.930838943,low_mi_high_atp,0.38669541159294124,0.02368620133225341,0.5896183870748054
20,1915,0.0,12922499.557218976,low_mi_high_atp,0.6290352710820195,0.03690525924084781,0.33405946967713274
20,1916,0.6309412443480125,9473537.793682197,high_mi_high_atp,0.9573966631155388,0.041326650886041844,0.001276685998419371
20,1917,0.6309412443480125,6062552.205973735,high_mi_low_atp,0.905404797965528,0.0925892590975071,0.0020059429369649225
20,1919,0.13932623977775904,7906046.850649913,low_mi_high_atp,0.9049991262625979,0.06048682476552843,0.0345140489718735
21,1920,0.6309412443480125,7104265.41746663,high_mi_high_atp,0.9613720310140662,0.037996115998992996,0.000631852986940722
21,1921,0.6309412443480125,6304429.864840625,high_mi_low_atp,0.8715969037204214,0.1265073355683236,0.001895760711254833
21,1923,1.1393262397777593,7862095.351241913,high_mi_high_atp,0.9351335754457591,0.056175917121209916,0.00869050743303096
21,1925,0.0039060116788910415,7300069.572881398,low_mi_high_atp,0.8786987215534817,0.11763537339608154,0.00366590505043673
21,1926,0.6309412443480125,6546309.16502401,high_mi_low_atp,0.8957982864136198,0.06407597035216768,0.04012574323421252
21,1928,0.6393262397777595,11054259.109500904,high_mi_high_atp,0.8677907065260092,0.05618439189315158,0.07602490158083923
21,1932,0.5699579180264102,7881832.75980116,high_mi_high_atp,0.8934422389565874,0.10441881128922738,0.002138949754185232
21,1935,0.0039060116788910415,7501067.632500392,low_mi_high_atp,0.9282567787374961,0.07144405575940116,0.0002991655031027921
21,1938,1.1393262397777593,6480565.347992686,high_mi_low_atp,0.9341552559219085,0.06197891653679384,0.0038658275412975355
21,1939,1.1393262397777593,6586785.098119446,high_mi_high_atp,0.9335992462440047,0.06308771271322249,0.0033130410427729094
21,1944,0.0,15934993.15156576,low_mi_high_atp,0.3703823832882842,0.02839351101925473,0.6012241056924611
21,1947,0.7941837856047351,11540136.719292548,high_mi_high_atp,0.8259699405012483,0.05326961671511742,0.12076044278363439
21,1953,0.5083849954297467,7907228.748640287,low_mi_high_atp,0.8952504815679738,0.10342655683391236,0.0013229615981137858
21,1954,0.45060436423689204,7665551.74098046,low_mi_high_atp,0.9421494935504079,0.05698717284324934,0.0008633336063427073
21,1955,0.6309412443480125,7420090.6319880085,high_mi_high_atp,0.9490134249619641,0.048902302126213604,0.0020842729118223397
21,1956,0.5984741568050038,6751807.593922298,high_mi_high_atp,0.9461085853067983,0.05067665880907636,0.0032147558841252744
21,1957,0.0,7692107.805702489,low_mi_high_atp,0.806292091520054,0.06414484540837516,0.12956306307157087
21,1958,0.7941837856047351,9077261.16130064,high_mi_high_atp,0.9059723314277423,0.08634702931684463,0.007680639255413325
21,1962,0.0039060116788910415,31674936.861857183,low_mi_high_atp,0.2639324348852436,0.018462004299095842,0.7176055608156605
21,1964,0.7941837856047351,8096168.246134773,high_mi_high_atp,0.8562959700683326,0.04455578881640456,0.09914824111526285
21,1965,1.1393262397777593,8691207.170431722,high_mi_high_atp,0.8978488307963278,0.09867192594429544,0.0034792432593766594
21,1966,0.6635340777322021,44765352.7633024,high_mi_high_atp,0.21036541155794775,0.009984821862077239,0.779649766579975
21,1967,0.24011158302361144,12695654.976922767,low_mi_high_atp,0.5535029705669127,0.038356361645323266,0.4081406677877641
21,1968,0.6309412443480125,7146269.876798284,high_mi_high_atp,0.927190882578774,0.07042946879314715,0.0023796486280788526
21,1970,0.0,12143534.46027868,low_mi_high_atp,0.5042818241525524,0.046114835789130705,0.4496033400583169
21,1972,1.1393262397777593,25934434.80159971,high_mi_high_atp,0.23297958851778977,0.019711591641342584,0.7473088198408676
21,1973,0.1717933273207677,7311237.545067937,low_mi_high_atp,0.874937400581527,0.05496788501526626,0.07009471440320666
21,1975,0.3605152028616353,10911469.24380343,low_mi_high_atp,0.9398266761230762,0.05738995104985936,0.002783372827064323
21,1977,0.0,12229199.649094021,low_mi_high_atp,0.644432699603457,0.03953228647126641,0.31603501392527666
21,1978,0.0,14207993.682735551,low_mi_high_atp,0.48069987328388536,0.026551600522073185,0.4927485261940414
21,1980,0.5083849954297467,6027934.333521093,low_mi_low_atp,0.8931704299386541,0.1051911633549796,0.0016384067063662246
21,1981,0.15469898846636976,66118146.81567646,low_mi_high_atp,0.08856454748966443,0.00646906743369149,0.9049663850766441
21,1985,0.0,7247095.608638199,low_mi_high_atp,0.9358024327133435,0.06301978431998924,0.0011777829666671236
21,1986,0.5051895335746917,8124150.993230765,low_mi_high_atp,0.9286451469092712,0.06741435314043343,0.0039404999502953356
21,1988,0.5984741568050038,5448930.718238928,high_mi_low_atp,0.8994396819207876,0.09708246488061853,0.0034778531985938535
21,1989,0.0,20686095.95459392,low_mi_high_atp,0.4282786792157801,0.022242243753319412,0.5494790770309005
21,1990,0.17179332732076766,33651901.19058863,low_mi_high_atp,0.22835936605085044,0.012425200420778227,0.7592154335283714
21,1991,1.1393262397777593,28820547.287079323,high_mi_high_atp,0.1936869999796228,0.013017844676803775,0.7932951553435734
21,1995,0.6309412443480125,6507690.05916621,high_mi_low_atp,0.8875625652713556,0.11152271846705579,0.000914716261588574
21,1997,0.6309412443480125,6121068.662422914,high_mi_low_atp,0.9048567054138119,0.09259920140825528,0.002544093177932906
21,1999,0.5984741568050038,10827307.40949418,high_mi_high_atp,0.7820670250527391,0.05507772093867595,0.16285525400858494
21,2001,0.0,10480638.35488667,low_mi_high_atp,0.6935258354623943,0.04432706698686446,0.2621470975507413
21,2002,0.0,8846996.016706262,low_mi_high_atp,0.7487877147909515,0.04578156810357667,0.2054307171054718
21,2005,0.0,6501890.553565048,low_mi_low_atp,0.8899525114784959,0.06267091231178842,0.04737657620971577
21,2006,0.0,7723723.946839755,low_mi_high_atp,0.9469423385951555,0.044678965246507475,0.008378696158336958
21,2007,0.6309412443480125,7600259.006854878,high_mi_high_atp,0.9083921314343101,0.08972252244978818,0.0018853461159017357
21,2008,0.0,18273324.387001082,low_mi_high_atp,0.4350357472881627,0.033659806064008695,0.5313044466478285
21,2009,0.0,89947240.44005398,low_mi_high_atp,0.07139987096949663,0.0037476343645237217,0.9248524946659796
21,2010,0.0,16303347.210527347,low_mi_high_atp,0.38488200667946704,0.02546383110062141,0.5896541622199115
21,2011,0.0039060116788910415,11881955.879854359,low_mi_high_atp,0.6219287116646169,0.05621415360962236,0.3218571347257607
21,2013,0.24011158302361144,46837408.08736891,low_mi_high_atp,0.22259654905850595,0.007807073548654591,0.7695963773928395
21,2014,0.2756155750610693,52956109.117141455,low_mi_high_atp,0.24595247963082822,0.012547051460751189,0.7415004689084206
21,2015,0.0,123980522.01459387,low_mi_high_atp,0.08347212644525602,0.0037877920054973967,0.9127400815492466
22,2020,0.0039060116788910415,11141962.729247939,low_mi_high_atp,0.6079847733436688,0.04378118660344133,0.3482340400528898
22,2021,0.6309412443480125,5987097.151341749,high_mi_low_atp,0.88810293036675,0.11016762387598834,0.0017294457572616143
22,2023,0.5699579180264102,6703904.499197614,high_mi_high_atp,0.9260612609614908,0.07167567990846573,0.002263059130043506
22,2024,0.0,9383485.11345836,low_mi_high_atp,0.9482895948417489,0.04883777191454968,0.0028726332437013237
22,2025,0.5083849954297467,6685810.26724295,low_mi_high_atp,0.9337241391395512,0.06561203426698275,0.000663826593465928
22,2028,0.0039060116788910415,28112723.32203883,low_mi_high_atp,0.2399150991781347,0.009862239977701167,0.7502226608441641
22,2029,0.17179332732076766,10446385.835733736,low_mi_high_atp,0.9579294040514449,0.033399666456615025,0.008670929491940128
22,2031,0.0,7679776.566893452,low_mi_high_atp,0.7657421339768509,0.05306982225879505,0.18118804376435407
22,2032,0.6309412443480125,6880252.945210008,high_mi_high_atp,0.9264534191525783,0.07216725320614,0.0013793276412816325
22,2035,0.5699579180264102,8735949.19305512,high_mi_high_atp,0.8889734865167306,0.10846895821862505,0.0025575552646441933
22,2036,0.4608504522714016,19200948.43821369,low_mi_high_atp,0.3617416332747861,0.034376328873884546,0.6038820378513294
22,2043,1.1393262397777593,9847835.460473673,high_mi_high_atp,0.7411355725693086,0.03738747882985784,0.22147694860083342
22,2044,0.0039060116788910415,7027562.729709282,low_mi_high_atp,0.918672486757494,0.07579649917508235,0.005531014067423644
22,2045,1.1393262397777593,34072020.0819202,high_mi_high_atp,0.18984996970012719,0.016924253472873508,0.7932257768269992
22,2046,0.6309412443480125,9423265.080320174,high_mi_high_atp,0.7429378632916791,0.07439113981656491,0.18267099689175598
22,2048,1.1393262397777593,19441084.555449095,high_mi_high_atp,0.412414049812572,0.0367318264472416,0.5508541237401864
22,2050,0.7941837856047351,11740060.666062575,high_mi_high_atp,0.8402042955859346,0.05377966550287512,0.10601603891119028
22,2051,0.6309412443480125,17225052.962346286,high_mi_high_atp,0.4503462851395005,0.03107009732713012,0.5185836175333692
22,2052,0.0,15038129.024121977,low_mi_high_atp,0.3831990406384632,0.04275686127155384,0.574044098089983
22,2053,0.24011158302361144,28568177.54446101,low_mi_high_atp,0.23647208805210157,0.016206290526043752,0.7473216214218547
22,2054,0.24011158302361144,12031608.251206692,low_mi_high_atp,0.6890798066250395,0.02491314831126404,0.28600704506369645
22,2055,1.1393262397777593,22182117.42743603,high_mi_high_atp,0.4310796724445629,0.03641407297677696,0.5325062545786602
22,2056,0.5083849954297467,6416637.214300915,low_mi_low_atp,0.9182241924929213,0.08085786420172339,0.0009179433053552396
22,2057,0.5646098270911126,7091228.644102234,high_mi_high_atp,0.9486569934764156,0.051012232075119165,0.00033077444846522154
22,2058,0.24011158302361144,12887232.273573345,low_mi_high_atp,0.5303443479742691,0.03169234332021392,0.437963308705517
22,2061,0.6309412443480125,11110952.116937188,high_mi_high_atp,0.547863703314194,0.048577013953832945,0.40355928273197306
22,2062,0.6309412443480125,10463853.558551678,high_mi_high_atp,0.9307133430234865,0.06545462100850911,0.003832035968004448
22,2063,0.8689001982913815,28349548.898133654,high_mi_high_atp,0.2916726667393546,0.0160623943501448,0.6922649389105007
22,2066,1.1393262397777593,7105823.648843558,high_mi_high_atp,0.956819668546929,0.03975751232436954,0.003422819128701482
22,2068,0.0,13719611.796219373,low_mi_high_atp,0.4591239941556166,0.04259750944534922,0.4982784963990341
22,2069,0.6309412443480125,7597897.289365734,high_mi_high_atp,0.9227315223342504,0.07079138803163675,0.006477089634112914
22,2070,0.0,39085358.39582012,low_mi_high_atp,0.3365435078669232,0.012923924579946214,0.6505325675531306
22,2071,0.24011158302361144,8165379.253911127,low_mi_high_atp,0.9436469856109617,0.05452962974470395,0.0018233846443343278
22,2074,1.1393262397777593,32908302.49898832,high_mi_high_atp,0.1837085937637614,0.01693782997204162,0.799353576264197
22,2078,0.0,5935218.550648,low_mi_low_atp,0.9183091071947628,0.07937940961646121,0.0023114831887759996
22,2079,0.0,12263146.76090638,low_mi_high_atp,0.5766316511392436,0.05283063897846394,0.37053770988229245
22,2080,0.0,7470912.507646689,low_mi_high_atp,0.9538371572260028,0.04531225257012359,0.0008505902038736691
22,2081,0.0,12593510.923679736,low_mi_high_atp,0.9477856237021627,0.049380658952040773,0.0028337173457965567
22,2083,1.1393262397777593,19366312.36009909,high_mi_high_atp,0.3069842395985557,0.027000178954762265,0.666015581446682
22,2084,1.1393262397777593,9714068.463586142,high_mi_high_atp,0.962051632806425,0.03620632066519511,0.001742046528379811
22,2085,0.5699579180264102,6296778.606232971,high_mi_low_atp,0.9294895456246501,0.07005601800008658,0.0004544363752632114
22,2087,0.0,9231729.892858256,low_mi_high_atp,0.6918922404131196,0.04828118302902021,0.2598265765578602
22,2088,0.0,29848018.871648967,low_mi_high_atp,0.2634124219846884,0.016451768308033753,0.7201358097072778
22,2089,1.1393262397777593,7050923.098536915,high_mi_high_atp,0.9195446648392803,0.07801140430351826,0.0024439308572014443
22,2090,0.7941837856047351,8866683.1443852,high_mi_high_atp,0.9024758930137182,0.09219546050910482,0.005328646477176942
22,2091,1.1393262397777593,7023402.210799068,high_mi_high_atp,0.9311507737910537,0.0663876962719511,0.002461529936995134
22,2092,0.0,8650293.796397347,low_mi_high_atp,0.9482100570343112,0.04788599383424566,0.003903949131443095
22,2093,0.6309412443480125,11336170.347829854,high_mi_high_atp,0.8282947265031567,0.04551850092619291,0.12618677257065028
22,2094,0.0,19464284.325609386,low_mi_high_atp,0.31558453675404075,0.021295881287508034,0.6631195819584512
22,2096,0.0,8633780.11813177,low_mi_high_atp,0.7672198930872265,0.045175990258180705,0.1876041166545928
22,2097,0.34038395951278777,7140431.852762607,low_mi_high_atp,0.9111434295227785,0.08700056747462143,0.001856003002600012
22,2098,0.0,13945902.231980776,low_mi_high_atp,0.5524412207712777,0.027820505102134938,0.41973827412658743
22,2099,0.0,18023128.402748365,low_mi_high_atp,0.6007447691702411,0.03611523767747559,0.36313999315228335
22,2100,0.5699579180264102,16427266.919313287,high_mi_high_atp,0.3582722637177146,0.0259057425301913,0.615821993752094
22,2104,0.5699579180264102,6275643.721264646,high_mi_low_atp,0.9166021074016336,0.08073403273447616,0.00266385986389018
22,2106,0.3605152028616353,47124893.06178662,low_mi_high_atp,0.1610810381173963,0.009963741024216278,0.8289552208583875
22,2108,0.0,67773170.2016102,low_mi_high_atp,0.13264146330167775,0.005645906580062265,0.8617126301182599
22,2109,0.0,28580337.839462318,low_mi_high_atp,0.25476863930092625,0.016207325762633302,0.7290240349364404
22,2110,0.17179332732076766,45283200.61263319,low_mi_high_atp,0.1973627558578343,0.012824692667703422,0.7898125514744623
22,2111,0.3605152028616353,33082321.385071162,low_mi_high_atp,0.18431430851390807,0.010479632760343607,0.8052060587257484
23,2112,0.5083849954297467,8152646.329618934,low_mi_high_atp,0.7523553007659851,0.04827624703186623,0.19936845220214863
23,2113,0.0,7837749.529096629,low_mi_high_atp,0.9240627815272129,0.07315786509202903,0.0027793533807580185
23,2115,0.81966311988888,7177697.666804858,high_mi_high_atp,0.9457307529532177,0.051814847739348524,0.002454399307433807
23,2118,0.24011158302361144,5904265.0515515935,low_mi_low_atp,0.913932968120626,0.08467090759258217,0.0013961242867918861
23,2119,0.0,6137080.643109021,low_mi_low_atp,0.9203960046058116,0.07509460310261123,0.004509392291577163
23,2120,1.1393262397777593,5762880.574490339,high_mi_low_atp,0.9139189893214231,0.0835924005242219,0.0024886101543550184
23,2121,1.1393262397777593,6949999.964480232,high_mi_high_atp,0.893520967801992,0.10449751121584766,0.001981520982160347
23,2123,0.24011158302361144,6760090.869012273,low_mi_high_atp,0.936927235053004,0.06168773678335032,0.0013850281636457013
23,2124,0.5984741568050038,6020652.513802572,high_mi_low_atp,0.8827223503805873,0.11541479853915275,0.001862851080259843
23,2126,1.1393262397777593,7206329.727794021,high_mi_high_atp,0.9395684209075048,0.057477066054351336,0.00295451303814388
23,2127,0.0,11648913.241868088,low_mi_high_atp,0.7022202138488615,0.03374654031995869,0.26403324583117993
23,2129,1.1393262397777593,7225405.160688228,high_mi_high_atp,0.9574431919965434,0.03948340414133595,0.003073403862120617
23,2130,0.6309412443480125,6668544.628638222,high_mi_high_atp,0.9290728783406319,0.06781898835372446,0.003108133305643622
23,2132,0.5699579180264102,7157557.524639828,high_mi_high_atp,0.919703331014406,0.07913310347190836,0.0011635655136856314
23,2133,0.81966311988888,6784451.302231266,high_mi_high_atp,0.9318780489427337,0.06625062976506607,0.00187132129220017
23,2138,0.6309412443480125,6155949.567992278,high_mi_low_atp,0.9165810673978682,0.08184430810106831,0.0015746245010635868
23,2139,0.0,8693498.767134769,low_mi_high_atp,0.9507384889369278,0.04686019966530548,0.0024013113977667485
23,2140,0.0039060116788910415,10537872.367716298,low_mi_high_atp,0.9028300661482835,0.031106207777298524,0.06606372607441804
23,2142,0.6309412443480125,6835235.098756288,high_mi_high_atp,0.8576254433792657,0.14151752833413025,0.0008570282866040396
23,2145,0.6309412443480125,10870372.935174264,high_mi_high_atp,0.8405603720146696,0.049362819055804884,0.11007680892952544
23,2149,0.0,16472096.014155297,low_mi_high_atp,0.5516514226333125,0.04188835365332287,0.40646022371336477
23,2150,0.9643374506019364,6921944.453696438,high_mi_high_atp,0.9020915719117374,0.0856484594560724,0.012259968632190194
23,2153,0.3213656551330364,36561808.852709055,low_mi_high_atp,0.17930815407093256,0.009761685127868522,0.810930160801199
23,2154,0.0,6867923.86460942,low_mi_high_atp,0.9418146585029584,0.056808291172022664,0.0013770503250188483
23,2155,0.0,73257895.20953366,low_mi_high_atp,0.11151317503108397,0.004110880013350415,0.8843759449555656
23,2156,0.0,5811229.277569614,low_mi_low_atp,0.9454787099322213,0.0519313903110834,0.0025898997566954516
23,2157,0.0039060116788910415,11028223.389181072,low_mi_high_atp,0.8925122233773293,0.059970431139700534,0.047517345482970354
23,2160,0.0,17249093.1339413,low_mi_high_atp,0.4085546007846778,0.017477087281827633,0.5739683119334945
23,2161,0.6309412443480125,6811882.364181765,high_mi_high_atp,0.9180695397935402,0.07252751118643185,0.009402949020027973
23,2165,0.6309412443480125,8377211.11475853,high_mi_high_atp,0.9552181915775971,0.04386620390576091,0.0009156045166418621
23,2167,1.1393262397777593,5898574.071213317,high_mi_low_atp,0.9399962429660406,0.0581742940560875,0.001829462977871946
23,2168,0.0,6338286.06007332,low_mi_low_atp,0.9306674119118632,0.06411085754414744,0.005221730543989245
23,2170,1.1393262397777593,6753372.228592538,high_mi_high_atp,0.9373075416440726,0.05897564381247581,0.003716814543451567
23,2172,1.1393262397777593,9744100.024933573,high_mi_high_atp,0.954229887417165,0.04060161097550701,0.005168501607327986
23,2174,0.6309412443480125,6840541.723182467,high_mi_high_atp,0.9154470864691177,0.08240362461295918,0.00214928891792326
23,2176,0.0,7003480.713298613,low_mi_high_atp,0.9521837703283534,0.04280346925404862,0.005012760417597918
23,2178,0.6309412443480125,8793421.878646113,high_mi_high_atp,0.6275766567016373,0.03800983371206202,0.33441350958630056
23,2179,0.6309412443480125,5595865.010792765,high_mi_low_atp,0.9179628596590387,0.08043983070423155,0.0015973096367298623
23,2180,0.7941837856047351,7387807.701629777,high_mi_high_atp,0.9521820253414923,0.046833642028280185,0.0009843326302275397
23,2181,0.5083849954297467,6421624.756663987,low_mi_low_atp,0.8645664825832938,0.1072447231275448,0.02818879428916136
23,2185,1.1393262397777593,7042560.449803689,high_mi_high_atp,0.9526907762910026,0.042413226462938707,0.004895997246058621
23,2186,0.7941837856047351,7704379.308582979,high_mi_high_atp,0.9398653670498536,0.057329734296759076,0.0028048986533873383
23,2188,0.0,14104810.915765468,low_mi_high_atp,0.5390585141441627,0.0238857978822702,0.43705568797356703
23,2189,0.7941837856047351,18784925.365980886,high_mi_high_atp,0.4601916591688468,0.0412330015772397,0.4985753392539136
23,2190,0.41813727669388345,9060442.04228164,low_mi_high_atp,0.9049905946404653,0.08806472967613241,0.006944675683402157
23,2191,0.24011158302361144,17783044.81955943,low_mi_high_atp,0.30674103056036,0.02045119110128263,0.6728077783383574
23,2192,0.9643374506019364,6581444.631124256,high_mi_high_atp,0.9356209351829685,0.05004249589925032,0.014336568917781114
23,2193,0.5984741568050038,11268507.20075074,high_mi_high_atp,0.820113930294077,0.055905665286279355,0.12398040441964371
23,2194,0.24011158302361144,8301520.274313877,low_mi_high_atp,0.7654841147051065,0.05218281128684402,0.1823330740080495
23,2196,0.0,12506225.603910409,low_mi_high_atp,0.5156543454942929,0.030272940904983205,0.454072713600724
23,2197,0.24011158302361144,6800418.894855568,low_mi_high_atp,0.9314329562332351,0.062430463725919566,0.006136580040845251
23,2198,0.7347634920883144,39895558.783432774,high_mi_high_atp,0.20054231414854767,0.012648911402287692,0.7868087744491646
23,2201,0.2788110369161244,52549558.66290814,low_mi_high_atp,0.12871155150001373,0.007387404782044051,0.8639010437179422
23,2202,0.5699579180264102,5699276.4713625135,high_mi_low_atp,0.9161143468676376,0.08168697359063853,0.00219867954172374
23,2204,0.5646098270911124,77764149.59640145,high_mi_high_atp,0.07899534017566724,0.004706676478067946,0.9162979833462648
23,2205,0.0,29147724.429553688,low_mi_high_atp,0.23829742839374254,0.017302040420205143,0.7444005311860523
23,2206,0.6309412443480125,10371568.19287233,high_mi_high_atp,0.901843161889914,0.06314030889886788,0.03501652921121804
24,2208,0.0,7657703.443449781,low_mi_high_atp,0.9446489466516513,0.051355779676900276,0.003995273671448271
24,2209,1.1393262397777593,7167512.431690144,high_mi_high_atp,0.9466774101163002,0.050123702405778466,0.0031988874779212495
24,2210,0.7941837856047351,21936584.710745357,high_mi_high_atp,0.29911434183577523,0.020702495638933623,0.6801831625252911
24,2211,1.1393262397777593,6054536.0546582835,high_mi_low_atp,0.9406016442387843,0.058367173130979624,0.001031182630236046
24,2213,1.1393262397777593,5701727.426335824,high_mi_low_atp,0.9383880452312319,0.06027690140603565,0.001335053362732403
24,2214,0.6309412443480125,6061843.94461805,high_mi_low_atp,0.9059041965639483,0.09237379663969149,0.0017220067963604003
24,2221,0.6309412443480125,6770167.486603048,high_mi_high_atp,0.938805601801692,0.05768413348758855,0.003510264710719429
24,2222,0.0,7654655.228797867,low_mi_high_atp,0.9395568868258787,0.049650874090108675,0.010792239084012563
24,2224,0.5083849954297467,7244996.898098039,low_mi_high_atp,0.7246893790392588,0.05452311089486013,0.22078751006588102
24,2226,0.5699579180264102,7902972.115502335,high_mi_high_atp,0.8818031605834583,0.11364121103588341,0.004555628380658274
24,2227,0.6309412443480125,7246475.397115094,high_mi_high_atp,0.9592937412452207,0.0390973318809816,0.001608926873797641
24,2228,0.0,10568142.94086892,low_mi_high_atp,0.5088115491485893,0.03890530718100065,0.45228314367041006
24,2229,0.0,6761876.757007497,low_mi_high_atp,0.9186058991839966,0.07962317366210109,0.0017709271539023473
24,2231,0.81966311988888,6567507.576736071,high_mi_high_atp,0.9242849169362134,0.0702847526838416,0.005430330379945048
24,2233,1.1393262397777593,6622274.749272105,high_mi_high_atp,0.9279540995617396,0.0696968471711233,0.002349053267137089
24,2235,0.24011158302361144,6345140.7504049,low_mi_low_atp,0.9391960397528251,0.041608214530850195,0.019195745716324715
24,2236,0.22103040572326965,14372686.820703657,low_mi_high_atp,0.36762031231961256,0.022637873574593823,0.6097418141057935
24,2237,0.0,9625538.134093868,low_mi_high_atp,0.6314014274796802,0.06743086240841467,0.3011677101119051
24,2238,0.6309412443480125,11282989.65779618,high_mi_high_atp,0.9399430353208903,0.05814352028120861,0.001913444397900973
24,2241,0.0039060116788910415,5172286.03972222,low_mi_low_atp,0.8910364413283597,0.09514002504854918,0.013823533623091227
24,2242,0.0,7329375.312003472,low_mi_high_atp,0.9287569820797017,0.06597031863149361,0.005272699288804617
24,2245,1.1393262397777593,8687128.073508957,high_mi_high_atp,0.7286822556492434,0.06651853648864875,0.20479920786210778
24,2246,1.1393262397777593,6477217.540293749,high_mi_low_atp,0.9317787967335681,0.06616808793704365,0.0020531153293883156
24,2247,0.6309412443480125,5972737.015073852,high_mi_low_atp,0.8613120708506669,0.13697322794614233,0.0017147012031907636
24,2248,0.0,8943505.91549463,low_mi_high_atp,0.7317671439573046,0.06823708813242967,0.19999576791026574
24,2249,0.0,6905144.417887641,low_mi_high_atp,0.9585092435847016,0.04091898429291773,0.0005717721223807443
24,2250,0.0,10128276.712448865,low_mi_high_atp,0.5883099587076799,0.0418458603570333,0.36984418093528687
24,2251,0.16836920191082333,50743659.32389241,low_mi_high_atp,0.1971311754003764,0.010497883440741589,0.792370941158882
24,2252,0.24011158302361144,6500967.386757013,low_mi_low_atp,0.8878416179624916,0.11152531426846533,0.0006330677690429167
24,2255,0.0,6086553.297999743,low_mi_low_atp,0.9075083182753808,0.08966790335185869,0.002823778372760438
24,2257,0.7941837856047351,8603659.063532334,high_mi_high_atp,0.9133516074083146,0.05822864464595081,0.028419747945734774
24,2259,0.0,58990240.04521191,low_mi_high_atp,0.07415152653962614,0.010595460246775455,0.9152530132135984
24,2262,0.6309412443480125,6796039.555835095,high_mi_high_atp,0.9426220224115134,0.05728785105862301,9.012652986363133e-05
24,2264,0.0,7063546.204094059,low_mi_high_atp,0.9420499215074699,0.05679690148787688,0.0011531770046531618
24,2266,0.7941837856047351,6806775.105910085,high_mi_high_atp,0.8944071826250399,0.10373967464257794,0.0018531427323820577
24,2267,0.6309412443480125,5593595.9649776,high_mi_low_atp,0.9232322992304784,0.07496232288974479,0.0018053778797766952
24,2268,1.1393262397777593,9287009.774267005,high_mi_high_atp,0.8900352377949919,0.039131881314106005,0.07083288089090203
24,2270,0.24011158302361144,7462398.456193011,low_mi_high_atp,0.9469965502191766,0.04523008076991721,0.007773369010906227
24,2271,0.21760628031332552,4877539.4767906135,low_mi_low_atp,0.9129103270481228,0.08491208991785182,0.00217758303402528
24,2272,0.6309412443480125,6618064.375564231,high_mi_high_atp,0.9182968113764322,0.07939358356005427,0.0023096050635136502
24,2273,0.6309412443480125,6698058.938188742,high_mi_high_atp,0.935895494549073,0.06210948740534575,0.0019950180455812322
24,2274,1.1393262397777593,6778711.568877239,high_mi_high_atp,0.9532169944786352,0.04179111698755343,0.004991888533811382
24,2276,0.7347634920883139,6988629.245571753,high_mi_high_atp,0.9373830235854854,0.057154112868155374,0.005462863546359213
24,2277,1.0544266119771937,5551562.021676199,high_mi_low_atp,0.9248629163772684,0.0726728981808535,0.002464185441878275
24,2278,0.24011158302361144,9648346.050058682,low_mi_high_atp,0.5505093698461871,0.04247058739606009,0.40702004275775283
24,2280,0.0,6321738.83676828,low_mi_low_atp,0.9484510071940979,0.051084409854324046,0.00046458295157790296
24,2281,0.5699579180264102,16739450.249547636,high_mi_high_atp,0.46655930481941565,0.04945560308172221,0.48398509209886204
24,2282,0.6309412443480125,6278580.440086457,high_mi_low_atp,0.8983433929226042,0.09971955871978135,0.0019370483576143867
24,2283,0.22103040572326965,6335433.969854651,low_mi_low_atp,0.9247424832299607,0.07436139616042607,0.0008961206096132009
24,2287,0.0,7092199.802544753,low_mi_high_atp,0.9440094561605563,0.051433464295753434,0.004557079543690317
24,2288,0.6309412443480125,6528281.814812406,high_mi_low_atp,0.9100474019277597,0.08541181536947448,0.00454078270276579
24,2290,0.0,8759858.034318602,low_mi_high_atp,0.6169133630982262,0.05548424467104925,0.3276023922307245
24,2293,1.1393262397777593,9281936.000811534,high_mi_high_atp,0.9400182401605209,0.04494826485139987,0.015033494988079328
24,2294,0.010537624509989046,8072790.100478328,low_mi_high_atp,0.7736654718143681,0.03367467377654674,0.19265985440908515
24,2295,0.0039060116788910415,81388124.96103421,low_mi_high_atp,0.07402994530906276,0.002726038678143402,0.9232440160127938
24,2297,0.0,17724606.484214015,low_mi_high_atp,0.4210785382018933,0.021655188721161366,0.5572662730769453
24,2298,0.010537624509989046,25590455.87445204,low_mi_high_atp,0.20336347972614952,0.016291242170021522,0.780345278103829
24,2300,0.7651408234716706,49315509.745826416,high_mi_high_atp,0.11904510725545663,0.006766045746058081,0.8741888469984853
25,2304,0.0,25047575.733036958,low_mi_high_atp,0.2585057117726909,0.012968294188416614,0.7285259940388924
25,2306,0.6309412443480125,7009469.1180201685,high_mi_high_atp,0.9613444843142331,0.03811325197632224,0.0005422637094445894
25,2308,1.1393262397777593,5460046.085514472,high_mi_low_atp,0.9364193862546939,0.061647218176104676,0.0019333955692012812
25,2311,0.0,7385744.946165618,low_mi_high_atp,0.94388077768157,0.05591767847096276,0.00020154384746729306
25,2312,0.0,5934359.756217796,low_mi_low_atp,0.8968330403579726,0.10087563021639957,0.0022913294256277287
25,2314,0.6309412443480125,7398922.0964326905,high_mi_high_atp,0.9426679792724908,0.05574149095517129,0.0015905297723379963
25,2315,0.6309412443480125,5451970.109224602,high_mi_low_atp,0.9245622683547324,0.07327563921978995,0.0021620924254776405
25,2316,0.5083849954297467,8333794.446237058,low_mi_high_atp,0.9469650981167634,0.05221089313325716,0.0008240087499793452
25,2318,0.0,6664721.816171446,low_mi_high_atp,0.9376094430374099,0.06128735516171204,0.0011032018008780835
25,2320,1.1393262397777593,6654209.466866918,high_mi_high_atp,0.9297874532394643,0.0661091042212186,0.0041034425393170785
25,2321,0.4608504522714016,6386665.414791776,low_mi_low_atp,0.9360745640091024,0.062372722724274,0.0015527132666236113
25,2322,0.0,8081135.445025561,low_mi_high_atp,0.7064465781776857,0.08908474278641466,0.20446867903589955
25,2323,0.5083849954297467,5756142.288761683,low_mi_low_atp,0.9158242627813761,0.08177769652617943,0.002398040692444554
25,2325,0.6309412443480125,6833029.995568996,high_mi_high_atp,0.8979054013356089,0.09865056582943749,0.0034440328349535734
25,2327,0.7941837856047351,8895219.325263917,high_mi_high_atp,0.9364311047151953,0.06238154236965981,0.0011873529151448698
25,2328,0.0,8162073.435419275,low_mi_high_atp,0.9558740049188742,0.041176298416951494,0.0029496966641741956
25,2330,0.6309412443480125,24828825.84526332,high_mi_high_atp,0.22512718625233985,0.02045756526417562,0.7544152484834845
25,2332,1.1393262397777593,5901495.1635243725,high_mi_low_atp,0.9042671067739205,0.08342639153822042,0.012306501687858953
25,2333,0.0,7571391.8413362065,low_mi_high_atp,0.9268771473072112,0.04553801540541581,0.027584837287373095
25,2334,0.6309412443480125,6112799.811019984,high_mi_low_atp,0.9184948620213487,0.07959913505376226,0.0019060029248890655
25,2339,0.6309412443480125,6105287.962544495,high_mi_low_atp,0.9058254849856688,0.09263392927308314,0.0015405857412479785
25,2341,0.0,10024081.190415172,low_mi_high_atp,0.9351248758697253,0.06405419370300396,0.0008209304272708076
25,2343,0.0,18612894.148255814,low_mi_high_atp,0.7182793208369218,0.024187343393580932,0.2575333357694973
25,2344,0.0,21650936.589945085,low_mi_high_atp,0.37116078665034374,0.015564045454934634,0.6132751678947216
25,2345,0.0,7072921.780502371,low_mi_high_atp,0.9138385272104609,0.06408456400065707,0.022076908788882077
25,2346,0.3605152028616353,10679820.898197578,low_mi_high_atp,0.8708241783152408,0.07144830965834446,0.0577275120264147
25,2348,0.0,6670669.222734735,low_mi_high_atp,0.9071961230829488,0.0913895119494978,0.001414364967553288
25,2350,0.9643374506019364,7964071.280392533,high_mi_high_atp,0.9306302095415513,0.06876834284200008,0.0006014476164486626
25,2352,0.010537624509989046,10162417.353584176,low_mi_high_atp,0.9668370474508758,0.032373453960161176,0.0007894985889630379
25,2354,0.6309412443480125,6444380.437672857,high_mi_low_atp,0.917055451296114,0.0828414286142963,0.00010312008958980927
25,2355,0.6309412443480125,9503211.77066599,high_mi_high_atp,0.9647818952810838,0.03471017514409738,0.000507929574818914
25,2357,1.1393262397777593,6656423.676347088,high_mi_high_atp,0.9351910959191395,0.062383692696921136,0.002425211383939347
25,2359,0.6309412443480125,6157873.892609381,high_mi_low_atp,0.8474466918317285,0.06981367270427469,0.0827396354639968
25,2363,0.6309412443480125,6183167.871188015,high_mi_low_atp,0.9303571387210052,0.06883916595238146,0.0008036953266132602
25,2365,0.6309412443480125,44536796.792321675,high_mi_high_atp,0.11834612682292392,0.008854159427168242,0.8727997137499077
25,2367,0.6309412443480125,6134802.759201655,high_mi_low_atp,0.9408331411163263,0.058214537405586964,0.0009523214780866531
25,2370,0.6309412443480125,6014615.937195812,high_mi_low_atp,0.9460914535944273,0.0519360104136989,0.0019725359918738123
25,2371,0.9643374506019364,6497447.184629958,high_mi_low_atp,0.9366737573826444,0.05929942460021518,0.0040268180171405136
25,2373,0.0,17583350.721319165,low_mi_high_atp,0.9562166216976092,0.04169861316476604,0.0020847651376246484
25,2375,0.6309412443480125,6685129.668957214,high_mi_high_atp,0.9179016195743199,0.0778779627272122,0.0042204176984677755
25,2376,0.5699579180264102,5622527.025057148,high_mi_low_atp,0.9220293040286855,0.07658043001971439,0.0013902659516002438
25,2380,0.6309412443480125,5678305.634266804,high_mi_low_atp,0.8999557573983461,0.09820916282417513,0.0018350797774787859
25,2382,0.0039060116788910415,6999845.157574896,low_mi_high_atp,0.9464114784285793,0.0533226177271691,0.0002659038442517164
25,2388,1.1393262397777593,7359169.027999031,high_mi_high_atp,0.9374899758462439,0.05933352256540524,0.0031765015883507258
25,2389,0.6309412443480125,19804713.495705917,high_mi_high_atp,0.3052369312406109,0.013134659204644811,0.6816284095547442
25,2391,0.7941837856047351,32701982.24936869,high_mi_high_atp,0.1894582138011239,0.011335855818570469,0.7992059303803056
25,2392,0.0039060116788910415,23113431.860076144,low_mi_high_atp,0.2785739755567566,0.015552017635138228,0.7058740068081052
25,2394,0.6309412443480125,83941489.17502885,high_mi_high_atp,0.07300285777286061,0.007175495434146941,0.9198216467929925
25,2395,1.1393262397777593,7064380.260347047,high_mi_high_atp,0.9365848240143426,0.0591036763200077,0.004311499665649687
25,2397,0.0,30669694.909721434,low_mi_high_atp,0.17199665044517004,0.01209283131079173,0.8159105182440382
25,2398,0.0,11238007.517236868,low_mi_high_atp,0.5439588653886616,0.03820081124701558,0.4178403233643228
26,2401,1.1393262397777593,6051194.428544067,high_mi_low_atp,0.9510744561547008,0.047999414132897475,0.0009261297124017195
26,2402,1.1393262397777593,6049095.25980069,high_mi_low_atp,0.9302411099273893,0.06797144778458018,0.001787442288030517
26,2403,1.1393262397777593,6358742.221983492,high_mi_low_atp,0.9182105304259339,0.08075024690932257,0.0010392226647434957
26,2405,0.0,6839218.95917895,low_mi_high_atp,0.9251894414012873,0.07302714603056448,0.0017834125681481787
26,2407,0.6309412443480125,6188376.882368232,high_mi_low_atp,0.9285487441042435,0.07063391631535516,0.0008173395804014242
26,2408,0.5699579180264102,5867031.64051936,high_mi_low_atp,0.9164004873381222,0.08129405280061759,0.0023054598612603605
26,2409,0.9643374506019364,6770824.44635185,high_mi_high_atp,0.8963182075104037,0.06297021120872019,0.04071158128087603
26,2412,1.1393262397777593,6146606.228246648,high_mi_low_atp,0.9300770910767096,0.06734407110217072,0.002578837821119662
26,2413,0.7941837856047351,6887024.579625279,high_mi_high_atp,0.928216221811958,0.06668931615315137,0.005094462034890737
26,2414,1.1393262397777593,6401121.309361778,high_mi_low_atp,0.9421312880775546,0.05550889613224329,0.0023598157902020573
26,2415,1.1393262397777593,5928563.128617011,high_mi_low_atp,0.9318512182012476,0.06575219839128302,0.0023965834074694274
26,2416,0.5699579180264102,22088684.742163844,high_mi_high_atp,0.27345887197487573,0.015370769301883568,0.7111703587232407
26,2417,0.5083849954297467,6324881.178262195,low_mi_low_atp,0.9111752468624083,0.05805159768469319,0.030773155452898524
26,2418,0.9643374506019364,7298815.347340036,high_mi_high_atp,0.9330258824347695,0.061364680250717674,0.005609437314512823
26,2419,0.6309412443480125,5425803.412254141,high_mi_low_atp,0.9286562422389876,0.06922272956039728,0.0021210282006150936
26,2420,1.1393262397777593,5632131.6551838415,high_mi_low_atp,0.9416480405430613,0.056042527082406236,0.002309432374532516
26,2421,1.1393262397777593,7059424.181941572,high_mi_high_atp,0.9405240200059397,0.054754229840898914,0.004721750153161412
26,2422,0.24011158302361144,5993955.473704408,low_mi_low_atp,0.9001087394398335,0.09880494717568457,0.0010863133844818383
26,2427,1.1885633181802615,6101371.085551791,high_mi_low_atp,0.9207296898439162,0.07509962273480424,0.004170687421279481
26,2428,0.0,17673701.56815937,low_mi_high_atp,0.4213045651600475,0.017824604404672238,0.5608708304352803
26,2429,1.1393262397777593,5723823.446763787,high_mi_low_atp,0.9170366614342145,0.08078787977863418,0.0021754587871514316
26,2431,0.6309412443480125,28170757.10481885,high_mi_high_atp,0.2686068686707001,0.024321982885372087,0.7070711484439278
26,2432,0.0,7647917.794128592,low_mi_high_atp,0.9473806903093704,0.051907867949936584,0.0007114417406929648
26,2434,1.1393262397777593,6685772.108668116,high_mi_high_atp,0.9266171227514107,0.07102542894872106,0.002357448299868191
26,2435,0.5984741568050038,5440243.464258405,high_mi_low_atp,0.9334824171009124,0.06465321546759861,0.0018643674314889663
26,2437,1.1393262397777593,5848043.5826681,high_mi_low_atp,0.9342328745865366,0.06425747247686456,0.0015096529365988126
26,2438,0.6309412443480125,5205774.139795625,high_mi_low_atp,0.9295133769010602,0.0686725351927011,0.0018140879062387937
26,2446,0.5083849954297467,5684498.014874751,low_mi_low_atp,0.9223980517416122,0.07617541392570475,0.0014265343326831086
26,2447,0.3605152028616353,7544110.728152989,low_mi_high_atp,0.9479930642860526,0.05187442829299988,0.0001325074209474515
26,2448,0.6309412443480125,5568562.526111767,high_mi_low_atp,0.9092770912192253,0.08859855368560243,0.0021243550951722365
26,2449,0.5699579180264102,6343602.40151711,high_mi_low_atp,0.9313777419822833,0.0678342102440396,0.0007880477736770852
26,2450,0.0,13346627.253459342,low_mi_high_atp,0.44030455143284203,0.03610035739619009,0.5235950911709678
26,2451,0.7941837856047351,5454269.238532304,high_mi_low_atp,0.8877708826156588,0.10828580619349261,0.00394331119084852
26,2453,0.5083849954297467,13092135.38923988,low_mi_high_atp,0.5139982631201758,0.05887120757545605,0.4271305293043681
26,2454,0.6309412443480125,7201289.09349259,high_mi_high_atp,0.9203364651908561,0.0572937869815328,0.022369747827611093
26,2457,0.6309412443480125,6096754.432956853,high_mi_low_atp,0.9057832784185427,0.09214469693628843,0.0020720246451688784
26,2458,0.6393262397777593,7012192.561452961,high_mi_high_atp,0.9155669259354718,0.08302607571592073,0.0014069983486073951
26,2459,0.17179332732076766,17817128.381922755,low_mi_high_atp,0.335469117837027,0.01827976832375273,0.6462511138392203
26,2464,0.5237577441183572,5728009.682856444,low_mi_low_atp,0.9331420899790266,0.06623683931267331,0.0006210707083000731
26,2465,0.9643374506019364,7662798.184592414,high_mi_high_atp,0.7391744489681898,0.054232197162186725,0.20659335386962338
26,2470,1.1393262397777593,6504427.492722779,high_mi_low_atp,0.9557988355079288,0.04130273049261624,0.0028984339994550033
26,2473,1.1393262397777593,7468889.692780028,high_mi_high_atp,0.949038305336326,0.04697269604737869,0.003988998616295165
26,2475,0.0,7251427.678288054,low_mi_high_atp,0.9330291151738056,0.0647281568761278,0.0022427279500666867
26,2476,1.1393262397777593,6675679.337402883,high_mi_high_atp,0.9347554090649335,0.06289004524559856,0.002354545689467898
26,2477,1.1393262397777593,6981306.578522929,high_mi_high_atp,0.9297474239516935,0.06748196349949785,0.002770612548808572
26,2478,0.0,11780205.58362685,low_mi_high_atp,0.4354438902005944,0.029711212737344513,0.5348448970620611
26,2480,0.6309412443480125,5779173.427270223,high_mi_low_atp,0.903863801794076,0.0942752705133512,0.0018609276925727152
26,2484,1.1393262397777593,6181339.479645639,high_mi_low_atp,0.9095927725292723,0.08685863415810019,0.0035485933126276343
26,2487,1.1393262397777593,6413658.348267875,high_mi_low_atp,0.944059899248234,0.05024204521586263,0.005698055535903395
26,2489,0.0,25495981.857294433,low_mi_high_atp,0.3470635761202842,0.0223483416765143,0.6305880822032015
26,2491,0.34038395951278777,6418901.961730892,low_mi_low_atp,0.92129928878934,0.07660198391697218,0.0020987272936878513
26,2493,0.5646098270911126,21637906.286788974,high_mi_high_atp,0.24243312967950564,0.02744537685439629,0.7301214934660981
26,2495,0.4608504522714018,8257783.477187712,low_mi_high_atp,0.7808810764404018,0.05503360030679573,0.1640853232528025
27,2496,1.1393262397777593,6291816.2886174945,high_mi_low_atp,0.9331231472241598,0.06337747092057466,0.0034993818552656697
27,2500,1.1393262397777593,5995099.203309025,high_mi_low_atp,0.9315185074597193,0.06668301561908373,0.001798476921196792
27,2504,0.5083849954297467,5555681.582538437,low_mi_low_atp,0.9221710997211746,0.07584246449132184,0.0019864357875036703
27,2505,1.1393262397777593,5712769.90866532,high_mi_low_atp,0.9211759965691653,0.07613836463319833,0.0026856387976363313
27,2506,0.8689001982913815,5667186.684206914,high_mi_low_atp,0.9333387824586032,0.06600437034574591,0.0006568471956510227
27,2508,0.0,21924375.745265167,low_mi_high_atp,0.32932448590683666,0.01471339769485822,0.655962116398305
27,2512,0.0,20002507.971473344,low_mi_high_atp,0.29575842532970587,0.01258539560189902,0.691656179068395
27,2515,0.43180749013833714,6001396.981220464,low_mi_low_atp,0.8862664576196599,0.08034862103602719,0.03338492134431286
27,2516,0.0,7029326.151947349,low_mi_high_atp,0.9411021951156358,0.056750972137899085,0.00214683274646529
27,2517,0.6309412443480125,5892397.886281731,high_mi_low_atp,0.9271008598223024,0.07198901960253475,0.0009101205751629438
27,2518,1.1393262397777593,10261692.3414246,high_mi_high_atp,0.5278663933336419,0.052893469329421655,0.41924013733693644
27,2521,0.0,24123804.855008177,low_mi_high_atp,0.6523420069201671,0.02696282249459674,0.32069517058523617
27,2522,0.3605152028616353,6643414.69729108,low_mi_high_atp,0.947344081178437,0.05165719835801828,0.000998720463544692
27,2524,1.1393262397777593,6877706.134237162,high_mi_high_atp,0.9277810185177745,0.06775827044234872,0.0044607110398767556
27,2529,0.6309412443480125,5220003.296764155,high_mi_low_atp,0.9295334097741633,0.06859396495761749,0.0018726252682192272
27,2532,0.6309412443480125,6425083.079856553,high_mi_low_atp,0.9481071200427514,0.051472954091886486,0.00041992586536212796
27,2538,0.0039060116788910415,10982575.459383583,low_mi_high_atp,0.8869672580767046,0.0850184419629897,0.028014299960305588
27,2539,0.6309412443480125,6384307.704051602,high_mi_low_atp,0.9199184847805552,0.07856305382482548,0.0015184613946193813
27,2540,0.0,5675506.600997429,low_mi_low_atp,0.9385027128436741,0.06101671744131798,0.0004805697150078557
27,2542,0.0,27846702.69941433,low_mi_high_atp,0.28978787347972923,0.016514259117025826,0.6936978674032449
27,2543,1.1393262397777593,5989091.3422225155,high_mi_low_atp,0.8721372798328973,0.1260827721245954,0.0017799480425071674
27,2546,0.0,15895220.918873252,low_mi_high_atp,0.3694688201987697,0.023494472128404196,0.6070367076728261
27,2548,0.6309412443480125,5571209.285650105,high_mi_low_atp,0.9354758785465973,0.06263830383742282,0.001885817615979938
27,2549,1.1393262397777593,6493154.814695549,high_mi_low_atp,0.9220411918485322,0.0680130966189293,0.009945711532538601
27,2552,0.0,11769266.78587409,low_mi_high_atp,0.6083109186005866,0.029715156842212376,0.361973924557201
27,2553,1.1393262397777593,5471004.802431049,high_mi_low_atp,0.9216386357116074,0.07554200029988135,0.002819363988511242
27,2555,0.5699579180264102,6492094.765434377,high_mi_low_atp,0.9136223870098439,0.08352306941742908,0.0028545435727270565
27,2557,0.6309412443480125,8953712.708613485,high_mi_high_atp,0.9303955599907207,0.06861156200546083,0.000992878003818526
27,2561,0.17179332732076766,6926187.47321444,low_mi_high_atp,0.9695699649575011,0.030165620079252272,0.0002644149632465718
27,2562,0.7941837856047351,6319632.701934911,high_mi_low_atp,0.9158560705834624,0.08298285383996756,0.0011610755765699217
27,2563,1.1393262397777593,5793230.590478976,high_mi_low_atp,0.9122733015471703,0.08556320526990484,0.0021634931829247225
27,2569,1.1885633181802615,45421140.09117727,high_mi_high_atp,0.10966717846223421,0.011565886975145035,0.8787669345626207
27,2572,0.6309412443480125,10435952.7628412,high_mi_high_atp,0.9650396835780775,0.03455173993576046,0.00040857648616192854
27,2573,0.6309412443480125,6549740.588352188,high_mi_high_atp,0.8884570308869966,0.10969409561763965,0.001848873495363862
27,2578,0.6309412443480125,5815375.136380446,high_mi_low_atp,0.902730753633757,0.09535878817163289,0.0019104581946101892
27,2579,1.1393262397777593,6204033.754960448,high_mi_low_atp,0.9420723169124997,0.050249671907953534,0.007678011179546813
27,2581,0.0,6471479.499665916,low_mi_low_atp,0.9221173516560475,0.05812950196555543,0.019753146378396966
27,2582,0.6309412443480125,7126657.427212365,high_mi_high_atp,0.7720461836541288,0.061138744349634275,0.16681507199623694
27,2583,1.1393262397777593,6196376.972959531,high_mi_low_atp,0.9248701408258911,0.07080914400915417,0.004320715164954664
27,2585,0.0,19100278.078896083,low_mi_high_atp,0.29368470501920474,0.022204118241653473,0.6841111767391419
27,2586,0.24011158302361144,6817999.121455335,low_mi_high_atp,0.8910198290582944,0.06068447667002238,0.048295694271683245
27,2587,1.1393262397777593,5648896.605168555,high_mi_low_atp,0.9228346887352529,0.0751744955951347,0.0019908156696124574
27,2588,0.7347634920883144,16448883.980925573,high_mi_high_atp,0.2887042181476834,0.029585255193225368,0.6817105266590913
28,2592,1.1393262397777593,6388933.666946798,high_mi_low_atp,0.9467433403738134,0.05306053425711284,0.00019612536907375575
28,2593,1.1393262397777593,5878864.18253587,high_mi_low_atp,0.9360302822182064,0.06123681408304904,0.002732903698744624
28,2594,1.1393262397777593,5364517.040230145,high_mi_low_atp,0.9005576062748629,0.0957190444460677,0.0037233492790694316
28,2595,0.34038395951278777,9378225.403530201,low_mi_high_atp,0.5555664837766513,0.04838598192112652,0.39604753430222206
28,2596,0.6309412443480125,5444904.479493348,high_mi_low_atp,0.9090395567905403,0.08901449656664576,0.0019459466428138354
28,2598,1.1393262397777593,6046902.4287053,high_mi_low_atp,0.9337890074486477,0.06483817473638531,0.0013728178149671258
28,2599,0.0,8258142.834675948,low_mi_high_atp,0.9183853248256902,0.04784600862132596,0.033768666552983884
28,2604,0.3605152028616353,19907608.32814194,low_mi_high_atp,0.272124330039366,0.029740271862129908,0.698135398098504
28,2605,0.9643374506019364,5997310.614499999,high_mi_low_atp,0.8988026841831556,0.09425213224155402,0.0069451835752904
28,2606,0.6309412443480125,5739987.492084255,high_mi_low_atp,0.9222463580250493,0.07635700287500513,0.0013966390999454296
28,2607,0.0,5675655.395361365,low_mi_low_atp,0.9396680635091683,0.06017858071824154,0.00015335577259008954
28,2608,0.0,8749409.664397025,low_mi_high_atp,0.9624244997159391,0.037112060634179614,0.00046343964988125776
28,2612,0.0,11302133.86732963,low_mi_high_atp,0.6789557669165609,0.037768703818763114,0.28327552926467603
28,2613,1.1393262397777593,5213041.971944081,high_mi_low_atp,0.9351001420827186,0.06057799516074862,0.004321862756532753
28,2614,0.5984741568050038,5743694.030114909,high_mi_low_atp,0.8405675912785446,0.09535345098457691,0.06407895773687856
28,2615,0.8248526534635711,5644600.441846323,high_mi_low_atp,0.9308311095042365,0.06642706788666639,0.0027418226090969375
28,2616,1.1393262397777593,6059923.619722073,high_mi_low_atp,0.8934587495904549,0.10494486910337553,0.0015963813061696747
28,2617,0.5699579180264102,18100903.8730041,high_mi_high_atp,0.3074918732765919,0.022901259021153135,0.669606867702255
28,2618,0.1717933273207677,17698353.77965298,low_mi_high_atp,0.2920571781202494,0.01972168465510693,0.6882211372246437
28,2620,0.22103040572326965,24378202.21666495,low_mi_high_atp,0.22982826776863102,0.016435137985899958,0.7537365942454691
28,2621,0.6309412443480125,21797687.497214563,high_mi_high_atp,0.2694120671647881,0.0207518757912957,0.7098360570439162
28,2625,0.6309412443480125,5702025.218452338,high_mi_low_atp,0.9118012421124235,0.08732812039893241,0.0008706374886439721
28,2626,0.5984741568050038,5791962.378035043,high_mi_low_atp,0.8887166899665322,0.11063444523431175,0.0006488647991559812
28,2628,0.81966311988888,5346425.796790967,high_mi_low_atp,0.8991408127795151,0.09877649589277748,0.0020826913277075336
28,2630,0.2756155750610693,67835878.52512138,low_mi_high_atp,0.07489210295195547,0.005899218487575588,0.919208678560469
28,2631,0.0,6390119.910001815,low_mi_low_atp,0.7712422102847963,0.10342373019143489,0.12533405952376864
28,2632,0.0,14039270.716365708,low_mi_high_atp,0.8298198798962143,0.02082209154761324,0.14935802855617247
28,2633,0.6309412443480125,8109500.960570047,high_mi_high_atp,0.9593347636089017,0.040033407823291955,0.0006318285678062464
28,2634,0.6309412443480125,5524157.727171587,high_mi_low_atp,0.9089920873952129,0.08857378576603134,0.002434126838755759
28,2640,0.6309412443480125,5399995.0359000405,high_mi_low_atp,0.9062085212033036,0.0915824847290293,0.0022089940676670305
28,2641,1.1393262397777593,5720470.804630247,high_mi_low_atp,0.9329696802636782,0.06501001473879486,0.0020203049975269925
28,2642,0.6309412443480125,7963111.227646928,high_mi_high_atp,0.7012561149853516,0.10696723716921341,0.19177664784543502
28,2644,0.0,10324705.72790201,low_mi_high_atp,0.9530189123875099,0.046419070126182654,0.0005620174863074383
28,2645,1.1393262397777593,42647844.16043438,high_mi_high_atp,0.11467554617432855,0.011627247401454217,0.8736972064242172
28,2647,0.0,6273734.435972878,low_mi_low_atp,0.9301481311305477,0.06845258362140158,0.0013992852480507047
28,2648,1.1393262397777593,6314317.844769008,high_mi_low_atp,0.9268438442486523,0.07085450659512915,0.0023016491562186563
28,2649,0.24011158302361144,7768458.57737838,low_mi_high_atp,0.9276616147948881,0.07140678416981881,0.0009316010352931267
28,2650,0.34038395951278777,6050843.625055249,low_mi_low_atp,0.9195606436557986,0.07847290701508719,0.00196644932911433
28,2651,1.1393262397777593,6309855.1775629,high_mi_low_atp,0.922567249888624,0.07527119433093934,0.0021615557804366315
28,2653,0.0,6512480.402413164,low_mi_low_atp,0.9347789940584038,0.0649129332677425,0.00030807267385369696
28,2655,0.7347634920883139,8832468.76450221,high_mi_high_atp,0.9538297453213322,0.04591054733753628,0.0002597073411314699
28,2657,1.1885633181802615,5487889.245153618,high_mi_low_atp,0.9206043384568868,0.07687967589320654,0.0025159856499067258
28,2659,0.0,6776150.721885339,low_mi_high_atp,0.9225339713391548,0.07659170390453915,0.0008743247563059906
28,2660,1.1393262397777593,5993143.025818215,high_mi_low_atp,0.9257890535185272,0.07054345580177328,0.003667490679699538
28,2662,0.5699579180264102,8009157.706253384,high_mi_high_atp,0.8302487056237144,0.05507440382035606,0.11467689055592946
28,2665,0.5083849954297467,5462005.476981556,low_mi_low_atp,0.892598869777503,0.09929375032269243,0.008107379899804671
28,2668,1.1393262397777593,5775538.080261629,high_mi_low_atp,0.9337031723484731,0.06481873628322858,0.001478091368298316
28,2669,0.81966311988888,5871947.6147654615,high_mi_low_atp,0.9268067680222412,0.07040042550244423,0.002792806475314782
28,2670,0.5083849954297467,5427644.020717546,low_mi_low_atp,0.9373775566971706,0.0611647935516147,0.001457649751214666
28,2671,1.1393262397777593,6072071.135956329,high_mi_low_atp,0.9299948986203043,0.068222966531845,0.0017821348478508096
28,2676,1.1393262397777593,8126686.391507991,high_mi_high_atp,0.9344130521523015,0.0649653565125743,0.0006215913351240916
28,2679,0.10360081745910499,16925488.402657617,low_mi_high_atp,0.29393885569869527,0.022238868921880418,0.6838222753794244
28,2681,0.5083849954297467,9725727.78449977,low_mi_high_atp,0.7994543534945635,0.07322015511407272,0.12732549139136362
28,2683,0.0039060116788910415,6216156.875237634,low_mi_low_atp,0.9545117953254614,0.04514868675459284,0.00033951791994584916
29,2688,0.6309412443480125,5452256.19808995,high_mi_low_atp,0.9032800169497431,0.09459142126628259,0.002128561783974275
29,2689,0.0,6361751.869850894,low_mi_low_atp,0.9244684221035062,0.07200477076519274,0.0035268071313011317
29,2691,1.1393262397777593,5825222.230331476,high_mi_low_atp,0.8978545408146794,0.10037588660036947,0.0017695725849511167
29,2692,1.1393262397777593,5667674.174262715,high_mi_low_atp,0.9138452853768702,0.08353573509663345,0.002618979526496372
29,2700,0.9589893596666389,5875831.730755215,high_mi_low_atp,0.9338092479514771,0.06273357747129675,0.003457174577226151
29,2701,1.1393262397777593,6019772.442713057,high_mi_low_atp,0.8869567445246257,0.10788906385048784,0.0051541916248863924
29,2702,0.6309412443480125,6259715.628031401,high_mi_low_atp,0.9313259352210318,0.0673548205137269,0.0013192442652413547
29,2704,0.81966311988888,5608645.633883601,high_mi_low_atp,0.9226892087030535,0.07586344361729477,0.0014473476796516994
29,2707,0.0,18755186.076299883,low_mi_high_atp,0.291983712498585,0.018848767072782,0.689167520428633
29,2709,0.43180749013833714,16868208.555331275,low_mi_high_atp,0.31350615579003793,0.01782607429866275,0.6686677699112994
29,2710,0.0,7073195.57442533,low_mi_high_atp,0.9386931039075321,0.05990220249739274,0.0014046935950751073
29,2711,0.0,17258743.28900835,low_mi_high_atp,0.4946981669058967,0.016044824047488058,0.48925700904661523
29,2715,1.1393262397777593,5730535.2524454575,high_mi_low_atp,0.9363866259050075,0.06092602692123914,0.002687347173753316
29,2719,1.1393262397777593,28523419.563820705,high_mi_high_atp,0.17784810044943702,0.00984276577885781,0.8123091337717052
29,2721,0.7840005704908161,14953649.88702293,high_mi_high_atp,0.32161027586478125,0.02001167059605331,0.6583780535391655
29,2723,0.0,6507506.132523736,low_mi_low_atp,0.8807627918927712,0.11373262117790812,0.005504586929320634
29,2724,1.1393262397777593,5652068.11780266,high_mi_low_atp,0.9198599769275978,0.07590937031342139,0.004230652758980923
29,2725,0.24011158302361144,11731113.78054261,low_mi_high_atp,0.4739844687352438,0.031546423852686,0.4944691074120703
29,2731,0.0039060116788910415,31330552.75189153,low_mi_high_atp,0.1824161023369305,0.010223479395413378,0.807360418267656
29,2732,1.1393262397777593,5933422.680657725,high_mi_low_atp,0.921855794236037,0.07635669590247239,0.0017875098614905777
29,2733,1.1393262397777593,6064749.703763776,high_mi_low_atp,0.9093869960984724,0.08861985958224705,0.0019931443192806307
29,2734,0.0,7437222.382214302,low_mi_high_atp,0.9390029657447836,0.05777994209985939,0.0032170921553569365
29,2735,0.24011158302361144,19053066.026581757,low_mi_high_atp,0.2617856911991393,0.02855422641845482,0.7096600823824059
29,2738,0.1717933273207677,17442743.26734856,low_mi_high_atp,0.3008241709667795,0.02068264177811479,0.6784931872551057
29,2739,0.0,7604158.469860884,low_mi_high_atp,0.94774720451901,0.051098376438042326,0.001154419042947762
29,2741,0.34038395951278777,7979212.665880194,low_mi_high_atp,0.8586773688941011,0.07747083040644204,0.06385180069945685
29,2744,0.5083849954297467,24365664.981665082,low_mi_high_atp,0.20915663924593408,0.016233001611108425,0.7746103591429574
29,2745,1.1393262397777593,5820417.590331253,high_mi_low_atp,0.9127119046221576,0.08508890046913094,0.002199194908711482
29,2748,0.9589893596666387,28049845.202421363,high_mi_high_atp,0.2237433408612237,0.014752329646261638,0.7615043294925147
29,2749,0.0,6361482.066413236,low_mi_low_atp,0.925128551889843,0.06979930642177246,0.005072141688384518
29,2750,1.1393262397777593,24722512.287108954,high_mi_high_atp,0.22623151217989004,0.019303859891191544,0.7544646279289184
29,2751,0.0,6109122.8933971375,low_mi_low_atp,0.920305189263318,0.07929045830269056,0.0004043524339916055
29,2754,0.6309412443480125,5902886.306520081,high_mi_low_atp,0.8725112661958588,0.12434263715499638,0.003146096649144802
29,2755,0.0,7315571.082869634,low_mi_high_atp,0.9194135551646823,0.07885608713745357,0.0017303576978641515
29,2758,0.0,10780833.715240233,low_mi_high_atp,0.4819631687381323,0.04086068441983717,0.4771761468420306
29,2760,0.6309412443480125,5277222.623467704,high_mi_low_atp,0.9267193035719562,0.07067190028642681,0.00260879614161697
29,2761,0.0,6135101.533705822,low_mi_low_atp,0.93556488629976,0.06346212483133533,0.0009729888689046696
29,2762,0.6309412443480125,26453385.34130974,high_mi_high_atp,0.1988954765948515,0.01962853107433549,0.7814759923308131
29,2764,0.0,10976039.204550805,low_mi_high_atp,0.9391312070477088,0.05914353913299009,0.0017252538193009291
29,2765,0.0,8192326.099726361,low_mi_high_atp,0.9745058267620773,0.02483066502473016,0.0006635082131924308
29,2766,0.81966311988888,5518389.085568968,high_mi_low_atp,0.8886029746756846,0.10963630026302178,0.0017607250612935441
29,2767,0.5699579180264102,7017199.29145075,high_mi_high_atp,0.8500981013912017,0.04831759485838171,0.10158430375041667
29,2769,1.1885633181802615,6526648.651143571,high_mi_low_atp,0.8267481479855847,0.06253320507226855,0.11071864694214668
29,2771,1.1393262397777593,5677677.724895609,high_mi_low_atp,0.9375131267702009,0.06071486201729557,0.0017720112125035286
29,2772,1.1393262397777593,5761948.073120448,high_mi_low_atp,0.9399743004308583,0.05833404381430811,0.0016916557548337402
29,2777,0.5984741568050038,5090062.113581231,high_mi_low_atp,0.9179087093234543,0.07872856707531056,0.003362723601235236
29,2778,1.1393262397777593,6119065.632543,high_mi_low_atp,0.8936821243689126,0.09894396670732727,0.007373908923760153
29,2779,0.81966311988888,5351532.06670273,high_mi_low_atp,0.9079420462472076,0.08909061393564607,0.00296733981714637
29,2781,0.0,62668978.637932315,low_mi_high_atp,0.09025119647776804,0.00494762263584371,0.9048011808863883
30,2784,0.7941837856047351,6011034.500480708,high_mi_low_atp,0.9228049936760605,0.07530992867460667,0.0018850776493327629
30,2788,0.6309412443480125,12911205.461932724,high_mi_high_atp,0.8397525505028053,0.02550740063267772,0.13474004886451704
30,2793,0.6309412443480125,5362002.71403337,high_mi_low_atp,0.9270077174061995,0.07070749011492951,0.0022847924788711328
30,2795,0.5699579180264102,5379085.119187525,high_mi_low_atp,0.9105578480103633,0.08721874521816722,0.002223406771469405
30,2796,0.7941837856047351,21423375.684681606,high_mi_high_atp,0.2176250643443178,0.01750293314263962,0.7648720025130424
30,2797,0.5984741568050038,5682274.688271929,high_mi_low_atp,0.916939339446841,0.08149055162490049,0.001570108928258393
30,2798,0.0039060116788910415,25378405.946477305,low_mi_high_atp,0.20742106184333747,0.012693647710158832,0.7798852904465038
30,2799,1.1393262397777593,5649893.695080108,high_mi_low_atp,0.9226899944149305,0.07290123079656283,0.004408774788506659
30,2800,1.1393262397777593,5797675.302082036,high_mi_low_atp,0.9194683601244437,0.07832537450772138,0.0022062653678348166
30,2801,0.11081000099916546,27839789.592733063,low_mi_high_atp,0.20179710421950436,0.014394800159446124,0.7838080956210495
30,2804,0.9589893596666389,5772695.657270652,high_mi_low_atp,0.9205476318124302,0.07701319922384423,0.002439168963725727
30,2805,0.0,8330430.797122485,low_mi_high_atp,0.9593738777977231,0.040295088095908864,0.00033103410636796106
30,2806,0.0039060116788910415,8651947.147568548,low_mi_high_atp,0.9628666268514748,0.03706233048100059,7.104266752442517e-05
30,2810,1.1393262397777593,5639450.523731542,high_mi_low_atp,0.9259034058123232,0.07241702987764594,0.001679564310030922
30,2811,0.6309412443480125,6086895.514027353,high_mi_low_atp,0.9334063306022451,0.0662417327390329,0.00035193665872192245
30,2812,0.0,7991621.902040697,low_mi_high_atp,0.9541537813045957,0.04419991908253667,0.0016462996128676387
30,2813,0.9643374506019364,5649657.7727894,high_mi_low_atp,0.917483056728831,0.08067539053346791,0.0018415527377011304
30,2815,0.6309412443480125,5547080.163906218,high_mi_low_atp,0.9279461527777484,0.07002870803586146,0.002025139186390098
30,2816,1.1393262397777593,5609495.132544138,high_mi_low_atp,0.9340919317274083,0.06359247637974623,0.002315591892845471
30,2819,0.6309412443480125,5232848.382261496,high_mi_low_atp,0.9254131057775967,0.07260795509225117,0.0019789391301519997
30,2820,0.4608504522714018,5342965.502031965,low_mi_low_atp,0.9066209382808684,0.08852195789160386,0.00485710382752767
30,2822,0.6309412443480125,20281395.491522435,high_mi_high_atp,0.25281956015613155,0.026721809559245774,0.7204586302846226
30,2823,0.0,59177051.05395949,low_mi_high_atp,0.11146164741986123,0.006542507226832964,0.8819958453533058
30,2825,0.5699579180264102,5481466.677374764,high_mi_low_atp,0.9179208200324752,0.0800610070840553,0.00201817288346952
30,2827,1.1393262397777593,5630011.276802949,high_mi_low_atp,0.9431888694120888,0.0556051717047449,0.001205958883166306
30,2828,1.4589893596666386,5686299.128393824,high_mi_low_atp,0.8960564963806393,0.0992865767241441,0.004656926895216642
30,2830,0.0,8035954.14150597,low_mi_high_atp,0.9300601789216921,0.0670713296544041,0.0028684914239038503
30,2834,0.0,23015861.55547006,low_mi_high_atp,0.30752829573545093,0.016847084334381337,0.6756246199301678
30,2835,1.1393262397777593,6279896.106168178,high_mi_low_atp,0.9324718597290879,0.06653967411179647,0.0009884661591156468
30,2836,0.7294154011530164,6632961.429638226,high_mi_high_atp,0.9416961440053299,0.05457543230704268,0.003728423687627396
30,2838,0.5699579180264102,8985030.578126607,high_mi_high_atp,0.9564286949103091,0.042691373107169875,0.0008799319825208742
30,2839,0.6581859867969045,7741160.054545725,high_mi_high_atp,0.9348436264293964,0.062467019968825525,0.0026893536017779875
30,2840,0.5699579180264102,18312500.213101007,high_mi_high_atp,0.3322222769599824,0.017818236034849003,0.6499594870051685
30,2843,0.6309412443480125,5367874.076115757,high_mi_low_atp,0.926211395113037,0.07214823117126473,0.0016403737156983464
30,2844,1.4589893596666386,5670763.362084728,high_mi_low_atp,0.920043014049642,0.0783476624329594,0.0016093235173986597
30,2845,0.6309412443480125,5835621.385500688,high_mi_low_atp,0.908563148015469,0.08935864309554696,0.002078208888984086
30,2846,0.0,14187865.328774791,low_mi_high_atp,0.6052551859555331,0.04391718940831375,0.3508276246361532
30,2850,0.049237078402501966,6451776.251078919,low_mi_low_atp,0.9470672447492923,0.05258424332172491,0.00034851192898274893
30,2852,0.049237078402501966,7728102.422628305,low_mi_high_atp,0.698284764816604,0.04397737318960652,0.2577378619937895
30,2853,0.7294154011530164,5543934.113862748,high_mi_low_atp,0.9351714899133537,0.06368414448701638,0.0011443655996298705
30,2854,0.5984741568050038,6104560.232173448,high_mi_low_atp,0.9095245754443729,0.08554536349701163,0.004930061058615512
30,2856,0.5699579180264102,5435449.665494175,high_mi_low_atp,0.9238289298096286,0.07277390794564989,0.0033971622447213517
30,2857,0.5083849954297467,5247921.901871427,low_mi_low_atp,0.928704896730736,0.06945000973804313,0.0018450935312209335
30,2858,0.6309412443480125,5342578.466143531,high_mi_low_atp,0.9288855755582919,0.06982772669660862,0.001286697745099492
30,2860,0.6309412443480125,6129324.840240238,high_mi_low_atp,0.9490003449542779,0.05031050916886821,0.0006891458768540044
30,2865,1.1393262397777593,6472007.753220487,high_mi_low_atp,0.9258207702093356,0.07124376697716632,0.002935462813498095
30,2866,0.5083849954297467,37272363.45893852,low_mi_high_atp,0.14236812722022663,0.015658211315088225,0.8419736614646851
30,2867,1.1393262397777593,5769648.639948614,high_mi_low_atp,0.9323598268711539,0.06543156736998498,0.002208605758861145
30,2868,1.1393262397777593,7750446.108453805,high_mi_high_atp,0.7072374983814416,0.05600408259697344,0.23675841902158498
30,2871,0.0,7589961.986382111,low_mi_high_atp,0.9452990245575682,0.053464271841121354,0.001236703601310434
30,2873,0.40975228126413704,35267753.38531656,low_mi_high_atp,0.1560882868473268,0.0093091533775462,0.834602559775127
30,2874,0.0,10243998.509147564,low_mi_high_atp,0.9476572770128164,0.05011039292610973,0.0022323300610736997
30,2876,0.24011158302361144,22935788.263839398,low_mi_high_atp,0.2722526107195662,0.017148828596896613,0.7105985606835372
30,2878,0.7941837856047351,5561572.340553853,high_mi_low_atp,0.9073269964937909,0.08918366812310426,0.0034893353831048574
30,2879,0.0,50265027.99342228,low_mi_high_atp,0.11363231161438109,0.006445965072265665,0.8799217233133533
31,2883,0.5051895335746919,5268200.32150134,low_mi_low_atp,0.9306272922799556,0.06749252995907608,0.0018801777609683042
31,2884,1.1393262397777593,5681228.827858269,high_mi_low_atp,0.9230364168097304,0.07474982270210292,0.0022137604881667036
31,2886,0.9589893596666389,5814119.049528338,high_mi_low_atp,0.9173046533550415,0.08022539521514407,0.002469951429814376
31,2888,0.0,6453664.0401935475,low_mi_low_atp,0.9181552900128988,0.07781269740237735,0.004032012584723915
31,2890,0.6309412443480125,23313223.004719317,high_mi_high_atp,0.20104862566857526,0.01716154486412108,0.7817898294673036
31,2891,0.5699579180264102,5281966.453553303,high_mi_low_atp,0.9308596304193537,0.06720696629966691,0.0019334032809792496
31,2894,0.5083849954297467,6486045.640339109,low_mi_low_atp,0.9192600743207391,0.07863350362690756,0.00210642205235347
31,2895,0.81966311988888,6709906.380019771,high_mi_high_atp,0.8937460132229107,0.1052885704738853,0.0009654163032040031
31,2896,0.0,4835064.96201096,low_mi_low_atp,0.9201219090239866,0.0777059770813029,0.002172113894710334
31,2897,0.81966311988888,5392264.757393026,high_mi_low_atp,0.9152984051757139,0.08274892039610582,0.0019526744281803713
31,2898,0.6309412443480125,9269183.481164135,high_mi_high_atp,0.6818881237440312,0.0531257571333777,0.2649861191225912
31,2899,0.0,31548069.220908113,low_mi_high_atp,0.2514601226373486,0.013782833957621806,0.7347570434050296
31,2900,0.5083849954297467,17128499.877901245,low_mi_high_atp,0.3236145811683703,0.026368387888098165,0.6500170309435317
31,2901,0.0,11056931.889185447,low_mi_high_atp,0.6293301815987528,0.051813473962713186,0.3188563444385341
31,2902,1.1393262397777593,5891563.634594414,high_mi_low_atp,0.9036884365464032,0.09229851847070578,0.004013044982890983
31,2903,1.1393262397777593,5715566.7987880595,high_mi_low_atp,0.9154479096850021,0.08206459077668345,0.0024874995383145125
31,2904,0.7941837856047351,5446730.461164849,high_mi_low_atp,0.8958458644850562,0.10263854680081108,0.0015155887141326664
31,2906,0.0,9642803.023409704,low_mi_high_atp,0.5191825793585161,0.04486219109852262,0.4359552295429613
31,2908,0.7294154011530164,5753566.689746697,high_mi_low_atp,0.9094510392284335,0.08880267984484277,0.0017462809267238387
31,2909,0.9643374506019364,12738574.424661377,high_mi_high_atp,0.4058331334286878,0.04525978858953997,0.5489070779817722
31,2911,0.81966311988888,5202011.010331628,high_mi_low_atp,0.92228543769632,0.07610946675554948,0.0016050955481304546
31,2912,0.5699579180264102,5990678.91427136,high_mi_low_atp,0.9449352126311408,0.0546610904017036,0.0004036969671557297
31,2913,1.1393262397777593,5872229.11335832,high_mi_low_atp,0.9351983761556848,0.0642969214172763,0.0005047024270389312
31,2914,0.5051895335746919,6543429.8045570385,low_mi_low_atp,0.943484123835323,0.05512640564364326,0.001389470521033768
31,2917,0.6309412443480125,7553723.853284444,high_mi_high_atp,0.9527777771424062,0.046852813325151815,0.00036940953244196385
31,2918,0.7294154011530166,5987187.535265812,high_mi_low_atp,0.8400114808707482,0.06720489603070237,0.09278362309854948
31,2919,1.1393262397777593,5865133.481123065,high_mi_low_atp,0.9390132353991997,0.060717060152878234,0.00026970444792202955
31,2920,0.6309412443480125,6367115.197585005,high_mi_low_atp,0.9177209595569097,0.07629258651941967,0.005986453923670567
31,2922,0.6309412443480125,14305768.835511105,high_mi_high_atp,0.3956113686156798,0.026443761050451604,0.5779448703338687
31,2924,0.6309412443480125,8088728.843660683,high_mi_high_atp,0.5916820245374078,0.06369860763981879,0.3446193678227734
31,2925,1.1393262397777593,5405257.182885394,high_mi_low_atp,0.886864603051479,0.10997228213331389,0.0031631148152073164
31,2926,0.0,7191399.174492601,low_mi_high_atp,0.9411568130143146,0.05829929738020508,0.0005438896054802191
31,2928,0.0039060116788910415,17938046.37159133,low_mi_high_atp,0.4413405630329526,0.020391430534887164,0.5382680064321602
31,2929,0.0,63487432.19622727,low_mi_high_atp,0.13000333831626662,0.008429132322784598,0.8615675293609488
31,2931,0.6309412443480125,5300704.554233776,high_mi_low_atp,0.9069336910722138,0.09018609507850206,0.002880213849284241
31,2932,0.0,8026299.674907278,low_mi_high_atp,0.9592489436537873,0.03997205475153054,0.0007790015946822175
31,2933,0.5699579180264102,5213284.010242934,high_mi_low_atp,0.9139696666502265,0.08308524600453147,0.002945087345242006
31,2935,0.0,6709021.737678822,low_mi_high_atp,0.823253938967643,0.06655791864296579,0.11018814238939117
31,2939,0.81966311988888,5698491.145039366,high_mi_low_atp,0.9124439192322449,0.08530061117784571,0.0022554695899093544
31,2942,1.1393262397777593,5704958.670978028,high_mi_low_atp,0.9370768529232499,0.06151691924131009,0.0014062278354399615
31,2943,0.5984741568050038,7710507.255657291,high_mi_high_atp,0.716316060334955,0.0460925079518742,0.2375914317131707
31,2947,0.4608504522714016,6330649.721376342,low_mi_low_atp,0.9507468605564431,0.04834953883157565,0.000903600611981295
31,2948,1.1393262397777593,5953200.421760891,high_mi_low_atp,0.9268604439036865,0.06878867773364908,0.004350878362664472
31,2949,1.4589893596666386,5832536.947268729,high_mi_low_atp,0.9260585424846618,0.07255644039297948,0.0013850171223587227
31,2951,0.0,6316116.921236899,low_mi_low_atp,0.9405216355223381,0.05504097870446446,0.004437385773197527
31,2953,1.1393262397777593,5749517.545997195,high_mi_low_atp,0.9188900217731025,0.0787691317073784,0.0023408465195191575
31,2956,0.7347634920883139,5491111.477433313,high_mi_low_atp,0.9212211984948864,0.07724325050348674,0.0015355510016268003
31,2957,1.1393262397777593,6036750.510068223,high_mi_low_atp,0.9179584833646605,0.08050868208188522,0.0015328345534545082
31,2958,0.0,6162247.66320943,low_mi_low_atp,0.950100799379813,0.04968020091225068,0.00021899970793633122
31,2960,1.1393262397777593,5396665.129510387,high_mi_low_atp,0.8998971976552977,0.0973917107898387,0.0027110915548635866
31,2962,0.0,10889280.485756384,low_mi_high_atp,0.8656065249227904,0.06581253159941955,0.06858094347778992
31,2966,0.7941837856047351,6166767.889551946,high_mi_low_atp,0.9278836276100885,0.069602154369198,0.0025142180207135103
31,2967,0.0,12936161.911276817,low_mi_high_atp,0.39488066360174395,0.02864789089829575,0.5764714454999602
31,2969,0.0,24522455.389572214,low_mi_high_atp,0.4527421045846952,0.018383737649535006,0.5288741577657698
31,2970,1.1393262397777593,5590259.106326194,high_mi_low_atp,0.9066889160662817,0.08070219016279959,0.012608893770918932
31,2973,0.0,35127285.25825369,low_mi_high_atp,0.3262164394397171,0.01339853379569219,0.6603850267645907
31,2974,0.0,14607677.902963424,low_mi_high_atp,0.3716700371408265,0.02576765330151797,0.6025623095576554
32,2978,0.6309412443480125,5925486.359644693,high_mi_low_atp,0.9210255214806844,0.07686624806328363,0.002108230456031991
32,2983,1.1393262397777593,5816952.340212214,high_mi_low_atp,0.919354993877621,0.07722092071839971,0.0034240854039793585
32,2984,0.0,7525588.306346498,low_mi_high_atp,0.9522893892204081,0.04357552433285603,0.004135086446735823
32,2985,0.5083849954297467,5333972.320635577,low_mi_low_atp,0.9269406341330335,0.0704532646454156,0.0026061012215508965
32,2987,1.1393262397777593,5539660.65621288,high_mi_low_atp,0.9352212285412668,0.06338953218652361,0.0013892392722096019
32,2988,0.6309412443480125,5463600.737456223,high_mi_low_atp,0.9170833081831626,0.0809293629820985,0.001987328834738874
32,2989,1.1393262397777593,5529072.495539084,high_mi_low_atp,0.8806177120040598,0.1157545375193105,0.0036277504766297724
32,2992,0.6309412443480125,11059948.953985011,high_mi_high_atp,0.9335730381174284,0.0635300409068405,0.0028969209757310935
32,2994,0.6309412443480125,24589920.680608753,high_mi_high_atp,0.21915139729870495,0.026352397883667167,0.7544962048176279
32,2995,1.1393262397777593,5329790.0051796455,high_mi_low_atp,0.9189177189705351,0.07610296129617473,0.004979319733290042
32,2996,1.1393262397777593,5671516.649657038,high_mi_low_atp,0.9156742465046809,0.08271539533226256,0.0016103581630564439
32,2997,0.0,7182499.138584806,low_mi_high_atp,0.9470362571840337,0.05124634890426913,0.0017173939116971082
32,2999,0.0,8995343.468002463,low_mi_high_atp,0.9306559767063599,0.06677001470488514,0.002574008588755011
32,3001,0.6309412443480125,11456600.615189802,high_mi_high_atp,0.8974501975546111,0.06610793685234843,0.036441865593040475
32,3002,0.0,7151925.216022155,low_mi_high_atp,0.9069369630774099,0.08908081942440492,0.003982217498185183
32,3003,1.4589893596666386,6076073.9191921335,high_mi_low_atp,0.920654369749755,0.07558758820869967,0.003758042041545232
32,3005,0.0,10825110.717102911,low_mi_high_atp,0.9521497640728475,0.046471719874438266,0.0013785160527143465
32,3007,0.5083849954297467,5365422.73408994,low_mi_low_atp,0.9402808668466182,0.05832407744878061,0.0013950557046013396
32,3010,0.6309412443480125,5333804.354631976,high_mi_low_atp,0.9339879769912981,0.06329147839949309,0.002720544609208865
32,3011,0.0039060116788910415,22798608.79965744,low_mi_high_atp,0.22692877269871756,0.01603654856145462,0.7570346787398279
32,3012,0.6309412443480125,5317427.455781474,high_mi_low_atp,0.9260477010461359,0.07190014215610008,0.0020521567977641636
32,3014,0.43180749013833714,5869497.605944117,low_mi_low_atp,0.8971817503555712,0.09677476328971514,0.0060434863547136125
32,3015,0.6309412443480125,6211435.015123037,high_mi_low_atp,0.9322284925205341,0.06523110652080502,0.0025404009586607805
32,3016,0.6635340777322023,5863895.050417307,high_mi_low_atp,0.9292949827192092,0.06972136039611357,0.0009836568846772105
32,3017,1.1393262397777593,5834296.673278772,high_mi_low_atp,0.9332912499773915,0.06540424761747277,0.0013045024051357114
32,3018,1.4589893596666386,5667125.537040997,high_mi_low_atp,0.887733912271042,0.10411502456021456,0.008151063168743283
32,3019,1.4589893596666386,5356497.106159765,high_mi_low_atp,0.9132943950723121,0.07871802653304096,0.007987578394647034
32,3020,0.5083849954297467,5720217.163532408,low_mi_low_atp,0.9008422803065583,0.09587819385520807,0.0032795258382334875
32,3021,0.0,19397973.68002525,low_mi_high_atp,0.36743298458204854,0.037203140185233415,0.595363875232718
32,3022,0.4589893596666389,52546728.15961772,low_mi_high_atp,0.10141747292454621,0.006611008285453665,0.8919715187900001
32,3023,0.2312764937577793,42858099.69227995,low_mi_high_atp,0.12545951738006061,0.007764349915313376,0.866776132704626
32,3024,1.4589893596666386,5694194.553319206,high_mi_low_atp,0.917758267558453,0.0762939835733001,0.005947748868246877
32,3025,1.1393262397777593,5736318.80720749,high_mi_low_atp,0.9392730798467821,0.056791941076761,0.0039349790764569926
32,3026,0.4608504522714016,54055707.96675813,low_mi_high_atp,0.08010674226469765,0.01092292538138492,0.9089703323539174
32,3029,1.4589893596666386,5506283.978739096,high_mi_low_atp,0.9066307389454162,0.08905120520741253,0.0043180558471711105
32,3030,0.0,52051208.52285939,low_mi_high_atp,0.10227352536225207,0.007885447749922943,0.889841026887825
32,3035,0.6309412443480125,5906097.278426672,high_mi_low_atp,0.8950577702137534,0.10239672461445601,0.002545505171790582
32,3036,0.81966311988888,9497908.39584887,high_mi_high_atp,0.933686499198993,0.0646614937233049,0.0016520070777019421
32,3037,0.81966311988888,5708033.167173865,high_mi_low_atp,0.9399637293433946,0.059418217895260646,0.0006180527613449024
32,3038,0.5083849954297467,5326325.092976848,low_mi_low_atp,0.9092355723902789,0.08733310149217856,0.003431326117542514
32,3039,1.4589893596666386,5588377.277696281,high_mi_low_atp,0.9196013158652575,0.07858146073836637,0.0018172233963762545
32,3040,0.0,11658703.181909168,low_mi_high_atp,0.4661247158147239,0.04320764574729545,0.49066763843798056
32,3044,0.0,9849065.140286628,low_mi_high_atp,0.5244608550215987,0.03544411613927156,0.4400950288391299
32,3045,0.6309412443480125,5615646.021928708,high_mi_low_atp,0.9057022223145431,0.09247547295288368,0.0018223047325731869
32,3047,1.1393262397777593,5647405.213742758,high_mi_low_atp,0.9441657834222651,0.05438878008446296,0.0014454364932720246
32,3048,0.0,24572241.194796663,low_mi_high_atp,0.5707979555742541,0.020916133369955875,0.40828591105579
32,3049,0.9589893596666387,5894395.297354154,high_mi_low_atp,0.907128813371508,0.08937490690724244,0.0034962797212496465
32,3053,0.5984741568050038,5122452.71400872,high_mi_low_atp,0.9143942310489815,0.08271902834393235,0.0028867406070860863
32,3056,0.0,13939956.600678556,low_mi_high_atp,0.6853501073311328,0.02572538194494961,0.28892451072391756
32,3059,1.1393262397777593,5714135.552912322,high_mi_low_atp,0.9172248517081749,0.08108156479659374,0.0016935834952313013
32,3062,0.5083849954297467,63646244.203016564,low_mi_high_atp,0.19820001636845533,0.010013179596309802,0.7917868040352348
32,3063,0.9643374506019364,6887123.25850143,high_mi_high_atp,0.9243307658076932,0.07448520274919826,0.0011840314431084322
32,3064,0.5699579180264102,5921315.764621735,high_mi_low_atp,0.9213147452412013,0.07673244189237613,0.0019528128664225493
32,3065,0.0,11316176.262497477,low_mi_high_atp,0.9234583337623047,0.044859142908211594,0.03168252332948383
32,3069,0.0,6546672.332298476,low_mi_high_atp,0.9450425410124926,0.05375699716030438,0.0012004618272029484
32,3071,1.1393262397777593,5435945.61784191,high_mi_low_atp,0.9190822057404399,0.0751220113590346,0.0057957829005254235
33,3072,0.5984741568050038,5188236.739726434,high_mi_low_atp,0.898120387377008,0.09915675717407663,0.002722855448915502
33,3073,0.5051895335746919,5912175.193502795,low_mi_low_atp,0.9287036792753278,0.07074889179375188,0.0005474289309203137
33,3075,0.6309412443480125,5220050.688403801,high_mi_low_atp,0.9251716627305234,0.07303442565847287,0.0017939116110036325
33,3076,1.1393262397777593,5641412.446676648,high_mi_low_atp,0.9403198482712537,0.05687808723820177,0.002802064490544492
33,3078,1.1393262397777593,5631365.21201887,high_mi_low_atp,0.9465954151782403,0.05207720383633984,0.001327380985419941
33,3080,0.0,6497172.036836069,low_mi_low_atp,0.9246542900288843,0.0744761380152382,0.0008695719558774459
33,3082,0.8552299848469279,5740248.767662541,high_mi_low_atp,0.9268457290943631,0.06921106102541043,0.00394320988022634
33,3084,0.0,6351947.438285452,low_mi_low_atp,0.9249922836605843,0.07446290368444668,0.0005448126549689134
33,3085,0.0,6780240.515253129,low_mi_high_atp,0.9314835697972766,0.06777630987886236,0.0007401203238610281
33,3086,0.0,6141723.34651168,low_mi_low_atp,0.9185946962647661,0.08111082791202506,0.0002944758232088622
33,3087,0.0,5565798.0983013995,low_mi_low_atp,0.9099088486207448,0.08978930426308976,0.00030184711616531613
33,3088,0.0,7358353.340114088,low_mi_high_atp,0.945526774417837,0.0540790609378206,0.0003941646443425912
33,3090,0.6309412443480125,5387419.075025179,high_mi_low_atp,0.9240154891757226,0.0738083985676213,0.002176112256656015
33,3093,0.0,6972665.626877364,low_mi_high_atp,0.924156302092074,0.07554195265925902,0.00030174524866694377
33,3098,0.0039060116788910415,6125347.062724304,low_mi_low_atp,0.908347277030052,0.08974763586992358,0.0019050871000243818
33,3100,0.6309412443480125,5995198.052051434,high_mi_low_atp,0.8704793838858941,0.12740320300612057,0.0021174131079853267
33,3101,0.0,8887703.705579836,low_mi_high_atp,0.9201083259134546,0.07730961818165116,0.0025820559048943376
33,3102,0.9589893596666389,6455071.90429703,high_mi_low_atp,0.9087509738708923,0.07913367205611399,0.012115354072993833
33,3103,0.5699579180264102,5219304.241081342,high_mi_low_atp,0.9134946856243207,0.08400195769671544,0.0025033566789638556
33,3104,1.1393262397777593,10257923.011526322,high_mi_high_atp,0.8959969185592851,0.10254998049966599,0.0014531009410488375
33,3106,0.6309412443480125,5481769.245453749,high_mi_low_atp,0.9199707323783269,0.07790126393347453,0.002128003688198496
33,3109,1.0544266119771937,5549939.901084947,high_mi_low_atp,0.9157056947069763,0.07984791776453784,0.004446387528485844
33,3111,0.9589893596666389,5775568.53702093,high_mi_low_atp,0.9162992681697534,0.07513253575895647,0.008568196071290083
33,3112,0.0,13348606.690586597,low_mi_high_atp,0.40996028522701833,0.03426670103298353,0.5557730137399981
33,3113,0.7941837856047351,5318278.8651013635,high_mi_low_atp,0.9161277973637308,0.08096453040572281,0.0029076722305464305
33,3114,0.6309412443480125,25395812.178479444,high_mi_high_atp,0.1787695209260687,0.013361797167905547,0.8078686819060258
33,3115,0.7941837856047351,5321496.567074023,high_mi_low_atp,0.9080950475906971,0.08868676687871675,0.003218185530585995
33,3116,0.8248526534635711,27327067.861371506,high_mi_high_atp,0.1889262059448704,0.009398711069585817,0.8016750829855438
33,3118,1.1393262397777593,5619534.145869807,high_mi_low_atp,0.9083692164255006,0.08739433201281246,0.004236451561686923
33,3120,1.1885633181802615,5144615.961520074,high_mi_low_atp,0.9260969228761867,0.069655864344901,0.0042472127789123185
33,3122,0.5083849954297467,5426072.616806286,low_mi_low_atp,0.9058299841656439,0.09225309540136234,0.0019169204329937473
33,3123,0.0,24780325.877056997,low_mi_high_atp,0.43180426690252294,0.008043237485118539,0.5601524956123585
33,3124,0.0,19535779.515311148,low_mi_high_atp,0.3548096549970838,0.019927640944661443,0.6252627040582548
33,3125,0.5083849954297467,6414101.874306545,low_mi_low_atp,0.9103706279663496,0.08865012776683599,0.0009792442668144859
33,3126,1.1393262397777593,5687504.058090996,high_mi_low_atp,0.8959047792984878,0.0984171277517987,0.005678092949713523
33,3128,1.1393262397777593,5654129.044755001,high_mi_low_atp,0.9274402285969775,0.07049497343528822,0.0020647979677341903
33,3129,0.5083849954297467,5460459.552545836,low_mi_low_atp,0.9339284894261747,0.06409780896649145,0.0019737016073339583
33,3130,0.6309412443480125,5201102.593632839,high_mi_low_atp,0.9186591402279547,0.07971599512728678,0.0016248646447586284
33,3133,0.0,14308825.92145398,low_mi_high_atp,0.3930621650142535,0.030876541639980857,0.5760612933457656
33,3134,1.1393262397777593,7110462.707758848,high_mi_high_atp,0.7322423387962105,0.08010541808629768,0.18765224311749187
33,3138,1.1885633181802615,5613354.081824217,high_mi_low_atp,0.9181726035263961,0.08016958790091445,0.0016578085726895004
33,3140,0.5083849954297467,11489081.386462694,low_mi_high_atp,0.9293279754720318,0.06921606713867401,0.0014559573892942628
33,3141,1.1393262397777593,5635043.811307014,high_mi_low_atp,0.8741620836328396,0.12153599207167612,0.004301924295484211
33,3142,0.6309412443480125,5528550.4967446895,high_mi_low_atp,0.9207548388910597,0.07608482623973989,0.0031603348692004207
33,3144,0.22103040572326965,6380637.880477634,low_mi_low_atp,0.8778005897928465,0.052873253776062876,0.06932615643109068
33,3146,0.5699579180264102,5231674.6173388865,high_mi_low_atp,0.8966318609313039,0.09224640532535883,0.011121733743337399
33,3147,1.1393262397777593,5660633.800997007,high_mi_low_atp,0.9291373255613797,0.06829688800087887,0.002565786437741433
33,3148,0.6309412443480125,5310804.62789864,high_mi_low_atp,0.9161241230003295,0.07978189707625152,0.0040939799234189275
33,3149,0.24011158302361144,5692003.014504316,low_mi_low_atp,0.8846066867287445,0.11410100727765395,0.0012923059936016089
33,3150,0.0,34980077.696448386,low_mi_high_atp,0.14998350240532413,0.008907397424837682,0.8411091001698381
33,3152,1.1393262397777593,5922881.626049615,high_mi_low_atp,0.9385064088618549,0.059777768284213516,0.001715822853931619
33,3153,0.0,7531379.734229937,low_mi_high_atp,0.7354046406279684,0.04806111790126734,0.2165342414707643
33,3154,0.6309412443480125,5313403.459872627,high_mi_low_atp,0.9179695534128579,0.07973472354246605,0.0022957230446761126
33,3155,0.0039060116788910415,32623734.692264788,low_mi_high_atp,0.16125716291286885,0.009201873394128913,0.8295409636930022
33,3159,1.1393262397777593,6173434.143667584,high_mi_low_atp,0.9170975975994661,0.07972303035767493,0.003179372042858991
33,3160,0.9589893596666389,6675664.255115214,high_mi_high_atp,0.9271358594022071,0.06780794645363439,0.005056194144158489
33,3164,0.0,34763960.20299386,low_mi_high_atp,0.38335739581135075,0.012063256653802087,0.6045793475348472
34,3169,0.81966311988888,5252606.391954617,high_mi_low_atp,0.9270011510399315,0.07099910117502717,0.0019997477850413115
34,3170,1.1885633181802615,6456797.575976594,high_mi_low_atp,0.9152771262070282,0.07938438753429145,0.005338486258680463
34,3171,1.0544266119771937,5503805.7555385865,high_mi_low_atp,0.9215500877968029,0.07736580399249797,0.0010841082106990737
34,3173,1.4589893596666386,6299567.358967447,high_mi_low_atp,0.9261403310912169,0.07003579845862401,0.003823870450159127
34,3174,0.9643374506019364,5643220.66202107,high_mi_low_atp,0.9404300644922288,0.05853620322569981,0.0010337322820714336
34,3175,0.81966311988888,7106234.903421898,high_mi_high_atp,0.6704074768406091,0.06451214752798752,0.26508037563140346
34,3176,1.1393262397777593,5662366.280032146,high_mi_low_atp,0.9187375651634917,0.07973070986519445,0.0015317249713138082
34,3177,1.1393262397777593,6628998.672387104,high_mi_high_atp,0.9036868548397987,0.09285945485616749,0.0034536903040338555
34,3178,1.1393262397777593,5555446.905292763,high_mi_low_atp,0.9128660830019645,0.08160989254756261,0.005524024450472929
34,3180,1.1393262397777593,5602435.671466633,high_mi_low_atp,0.9351301381753745,0.06272618547107346,0.002143676353551898
34,3183,0.6309412443480125,5123352.984512302,high_mi_low_atp,0.9434891790134827,0.05533227797120637,0.0011785430153109012
34,3184,0.6309412443480125,5116165.852782843,high_mi_low_atp,0.9080287612821731,0.09042491482723891,0.001546323890587946
34,3185,0.6309412443480125,5494926.274803158,high_mi_low_atp,0.8887037366567345,0.1089019578821744,0.0023943054610911048
34,3187,0.22103040572326965,6731691.923282779,low_mi_high_atp,0.9254816640536039,0.07383407266187196,0.0006842632845242527
34,3189,1.1393262397777593,5197928.185133702,high_mi_low_atp,0.919920428977566,0.07815983843297478,0.0019197325894591843
34,3190,0.0,6085303.58777338,low_mi_low_atp,0.83231512472927,0.1283465938684352,0.03933828140229487
34,3191,0.5083849954297467,5254705.134270246,low_mi_low_atp,0.9115188640467555,0.08435782923152689,0.004123306721717563
34,3192,0.0039060116788910415,8757896.424264407,low_mi_high_atp,0.6561869712475883,0.0454095050860674,0.2984035236663442
34,3194,0.8552299848469279,5537767.809938206,high_mi_low_atp,0.9151394634279557,0.08367324522744406,0.0011872913446002687
34,3195,1.0544266119771937,6205843.675237135,high_mi_low_atp,0.9265831260864112,0.07049583415847935,0.002921039755109491
34,3197,0.0,8570159.042621545,low_mi_high_atp,0.945896565492971,0.052744404595541576,0.0013590299114874453
34,3198,0.0,21306377.320952374,low_mi_high_atp,0.3044808849008517,0.018860682052275993,0.6766584330468723
34,3199,0.5083849954297467,31584468.54769778,low_mi_high_atp,0.1688974002625137,0.009778360275526414,0.8213242394619599
34,3200,0.4608504522714018,5758658.905926146,low_mi_low_atp,0.9376283653460913,0.061314716409909265,0.0010569182439994329
34,3201,0.6309412443480125,6142794.14887144,high_mi_low_atp,0.9421503724003185,0.05747350177083342,0.0003761258288480196
34,3203,0.5984741568050038,5402874.526643575,high_mi_low_atp,0.9014150586610474,0.08999377961831963,0.008591161720632944
34,3205,0.6309412443480125,5383065.849264767,high_mi_low_atp,0.916802153870306,0.07792383146302097,0.005274014666673154
34,3206,0.7941837856047351,5563614.988181395,high_mi_low_atp,0.8800967920394499,0.1163820023828764,0.003521205577673694
34,3207,0.81966311988888,8464192.491129281,high_mi_high_atp,0.9255656851654478,0.0711362060743957,0.003298108760156485
34,3208,0.0,12556854.622533828,low_mi_high_atp,0.42313862286665843,0.027361746619022888,0.5494996305143187
34,3209,0.6309412443480125,5574331.22680201,high_mi_low_atp,0.9049163183528353,0.09317582256587852,0.0019078590812862397
34,3210,0.9589893596666389,5383452.655818689,high_mi_low_atp,0.9214598856319596,0.07395324865421186,0.004586865713828444
34,3213,0.5051895335746917,28674955.45382118,low_mi_high_atp,0.1833414598390673,0.016481922750975608,0.800176617409957
34,3214,1.1393262397777593,5996546.329262369,high_mi_low_atp,0.9004472758192321,0.09640523171898861,0.0031474924617791817
34,3216,0.17179332732076766,20561957.28475032,low_mi_high_atp,0.31315185547115176,0.017778106865750654,0.6690700376630976
34,3217,0.5083849954297467,6112969.024071338,low_mi_low_atp,0.8710696368721884,0.1269409148779214,0.001989448249890183
34,3218,0.5218966515135944,6039520.393141459,low_mi_low_atp,0.9146969163672216,0.08006234328605365,0.005240740346724826
34,3221,0.6309412443480125,5789717.165501771,high_mi_low_atp,0.8870237702991127,0.10917743131021969,0.0037987983906676596
34,3224,0.81966311988888,5295000.979292316,high_mi_low_atp,0.9265199198133607,0.07162653948626291,0.001853540700376357
34,3228,0.0,10154666.645367868,low_mi_high_atp,0.5599838659387165,0.03009613093801607,0.4099200031232675
34,3229,0.81966311988888,12789017.764179783,high_mi_high_atp,0.39674525804795346,0.03685025989893445,0.5664044820531121
34,3231,1.4589893596666386,5652319.969296024,high_mi_low_atp,0.9207991623925018,0.07762258928139491,0.0015782483261033715
34,3232,0.81966311988888,5492155.356811635,high_mi_low_atp,0.9464338403195806,0.052093477010694035,0.0014726826697254738
34,3233,1.1393262397777593,5238599.10497482,high_mi_low_atp,0.9203287462051614,0.07622587110038309,0.0034453826944555238
34,3234,1.1393262397777593,5511840.16874355,high_mi_low_atp,0.9165769458941432,0.08091829252106533,0.002504761584791465
34,3236,0.5083849954297467,5221750.984372266,low_mi_low_atp,0.929290641755432,0.0688461602236567,0.0018631980209113121
34,3237,1.1393262397777593,5564258.561673721,high_mi_low_atp,0.9170213712047794,0.08051982363289836,0.0024588051623222564
34,3239,0.0,6686205.450994598,low_mi_high_atp,0.9391679780064064,0.05955861153688278,0.0012734104567108996
34,3240,1.1393262397777593,5131324.640154581,high_mi_low_atp,0.9270490282022436,0.06876329397220796,0.004187677825548384
34,3243,1.1393262397777593,5303577.579930698,high_mi_low_atp,0.9231965175543231,0.07251975678741339,0.004283725658263604
34,3244,1.1393262397777593,7769912.607374468,high_mi_high_atp,0.7088878427791683,0.06469469446491705,0.22641746275591468
34,3247,0.6309412443480125,6841663.527487981,high_mi_high_atp,0.9417515473114417,0.057800961595829044,0.000447491092729269
34,3249,0.7941837856047347,5200633.239269135,high_mi_low_atp,0.9196153158355349,0.07577796325865048,0.004606720905814584
34,3251,1.1393262397777593,5532983.627406078,high_mi_low_atp,0.9160260774909281,0.08090391845742656,0.0030700040516452947
34,3252,0.0039060116788910415,6307177.133379322,low_mi_low_atp,0.939297068232864,0.06053591151079772,0.00016702025633844798
34,3253,0.5083849954297467,5271945.429891003,low_mi_low_atp,0.9149406439114025,0.08271408136589117,0.0023452747227062838
34,3254,1.1393262397777593,5741756.839226874,high_mi_low_atp,0.8905924223063844,0.08886473633446772,0.020542841359147797
34,3256,0.7651408234716706,35820484.275607266,high_mi_high_atp,0.20741945818183702,0.014606863399284697,0.7779736784188782
34,3257,0.5051895335746917,9539121.026911926,low_mi_high_atp,0.5071776054696525,0.06084931162290761,0.4319730829074399
34,3258,1.1393262397777593,5120622.7768807085,high_mi_low_atp,0.9139062826024923,0.07976217788240647,0.006331539515101196
34,3260,1.1393262397777593,5835500.955563687,high_mi_low_atp,0.9063218659904811,0.09158827981227624,0.0020898541972424996
34,3261,0.6309412443480125,5400909.187707483,high_mi_low_atp,0.910620273487634,0.08747212963489402,0.0019075968774721467
34,3262,1.1393262397777593,5592267.549554403,high_mi_low_atp,0.9092910323872037,0.08781781413861532,0.0028911534741809892
35,3265,0.0,6186063.322967842,low_mi_low_atp,0.9191955243626414,0.07771317079361605,0.003091304843742587
35,3266,1.1393262397777593,5423153.214672949,high_mi_low_atp,0.9056584761355523,0.09109267471392543,0.0032488491505224377
35,3268,0.5083849954297467,5126590.483561324,low_mi_low_atp,0.9237854787651998,0.07446356121670629,0.0017509600180939295
35,3275,1.1393262397777593,5847953.665211954,high_mi_low_atp,0.9273506204209332,0.07089815978506271,0.001751219794004068
35,3276,0.5699579180264102,14574144.795736786,high_mi_high_atp,0.32801423569769184,0.029339985335431876,0.6426457789668762
35,3279,1.1393262397777593,6325478.71086717,high_mi_low_atp,0.902333468206334,0.09449598191816413,0.00317054987550199
35,3280,0.6309412443480125,5293883.004638162,high_mi_low_atp,0.9271932758146237,0.07065485211485269,0.002151872070523476
35,3282,0.0,9267845.09257294,low_mi_high_atp,0.9441835405425647,0.05522268302423155,0.0005937764332038004
35,3284,0.0,7659312.785173892,low_mi_high_atp,0.9164413802568293,0.0826041535088547,0.0009544662343159623
35,3286,0.7941837856047351,5564978.56531709,high_mi_low_atp,0.9230590848760183,0.07220404676678058,0.0047368683572011185
35,3287,0.81966311988888,5371166.460230377,high_mi_low_atp,0.9088737025903644,0.0880258469096751,0.003100450499960357
35,3288,1.1393262397777593,14300531.8626746,high_mi_high_atp,0.4033834502555936,0.029239507867705624,0.5673770418767009
35,3289,0.0,8845443.626448661,low_mi_high_atp,0.957601371583883,0.04059238027847335,0.0018062481376437023
35,3290,1.1393262397777593,5613410.161711198,high_mi_low_atp,0.889526591569707,0.10816680465934915,0.002306603770943784
35,3292,1.0544266119771932,5415683.570776485,high_mi_low_atp,0.9387879704920438,0.05766803269473392,0.00354399681322227
35,3293,1.1393262397777593,20773860.44649989,high_mi_high_atp,0.26827708045108306,0.020326658268350402,0.7113962612805665
35,3294,0.6309412443480125,5536278.646271301,high_mi_low_atp,0.8765952257912307,0.12210375073138995,0.0013010234773793029
35,3295,0.6309412443480125,7872680.634489321,high_mi_high_atp,0.6275506884106711,0.041802243892933195,0.33064706769639585
35,3297,0.4589893596666389,10075252.899789426,low_mi_high_atp,0.5491804156074908,0.05625499881738736,0.394564585575122
35,3298,0.0,7504222.946806123,low_mi_high_atp,0.938141945192949,0.060110394637190694,0.0017476601698603437
35,3299,0.6309412443480125,5865859.033370535,high_mi_low_atp,0.9113694264491051,0.08717029421043676,0.0014602793404582262
35,3300,0.5699579180264102,5135064.187568176,high_mi_low_atp,0.9132186390257644,0.08422224440904816,0.0025591165651875783
35,3302,1.1885633181802615,5331183.268521358,high_mi_low_atp,0.9146452343305947,0.07878557541397016,0.006569190255435079
35,3305,1.1393262397777593,5448026.651823762,high_mi_low_atp,0.9013107698005763,0.09349167574534326,0.005197554454080338
35,3307,0.6801783227505145,5250732.879128869,high_mi_low_atp,0.9150070710669775,0.08305678585258777,0.001936143080434545
35,3308,1.1393262397777593,5648548.549879988,high_mi_low_atp,0.889247293672283,0.10573864454137469,0.005014061786342374
35,3309,0.11081000099916546,35592656.59535899,low_mi_high_atp,0.15660494827597873,0.011342564501828677,0.8320524872221927
35,3310,0.9643374506019364,5829729.085468845,high_mi_low_atp,0.9050915744008889,0.09323589151643699,0.00167253408267397
35,3311,1.1393262397777593,5463011.744826826,high_mi_low_atp,0.8822843966811914,0.1129364241443659,0.004779179174442643
35,3312,0.81966311988888,9803095.770788692,high_mi_high_atp,0.9112621100974267,0.08450024399369653,0.004237645908876686
35,3314,0.41813727669388345,17046075.181527536,low_mi_high_atp,0.2911995423406251,0.025678870628295308,0.6831215870310795
35,3315,0.0,26386735.243587356,low_mi_high_atp,0.22842066234825356,0.013323283312516235,0.7582560543392302
35,3316,1.1393262397777593,5611756.826343756,high_mi_low_atp,0.9013409525155509,0.09690507627084208,0.0017539712136069045
35,3320,0.7941837856047351,5794336.927325095,high_mi_low_atp,0.8969475243507755,0.1015844160754075,0.0014680595738170996
35,3321,0.9643374506019364,5768357.142474156,high_mi_low_atp,0.8977466173863355,0.09915012038908587,0.003103262224578496
35,3322,1.1393262397777593,6601449.206385004,high_mi_high_atp,0.9286207726171315,0.05992567077257112,0.011453556610297375
35,3324,0.7347634920883139,5202445.761374255,high_mi_low_atp,0.9323955622259007,0.06571507558992563,0.001889362184173554
35,3325,0.6309412443480125,5309320.428016576,high_mi_low_atp,0.8998098889432132,0.09872095336224106,0.0014691576945456764
35,3326,0.0,10448919.702104127,low_mi_high_atp,0.48925983325153705,0.03155002546384582,0.47919014128461707
35,3327,1.1885633181802615,5982993.78120384,high_mi_low_atp,0.9066449368208362,0.08821862487385047,0.0051364383053132436
35,3328,1.1393262397777593,5342027.166517646,high_mi_low_atp,0.9298633441788274,0.0657694128128838,0.00436724300828874
35,3330,0.7294154011530166,6346372.986665192,high_mi_low_atp,0.9265145015263162,0.0724021026711345,0.0010833958025492892
35,3333,0.6309412443480125,6531920.413225391,high_mi_low_atp,0.8741335832436622,0.05396520250342715,0.07190121425291056
35,3336,0.5699579180264102,6117347.385004056,high_mi_low_atp,0.929958739333618,0.06453286683336189,0.005508393833020062
35,3338,0.45060436423689204,5798087.202856942,low_mi_low_atp,0.9246948904476965,0.0745731179272453,0.0007319916250581919
35,3339,0.5699579180264102,7546129.017343463,high_mi_high_atp,0.9467147936086,0.05238711840532971,0.0008980879860702783
35,3341,0.5984741568050038,31468408.31569084,high_mi_high_atp,0.15232598464013367,0.010609472334477722,0.8370645430253887
35,3344,0.0,7616953.6491636075,low_mi_high_atp,0.9449744388663855,0.0531103056132068,0.001915255520407658
35,3345,0.9643374506019364,6244593.992773457,high_mi_low_atp,0.92017730694247,0.0710223477998258,0.00880034525770431
35,3346,0.9589893596666389,5663133.004431218,high_mi_low_atp,0.9229949363796809,0.07362413688034747,0.0033809267399717473
35,3348,0.5699579180264102,5614527.622215174,high_mi_low_atp,0.9127624612559214,0.08499150176286643,0.0022460369812121904
35,3350,0.3605152028616353,5055022.303133156,low_mi_low_atp,0.8940474079797567,0.10387399994926837,0.002078592070974771
35,3351,1.0544266119771937,5815285.891176795,high_mi_low_atp,0.9216922241485945,0.07458975557084077,0.0037180202805646013
35,3352,0.6309412443480125,5227366.839115193,high_mi_low_atp,0.9269048183080554,0.07133422514483048,0.001760956547114168
35,3353,0.9589893596666389,5693944.546580742,high_mi_low_atp,0.921522451563856,0.07579965827955237,0.0026778901565914985
35,3354,0.6309412443480125,5303281.307419023,high_mi_low_atp,0.9073298703608591,0.09086152592265223,0.0018086037164887628
35,3355,0.5984741568050038,5797623.748919921,high_mi_low_atp,0.9423068857689936,0.05698900065431506,0.0007041135766913178
35,3356,0.5984741568050038,5354428.00260606,high_mi_low_atp,0.9078638933405229,0.08716342971491609,0.004972676944561132
35,3357,0.7941837856047351,5463825.995888215,high_mi_low_atp,0.9161117729733798,0.08017707883327198,0.0037111481933483318
36,3361,0.9643374506019364,5694111.681193146,high_mi_low_atp,0.9397592285568879,0.05982851524623968,0.0004122561968723901
36,3362,0.0,6746851.306728929,low_mi_high_atp,0.7687962278675476,0.050427821139519956,0.1807759509929324
36,3364,1.1393262397777593,5204976.226629734,high_mi_low_atp,0.9266737889992032,0.07013793369781007,0.0031882773029867344
36,3369,0.0,7688325.399349833,low_mi_high_atp,0.9370370607013976,0.06230151500625254,0.000661424292349873
36,3370,1.1885633181802615,6487951.696133623,high_mi_low_atp,0.9174956789615409,0.07666707276640689,0.005837248272052106
36,3371,0.0,6152248.877524425,low_mi_low_atp,0.9046901621739523,0.07553235297308117,0.019777484852966626
36,3372,1.1393262397777593,5598080.129892777,high_mi_low_atp,0.9156461874947586,0.08281893383567691,0.001534878669564524
36,3373,1.0544266119771937,5584662.837007425,high_mi_low_atp,0.8930818857184616,0.10200715171100908,0.004910962570529298
36,3374,0.9643374506019364,5523792.6255416395,high_mi_low_atp,0.9015147176760627,0.09420493890335731,0.0042803434205798884
36,3375,0.0,7221281.458250347,low_mi_high_atp,0.9381086070220663,0.05882056375741245,0.0030708292205212265
36,3379,0.9181372766938837,24261213.314183928,high_mi_high_atp,0.22001948386665712,0.01173709885197147,0.7682434172813715
36,3380,0.0,6164415.841481512,low_mi_low_atp,0.9463174206238578,0.05108078722445049,0.0026017921516916127
36,3381,0.0,6887223.988041795,low_mi_high_atp,0.9479432101704747,0.04935824343175181,0.002698546397773535
36,3383,0.6309412443480125,5225389.606645403,high_mi_low_atp,0.9249256048111221,0.07367037458510034,0.0014040206037776784
36,3387,0.0,7516023.667576999,low_mi_high_atp,0.9570132250301517,0.042633242106411506,0.0003535328634368179
36,3388,1.1393262397777593,6296075.87846118,high_mi_low_atp,0.9131702719160668,0.0789666775442763,0.007863050539656927
36,3389,1.4589893596666386,5737962.276339632,high_mi_low_atp,0.9065005473009468,0.09092122867307802,0.002578224025975212
36,3390,1.1393262397777593,5273496.302563692,high_mi_low_atp,0.9061179322670677,0.08753145679772002,0.006350610935212273
36,3391,0.6309412443480125,5486839.648840445,high_mi_low_atp,0.9396581411839551,0.05891460577157589,0.0014272530444691088
36,3392,0.0,5595581.291974136,low_mi_low_atp,0.9383698195556743,0.060861027020867015,0.0007691534234585595
36,3394,0.6309412443480125,5212540.909054052,high_mi_low_atp,0.9298546491037155,0.06816090236519967,0.001984448531084772
36,3395,1.4589893596666386,43556241.304091915,high_mi_high_atp,0.11407209965000002,0.012057273567461642,0.8738706267825384
36,3396,0.0,8458413.555901749,low_mi_high_atp,0.9482832319961414,0.049462024640841484,0.0022547433630170817
36,3397,0.5699579180264102,5649184.785042511,high_mi_low_atp,0.9159945332536066,0.0826049743228044,0.0014004924235890392
36,3398,0.81966311988888,6498733.598648128,high_mi_low_atp,0.9402326942803708,0.05904206524028521,0.0007252404793440053
36,3399,1.1393262397777593,26158142.420299135,high_mi_high_atp,0.2103584550288873,0.015793125992951854,0.7738484189781608
36,3402,0.24011158302361144,5264433.420026168,low_mi_low_atp,0.89314954276027,0.09548655292143043,0.011363904318299593
36,3404,0.6309412443480125,5531203.45689427,high_mi_low_atp,0.91069147383886,0.08752816954198375,0.0017803566191564378
36,3405,0.9643374506019364,5907697.378965697,high_mi_low_atp,0.9153620146121525,0.07943609561972297,0.00520188976812456
36,3406,0.6309412443480125,5314595.395935848,high_mi_low_atp,0.9183235464409579,0.07889134519218556,0.002785108366856502
36,3407,1.1885633181802615,5308333.81134691,high_mi_low_atp,0.9368375953461965,0.05940343514511563,0.0037589695086878015
36,3408,0.5699579180264102,5231725.148351104,high_mi_low_atp,0.922954104852453,0.07482962006352786,0.0022162750840191365
36,3409,1.1393262397777593,9950910.636012001,high_mi_high_atp,0.9300658188342921,0.06847401259603922,0.0014601685696688114
36,3410,0.0,6411019.487003752,low_mi_low_atp,0.9003118298628515,0.09870627896720074,0.0009818911699477693
36,3411,1.1393262397777593,5409703.159057343,high_mi_low_atp,0.8999404993461325,0.09612814998870646,0.003931350665160988
36,3412,0.6309412443480125,5164987.506849493,high_mi_low_atp,0.9221929989475156,0.06464605246154687,0.013160948590937412
36,3413,0.0,26808581.966029905,low_mi_high_atp,0.2043805815326747,0.020176783269305297,0.77544263519802
36,3417,0.5984741568050038,5290814.85905677,high_mi_low_atp,0.9225077638285207,0.0674107451203242,0.010081491051155042
36,3418,0.5083849954297467,13718619.585980924,low_mi_high_atp,0.37052704706428113,0.03507386832599292,0.5943990846097259
36,3421,0.81966311988888,5433382.031720434,high_mi_low_atp,0.9128195927068884,0.08449976753868574,0.0026806397544258376
36,3422,1.1885633181802615,5403319.015325511,high_mi_low_atp,0.927643648074625,0.06771560686340966,0.004640745061965489
36,3423,0.7941837856047351,5355997.067783208,high_mi_low_atp,0.9099534197805585,0.08842090209350799,0.0016256781259333616
36,3426,0.5699579180264102,60835340.40561368,high_mi_high_atp,0.12340682593683293,0.011963710072496523,0.8646294639906706
36,3427,0.0,6249488.536598544,low_mi_low_atp,0.9239273120324214,0.07507736779487675,0.0009953201727019307
36,3428,0.0,5573172.919225403,low_mi_low_atp,0.9345108986265738,0.06227156155287508,0.0032175398205511094
36,3429,0.868900198291382,6774798.534454153,high_mi_high_atp,0.9378831153419008,0.06037951708189676,0.0017373675762024346
36,3430,1.1393262397777593,16755284.34714896,high_mi_high_atp,0.2882361535446561,0.026112090038681746,0.6856517564166622
36,3431,1.4589893596666386,5479052.978862926,high_mi_low_atp,0.9278726350922663,0.07070329990775295,0.0014240649999807558
36,3432,0.9589893596666389,6182525.6316650305,high_mi_low_atp,0.9103322016269735,0.08076944322458252,0.008898355148443962
36,3434,0.6309412443480125,5487051.227963831,high_mi_low_atp,0.9126923637081646,0.08017730967556934,0.007130326616265996
36,3438,0.5083849954297467,5225838.041563964,low_mi_low_atp,0.9311183414741201,0.06709564713637299,0.001786011389506868
36,3439,0.81966311988888,6427391.734013181,high_mi_low_atp,0.9390670547574748,0.06017670080255556,0.0007562444399695771
36,3442,1.1393262397777593,5665033.057918714,high_mi_low_atp,0.925420810218269,0.07122107291960746,0.0033581168621234217
36,3444,1.1393262397777593,6179052.841536527,high_mi_low_atp,0.931052259525309,0.06443473389406013,0.004513006580630878
36,3445,0.17179332732076766,6134129.813409182,low_mi_low_atp,0.8654618475243774,0.08252824543237017,0.05200990704325243
36,3446,0.0,8598897.921072418,low_mi_high_atp,0.5583007563831832,0.05100599685827317,0.3906932467585436
36,3447,0.5699579180264102,6165881.32041078,high_mi_low_atp,0.9014577098551932,0.09719660270800755,0.001345687436799186
36,3450,0.5984741568050038,20932920.782659993,high_mi_high_atp,0.2292708452060595,0.023641512692972873,0.7470876421009676
36,3451,1.1393262397777593,5527029.8117243145,high_mi_low_atp,0.9291951304092818,0.06367797415922705,0.007126895431491108
36,3452,0.3657047364363264,7177693.339696855,low_mi_high_atp,0.8285445818833922,0.05514863858995283,0.11630677952665491
36,3454,0.0,8109786.108068875,low_mi_high_atp,0.956020513078265,0.043196909453459824,0.0007825774682752403
36,3455,0.0,23616509.50524416,low_mi_high_atp,0.25756865158620096,0.015153773327978265,0.7272775750858207
37,3456,1.1393262397777593,5325966.160694444,high_mi_low_atp,0.9195789857849407,0.07786343284797756,0.002557581367081788
37,3457,1.1393262397777593,5463013.163933751,high_mi_low_atp,0.9125977998891133,0.08020123116193921,0.00720096894894747
37,3459,1.1393262397777593,5445130.371117485,high_mi_low_atp,0.9001781502362258,0.0959671300383953,0.0038547197253788862
37,3466,0.81966311988888,6079390.011616056,high_mi_low_atp,0.9039993887319029,0.08728858147022217,0.008712029797874858
37,3468,1.4589893596666386,5692186.69401891,high_mi_low_atp,0.8810054761870045,0.11431778801570862,0.004676735797286691
37,3470,0.5083849954297467,5590818.480695747,low_mi_low_atp,0.9192700467913298,0.07981045336960277,0.0009194998390675448
37,3471,0.24011158302361144,7127293.988277327,low_mi_high_atp,0.7395632314103873,0.07386144835789657,0.1865753202317162
37,3473,0.0,6046841.5220775185,low_mi_low_atp,0.9229591906036386,0.07394600464557981,0.003094804750781566
37,3475,0.5699579180264102,5356794.74594491,high_mi_low_atp,0.9221931275017161,0.07531870975509421,0.0024881627431896044
37,3476,0.81966311988888,5465710.846920582,high_mi_low_atp,0.896112635175093,0.10174059518950712,0.002146769635400045
37,3478,1.1885633181802615,5501242.96285522,high_mi_low_atp,0.8925421061703214,0.10123223201188282,0.006225661817795702
37,3479,1.1393262397777593,9217951.590694884,high_mi_high_atp,0.9257453582892998,0.07218969366187777,0.002064948048822572
37,3480,1.1885633181802615,5195453.399547582,high_mi_low_atp,0.932178613058874,0.06323844733639784,0.004582939604728026
37,3481,1.1393262397777593,5647607.542110827,high_mi_low_atp,0.9198094063994985,0.07877085855991314,0.0014197350405884537
37,3482,1.1393262397777593,5989527.094457578,high_mi_low_atp,0.8947816153848707,0.0838268155449104,0.02139156907021884
37,3484,1.1393262397777593,5733805.42268066,high_mi_low_atp,0.9064418880886265,0.09150570067079551,0.0020524112405779934
37,3486,0.6309412443480125,4908399.327678983,high_mi_low_atp,0.9265593986265327,0.07195247108533462,0.0014881302881326682
37,3487,0.22103040572326965,6177777.265076228,low_mi_low_atp,0.9417403561289789,0.05578587603834797,0.0024737678326730546
37,3488,1.0544266119771937,5634530.514566949,high_mi_low_atp,0.9017837248563467,0.09321136371365903,0.005004911429994119
37,3489,1.1393262397777593,6217100.587549954,high_mi_low_atp,0.924766010443668,0.07106768309795637,0.004166306458375599
37,3490,1.1393262397777593,5490593.488069008,high_mi_low_atp,0.9339804481558235,0.06441505427650533,0.0016044975676712822
37,3491,0.6309412443480125,23708858.8671162,high_mi_high_atp,0.20614344648125746,0.01791029554194392,0.7759462579767987
37,3492,0.9589893596666389,35530581.76133861,high_mi_high_atp,0.1452940487209558,0.013341540947174107,0.8413644103318701
37,3496,0.6309412443480125,5465083.013641303,high_mi_low_atp,0.9208481715024576,0.07602691906555396,0.003124909431988479
37,3497,1.1885633181802615,5600461.550990901,high_mi_low_atp,0.9273744751853247,0.07115847678988961,0.0014670480247856816
37,3498,0.24011158302361144,7527119.443268251,low_mi_high_atp,0.9469608000563555,0.052397591865631976,0.0006416080780124604
37,3499,1.4589893596666386,5339900.406088799,high_mi_low_atp,0.9161566911248568,0.07683908662349152,0.007004222251651749
37,3500,0.81966311988888,5029178.435314454,high_mi_low_atp,0.9282379738233036,0.06873407044860967,0.0030279557280867117
37,3504,1.1393262397777593,5371675.041160232,high_mi_low_atp,0.9257049761322327,0.07076555347257579,0.0035294703951914736
37,3505,0.0,9636689.986929292,low_mi_high_atp,0.5540844041798729,0.044241502991844824,0.4016740928282822
37,3506,1.0544266119771937,5767263.0866513895,high_mi_low_atp,0.8918227542191793,0.10258825077722171,0.005588995003598879
37,3508,0.5699579180264102,6355217.886606347,high_mi_low_atp,0.9350470898398782,0.06447045020467523,0.0004824599554465888
37,3509,0.0,28022175.14819719,low_mi_high_atp,0.38191329871115404,0.03557308266999557,0.5825136186188504
37,3510,1.1393262397777593,5188487.442833363,high_mi_low_atp,0.9252903619944982,0.06965076570384152,0.005058872301660408
37,3511,0.0,12230189.59891496,low_mi_high_atp,0.4258370651302415,0.033819466048365485,0.5403434688213928
37,3512,1.0544266119771937,5307144.597809908,high_mi_low_atp,0.9205623153885363,0.07550171776722572,0.003935966844238003
37,3514,0.9643374506019364,5294686.037059574,high_mi_low_atp,0.918950906138276,0.07933355845666369,0.0017155354050603351
37,3517,0.5699579180264102,5134936.295281922,high_mi_low_atp,0.9288436250972943,0.06961640002384588,0.0015399748788599065
37,3519,1.1393262397777593,5166946.299063277,high_mi_low_atp,0.9232143703615923,0.07276382995339119,0.004021799685016422
37,3520,1.0544266119771937,5419837.1897770045,high_mi_low_atp,0.9127216645630457,0.08404095053360755,0.0032373849033465844
37,3524,1.1885633181802615,5532501.76059822,high_mi_low_atp,0.9240645934576115,0.07399559649015454,0.0019398100522339272
37,3526,1.1393262397777593,5660829.190842337,high_mi_low_atp,0.9214740797618368,0.07699468118735549,0.0015312390508076825
37,3527,0.7347634920883139,7476135.514370229,high_mi_high_atp,0.6635529008281229,0.04937473247989181,0.2870723666919852
37,3530,0.9589893596666389,5753476.634294133,high_mi_low_atp,0.9039606501287913,0.09131423175231891,0.004725118118889783
37,3531,0.6309412443480125,5241878.73163486,high_mi_low_atp,0.9231723983455415,0.07568637526014016,0.0011412263943183752
37,3532,1.1393262397777593,5560701.306597604,high_mi_low_atp,0.9140448600898586,0.08442911086735878,0.001526029042782534
37,3535,1.4589893596666386,6933447.528695892,high_mi_high_atp,0.921878490289953,0.07449203184206984,0.003629477867977151
37,3537,1.4589893596666386,5441886.2470262805,high_mi_low_atp,0.9113090046518703,0.08063678866226376,0.00805420668586606
37,3539,0.34038395951278777,14758011.48078714,low_mi_high_atp,0.5876965448032307,0.03494078668886541,0.3773626685079039
37,3540,0.6309412443480125,5270193.790637408,high_mi_low_atp,0.9174060637628316,0.08012560096726223,0.002468335269906101
37,3541,1.4589893596666386,5348623.318947079,high_mi_low_atp,0.9166844345788526,0.08179565624604195,0.0015199091751053803
37,3542,1.1393262397777593,5693053.017999631,high_mi_low_atp,0.9024649805022542,0.09538897036942506,0.0021460491283207695
37,3543,0.7941837856047347,5805887.11104658,high_mi_low_atp,0.9301401857455168,0.06676800344880104,0.003091810805682164
37,3547,0.8877599453105268,5364367.388408277,high_mi_low_atp,0.9143323053081795,0.07844356121927154,0.0072241334725489156
37,3548,0.0,6060679.892406772,low_mi_low_atp,0.9212929104703397,0.07550256115179907,0.0032045283778612895
37,3549,0.6309412443480125,5212047.846347602,high_mi_low_atp,0.9274631215966322,0.06947615426347813,0.0030607241398895807
37,3550,0.0,25913148.700838957,low_mi_high_atp,0.18980366628404804,0.011526042850675032,0.7986702908652769
38,3552,1.1393262397777593,5123180.944209201,high_mi_low_atp,0.9285588559287337,0.06571879093590868,0.005722353135357628
38,3553,0.0,4734669.032556186,low_mi_low_atp,0.9104907527894847,0.08471327578141616,0.004795971429099122
38,3554,1.1885633181802615,5449130.805575674,high_mi_low_atp,0.9241510202836362,0.07404438818059184,0.0018045915357719623
38,3555,0.0,6366798.57695601,low_mi_low_atp,0.9467584138911791,0.05300055451769474,0.0002410315911261565
38,3559,1.1885633181802615,5473318.523234262,high_mi_low_atp,0.9109415333418811,0.08321417454496349,0.005844292113155514
38,3562,0.34038395951278777,5348594.497954748,low_mi_low_atp,0.914746121118955,0.08392884352072708,0.0013250353603178832
38,3564,1.1393262397777593,5640871.695089858,high_mi_low_atp,0.8921872340667304,0.09725372036309692,0.010559045570172612
38,3565,1.1393262397777593,5160073.205633079,high_mi_low_atp,0.9227136893009162,0.07040077499634743,0.0068855357027364054
38,3566,0.0,5784527.863475917,low_mi_low_atp,0.9377533915316115,0.06184930137799502,0.00039730709039342697
38,3568,0.6309412443480125,5308692.507114518,high_mi_low_atp,0.9283233858980052,0.06968731172716851,0.0019893023748263064
38,3569,1.1393262397777593,5222907.459994982,high_mi_low_atp,0.9153462413878183,0.07100544379952885,0.013648314812652818
38,3570,0.6309412443480125,5576039.480621886,high_mi_low_atp,0.9109501033525866,0.08330069897974718,0.005749197667666043
38,3571,0.6309412443480125,5098752.275381582,high_mi_low_atp,0.9236599293298047,0.07249876571698881,0.0038413049532064524
38,3572,0.7941837856047351,5237115.428786704,high_mi_low_atp,0.8990829326926114,0.0983669649285127,0.0025501023788756932
38,3573,0.24011158302361144,6266662.887716887,low_mi_low_atp,0.9372893847957208,0.062227093270168614,0.0004835219341106283
38,3574,0.0,7856649.939716328,low_mi_high_atp,0.940755032853872,0.055527988781761066,0.0037169783643668996
38,3576,1.1393262397777593,5189819.56102899,high_mi_low_atp,0.9148412184982135,0.08351450214430386,0.0016442793574827541
38,3579,0.7941837856047351,5449669.219804405,high_mi_low_atp,0.9366715439739742,0.06174272374451546,0.001585732281510395
38,3580,0.5083849954297467,5513905.269297803,low_mi_low_atp,0.9239311083339439,0.07142488119376636,0.004644010472289864
38,3582,1.4589893596666386,5350971.348155978,high_mi_low_atp,0.9180671117108913,0.07655263757742367,0.005380250711684939
38,3583,0.5984741568050038,5923427.452816666,high_mi_low_atp,0.8677672547754272,0.12513942059511907,0.007093324629453856
38,3584,0.6309412443480125,6022567.591852022,high_mi_low_atp,0.9183588751216795,0.08031830192852286,0.001322822949797683
38,3586,0.7347634920883144,20040157.71061135,high_mi_high_atp,0.24175254334499982,0.02303446470727797,0.7352129919477222
38,3587,0.5509396136466588,25832949.733855505,low_mi_high_atp,0.18310744308425456,0.011392251546307113,0.8055003053694383
38,3588,1.1885633181802615,5466185.459715365,high_mi_low_atp,0.9234262669823793,0.07078295339875977,0.005790779618860954
38,3589,1.1393262397777593,5200491.902209819,high_mi_low_atp,0.9322106852613258,0.06396591804498694,0.003823396693687337
38,3591,0.7941837856047351,5385804.143964366,high_mi_low_atp,0.8851139221154875,0.11269948576677492,0.002186592117737546
38,3592,0.0,9307231.991607275,low_mi_high_atp,0.5882970333006237,0.03466819405190606,0.3770347726474704
38,3595,1.0544266119771937,5881119.177858752,high_mi_low_atp,0.9057020022579952,0.0925399756879933,0.0017580220540116278
38,3596,0.24011158302361144,5962159.447869254,low_mi_low_atp,0.9150357818092197,0.08284340699688925,0.002120811193890927
38,3597,0.0,6129059.857607717,low_mi_low_atp,0.9400943392596317,0.05406856623667369,0.005837094503694494
38,3598,1.1393262397777593,5685620.251615887,high_mi_low_atp,0.9186979054544842,0.07943009913798942,0.0018719954075263263
38,3599,0.0039060116788910415,9982800.245379945,low_mi_high_atp,0.5028013642032296,0.03402885836484739,0.4631697774319231
38,3600,1.1393262397777593,5685812.613325999,high_mi_low_atp,0.9209278311124246,0.07172650600937219,0.007345662878203202
38,3602,0.9643374506019364,5558975.581604033,high_mi_low_atp,0.8926503139322546,0.10242749096366716,0.004922195104078146
38,3604,1.4589893596666386,5662311.41846648,high_mi_low_atp,0.9197098810737165,0.07874968841456166,0.001540430511721811
38,3606,0.81966311988888,5218827.3295676345,high_mi_low_atp,0.9228653135922513,0.0738301887778782,0.00330449762987043
38,3607,1.4589893596666386,5474753.76558728,high_mi_low_atp,0.9097056670877413,0.0778486100343999,0.01244572287785888
38,3609,1.4589893596666386,5679215.600753835,high_mi_low_atp,0.9070942696312014,0.09087696427005114,0.0020287660987474755
38,3614,1.4589893596666386,5633655.107141384,high_mi_low_atp,0.9194187012629529,0.07888841983949164,0.0016928788975555237
38,3615,1.4589893596666386,5563896.038142319,high_mi_low_atp,0.9270578002510088,0.07159972341911014,0.0013424763298810394
38,3616,0.6801783227505145,11030423.40018033,high_mi_high_atp,0.43932539024996675,0.032035672858520395,0.5286389368915128
38,3617,0.0,10160096.580827117,low_mi_high_atp,0.7854313161690831,0.03807865291623699,0.17649003091468
38,3618,1.1393262397777593,5528055.824471491,high_mi_low_atp,0.8942171969566949,0.1012569719493566,0.004525831093948528
38,3621,1.1393262397777593,5288579.011712758,high_mi_low_atp,0.9298038960579889,0.0658153322816994,0.0043807716603117604
38,3623,1.1393262397777593,5301016.316545736,high_mi_low_atp,0.903615068631569,0.09116285374712815,0.005222077621302717
38,3625,0.6309412443480125,5413518.228937485,high_mi_low_atp,0.937374480510786,0.060725782416649984,0.0018997370725640224
38,3627,0.81966311988888,5253449.693244963,high_mi_low_atp,0.9276623773332897,0.07032321341808466,0.0020144092486256665
38,3628,1.0544266119771937,24456587.44872288,high_mi_high_atp,0.24735200351879946,0.028201328163355674,0.7244466683178448
38,3630,0.6309412443480125,5238521.880367843,high_mi_low_atp,0.9294071833045732,0.06851572108135975,0.0020770956140670036
38,3633,0.0,7842956.583828625,low_mi_high_atp,0.9224359381772514,0.06838769721497964,0.00917636460776889
38,3637,1.1393262397777593,5448656.877616305,high_mi_low_atp,0.9250212251752638,0.07350101637179556,0.0014777584529406087
38,3638,0.5699579180264102,5149552.195994806,high_mi_low_atp,0.9355537010844952,0.06290202394669407,0.0015442749688107885
38,3639,0.17179332732076766,51033659.89477245,low_mi_high_atp,0.10441549113548391,0.007839930461961703,0.8877445784025544
38,3640,1.1393262397777593,5461362.633771022,high_mi_low_atp,0.917105707896038,0.07765904623935921,0.005235245864602874
38,3642,0.6393262397777593,5616987.095442162,high_mi_low_atp,0.864561378627412,0.12957752802807143,0.005861093344516582
38,3643,0.0,11629689.957791513,low_mi_high_atp,0.5972306158307341,0.029196647202284792,0.37357273696698107
39,3648,1.1393262397777593,5144687.843584136,high_mi_low_atp,0.9264608455654079,0.06967293182014703,0.0038662226144452923
39,3650,1.4589893596666386,5594206.883507551,high_mi_low_atp,0.9021450063305972,0.09353062324088261,0.004324370428520166
39,3651,1.1393262397777593,5366012.763145743,high_mi_low_atp,0.9208735186603455,0.07754661663651564,0.0015798647031388588
39,3653,1.4589893596666386,5537987.060664064,high_mi_low_atp,0.9151245864956724,0.0828136602908539,0.002061753213473633
39,3656,0.0039060116788910415,5637932.30258853,low_mi_low_atp,0.9422205239957054,0.05737240144048935,0.0004070745638051927
39,3660,1.1393262397777593,5386276.328422493,high_mi_low_atp,0.9037607681445589,0.0703861989486052,0.025853032906835827
39,3661,0.7941837856047351,5430421.7004230395,high_mi_low_atp,0.9081957840152695,0.08647657197985703,0.0053276440048735385
39,3662,1.4589893596666386,5302847.096777869,high_mi_low_atp,0.8986027623763503,0.09746197186769356,0.003935265755956028
39,3663,0.7941837856047351,5151651.010211831,high_mi_low_atp,0.9279807019705398,0.0691724319762286,0.00284686605323161
39,3664,1.4589893596666386,5516565.543007354,high_mi_low_atp,0.9249864053533642,0.07336808279644047,0.0016455118501953886
39,3665,1.1393262397777593,5284594.664951916,high_mi_low_atp,0.9120982742792091,0.08564649359476555,0.0022552321260252872
39,3666,1.1393262397777593,5372310.698142258,high_mi_low_atp,0.9107084250631912,0.084229390709426,0.005062184227382821
39,3668,0.9589893596666389,5877378.127310585,high_mi_low_atp,0.9289305915229054,0.07029103421810697,0.0007783742589876762
39,3669,0.81966311988888,5174632.1778875105,high_mi_low_atp,0.9197641606089308,0.07862946323382512,0.0016063761572442025
39,3670,1.1393262397777593,5646566.935270214,high_mi_low_atp,0.9195621164715523,0.0783036746024378,0.00213420892600985
39,3672,0.6309412443480125,5226080.401982331,high_mi_low_atp,0.9282740879877152,0.06924567291490455,0.0024802390973801738
39,3673,0.6309412443480125,5183040.6437420985,high_mi_low_atp,0.9311455396620255,0.06699681351835644,0.001857646819617984
39,3677,1.1885633181802615,5666203.2445646385,high_mi_low_atp,0.90635620088518,0.08364913369746899,0.009994665417350926
39,3678,1.1393262397777593,5778435.940863577,high_mi_low_atp,0.8863158011742801,0.09783508782288662,0.015849111002833233
39,3679,0.5984741568050038,6417147.957917279,high_mi_low_atp,0.9554633012749234,0.04433454122768026,0.0002021574973962124
39,3681,0.5699579180264102,5462800.604240127,high_mi_low_atp,0.9282460094736994,0.06890005101571564,0.0028539395105849157
39,3683,0.0039060116788910415,5880382.926125754,low_mi_low_atp,0.9132779014159367,0.08411287829356781,0.0026092202904954512
39,3684,1.1393262397777593,5498430.757071363,high_mi_low_atp,0.9061510875684454,0.0888138449046065,0.0050350675269481586
39,3686,0.5699579180264102,5388528.066760695,high_mi_low_atp,0.9033608371936687,0.09402851924353196,0.002610643562799444
39,3687,0.81966311988888,5577617.785046669,high_mi_low_atp,0.8794432037427361,0.11784514563051714,0.002711650626746627
39,3688,0.5699579180264102,5035046.051366982,high_mi_low_atp,0.9268589570086699,0.07109557474968921,0.0020454682416408236
39,3689,1.1393262397777593,5423944.3091959,high_mi_low_atp,0.905701932557911,0.08853841530740984,0.005759652134679169
39,3690,0.0,5424377.027080181,low_mi_low_atp,0.9408351719172129,0.05508622998167312,0.004078598101114026
39,3691,0.9589893596666389,5367208.85201641,high_mi_low_atp,0.9161206171454649,0.08071900300503006,0.0031603798495051013
39,3692,0.6309412443480125,5235222.877909132,high_mi_low_atp,0.9281552846702028,0.06991859382189648,0.001926121507900763
39,3694,0.6309412443480125,5196827.774680427,high_mi_low_atp,0.9117249573227915,0.08661786561051307,0.0016571770666954813
39,3696,0.5984741568050038,5864871.939130509,high_mi_low_atp,0.8960016897830035,0.10213238375458478,0.001865926462411673
39,3698,0.0,5917535.908887923,low_mi_low_atp,0.9216818668492757,0.07734313981056166,0.0009749933401627351
39,3699,1.1393262397777593,5652549.867425087,high_mi_low_atp,0.9363809584209303,0.0625208840508207,0.0010981575282490326
39,3700,0.2312764937577793,19350405.157687027,low_mi_high_atp,0.2742796821962352,0.016359909216234945,0.7093604085875299
39,3702,1.4589893596666386,5474441.30726731,high_mi_low_atp,0.9119937469449705,0.08263857310550207,0.005367679949527531
39,3703,0.7941837856047351,5284801.513419025,high_mi_low_atp,0.8974188273135257,0.09874017853115138,0.003840994155322899
39,3706,1.1885633181802615,5337096.269310733,high_mi_low_atp,0.9128574604319133,0.0807579170379209,0.0063846225301658985
39,3707,0.5984741568050038,5083238.259594883,high_mi_low_atp,0.92451626993218,0.07262399222501836,0.0028597378428017704
39,3708,0.0,13171687.114786284,low_mi_high_atp,0.40256210834961226,0.025778149254872502,0.5716597423955152
39,3709,1.4589893596666386,5186615.237292304,high_mi_low_atp,0.9288084253586338,0.06704844973031307,0.004143124911053021
39,3710,0.7941837856047351,5065557.982646454,high_mi_low_atp,0.9233379719545591,0.07322332097477151,0.003438707070669393
39,3711,0.5083849954297467,4890298.123224889,low_mi_low_atp,0.9244104205618634,0.06598461046484667,0.00960496897328991
39,3712,1.1885633181802615,5542752.405676691,high_mi_low_atp,0.9228605626396983,0.07535626165724357,0.0017831757030581114
39,3713,1.1393262397777593,5708235.92829623,high_mi_low_atp,0.908596005179209,0.08857288351914766,0.002831111301643378
39,3714,0.0,5702647.237600778,low_mi_low_atp,0.9313015454874893,0.0660278950118171,0.002670559500693618
39,3717,1.1393262397777593,5427386.403506465,high_mi_low_atp,0.9376848954132406,0.06069972181511371,0.001615382771645604
39,3718,1.1393262397777593,5149487.910448899,high_mi_low_atp,0.9321290977897881,0.061715160729528304,0.006155741480683687
39,3722,0.7941837856047351,5042350.9992276495,high_mi_low_atp,0.9112367317019112,0.08597492882211057,0.0027883394759781587
39,3723,0.17179332732076766,6643602.718907178,low_mi_high_atp,0.9475194477218258,0.051835397324122075,0.0006451549540520911
39,3724,1.0544266119771937,5662348.8349236185,high_mi_low_atp,0.8904465495254998,0.10587180995438202,0.003681640520118081
39,3726,0.6309412443480125,5551737.762133251,high_mi_low_atp,0.8622579084058761,0.13349165959345394,0.004250432000669831
39,3728,0.9643374506019364,20434702.410819296,high_mi_high_atp,0.24691654249266973,0.013348164389564971,0.7397352931177652
39,3732,0.7347634920883144,5178597.2365577,high_mi_low_atp,0.9314534703338224,0.06625159306644829,0.002294936599729204
39,3733,0.0,7619316.296778503,low_mi_high_atp,0.9437804788429293,0.0553474860444969,0.0008720351125739566
39,3734,0.0,5798736.799775371,low_mi_low_atp,0.9393589210290502,0.05790929951239899,0.002731779458550746
39,3735,0.0,8024680.522464276,low_mi_high_atp,0.9441337889745199,0.052379284586716285,0.003486926438763676
39,3736,0.7941837856047351,5200739.487486285,high_mi_low_atp,0.9011725578923776,0.09614997495769106,0.002677467149931289
39,3737,0.9643374506019364,5664530.178764566,high_mi_low_atp,0.9113979373234543,0.08724775125037766,0.0013543114261679596
39,3738,0.0,6199459.638526844,low_mi_low_atp,0.9091712292708573,0.08901754659805043,0.0018112241310923405
39,3739,0.0,12888768.952905098,low_mi_high_atp,0.5290908283450263,0.027552054546381963,0.44335711710859177
39,3740,0.11081000099916546,23774541.987663798,low_mi_high_atp,0.20301296090819837,0.011610738649867364,0.7853763004419343
40,3744,0.010537624509989046,19337869.642894063,low_mi_high_atp,0.26657853333146153,0.01644736778027989,0.7169740988882586
40,3745,0.3605152028616353,5322978.272159629,low_mi_low_atp,0.9331662173571776,0.06510879858538889,0.0017249840574334924
40,3752,0.2702674841257715,4791552.793735144,low_mi_low_atp,0.9001843200310349,0.09826314011681903,0.0015525398521459364
40,3753,1.0544266119771937,5320689.954135844,high_mi_low_atp,0.9200782185940717,0.07856086751826286,0.0013609138876653564
40,3754,0.6309412443480125,5066573.134947735,high_mi_low_atp,0.9240675853646059,0.07456739631366434,0.0013650183217299326
40,3755,0.5083849954297467,5731574.512351189,low_mi_low_atp,0.890476753521061,0.10786980384572703,0.0016534426332119152
40,3756,0.0,6390271.513282159,low_mi_low_atp,0.9246010600443223,0.07354613850318845,0.0018528014524891061
40,3761,0.0,6555222.891230264,low_mi_high_atp,0.7643822217547325,0.07141274801900047,0.16420503022626695
40,3762,0.0,30637964.16412363,low_mi_high_atp,0.36837140066110324,0.015866010514404408,0.6157625888244924
40,3763,0.9589893596666387,5487407.640750435,high_mi_low_atp,0.9149016412853799,0.08248261590603995,0.002615742808580245
40,3764,0.6309412443480125,5059099.206832137,high_mi_low_atp,0.9129860255186358,0.08422365139805064,0.0027903230833134923
40,3767,1.0544266119771937,5216670.6504253475,high_mi_low_atp,0.9114143711612966,0.08172900793219028,0.0068566209065132055
40,3769,0.0,8221361.964994138,low_mi_high_atp,0.6970195696474283,0.06689018449586887,0.23609024585670288
40,3771,1.1885633181802615,5578689.456893616,high_mi_low_atp,0.9180362429462601,0.0763073084473754,0.005656448606364622
40,3773,0.6309412443480125,6372584.556036664,high_mi_low_atp,0.9122819589095402,0.08598807507985125,0.0017299660106085233
40,3774,1.1885633181802615,5301331.989634434,high_mi_low_atp,0.9146360706381009,0.08400699788382297,0.0013569314780760401
40,3775,0.24011158302361144,5238764.923311098,low_mi_low_atp,0.9261852425704764,0.07199721996806824,0.0018175374614554265
40,3778,0.5952786949499486,5124362.958560078,high_mi_low_atp,0.9243341760522903,0.07068726422103648,0.004978559726673249
40,3779,0.9643374506019364,5274285.290441637,high_mi_low_atp,0.9041024208379222,0.07949644342399781,0.016401135738080004
40,3781,1.188563318180261,5388154.527846065,high_mi_low_atp,0.916693291514107,0.07789644371556327,0.005410264770329779
40,3784,1.1393262397777593,5251916.663152265,high_mi_low_atp,0.9179498523178538,0.08050194424375642,0.0015482034383898498
40,3786,0.6309412443480125,5337502.389351296,high_mi_low_atp,0.9332003796851486,0.06499051425183577,0.0018091060630155843
40,3787,1.1393262397777593,5085857.079501309,high_mi_low_atp,0.9234048941035095,0.06549861017180517,0.011096495724685221
40,3788,1.0544266119771937,5255463.348402736,high_mi_low_atp,0.9151211800819873,0.0806303937473605,0.004248426170652212
40,3789,0.40975228126413704,5747879.784650631,low_mi_low_atp,0.945369725576041,0.054247360304153606,0.0003829141198053138
40,3790,0.5699579180264102,5576725.961434359,high_mi_low_atp,0.8974356369360017,0.10033701035835907,0.002227352705639251
40,3791,1.1393262397777593,5236762.410350415,high_mi_low_atp,0.9113038249243683,0.08405016337351091,0.004646011702120661
40,3792,0.34038395951278777,5539039.888718157,low_mi_low_atp,0.8898449634038673,0.10539826472252345,0.004756771873609261
40,3793,0.0,30262727.969370812,low_mi_high_atp,0.3629954533030838,0.01573582071508927,0.6212687259818269
40,3794,1.1393262397777593,5286240.8909651125,high_mi_low_atp,0.9343377695388335,0.0627447662075656,0.0029174642536009465
40,3796,1.1393262397777593,5615859.714987561,high_mi_low_atp,0.9059298764815977,0.08559657481691725,0.008473548701484921
40,3797,0.6309412443480125,5125122.28063373,high_mi_low_atp,0.9357100208947152,0.06139765813950081,0.0028923209657839674
40,3800,0.0,6243409.142641424,low_mi_low_atp,0.9087205670316834,0.08744255135308125,0.0038368816152354363
40,3801,1.0544266119771937,5347001.129129941,high_mi_low_atp,0.9092332264151068,0.08025595508815289,0.010510818496740314
40,3802,0.6309412443480125,5994635.540920202,high_mi_low_atp,0.8811033406969869,0.1171125107099342,0.001784148593078925
40,3803,1.1393262397777593,5533005.311184647,high_mi_low_atp,0.9228425492311572,0.0727419970161327,0.004415453752710112
40,3804,0.81966311988888,5482909.889929522,high_mi_low_atp,0.9214265169251875,0.07762325086649342,0.0009502322083189633
40,3807,0.9643374506019364,5637016.253150663,high_mi_low_atp,0.9038292192273331,0.09300547026848326,0.0031653105041836702
40,3808,0.6309412443480125,5442418.619459419,high_mi_low_atp,0.9181872980402159,0.07831535066758477,0.003497351292199418
40,3810,0.0,6234617.4152321555,low_mi_low_atp,0.9122697327537911,0.08679686308518943,0.0009334041610196232
40,3812,0.4608504522714018,5163866.2763983095,low_mi_low_atp,0.9307727832240199,0.06702991655268856,0.002197300223291511
40,3813,1.4589893596666386,5499742.429507394,high_mi_low_atp,0.9234788871453253,0.07502936684961109,0.0014917460050635517
40,3814,0.0,9178782.173882952,low_mi_high_atp,0.953041595729253,0.04657079396735995,0.0003876103033870161
40,3816,0.0,7647343.833669364,low_mi_high_atp,0.9425085679228619,0.04765266137393335,0.009838770703204679
40,3819,0.9589893596666389,5368972.84501828,high_mi_low_atp,0.9194186947033279,0.07551219099658299,0.005069114300088924
40,3820,0.0,6217340.645487268,low_mi_low_atp,0.9271470450841655,0.06717071931072675,0.005682235605107742
40,3821,1.0544266119771937,5226348.618326743,high_mi_low_atp,0.9284334850438365,0.0655106810997317,0.006055833856431834
40,3823,1.0544266119771937,5283289.184309696,high_mi_low_atp,0.912110033699224,0.08371157166929433,0.004178394631481701
40,3824,1.1393262397777593,5369305.809632869,high_mi_low_atp,0.9004418195259231,0.09480134399408563,0.004756836479991272
40,3825,0.0,6060229.476046535,low_mi_low_atp,0.9212524621287902,0.07441792756503159,0.004329610306178284
40,3828,1.0544266119771937,5105837.795872861,high_mi_low_atp,0.9337942685962252,0.06263835489000412,0.0035673765137707388
40,3829,1.1393262397777593,5491523.955833591,high_mi_low_atp,0.9076558513173119,0.08673107806934051,0.005613070613347642
40,3830,0.6309412443480125,5494764.992238393,high_mi_low_atp,0.8975828486145601,0.09096361219767084,0.011453539187769042
40,3831,0.9643374506019364,5661227.9168791855,high_mi_low_atp,0.9142828693133183,0.08273230724576462,0.002984823440917225
40,3832,1.1393262397777593,4998989.875130446,high_mi_low_atp,0.9255984031411014,0.07049055119181892,0.00391104566707962
40,3833,0.5083849954297467,5319476.775302494,low_mi_low_atp,0.9042434184358554,0.09402304007095062,0.0017335414931939387
40,3834,0.9643374506019364,5263044.498552078,high_mi_low_atp,0.9150633591100723,0.08134095668876484,0.003595684201162698
40,3835,0.9589893596666389,5402424.8548420435,high_mi_low_atp,0.9345967487299697,0.061169815561020746,0.004233435709009665
40,3836,0.0039060116788910415,13282516.2547761,low_mi_high_atp,0.947859252879674,0.03780986287460547,0.01433088424572042
40,3837,0.7294154011530164,5255435.17088751,high_mi_low_atp,0.9274607158784353,0.06742353190581075,0.005115752215753845
40,3838,1.0544266119771937,5269257.375704608,high_mi_low_atp,0.9260177545560899,0.06573837953280187,0.008243865911108192
40,3839,0.0,7731700.293008224,low_mi_high_atp,0.944028563165279,0.053086983249174324,0.002884453585546712
41,3840,0.6309412443480125,5076645.130187818,high_mi_low_atp,0.9247288102114012,0.07202989380613802,0.0032412959824608973
41,3843,1.1885633181802615,5345730.873999622,high_mi_low_atp,0.8938926491059688,0.10234857517213944,0.0037587757218917276
41,3845,0.6801783227505145,5512253.989731145,high_mi_low_atp,0.9226327021465744,0.07714348713156267,0.0002238107218628442
41,3847,1.1393262397777593,5401710.536321876,high_mi_low_atp,0.9147543927600762,0.07973022913227538,0.005515378107648438
41,3848,1.4589893596666386,5476455.849542313,high_mi_low_atp,0.9071745662135696,0.08774176518929369,0.005083668597136624
41,3849,1.1393262397777593,5494534.212594942,high_mi_low_atp,0.8926982829354971,0.10631013457376393,0.000991582490738885
41,3850,0.6309412443480125,6320590.689059201,high_mi_low_atp,0.940180467784519,0.05909512833892537,0.0007244038765555531
41,3851,1.0544266119771937,5386297.640826084,high_mi_low_atp,0.9115178330268929,0.07656026322858746,0.011921903744519713
41,3852,0.0,7626920.717154738,low_mi_high_atp,0.9577105837625137,0.041821631180927944,0.0004677850565582534
41,3853,1.0544266119771937,5459390.81465981,high_mi_low_atp,0.9135239727125125,0.08322806578573713,0.0032479615017504773
41,3858,0.0,5915275.5398948705,low_mi_low_atp,0.8962429202803585,0.10119033196903258,0.002566747750609033
41,3860,0.0,5723651.975899983,low_mi_low_atp,0.9340328733684607,0.06371580196151061,0.0022513246700285954
41,3861,0.6309412443480125,5067050.831142337,high_mi_low_atp,0.9389923593999993,0.058799977393881785,0.0022076632061188727
41,3864,0.6309412443480125,5181257.847884173,high_mi_low_atp,0.9165426867831202,0.08124805525779778,0.0022092579590819437
41,3866,1.1393262397777593,5535321.111130908,high_mi_low_atp,0.9234805202697851,0.07154794302567215,0.004971536704542718
41,3869,1.0544266119771937,5270673.666371022,high_mi_low_atp,0.9352574322695617,0.06147060458648127,0.003271963143957121
41,3870,1.1393262397777593,5115441.828462905,high_mi_low_atp,0.9197665171788606,0.06875703489204017,0.011476447929099277
41,3871,1.1393262397777593,6268713.322223663,high_mi_low_atp,0.7761146165829748,0.05628005798333195,0.1676053254336933
41,3873,1.1393262397777593,5164137.754811333,high_mi_low_atp,0.9349471398419712,0.05968847971771672,0.005364380440312224
41,3874,0.5699579180264102,5045111.465063503,high_mi_low_atp,0.9306152121977006,0.06733884841399437,0.002045939388304953
41,3875,0.8552299848469279,5338855.762967115,high_mi_low_atp,0.9357769032917718,0.06222059335249225,0.0020025033557360106
41,3878,0.7941837856047351,5147963.258427999,high_mi_low_atp,0.9235224683309455,0.07381826778604345,0.0026592638830110846
41,3879,0.7941837856047351,5386841.638967428,high_mi_low_atp,0.9171142584054414,0.08052238273635891,0.0023633588581997494
41,3881,0.6309412443480125,5282519.014777299,high_mi_low_atp,0.9259112585603405,0.07229115787345625,0.0017975835662032928
41,3882,1.1393262397777593,5154338.516997641,high_mi_low_atp,0.9239194283095012,0.07101033832793807,0.005070233362560826
41,3883,1.1393262397777593,5151202.8654454565,high_mi_low_atp,0.9145433348929369,0.08414546622352477,0.0013111988835383533
41,3884,0.0,6875760.174107326,low_mi_high_atp,0.9460079873235709,0.052199511232718314,0.0017925014437107701
41,3886,1.1393262397777593,7053727.863548913,high_mi_high_atp,0.9452043839960159,0.05378126083211381,0.001014355171870356
41,3889,1.4589893596666386,5486858.242670789,high_mi_low_atp,0.919596136365031,0.07869994552701506,0.001703918107953886
41,3891,0.9643374506019364,5254372.695818712,high_mi_low_atp,0.9123232384981856,0.08607860129726168,0.0015981602045526768
41,3893,0.0,5759866.241625945,low_mi_low_atp,0.9558437878368891,0.04056125221729488,0.0035949599458160965
41,3896,0.5083849954297467,5215501.747205973,low_mi_low_atp,0.9423686625633945,0.05625458672338393,0.0013767507132217125
41,3897,1.1393262397777593,5200557.992815466,high_mi_low_atp,0.919573046997391,0.07272418663607778,0.007702766366531245
41,3898,1.1393262397777593,5633554.757397197,high_mi_low_atp,0.9174946590241689,0.07894405357615257,0.0035612873996784785
41,3899,0.0,6883893.590345733,low_mi_high_atp,0.9197503501564765,0.07363455145265063,0.006615098390872792
41,3902,0.9643374506019364,5122991.799609426,high_mi_low_atp,0.9283408805370731,0.06440804139338183,0.007251078069544976
41,3903,1.4589893596666386,5399870.551857659,high_mi_low_atp,0.9131760000594621,0.0765261822788116,0.010297817661726489
41,3906,0.7941837856047351,5093583.496741443,high_mi_low_atp,0.9311117325040024,0.06557108567506569,0.003317181820931864
41,3907,1.1393262397777593,5161379.851247466,high_mi_low_atp,0.9266138922959444,0.06761398598412487,0.005772121719930962
41,3908,1.1885633181802615,5413850.251103093,high_mi_low_atp,0.9073961660635195,0.0807244850538313,0.011879348882649183
41,3911,0.81966311988888,5150103.471672749,high_mi_low_atp,0.9304016901350813,0.06758607192135986,0.002012237943558843
41,3912,1.1393262397777593,5445315.835496071,high_mi_low_atp,0.9239488709772914,0.07441144943795296,0.001639679584755783
41,3914,0.6309412443480125,6498448.5627166815,high_mi_low_atp,0.866131289743852,0.12856883199790545,0.005299878258242587
41,3916,1.1393262397777593,5007661.613472312,high_mi_low_atp,0.928839075370328,0.06686060250383931,0.004300322125832696
41,3919,0.0,7574554.3085337365,low_mi_high_atp,0.9629026737821823,0.03230761761845669,0.004789708599360914
41,3920,0.5984741568050038,5146389.282538845,high_mi_low_atp,0.9140041812973301,0.07994182904518726,0.00605398965748274
41,3921,1.1393262397777593,5570470.185895734,high_mi_low_atp,0.9186934161029305,0.07760726316338255,0.0036993207336869093
41,3922,0.6309412443480125,5456530.037588229,high_mi_low_atp,0.9438667310976857,0.055606492812945586,0.0005267760893686275
41,3925,0.0,5080752.831688201,low_mi_low_atp,0.892492476852422,0.10127491018278909,0.006232612964788877
41,3926,1.1393262397777593,5252808.009264423,high_mi_low_atp,0.9149174334770437,0.08116922876820808,0.00391333775474814
41,3927,0.0039060116788910415,33583485.28798964,low_mi_high_atp,0.14983814889905947,0.00923955651448988,0.8409222945864507
41,3930,1.0544266119771937,5228446.803071311,high_mi_low_atp,0.9317785717687679,0.06255068824917356,0.005670739982058491
41,3932,0.5699579180264102,5425222.391736181,high_mi_low_atp,0.9127369963000352,0.08103690888115134,0.006226094818813412
41,3933,1.1393262397777593,6960855.600621039,high_mi_high_atp,0.8792125240646099,0.08873535489929738,0.032052121036092625
42,3936,1.1393262397777593,5069944.2859650245,high_mi_low_atp,0.9282840830174035,0.06734556927670887,0.004370347705887545
42,3937,1.1393262397777593,5366672.443682623,high_mi_low_atp,0.9352271257379013,0.0609628637070042,0.003810010555094303
42,3938,1.4589893596666386,5480517.672279128,high_mi_low_atp,0.9260309502150771,0.0723490032081208,0.0016200465768019753
42,3939,0.9643374506019364,5038075.9899514,high_mi_low_atp,0.9269077402104619,0.0674900672341637,0.005602192555374342
42,3940,0.6309412443480125,5000354.159276182,high_mi_low_atp,0.9231165322822235,0.07418495047548099,0.00269851724229555
42,3942,0.6309412443480125,5116871.589444122,high_mi_low_atp,0.9308358248240484,0.06697019959719087,0.0021939755787606812
42,3947,0.5984741568050038,5117312.776617781,high_mi_low_atp,0.9289809001476523,0.06731068228898533,0.0037084175633621892
42,3948,0.0,6060664.964459777,low_mi_low_atp,0.9226688461774561,0.07169722458502423,0.005633929237519562
42,3949,0.0,5374423.270676416,low_mi_low_atp,0.9251523578510953,0.07105325205534822,0.0037943900935563427
42,3950,1.1393262397777593,5368276.152134466,high_mi_low_atp,0.9093554343215268,0.08745157252256172,0.0031929931559115166
42,3951,1.1393262397777593,5289106.5729920035,high_mi_low_atp,0.9166463215987752,0.06987273000552871,0.01348094839569604
42,3954,0.9643374506019364,5655517.412294459,high_mi_low_atp,0.9034779904847041,0.09237797206989937,0.004144037445396441
42,3955,0.0,10949905.758275887,low_mi_high_atp,0.5426747030737346,0.050672957802581305,0.40665233912368415
42,3956,1.1393262397777593,5496932.4643722465,high_mi_low_atp,0.9152760121458468,0.08325616626837598,0.0014678215857772655
42,3960,0.9589893596666389,5862599.279377866,high_mi_low_atp,0.919902056621797,0.07437221600670511,0.00572572737149787
42,3961,0.6635340777322021,5669114.890485018,high_mi_low_atp,0.8927796457027157,0.10268146577248818,0.004538888524795954
42,3962,1.1393262397777593,5134484.359220062,high_mi_low_atp,0.9218158728197214,0.07408101690748678,0.004103110272791902
42,3963,1.1393262397777593,5455775.511008754,high_mi_low_atp,0.9317136481645459,0.06140002672889613,0.0068863251065578125
42,3964,1.1393262397777593,5766988.8814189555,high_mi_low_atp,0.8925795852057397,0.10191394980093875,0.005506464993321764
42,3966,0.9589893596666389,5352626.9543770915,high_mi_low_atp,0.9318606953568312,0.06139896285480258,0.006740341788366184
42,3967,1.1393262397777593,5771853.46239616,high_mi_low_atp,0.9080799952812894,0.07944064533561453,0.012479359383096118
42,3968,0.6309412443480125,5550694.1836243635,high_mi_low_atp,0.9387207564654834,0.05567642663282272,0.005602816901693981
42,3969,1.1393262397777593,5271913.022953101,high_mi_low_atp,0.9274995987934005,0.06820906628545191,0.004291334921147517
42,3971,0.5083849954297467,18075927.955040522,low_mi_high_atp,0.28020390247000043,0.022572033552306643,0.697224063977693
42,3972,1.1393262397777593,5081121.470106621,high_mi_low_atp,0.9337413110566095,0.06333394478908587,0.0029247441543046714
42,3974,1.1393262397777593,5096576.552587729,high_mi_low_atp,0.9236780627980238,0.07117866658396545,0.005143270618010705
42,3975,0.9643374506019364,35394934.6019277,high_mi_high_atp,0.16025023479295608,0.015112281182458246,0.8246374840245857
42,3977,1.1393262397777593,5197056.101331178,high_mi_low_atp,0.9173040828663007,0.07819020231479568,0.004505714818903648
42,3980,1.0544266119771937,5437349.733074388,high_mi_low_atp,0.9109937097099373,0.05400570547023885,0.03500058481982391
42,3981,0.9643374506019364,5897605.849805371,high_mi_low_atp,0.7977314736235801,0.08315382372507868,0.11911470265134136
42,3982,1.0544266119771937,5337297.028845759,high_mi_low_atp,0.9123982972806688,0.08235585496081459,0.00524584775851655
42,3983,0.5083849954297467,5240677.360885452,low_mi_low_atp,0.9047764248524544,0.09116710065924921,0.004056474488296536
42,3984,1.1393262397777593,5368109.8150967145,high_mi_low_atp,0.9246892529315441,0.07217393369859565,0.003136813369860172
42,3985,1.1885633181802615,5503214.103014728,high_mi_low_atp,0.9127566142869309,0.08222287494799843,0.005020510765070647
42,3987,1.1393262397777593,5430701.821981019,high_mi_low_atp,0.9129422138753361,0.07874910968228867,0.00830867644237514
42,3989,0.5699579180264102,5096882.777475777,high_mi_low_atp,0.9177836868638398,0.08110706280064718,0.001109250335513046
42,3991,0.0,6805104.024326331,low_mi_high_atp,0.9536244950649884,0.045793282963141425,0.000582221971870161
42,3997,0.6309412443480125,4910279.677849779,high_mi_low_atp,0.9270242663880545,0.07122307862035651,0.001752654991589072
42,3998,0.81966311988888,5595753.689659212,high_mi_low_atp,0.9286822285085506,0.070579535203711,0.0007382362877383571
42,4000,1.1885633181802615,5390156.41628887,high_mi_low_atp,0.9213599954267244,0.07746535300302217,0.0011746515702534476
42,4001,0.5699579180264102,5368578.820375407,high_mi_low_atp,0.9241959146355981,0.07497715884249631,0.000826926521905526
42,4003,0.010537624509989046,16696816.435108824,low_mi_high_atp,0.33353233019397627,0.030536487088582753,0.6359311827174411
42,4005,0.0,5629684.792398972,low_mi_low_atp,0.9280215117096982,0.06956432858428695,0.002414159706014857
42,4006,0.7941837856047351,5195434.361945406,high_mi_low_atp,0.9221236046681833,0.07553018221810011,0.002346213113716607
42,4009,1.0544266119771937,5187966.6492833765,high_mi_low_atp,0.9246109455401526,0.06823463692501658,0.0071544175348308234
42,4010,0.0039060116788910415,21037087.313551314,low_mi_high_atp,0.23504623115077225,0.015270784681763603,0.7496829841674642
42,4011,1.0544266119771937,5441057.171986275,high_mi_low_atp,0.9204595968799303,0.07733409311495722,0.002206310005112551
42,4013,1.1393262397777593,5247671.599625706,high_mi_low_atp,0.9200401847286045,0.06921039470558044,0.010749420565815241
42,4014,1.4589893596666386,5280531.288970751,high_mi_low_atp,0.9210584083386666,0.07456881385338972,0.004372777807943607
42,4017,0.0039060116788910415,27600367.547007587,low_mi_high_atp,0.18018491352135568,0.014470079879122594,0.8053450065995218
42,4018,1.4589893596666386,5518470.304129581,high_mi_low_atp,0.8948405507054499,0.07761164183524136,0.02754780745930889
42,4020,1.4589893596666386,5425128.845075253,high_mi_low_atp,0.9071269269467378,0.08784634791101983,0.005026725142242413
42,4021,1.1393262397777593,5212164.501132668,high_mi_low_atp,0.9241602236367608,0.0740694872550599,0.0017702891081794788
42,4022,1.0544266119771937,5519152.274222664,high_mi_low_atp,0.8989313256533955,0.07856797417255916,0.022500700174045388
42,4023,1.4589893596666386,5362128.752999666,high_mi_low_atp,0.9123857065303084,0.07861710085862779,0.008997192611063888
42,4024,0.5509396136466588,5203122.548154201,low_mi_low_atp,0.9256215106053727,0.06636587324211982,0.008012616152507557
42,4025,1.1393262397777593,5385010.220327154,high_mi_low_atp,0.9156623222496727,0.07502098202765327,0.009316695722674061
42,4026,1.0544266119771937,5326530.293686616,high_mi_low_atp,0.9127411738970432,0.08063824914180183,0.006620576961155008
42,4028,1.1885633181802615,5523205.3578821495,high_mi_low_atp,0.907586476686979,0.08126187114245156,0.011151652170569413
43,4032,1.1393262397777593,5781576.947275012,high_mi_low_atp,0.9242935233750729,0.07179745769265727,0.003909018932269785
43,4033,0.6309412443480125,5188919.322026472,high_mi_low_atp,0.9096488448596283,0.0885549085769462,0.0017962465634255474
43,4034,1.1393262397777593,5028659.916845992,high_mi_low_atp,0.9269842319915088,0.06947080088252092,0.003544967125970301
43,4038,0.41813727669388345,4921652.3907093415,low_mi_low_atp,0.8915904520964971,0.10405686127311076,0.004352686630392056
43,4043,0.6309412443480125,5130892.32115009,high_mi_low_atp,0.9149578601571415,0.0821369309527579,0.0029052088901007083
43,4044,1.1393262397777593,5866069.537620013,high_mi_low_atp,0.9256126962607883,0.07214829317267636,0.0022390105665353773
43,4045,1.1393262397777593,5427092.056271012,high_mi_low_atp,0.9043216154766603,0.08865809149694975,0.007020293026389939
43,4046,0.9589893596666389,5377259.631576683,high_mi_low_atp,0.9040799028145403,0.0790799930900188,0.01684010409544075
43,4047,1.0544266119771937,5354240.875262302,high_mi_low_atp,0.915115659358026,0.0791723888616791,0.005711951780294922
43,4048,0.24011158302361144,5688000.216725962,low_mi_low_atp,0.91413152365191,0.08425633933292477,0.0016121370151653068
43,4049,1.0544266119771937,5517321.474839994,high_mi_low_atp,0.887058040068177,0.10971737376882573,0.003224586162997246
43,4051,1.4589893596666386,5356723.792632235,high_mi_low_atp,0.9169499102355255,0.07957690555207426,0.0034731842124001767
43,4052,0.24011158302361144,5536898.87166311,low_mi_low_atp,0.8999273846032849,0.09824179726466,0.0018308181320550912
43,4054,1.1393262397777593,4932930.832736947,high_mi_low_atp,0.9316674577625074,0.062448641915475785,0.005883900322016893
43,4055,1.1885633181802615,5413999.035224376,high_mi_low_atp,0.9355254121316803,0.060954591300522915,0.003519996567796828
43,4057,1.1393262397777593,5142328.160386636,high_mi_low_atp,0.919053332859394,0.07735921273745423,0.0035874544031517706
43,4058,0.0039060116788910415,5591351.388146147,low_mi_low_atp,0.9469540510020671,0.051746689587769845,0.0012992594101631123
43,4060,0.81966311988888,5318471.621595787,high_mi_low_atp,0.9142684053193959,0.08390379329402974,0.0018278013865745141
43,4061,0.8689001982913815,5488679.559491151,high_mi_low_atp,0.939293055905731,0.05682271648126915,0.0038842276129999547
43,4063,1.1885633181802615,5355813.339059546,high_mi_low_atp,0.9186027196911806,0.07985091379585173,0.0015463665129677605
43,4066,1.1393262397777593,5355517.286357236,high_mi_low_atp,0.9081716701937753,0.09015855097158906,0.0016697788346355991
43,4068,0.0039060116788910415,7607827.655972198,low_mi_high_atp,0.9572681161129447,0.0414725917833977,0.0012592921036576206
43,4069,0.5984741568050038,5050422.595646343,high_mi_low_atp,0.9336331465763029,0.06325039414326672,0.0031164592804302535
43,4070,0.5699579180264102,4898531.97088547,high_mi_low_atp,0.9265692839844779,0.0687936313769061,0.0046370846386161275
43,4073,1.1393262397777593,5343362.009775598,high_mi_low_atp,0.9297028901823353,0.062244694930621916,0.00805241488704279
43,4074,0.0,9593518.201562913,low_mi_high_atp,0.5319524421173708,0.04201618819974974,0.4260313696828796
43,4076,0.5083849954297467,5127779.023241384,low_mi_low_atp,0.9136552913328465,0.08436636124472946,0.0019783474224240477
43,4077,0.9643374506019364,5095206.0251553375,high_mi_low_atp,0.9298238286005104,0.06515021218923957,0.005025959210250012
43,4078,0.81966311988888,65349271.97140683,high_mi_high_atp,0.07956200503233289,0.004493604888170806,0.9159443900794962
43,4079,0.0,8962925.352721013,low_mi_high_atp,0.5919668989077826,0.0465121975371403,0.3615209035550771
43,4084,1.4589893596666386,5594015.375884586,high_mi_low_atp,0.9012892314603435,0.07917531654924288,0.019535451990413826
43,4085,1.0544266119771937,5372162.538123185,high_mi_low_atp,0.9122530035713006,0.08215696010056552,0.005590036328133948
43,4087,1.1885633181802615,5407933.891308072,high_mi_low_atp,0.9306455942380313,0.06511099428050424,0.004243411481464399
43,4088,0.5699579180264102,5498149.5083720265,high_mi_low_atp,0.878927689961429,0.11954748403437147,0.0015248260041995367
43,4091,1.4589893596666386,5331771.227260279,high_mi_low_atp,0.9000743332871405,0.09639371129212244,0.003531955420737026
43,4092,1.4589893596666386,5364341.190196454,high_mi_low_atp,0.905589798548749,0.08077048768537155,0.01363971376587943
43,4093,1.1393262397777593,5399555.13127217,high_mi_low_atp,0.9083496454175601,0.08756587746298938,0.004084477119450483
43,4095,0.9643374506019364,5244689.728333701,high_mi_low_atp,0.915324904161271,0.07930711772058056,0.005367978118148418
43,4096,0.6309412443480125,5719723.828094794,high_mi_low_atp,0.8911582146462712,0.10591262413766947,0.0029291612160592924
43,4098,1.1885633181802615,5273636.923710995,high_mi_low_atp,0.9154453230523949,0.0801784368796015,0.0043762400680036504
43,4099,1.1393262397777593,5124632.826070229,high_mi_low_atp,0.9281903823942977,0.06757913539493851,0.004230482210763709
43,4103,1.4589893596666386,5079334.988199954,high_mi_low_atp,0.9365217898592055,0.057730917775855026,0.005747292364939421
43,4104,0.7941837856047351,7671732.97041191,high_mi_high_atp,0.951515962793796,0.04754258721787749,0.0009414499883264785
43,4105,1.0544266119771937,5528175.941260697,high_mi_low_atp,0.9423658726796056,0.054538460128187125,0.0030956671922072886
43,4110,0.5699579180264102,5659520.707374642,high_mi_low_atp,0.8931381971698278,0.1036906750473489,0.003171127782823305
43,4111,0.81966311988888,5087691.048201988,high_mi_low_atp,0.9232283472713929,0.07439372014577643,0.0023779325828306905
43,4116,0.0,10774872.890676148,low_mi_high_atp,0.9669906151707705,0.03274369991898374,0.0002656849102456537
43,4118,0.0,12049805.636862947,low_mi_high_atp,0.4810505753550924,0.019328948805065076,0.4996204758398425
43,4119,1.1393262397777593,23292950.293191742,high_mi_high_atp,0.22586743627774783,0.018199000526785573,0.7559335631954667
43,4120,1.0544266119771937,5386973.407227221,high_mi_low_atp,0.9216322939765904,0.0763285990105281,0.0020391070128814455
43,4121,0.20223353162471486,54962439.500184156,low_mi_high_atp,0.07842734366648065,0.007364865344273987,0.9142077909892454
43,4124,0.0,7119475.63223969,low_mi_high_atp,0.9538052223764402,0.04376517819571609,0.0024295994278437116
43,4125,0.0,5735290.03067343,low_mi_low_atp,0.8935295716034497,0.055906942181667786,0.05056348621488252
43,4126,0.0,6182661.402783115,low_mi_low_atp,0.8301445408643475,0.05093771885739597,0.11891774027825655
43,4127,0.6309412443480125,5166093.743158855,high_mi_low_atp,0.9074407853188523,0.06419536533292992,0.028363849348217715
44,4128,0.6309412443480125,5158786.433135425,high_mi_low_atp,0.9201872991074668,0.07637100150353932,0.0034416993889937898
44,4130,0.9643374506019364,5139033.684047616,high_mi_low_atp,0.9135847585449149,0.08211630356654229,0.004298937888542774
44,4131,0.0,6980145.1128904335,low_mi_high_atp,0.9627850538616413,0.036126774032568164,0.0010881721057905847
44,4134,1.1393262397777593,5276573.600840269,high_mi_low_atp,0.9353197753785347,0.06103136266979104,0.0036488619516741824
44,4136,0.5083849954297467,5120418.194201843,low_mi_low_atp,0.915738255824082,0.08121405001695332,0.00304769415896471
44,4138,0.0,21888005.933564425,low_mi_high_atp,0.2986315170556084,0.01889228989363821,0.6824761930507534
44,4145,1.1393262397777593,5192012.400534682,high_mi_low_atp,0.912986725994641,0.0799706215551554,0.007042652450203614
44,4146,1.4589893596666386,5399208.836415063,high_mi_low_atp,0.915227304796495,0.07943516099649867,0.005337534207006451
44,4150,0.7941837856047351,6831587.395665363,high_mi_high_atp,0.9537549279664115,0.04494696481046513,0.0012981072231233184
44,4153,1.1393262397777593,17198212.004776064,high_mi_high_atp,0.2699329181359338,0.018890930572924645,0.7111761512911416
44,4154,0.0,6891428.295161483,low_mi_high_atp,0.944542080962133,0.055046311429373176,0.0004116076084937277
44,4155,0.0,20221832.261137355,low_mi_high_atp,0.255650635106539,0.015478697525989852,0.7288706673674712
44,4156,0.7941837856047351,5533466.436212181,high_mi_low_atp,0.915172246735061,0.06571111735335589,0.01911663591158318
44,4158,0.8552299848469279,5266319.270695545,high_mi_low_atp,0.9147436691995703,0.0786703245377137,0.0065860062627159256
44,4159,0.81966311988888,5390640.727094112,high_mi_low_atp,0.9201841553175241,0.07324488118080229,0.006570963501673778
44,4160,0.6309412443480125,5164761.614646508,high_mi_low_atp,0.9083115960109165,0.08855127876590337,0.0031371252231801178
44,4165,1.1393262397777593,5454413.373589025,high_mi_low_atp,0.9017052339993136,0.09399267219491718,0.0043020938057693695
44,4166,1.1885633181802615,5425198.4549265085,high_mi_low_atp,0.9117688591911223,0.07918456941765839,0.009046571391219458
44,4167,0.9643374506019364,5167521.340549669,high_mi_low_atp,0.9301587058522288,0.06370970706941298,0.00613158707835825
44,4168,0.9589893596666387,5259321.511084566,high_mi_low_atp,0.9132319190427308,0.08158017820225766,0.005187902755011608
44,4170,0.9643374506019364,5279740.892942504,high_mi_low_atp,0.9163657056785328,0.08047775195308328,0.003156542368383834
44,4171,0.0,9876831.93965278,low_mi_high_atp,0.5204256712858611,0.041280957036860064,0.43829337167727883
44,4172,0.6309412443480125,5120496.029510736,high_mi_low_atp,0.9344013416493693,0.06421128241098173,0.001387375939648986
44,4174,0.6309412443480125,5213143.6169162365,high_mi_low_atp,0.9248752134723641,0.0701585506131069,0.004966235914528867
44,4175,0.0,7961742.107166063,low_mi_high_atp,0.9431677678406497,0.05531730470598822,0.0015149274533621097
44,4176,1.1393262397777593,5032243.530671834,high_mi_low_atp,0.9268335579056244,0.06827050291051744,0.004895939183858227
44,4178,0.5699579180264102,5009946.431005975,high_mi_low_atp,0.9234025669445278,0.07359506810401237,0.0030023649514597534
44,4181,1.1393262397777593,37306884.9857454,high_mi_high_atp,0.12751408969279576,0.010830618649536649,0.8616552916576676
44,4184,0.03771949403829067,9794993.57492835,low_mi_high_atp,0.49935063450567524,0.04494664172378145,0.4557027237705434
44,4185,1.4589893596666386,5198525.389789439,high_mi_low_atp,0.9302293818248758,0.06493058930874945,0.004840028866374835
44,4186,1.4589893596666386,4969011.369827185,high_mi_low_atp,0.9532050341183904,0.041922221387816136,0.0048727444937934
44,4187,1.1393262397777593,5061967.816938412,high_mi_low_atp,0.9289304783085818,0.06717636539796758,0.003893156293450604
44,4188,0.5984741568050038,5508697.5254328195,high_mi_low_atp,0.9289350389627483,0.06618520287804017,0.0048797581592114215
44,4189,0.7347634920883144,5081888.560008572,high_mi_low_atp,0.918370265564119,0.07851114686079107,0.003118587575089752
44,4192,1.1393262397777593,5335152.973017752,high_mi_low_atp,0.9309903685370032,0.062454132368000674,0.006555499094996109
44,4196,0.6309412443480125,5478167.36182932,high_mi_low_atp,0.9157909073355579,0.07983758457437047,0.00437150809007168
44,4197,1.1393262397777593,5171743.801214577,high_mi_low_atp,0.9066102640031725,0.08965608871260222,0.0037336472842252415
44,4198,0.24011158302361144,4992964.056878327,low_mi_low_atp,0.9391659452964083,0.059054385495340714,0.0017796692082511047
44,4200,1.1393262397777593,4874476.588508873,high_mi_low_atp,0.9332062068579232,0.06249320335468578,0.0043005897873909646
44,4202,1.1393262397777593,5201141.600430917,high_mi_low_atp,0.9236261953491794,0.07089700510147257,0.005476799549347824
44,4203,0.0,6179762.995327347,low_mi_low_atp,0.9316107582005728,0.06811316855087604,0.0002760732485511132
44,4205,1.1393262397777593,5160255.306389511,high_mi_low_atp,0.9280591436275262,0.06839569543025671,0.003545160942217089
44,4206,0.0,6825914.648028854,low_mi_high_atp,0.965805830090903,0.03386424926800223,0.0003299206410946813
44,4208,0.0,8213769.311770379,low_mi_high_atp,0.9545737822863299,0.04419183354328439,0.001234384170385791
44,4210,0.0,9075693.812523393,low_mi_high_atp,0.9474799096227714,0.04583344989377644,0.006686640483452258
44,4213,0.5083849954297467,23046673.201499138,low_mi_high_atp,0.22809647765172028,0.013642810204082593,0.758260712144197
44,4214,1.1393262397777593,5123626.091728667,high_mi_low_atp,0.9302865493042739,0.06583008041426498,0.003883370281461256
44,4217,0.2839376975702254,4886899.000506629,low_mi_low_atp,0.9120806529460325,0.08557716720698838,0.0023421798469791233
45,4225,1.1393262397777593,4993519.286067936,high_mi_low_atp,0.9277015003453851,0.06903626498998683,0.0032622346646281673
45,4228,1.1393262397777593,5145024.248808668,high_mi_low_atp,0.9257353198690974,0.07056364927737434,0.0037010308535281333
45,4230,0.6309412443480125,5007220.675748995,high_mi_low_atp,0.9413757513762326,0.057270508178132604,0.0013537404456346448
45,4231,0.6309412443480125,5200967.804674443,high_mi_low_atp,0.9259046110896137,0.07238347333108854,0.0017119155792977238
45,4234,0.0,7268058.433285212,low_mi_high_atp,0.9452607104514923,0.05006301856822283,0.004676270980284869
45,4236,1.1393262397777593,4968942.980212845,high_mi_low_atp,0.9268979105693089,0.06951282367215263,0.003589265758538541
45,4237,0.171856200241358,5144951.792134627,low_mi_low_atp,0.8770486815015488,0.11499451878781526,0.007956799710635964
45,4238,1.4589893596666386,5233438.613041705,high_mi_low_atp,0.9353922850023748,0.06305683939093037,0.0015508756066948551
45,4239,0.6309412443480125,5111623.228025258,high_mi_low_atp,0.9231771980269542,0.07559977748741406,0.0012230244856315728
45,4241,1.4589893596666386,5344266.88470948,high_mi_low_atp,0.9130257447314133,0.08085512703621285,0.006119128232373704
45,4242,0.0,7467072.9465903165,low_mi_high_atp,0.9453465922077745,0.05424578979404074,0.00040761799818472133
45,4243,0.5051895335746919,5179973.290739874,low_mi_low_atp,0.9330374660846614,0.06550160781635113,0.0014609260989874682
45,4246,0.11081000099916546,6899453.603595493,low_mi_high_atp,0.9697358805196213,0.02986706525425457,0.0003970542261239556
45,4247,1.1393262397777593,5163502.757846053,high_mi_low_atp,0.9223686337570082,0.07423486045452488,0.003396505788466912
45,4248,1.4589893596666386,5141580.108527492,high_mi_low_atp,0.9458445577490319,0.04937572024493701,0.004779722006031128
45,4249,0.0,8648044.887732932,low_mi_high_atp,0.9437294850074971,0.05552669928092744,0.0007438157115754292
45,4250,0.7941837856047351,5652277.270937267,high_mi_low_atp,0.9299403289020376,0.06926196089431759,0.0007977102036446672
45,4252,0.9181372766938837,5272348.823949134,high_mi_low_atp,0.9228836310610062,0.0628382455231713,0.014278123415822302
45,4253,0.7941837856047351,5111969.500372121,high_mi_low_atp,0.9297585453233339,0.06613313240682162,0.004108322269844469
45,4254,0.9643374506019364,5159574.854458774,high_mi_low_atp,0.9082135427951313,0.0846139059506787,0.0071725512541898975
45,4256,0.5699579180264102,21381579.815937676,high_mi_high_atp,0.2234805680947411,0.016195994791931945,0.7603234371133271
45,4260,1.4589893596666386,5258735.380632136,high_mi_low_atp,0.9303312692873659,0.0655049309986749,0.004163799713959323
45,4264,0.81966311988888,5112900.5702747535,high_mi_low_atp,0.916866034986266,0.08090013375374892,0.002233831259985148
45,4265,0.0,20532219.76839321,low_mi_high_atp,0.4553794048926296,0.02078378600930145,0.5238368090980691
45,4266,0.0,9265390.653514782,low_mi_high_atp,0.9679984523875891,0.03182998317985258,0.00017156443255838971
45,4267,1.1393262397777593,6547487.845770785,high_mi_high_atp,0.9104896281977183,0.08621276301000473,0.0032976087922771567
45,4274,0.0,5344268.503010999,low_mi_low_atp,0.925229084801361,0.07127792580962132,0.00349298938901768
45,4276,1.4589893596666386,5001226.831091901,high_mi_low_atp,0.9369473784621412,0.05627724320465108,0.006775378333207847
45,4277,1.1885633181802615,5328154.985197625,high_mi_low_atp,0.9159423649305836,0.07757961907724782,0.006478015992168568
45,4278,0.9643374506019364,5054275.174692205,high_mi_low_atp,0.9359510997743168,0.05955512096449251,0.00449377926119062
45,4279,0.0,5700115.483955159,low_mi_low_atp,0.9240735000246358,0.07175071859282017,0.004175781382544028
45,4280,1.1393262397777593,5092525.192895575,high_mi_low_atp,0.9327422784802812,0.06417858829637534,0.003079133223343257
45,4283,0.6309412443480125,4842800.239310203,high_mi_low_atp,0.9324159460118089,0.0654619615040247,0.0021220924841665392
45,4284,1.1393262397777593,4994012.772395831,high_mi_low_atp,0.9294405520486382,0.06653160325615581,0.004027844695205977
45,4285,1.1393262397777593,4923262.542072357,high_mi_low_atp,0.9337609267950683,0.06170949221894278,0.004529580985988866
45,4287,1.4589893596666386,5143421.271422494,high_mi_low_atp,0.908526758506727,0.08664684809020742,0.004826393403065487
45,4291,1.1885633181802615,5463457.161694339,high_mi_low_atp,0.9102345108026509,0.08237665280010636,0.007388836397242591
45,4292,0.6309412443480125,5096780.111070668,high_mi_low_atp,0.9242317151023565,0.07230586295427273,0.0034624219433708743
45,4293,1.0544266119771937,5005790.994627244,high_mi_low_atp,0.9394109363096655,0.05607638999828283,0.004512673692051595
45,4294,0.0,23432871.970484305,low_mi_high_atp,0.21238956467683254,0.01312117853361529,0.7744892567895523
45,4296,0.5083849954297467,5019629.099398101,low_mi_low_atp,0.92938044218157,0.06893300659113276,0.001686551227297192
45,4298,1.1393262397777593,5013004.139319624,high_mi_low_atp,0.924709446491517,0.0710112034412495,0.004279350067233668
45,4299,0.0,5891326.342848806,low_mi_low_atp,0.9252050409903538,0.0730499560286585,0.0017450029809876564
45,4301,1.1393262397777593,5564698.800565311,high_mi_low_atp,0.9056953501096787,0.08831677445387626,0.005987875436445015
45,4302,0.6309412443480125,13337209.171420416,high_mi_high_atp,0.3711998754356554,0.028014876894434708,0.6007852476699099
45,4303,1.1393262397777593,4986857.905041682,high_mi_low_atp,0.9272716370028304,0.06927018068211988,0.003458182315049653
45,4304,0.4608504522714018,4935274.645079818,low_mi_low_atp,0.9098104681349092,0.08864871427821439,0.001540817586876308
45,4305,0.4608504522714018,5143457.4804855455,low_mi_low_atp,0.9094956216243502,0.0877237934857375,0.0027805848899123916
45,4306,1.1393262397777593,5357930.038123892,high_mi_low_atp,0.9098664134902169,0.08580003724433252,0.004333549265450572
45,4307,0.8689001982913815,6019950.621286349,high_mi_low_atp,0.8881364372349431,0.10117137080564576,0.010692191959411153
45,4308,1.1393262397777593,5250612.946024341,high_mi_low_atp,0.9164800626590501,0.07858745914655918,0.004932478194390676
45,4309,1.1393262397777593,5366535.645432507,high_mi_low_atp,0.9012112294162109,0.06798724674851642,0.030801523835272706
45,4310,1.4589893596666386,5338227.875034567,high_mi_low_atp,0.9138275030766155,0.0797750008304825,0.006397496092902133
45,4311,0.5984741568050038,5180939.171081034,high_mi_low_atp,0.9261753880425515,0.07095775315731502,0.002866858800133479
45,4312,1.1393262397777593,5288091.66367355,high_mi_low_atp,0.9379625058228858,0.05953646423637163,0.002501029940742687
45,4313,1.0544266119771937,5198984.215126414,high_mi_low_atp,0.9148016021499216,0.08137414405537387,0.0038242537947044716
45,4314,1.0544266119771937,5048999.455982295,high_mi_low_atp,0.9380977273780761,0.05713176757854349,0.004770505043380471
45,4315,1.1885633181802615,5165878.958144806,high_mi_low_atp,0.9311232865407795,0.06410256564406801,0.004774147815152421
45,4316,0.5083849954297467,5456987.842698095,low_mi_low_atp,0.8948079024651576,0.09520895435673672,0.009983143178105627
45,4317,1.1885633181802615,5362719.595364597,high_mi_low_atp,0.9133088323792375,0.07989189834806155,0.006799269272700928
45,4319,1.1885633181802615,5191116.787227974,high_mi_low_atp,0.9316760178029533,0.0619268887333053,0.00639709346374132
46,4323,1.1393262397777593,5369036.411788135,high_mi_low_atp,0.9173999335403503,0.08108063415604666,0.001519432303603129
46,4324,1.4589893596666386,5257167.163675929,high_mi_low_atp,0.9394626685066102,0.05933531628199273,0.0012020152113969547
46,4328,1.1885633181802615,5423000.49551992,high_mi_low_atp,0.9022874588269435,0.09395298764741698,0.0037595535256395346
46,4329,1.1393262397777593,5091630.718928537,high_mi_low_atp,0.9334509723004109,0.06181781528231069,0.004731212417278478
46,4331,0.0,7204627.57518152,low_mi_high_atp,0.9368881500788162,0.062212251789954764,0.0008995981312290884
46,4333,0.0,14583733.44133389,low_mi_high_atp,0.9766787727581793,0.02269218738925295,0.0006290398525678187
46,4334,0.5699579180264102,4910376.04771885,high_mi_low_atp,0.9284967710898123,0.06747257548735021,0.004030653422837326
46,4335,0.24011158302361144,5212355.518977979,low_mi_low_atp,0.9270232424795606,0.0718196875402832,0.0011570699801562191
46,4339,0.8877599453105268,5192655.260900276,high_mi_low_atp,0.93194130336284,0.06309056307908477,0.004968133558075175
46,4341,0.0,8274312.002623224,low_mi_high_atp,0.942303603990067,0.05681830851757506,0.0008780874923580297
46,4342,1.4589893596666386,5323224.565427498,high_mi_low_atp,0.9144121401821029,0.08085606451983797,0.004731795298058957
46,4343,0.0,7137272.4261451075,low_mi_high_atp,0.9519628961838866,0.04664188735714076,0.0013952164589726144
46,4344,1.0544266119771937,5318507.7986066425,high_mi_low_atp,0.9230882471644702,0.06199050064780096,0.014921252187728863
46,4346,0.81966311988888,5039056.96017724,high_mi_low_atp,0.9175015719577997,0.07897984078304875,0.0035185872591514027
46,4348,1.0544266119771937,4894071.717398389,high_mi_low_atp,0.9447496515396159,0.05047930769172403,0.004771040768660039
46,4349,1.1885633181802615,5231262.775822382,high_mi_low_atp,0.9421632478298712,0.05629207614885097,0.0015446760212778495
46,4350,1.4589893596666386,5118680.605921271,high_mi_low_atp,0.954929969674746,0.040243878937820374,0.004826151387433694
46,4351,0.5699579180264102,5161105.983465561,high_mi_low_atp,0.9327123571915307,0.06539485065138093,0.0018927921570884671
46,4352,1.4589893596666386,5128828.223627227,high_mi_low_atp,0.9347177880287475,0.05714685112756034,0.008135360843692199
46,4355,1.1393262397777593,6505452.660274986,high_mi_low_atp,0.9333021775069821,0.06437386806057585,0.0023239544324420557
46,4356,0.7941837856047351,5004037.47858573,high_mi_low_atp,0.9151021705630805,0.08035059057442019,0.004547238862499333
46,4361,1.1393262397777593,5338455.794193201,high_mi_low_atp,0.9047617503110323,0.09113146030304706,0.0041067893859208
46,4363,1.0544266119771937,4974600.965598845,high_mi_low_atp,0.9380141108279527,0.05635157995757587,0.005634309214471365
46,4366,0.5083849954297467,4949379.212957866,low_mi_low_atp,0.931141483294374,0.05841158963554086,0.010446927070085113
46,4367,1.1393262397777593,5119512.805372401,high_mi_low_atp,0.9400724965579764,0.05777198670927266,0.002155516732750879
46,4368,0.24011158302361144,6533342.82960321,low_mi_low_atp,0.9613294458395761,0.03836346832293046,0.00030708583749340987
46,4370,0.4608504522714016,5028116.4893697295,low_mi_low_atp,0.9243241188353123,0.07152814949209499,0.004147731672592604
46,4374,0.2788110369161244,8650086.232722744,low_mi_high_atp,0.9434804450332686,0.04837513666158135,0.00814441830514994
46,4375,0.6309412443480125,4983717.257189434,high_mi_low_atp,0.9235659331684857,0.07445857914288925,0.0019754876886251362
46,4378,0.0,6010958.87704874,low_mi_low_atp,0.9224347016247251,0.07663235648694759,0.0009329418883272666
46,4381,0.5699579180264102,7277673.436729444,high_mi_high_atp,0.9562407409059334,0.04047331222230242,0.0032859468717642694
46,4384,1.1885633181802615,5242168.0175515935,high_mi_low_atp,0.9317821157003171,0.06362829364790647,0.004589590651776371
46,4385,0.3331747759727274,51397202.7048712,low_mi_high_atp,0.09495569438752284,0.006171112870587265,0.8988731927418899
46,4386,1.1393262397777593,5197019.688975886,high_mi_low_atp,0.9171934691769069,0.07910333629345982,0.0037031945296332196
46,4388,0.6309412443480125,10458957.272268524,high_mi_high_atp,0.47471565331658355,0.03061288008359284,0.4946714665998236
46,4389,0.7941837856047351,5192982.283531111,high_mi_low_atp,0.9272853842396035,0.06927192195807737,0.0034426938023190555
46,4390,0.0,7339080.809634861,low_mi_high_atp,0.9597307389131763,0.03993444551991215,0.00033481556691151754
46,4392,0.81966311988888,5007358.860344674,high_mi_low_atp,0.9448930102137014,0.05284776469686253,0.002259225089436205
46,4393,1.4589893596666386,5183481.8865712155,high_mi_low_atp,0.9289598117109072,0.06734444324081068,0.003695745048281938
46,4394,1.1393262397777593,5179664.419773579,high_mi_low_atp,0.9312204951826731,0.06483048864890013,0.003949016168426788
46,4395,0.0,9577245.755972521,low_mi_high_atp,0.9464374785483313,0.0528026595728488,0.0007598618788199629
46,4396,1.1393262397777593,4873757.061059925,high_mi_low_atp,0.9547918043739919,0.04285382572199758,0.0023543699040106036
46,4397,0.81966311988888,5052623.65739488,high_mi_low_atp,0.9256606749253704,0.07281438413382074,0.0015249409408088475
46,4399,0.5083849954297467,4875598.659047649,low_mi_low_atp,0.9223810839210339,0.07609839172871814,0.0015205243502479768
46,4400,1.1393262397777593,7639213.493964214,high_mi_high_atp,0.9476176476743552,0.05149703333394962,0.0008853189916951657
46,4401,0.9643374506019364,5637380.380125157,high_mi_low_atp,0.8566446242083757,0.05723236440525494,0.08612301138636932
46,4403,1.0544266119771937,5240737.661907733,high_mi_low_atp,0.9128413907273216,0.08365337346064983,0.003505235812028692
46,4405,0.5984741568050038,5164780.597716577,high_mi_low_atp,0.9248150653180404,0.07238974239945534,0.0027951922825043335
46,4406,1.1393262397777593,24864382.48687522,high_mi_high_atp,0.19550399700046345,0.020159668066128955,0.7843363349334076
46,4407,0.0,7295914.9739937885,low_mi_high_atp,0.9264237246933953,0.07005827077826769,0.0035180045283369665
46,4408,0.7941837856047351,5042690.3879948035,high_mi_low_atp,0.925291721346992,0.07173116185015621,0.0029771168028518685
46,4410,0.0,6487674.756667722,low_mi_low_atp,0.9016467153022371,0.0943790119443694,0.003974272753393601
46,4411,1.1393262397777593,4985229.373305673,high_mi_low_atp,0.9376371736883529,0.05712463772870417,0.005238188582942908
46,4412,1.1393262397777593,5022600.723533614,high_mi_low_atp,0.9183184104320645,0.07830687360948252,0.0033747159584529545
46,4413,0.6309412443480125,5131591.880112835,high_mi_low_atp,0.9077475617514821,0.08519881795230319,0.007053620296214774
46,4415,0.19903806976965954,6369961.970071041,low_mi_low_atp,0.861525737097539,0.11299666197787286,0.0254776009245881
47,4417,0.7941837856047351,5006295.566459135,high_mi_low_atp,0.9336116296152785,0.06442867859724463,0.001959691787476814
47,4418,1.4589893596666386,5271288.7433294095,high_mi_low_atp,0.9374415317268154,0.06139639169037942,0.001162076582805192
47,4419,1.1393262397777593,5455253.595686446,high_mi_low_atp,0.9468973925352577,0.052374939559307034,0.0007276679054351584
47,4420,1.0544266119771937,5303909.723711038,high_mi_low_atp,0.9395146620806714,0.05925404368460095,0.0012312942347276546
47,4423,1.1885633181802615,5257275.647191324,high_mi_low_atp,0.9253234408229906,0.0689379029972746,0.005738656179734942
47,4425,1.1393262397777593,5257842.264985438,high_mi_low_atp,0.9522244376331153,0.04305687490161644,0.004718687465268144
47,4427,0.0,5694949.547932882,low_mi_low_atp,0.9025621167400188,0.07329096717387225,0.024146916086108854
47,4428,1.1393262397777593,5089387.438652459,high_mi_low_atp,0.9346706866810631,0.06072950360641486,0.004599809712522078
47,4429,1.1393262397777593,5274208.21392709,high_mi_low_atp,0.9168111489222355,0.07819172888359469,0.004997122194169899
47,4431,0.5083849954297467,4966266.99060453,low_mi_low_atp,0.9265737431257585,0.07183126606433302,0.0015949908099086305
47,4432,0.81966311988888,5123568.878306919,high_mi_low_atp,0.9292373976500161,0.06851705241530157,0.0022455499346824156
47,4437,0.9643374506019364,5054254.84359732,high_mi_low_atp,0.9319583120916158,0.06481355991663695,0.0032281279917471812
47,4438,1.4589893596666386,5087116.110545697,high_mi_low_atp,0.9350159709119719,0.05956047829706218,0.005423550790965912
47,4440,1.1393262397777593,5047180.576443735,high_mi_low_atp,0.9298764948332423,0.06691202719984325,0.0032114779669145267
47,4442,1.1393262397777593,4850124.54575945,high_mi_low_atp,0.929012958045936,0.06709696966998106,0.003890072284082892
47,4443,1.1885633181802615,4911763.608043026,high_mi_low_atp,0.9493223968447968,0.04195422991038796,0.008723373244815216
47,4444,0.0,6009156.805638125,low_mi_low_atp,0.9614615637880385,0.03830296560974124,0.00023547060222035967
47,4445,0.7941837856047351,4972733.349672363,high_mi_low_atp,0.9496365171615511,0.04367926400473358,0.006684218833715297
47,4447,1.1393262397777593,4998430.854824692,high_mi_low_atp,0.9261842256193439,0.06669069480877496,0.0071250795718811625
47,4452,0.0,5598981.971775258,low_mi_low_atp,0.9354703239663996,0.06171632071440958,0.0028133553191907216
47,4453,0.6309412443480125,4912886.89934328,high_mi_low_atp,0.931689808783497,0.06656169890424066,0.00174849231226221
47,4454,0.6309412443480125,4907562.581678703,high_mi_low_atp,0.9256356577078012,0.07244830715351448,0.001916035138684308
47,4455,0.5699579180264102,6477721.327219318,high_mi_low_atp,0.9698957002996147,0.029322993612721594,0.0007813060876636727
47,4456,1.1393262397777593,5177519.160480991,high_mi_low_atp,0.9398597288028966,0.053826513810834406,0.0063137573862689506
47,4457,0.0,6185834.837878024,low_mi_low_atp,0.9259933429905886,0.07240926367449244,0.0015973933349189614
47,4461,0.7941837856047351,5430286.002159655,high_mi_low_atp,0.9196122833843671,0.07589459730316477,0.0044931193124680665
47,4465,0.5984741568050038,17391046.678007826,high_mi_high_atp,0.27487434651254417,0.044858290948809026,0.680267362538647
47,4466,0.38427294697999226,19341470.279150162,low_mi_high_atp,0.23085050492160003,0.0229332260154385,0.7462162690629615
47,4468,0.9643374506019364,4900909.7947667595,high_mi_low_atp,0.9396915726354469,0.057304376469761296,0.0030040508947918043
47,4470,1.1885633181802615,5159362.175354085,high_mi_low_atp,0.9296087287713684,0.06678301923176042,0.003608251996871295
47,4474,1.4589893596666386,5273184.184178515,high_mi_low_atp,0.9373517821250877,0.06114590520107935,0.0015023126738329562
47,4475,0.6309412443480125,6575727.730613013,high_mi_high_atp,0.9334691792646638,0.06577957919649961,0.0007512415388365934
47,4476,0.7941837856047351,5080666.245779,high_mi_low_atp,0.9244716265871809,0.07173677577694473,0.0037915976358745287
47,4477,1.1393262397777593,5213494.006009477,high_mi_low_atp,0.9401797477118887,0.05566066416797836,0.004159588120132794
47,4482,0.6309412443480125,5001589.155261723,high_mi_low_atp,0.924862050557467,0.0693091163541712,0.005828833088361829
47,4483,1.1393262397777593,4854256.819070521,high_mi_low_atp,0.9342433372979929,0.06171452736481925,0.004042135337187968
47,4487,1.1393262397777593,5093838.2295408705,high_mi_low_atp,0.9155055300267437,0.07903833956634221,0.005456130406913864
47,4489,1.1393262397777593,5382510.108976704,high_mi_low_atp,0.9405266468049204,0.04887881167397341,0.010594541521106289
47,4490,1.1885633181802615,4825288.8321565585,high_mi_low_atp,0.952615886355754,0.04115749082564772,0.006226622818598239
47,4491,0.5699579180264102,5175500.299697458,high_mi_low_atp,0.9424053680995376,0.05520677562419672,0.0023878562762656955
47,4493,0.7941837856047351,5092260.492914297,high_mi_low_atp,0.9353600203046091,0.06318625319321854,0.0014537265021723747
47,4496,0.9643374506019364,4873561.746208196,high_mi_low_atp,0.9412699962417149,0.05240994534499943,0.00632005841328561
47,4498,1.4589893596666386,5205475.259711804,high_mi_low_atp,0.9328529572074737,0.062017728878907094,0.005129313913619159
47,4499,0.6309412443480125,6207122.776474997,high_mi_low_atp,0.8812767771509874,0.11702929669594372,0.0016939261530687312
47,4500,0.9589893596666389,5363884.011693771,high_mi_low_atp,0.9370114269656453,0.058251670430473974,0.0047369026038806
47,4502,0.6309412443480125,5114435.416253672,high_mi_low_atp,0.937917954783591,0.058950484217975094,0.003131560998433964
47,4503,0.81966311988888,5114043.503023797,high_mi_low_atp,0.9286059922579554,0.06776075027956384,0.003633257462480894
47,4504,0.0,8940736.230173506,low_mi_high_atp,0.9465283939028805,0.05290223973260197,0.0005693663645176539
47,4506,1.1393262397777593,5337122.461300137,high_mi_low_atp,0.914907591945889,0.07978841430154292,0.005303993752568179
47,4507,0.0,7102438.502423425,low_mi_high_atp,0.9530747900223641,0.04471765286347293,0.0022075571141630707
47,4509,1.1393262397777593,5106869.23858081,high_mi_low_atp,0.9396138045382232,0.054277632175638114,0.006108563286138663
47,4510,0.0,17814549.614071198,low_mi_high_atp,0.29950535042965565,0.01799366145664113,0.6825009881137031
47,4511,0.0,6102951.443061476,low_mi_low_atp,0.9391739954586195,0.05111479325731062,0.009711211284069887
48,4513,1.1393262397777593,4941403.9888889985,high_mi_low_atp,0.9276911644969852,0.06732469063587006,0.004984144867144757
48,4514,0.6309412443480125,4984388.408935117,high_mi_low_atp,0.9217789816913915,0.07665236297310686,0.0015686553355016544
48,4515,1.4589893596666386,5416888.910847949,high_mi_low_atp,0.9100461477464558,0.08580054554874199,0.004153306704802192
48,4516,0.0,5412427.720706455,low_mi_low_atp,0.9331271985441194,0.06382052292187666,0.0030522785340038913
48,4518,1.1393262397777593,4894660.819154997,high_mi_low_atp,0.9347084189609118,0.061178264149660905,0.004113316889427164
48,4519,1.1393262397777593,4914864.6700812625,high_mi_low_atp,0.9477156791210711,0.047063618803723804,0.005220702075204985
48,4520,0.34038395951278777,4924602.945718817,low_mi_low_atp,0.8915774841414816,0.10418713158006913,0.004235384278449108
48,4522,1.1393262397777593,5119744.8067573095,high_mi_low_atp,0.9259168830076957,0.06715692265634061,0.006926194335963774
48,4524,0.9589893596666389,5254347.754836468,high_mi_low_atp,0.9358318471393424,0.060572919297719706,0.0035952335629378185
48,4525,0.5083849954297467,4917906.50551324,low_mi_low_atp,0.928979451570796,0.06901055130352227,0.002009997125681771
48,4529,1.4589893596666386,5051984.737703893,high_mi_low_atp,0.937213530049748,0.05762979095028108,0.005156678999971073
48,4530,0.6309412443480125,5074293.561301325,high_mi_low_atp,0.9350298119850788,0.0617280106877203,0.003242177327200753
48,4532,0.6309412443480125,5033858.933235723,high_mi_low_atp,0.9281105057613915,0.07006752451573281,0.0018219697228756154
48,4534,0.6309412443480125,4996231.881637097,high_mi_low_atp,0.9313781360026036,0.06670719493244577,0.0019146690649505414
48,4535,0.5699579180264102,5206412.4216109505,high_mi_low_atp,0.9478319645405692,0.04999698820167198,0.002171047257758844
48,4536,0.0,7141513.217528222,low_mi_high_atp,0.9667144112838443,0.03317980222417914,0.00010578649197651657
48,4537,0.5083849954297467,4972237.3479646845,low_mi_low_atp,0.9178433115565496,0.07973525961110023,0.0024214288323501755
48,4538,1.1393262397777593,4885352.8761321865,high_mi_low_atp,0.9363001250934511,0.05748426367427829,0.0062156112322706465
48,4539,1.4589893596666386,5189259.833560143,high_mi_low_atp,0.9211170318246501,0.0737073399950036,0.005175628180346304
48,4540,1.1393262397777593,5042838.833592785,high_mi_low_atp,0.9255875395076354,0.07005382683681255,0.0043586336555521
48,4542,1.1393262397777593,5670584.1898603365,high_mi_low_atp,0.8995691773257309,0.07304299844012468,0.027387824234144455
48,4545,1.1393262397777593,5177143.858695013,high_mi_low_atp,0.9524175322043036,0.0435107473746434,0.004071720421053014
48,4546,1.188563318180261,4951488.677265535,high_mi_low_atp,0.9455554807734157,0.04925973270132203,0.005184786525262344
48,4548,0.9643374506019364,5487558.818602835,high_mi_low_atp,0.8953608440165869,0.09727460357290356,0.0073645524105095455
48,4550,1.1393262397777593,5151900.540859767,high_mi_low_atp,0.943274300846146,0.05370812488998057,0.003017574263873405
48,4551,1.1393262397777593,5025155.426729817,high_mi_low_atp,0.9363980190801863,0.059920190343818534,0.003681790575995185
48,4552,1.4589893596666386,5421767.239985356,high_mi_low_atp,0.8921008618795228,0.10356341660352267,0.004335721516954557
48,4553,1.0544266119771937,5018630.63625632,high_mi_low_atp,0.931539807878149,0.06342111232540303,0.0050390797964479685
48,4554,0.3842729469799919,4753382.085740906,low_mi_low_atp,0.915722396657284,0.08030844256546253,0.003969160777253503
48,4555,1.1393262397777593,5076243.401288386,high_mi_low_atp,0.9379249096291782,0.05699691530983676,0.005078175060985009
48,4557,0.0,6924292.747727576,low_mi_high_atp,0.9567211549934869,0.04312554053386761,0.00015330447264563394
48,4561,1.4589893596666386,5186615.237292304,high_mi_low_atp,0.9288084253586338,0.06704844973031307,0.004143124911053021
48,4562,1.1393262397777593,5116225.27676637,high_mi_low_atp,0.9314021905731652,0.06449509856067837,0.0041027108661563245
48,4563,0.5984741568050038,4810117.144232952,high_mi_low_atp,0.9315318119585405,0.06509383015569244,0.0033743578857670002
48,4565,1.1885633181802615,5103386.613211548,high_mi_low_atp,0.9556692500089712,0.04042826606562994,0.003902483925398933
48,4566,0.8877599453105268,5146497.391755386,high_mi_low_atp,0.9349599393007954,0.05867921359067068,0.006360847108533974
48,4572,0.5083849954297467,4998023.36775054,low_mi_low_atp,0.9247108262158694,0.07350262837532098,0.001786545408809582
48,4573,0.24011158302361144,9531610.332838496,low_mi_high_atp,0.9563145203982331,0.04137694296713611,0.002308536634630912
48,4575,0.5699579180264102,5925111.637247111,high_mi_low_atp,0.9523627202473094,0.047477089187209394,0.0001601905654812155
48,4577,1.1393262397777593,5104449.18153306,high_mi_low_atp,0.9250850387806092,0.068831288481893,0.006083672737497743
48,4578,0.05436373905660291,4643947.813294939,low_mi_low_atp,0.9376149675371712,0.05663918740297803,0.005745845059850829
48,4580,0.8877599453105268,5323029.7283572825,high_mi_low_atp,0.9393571826749604,0.05913699627309251,0.001505821051947127
48,4581,0.34038395951278777,5041495.73978513,low_mi_low_atp,0.9229306496623023,0.07444456984311627,0.0026247804945815317
48,4583,0.9643374506019364,5203287.466557019,high_mi_low_atp,0.9311101105552612,0.0675033962304293,0.0013864932143094887
48,4584,0.5699579180264102,10982440.287421245,high_mi_high_atp,0.46732788665314856,0.025136470944938562,0.5075356424019128
48,4585,0.6309412443480125,4947985.144912062,high_mi_low_atp,0.9290287486883247,0.06912336529523927,0.001847886016436013
48,4586,1.1393262397777593,4941472.156110801,high_mi_low_atp,0.9379265642255122,0.05592856228279036,0.006144873491697416
48,4587,1.1885633181802615,5098963.731442868,high_mi_low_atp,0.9291377204616961,0.06519688404937954,0.005665395488924446
48,4588,1.0544266119771937,5217575.044063598,high_mi_low_atp,0.9376711272949001,0.06068462498684131,0.001644247718258557
48,4589,1.4589893596666386,5108912.316421416,high_mi_low_atp,0.9255509618990883,0.06966123322694981,0.004787804873961953
48,4590,1.4589893596666386,5147775.879017838,high_mi_low_atp,0.9316102959874313,0.06522470457136181,0.0031649994412068106
48,4591,1.1393262397777593,5086681.150338911,high_mi_low_atp,0.9316941958763021,0.06409037990216927,0.004215424221528579
48,4592,0.9643374506019364,5161702.615161231,high_mi_low_atp,0.9339147623302361,0.0626415094390615,0.0034437282307024112
48,4593,0.6309412443480125,5410377.65158982,high_mi_low_atp,0.9312964581957125,0.0673083642709321,0.0013951775333553662
48,4597,0.0,10784042.518722143,low_mi_high_atp,0.8028156197299617,0.037265460587138574,0.15991891968289976
48,4598,1.0544266119771937,5377048.948181567,high_mi_low_atp,0.933581835562302,0.052744945670643334,0.013673218767054657
48,4600,1.4589893596666386,4979649.972871915,high_mi_low_atp,0.938893434831177,0.054771398533630104,0.006335166635192898
48,4605,0.34038395951278777,26499227.58940873,low_mi_high_atp,0.18403418397235136,0.01956647734563187,0.7963993386820168
48,4606,1.1885633181802615,4929753.499154931,high_mi_low_atp,0.9481519529092601,0.046184580791830396,0.005663466298909511
48,4607,0.5984741568050038,5019899.318356406,high_mi_low_atp,0.9353530006771962,0.04052876750849639,0.024118231814307386
49,4608,0.6309412443480125,4922124.5100954585,high_mi_low_atp,0.9290829183021604,0.06921781870463987,0.0016992629931997017
49,4612,1.4589893596666386,5142942.461636097,high_mi_low_atp,0.9474373920890617,0.04874786687867623,0.0038147410322620944
49,4613,1.1393262397777593,4979860.374626458,high_mi_low_atp,0.9367588092257392,0.060304857606975404,0.0029363331672852995
49,4615,0.0,6652029.448013041,low_mi_high_atp,0.9603639702895327,0.036798601741505885,0.0028374279689614324
49,4616,1.1393262397777593,4989218.09649941,high_mi_low_atp,0.9319617609906529,0.06493430161299883,0.003103937396348332
49,4619,1.1393262397777593,4962718.77783697,high_mi_low_atp,0.9492077863590938,0.047581416481522504,0.003210797159383753
49,4620,0.6309412443480125,4862860.43836929,high_mi_low_atp,0.9348491079905914,0.0634208349886644,0.001730057020744414
49,4622,1.4589893596666386,5235528.312130605,high_mi_low_atp,0.935983257979853,0.05925634814598199,0.004760393874164882
49,4623,1.4589893596666386,5077179.188768761,high_mi_low_atp,0.9279509291174792,0.06801652978182852,0.004032541100692337
49,4624,0.0,6792830.022228298,low_mi_high_atp,0.9607696045273331,0.032218507702729236,0.007011887769937573
49,4625,1.1393262397777593,4992985.761840481,high_mi_low_atp,0.9251810891160963,0.06738439757944761,0.007434513304456136
49,4628,1.1393262397777593,5569861.55190265,high_mi_low_atp,0.9201246973208269,0.07131251463693755,0.008562788042235528
49,4629,0.9589893596666389,4906180.749072872,high_mi_low_atp,0.953334617285174,0.042479885054837914,0.004185497659988198
49,4632,0.8248526534635713,4937901.445997012,high_mi_low_atp,0.9372569644499573,0.056902076299729897,0.005840959250312985
49,4636,0.5083849954297467,9147350.587025786,low_mi_high_atp,0.8882621080121629,0.08489209789227208,0.026845794095565017
49,4637,0.22103040572326965,29002306.405540884,low_mi_high_atp,0.14977871277258345,0.01138749732136733,0.8388337899060493
49,4639,0.6635340777322021,5067801.42049271,high_mi_low_atp,0.9297397742340251,0.06641528860009127,0.003844937165883649
49,4640,0.17179332732076766,10673603.817378197,low_mi_high_atp,0.45616904046534046,0.029069833103015665,0.5147611264316438
49,4643,1.4589893596666386,5069713.001901477,high_mi_low_atp,0.930081973676335,0.06591633946885296,0.00400168685481199
49,4644,0.6309412443480125,4955877.897848108,high_mi_low_atp,0.9262758411161687,0.07182642765783423,0.0018977312259971472
49,4645,0.6309412443480125,5444669.429672574,high_mi_low_atp,0.9441030872776067,0.05295232023680576,0.0029445924855874992
49,4646,0.6309412443480125,4885685.680817672,high_mi_low_atp,0.9218389868366642,0.07419922535272427,0.003961787810611573
49,4647,0.0,22585932.02141675,low_mi_high_atp,0.3059916829667781,0.018796145216278003,0.6752121718169438
49,4648,1.1393262397777593,5011611.363677892,high_mi_low_atp,0.9382186656616718,0.059952530721629,0.0018288036166990975
49,4649,0.9589893596666389,5203266.8433649335,high_mi_low_atp,0.9385625619805864,0.05609197122295358,0.005345466796459931
49,4650,0.24011158302361144,5091577.333311742,low_mi_low_atp,0.916104471250319,0.08183871130988249,0.0020568174397984436
49,4655,0.868900198291382,5413284.879987905,high_mi_low_atp,0.9215392138578299,0.07526568542030371,0.003195100721866393
49,4656,0.6309412443480125,4894332.741993334,high_mi_low_atp,0.9285519172869072,0.07004212604295479,0.0014059566701379903
49,4658,0.9589893596666389,5431830.112520603,high_mi_low_atp,0.9358655436761594,0.060886818460281454,0.0032476378635592548
49,4660,0.7941837856047351,5534398.187544909,high_mi_low_atp,0.9212389465402048,0.07529982941756101,0.0034612240422340424
49,4661,0.7941837856047351,6145345.448310397,high_mi_low_atp,0.9075531966614223,0.06819125831876795,0.024255545019809827
49,4662,0.0,5636004.259549955,low_mi_low_atp,0.9448192324375865,0.052088187675841745,0.0030925798865715963
49,4664,0.81966311988888,31741277.045177698,high_mi_high_atp,0.1579264367520208,0.010306562508978923,0.8317670007390003
49,4665,0.4608504522714018,5393936.92238898,low_mi_low_atp,0.9604764655863861,0.03879001703328197,0.0007335173803318977
49,4666,1.1393262397777593,4950774.923005695,high_mi_low_atp,0.9337904136230817,0.061848058303774704,0.004361528073143653
49,4670,0.9643374506019364,8019896.921602401,high_mi_high_atp,0.9585736976998525,0.03989056891170178,0.001535733388445759
49,4671,0.5083849954297467,6649040.532721778,low_mi_high_atp,0.9694565149150531,0.03028121697504014,0.0002622681099067496
49,4672,0.24011158302361144,4867968.301379496,low_mi_low_atp,0.931080526684999,0.06741646078893113,0.0015030125260698669
49,4674,0.3842729469799919,4846486.58448181,low_mi_low_atp,0.8866111379667464,0.11208088659846929,0.001307975434784181
49,4676,1.1393262397777593,5454428.874370524,high_mi_low_atp,0.9207144792407124,0.07298636408931737,0.006299156669970167
49,4678,0.6309412443480125,4879077.071602232,high_mi_low_atp,0.9300452400204995,0.06838342789549898,0.001571332084001433
49,4679,1.1885633181802615,5109119.908858126,high_mi_low_atp,0.9401291701194696,0.056635368237441454,0.0032354616430889686
49,4680,1.1393262397777593,5040057.031378022,high_mi_low_atp,0.9352407664780242,0.060105565773470836,0.004653667748505016
49,4682,0.5083849954297467,5245097.77646292,low_mi_low_atp,0.9203239968390824,0.07758786219449075,0.00208814096642689
49,4683,0.9589893596666389,4806196.733900937,high_mi_low_atp,0.9528959909447088,0.04166859197123704,0.0054354170840540585
49,4685,0.9643374506019364,5020971.5182801625,high_mi_low_atp,0.9293411929908739,0.06643195273476551,0.004226854274360678
49,4686,0.7941837856047351,5062093.685366878,high_mi_low_atp,0.9134187304316673,0.0826722222939761,0.0039090472743565545
49,4688,0.0,5705262.662734605,low_mi_low_atp,0.9389823158292616,0.05801748341317275,0.003000200757565616
49,4690,1.4589893596666386,5188410.514172697,high_mi_low_atp,0.9307442903537865,0.06505754567744805,0.004198163968765501
49,4693,0.8877599453105268,5151064.311187998,high_mi_low_atp,0.9434714324693722,0.0541954465951106,0.0023331209355171843
49,4699,0.5083849954297467,4940985.535116015,low_mi_low_atp,0.9245236686100263,0.07263619478594448,0.002840136604029294
49,4700,0.0,27402314.402575977,low_mi_high_atp,0.5228054229641746,0.01236422215398786,0.46483035488183744
50,4704,0.5083849954297467,5070916.172539189,low_mi_low_atp,0.9286114205196412,0.06934828476496735,0.0020402947153915015
50,4705,0.049237078402501966,21125439.367761265,low_mi_high_atp,0.205410731939153,0.01565134392727284,0.7789379241335741
50,4708,0.8877599453105268,5094117.56858866,high_mi_low_atp,0.9310610595409782,0.06504927041198576,0.003889670047036183
50,4710,0.81966311988888,5368854.624453228,high_mi_low_atp,0.9194737778505357,0.07725737815462244,0.0032688439948419046
50,4712,0.17179332732076766,4848285.161934782,low_mi_low_atp,0.9111589575811813,0.08350552825921924,0.005335514159599345
50,4714,1.1393262397777593,5032250.984399404,high_mi_low_atp,0.9381969284071341,0.055278171869484465,0.006524899723381505
50,4715,0.8877599453105268,5409484.578646954,high_mi_low_atp,0.9048719272858177,0.09028158142304281,0.004846491291139586
50,4724,0.0,6756960.648803486,low_mi_high_atp,0.9500473550292601,0.04909069238895023,0.000861952581789678
50,4726,0.6635340777322023,5295688.990203514,high_mi_low_atp,0.9369858312806685,0.0607265428953632,0.0022876258239683043
50,4729,1.0544266119771937,5090157.984497936,high_mi_low_atp,0.9392947954695633,0.051305244211231935,0.009399960319204852
50,4730,1.0544266119771937,5022620.255264855,high_mi_low_atp,0.9366292341915972,0.05732703986622791,0.006043725942174893
50,4731,1.1393262397777593,4846484.354027037,high_mi_low_atp,0.9344528352850839,0.06235396097162995,0.003193203743286143
50,4733,1.1885633181802615,5156021.989605172,high_mi_low_atp,0.9460162759593445,0.04925962332599763,0.004724100714657953
50,4734,0.6309412443480125,4889419.341817295,high_mi_low_atp,0.9356893697693158,0.06301953781315855,0.0012910924175256288
50,4735,0.5083849954297467,4949555.281939623,low_mi_low_atp,0.929755896312677,0.06822186751956263,0.002022236167760215
50,4736,1.1393262397777593,4919647.395016753,high_mi_low_atp,0.9318374391665278,0.06230697314410923,0.005855587689362975
50,4738,1.1393262397777593,4937406.322970542,high_mi_low_atp,0.938856454256006,0.05815561169375112,0.0029879340502429385
50,4740,1.1393262397777593,4819351.212411638,high_mi_low_atp,0.9519033249945323,0.042617795059808686,0.005478879945659014
50,4742,1.4589893596666386,5090636.40871171,high_mi_low_atp,0.9393178027567278,0.0551447820866892,0.005537415156583099
50,4743,0.6309412443480125,8477986.124426667,high_mi_high_atp,0.9294786953696565,0.04885755131885066,0.02166375331149272
50,4748,0.6309412443480125,5505889.694778979,high_mi_low_atp,0.9004823369721321,0.09804954881513102,0.0014681142127369374
50,4751,0.9643374506019364,6781151.385087971,high_mi_high_atp,0.7047406333797732,0.030353499677329147,0.2649058669428976
50,4753,1.4589893596666386,5012156.320257387,high_mi_low_atp,0.9251907282739684,0.06931653431084722,0.005492737415184325
50,4754,0.7941837856047351,5030728.108892212,high_mi_low_atp,0.9253416796616313,0.07107603436375622,0.003582285974612502
50,4756,0.9643374506019364,5116138.386083222,high_mi_low_atp,0.9406053705292546,0.055644149595947955,0.003750479874797466
50,4757,0.8248526534635713,4990892.605222892,high_mi_low_atp,0.9355900162021566,0.05956549093164187,0.0048444928662016076
50,4759,0.43180749013833714,5490141.021692447,low_mi_low_atp,0.9014748818950467,0.08604158915384,0.012483528951113404
50,4760,1.0544266119771937,5038054.236520125,high_mi_low_atp,0.9353031283306776,0.05542911366264605,0.009267758006676336
50,4761,0.5984741568050038,4980043.14434038,high_mi_low_atp,0.9511187513410188,0.046657896133631506,0.002223352525349626
50,4762,0.6309412443480125,5153994.954846527,high_mi_low_atp,0.945157397819584,0.053305508651820814,0.0015370935285952654
50,4763,0.81966311988888,5557760.061723677,high_mi_low_atp,0.9499673596914459,0.049336109247358484,0.0006965310611955853
50,4765,0.0,6609862.098820643,low_mi_high_atp,0.957384967616081,0.03837057066896839,0.004244461714950666
50,4766,1.1393262397777593,4953775.121215015,high_mi_low_atp,0.9492103686341017,0.04730186991861568,0.0034877614472826743
50,4767,1.1393262397777593,5347679.971958498,high_mi_low_atp,0.9366761727896342,0.06229994874967931,0.0010238784606863022
50,4770,1.1393262397777593,5235353.762595907,high_mi_low_atp,0.9387671348234117,0.05226338171223514,0.008969483464353221
50,4773,1.1393262397777593,6017325.353966107,high_mi_low_atp,0.8054791039917989,0.08666353560176844,0.10785736040643266
50,4774,1.1393262397777593,5105372.587554055,high_mi_low_atp,0.9381314781848119,0.05900135343465665,0.002867168380531298
50,4776,0.11081000099916546,4554094.020551941,low_mi_low_atp,0.936408751026434,0.057956218029918724,0.005635030943647437
50,4779,0.5699579180264102,4817327.848943425,high_mi_low_atp,0.9281779641738825,0.06932516596234557,0.0024968698637720752
50,4780,0.0,9494906.967084512,low_mi_high_atp,0.8152078517377397,0.05109127927853467,0.1337008689837258
50,4781,0.9643374506019364,5228188.910626268,high_mi_low_atp,0.9152732719107372,0.08304224111171489,0.0016844869775480365
50,4782,0.9643374506019364,4995592.5494996365,high_mi_low_atp,0.9329269895245268,0.06203230479476712,0.005040705680705956
50,4783,0.9589893596666389,5054225.500802268,high_mi_low_atp,0.9275784435688502,0.06067456408476003,0.011746992346389745
50,4786,0.4608504522714016,5210438.638430317,low_mi_low_atp,0.9273400255361147,0.06864489904308527,0.004015075420800092
50,4791,1.1393262397777593,5202965.173228594,high_mi_low_atp,0.9465036691514553,0.0497358233259866,0.0037605075225580443
50,4793,0.9643374506019364,5215791.243604933,high_mi_low_atp,0.9493087336580149,0.044671266815308204,0.006019999526676983
50,4797,0.3605152028616353,4784881.865725794,low_mi_low_atp,0.9530806201474097,0.04424667839098452,0.002672701461605812
50,4798,0.0,5737319.26055111,low_mi_low_atp,0.939752899218698,0.054119306792741545,0.006127793988560356
51,4801,1.1393262397777593,4847465.505403546,high_mi_low_atp,0.9521864608800815,0.04474023834024871,0.0030733007796696827
51,4806,0.8877599453105268,5105769.912670427,high_mi_low_atp,0.9291790983415934,0.06652200425622579,0.00429889740218077
51,4809,0.9643374506019364,5310003.240890315,high_mi_low_atp,0.9398096759817546,0.05548312910803349,0.004707194910211975
51,4810,1.4589893596666386,4756737.981196062,high_mi_low_atp,0.9448621120387578,0.048826191032783295,0.006311696928458734
51,4812,1.4589893596666386,4937329.357292137,high_mi_low_atp,0.9288340734272489,0.06715612353137929,0.004009803041371807
51,4813,0.0,6944307.84422327,low_mi_high_atp,0.9554908158978802,0.042325320341357525,0.002183863760762219
51,4815,0.0039060116788910415,6237493.262832412,low_mi_low_atp,0.9632108722534976,0.03622933581046869,0.0005597919360337228
51,4816,0.8552299848469279,4870567.44520169,high_mi_low_atp,0.9532787120719628,0.0405263921792166,0.00619489574882056
51,4817,1.4589893596666386,5070531.578249915,high_mi_low_atp,0.9390431662208808,0.05612017561374945,0.0048366581653697645
51,4818,1.4589893596666386,5109561.2197902445,high_mi_low_atp,0.9256778156925096,0.0689716431027951,0.005350541204695314
51,4819,1.4589893596666386,5066470.270964283,high_mi_low_atp,0.9350970193222232,0.057844262836822334,0.0070587178409544805
51,4820,0.5984741568050038,4799206.128295041,high_mi_low_atp,0.9427724286476875,0.049409967033351564,0.00781760431896094
51,4821,1.1393262397777593,4856892.4548279485,high_mi_low_atp,0.9495992361775883,0.04788426576052059,0.002516498061890996
51,4822,0.0,6373790.468199161,low_mi_low_atp,0.9265134902882729,0.07312095820890817,0.0003655515028188536
51,4823,1.4589893596666386,5092568.945973648,high_mi_low_atp,0.9382623678713335,0.05504868209940917,0.006688950029257274
51,4827,1.1885633181802615,5062717.882179516,high_mi_low_atp,0.936909757294332,0.0567138389164831,0.006376403789184849
51,4828,1.1393262397777593,4823073.804183049,high_mi_low_atp,0.9374214741336713,0.058850252295759055,0.0037282735705697467
51,4829,0.0,6601200.111939548,low_mi_high_atp,0.9557527033109912,0.03941049071105036,0.0048368059779584265
51,4830,0.7294154011530166,9350582.321024042,high_mi_high_atp,0.6836197956805175,0.02240229967218126,0.2939779046473012
51,4832,1.1393262397777593,5052008.935662317,high_mi_low_atp,0.940013028124469,0.054426232969946545,0.005560738905584507
51,4833,0.24011158302361144,4788278.409616988,low_mi_low_atp,0.9356221547531124,0.06290641865153025,0.0014714265953573752
51,4836,1.0544266119771937,4935175.836605811,high_mi_low_atp,0.9564331998587754,0.04010807675427338,0.0034587233869513108
51,4837,0.0,5112477.662385429,low_mi_low_atp,0.9569852798130271,0.04203905084814525,0.0009756693388276086
51,4844,0.8248526534635711,4956307.866917733,high_mi_low_atp,0.9406268342426147,0.055342478893481636,0.004030686863903648
51,4845,1.1885633181802615,5036654.511290191,high_mi_low_atp,0.9388377860816157,0.056618986639499984,0.004543227278884318
51,4846,0.9643374506019364,4805099.939124929,high_mi_low_atp,0.9482983428157482,0.046019554109289415,0.005682103074962295
51,4847,0.2514706100272167,4819362.650946395,low_mi_low_atp,0.8856644469900117,0.11254242087150425,0.0017931321384841365
51,4848,1.4589893596666386,5084556.68256038,high_mi_low_atp,0.9348078528003402,0.057831767149095374,0.007360380050564362
51,4849,0.049237078402501966,19881338.729897052,low_mi_high_atp,0.22404244804264842,0.018169575958759503,0.757787975998592
51,4850,0.6309412443480125,4923073.265447303,high_mi_low_atp,0.9213121155717056,0.07710426616537049,0.001583618262923789
51,4855,1.1885633181802615,6750322.733018854,high_mi_high_atp,0.967479646713574,0.03024859004015177,0.002271763246274242
51,4857,1.1393262397777593,4842764.96452374,high_mi_low_atp,0.9418805209278249,0.05135294999660009,0.00676652907557507
51,4858,0.0,6145059.222471745,low_mi_low_atp,0.9571153730449065,0.04241979428785631,0.00046483266723723626
51,4862,0.6309412443480125,5049802.3211093275,high_mi_low_atp,0.9320410789300368,0.06572072618434106,0.002238194885621937
51,4863,1.4589893596666386,5034374.965052528,high_mi_low_atp,0.9543430401550131,0.04033988125168368,0.005317078593303161
51,4865,0.9643374506019364,4929487.387558387,high_mi_low_atp,0.9335585531476259,0.06316721778541626,0.0032742290669577757
51,4866,1.1393262397777593,5305895.610303221,high_mi_low_atp,0.9221559653603848,0.07170614409238137,0.006137890547233751
51,4867,0.6309412443480125,4989609.115165306,high_mi_low_atp,0.9315234819897144,0.06748594957527874,0.000990568435006966
51,4868,0.5083849954297467,5844242.98715967,low_mi_low_atp,0.9642394529154688,0.03429640678067107,0.0014641403038602413
51,4869,1.1393262397777593,5304046.811501157,high_mi_low_atp,0.9202380954054699,0.07320396855699975,0.006557936037530435
51,4870,1.1393262397777593,5396617.305762912,high_mi_low_atp,0.9501514621477257,0.04594080732392022,0.003907730528354024
51,4872,0.6309412443480125,4963400.437481712,high_mi_low_atp,0.9322563712206797,0.06498171084974727,0.0027619179295729503
51,4873,1.4589893596666386,5043280.251217076,high_mi_low_atp,0.9378566822263875,0.057445873258299016,0.004697444515313456
51,4877,1.1393262397777593,4898152.945398597,high_mi_low_atp,0.9476105686047306,0.04998768165598083,0.0024017497392884984
51,4878,0.0,10304399.122595325,low_mi_high_atp,0.5551141980562794,0.039531488181170416,0.4053543137625501
51,4879,0.6309412443480125,4925304.108129954,high_mi_low_atp,0.9506651520779016,0.048136570156901363,0.0011982777651969806
51,4880,0.5699579180264102,4960994.343469955,high_mi_low_atp,0.9336194045755645,0.06341564891515614,0.002964946509279339
51,4881,0.04069352561214912,4873698.157063323,low_mi_low_atp,0.9139482393582398,0.08372170624453702,0.0023300543972231743
51,4882,0.4608504522714016,4945246.27529002,low_mi_low_atp,0.9335470105588005,0.06172857745593241,0.004724411985267165
51,4883,1.1393262397777593,5009328.053544935,high_mi_low_atp,0.9581656280039992,0.04005435303486117,0.0017800189611395798
51,4885,0.9589893596666389,5169802.429014242,high_mi_low_atp,0.9409919061806395,0.05403460959405678,0.004973484225303748
51,4888,0.0,6018988.9732584115,low_mi_low_atp,0.9327259565795963,0.06502621594161209,0.0022478274787915745
51,4889,0.0,5652988.502251295,low_mi_low_atp,0.9267826361146996,0.06693510802088193,0.0062822558644184895
51,4890,0.8248526534635713,5140017.629528741,high_mi_low_atp,0.9352316598758398,0.05545592307050011,0.00931241705366005
51,4891,0.0,5270226.919561326,low_mi_low_atp,0.9251681094510565,0.05739495392095537,0.017436936627988044
51,4894,0.0,20237256.025638334,low_mi_high_atp,0.5411149462480032,0.02575663595490415,0.4331284177970927
51,4895,0.34038395951278777,4934456.346286445,low_mi_low_atp,0.933630161136579,0.06114949379014365,0.0052203450732773785
52,4896,1.0544266119771937,5021609.253797986,high_mi_low_atp,0.9513433477378738,0.04599769319238923,0.0026589590697369426
52,4897,0.81966311988888,4943453.055023225,high_mi_low_atp,0.933445257307212,0.06529058058885659,0.0012641621039314423
52,4898,0.81966311988888,4789144.179918908,high_mi_low_atp,0.9568924645060893,0.04090007190423078,0.0022074635896797497
52,4901,0.5083849954297467,4806974.740825586,low_mi_low_atp,0.9284270634598666,0.06950241007610738,0.0020705264640259215
52,4904,0.6309412443480125,5442504.998752653,high_mi_low_atp,0.9277298802156639,0.07116849505568966,0.0011016247286464536
52,4905,0.7941837856047351,4969425.948700796,high_mi_low_atp,0.9342586436053363,0.06311351888214184,0.0026278375125219143
52,4906,0.6309412443480125,4961043.926055738,high_mi_low_atp,0.9261728038449599,0.0703849857819917,0.003442210373048318
52,4907,0.9643374506019364,5022106.908920799,high_mi_low_atp,0.9222535299010928,0.07390215152391234,0.003844318574994825
52,4911,0.0,5715932.022869244,low_mi_low_atp,0.9379454496500484,0.06048189638799952,0.0015726539619520222
52,4912,1.1393262397777593,4840200.327589807,high_mi_low_atp,0.9383235612463044,0.053695145043055136,0.007981293710640472
52,4915,0.0,6797952.717335222,low_mi_high_atp,0.9574131537470477,0.037035921077988,0.005550925174964448
52,4916,0.059774702912490985,4610453.304305696,low_mi_low_atp,0.9284514391333468,0.06794709358672196,0.0036014672799312025
52,4917,0.868900198291382,4792227.585649973,high_mi_low_atp,0.9480773107223502,0.049440520126634954,0.002482169151014842
52,4918,0.6309412443480125,4922025.187887938,high_mi_low_atp,0.9287138923313019,0.0694707036032731,0.001815404065425044
52,4921,1.1885633181802615,5095141.459779672,high_mi_low_atp,0.9381545782587161,0.05680335821298822,0.005042063528295771
52,4923,0.0,7683765.78863089,low_mi_high_atp,0.9493674424821431,0.05002783229887295,0.0006047252189838752
52,4924,1.1393262397777593,4971558.758887859,high_mi_low_atp,0.933741066740484,0.06250826620252627,0.0037506670569896817
52,4926,0.0,7325622.841765143,low_mi_high_atp,0.9620229934932087,0.03521115320833195,0.0027658532984593384
52,4931,1.1393262397777593,5052230.87699507,high_mi_low_atp,0.9291130601520352,0.0666476109910186,0.0042393288569463365
52,4940,0.0,7482000.5954619525,low_mi_high_atp,0.9640313171244899,0.035671762385498865,0.00029692049001134855
52,4941,0.0,5749582.41575946,low_mi_low_atp,0.9595632587434825,0.038188489241513475,0.0022482520150039352
52,4942,1.1393262397777593,5094753.847677579,high_mi_low_atp,0.9360525758141109,0.06124112538930699,0.002706298796582172
52,4945,0.6309412443480125,4926162.09769689,high_mi_low_atp,0.932757470141729,0.06557121669788932,0.0016713131603816969
52,4947,1.1393262397777593,5315214.325859167,high_mi_low_atp,0.9421497055805964,0.05402076986661627,0.003829524552787405
52,4953,0.0,7155533.454925534,low_mi_high_atp,0.9557735055075789,0.03682585240160225,0.00740064209081884
52,4955,1.1393262397777593,5034627.469206578,high_mi_low_atp,0.9393532390312613,0.0574597230926513,0.0031870378760873006
52,4957,0.0,7230966.181422938,low_mi_high_atp,0.9659891397639467,0.03388242193685771,0.0001284382991955247
52,4958,1.1393262397777593,4933063.927723377,high_mi_low_atp,0.9323298261795342,0.0644367597226887,0.0032334140977771124
52,4959,0.0,6325229.242194685,low_mi_low_atp,0.9437898220301641,0.05550950685643136,0.0007006711134045558
52,4960,0.0,6416686.3899617065,low_mi_low_atp,0.9578764718462751,0.04169548407025555,0.0004280440834693447
52,4961,0.6309412443480125,4923991.59830642,high_mi_low_atp,0.9333359848487963,0.06477892521541663,0.0018850899357870706
52,4964,0.4589893596666389,4892107.517611218,low_mi_low_atp,0.9143196140644889,0.08363527676197147,0.002045109173539669
52,4965,1.1885633181802615,5235725.341498869,high_mi_low_atp,0.933884544319469,0.06039651426833455,0.005718941412196458
52,4966,0.0,6504525.183149822,low_mi_low_atp,0.9665505180544148,0.03170938032654943,0.0017401016190358035
52,4967,0.6309412443480125,6132776.485227982,high_mi_low_atp,0.9556137970168734,0.044276727041439985,0.00010947594168651485
52,4969,1.1393262397777593,5033327.797337509,high_mi_low_atp,0.9275076958550476,0.05821176798462379,0.014280536160328611
52,4971,0.8552299848469279,4964104.399623925,high_mi_low_atp,0.9259979519364598,0.06869586775381818,0.005306180309721907
52,4972,1.1393262397777593,4877519.287672601,high_mi_low_atp,0.944821796456822,0.051044664904758834,0.004133538638419411
52,4973,1.1393262397777593,5163934.785466761,high_mi_low_atp,0.9092835830881364,0.08287616943140781,0.007840247480455738
52,4974,0.6309412443480125,7172322.3747486295,high_mi_high_atp,0.9701371820189377,0.029626949219958124,0.00023586876110412238
52,4975,1.1393262397777593,5222076.857830382,high_mi_low_atp,0.9239007696219419,0.06681160174400924,0.009287628634049019
52,4976,0.9589893596666389,9672249.67438288,high_mi_high_atp,0.4751803079518235,0.02339599514829247,0.501423696899884
52,4978,1.188563318180261,5079976.782162233,high_mi_low_atp,0.9367974153411591,0.05843332649625501,0.0047692581625858885
52,4980,1.4589893596666386,5007604.264727384,high_mi_low_atp,0.9383647288118843,0.05542808248280072,0.006207188705315041
52,4982,0.0,22360533.82778569,low_mi_high_atp,0.3480372178999774,0.019035582393656485,0.6329271997063661
52,4984,1.1393262397777593,5017647.267731348,high_mi_low_atp,0.9376160735439005,0.05740271630121703,0.004981210154882549
52,4985,0.0,5442984.061072222,low_mi_low_atp,0.9447804943872875,0.05137725052106179,0.0038422550916507045
52,4986,0.0,5845506.65759604,low_mi_low_atp,0.9330085856995445,0.06599581495970536,0.0009955993407501562
52,4987,0.2788110369161244,5452232.34878854,low_mi_low_atp,0.9341198384088971,0.06001842317916482,0.00586173841193801
52,4988,0.9643374506019364,6085068.656803048,high_mi_low_atp,0.9349186260320772,0.059155661222572056,0.005925712745350727
52,4990,0.6309412443480125,4824995.236812172,high_mi_low_atp,0.9382842585401666,0.05882638186541908,0.0028893595944142264
53,4992,0.7941837856047351,4832886.555323537,high_mi_low_atp,0.9483164999364673,0.04923691271561107,0.0024465873479216035
53,4998,0.24011158302361144,4794852.73240746,low_mi_low_atp,0.9288445229127605,0.069788936346008,0.0013665407412314973
53,4999,1.1393262397777593,4953701.606971919,high_mi_low_atp,0.9253409681799435,0.06750509137029036,0.007153940449766296
53,5001,0.24011158302361144,7294135.192361294,low_mi_high_atp,0.9581920018282912,0.04137087278822039,0.0004371253834883835
53,5002,1.4589893596666386,5075186.214048327,high_mi_low_atp,0.9351383945985144,0.0602370117478793,0.004624593653606337
53,5003,1.1393262397777593,4826057.0574175855,high_mi_low_atp,0.9583723845635657,0.03891108950236644,0.0027165259340677685
53,5004,1.1393262397777593,4754468.565675526,high_mi_low_atp,0.9426555250597048,0.052709459795757044,0.004635015144537927
53,5008,0.0,14121096.340391217,low_mi_high_atp,0.4166141639353612,0.017770584950236052,0.5656152511144027
53,5009,0.9643374506019364,5007409.335908262,high_mi_low_atp,0.9344115909823622,0.06112841978107937,0.004459989236558432
53,5010,1.1885633181802615,5010992.261226078,high_mi_low_atp,0.9533396887418146,0.040652028001983254,0.006008283256202237
53,5013,0.5699579180264102,4833874.347029677,high_mi_low_atp,0.9368905747261191,0.059079798036165705,0.004029627237715123
53,5015,0.3689001982913816,4821828.700444187,low_mi_low_atp,0.9272116634729805,0.07190217111247524,0.0008861654145443182
53,5017,0.0,6425432.801615333,low_mi_low_atp,0.9603295098133194,0.039150737284014844,0.0005197529026656261
53,5020,0.2514706100272167,4653661.42178555,low_mi_low_atp,0.9245055201950995,0.07134952934655142,0.00414495045834902
53,5022,0.9589893596666389,4851410.309228132,high_mi_low_atp,0.947769644827488,0.04581053275442059,0.006419822418091227
53,5023,0.17179332732076766,4573645.37054561,low_mi_low_atp,0.9329826384175758,0.0594658461161432,0.007551515466281136
53,5024,1.0544266119771937,4959725.534385594,high_mi_low_atp,0.9370155106591268,0.05675769506429124,0.0062267942765817765
53,5026,0.6309412443480125,5113439.4213144565,high_mi_low_atp,0.9434967244195271,0.054323850237959215,0.002179425342513644
53,5029,1.4589893596666386,5000528.846431184,high_mi_low_atp,0.9300778903172943,0.06499322657901109,0.0049288831036947405
53,5030,0.5051895335746919,5593699.8790532565,low_mi_low_atp,0.8814551178468374,0.0547363065980694,0.06380857555509332
53,5032,0.0,5784158.083814499,low_mi_low_atp,0.9128744877429829,0.08603184519843687,0.0010936670585803077
53,5036,1.1393262397777593,5062780.176962507,high_mi_low_atp,0.9459709899307793,0.05179617478774843,0.0022328352814723383
53,5041,1.188563318180261,4984399.053948668,high_mi_low_atp,0.9471756942419267,0.04684175657913536,0.005982549178937848
53,5042,0.0,7733462.199506608,low_mi_high_atp,0.9595854626783462,0.03420622860116437,0.006208308720489383
53,5043,0.5083849954297467,4780127.920652094,low_mi_low_atp,0.9382015815684595,0.05989196527648547,0.0019064531550552059
53,5048,1.1885633181802615,4893897.672111029,high_mi_low_atp,0.9545320321412175,0.04048746617752979,0.0049805016812527235
53,5049,0.6309412443480125,5199537.159461272,high_mi_low_atp,0.9354424967997067,0.06122411156827476,0.003333391632018549
53,5051,1.1393262397777593,4951408.399237002,high_mi_low_atp,0.9336296900172663,0.06199642332274915,0.004373886659984623
53,5052,0.0,4739589.901846445,low_mi_low_atp,0.9093643409791006,0.08570201612420214,0.004933642896697328
53,5053,0.0,5496895.558806558,low_mi_low_atp,0.9341875297432003,0.06129016017300682,0.004522310083792913
53,5055,1.4589893596666386,4878037.277388223,high_mi_low_atp,0.9460166413903761,0.048451039843804854,0.005532318765818935
53,5057,1.1393262397777593,6740382.859975375,high_mi_high_atp,0.9579049269336756,0.04127028237101582,0.0008247906953087063
53,5060,0.5218966515135944,4818802.385487949,low_mi_low_atp,0.885845556910204,0.1125659799512221,0.001588463138573927
53,5064,0.3385228669080251,40580475.061340645,low_mi_high_atp,0.1062055651168302,0.010042087351727777,0.883752347531442
53,5066,1.1393262397777593,4894285.365467394,high_mi_low_atp,0.9520155355142007,0.04560650287860008,0.0023779616071991786
53,5067,1.0544266119771937,5032548.225121251,high_mi_low_atp,0.9374697251113802,0.05735534591092273,0.0051749289776972605
53,5068,1.1885633181802615,4894528.253450863,high_mi_low_atp,0.9382595009013921,0.056309850254665846,0.00543064884394197
53,5069,0.5984741568050038,5275001.485096876,high_mi_low_atp,0.9448502009537718,0.05063225739751474,0.004517541648713453
53,5073,1.1885633181802615,4998590.267236658,high_mi_low_atp,0.9522335479328445,0.04058766943496857,0.007178782632186886
53,5076,0.0,7133640.021682089,low_mi_high_atp,0.9455600445288653,0.049671881374457494,0.004768074096677177
53,5077,0.5699579180264102,4747523.226442221,high_mi_low_atp,0.950453198804261,0.047425673279210295,0.002121127916528804
53,5080,0.5083849954297467,4753561.606150877,low_mi_low_atp,0.9088650374577601,0.08638603410552,0.004748928436719859
53,5082,0.9643374506019364,5263848.330008204,high_mi_low_atp,0.8827885129662186,0.11334364655915044,0.003867840474631003
54,5090,1.4589893596666386,5446933.745442207,high_mi_low_atp,0.9352341744831014,0.04258936940592359,0.022176456110974865
54,5092,0.5083849954297467,5920031.772657122,low_mi_low_atp,0.9499665845719364,0.049381921814110726,0.0006514936139527141
54,5093,0.9643374506019364,4900465.777583616,high_mi_low_atp,0.9342625366901663,0.059826090836277344,0.005911372473556123
54,5095,0.24011158302361144,10730232.831471452,low_mi_high_atp,0.924532166845066,0.0343090180816669,0.041158815073267005
54,5098,1.1885633181802615,5030392.887895929,high_mi_low_atp,0.9357876385078718,0.058357914691806394,0.0058544468003217335
54,5099,0.6309412443480125,5031445.467007698,high_mi_low_atp,0.9578087879823943,0.039309211964017654,0.002882000053587931
54,5100,0.0,6459249.137468763,low_mi_low_atp,0.9688817878405832,0.030680560587887613,0.00043765157152924575
54,5103,0.7941837856047351,5038801.37872442,high_mi_low_atp,0.9372211614957975,0.06040852182436967,0.002370316679832842
54,5106,1.4589893596666386,4881602.279798598,high_mi_low_atp,0.952908719687639,0.04195976361213392,0.0051315167002272365
54,5107,0.3877599453105268,4787673.198764231,low_mi_low_atp,0.895475582902019,0.10206609547029077,0.002458321627690031
54,5109,1.1885633181802615,4998836.6703087585,high_mi_low_atp,0.9304802903345217,0.06411834642066505,0.005401363244813115
54,5112,1.4589893596666386,4907698.842181723,high_mi_low_atp,0.945559716391673,0.04918690357217942,0.005253380036147481
54,5113,0.9589893596666387,5036908.175283929,high_mi_low_atp,0.9537675431070812,0.040756416983045385,0.005476039909873334
54,5116,1.1393262397777593,4980905.681844904,high_mi_low_atp,0.9298943204789698,0.06630916029185586,0.0037965192291743504
54,5117,0.0,8026152.851321936,low_mi_high_atp,0.9623473479132745,0.03529452455354578,0.002358127533179768
54,5119,0.6309412443480125,6730873.05174169,high_mi_high_atp,0.9712476283791439,0.02809551970112058,0.0006568519197355385
54,5122,0.6309412443480125,5960866.810325678,high_mi_low_atp,0.9620468271361089,0.03705222000715472,0.0009009528567364497
54,5123,0.4608504522714016,5172175.6408706885,low_mi_low_atp,0.9215692083539586,0.07781070367967731,0.0006200879663641457
54,5125,0.5083849954297467,6325987.712616668,low_mi_low_atp,0.9482059953391853,0.04978661384161866,0.0020073908191960846
54,5130,0.6309412443480125,4976744.458429259,high_mi_low_atp,0.9271780559554349,0.07023234570306519,0.0025895983414998625
54,5131,0.81966311988888,4813837.31294091,high_mi_low_atp,0.9299946005287253,0.06754337844791791,0.0024620210233567926
54,5132,0.5083849954297467,4967155.414525238,low_mi_low_atp,0.9172166020873944,0.08056037209593536,0.0022230258166701772
54,5133,0.9643374506019364,5068291.125410035,high_mi_low_atp,0.9340761244535728,0.06149255164427493,0.00443132390215223
54,5134,0.6309412443480125,5190923.436526317,high_mi_low_atp,0.9484536679548193,0.0477997446906865,0.00374658735449407
54,5137,0.0,6269560.894391234,low_mi_low_atp,0.9458882548791362,0.05279141953088938,0.001320325589974323
54,5141,0.0,14946274.423692046,low_mi_high_atp,0.5601684869757231,0.027996383227366046,0.41183512979691084
54,5142,0.5984741568050038,4800843.168016385,high_mi_low_atp,0.9345756768560485,0.062229541718802045,0.0031947814251493474
54,5147,0.3689001982913814,4663162.510824619,low_mi_low_atp,0.9228835347201056,0.07319323355606136,0.003923231723832945
54,5148,0.6309412443480125,5894036.629509766,high_mi_low_atp,0.9243331286089371,0.07436570954444265,0.001301161846620209
54,5149,0.6309412443480125,4742611.1160654705,high_mi_low_atp,0.9415889736935159,0.056462303547437885,0.0019487227590460877
54,5150,0.5083849954297467,4895628.618652364,low_mi_low_atp,0.945478518813185,0.04566747312450134,0.008854008062313543
54,5153,0.0,6439691.509042688,low_mi_low_atp,0.9695222653350265,0.03003357624758431,0.00044415841738914224
54,5154,1.1393262397777593,4817485.644508156,high_mi_low_atp,0.9493869755625687,0.04762296194773154,0.0029900624896998253
54,5155,0.3213656551330364,4683181.0466450825,low_mi_low_atp,0.9284010215134706,0.07019994793390863,0.001399030552620676
54,5156,0.0039060116788910415,5700851.79109951,low_mi_low_atp,0.9468586858000213,0.052548331143645155,0.0005929830563336275
54,5159,1.1885633181802615,4934022.737280136,high_mi_low_atp,0.9461873206185616,0.047762808278070175,0.006049871103368162
54,5161,1.4589893596666386,5055165.628942928,high_mi_low_atp,0.9304229475653748,0.06463283334504702,0.004944219089578095
54,5165,1.0544266119771937,4827527.839494497,high_mi_low_atp,0.9378281710129843,0.05592203820297413,0.0062497907840414774
54,5166,1.1885633181802615,4826002.49351176,high_mi_low_atp,0.9472526197316227,0.046217756669438705,0.006529623598938749
54,5169,0.81966311988888,5124924.861872615,high_mi_low_atp,0.9334260933288595,0.0649160536353648,0.0016578530357756291
54,5170,1.1393262397777593,4794871.247638258,high_mi_low_atp,0.9465210685722253,0.04869545362398407,0.004783477803790661
54,5171,0.3213656551330364,4591448.3914864985,low_mi_low_atp,0.9343958975207313,0.058050120126553834,0.007553982352714894
54,5176,0.0,20646890.190622788,low_mi_high_atp,0.26125145514849235,0.015822078010310877,0.7229264668411968
54,5178,1.1393262397777593,4922078.6862924015,high_mi_low_atp,0.9322973595744289,0.05528453517907799,0.012418105246493288
54,5181,0.040693525612148895,53114815.46307603,low_mi_high_atp,0.08301028250460288,0.009554777823867357,0.9074349396715298
54,5182,0.0,5539104.383639801,low_mi_low_atp,0.95133706259356,0.04697250476564245,0.0016904326407975697
55,5185,0.0,6494377.454686324,low_mi_low_atp,0.9702682859810154,0.02920107512576529,0.0005306388932192592
55,5188,0.81966311988888,4824849.119986476,high_mi_low_atp,0.9543974412648432,0.04334589554968743,0.0022566631854694288
55,5189,0.0,7120835.497244943,low_mi_high_atp,0.9660190780410605,0.031737639250906724,0.0022432827080327597
55,5190,0.0,8960204.036166316,low_mi_high_atp,0.961416507704226,0.0377376105622103,0.0008458817335634981
55,5192,0.40975228126413704,5070581.080834839,low_mi_low_atp,0.9372040293120198,0.056364352002133536,0.006431618685846652
55,5193,1.0544266119771937,4849542.83126843,high_mi_low_atp,0.9440357573054442,0.05134152912324295,0.0046227135713127815
55,5194,0.9643374506019364,4991903.36556845,high_mi_low_atp,0.9456189109931653,0.04861409926255611,0.0057669897442784905
55,5195,0.5083849954297467,5190541.243237439,low_mi_low_atp,0.9524639027347278,0.04533549246218246,0.002200604803089678
55,5196,0.0,8285114.710629622,low_mi_high_atp,0.9568440000369023,0.040453093839189,0.0027029061239087853
55,5197,0.5699579180264102,4838522.923259212,high_mi_low_atp,0.9386508616749957,0.058685001089512974,0.0026641372354915755
55,5198,1.1393262397777593,4858869.1003504535,high_mi_low_atp,0.9335446543553729,0.0633927117980494,0.003062633846577665
55,5199,1.1393262397777593,4887662.429315832,high_mi_low_atp,0.9305617230101192,0.06595241862617082,0.003485858363710074
55,5205,0.6309412443480125,4846663.645294582,high_mi_low_atp,0.9343274532423316,0.0630506675674587,0.002621879190209799
55,5207,0.6309412443480125,4990311.377508768,high_mi_low_atp,0.9225780171519201,0.07541083511271672,0.0020111477353630387
55,5211,0.0,8513049.121625416,low_mi_high_atp,0.9578278040974809,0.039610044861700625,0.0025621510408184354
55,5212,1.0544266119771937,4861324.531725773,high_mi_low_atp,0.9520024746804987,0.041855643932254036,0.006141881387247336
55,5213,0.6309412443480125,5465381.193149292,high_mi_low_atp,0.947831698425641,0.049386107124984285,0.0027821944493747405
55,5214,0.0,6289001.296835863,low_mi_low_atp,0.9298766687563536,0.06931733788988179,0.0008059933537646876
55,5215,0.15469898846636965,4629450.428266507,low_mi_low_atp,0.9261087046526222,0.06960287408310531,0.004288421264272517
55,5221,1.4589893596666386,5047038.0143303685,high_mi_low_atp,0.9434626850986787,0.05037072407076056,0.006166590830560729
55,5222,0.0,6497466.454532373,low_mi_low_atp,0.9382190124005431,0.06139318143697425,0.0003878061624826512
55,5224,0.4608504522714016,4835185.670545002,low_mi_low_atp,0.9443063252329299,0.05290087059602907,0.002792804171041104
55,5225,0.6309412443480125,4929334.028828784,high_mi_low_atp,0.9396167401763232,0.058533460671112175,0.001849799152564502
55,5226,1.1885633181802615,5002337.343466181,high_mi_low_atp,0.937664074125645,0.05673971457468831,0.005596211299666731
55,5228,1.1393262397777593,4926503.985514512,high_mi_low_atp,0.9491691492910111,0.04830961323147502,0.002521237477513777
55,5230,0.8552299848469279,4917491.033806239,high_mi_low_atp,0.9480045175937599,0.046292119677959764,0.005703362728280317
55,5232,1.1393262397777593,4883109.685304961,high_mi_low_atp,0.953764726648485,0.04120936608801202,0.005025907263503069
55,5233,0.5699579180264102,5035310.8230413245,high_mi_low_atp,0.9332267965186,0.06390872274949662,0.0028644807319034957
55,5234,0.3605152028616353,16522728.784452446,low_mi_high_atp,0.2943675036920857,0.013087290737598305,0.692545205570316
55,5235,0.049237078402501966,4988855.865272087,low_mi_low_atp,0.9356325377704309,0.058805142460497076,0.005562319769071986
55,5237,1.1393262397777593,4837970.893064697,high_mi_low_atp,0.9500331981663911,0.043577038128672155,0.006389763704936722
55,5239,0.6309412443480125,4961994.727266872,high_mi_low_atp,0.9201938883550513,0.07658382140379431,0.003222290241154359
55,5242,0.5984741568050038,4807232.905855647,high_mi_low_atp,0.9476990065556584,0.049454161014854114,0.002846832429487443
55,5243,0.0,6991206.441149366,low_mi_high_atp,0.9689719866801426,0.030037710897606682,0.00099030242225073
55,5244,0.81966311988888,4765053.413335923,high_mi_low_atp,0.9474931374089169,0.05028632095618322,0.0022205416348998162
55,5246,0.24011158302361144,4575471.577464441,low_mi_low_atp,0.9349949385270706,0.06024348498954936,0.004761576483380005
55,5249,0.7941837856047351,4791130.667891013,high_mi_low_atp,0.9534241693170897,0.043177328019210696,0.0033985026636997244
55,5250,1.0544266119771937,5031159.12695782,high_mi_low_atp,0.9306831293207352,0.0643022432127959,0.005014627466469038
55,5253,0.6309412443480125,4790653.785067941,high_mi_low_atp,0.897896479873154,0.09820069286067205,0.003902827266173974
55,5254,1.1393262397777593,4853501.007999381,high_mi_low_atp,0.9471739063624743,0.04857305572445188,0.004253037913073895
55,5255,1.1393262397777593,4843599.536192651,high_mi_low_atp,0.9577758955849578,0.03987545034888875,0.0023486540661534177
55,5256,1.1393262397777593,4890610.731802408,high_mi_low_atp,0.9527629251678366,0.04170482561663451,0.00553224921552886
55,5258,0.5699579180264102,4841958.753652982,high_mi_low_atp,0.9348151356112769,0.06359872987065987,0.0015861345180632077
55,5259,0.0,7285277.55981879,low_mi_high_atp,0.9602347443875621,0.03563597348265751,0.004129282129780406
55,5261,0.0,5505779.031864506,low_mi_low_atp,0.9484948500554264,0.04796529785378818,0.0035398520907853706
55,5262,0.0,9379768.846755648,low_mi_high_atp,0.9657027137380778,0.03391395398091987,0.00038333228100245845
55,5263,0.39794316042444594,4666668.9904109165,low_mi_low_atp,0.9336337515022612,0.060805302831580935,0.005560945666157763
55,5269,0.6309412443480125,4885257.013526666,high_mi_low_atp,0.9333843111759405,0.06439416254980401,0.0022215262742554874
55,5271,0.22103040572326976,4566217.444590982,low_mi_low_atp,0.9384976088198346,0.05493794989073273,0.006564441289432731
55,5272,0.0,5876935.233264022,low_mi_low_atp,0.9568104587995884,0.04057103128605345,0.002618509914358207
55,5276,1.4589893596666386,4873128.38595934,high_mi_low_atp,0.9461761569494449,0.04726718163336,0.0065566614171951145
55,5278,0.40975228126413704,35368217.343416154,low_mi_high_atp,0.1324608344247124,0.008009124509105976,0.8595300410661817
55,5279,0.6309412443480125,5013026.452069581,high_mi_low_atp,0.9380278018770655,0.058206673908518775,0.00376552421441591
56,5281,0.059774702912490985,4575441.435806485,low_mi_low_atp,0.9349770568998633,0.06032679985326036,0.0046961432468763395
56,5283,0.5699579180264102,4889403.37595395,high_mi_low_atp,0.9400828130872181,0.05866706918623988,0.0012501177265419607
56,5285,1.4589893596666386,4901937.686722636,high_mi_low_atp,0.9531328482991505,0.04154326967336256,0.005323882027486992
56,5286,0.8689001982913815,5584717.778212183,high_mi_low_atp,0.8473469205564587,0.05016471383825063,0.10248836560529075
56,5287,1.4589893596666386,4885750.8508656565,high_mi_low_atp,0.9513848462199268,0.042991607550827204,0.005623546229245987
56,5288,1.1393262397777593,4800921.682748728,high_mi_low_atp,0.9499123541843677,0.044060831131228655,0.00602681468440365
56,5289,0.5699579180264102,4717046.278234241,high_mi_low_atp,0.9455803136185991,0.052401837392055624,0.0020178489893454
56,5290,0.81966311988888,10692617.862918958,high_mi_high_atp,0.4495501003981875,0.020241846385502145,0.5302080532163104
56,5291,0.5083849954297467,4731744.267659076,low_mi_low_atp,0.9448335114091764,0.05290052619391214,0.0022659623969114675
56,5293,0.010537624509989046,4701103.959393223,low_mi_low_atp,0.9258584392446485,0.07066724341055891,0.003474317344792593
56,5295,0.6309412443480125,4979907.041391721,high_mi_low_atp,0.9494179477131595,0.04893907024634646,0.0016429820404941526
56,5297,1.1393262397777593,5275404.401231098,high_mi_low_atp,0.9569975193800793,0.03903417894459866,0.003968301675321949
56,5299,0.5699579180264102,4901464.854524997,high_mi_low_atp,0.9297728737806039,0.06806045685934126,0.0021666693600549303
56,5301,0.30599290644442595,4702625.441901299,low_mi_low_atp,0.9111009172278577,0.08725600394648104,0.0016430788256612645
56,5304,1.1393262397777593,4862935.810344102,high_mi_low_atp,0.9517124763324577,0.04435127171847242,0.003936251949069802
56,5307,0.010537624509989046,13436974.888670193,low_mi_high_atp,0.4926732620655791,0.024857822000523618,0.48246891593389735
56,5308,0.9589893596666389,4902707.545100988,high_mi_low_atp,0.9382909886929431,0.05733869585972071,0.004370315447336132
56,5310,1.1393262397777593,7000542.982920804,high_mi_high_atp,0.9700817309207971,0.028882667211342042,0.0010356018678608241
56,5313,1.1393262397777593,4848863.162364805,high_mi_low_atp,0.9511906032176549,0.04248071112793777,0.006328685654407331
56,5315,0.9589893596666389,4999501.495866831,high_mi_low_atp,0.9371358566059729,0.04196543118790944,0.02089871220611775
56,5316,1.1393262397777593,4862133.402868317,high_mi_low_atp,0.9408469288919523,0.05300470590969027,0.006148365198357582
56,5323,1.4589893596666386,4902573.3339256765,high_mi_low_atp,0.9519283148045262,0.04190564144966499,0.006166043745808715
56,5324,1.1885633181802615,4906879.422214997,high_mi_low_atp,0.9471055637988531,0.04730582813050627,0.005588608070640593
56,5325,0.0,6689779.348238437,low_mi_high_atp,0.9688025664463672,0.030826138321131877,0.0003712952325008482
56,5326,1.1885633181802615,5073859.976458581,high_mi_low_atp,0.9258424020500899,0.07004113681010121,0.004116461139808801
56,5327,1.1393262397777593,4853781.354433934,high_mi_low_atp,0.941525658040506,0.05249273427709482,0.005981607682398966
56,5328,1.0544266119771937,4981697.79345794,high_mi_low_atp,0.9561942101108102,0.04120262791726083,0.0026031619719291423
56,5330,0.7941837856047351,5021426.238610128,high_mi_low_atp,0.9301145078136897,0.06526706974149567,0.004618422444814776
56,5332,1.1393262397777593,4839034.995482043,high_mi_low_atp,0.9519395382430719,0.04518616690340177,0.0028742948535264586
56,5333,0.0,5905098.919393774,low_mi_low_atp,0.9197148890193876,0.08005887910112602,0.0002262318794863551
56,5335,1.1885633181802615,5063240.760415611,high_mi_low_atp,0.9426301741392288,0.05260800769327893,0.004761818167492342
56,5336,0.4608504522714018,4860794.714555548,low_mi_low_atp,0.9355354967340207,0.05910418839817094,0.005360314867808325
56,5338,0.6309412443480125,4935004.477864354,high_mi_low_atp,0.9307374085711265,0.06738010338363891,0.0018824880452345636
56,5340,0.6309412443480125,4820866.266802875,high_mi_low_atp,0.9414038906109523,0.055109834643070996,0.0034862747459767866
56,5341,1.1393262397777593,4914297.622880717,high_mi_low_atp,0.9367273686186788,0.06010661851869614,0.003166012862625148
56,5342,0.0,6036582.628525389,low_mi_low_atp,0.955090024259828,0.03856794537891178,0.0063420303612602815
56,5343,1.1393262397777593,4904554.618280892,high_mi_low_atp,0.9326312336525022,0.06400670808482226,0.0033620582626755265
56,5346,1.1393262397777593,5114818.627219188,high_mi_low_atp,0.9259915959494717,0.05605011227228729,0.01795829177824098
56,5351,0.16650810930606086,4609459.3118616,low_mi_low_atp,0.9274385442027608,0.07114261772703695,0.001418838070202056
56,5352,0.3877599453105268,49607011.65494368,low_mi_high_atp,0.08489637332521907,0.006725160322106305,0.9083784663526747
56,5353,1.1393262397777593,5139324.279900835,high_mi_low_atp,0.9345267989715215,0.061540266337074684,0.003932934691403879
56,5354,0.8248526534635711,5046531.840705757,high_mi_low_atp,0.9332431765185798,0.06075079809998178,0.006006025381438601
56,5356,1.4589893596666386,5112987.860023558,high_mi_low_atp,0.9440086101539088,0.04925125798929518,0.006740131856796007
56,5357,0.6309412443480125,6207189.88158466,high_mi_low_atp,0.9561682119350057,0.03671188905699753,0.0071198990079967
56,5361,0.0,5551465.230280649,low_mi_low_atp,0.9508322654988469,0.04357364728879959,0.005594087212353481
56,5362,0.6309412443480125,7222846.232648278,high_mi_high_atp,0.9689717148644205,0.030912470942238188,0.00011581419334122133
56,5364,0.9643374506019364,4875030.278087073,high_mi_low_atp,0.9384366164742227,0.05348672482977941,0.008076658695997739
56,5365,1.0544266119771937,4930739.1097425325,high_mi_low_atp,0.94864967390691,0.042422458201986125,0.008927867891103817
56,5366,1.1393262397777593,4718890.993798667,high_mi_low_atp,0.9472614256642122,0.046829481819349025,0.005909092516438706
56,5367,0.0,9323043.688257664,low_mi_high_atp,0.9575071641887931,0.041303366727321135,0.0011894690838857322
56,5370,1.1393262397777593,4857553.547535741,high_mi_low_atp,0.9431828539989828,0.046066235689719744,0.010750910311297265
56,5372,0.5083849954297467,4762852.713808821,low_mi_low_atp,0.9472736639837568,0.04949828019998106,0.0032280558162623373
57,5376,0.059774702912490985,4653261.658851192,low_mi_low_atp,0.9357131831360995,0.05894435605995154,0.005342460803948953
57,5377,0.7941837856047351,4923829.545378316,high_mi_low_atp,0.935010362170372,0.06207938126519727,0.0029102565644306944
57,5378,0.81966311988888,4824157.398618809,high_mi_low_atp,0.9558417489685056,0.04161031815638487,0.002547932875109545
57,5382,0.0,8874855.158152398,low_mi_high_atp,0.9681563151111776,0.030749889164275027,0.0010937957245472697
57,5386,0.7941837856047351,4977731.059490143,high_mi_low_atp,0.9192213472692248,0.07726103436682233,0.0035176183639529218
57,5391,0.7941837856047351,4837530.793649988,high_mi_low_atp,0.9360825852576807,0.06061438585463942,0.0033030288876799286
57,5392,1.0544266119771937,4913749.163112075,high_mi_low_atp,0.9528712208692368,0.04122535553684741,0.0059034235939156715
57,5394,0.5083849954297467,4702123.53125535,low_mi_low_atp,0.9111927683656472,0.08497110309524727,0.003836128539105323
57,5396,1.1393262397777593,4780854.026563142,high_mi_low_atp,0.9467595296862668,0.04789340823273931,0.005347062080994115
57,5398,1.1885633181802615,4799682.108032204,high_mi_low_atp,0.9466820913839524,0.048063654653584635,0.0052542539624629275
57,5399,0.81966311988888,4760088.849162818,high_mi_low_atp,0.9476539202114846,0.04929533053120914,0.003050749257306294
57,5400,0.9643374506019364,5442038.922710638,high_mi_low_atp,0.9448783469792075,0.04307355050098144,0.012048102519811041
57,5402,1.1885633181802615,4957028.480762785,high_mi_low_atp,0.9381723609130341,0.0559533939460816,0.005874245140884253
57,5403,1.4589893596666386,4952907.175052359,high_mi_low_atp,0.9452694487492145,0.0493774592434662,0.0053530920073194075
57,5404,0.5083849954297467,5615889.70973598,low_mi_low_atp,0.9504836303048367,0.04185322617992623,0.007663143515237036
57,5405,0.8552299848469279,4921097.689480611,high_mi_low_atp,0.9422764621118628,0.052620986383403734,0.005102551504733501
57,5406,1.1393262397777593,4862259.361002375,high_mi_low_atp,0.9407864848121873,0.05783592821595391,0.0013775869718587192
57,5411,1.1885633181802615,4815267.987660169,high_mi_low_atp,0.9463012739011377,0.0477417190787336,0.005957007020128782
57,5413,1.0544266119771937,5046748.045757928,high_mi_low_atp,0.9341917542676006,0.061665322993532355,0.004142922738867062
57,5414,1.1393262397777593,4756452.363843871,high_mi_low_atp,0.9460336314148575,0.04714232249049909,0.0068240460946434045
57,5417,1.1393262397777593,5122256.956621804,high_mi_low_atp,0.9390497320608073,0.05517861292897377,0.005771655010218964
57,5418,0.0,21466937.138191268,low_mi_high_atp,0.22330171002177074,0.010315897663935486,0.7663823923142938
57,5419,0.6309412443480125,5004318.332671218,high_mi_low_atp,0.9336813800229072,0.04568872710232398,0.020629892874768855
57,5422,1.1393262397777593,4949025.23901707,high_mi_low_atp,0.9348239425156576,0.0612259815630362,0.003950075921306185
57,5424,1.4589893596666386,4813833.841124552,high_mi_low_atp,0.9517539967718206,0.04301470854271356,0.005231294685465907
57,5426,1.4589893596666386,4892960.083057096,high_mi_low_atp,0.9535694064996802,0.040864170075951105,0.00556642342436865
57,5427,0.5699579180264102,39715483.86815637,high_mi_high_atp,0.11510708631471224,0.0064363891217734445,0.8784565245635144
57,5428,1.0544266119771937,4975688.53269459,high_mi_low_atp,0.9485729384267235,0.04518741725398971,0.006239644319286716
57,5431,1.0544266119771937,4827644.623071733,high_mi_low_atp,0.948022025191972,0.04584758903457601,0.006130385773451929
57,5432,1.188563318180261,4795869.159632577,high_mi_low_atp,0.9526793991112885,0.041925559694471086,0.005395041194240317
57,5433,0.5699579180264102,114894850.97179134,high_mi_high_atp,0.04001189645782959,0.002453328965602899,0.9575347745765674
57,5435,0.6309412443480125,4867270.647930053,high_mi_low_atp,0.9445431100502222,0.052096710766075575,0.0033601791837024283
57,5436,0.9589893596666389,4836821.17638461,high_mi_low_atp,0.9522058006510087,0.04243533695600444,0.005358862392986918
57,5438,0.7840005704908161,4873918.941121246,high_mi_low_atp,0.9497209073155065,0.04350032543973992,0.0067787672447535835
57,5439,0.5984741568050038,5036365.526539605,high_mi_low_atp,0.9361348588081331,0.05711337543943088,0.006751765752436211
57,5440,0.6581859867969045,4579892.73795709,high_mi_low_atp,0.9342293347300239,0.05888674398339648,0.006883921286579573
57,5441,1.1885633181802615,5170198.260644685,high_mi_low_atp,0.9355878439961027,0.0529382898607361,0.011473866143161158
57,5442,1.1393262397777593,4943935.6766007105,high_mi_low_atp,0.9473883397067586,0.04758568199137402,0.005025978301867475
57,5445,0.81966311988888,4870260.745528186,high_mi_low_atp,0.9478358086345576,0.04981195654694814,0.0023522348184943256
57,5446,1.1393262397777593,4875955.238969804,high_mi_low_atp,0.9419676309082814,0.05498743384214557,0.0030449352495729516
57,5448,0.7941837856047351,4908503.480645447,high_mi_low_atp,0.9402074580708996,0.05635412733330758,0.0034384145957929704
57,5449,0.6309412443480125,4728596.813581711,high_mi_low_atp,0.9471327194832618,0.05006782215347423,0.002799458363263749
57,5451,1.4589893596666386,4921750.574884041,high_mi_low_atp,0.9537473098524489,0.04066381920719788,0.005588870940353138
57,5452,1.4589893596666386,4857037.999473017,high_mi_low_atp,0.9465205618285627,0.04746402174514867,0.006015416426288597
57,5454,0.6309412443480125,11704504.301915472,high_mi_high_atp,0.4069730910115353,0.025209562868842333,0.5678173461196223
57,5455,1.4589893596666386,4876918.282493034,high_mi_low_atp,0.9455124009475332,0.04836292271202638,0.006124676340440377
57,5456,0.81966311988888,4895659.481256603,high_mi_low_atp,0.9405872348388107,0.05579688486593536,0.0036158802952540453
57,5458,0.5051895335746917,5143615.495564833,low_mi_low_atp,0.9555348007432242,0.04096986197627827,0.0034953372804975473
57,5460,1.1393262397777593,4880128.059498022,high_mi_low_atp,0.9448414595690954,0.047600161762984206,0.007558378667920381
57,5462,0.9643374506019364,28062165.10198675,high_mi_high_atp,0.17930529363775075,0.00696022775786011,0.8137344786043891
57,5463,0.9643374506019364,5476696.536893858,high_mi_low_atp,0.9437937218506046,0.043483548210226354,0.012722729939169012
57,5464,0.0,5716681.547056222,low_mi_low_atp,0.9541490552709221,0.04125688983718091,0.004594054891897031
57,5465,1.1393262397777593,5276254.488078714,high_mi_low_atp,0.952050335128396,0.04347583922452435,0.0044738256470797525
57,5466,0.0,5624522.163869328,low_mi_low_atp,0.9520703222998695,0.046022518034576555,0.0019071596655538547
57,5467,1.4589893596666386,4824382.4185771495,high_mi_low_atp,0.9464711234411465,0.04625342564666659,0.007275450912186875
57,5469,0.0,63042860.24660099,low_mi_high_atp,0.0790129887324036,0.003527439228428421,0.917459572039168
58,5472,0.13932623977775904,4748543.7871436,low_mi_low_atp,0.9343280447707031,0.05989867771172503,0.005773277517571811
58,5474,1.1393262397777593,4988946.020531891,high_mi_low_atp,0.9321976301517434,0.06328304551403498,0.004519324334221718
58,5475,0.3689001982913816,4967868.730399594,low_mi_low_atp,0.9314462647336169,0.06740148108755172,0.00115225417883135
58,5476,0.2312764937577793,4569116.244613677,low_mi_low_atp,0.934193971436261,0.060032339971905255,0.0057736885918335664
58,5477,0.6309412443480125,4741829.1606267,high_mi_low_atp,0.9513003225207398,0.04636923382014206,0.0023304436591181175
58,5478,1.1393262397777593,4789135.935957945,high_mi_low_atp,0.9517224801764606,0.04437969040166709,0.003897829421872443
58,5482,0.0,30328015.73357045,low_mi_high_atp,0.24840714145544082,0.013444065369683535,0.7381487931748757
58,5483,0.5699579180264102,4904038.514295541,high_mi_low_atp,0.9408946369342586,0.056754794640605385,0.0023505684251360647
58,5484,1.1393262397777593,4934149.707383899,high_mi_low_atp,0.9524126498120328,0.041952917414552336,0.005634432773414867
58,5485,1.1393262397777593,5040440.066994928,high_mi_low_atp,0.9347959371711816,0.05921409685144891,0.005989965977369466
58,5488,1.1393262397777593,4830248.820216725,high_mi_low_atp,0.9502754449268359,0.04280638902596898,0.006918166047195088
58,5495,0.0,9788462.29226056,low_mi_high_atp,0.9723710204437017,0.027229279262103247,0.0003997002941949406
58,5496,1.1885633181802615,4842999.826615907,high_mi_low_atp,0.9470170004955183,0.047632302722800106,0.005350696781681471
58,5497,1.1393262397777593,5184741.531634459,high_mi_low_atp,0.9381101141331918,0.057562134469949656,0.00432775139685847
58,5498,0.5083849954297467,4780398.167425828,low_mi_low_atp,0.9293688149448505,0.06687044343230088,0.0037607416228486257
58,5499,1.1393262397777593,4859478.446215042,high_mi_low_atp,0.957033396288032,0.039301341405539494,0.0036652623064284936
58,5501,1.1393262397777593,4841443.818454642,high_mi_low_atp,0.9552486139774913,0.04111601008422999,0.0036353759382786797
58,5502,1.4589893596666386,5348223.878152279,high_mi_low_atp,0.9402629499359797,0.038836481662360464,0.02090056840165979
58,5503,1.1393262397777593,5164581.764415624,high_mi_low_atp,0.9575631759689482,0.0387010669981171,0.003735757032934598
58,5505,0.0,5395453.180203152,low_mi_low_atp,0.9498235982992433,0.04737698609504142,0.0027994156057152275
58,5509,1.4589893596666386,4851296.084065092,high_mi_low_atp,0.9496772374053684,0.04296914036861043,0.0073536222260211954
58,5511,1.1885633181802615,4962818.798302942,high_mi_low_atp,0.94667099599991,0.04720879257201079,0.006120211428079214
58,5512,1.1393262397777593,4793436.211448113,high_mi_low_atp,0.9475832558419854,0.04844975768699785,0.003966986471016486
58,5513,0.5083849954297467,16703916.703458041,low_mi_high_atp,0.27572265315272465,0.01422437031248155,0.7100529765347937
58,5516,0.7941837856047351,41822586.800939485,high_mi_high_atp,0.1079619703912065,0.005633847111570257,0.8864041824972232
58,5518,1.1393262397777593,4780363.274167634,high_mi_low_atp,0.9455620704229143,0.04815368907715019,0.0062842404999355
58,5519,0.0,16431627.72405886,low_mi_high_atp,0.515793960522329,0.019805692086568596,0.4644003473911024
58,5522,0.5083849954297467,4757458.126434087,low_mi_low_atp,0.9483400523273052,0.04930434125461744,0.0023556064180773146
58,5523,1.4589893596666386,4956697.611038093,high_mi_low_atp,0.9459583616209795,0.04677024292218677,0.007271395456833724
58,5524,0.5083849954297467,5196100.12510993,low_mi_low_atp,0.9600578089730691,0.03630422969106486,0.003637961335866089
58,5525,0.3689001982913814,4634726.070791232,low_mi_low_atp,0.9267308323279108,0.0693348049925969,0.003934362679492372
58,5528,0.3605152028616353,5619596.348256721,low_mi_low_atp,0.9439619969509435,0.051276350674893785,0.004761652374162672
58,5529,1.1885633181802615,4849200.1474146405,high_mi_low_atp,0.945070213664132,0.048840642086538384,0.006089144249329667
58,5530,0.0,34978736.086562805,low_mi_high_atp,0.13385854272936965,0.00650834614615683,0.8596331111244735
58,5531,0.6309412443480125,4710056.728978787,high_mi_low_atp,0.9541240094643871,0.042797342903454716,0.0030786476321580914
58,5532,1.1393262397777593,4923939.6697906265,high_mi_low_atp,0.9391539452835436,0.05633038565566905,0.004515669060787422
58,5535,0.8248526534635711,4849598.711912384,high_mi_low_atp,0.9509415278354648,0.04381687687379738,0.005241595290737788
58,5537,0.81966311988888,5026160.165371246,high_mi_low_atp,0.9315304697924707,0.0654374268870161,0.0030321033205132648
58,5538,0.81966311988888,13687377.943173356,high_mi_high_atp,0.5236799695100328,0.018808287127865832,0.4575117433621013
58,5540,0.059774702912490985,4624912.962707192,low_mi_low_atp,0.9292919659673532,0.06684839022524015,0.003859643807406727
58,5541,0.5355668649580483,4563978.382114011,low_mi_low_atp,0.9385874810514299,0.05591576899391536,0.005496749954654682
58,5542,0.2702674841257715,4562529.385730586,low_mi_low_atp,0.936775846087744,0.058268389628606115,0.004955764283650008
58,5543,1.1393262397777593,4865121.151790301,high_mi_low_atp,0.9498956823291395,0.047680780419631606,0.0024235372512289655
58,5544,0.0,6055145.084270826,low_mi_low_atp,0.9579819000993935,0.040354161934245354,0.0016639379663611405
58,5546,1.1885633181802615,4939018.61124082,high_mi_low_atp,0.9501041281717941,0.04437954338607939,0.005516328442126476
58,5547,0.0,5490354.681991755,low_mi_low_atp,0.9411783832996954,0.05770330398641597,0.0011183127138886667
58,5548,1.4589893596666386,4842697.139912085,high_mi_low_atp,0.946989423887937,0.047101878576574586,0.0059086975354884375
58,5549,1.1885633181802615,5040577.548898765,high_mi_low_atp,0.9535539823574064,0.041165024487818204,0.005280993154775327
58,5550,0.0,6528213.971143093,low_mi_low_atp,0.9567084298191563,0.040792421592744384,0.00249914858809949
58,5552,0.24011158302361144,4683708.425112449,low_mi_low_atp,0.9333443389542238,0.06504498299100804,0.0016106780547682266
58,5553,0.5699579180264102,6706470.9125568755,high_mi_high_atp,0.970222968586077,0.0286981406877246,0.0010788907261983973
58,5556,0.81966311988888,4834948.656903675,high_mi_low_atp,0.9445784864611605,0.05293137471981734,0.0024901388190221954
58,5558,1.4589893596666386,4861954.853242706,high_mi_low_atp,0.9457567760892808,0.04847073507738177,0.005772488833337326
58,5559,0.5699579180264102,4775409.410957655,high_mi_low_atp,0.9484253207277996,0.04914792314468322,0.0024267561275172177
58,5561,1.1393262397777593,4766470.071355153,high_mi_low_atp,0.9403441346869992,0.05595812974946143,0.0036977355635394366
58,5563,0.0,15831367.811861796,low_mi_high_atp,0.408833537061677,0.014523527494205499,0.5766429354441176
58,5565,0.7923226929999722,32784399.714915514,high_mi_high_atp,0.1469082829482159,0.0069005404175874595,0.8461911766341966
58,5566,0.8877599453105268,4864320.406795714,high_mi_low_atp,0.9458093920105791,0.04844224833847544,0.00574835965094537
58,5567,0.5051895335746914,4672170.537045683,low_mi_low_atp,0.9203117020922151,0.07444886841674787,0.005239429491037006
59,5570,0.0,6134905.918434775,low_mi_low_atp,0.9607897808503869,0.03698044188213383,0.002229777267479277
59,5571,0.6309412443480125,5740401.968115433,high_mi_low_atp,0.9656962561227939,0.03256034420449441,0.001743399672711632
59,5572,1.0544266119771937,4930403.510326678,high_mi_low_atp,0.9429786915066646,0.052910581912326275,0.004110726581009131
59,5574,0.5699579180264102,6250382.093019889,high_mi_low_atp,0.9673460730537065,0.031913754214378524,0.000740172731914919
59,5577,1.4589893596666386,4829411.9580021165,high_mi_low_atp,0.9517809827852577,0.04306126774353749,0.005157749471204754
59,5578,0.9643374506019364,4817977.208262239,high_mi_low_atp,0.9443777305600715,0.04890616716668221,0.0067161022732463395
59,5579,0.0,5701006.024943908,low_mi_low_atp,0.9482489200626739,0.051340959776745125,0.0004101201605809957
59,5580,0.5699579180264102,4759412.663145371,high_mi_low_atp,0.9423024821091535,0.055308156626404176,0.002389361264442327
59,5581,1.1393262397777593,4872458.137753808,high_mi_low_atp,0.9477475524308572,0.048277367489385416,0.003975080079757242
59,5583,1.1393262397777593,5073445.458121527,high_mi_low_atp,0.9385778364823074,0.05601042345575103,0.00541174006194152
59,5584,0.0,8767085.651678575,low_mi_high_atp,0.9573466234797241,0.04114420644520126,0.0015091700750745239
59,5588,0.05436373905660291,46433741.85849353,low_mi_high_atp,0.09098798901435856,0.007744712687258519,0.901267298298383
59,5589,0.5083849954297467,4780004.246851735,low_mi_low_atp,0.9517001103752801,0.04574475077119007,0.0025551388535298104
59,5592,0.3842729469799919,4604310.076649974,low_mi_low_atp,0.9256707612827414,0.0691004657843274,0.005228772932931297
59,5593,0.9643374506019364,12850074.137120677,high_mi_high_atp,0.4540579926566226,0.0161853633879276,0.5297566439554499
59,5594,0.0,6217488.9211769365,low_mi_low_atp,0.9686152622840529,0.030298854576437315,0.0010858831395097147
59,5596,0.5083849954297467,4709795.555864649,low_mi_low_atp,0.9564309424864169,0.04141290637770422,0.002156151135878847
59,5601,1.1393262397777593,4771242.450190934,high_mi_low_atp,0.9503153062615958,0.04369386786545607,0.00599082587294805
59,5602,0.81966311988888,4721033.33925706,high_mi_low_atp,0.9544499185886743,0.042943514778982915,0.002606566632342621
59,5604,0.04069352561214912,4590999.472387077,low_mi_low_atp,0.9408622981119071,0.057193345005510744,0.0019443568825822507
59,5605,0.0,10991546.79804657,low_mi_high_atp,0.4353196901212738,0.020544622798015222,0.5441356870807109
59,5606,0.5083849954297467,4721880.482748395,low_mi_low_atp,0.944907026148462,0.05196673038299634,0.003126243468541493
59,5608,0.2312764937577793,4657467.254669035,low_mi_low_atp,0.9239035232961236,0.07289365070981417,0.0032028259940623336
59,5609,0.9643374506019364,4942616.140585383,high_mi_low_atp,0.9488516989353187,0.046304996848972185,0.004843304215709078
59,5610,0.0,5317984.410810922,low_mi_low_atp,0.952654911707391,0.04414347362019283,0.0032016146724160115
59,5613,0.6309412443480125,5018546.383859076,high_mi_low_atp,0.9459758711312096,0.049548537726278846,0.004475591142511434
59,5614,0.81966311988888,4727652.978782826,high_mi_low_atp,0.9553810234903563,0.04190769705134284,0.0027112794583009983
59,5615,1.0544266119771937,6383938.123609796,high_mi_low_atp,0.9661397911495297,0.03084414939874157,0.0030160594517287197
59,5617,0.6309412443480125,5128955.3556644125,high_mi_low_atp,0.9469596925487369,0.050948222029373325,0.002092085421889735
59,5618,1.0544266119771937,4870382.682498194,high_mi_low_atp,0.9438106872335108,0.050089837993107705,0.006099474773381603
59,5619,1.4589893596666386,4814029.077939525,high_mi_low_atp,0.9513463226660173,0.04338126346568129,0.0052724138683013936
59,5620,0.22941540115301629,4690703.338214281,low_mi_low_atp,0.9092037239901882,0.08925104433454349,0.0015452316752682356
59,5621,0.81966311988888,4911067.58613782,high_mi_low_atp,0.941900072835085,0.0473364906553297,0.010763436509585151
59,5624,0.6309412443480125,5145386.901079674,high_mi_low_atp,0.9478342233923341,0.04932460763301032,0.0028411689746557288
59,5625,0.0,6394588.6041968595,low_mi_low_atp,0.967930224939875,0.03164871437881807,0.00042106068130700323
59,5626,0.9643374506019364,4844597.383462636,high_mi_low_atp,0.9505705642501975,0.04341181197964778,0.006017623770154683
59,5627,0.0,9743928.04712691,low_mi_high_atp,0.8473148675957024,0.03863779212379927,0.11404734028049832
59,5628,1.4589893596666386,4835150.933605966,high_mi_low_atp,0.9460377076075752,0.04816714429434473,0.005795148098080179
59,5636,1.1393262397777593,4803225.306205424,high_mi_low_atp,0.94636328471281,0.047283901096538905,0.006352814190651208
59,5637,1.4589893596666386,4949782.308938642,high_mi_low_atp,0.949026309995352,0.0431109704296139,0.007862719575034137
59,5643,1.4589893596666386,4780283.875595512,high_mi_low_atp,0.9450800095715677,0.04827101945071137,0.006648970977721038
59,5644,0.5699579180264102,4817655.576424359,high_mi_low_atp,0.9552837125247604,0.04310214593508028,0.0016141415401593761
59,5645,0.0,5551648.023091834,low_mi_low_atp,0.9530611576636464,0.0448802467083368,0.0020585956280167296
59,5646,0.06460982709111257,14979230.614714388,low_mi_high_atp,0.3130513550139464,0.014944034202036749,0.6720046107840169
59,5647,0.09527869494994856,4559563.599939552,low_mi_low_atp,0.9368525159217231,0.05779768706705583,0.0053497970112210665
59,5648,0.0,5518014.2473808825,low_mi_low_atp,0.9521630998586471,0.04191337925633374,0.0059235208850191325
59,5649,0.0,6098935.825829189,low_mi_low_atp,0.9487094380742148,0.04932926018766192,0.0019613017381232734
59,5650,0.0,5848880.083823707,low_mi_low_atp,0.9524160331336792,0.04314433751219585,0.00443962935412501
59,5651,0.0,5570314.035035333,low_mi_low_atp,0.9304062694814559,0.06483711991776492,0.004756610600779239
59,5653,1.4589893596666386,4823611.071210141,high_mi_low_atp,0.9517407350105553,0.04280105376999348,0.005458211219451119
59,5654,0.0,17398346.380680673,low_mi_high_atp,0.483469338038152,0.018620402802213918,0.497910259159634
59,5655,1.1393262397777593,4824630.865756883,high_mi_low_atp,0.9520097602374558,0.0423931951653396,0.00559704459720463
59,5656,1.1393262397777593,4872715.655047756,high_mi_low_atp,0.9403692646653286,0.04833273759861125,0.011297997736060283
59,5657,1.0544266119771937,4848717.007139291,high_mi_low_atp,0.9459718053141841,0.047325831475859906,0.006702363209955988
59,5658,1.4589893596666386,4850215.827678732,high_mi_low_atp,0.9458496536960213,0.04901864129545975,0.0051317050085190365
59,5659,0.7941837856047351,116571090.58241469,high_mi_high_atp,0.038657813880609126,0.0019104376879898587,0.959431748431401
59,5660,0.17179332732076766,4635599.209787693,low_mi_low_atp,0.933113847536652,0.06012197127903459,0.006764181184313295
59,5662,1.1393262397777593,4761112.758763908,high_mi_low_atp,0.9534682302745977,0.043732530499576816,0.0027992392258255642
60,5664,1.4589893596666386,4829247.071808388,high_mi_low_atp,0.9456356971473435,0.04744662670117663,0.006917676151479763
60,5665,0.0,6274234.330179067,low_mi_low_atp,0.9673323459856018,0.0322703507675404,0.0003973032468577268
60,5666,0.0,5776970.839723094,low_mi_low_atp,0.9639714908656609,0.03522732287348869,0.0008011862608504601
60,5667,0.9589893596666389,5239896.011073311,high_mi_low_atp,0.9316453159408363,0.04243383775438882,0.02592084630477467
60,5671,1.1393262397777593,4782939.871103766,high_mi_low_atp,0.9441369170080727,0.049184465385789716,0.006678617606137503
60,5672,0.2294154011530165,4558895.648830709,low_mi_low_atp,0.9364679098528417,0.05722578880532807,0.006306301341830265
60,5674,0.9643374506019364,4702996.611594317,high_mi_low_atp,0.9501667149086448,0.044105680585937,0.005727604505418293
60,5676,0.0,4765098.836096005,low_mi_low_atp,0.9288005285048145,0.067471725796421,0.0037277456987645573
60,5677,1.1393262397777593,5517652.098573159,high_mi_low_atp,0.9425357104299285,0.03737913875482414,0.020085150815247414
60,5680,1.1393262397777593,4879734.735580631,high_mi_low_atp,0.9438331005895235,0.04864568715719993,0.00752121225327655
60,5682,0.9643374506019364,4836440.086455757,high_mi_low_atp,0.9511153252673498,0.04328826938834399,0.005596405344306069
60,5683,0.04069352561214912,4698793.507828373,low_mi_low_atp,0.9382097025131978,0.05724299222839647,0.004547305258405853
60,5685,0.6309412443480125,5233976.37165558,high_mi_low_atp,0.9621522951246541,0.03467241729953864,0.003175287575807306
60,5686,0.0,6776706.868455155,low_mi_high_atp,0.9691972650373621,0.03022795861517074,0.0005747763474670694
60,5687,0.0,16382859.63505449,low_mi_high_atp,0.5224065736410781,0.021879905726351553,0.4557135206325703
60,5688,1.0544266119771937,4971082.153446485,high_mi_low_atp,0.9465650730016499,0.04573951326883751,0.007695413729512601
60,5690,0.6309412443480125,35842274.90956942,high_mi_high_atp,0.12610686714255714,0.00854241445053343,0.8653507184069095
60,5691,0.6309412443480125,4826382.556292179,high_mi_low_atp,0.9307799153023777,0.06677057730453351,0.0024495073930887695
60,5692,0.5083849954297467,4765059.520602956,low_mi_low_atp,0.9490807618628843,0.04733341005711501,0.0035858280800007887
60,5694,1.1885633181802615,4885539.259034995,high_mi_low_atp,0.946449312113403,0.04698863820015563,0.006562049686441414
60,5695,0.9589893596666389,4764972.739315682,high_mi_low_atp,0.949208540510955,0.04486746989963455,0.005923989589410373
60,5698,0.6309412443480125,4691073.260546121,high_mi_low_atp,0.9557770322019685,0.04181211509003052,0.0024108527080010525
60,5699,1.1393262397777593,4790808.657746839,high_mi_low_atp,0.9542687107752104,0.04337828683468214,0.0023530023901075104
60,5702,0.0,8263818.337852176,low_mi_high_atp,0.954710315752513,0.04436014175457067,0.0009295424929164181
60,5703,0.5083849954297467,5284576.753947494,low_mi_low_atp,0.9415340566103092,0.053138967676156626,0.005326975713534191
60,5704,0.8552299848469279,4684769.092257168,high_mi_low_atp,0.9470808070847124,0.04591324492710527,0.007005947988182275
60,5706,0.81966311988888,4881268.580248786,high_mi_low_atp,0.9563930818672791,0.04162012534356469,0.001986792789156141
60,5710,1.1393262397777593,4830944.808561677,high_mi_low_atp,0.943205293856386,0.05286339304784156,0.003931313095772439
60,5711,0.24011158302361144,20384937.54938705,low_mi_high_atp,0.24167584158851077,0.011041714545624939,0.7472824438658643
60,5712,0.5083849954297467,5265352.29819137,low_mi_low_atp,0.91501462150501,0.07546226063704081,0.00952311785794917
60,5713,0.5083849954297467,4604043.899592857,low_mi_low_atp,0.9277896620360601,0.07104356676020969,0.001166771203730214
60,5716,1.1393262397777593,4838131.879776539,high_mi_low_atp,0.9387404825884547,0.04996589859175182,0.011293618819793499
60,5717,0.81966311988888,5230093.8706170935,high_mi_low_atp,0.9625802809603236,0.035374287463577785,0.0020454315760987728
60,5721,1.4589893596666386,4824605.16124373,high_mi_low_atp,0.9526846263378042,0.04227885315770884,0.005036520504486988
60,5724,0.24011158302361144,6845851.850390566,low_mi_high_atp,0.9623207822406645,0.035732712458054816,0.0019465053012807754
60,5728,0.0,6489781.153907448,low_mi_low_atp,0.9617557991354799,0.03262253314033205,0.005621667724188083
60,5733,0.24011158302361144,6579588.6643994255,low_mi_high_atp,0.967659269792807,0.03127305649008695,0.0010676737171059964
60,5734,0.5083849954297467,5127847.657733005,low_mi_low_atp,0.923327220867176,0.06715393381672818,0.009518845316095866
60,5735,0.17179332732076766,4667762.72582654,low_mi_low_atp,0.9280151062744236,0.07099277169018609,0.0009921220353902532
60,5736,0.0,5975371.618273995,low_mi_low_atp,0.9588317569534448,0.04003647550196326,0.0011317675445918305
60,5738,0.81966311988888,4844316.231130766,high_mi_low_atp,0.9494469990689264,0.04663419941725081,0.0039188015138228545
60,5745,0.9589893596666389,4904518.178042867,high_mi_low_atp,0.9487848564179847,0.04353243100440274,0.0076827125776125155
60,5748,0.0,5571716.745175257,low_mi_low_atp,0.9557473394816064,0.04216516145510431,0.0020874990632892593
60,5749,1.1393262397777593,4758364.2224685,high_mi_low_atp,0.9500724818832283,0.04777762522196245,0.0021498928948093035
60,5750,1.4589893596666386,5474452.26297547,high_mi_low_atp,0.9319871813583264,0.041253242330277266,0.026759576311396287
60,5753,0.0,6127958.427869576,low_mi_low_atp,0.9544408117567943,0.04455702689556711,0.0010021613476385667
60,5754,1.4589893596666386,4852297.238198246,high_mi_low_atp,0.9523849146991458,0.04137893898269762,0.006236146318156698
60,5757,0.6309412443480125,4776239.200687765,high_mi_low_atp,0.950212469901679,0.04754136963312101,0.0022461604652000053
60,5758,0.8248526534635711,5005345.2561156005,high_mi_low_atp,0.9517764439494018,0.04164584167487104,0.00657771437572716
60,5759,0.6309412443480125,4725240.299178541,high_mi_low_atp,0.9388580700809762,0.05896256304796328,0.0021793668710602745
