{
  "-90.0": 67.63846325874329,
  "-80.0": 64.25977969169617,
  "-70.0": 60.59375500679016,
  "-60.0": 72.90248537063599,
  "-50.0": 43.689879417419434,
  "-40.0": 37.976712703704834,
  "-30.0": 36.58702731132507,
  "-20.0": 35.8635687828064
}
