cluster_id,source_task,seed,generation,individual_idx,dsi_vector_sum,pd_rate_hz,pc1_combined,pc2_combined
0,t0106_long_pdnd_nsga2_300gen,44,1,0,6.123233995736766e-17,23.571428571428573,-1.327697472678266,-0.9685131413962593
0,t0106_long_pdnd_nsga2_300gen,44,1,1,0.024390243902439,4.761904761904763,-1.3807536911252696,-2.7271621570684177
1,t0106_long_pdnd_nsga2_300gen,44,1,2,0.0068965517241379075,17.142857142857142,-2.766781965888859,1.980801652121065
0,t0106_long_pdnd_nsga2_300gen,44,1,3,6.123233995736766e-17,17.857142857142858,-3.3493571428186093,-0.4001633182088396
0,t0106_long_pdnd_nsga2_300gen,44,1,4,6.123233995736766e-17,12.857142857142858,-1.3723813115521963,0.07744175025659289
3,t0106_long_pdnd_nsga2_300gen,44,1,5,6.123233995736766e-17,10.0,-2.6356612434864197,-0.595521146393469
0,t0106_long_pdnd_nsga2_300gen,44,1,6,6.123233995736766e-17,10.0,-4.031243954300754,-2.4894583510757546
0,t0106_long_pdnd_nsga2_300gen,44,1,7,6.123233995736766e-17,7.857142857142858,-0.12463905671836696,-1.1115887479973035
0,t0106_long_pdnd_nsga2_300gen,44,1,8,6.123233995736766e-17,6.428571428571429,-0.6891436494920025,-2.771211795747699
0,t0106_long_pdnd_nsga2_300gen,44,1,9,6.123233995736766e-17,4.285714285714286,-2.876834294414893,-3.014637465170422
0,t0106_long_pdnd_nsga2_300gen,44,1,10,6.123233995736766e-17,3.5714285714285716,-1.371381577276209,-0.306486123096868
0,t0106_long_pdnd_nsga2_300gen,44,1,11,0.0,3.0952380952380953,-1.9139355497600203,-1.195808696135803
0,t0106_long_pdnd_nsga2_300gen,44,1,12,0.0,2.857142857142857,-1.404021907254903,-2.110031979862096
0,t0106_long_pdnd_nsga2_300gen,44,1,13,0.0,2.857142857142857,-2.6182510081978134,-2.792638380252238
0,t0106_long_pdnd_nsga2_300gen,44,1,14,0.0,1.4285714285714286,-3.490693128376684,1.7671050702241196
0,t0106_long_pdnd_nsga2_300gen,44,1,15,0.0,0.9523809523809524,-3.5826089493012163,-0.381433152741917
0,t0106_long_pdnd_nsga2_300gen,44,1,16,0.0,0.7142857142857143,-1.3152071098027092,-2.7236874502671644
0,t0106_long_pdnd_nsga2_300gen,44,1,17,0.0,0.7142857142857143,-2.9635185630896728,-2.861682517663119
0,t0106_long_pdnd_nsga2_300gen,44,1,18,0.0,0.7142857142857143,-2.220695541136773,-2.734697774026084
0,t0106_long_pdnd_nsga2_300gen,44,1,19,0.0,0.7142857142857143,-2.9658789864136264,-2.9759727109565866
0,t0106_long_pdnd_nsga2_300gen,44,1,20,0.0,0.7142857142857143,-2.7711548842737423,-0.9396131357773857
0,t0106_long_pdnd_nsga2_300gen,44,1,21,0.0,0.7142857142857143,-3.2865842507020413,-2.3093157197162157
0,t0106_long_pdnd_nsga2_300gen,44,1,22,0.0,0.7142857142857143,-1.1711229521652105,-3.452203149587139
0,t0106_long_pdnd_nsga2_300gen,44,1,23,0.0,0.7142857142857143,-1.147397171561462,-2.257247864825796
0,t0106_long_pdnd_nsga2_300gen,44,1,24,0.0,0.7142857142857143,-1.233998620384051,-1.7288004483154435
0,t0106_long_pdnd_nsga2_300gen,44,1,25,0.0,0.7142857142857143,-1.728716792811476,-1.5246106997302833
0,t0106_long_pdnd_nsga2_300gen,44,1,26,0.0,0.7142857142857143,-2.337843663339016,-2.218381671510745
0,t0106_long_pdnd_nsga2_300gen,44,1,27,0.0,0.7142857142857143,-0.7183410766085471,-1.9629225481112538
0,t0106_long_pdnd_nsga2_300gen,44,1,28,0.0,0.7142857142857143,-3.6242441211583634,-3.3543448544040313
0,t0106_long_pdnd_nsga2_300gen,44,1,29,0.0,0.7142857142857143,-4.076131974642206,-1.6614458072495673
0,t0106_long_pdnd_nsga2_300gen,44,1,30,0.0,0.7142857142857143,-1.6119393127977673,-0.963440770246646
0,t0106_long_pdnd_nsga2_300gen,44,1,31,0.0,0.7142857142857143,-0.19579574645057132,-2.493698049114381
3,t0106_long_pdnd_nsga2_300gen,44,1,32,0.0,0.7142857142857143,-4.154156847114139,-1.5626101109985164
0,t0106_long_pdnd_nsga2_300gen,44,1,33,0.0,0.7142857142857143,-1.9960275280294841,-2.69347887208866
0,t0106_long_pdnd_nsga2_300gen,44,1,34,0.0,0.7142857142857143,-1.6850588212442945,-2.1714105483150825
0,t0106_long_pdnd_nsga2_300gen,44,1,35,0.0,0.7142857142857143,-2.006872903778831,-1.7416502357394654
0,t0106_long_pdnd_nsga2_300gen,44,1,36,0.0,0.7142857142857143,-1.6459270591417239,-3.0634464749544743
0,t0106_long_pdnd_nsga2_300gen,44,1,37,0.0,0.7142857142857143,-2.726413919825617,-0.2602422045607593
0,t0106_long_pdnd_nsga2_300gen,44,1,38,0.0,0.7142857142857143,-3.564815328532877,-1.4773992389513522
0,t0106_long_pdnd_nsga2_300gen,44,1,39,0.0,0.7142857142857143,-4.36871782625614,-1.4849851778051424
0,t0106_long_pdnd_nsga2_300gen,44,1,40,0.0,0.7142857142857143,-2.055844879438281,-2.347151945008511
0,t0106_long_pdnd_nsga2_300gen,44,1,41,0.0,0.7142857142857143,-2.3654175582616856,-2.2827689620558687
0,t0106_long_pdnd_nsga2_300gen,44,1,42,0.0,0.7142857142857143,-1.4458730132349984,-3.2260869908530476
0,t0106_long_pdnd_nsga2_300gen,44,1,43,0.0,0.7142857142857143,-0.25811798606640696,-2.5630656739938953
0,t0106_long_pdnd_nsga2_300gen,44,1,44,0.0,0.7142857142857143,-1.0174901123075273,-2.7558082929731604
0,t0106_long_pdnd_nsga2_300gen,44,1,45,0.0,0.7142857142857143,-1.2230188431717166,0.06628883542491161
0,t0106_long_pdnd_nsga2_300gen,44,1,46,0.0,0.7142857142857143,0.3314541889561005,-1.3304827955189034
0,t0106_long_pdnd_nsga2_300gen,44,1,47,0.0,0.7142857142857143,-1.6007665030826461,-1.2142695844083482
0,t0106_long_pdnd_nsga2_300gen,44,1,48,0.0,0.7142857142857143,-2.318274040503599,-3.91618228426184
0,t0106_long_pdnd_nsga2_300gen,44,1,49,0.0,0.7142857142857143,-1.60677867842965,-2.9938093339125462
0,t0106_long_pdnd_nsga2_300gen,44,1,50,0.0,0.7142857142857143,-3.202508489620264,-1.2252786762627463
0,t0106_long_pdnd_nsga2_300gen,44,1,51,0.0,0.7142857142857143,-1.811917157308952,-1.1375636058848038
0,t0106_long_pdnd_nsga2_300gen,44,1,52,0.0,0.7142857142857143,-2.3285257103336647,-1.795740258443667
0,t0106_long_pdnd_nsga2_300gen,44,1,53,0.0,0.7142857142857143,-0.8974070897163235,-1.9448807195687556
0,t0106_long_pdnd_nsga2_300gen,44,1,54,0.0,0.7142857142857143,-1.1167457914872108,-2.7992751159931455
0,t0106_long_pdnd_nsga2_300gen,44,1,55,0.0,0.7142857142857143,-1.293160187757243,-2.819460821313299
0,t0106_long_pdnd_nsga2_300gen,44,1,56,0.0,0.7142857142857143,-2.0053403704875277,-3.014090584046248
0,t0106_long_pdnd_nsga2_300gen,44,1,57,0.0,0.7142857142857143,-3.9788843572036092,-0.683407326908634
0,t0106_long_pdnd_nsga2_300gen,44,1,58,0.0,0.7142857142857143,-1.6119825384089819,-2.442008820502991
0,t0106_long_pdnd_nsga2_300gen,44,1,59,0.0,0.7142857142857143,-2.857613117605888,-2.3483601736610997
0,t0106_long_pdnd_nsga2_300gen,44,1,60,0.0,0.7142857142857143,-3.168099884470376,-2.3485054882141414
0,t0106_long_pdnd_nsga2_300gen,44,1,61,0.0,0.7142857142857143,-2.4315196665386494,-1.7750024982559491
0,t0106_long_pdnd_nsga2_300gen,44,1,62,0.0,0.7142857142857143,-1.5297540049466782,-1.66897451236469
0,t0106_long_pdnd_nsga2_300gen,44,1,63,0.0,0.7142857142857143,-1.1549534088021545,-1.0827330096292125
0,t0106_long_pdnd_nsga2_300gen,44,1,64,0.0,0.7142857142857143,-2.8160295596054894,-1.87041844541771
0,t0106_long_pdnd_nsga2_300gen,44,1,65,0.0,0.7142857142857143,-2.640590531016653,-1.4431827690798906
0,t0106_long_pdnd_nsga2_300gen,44,1,66,0.0,0.7142857142857143,-0.8623728854325017,-2.031524069991099
0,t0106_long_pdnd_nsga2_300gen,44,1,67,0.0,0.7142857142857143,-2.6342925330385443,-2.4639808849394873
0,t0106_long_pdnd_nsga2_300gen,44,1,68,0.0,0.7142857142857143,-0.25390868144332934,-0.8304435488214232
3,t0106_long_pdnd_nsga2_300gen,44,1,69,0.0,0.7142857142857143,-1.1882100997546623,0.2656325708047076
0,t0106_long_pdnd_nsga2_300gen,44,1,70,0.0,0.7142857142857143,-3.3755916400143446,-3.0504201120357117
0,t0106_long_pdnd_nsga2_300gen,44,1,71,0.0,0.7142857142857143,-4.906410375921349,-3.677509730491925
0,t0106_long_pdnd_nsga2_300gen,44,1,72,0.0,0.7142857142857143,-2.639698916484204,-1.8673894881897453
0,t0106_long_pdnd_nsga2_300gen,44,1,73,0.0,0.7142857142857143,-0.7912661153513899,-1.6957495200015973
0,t0106_long_pdnd_nsga2_300gen,44,1,74,0.0,0.7142857142857143,0.10244004863339867,-3.4660899646732397
3,t0106_long_pdnd_nsga2_300gen,44,1,75,0.0,0.0,-0.721974171030593,-0.18640449819502594
0,t0106_long_pdnd_nsga2_300gen,44,1,76,0.0,0.0,-5.27055498832333,-2.850130009102553
0,t0106_long_pdnd_nsga2_300gen,44,1,77,0.0,0.0,-1.4439082882743663,-2.3114645034330583
0,t0106_long_pdnd_nsga2_300gen,44,1,78,0.0,0.0,-2.593747959278713,-2.6860591166129963
0,t0106_long_pdnd_nsga2_300gen,44,1,79,0.0,0.0,-0.32154027735977614,-1.5618190307272337
0,t0106_long_pdnd_nsga2_300gen,44,1,80,0.0,0.0,-2.868531238841533,-4.3981340040312356
0,t0106_long_pdnd_nsga2_300gen,44,1,81,0.0,0.0,-1.8172219675815893,-1.722923528379292
0,t0106_long_pdnd_nsga2_300gen,44,1,82,0.0,0.0,-2.541384657273138,-0.7693671454273702
0,t0106_long_pdnd_nsga2_300gen,44,1,83,0.0,0.0,-2.150079414779963,-2.239135243021228
0,t0106_long_pdnd_nsga2_300gen,44,1,84,0.0,0.0,-1.9034253780653225,-3.4403889459283454
0,t0106_long_pdnd_nsga2_300gen,44,1,85,0.0,0.0,-3.361806129726655,-1.8819280797669093
0,t0106_long_pdnd_nsga2_300gen,44,1,86,0.0,0.0,-2.96342086633335,-3.4371681281346382
0,t0106_long_pdnd_nsga2_300gen,44,1,87,0.0,0.0,-1.25308246441294,0.6023411063659257
0,t0106_long_pdnd_nsga2_300gen,44,1,88,0.0,0.0,-4.329425786877549,-1.2791531007066732
0,t0106_long_pdnd_nsga2_300gen,44,1,89,0.0,0.0,-3.3266806141937155,-2.7534027915548904
0,t0106_long_pdnd_nsga2_300gen,44,1,90,0.0,0.0,0.12900169045636614,-0.8404565729255452
0,t0106_long_pdnd_nsga2_300gen,44,1,91,0.0,0.0,0.32047987194545063,-3.215966685332503
0,t0106_long_pdnd_nsga2_300gen,44,1,92,0.0,0.0,-1.9575541215361287,0.22704569459862023
3,t0106_long_pdnd_nsga2_300gen,44,1,93,0.0,0.0,-0.35514246380990405,-3.0412228609662937
0,t0106_long_pdnd_nsga2_300gen,44,1,94,0.0,0.0,-2.3136198182844536,-0.8821697598145546
0,t0106_long_pdnd_nsga2_300gen,44,1,95,0.0,0.0,-4.171405451979532,-2.0393681106560093
0,t0106_long_pdnd_nsga2_300gen,44,2,98,6.123233995736766e-17,25.714285714285715,-1.3166935473868062,-0.0328543200528577
0,t0106_long_pdnd_nsga2_300gen,44,2,99,0.006993006993006968,16.904761904761905,-3.013314874607116,1.5252839640107774
0,t0106_long_pdnd_nsga2_300gen,44,2,100,0.008403361344537784,14.285714285714286,-0.5469174262844461,-1.2440792796020772
0,t0106_long_pdnd_nsga2_300gen,44,2,102,6.123233995736766e-17,22.142857142857146,-2.2745613830514255,-2.35529406622703
1,t0106_long_pdnd_nsga2_300gen,44,2,103,6.123233995736766e-17,19.28571428571429,-2.965975576394771,2.2473840063600368
0,t0106_long_pdnd_nsga2_300gen,44,2,104,6.123233995736766e-17,19.28571428571429,-1.2801817503662576,-1.9035152603906655
0,t0106_long_pdnd_nsga2_300gen,44,2,105,6.123233995736766e-17,18.571428571428573,-1.526264202331465,-1.29347107628458
0,t0106_long_pdnd_nsga2_300gen,44,2,107,6.123233995736766e-17,15.000000000000002,-2.4375679604538196,-0.3443968602504632
0,t0106_long_pdnd_nsga2_300gen,44,2,108,6.123233995736766e-17,14.761904761904765,-3.8680826817292604,-0.6701439613729888
0,t0106_long_pdnd_nsga2_300gen,44,2,112,6.123233995736766e-17,9.285714285714286,-3.6537197430643715,-2.211276274670046
0,t0106_long_pdnd_nsga2_300gen,44,2,114,6.123233995736766e-17,7.857142857142858,-2.9144568549523338,1.1281450979254972
0,t0106_long_pdnd_nsga2_300gen,44,2,115,6.123233995736766e-17,7.142857142857143,-0.9862122151511115,-2.704625140129736
0,t0106_long_pdnd_nsga2_300gen,44,2,117,6.123233995736766e-17,5.714285714285714,-1.3232555401858626,-0.7093215067931291
0,t0106_long_pdnd_nsga2_300gen,44,2,118,6.123233995736766e-17,5.0,-0.001958513607399118,-2.797693203812199
0,t0106_long_pdnd_nsga2_300gen,44,2,120,6.123233995736766e-17,4.285714285714286,-2.3678633304984436,-2.6071966576267194
0,t0106_long_pdnd_nsga2_300gen,44,2,122,6.123233995736766e-17,3.5714285714285716,-1.1333742283412118,-2.4016750780744824
0,t0106_long_pdnd_nsga2_300gen,44,2,123,6.123233995736766e-17,3.5714285714285716,-3.6258618139111563,-2.312709299943004
0,t0106_long_pdnd_nsga2_300gen,44,2,124,6.123233995736766e-17,3.5714285714285716,-0.686135962687718,-1.556096618480386
0,t0106_long_pdnd_nsga2_300gen,44,2,128,0.0,2.857142857142857,-2.1348441996491934,-2.902580004260556
0,t0106_long_pdnd_nsga2_300gen,44,2,129,0.0,2.857142857142857,-3.188437510408965,-2.59468899356492
0,t0106_long_pdnd_nsga2_300gen,44,2,130,0.0,2.619047619047619,-2.8495048654160295,-0.756586314713227
0,t0106_long_pdnd_nsga2_300gen,44,2,131,0.0,2.142857142857143,-4.040660934091861,-1.513751019932922
0,t0106_long_pdnd_nsga2_300gen,44,2,133,0.0,1.1904761904761907,-3.5900455169764363,0.24270615231839643
0,t0106_long_pdnd_nsga2_300gen,44,2,135,0.0,0.9523809523809524,-3.4088059464128238,-1.2480955921143513
0,t0106_long_pdnd_nsga2_300gen,44,2,136,0.0,0.7142857142857143,-2.4710530446337806,-2.611132401421527
0,t0106_long_pdnd_nsga2_300gen,44,2,137,0.0,0.7142857142857143,-3.0799140459851175,-1.7858683127089776
0,t0106_long_pdnd_nsga2_300gen,44,2,139,0.0,0.7142857142857143,-1.9283996763285318,-3.09513507720901
0,t0106_long_pdnd_nsga2_300gen,44,2,140,0.0,0.7142857142857143,-2.843300992214017,-0.043567674634697316
0,t0106_long_pdnd_nsga2_300gen,44,2,145,0.0,0.7142857142857143,-3.018657326908316,-3.028507131338791
0,t0106_long_pdnd_nsga2_300gen,44,2,146,0.0,0.7142857142857143,-1.6170944799167606,-2.9024927693091245
0,t0106_long_pdnd_nsga2_300gen,44,2,148,0.0,0.7142857142857143,-3.713309592605112,0.5506854044435024
0,t0106_long_pdnd_nsga2_300gen,44,2,150,0.0,0.7142857142857143,-0.5005442503385674,-0.2324884649514019
0,t0106_long_pdnd_nsga2_300gen,44,2,153,0.0,0.7142857142857143,-1.3923860251891753,-2.7717012913501433
0,t0106_long_pdnd_nsga2_300gen,44,2,155,0.0,0.7142857142857143,-2.1744329962227753,-3.5116429387551453
0,t0106_long_pdnd_nsga2_300gen,44,2,157,0.0,0.7142857142857143,-2.225099734364039,-2.049861453411377
0,t0106_long_pdnd_nsga2_300gen,44,2,160,0.0,0.7142857142857143,-0.7113927457715251,-1.198630807371832
0,t0106_long_pdnd_nsga2_300gen,44,2,161,0.0,0.7142857142857143,-0.49098691848885084,-1.5062922729546477
0,t0106_long_pdnd_nsga2_300gen,44,2,162,0.0,0.7142857142857143,-4.0725557091068225,-2.2833376086255703
0,t0106_long_pdnd_nsga2_300gen,44,2,163,0.0,0.7142857142857143,-2.1620908948710733,-2.4677791769670794
0,t0106_long_pdnd_nsga2_300gen,44,2,164,0.0,0.7142857142857143,-3.7340368362391847,-0.8181140654401574
0,t0106_long_pdnd_nsga2_300gen,44,2,166,0.0,0.7142857142857143,-3.409704966670898,-2.7500440175458545
0,t0106_long_pdnd_nsga2_300gen,44,2,170,0.0,0.7142857142857143,-1.81646498004547,-1.8287662205300772
0,t0106_long_pdnd_nsga2_300gen,44,2,171,0.0,0.7142857142857143,-2.62914079541771,-1.4940019366817983
0,t0106_long_pdnd_nsga2_300gen,44,2,174,0.0,0.7142857142857143,-1.6214379469197824,-1.3776926175672346
0,t0106_long_pdnd_nsga2_300gen,44,2,176,0.0,0.7142857142857143,0.09009069788577227,-0.6426774576944779
0,t0106_long_pdnd_nsga2_300gen,44,2,178,0.0,0.7142857142857143,-3.5624631499906814,-2.447290513760009
3,t0106_long_pdnd_nsga2_300gen,44,2,182,0.0,0.7142857142857143,-3.011997312421636,-0.9756028139207926
0,t0106_long_pdnd_nsga2_300gen,44,2,183,0.0,0.7142857142857143,-0.3707338088659344,-0.830388551713076
0,t0106_long_pdnd_nsga2_300gen,44,2,184,0.0,0.7142857142857143,-2.5279584411282476,-1.8998570117607896
0,t0106_long_pdnd_nsga2_300gen,44,2,188,0.0,0.7142857142857143,-3.9141881775660106,-2.709444430538089
0,t0106_long_pdnd_nsga2_300gen,44,2,191,0.0,0.7142857142857143,-2.520154186746252,-2.4891206010043714
0,t0106_long_pdnd_nsga2_300gen,44,3,192,0.12195121951219513,8.571428571428571,-2.770973249079082,-2.8914366260458477
0,t0106_long_pdnd_nsga2_300gen,44,3,193,0.017857142857142856,40.714285714285715,-2.6599047203244117,2.8246456119026218
0,t0106_long_pdnd_nsga2_300gen,44,3,194,0.02020202020202013,23.0952380952381,-1.3510798755140676,-0.3427962474641962
0,t0106_long_pdnd_nsga2_300gen,44,3,195,0.029126213592233007,11.904761904761907,-2.2119257925629223,-0.9896952743175927
0,t0106_long_pdnd_nsga2_300gen,44,3,196,0.043478260869565216,7.857142857142858,-2.78989866786488,-0.42930332300328644
0,t0106_long_pdnd_nsga2_300gen,44,3,197,6.123233995736766e-17,29.28571428571429,-1.7764072880832773,-0.4303065679629309
0,t0106_long_pdnd_nsga2_300gen,44,3,198,0.01204819277108436,20.0,-1.0806083735670398,-1.7967284745053727
0,t0106_long_pdnd_nsga2_300gen,44,3,199,0.023255813953488354,10.476190476190476,-1.069711450487807,-2.8519445720152783
0,t0106_long_pdnd_nsga2_300gen,44,3,201,6.123233995736766e-17,27.857142857142858,-2.1117266782696307,0.6380799590973599
0,t0106_long_pdnd_nsga2_300gen,44,3,205,0.00799999999999997,14.761904761904765,-2.9338522872658634,-1.388066353320177
0,t0106_long_pdnd_nsga2_300gen,44,3,206,0.009900990099009865,11.904761904761907,-2.0378189303669014,0.14775907930793586
0,t0106_long_pdnd_nsga2_300gen,44,3,207,6.123233995736766e-17,27.142857142857146,-1.3415932720950177,-0.39396765942302353
0,t0106_long_pdnd_nsga2_300gen,44,3,210,6.123233995736766e-17,22.857142857142858,-0.4633650465334173,-1.8626387654682839
1,t0106_long_pdnd_nsga2_300gen,44,3,212,6.123233995736766e-17,22.142857142857146,-3.3848616512838503,2.1968964298029876
0,t0106_long_pdnd_nsga2_300gen,44,3,213,6.123233995736766e-17,22.142857142857146,-1.217739042900384,-1.61398617116241
1,t0106_long_pdnd_nsga2_300gen,44,3,216,6.123233995736766e-17,19.28571428571429,-2.932531037210801,1.6594334713381615
0,t0106_long_pdnd_nsga2_300gen,44,3,218,6.123233995736766e-17,18.571428571428573,-0.7920599407422128,-0.4173974176689783
0,t0106_long_pdnd_nsga2_300gen,44,3,220,6.123233995736766e-17,17.142857142857142,-2.6278096208089594,1.2158075103260733
0,t0106_long_pdnd_nsga2_300gen,44,3,221,6.123233995736766e-17,16.42857142857143,-2.8898542328441237,-0.007149448974166226
0,t0106_long_pdnd_nsga2_300gen,44,3,222,6.123233995736766e-17,15.714285714285715,-1.4293222861545947,-2.499719879858085
0,t0106_long_pdnd_nsga2_300gen,44,3,225,6.123233995736766e-17,14.285714285714286,-0.23145787092721523,-2.6222500756601597
0,t0106_long_pdnd_nsga2_300gen,44,3,226,6.123233995736766e-17,14.285714285714286,-3.50781102447589,-0.7475802843828264
0,t0106_long_pdnd_nsga2_300gen,44,3,227,6.123233995736766e-17,13.571428571428573,-0.6846056670757855,-1.142366949245648
0,t0106_long_pdnd_nsga2_300gen,44,3,229,6.123233995736766e-17,11.428571428571429,-1.4927636352680453,-1.918172548791443
0,t0106_long_pdnd_nsga2_300gen,44,3,233,6.123233995736766e-17,9.285714285714286,-3.996658929651202,-2.11278985631446
0,t0106_long_pdnd_nsga2_300gen,44,3,234,6.123233995736766e-17,8.571428571428571,-2.469677697295007,-2.693487364266401
0,t0106_long_pdnd_nsga2_300gen,44,3,235,6.123233995736766e-17,8.571428571428571,-2.9587709641543047,-3.6600464381419924
0,t0106_long_pdnd_nsga2_300gen,44,3,236,6.123233995736766e-17,8.571428571428571,-3.4761185618616848,-2.8061776044244606
0,t0106_long_pdnd_nsga2_300gen,44,3,239,6.123233995736766e-17,7.857142857142858,-2.389056450084101,0.4342352156774448
0,t0106_long_pdnd_nsga2_300gen,44,3,240,6.123233995736766e-17,7.857142857142858,-2.5760063145144847,0.21111537813056439
0,t0106_long_pdnd_nsga2_300gen,44,3,243,6.123233995736766e-17,6.428571428571429,-0.07522615463482477,-2.8247299343635617
0,t0106_long_pdnd_nsga2_300gen,44,3,245,6.123233995736766e-17,5.714285714285714,-0.6304928897218485,-0.8851099526935137
0,t0106_long_pdnd_nsga2_300gen,44,3,246,6.123233995736766e-17,5.714285714285714,-1.65924747029137,0.3177745579150235
0,t0106_long_pdnd_nsga2_300gen,44,3,248,6.123233995736766e-17,5.0,-0.6159736315774766,-2.7441300212630013
0,t0106_long_pdnd_nsga2_300gen,44,3,249,6.123233995736766e-17,5.0,-0.5301355935180673,-2.1087990131957017
0,t0106_long_pdnd_nsga2_300gen,44,3,250,6.123233995736766e-17,5.0,-0.7386164872258356,-1.8626801242365583
0,t0106_long_pdnd_nsga2_300gen,44,3,253,6.123233995736766e-17,4.285714285714286,-2.144806992911187,-2.658393180378672
0,t0106_long_pdnd_nsga2_300gen,44,3,258,6.123233995736766e-17,3.5714285714285716,-1.6546489226183911,-1.5534120825823698
0,t0106_long_pdnd_nsga2_300gen,44,3,259,6.123233995736766e-17,3.5714285714285716,-2.6473578633184722,-2.048097251160558
0,t0106_long_pdnd_nsga2_300gen,44,3,260,6.123233995736766e-17,3.5714285714285716,-1.151962427114619,-3.304186496555541
0,t0106_long_pdnd_nsga2_300gen,44,3,261,0.0,3.333333333333334,-0.8533363661744432,-1.1222217039296773
0,t0106_long_pdnd_nsga2_300gen,44,3,267,0.0,2.857142857142857,-2.0252536711783926,-1.9075990591585439
0,t0106_long_pdnd_nsga2_300gen,44,3,268,0.0,2.857142857142857,-3.974811318449379,-1.4703515648042782
0,t0106_long_pdnd_nsga2_300gen,44,3,269,0.0,2.857142857142857,-1.3393375712309907,0.5949261033723623
0,t0106_long_pdnd_nsga2_300gen,44,3,270,0.0,2.857142857142857,-1.2863259550615165,-1.4070315452360653
0,t0106_long_pdnd_nsga2_300gen,44,3,271,0.0,2.857142857142857,-2.448250262798941,-0.7384695242726047
3,t0106_long_pdnd_nsga2_300gen,44,3,273,0.0,2.3809523809523814,-2.478223635100885,0.9506575393786648
0,t0106_long_pdnd_nsga2_300gen,44,3,275,0.0,1.9047619047619049,-1.5015679237362356,-1.703202651794844
0,t0106_long_pdnd_nsga2_300gen,44,3,277,0.0,1.4285714285714286,-2.5479497059803253,-1.8208659042990085
0,t0106_long_pdnd_nsga2_300gen,44,3,278,0.0,1.4285714285714286,-1.6092216071693317,-2.8067787656948164
0,t0106_long_pdnd_nsga2_300gen,44,3,283,0.0,0.7142857142857143,-2.9049648926197182,-1.564452097350943
0,t0106_long_pdnd_nsga2_300gen,44,3,284,0.0,0.7142857142857143,-3.005690981576602,-3.2421470069585743
0,t0106_long_pdnd_nsga2_300gen,44,3,285,0.0,0.7142857142857143,-3.284550717861065,-2.080266111147012
0,t0106_long_pdnd_nsga2_300gen,44,3,286,0.0,0.7142857142857143,-3.8593244298288187,-2.3520670276038764
0,t0106_long_pdnd_nsga2_300gen,44,4,290,0.03846153846153849,29.761904761904763,-1.747793660153503,1.2329009995912752
3,t0106_long_pdnd_nsga2_300gen,44,4,291,0.13207547169811318,5.476190476190477,-2.816633667707101,1.2394742947391924
0,t0106_long_pdnd_nsga2_300gen,44,4,293,0.06122448979591832,6.190476190476191,-2.069156654690433,0.4077333519417166
0,t0106_long_pdnd_nsga2_300gen,44,4,294,6.123233995736766e-17,40.714285714285715,-2.2052667406649347,2.08910071590931
0,t0106_long_pdnd_nsga2_300gen,44,4,297,0.004878048780487839,24.28571428571429,-1.3265619284941605,-0.7989444074248214
0,t0106_long_pdnd_nsga2_300gen,44,4,298,0.04347826086956524,5.714285714285714,-2.844901733814544,-1.6671839908986776
0,t0106_long_pdnd_nsga2_300gen,44,4,300,6.123233995736766e-17,29.28571428571429,-0.6087466127574624,-1.7241463234843173
0,t0106_long_pdnd_nsga2_300gen,44,4,302,0.01204819277108436,20.0,-1.0656764942735206,-1.0909869736523643
1,t0106_long_pdnd_nsga2_300gen,44,4,311,0.007874015748031468,15.238095238095239,-2.7924253998852757,1.6018512205847664
0,t0106_long_pdnd_nsga2_300gen,44,4,313,6.123233995736766e-17,27.142857142857146,-1.7621852844671717,-0.30877617273285235
1,t0106_long_pdnd_nsga2_300gen,44,4,314,6.123233995736766e-17,26.42857142857143,-2.9581790247175204,2.5054288627531736
0,t0106_long_pdnd_nsga2_300gen,44,4,315,6.123233995736766e-17,26.42857142857143,-1.4227970350199926,-0.15367900541798046
0,t0106_long_pdnd_nsga2_300gen,44,4,316,6.123233995736766e-17,26.42857142857143,-2.0537182459173886,0.8209156073468172
0,t0106_long_pdnd_nsga2_300gen,44,4,318,6.123233995736766e-17,25.0,-2.0143746548596964,-0.1794983438472061
0,t0106_long_pdnd_nsga2_300gen,44,4,319,6.123233995736766e-17,24.28571428571429,-2.4378850842613837,0.909067607604855
0,t0106_long_pdnd_nsga2_300gen,44,4,325,6.123233995736766e-17,22.142857142857146,-0.7255209784462554,-0.6835225891433748
1,t0106_long_pdnd_nsga2_300gen,44,4,326,6.123233995736766e-17,22.142857142857146,-3.3611816771795957,2.518660270376819
0,t0106_long_pdnd_nsga2_300gen,44,4,327,6.123233995736766e-17,22.142857142857146,-2.9520517738323395,0.6421180128798458
0,t0106_long_pdnd_nsga2_300gen,44,4,328,6.123233995736766e-17,21.42857142857143,-1.5057421085810017,-0.8952876456617233
0,t0106_long_pdnd_nsga2_300gen,44,4,329,6.123233995736766e-17,21.42857142857143,-0.5583032214702476,-2.505533210256235
0,t0106_long_pdnd_nsga2_300gen,44,4,330,6.123233995736766e-17,20.714285714285715,-2.7362691936248136,-2.654265299431366
0,t0106_long_pdnd_nsga2_300gen,44,4,331,6.123233995736766e-17,20.714285714285715,0.21403035017020172,-0.8502356716438093
0,t0106_long_pdnd_nsga2_300gen,44,4,332,6.123233995736766e-17,20.714285714285715,-0.8542416507735334,-0.6531135203651441
0,t0106_long_pdnd_nsga2_300gen,44,4,336,6.123233995736766e-17,19.28571428571429,-2.4026105794629147,0.3389025062096412
0,t0106_long_pdnd_nsga2_300gen,44,4,339,6.123233995736766e-17,18.571428571428573,-0.7815155137567729,-2.5763214301893074
0,t0106_long_pdnd_nsga2_300gen,44,4,342,6.123233995736766e-17,17.142857142857142,-0.6415965972665884,-1.2496419112229153
0,t0106_long_pdnd_nsga2_300gen,44,4,344,6.123233995736766e-17,16.42857142857143,-4.727723515350249,-0.9632721961889871
0,t0106_long_pdnd_nsga2_300gen,44,4,345,6.123233995736766e-17,16.42857142857143,-1.8763774976779275,-2.0717089872944583
0,t0106_long_pdnd_nsga2_300gen,44,4,347,6.123233995736766e-17,15.714285714285715,-3.0728493110039152,-0.8794207448349424
0,t0106_long_pdnd_nsga2_300gen,44,4,348,6.123233995736766e-17,15.714285714285715,-4.452357429987127,-0.3313286246325365
0,t0106_long_pdnd_nsga2_300gen,44,4,350,6.123233995736766e-17,15.000000000000002,-2.687704746523341,-0.6065455927103819
0,t0106_long_pdnd_nsga2_300gen,44,4,351,6.123233995736766e-17,15.000000000000002,-2.784184866203558,1.786014460598574
0,t0106_long_pdnd_nsga2_300gen,44,4,355,6.123233995736766e-17,14.285714285714286,-0.7849923518770204,-0.6812886912934589
0,t0106_long_pdnd_nsga2_300gen,44,4,356,6.123233995736766e-17,14.285714285714286,-2.0296125010866835,-2.0376802673593493
0,t0106_long_pdnd_nsga2_300gen,44,4,357,6.123233995736766e-17,14.285714285714286,-1.9530844028347922,-2.898636161018601
0,t0106_long_pdnd_nsga2_300gen,44,4,358,6.123233995736766e-17,14.285714285714286,-3.3990765033946744,-2.6528888326479136
0,t0106_long_pdnd_nsga2_300gen,44,4,360,6.123233995736766e-17,13.571428571428573,-2.903159111165531,-0.9067176356753291
0,t0106_long_pdnd_nsga2_300gen,44,4,361,6.123233995736766e-17,13.571428571428573,-1.286503794628338,-0.9740596096869113
0,t0106_long_pdnd_nsga2_300gen,44,4,362,6.123233995736766e-17,13.095238095238095,-1.5079378489047524,-0.9949068987704516
0,t0106_long_pdnd_nsga2_300gen,44,4,364,6.123233995736766e-17,12.857142857142858,-0.30942364158923097,-2.4498512354891555
0,t0106_long_pdnd_nsga2_300gen,44,4,365,6.123233995736766e-17,12.857142857142858,0.3081382171666525,-2.5275118867567126
0,t0106_long_pdnd_nsga2_300gen,44,4,366,6.123233995736766e-17,12.142857142857144,-4.153234145396208,0.2828834959821973
3,t0106_long_pdnd_nsga2_300gen,44,4,367,6.123233995736766e-17,12.142857142857144,-2.1956476443938633,0.18226020343172145
0,t0106_long_pdnd_nsga2_300gen,44,4,369,6.123233995736766e-17,11.428571428571429,-2.8156764045072835,-0.5364103665465284
0,t0106_long_pdnd_nsga2_300gen,44,4,370,6.123233995736766e-17,11.428571428571429,-2.2206891424992805,-0.5901853961527642
0,t0106_long_pdnd_nsga2_300gen,44,4,371,6.123233995736766e-17,10.714285714285715,-3.0481913963641523,-1.913870788945225
0,t0106_long_pdnd_nsga2_300gen,44,4,374,6.123233995736766e-17,10.0,-3.498575247525376,-2.4197418901983823
3,t0106_long_pdnd_nsga2_300gen,44,4,377,6.123233995736766e-17,9.285714285714286,-0.685387363052025,-1.011187213637494
0,t0106_long_pdnd_nsga2_300gen,44,4,378,6.123233995736766e-17,9.285714285714286,-3.6323116367974,-1.8907533808304569
0,t0106_long_pdnd_nsga2_300gen,44,4,379,6.123233995736766e-17,9.285714285714286,-3.449861047195435,1.7669785716671664
3,t0106_long_pdnd_nsga2_300gen,44,4,380,6.123233995736766e-17,9.285714285714286,-1.376135225882132,-1.156311547073526
0,t0106_long_pdnd_nsga2_300gen,44,4,382,6.123233995736766e-17,8.571428571428571,-3.568060737243914,-2.4676457931870366
1,t0106_long_pdnd_nsga2_300gen,44,5,391,0.007874015748031468,30.476190476190478,-3.2802148792374473,2.347662993544288
0,t0106_long_pdnd_nsga2_300gen,44,5,392,0.0072992700729926745,32.85714285714286,-0.41348612665226925,0.42929541124926385
0,t0106_long_pdnd_nsga2_300gen,44,5,395,0.013824884792626729,25.476190476190474,-1.7718291901845924,0.48705532344737257
0,t0106_long_pdnd_nsga2_300gen,44,5,396,0.026315789473684185,18.571428571428573,-2.5018773265617247,1.0672748972526618
0,t0106_long_pdnd_nsga2_300gen,44,5,398,6.123233995736766e-17,35.714285714285715,-1.9309701623887807,0.8999108565712108
0,t0106_long_pdnd_nsga2_300gen,44,5,402,0.009900990099009865,23.809523809523814,-1.3500720466032938,0.8316481984199493
0,t0106_long_pdnd_nsga2_300gen,44,5,405,6.123233995736766e-17,31.42857142857143,-0.409832478451992,0.2952485266771953
0,t0106_long_pdnd_nsga2_300gen,44,5,411,0.0072992700729926745,16.190476190476193,-2.718678682159351,0.3689563060021125
0,t0106_long_pdnd_nsga2_300gen,44,5,412,0.007092198581560334,16.904761904761905,-1.426131898372934,0.544787204492997
0,t0106_long_pdnd_nsga2_300gen,44,5,413,0.0063694267515923345,18.80952380952381,-2.9713365535892824,0.38305105656742744
0,t0106_long_pdnd_nsga2_300gen,44,5,414,0.011764705882352962,10.238095238095239,-1.7579498700592813,0.9229057739834687
0,t0106_long_pdnd_nsga2_300gen,44,5,415,0.018867924528301924,6.190476190476191,-2.0077854797763597,0.723966040408904
0,t0106_long_pdnd_nsga2_300gen,44,5,416,6.123233995736766e-17,30.714285714285715,-2.533653644694939,1.0864371917504196
0,t0106_long_pdnd_nsga2_300gen,44,5,417,6.123233995736766e-17,30.714285714285715,-2.1186292571793324,0.6383492808882386
1,t0106_long_pdnd_nsga2_300gen,44,5,421,6.123233995736766e-17,28.571428571428573,-3.9696858898509846,3.9268243578421984
0,t0106_long_pdnd_nsga2_300gen,44,5,422,6.123233995736766e-17,28.571428571428573,-0.5666140969418124,-0.4011073948327094
0,t0106_long_pdnd_nsga2_300gen,44,5,424,6.123233995736766e-17,27.857142857142858,-1.9767126778707464,0.42301957239093485
0,t0106_long_pdnd_nsga2_300gen,44,5,425,6.123233995736766e-17,27.857142857142858,-0.42917642091591796,-1.8328217452245643
0,t0106_long_pdnd_nsga2_300gen,44,5,428,6.123233995736766e-17,27.142857142857146,-1.2818176141844153,-1.1133939902713437
0,t0106_long_pdnd_nsga2_300gen,44,5,432,6.123233995736766e-17,26.42857142857143,-1.45096298296123,-0.6664450072695408
0,t0106_long_pdnd_nsga2_300gen,44,5,434,6.123233995736766e-17,25.714285714285715,-0.004109349113167731,-0.5308547974305063
0,t0106_long_pdnd_nsga2_300gen,44,5,435,6.123233995736766e-17,25.714285714285715,-0.9040734774989542,0.1386007522952133
0,t0106_long_pdnd_nsga2_300gen,44,5,436,6.123233995736766e-17,25.714285714285715,-1.228547631052375,-0.5210792250650158
0,t0106_long_pdnd_nsga2_300gen,44,5,438,6.123233995736766e-17,25.0,-1.7756269331517776,0.28067337040349954
1,t0106_long_pdnd_nsga2_300gen,44,5,439,6.123233995736766e-17,25.0,-1.9401917786643892,0.7889057920086573
0,t0106_long_pdnd_nsga2_300gen,44,5,441,6.123233995736766e-17,24.28571428571429,-2.9048652996761692,1.1241157870706395
0,t0106_long_pdnd_nsga2_300gen,44,5,442,6.123233995736766e-17,24.28571428571429,-1.4447160040490021,-0.15375615521800556
0,t0106_long_pdnd_nsga2_300gen,44,5,443,6.123233995736766e-17,24.28571428571429,-1.473543360743617,-0.6972165677071235
0,t0106_long_pdnd_nsga2_300gen,44,5,444,6.123233995736766e-17,24.28571428571429,-2.168451729072212,0.37644505430347447
0,t0106_long_pdnd_nsga2_300gen,44,5,446,6.123233995736766e-17,23.571428571428573,-0.047503706702409075,-0.8078128123363025
0,t0106_long_pdnd_nsga2_300gen,44,5,447,6.123233995736766e-17,23.571428571428573,-1.3620363422550488,-1.366212864018005
0,t0106_long_pdnd_nsga2_300gen,44,5,448,6.123233995736766e-17,23.571428571428573,-2.6156543949433035,0.4977801280345919
0,t0106_long_pdnd_nsga2_300gen,44,5,450,6.123233995736766e-17,22.857142857142858,-4.893460669003728,-0.48014468343825933
0,t0106_long_pdnd_nsga2_300gen,44,5,451,6.123233995736766e-17,22.857142857142858,-2.27275747428385,-0.742176686450054
0,t0106_long_pdnd_nsga2_300gen,44,5,452,6.123233995736766e-17,22.857142857142858,-0.8359681118891542,-3.4577504529478853
0,t0106_long_pdnd_nsga2_300gen,44,5,453,6.123233995736766e-17,22.857142857142858,-0.5998951348846141,-0.9149626583311798
0,t0106_long_pdnd_nsga2_300gen,44,5,454,6.123233995736766e-17,22.857142857142858,-2.1181499025319233,0.1708636237503269
0,t0106_long_pdnd_nsga2_300gen,44,5,463,6.123233995736766e-17,21.42857142857143,-1.0068592165412997,-0.09306604870963095
0,t0106_long_pdnd_nsga2_300gen,44,5,464,6.123233995736766e-17,21.42857142857143,-1.5089821890394497,-0.7780941384971309
0,t0106_long_pdnd_nsga2_300gen,44,5,465,6.123233995736766e-17,21.42857142857143,-0.987489335908314,-0.3727759077797774
0,t0106_long_pdnd_nsga2_300gen,44,5,469,6.123233995736766e-17,20.714285714285715,-1.1115572503034297,-0.40445367263615273
0,t0106_long_pdnd_nsga2_300gen,44,5,470,6.123233995736766e-17,20.714285714285715,-2.8180061831272125,1.2760212748150834
0,t0106_long_pdnd_nsga2_300gen,44,5,471,6.123233995736766e-17,20.0,-2.1840476005063234,-2.888278323436154
0,t0106_long_pdnd_nsga2_300gen,44,5,472,6.123233995736766e-17,20.0,-3.1965131845187824,1.347546295744412
0,t0106_long_pdnd_nsga2_300gen,44,5,477,6.123233995736766e-17,19.28571428571429,-2.7750013008699814,-0.9901970726472669
0,t0106_long_pdnd_nsga2_300gen,44,5,478,6.123233995736766e-17,19.28571428571429,-0.05169518878756112,-2.4626130689044903
0,t0106_long_pdnd_nsga2_300gen,44,5,479,6.123233995736766e-17,19.28571428571429,-1.8707564063497917,-1.6076754859582092
1,t0106_long_pdnd_nsga2_300gen,44,6,482,0.23353293413173656,15.238095238095239,-4.406142761613198,4.0933240396637025
1,t0106_long_pdnd_nsga2_300gen,44,6,483,0.07853403141361262,24.523809523809526,-3.763132518068077,2.632927081961168
0,t0106_long_pdnd_nsga2_300gen,44,6,486,0.011764705882352941,30.714285714285715,-0.9942662381663248,-0.4350219106856708
0,t0106_long_pdnd_nsga2_300gen,44,6,488,0.012987012987012988,27.857142857142858,-2.1811378916663773,1.350060557414095
0,t0106_long_pdnd_nsga2_300gen,44,6,491,0.10526315789473681,10.0,-2.899650900895838,-0.899320067742446
1,t0106_long_pdnd_nsga2_300gen,44,6,493,0.034090909090909095,21.666666666666668,-2.4286533014188683,1.9476641000887243
0,t0106_long_pdnd_nsga2_300gen,44,6,494,0.01904761904761898,24.523809523809526,-1.1142675562414721,-1.1143090275540342
0,t0106_long_pdnd_nsga2_300gen,44,6,495,6.123233995736766e-17,38.57142857142858,-1.326432359707344,-1.2481047839587516
0,t0106_long_pdnd_nsga2_300gen,44,6,497,0.00806451612903223,29.28571428571429,-1.0714984721802054,-1.6980881258367286
0,t0106_long_pdnd_nsga2_300gen,44,6,498,0.009433962264150912,25.476190476190474,-1.0956034186191623,-1.7318393011031423
0,t0106_long_pdnd_nsga2_300gen,44,6,499,0.1176470588235294,3.5714285714285716,-1.7156306448149286,0.1782677867694246
0,t0106_long_pdnd_nsga2_300gen,44,6,501,0.08571428571428572,7.6190476190476195,-1.8670682226980548,0.40567987984155096
0,t0106_long_pdnd_nsga2_300gen,44,6,505,0.017964071856287425,20.238095238095237,-1.2394823090095117,0.018050025694041984
1,t0106_long_pdnd_nsga2_300gen,44,6,506,6.123233995736766e-17,36.19047619047619,-2.6587260469085554,2.305222219449397
0,t0106_long_pdnd_nsga2_300gen,44,6,507,0.004608294930875608,25.952380952380956,-1.194367148759049,-0.5394972342736148
0,t0106_long_pdnd_nsga2_300gen,44,6,509,0.0047846889952153455,24.761904761904763,-2.782372568545728,0.7695846576540217
0,t0106_long_pdnd_nsga2_300gen,44,6,514,0.013698630136986325,17.142857142857142,-2.441330582963764,1.6832032973371214
0,t0106_long_pdnd_nsga2_300gen,44,6,527,6.123233995736766e-17,34.285714285714285,-1.0757807955942493,0.3383224963273932
0,t0106_long_pdnd_nsga2_300gen,44,6,533,6.123233995736766e-17,30.714285714285715,-1.0157496464413573,-0.3742241078026274
0,t0106_long_pdnd_nsga2_300gen,44,6,534,6.123233995736766e-17,30.000000000000004,-1.118593395409047,-0.2879065972458487
0,t0106_long_pdnd_nsga2_300gen,44,6,539,6.123233995736766e-17,28.571428571428573,-0.5234531657596829,-2.554354614472267
0,t0106_long_pdnd_nsga2_300gen,44,6,543,6.123233995736766e-17,27.857142857142858,-1.3144430520280488,0.4541511550688483
0,t0106_long_pdnd_nsga2_300gen,44,6,544,6.123233995736766e-17,27.857142857142858,-2.154522468205088,0.08827042556454545
0,t0106_long_pdnd_nsga2_300gen,44,6,548,6.123233995736766e-17,27.142857142857146,-0.5003360027232768,-1.2055908390083245
1,t0106_long_pdnd_nsga2_300gen,44,6,553,6.123233995736766e-17,26.42857142857143,-1.8336058188184667,0.9360366409921232
0,t0106_long_pdnd_nsga2_300gen,44,6,554,6.123233995736766e-17,26.42857142857143,-2.8414936898863945,1.291026761121847
0,t0106_long_pdnd_nsga2_300gen,44,6,555,6.123233995736766e-17,26.42857142857143,-2.328273068580968,-2.489242977207982
0,t0106_long_pdnd_nsga2_300gen,44,6,556,6.123233995736766e-17,26.42857142857143,-1.1597483953961398,-1.6277139129693434
1,t0106_long_pdnd_nsga2_300gen,44,6,561,6.123233995736766e-17,25.714285714285715,-2.194077128672537,1.7411636602270009
0,t0106_long_pdnd_nsga2_300gen,44,6,562,6.123233995736766e-17,25.714285714285715,-1.4625672856230354,-0.29370701520267545
0,t0106_long_pdnd_nsga2_300gen,44,6,563,6.123233995736766e-17,25.714285714285715,0.1762501766032973,-0.36748721138451285
0,t0106_long_pdnd_nsga2_300gen,44,6,564,6.123233995736766e-17,25.714285714285715,-1.6404366764071217,0.33423104341651705
0,t0106_long_pdnd_nsga2_300gen,44,6,568,6.123233995736766e-17,25.0,-1.2680748185404118,-1.2788128664338902
1,t0106_long_pdnd_nsga2_300gen,44,6,569,6.123233995736766e-17,25.0,-2.721595507530914,2.0085123114132
0,t0106_long_pdnd_nsga2_300gen,44,6,570,6.123233995736766e-17,25.0,-1.6751401862255728,-1.106004072072938
0,t0106_long_pdnd_nsga2_300gen,44,6,571,6.123233995736766e-17,24.28571428571429,-1.6311027584836186,-0.9391659661537459
0,t0106_long_pdnd_nsga2_300gen,44,6,573,6.123233995736766e-17,24.28571428571429,-1.9357997502885933,2.3156295182087967
0,t0106_long_pdnd_nsga2_300gen,44,6,575,6.123233995736766e-17,24.28571428571429,-1.0834851836762838,-0.5781965843168538
0,t0106_long_pdnd_nsga2_300gen,44,7,580,0.323943661971831,11.190476190476192,-2.9857103862535217,-2.314064679939757
0,t0106_long_pdnd_nsga2_300gen,44,7,581,6.123233995736766e-17,43.57142857142858,-0.6453041091020534,1.2495460752936527
0,t0106_long_pdnd_nsga2_300gen,44,7,583,0.003215434083601309,36.904761904761905,-2.1858906638243196,-0.4784393799588393
0,t0106_long_pdnd_nsga2_300gen,44,7,584,0.010752688172043012,33.57142857142858,-0.5506587039738723,0.5237225641230732
1,t0106_long_pdnd_nsga2_300gen,44,7,590,0.026455026455026474,21.90476190476191,-3.6857368329572844,3.2090494583580194
0,t0106_long_pdnd_nsga2_300gen,44,7,592,0.1612903225806452,8.571428571428571,-2.79362726648466,1.6990355750321935
0,t0106_long_pdnd_nsga2_300gen,44,7,593,6.123233995736766e-17,42.142857142857146,-1.3043495373547866,0.5838559988761641
0,t0106_long_pdnd_nsga2_300gen,44,7,598,0.00934579439252333,25.714285714285715,-1.0543494793425627,0.8462528371035893
0,t0106_long_pdnd_nsga2_300gen,44,7,603,0.011363636363636383,21.190476190476193,-0.31016641768695263,-0.4748886223519266
0,t0106_long_pdnd_nsga2_300gen,44,7,604,0.06493506493506492,9.761904761904763,-1.840293453994135,-2.3585407996473897
1,t0106_long_pdnd_nsga2_300gen,44,7,608,0.0037174721189591345,32.142857142857146,-3.436539466181247,2.2545654567780313
1,t0106_long_pdnd_nsga2_300gen,44,7,610,0.004219409282700362,28.0952380952381,-3.267975745715063,4.867236981427899
0,t0106_long_pdnd_nsga2_300gen,44,7,613,0.024390243902439025,15.000000000000002,-1.7374629307043665,-1.1015752184608063
0,t0106_long_pdnd_nsga2_300gen,44,7,614,0.023255813953488372,15.714285714285715,-2.305051700199929,0.9839889167744357
0,t0106_long_pdnd_nsga2_300gen,44,7,615,0.0196078431372549,18.571428571428573,-1.386677782637139,-1.300231582297793
1,t0106_long_pdnd_nsga2_300gen,44,7,618,0.00584795321637431,20.476190476190478,-3.68229298667861,2.799186396689711
0,t0106_long_pdnd_nsga2_300gen,44,7,621,0.027027027027027004,8.571428571428571,-1.6031124298474329,1.3163978688063764
1,t0106_long_pdnd_nsga2_300gen,44,7,623,6.123233995736766e-17,40.0,-1.7211979437095561,2.6903409736173884
0,t0106_long_pdnd_nsga2_300gen,44,7,626,0.013513513513513539,17.857142857142858,-2.097283817065507,0.022453868590143186
3,t0106_long_pdnd_nsga2_300gen,44,7,628,0.07142857142857147,6.190476190476191,-3.012116673935798,1.2707900941991743
0,t0106_long_pdnd_nsga2_300gen,44,7,638,0.00934579439252333,12.857142857142858,-2.604654485131438,1.166887088208637
0,t0106_long_pdnd_nsga2_300gen,44,7,639,0.00799999999999997,14.761904761904765,-2.288042269672539,-1.7904913837566494
0,t0106_long_pdnd_nsga2_300gen,44,7,640,0.00671140939597313,17.61904761904762,-3.651567985965873,-0.5070430898195856
0,t0106_long_pdnd_nsga2_300gen,44,7,642,6.123233995736766e-17,37.142857142857146,-1.0444407097160466,1.3153985011324434
0,t0106_long_pdnd_nsga2_300gen,44,7,643,6.123233995736766e-17,37.142857142857146,-0.7844108432949767,-1.707916093822909
0,t0106_long_pdnd_nsga2_300gen,44,7,645,0.011764705882352962,10.0,-2.1293808096465265,0.26021085517397646
0,t0106_long_pdnd_nsga2_300gen,44,7,648,0.050000000000000024,4.523809523809524,-1.4190205122533788,0.1985850100998099
0,t0106_long_pdnd_nsga2_300gen,44,7,649,0.047619047619047575,4.761904761904763,-2.6227556320387984,-2.504497320485174
0,t0106_long_pdnd_nsga2_300gen,44,7,653,6.123233995736766e-17,35.714285714285715,-2.257698675820696,-1.784892823630934
0,t0106_long_pdnd_nsga2_300gen,44,7,655,6.123233995736766e-17,34.285714285714285,-0.5680819039503332,-0.25925514865045424
1,t0106_long_pdnd_nsga2_300gen,44,7,656,6.123233995736766e-17,32.85714285714286,-3.6048561507129406,2.7228025570669074
0,t0106_long_pdnd_nsga2_300gen,44,7,657,6.123233995736766e-17,32.142857142857146,-2.0438354901356752,0.8016949349591247
0,t0106_long_pdnd_nsga2_300gen,44,7,658,6.123233995736766e-17,32.142857142857146,-0.9259366717183394,-0.32338004294762207
0,t0106_long_pdnd_nsga2_300gen,44,7,660,6.123233995736766e-17,31.42857142857143,-2.208317523695694,1.216717451872605
0,t0106_long_pdnd_nsga2_300gen,44,7,661,6.123233995736766e-17,31.42857142857143,-1.1604665105298295,0.47883063330404035
0,t0106_long_pdnd_nsga2_300gen,44,7,662,6.123233995736766e-17,31.42857142857143,-1.8987720025888717,1.5144628013600558
0,t0106_long_pdnd_nsga2_300gen,44,7,666,6.123233995736766e-17,30.714285714285715,-0.6287934054763143,-1.6134957957977452
0,t0106_long_pdnd_nsga2_300gen,44,7,668,6.123233995736766e-17,30.000000000000004,-2.0059594155042846,-0.7064778519094675
1,t0106_long_pdnd_nsga2_300gen,44,7,669,6.123233995736766e-17,30.000000000000004,-4.294134559378145,3.7932679635983195
0,t0106_long_pdnd_nsga2_300gen,44,8,675,0.046070460704607026,41.904761904761905,-1.8040582655685846,1.5193909255760902
0,t0106_long_pdnd_nsga2_300gen,44,8,676,6.123233995736766e-17,48.57142857142858,-0.8583634814419473,-0.24774197409217977
0,t0106_long_pdnd_nsga2_300gen,44,8,685,0.006249999999999979,38.333333333333336,-1.6911690836372888,-0.9305021047301725
0,t0106_long_pdnd_nsga2_300gen,44,8,686,0.014184397163120517,34.04761904761905,-0.6360535595606955,0.7284927500551047
1,t0106_long_pdnd_nsga2_300gen,44,8,691,0.014354066985645932,25.23809523809524,-2.754099993627811,2.885291973598327
0,t0106_long_pdnd_nsga2_300gen,44,8,692,0.02000000000000004,24.28571428571429,-0.7221021416225433,0.24936788268999574
0,t0106_long_pdnd_nsga2_300gen,44,8,693,0.014492753623188406,25.0,-2.0319221094075792,1.1203767048088642
0,t0106_long_pdnd_nsga2_300gen,44,8,695,0.05882352941176468,9.523809523809526,-0.2868222225297514,0.6459697403273571
0,t0106_long_pdnd_nsga2_300gen,44,8,704,0.027932960893854768,20.714285714285715,-0.4593944173899386,-1.9676004175873734
0,t0106_long_pdnd_nsga2_300gen,44,8,715,0.011494252873563178,20.952380952380953,-2.847636742072723,0.490221844670213
0,t0106_long_pdnd_nsga2_300gen,44,8,718,0.025316455696202507,19.28571428571429,-1.4036320794717994,0.18612020138258764
0,t0106_long_pdnd_nsga2_300gen,44,8,719,0.027027027027027004,9.047619047619047,-2.038044406915229,0.8965579688607662
0,t0106_long_pdnd_nsga2_300gen,44,8,721,6.123233995736766e-17,40.0,-1.3278086729953729,-0.1348399069215482
0,t0106_long_pdnd_nsga2_300gen,44,8,722,6.123233995736766e-17,40.0,-0.5821666030426529,1.2422780308908201
0,t0106_long_pdnd_nsga2_300gen,44,8,726,0.004219409282700362,28.333333333333332,-0.8489728203346771,2.101062699567332
1,t0106_long_pdnd_nsga2_300gen,44,8,729,0.004739336492891029,25.0,-4.405258270732238,2.7113411443386526
0,t0106_long_pdnd_nsga2_300gen,44,8,740,0.055555555555555504,4.523809523809524,-1.6850451061113905,0.0059116809317609825
0,t0106_long_pdnd_nsga2_300gen,44,8,746,0.006451612903225783,18.571428571428573,-3.047236097346945,1.0943145357288868
0,t0106_long_pdnd_nsga2_300gen,44,8,749,6.123233995736766e-17,37.142857142857146,-1.3904961022145534,0.08647761238057618
1,t0106_long_pdnd_nsga2_300gen,44,9,772,0.013215859030837003,54.761904761904766,-0.8711386898865731,2.1517109727901054
0,t0106_long_pdnd_nsga2_300gen,44,9,773,0.15328467153284672,13.80952380952381,-1.1947730316216905,-0.8615721561596439
0,t0106_long_pdnd_nsga2_300gen,44,9,777,0.033962264150943396,30.476190476190478,-2.056922146408789,2.1743499070124086
0,t0106_long_pdnd_nsga2_300gen,44,9,780,0.049180327868852465,13.80952380952381,-3.342382761093087,-0.21439556075742605
3,t0106_long_pdnd_nsga2_300gen,44,9,783,0.15384615384615388,5.238095238095238,-2.621359381508187,1.066393010437028
0,t0106_long_pdnd_nsga2_300gen,44,9,785,0.009174311926605505,39.285714285714285,-1.6222011011668047,-0.5052448243535774
1,t0106_long_pdnd_nsga2_300gen,44,9,787,0.03286384976525815,26.19047619047619,-2.3597327718070984,2.6554447582686045
1,t0106_long_pdnd_nsga2_300gen,44,9,788,0.031999999999999966,28.809523809523814,-3.910461597149221,3.4347474241662477
0,t0106_long_pdnd_nsga2_300gen,44,9,789,6.123233995736766e-17,45.714285714285715,-2.0288579400957203,1.9645701494411774
0,t0106_long_pdnd_nsga2_300gen,44,9,792,0.13513513513513517,3.8095238095238098,-1.6562761128797945,-0.5342432105863972
0,t0106_long_pdnd_nsga2_300gen,44,9,806,0.012552301255230125,28.809523809523814,-0.45723848629748565,-0.2128015925592573
0,t0106_long_pdnd_nsga2_300gen,44,9,814,0.007462686567164152,32.142857142857146,-1.285334800137875,-0.49395711628806993
0,t0106_long_pdnd_nsga2_300gen,44,9,815,0.007936507936507993,29.761904761904763,-0.9298520808516603,0.9506065730738513
0,t0106_long_pdnd_nsga2_300gen,44,9,817,0.0035087719298245116,34.04761904761905,-1.7460394575200902,0.5041396459383426
0,t0106_long_pdnd_nsga2_300gen,44,9,821,0.017543859649122806,20.714285714285715,-1.8020558273384404,0.7043097183488134
0,t0106_long_pdnd_nsga2_300gen,44,9,822,0.017543859649122806,20.714285714285715,-1.2672652804901738,-1.6447267377731851
0,t0106_long_pdnd_nsga2_300gen,44,9,830,0.047619047619047616,7.857142857142858,-2.5366964588421843,-0.3381358932091921
0,t0106_long_pdnd_nsga2_300gen,44,9,832,0.007194244604316522,32.85714285714286,-2.0631972949151285,1.595969306632903
0,t0106_long_pdnd_nsga2_300gen,44,9,851,0.004524886877828087,26.42857142857143,-0.5469447339611873,0.3036811285617966
0,t0106_long_pdnd_nsga2_300gen,44,9,852,0.005235602094240819,22.61904761904762,-1.450210594357978,-0.1927472333580927
0,t0106_long_pdnd_nsga2_300gen,44,9,856,0.01298701298701301,18.095238095238095,-1.7830849408185252,0.7249771106321944
1,t0106_long_pdnd_nsga2_300gen,44,9,863,6.123233995736766e-17,39.285714285714285,-2.797873522507571,3.094770307648084
1,t0106_long_pdnd_nsga2_300gen,44,10,869,6.123233995736766e-17,69.28571428571429,0.19838740691866827,3.754333529117364
0,t0106_long_pdnd_nsga2_300gen,44,10,870,0.007092198581560334,66.66666666666667,0.1996796597349117,1.2414268198319194
0,t0106_long_pdnd_nsga2_300gen,44,10,872,0.056603773584905655,23.809523809523814,-1.2460092250478876,-0.9281071345392301
3,t0106_long_pdnd_nsga2_300gen,44,10,874,0.17647058823529413,5.0,-2.88947799302651,1.503273772339291
1,t0106_long_pdnd_nsga2_300gen,44,10,878,6.123233995736766e-17,57.142857142857146,-0.48161030827338075,1.7584952483224703
1,t0106_long_pdnd_nsga2_300gen,44,10,879,0.0048309178743960665,49.523809523809526,-2.9387721975995964,1.8184249941196247
0,t0106_long_pdnd_nsga2_300gen,44,10,880,0.12195121951219513,10.952380952380954,-2.780377012970703,0.3067472938937127
0,t0106_long_pdnd_nsga2_300gen,44,10,882,0.04,18.571428571428573,-2.1065799682104696,0.26383555818901916
3,t0106_long_pdnd_nsga2_300gen,44,10,885,0.13207547169811318,5.476190476190477,-2.9387023422511085,1.0043062776806253
1,t0106_long_pdnd_nsga2_300gen,44,10,891,6.123233995736766e-17,50.714285714285715,-0.5681538036869924,2.926691412437514
1,t0106_long_pdnd_nsga2_300gen,44,10,902,0.02702702702702703,27.142857142857146,-2.9681764657205374,1.9805587974177834
0,t0106_long_pdnd_nsga2_300gen,44,10,914,0.003322259136212648,35.952380952380956,-1.8889149566301355,-0.7198339228347592
0,t0106_long_pdnd_nsga2_300gen,44,10,915,0.0035587188612099903,33.333333333333336,-2.19871471761837,1.9108919249595184
0,t0106_long_pdnd_nsga2_300gen,44,10,924,6.123233995736766e-17,46.42857142857143,-1.7743009918345094,1.3852469152393592
0,t0106_long_pdnd_nsga2_300gen,44,10,933,0.01818181818181818,20.0,-2.180343163524407,0.23784921164389214
0,t0106_long_pdnd_nsga2_300gen,44,10,934,0.014925373134328358,24.28571428571429,-1.6469717228725362,1.9475547081429223
0,t0106_long_pdnd_nsga2_300gen,44,10,936,0.00961538461538458,25.0,-2.0993454416133304,1.435577828790397
0,t0106_long_pdnd_nsga2_300gen,44,10,940,0.05263157894736842,7.142857142857143,-0.8878845809374188,-0.16764460563812772
0,t0106_long_pdnd_nsga2_300gen,44,10,949,0.024390243902439025,15.000000000000002,-1.6852654755830292,-1.0053190711803772
0,t0106_long_pdnd_nsga2_300gen,44,10,954,0.011627906976744208,20.714285714285715,-1.8507699663615929,1.7899400844661362
0,t0106_long_pdnd_nsga2_300gen,44,10,955,0.010989010989011007,21.90476190476191,-3.1909824959715727,0.15789197967323762
0,t0106_long_pdnd_nsga2_300gen,44,10,956,0.009900990099009865,24.28571428571429,-2.481877722233657,1.3371256750824154
0,t0106_long_pdnd_nsga2_300gen,44,10,959,6.123233995736766e-17,45.0,-1.122721003141376,0.8398332471999079
0,t0106_long_pdnd_nsga2_300gen,44,11,965,0.14893617021276592,25.714285714285715,-0.9600405077604377,-0.5195604265379611
1,t0106_long_pdnd_nsga2_300gen,44,11,966,0.034334763948497826,57.38095238095238,-0.8626601952566395,3.817962220948309
1,t0106_long_pdnd_nsga2_300gen,44,11,971,6.123233995736766e-17,62.142857142857146,-1.7382575612444844,2.5775178456492256
0,t0106_long_pdnd_nsga2_300gen,44,11,976,0.027237354085603144,31.42857142857143,-1.9036785599096055,2.42024715227173
0,t0106_long_pdnd_nsga2_300gen,44,11,981,0.03478260869565215,28.333333333333332,-1.511432015228131,0.8612544198846689
0,t0106_long_pdnd_nsga2_300gen,44,11,982,6.123233995736766e-17,59.28571428571429,-2.0733189417155233,1.0030441639652798
3,t0106_long_pdnd_nsga2_300gen,44,11,984,0.06666666666666674,11.666666666666666,-2.5673323193655695,1.5555156256270282
0,t0106_long_pdnd_nsga2_300gen,44,11,986,0.0079155672823219,44.761904761904766,-1.0214281891612353,2.2545126576876817
0,t0106_long_pdnd_nsga2_300gen,44,11,987,0.008695652173913044,41.42857142857143,-1.9491201251055246,1.7483465436770904
0,t0106_long_pdnd_nsga2_300gen,44,11,990,0.009345794392523364,37.85714285714286,-2.7058809427245754,2.247544698789497
0,t0106_long_pdnd_nsga2_300gen,44,11,994,0.08333333333333331,10.476190476190476,-1.4566515120716061,0.7840960867819422
1,t0106_long_pdnd_nsga2_300gen,44,11,1001,0.002481389578163737,48.095238095238095,-1.7729015784533135,1.9122118279312874
0,t0106_long_pdnd_nsga2_300gen,44,11,1004,0.011494252873563218,31.42857142857143,-2.5316845512100805,0.6830618067446568
0,t0106_long_pdnd_nsga2_300gen,44,11,1006,0.003039513677811572,39.04761904761905,-0.2499791002075099,1.1220557782169935
1,t0106_long_pdnd_nsga2_300gen,44,11,1013,6.123233995736766e-17,52.142857142857146,0.9801520393692373,2.5004155791884366
0,t0106_long_pdnd_nsga2_300gen,44,11,1015,0.02732240437158466,21.190476190476193,-2.8160312737571846,-0.2117116307676671
0,t0106_long_pdnd_nsga2_300gen,44,11,1016,0.031055900621118033,19.761904761904763,-0.9885515329434292,0.8887639609141528
0,t0106_long_pdnd_nsga2_300gen,44,11,1019,0.007462686567164152,32.142857142857146,-1.8764765836080772,-0.29519175804627557
0,t0106_long_pdnd_nsga2_300gen,44,11,1033,0.014084507042253521,25.714285714285715,-2.8597600262660086,0.018234532374256648
1,t0106_long_pdnd_nsga2_300gen,44,11,1034,0.014354066985645932,25.23809523809524,-4.504480602704406,3.2188107894999347
1,t0106_long_pdnd_nsga2_300gen,44,11,1037,6.123233995736766e-17,51.42857142857143,0.6502987338829053,1.904933393241028
0,t0106_long_pdnd_nsga2_300gen,44,11,1038,0.030303030303030304,12.142857142857144,-2.071616134591988,0.06244644091695166
0,t0106_long_pdnd_nsga2_300gen,44,11,1040,0.0034843205574913143,34.04761904761905,-1.1004117412975778,1.6261258157672391
0,t0106_long_pdnd_nsga2_300gen,44,11,1048,0.0160427807486631,21.90476190476191,-0.5869459037050261,0.6167980193824077
1,t0106_long_pdnd_nsga2_300gen,44,12,1063,0.7419354838709677,6.428571428571429,-4.70649142678065,3.232158893117897
1,t0106_long_pdnd_nsga2_300gen,44,12,1064,0.11898734177215192,41.42857142857143,-4.117518213806568,4.708477928732801
0,t0106_long_pdnd_nsga2_300gen,44,12,1067,0.28888888888888886,6.904761904761905,-2.673320269163442,-1.6988006076855628
1,t0106_long_pdnd_nsga2_300gen,44,12,1068,0.2,7.142857142857143,-2.7105966302831552,2.129884510501462
3,t0106_long_pdnd_nsga2_300gen,44,12,1075,0.08016877637130795,25.952380952380956,-1.473183762152463,1.8579841773780834
0,t0106_long_pdnd_nsga2_300gen,44,12,1076,0.06276150627615062,26.66666666666667,-2.148341483964518,0.0048950851855096384
3,t0106_long_pdnd_nsga2_300gen,44,12,1078,0.276595744680851,4.047619047619048,-2.599792544323358,1.2583435264354301
3,t0106_long_pdnd_nsga2_300gen,44,12,1079,0.25,4.285714285714286,-2.9106845481482524,1.3096295104399713
1,t0106_long_pdnd_nsga2_300gen,44,12,1084,6.123233995736766e-17,60.00000000000001,-1.0957465282541947,4.026408277501429
0,t0106_long_pdnd_nsga2_300gen,44,12,1088,0.0044052863436123664,53.80952380952381,-1.5568518489580363,1.8653541072727962
0,t0106_long_pdnd_nsga2_300gen,44,12,1092,0.009404388714733543,38.333333333333336,-1.0086050028330393,0.8267590975351075
0,t0106_long_pdnd_nsga2_300gen,44,12,1093,0.013245033112582806,36.42857142857143,-0.2405092460842268,1.2041423974249492
1,t0106_long_pdnd_nsga2_300gen,44,12,1101,0.004807692307692341,49.28571428571429,-1.667607716695197,3.3962152040533167
1,t0106_long_pdnd_nsga2_300gen,44,12,1102,0.005376344086021544,44.523809523809526,-2.105696432328165,2.0869336609225573
0,t0106_long_pdnd_nsga2_300gen,44,12,1109,0.010033444816053512,35.952380952380956,-1.2511895563818305,1.2743982144197779
0,t0106_long_pdnd_nsga2_300gen,44,12,1113,0.012658227848101266,28.571428571428573,-1.7355157684788887,1.8902121722184941
0,t0106_long_pdnd_nsga2_300gen,44,12,1116,0.058823529411764705,17.142857142857142,-2.6020528633860462,-0.34951134924910887
0,t0106_long_pdnd_nsga2_300gen,44,12,1118,0.1,6.428571428571429,-2.8535246592576313,-0.6832049139052688
1,t0106_long_pdnd_nsga2_300gen,44,12,1120,6.123233995736766e-17,57.85714285714286,1.0530380044195748,2.750490771766586
1,t0106_long_pdnd_nsga2_300gen,44,12,1124,0.0031545741324921365,37.85714285714286,-0.3881262324154473,2.487072394552465
1,t0106_long_pdnd_nsga2_300gen,44,12,1132,0.0068965517241379075,34.76190476190476,-3.198376132607466,1.9910937420803596
0,t0106_long_pdnd_nsga2_300gen,44,12,1133,0.007194244604316522,33.333333333333336,-2.4422925040269483,1.2389051006773744
0,t0106_long_pdnd_nsga2_300gen,44,12,1146,0.07692307692307693,4.285714285714286,-1.9260366553176167,-0.10857520285284752
0,t0106_long_pdnd_nsga2_300gen,44,12,1151,0.0645161290322581,6.904761904761905,-2.5708163509433914,0.7674904961503105
1,t0106_long_pdnd_nsga2_300gen,44,13,1159,0.04739336492890998,47.85714285714286,-1.016349344405253,5.2564231660066305
0,t0106_long_pdnd_nsga2_300gen,44,13,1160,0.1913357400722021,26.66666666666667,-0.5227003720492708,2.318625576135164
0,t0106_long_pdnd_nsga2_300gen,44,13,1163,6.123233995736766e-17,64.28571428571429,-0.4493724411339265,1.897188304687842
1,t0106_long_pdnd_nsga2_300gen,44,13,1177,0.011173184357541919,43.0952380952381,-2.097500039972365,2.6904220399870913
1,t0106_long_pdnd_nsga2_300gen,44,13,1178,0.010101010101010173,46.666666666666664,-2.50283032562172,3.5384425753757047
3,t0106_long_pdnd_nsga2_300gen,44,13,1183,0.12962962962962962,22.380952380952383,-1.9346198891729214,3.0887623256467496
1,t0106_long_pdnd_nsga2_300gen,44,13,1185,0.14285714285714285,7.6190476190476195,-3.21935155780894,2.6765388549061533
1,t0106_long_pdnd_nsga2_300gen,44,13,1188,6.123233995736766e-17,60.00000000000001,-0.9022708700655135,4.071496656797002
0,t0106_long_pdnd_nsga2_300gen,44,13,1193,0.015015015015015058,40.23809523809524,-2.668325626469101,2.801679781125872
0,t0106_long_pdnd_nsga2_300gen,44,13,1195,0.015384615384615413,31.42857142857143,-1.8775686361017638,2.436158943100443
0,t0106_long_pdnd_nsga2_300gen,44,13,1196,0.027027027027027053,30.000000000000004,-2.091894664425474,0.7513357043211963
1,t0106_long_pdnd_nsga2_300gen,44,13,1206,0.0024449877750610904,48.57142857142858,-1.9404288174953548,2.6465742668430132
1,t0106_long_pdnd_nsga2_300gen,44,13,1207,0.002638522427440652,45.23809523809524,-1.1426597602685575,2.0876631556162604
1,t0106_long_pdnd_nsga2_300gen,44,13,1214,0.01438848920863312,33.57142857142858,1.2059849512023193,2.548525425995199
1,t0106_long_pdnd_nsga2_300gen,44,13,1221,0.033707865168539325,21.90476190476191,-3.8827239411920633,4.325310936824347
3,t0106_long_pdnd_nsga2_300gen,44,13,1222,0.0625,10.714285714285715,-2.3113826277149516,1.2511037815267603
1,t0106_long_pdnd_nsga2_300gen,44,13,1228,0.0028490028490028084,41.904761904761905,-2.618060205459813,2.2922556288935536
1,t0106_long_pdnd_nsga2_300gen,44,13,1230,0.08108108108108107,8.095238095238097,-5.358423314763492,2.0754896846188964
0,t0106_long_pdnd_nsga2_300gen,44,13,1232,0.02732240437158466,22.380952380952383,-1.3870906041614632,0.2531876324796447
1,t0106_long_pdnd_nsga2_300gen,44,14,1256,0.8139534883720929,9.285714285714286,-3.1382393540837743,3.439622724203483
0,t0106_long_pdnd_nsga2_300gen,44,14,1259,0.0064516129032258064,55.714285714285715,-1.3168239021486403,1.760469888921034
1,t0106_long_pdnd_nsga2_300gen,44,14,1260,0.014492753623188406,50.0,-0.2556148285912657,4.192099148245879
1,t0106_long_pdnd_nsga2_300gen,44,14,1261,0.11504424778761062,35.714285714285715,-1.1462542675913576,6.179246044315164
1,t0106_long_pdnd_nsga2_300gen,44,14,1267,0.38053097345132747,8.333333333333334,-4.671500628121623,2.823526699286889
1,t0106_long_pdnd_nsga2_300gen,44,14,1269,6.123233995736766e-17,62.142857142857146,0.7638835487964015,2.9832775688490627
1,t0106_long_pdnd_nsga2_300gen,44,14,1271,0.004651162790697708,50.95238095238095,-1.1485961578971928,3.80320982882161
1,t0106_long_pdnd_nsga2_300gen,44,14,1272,0.004366812227074266,54.28571428571429,-2.4555240259946767,2.7152950389332275
0,t0106_long_pdnd_nsga2_300gen,44,14,1273,0.004651162790697708,50.95238095238095,-1.4961290734123265,1.7620669964940412
1,t0106_long_pdnd_nsga2_300gen,44,14,1279,0.052238805970149224,33.57142857142858,-2.0666297559210753,3.6196710904247547
0,t0106_long_pdnd_nsga2_300gen,44,14,1280,0.055555555555555615,31.66666666666667,-1.4568899480662307,0.5575871033367061
1,t0106_long_pdnd_nsga2_300gen,44,14,1282,0.027210884353741544,35.952380952380956,-3.852675118755866,3.765546991101669
3,t0106_long_pdnd_nsga2_300gen,44,14,1283,0.0258064516129032,37.85714285714286,-2.1193960210476406,1.117264843593103
0,t0106_long_pdnd_nsga2_300gen,44,14,1284,0.017543859649122806,41.42857142857143,-0.13927456537318564,1.9134548915519622
0,t0106_long_pdnd_nsga2_300gen,44,14,1285,0.017857142857142856,40.714285714285715,-2.695913564620577,2.8078495795524003
3,t0106_long_pdnd_nsga2_300gen,44,14,1287,0.39534883720930236,3.0952380952380953,-2.580597056593842,1.5916443246378265
0,t0106_long_pdnd_nsga2_300gen,44,14,1296,0.033707865168539325,32.85714285714286,-1.8927978147711844,1.927783312737332
0,t0106_long_pdnd_nsga2_300gen,44,14,1301,0.014836795252225497,40.714285714285715,-2.6323167821729356,2.818475813476094
0,t0106_long_pdnd_nsga2_300gen,44,14,1305,0.1929824561403509,5.476190476190477,-2.560494986963633,-2.300646974589766
1,t0106_long_pdnd_nsga2_300gen,44,14,1315,0.015037593984962435,32.142857142857146,-1.1267877302071365,4.586143952105951
0,t0106_long_pdnd_nsga2_300gen,44,14,1318,0.029535864978902895,29.047619047619047,-1.6642419270895996,0.8293747434745015
0,t0106_long_pdnd_nsga2_300gen,44,14,1332,6.123233995736766e-17,58.57142857142858,-0.6329119229378917,1.5755096640026973
1,t0106_long_pdnd_nsga2_300gen,44,14,1336,0.04093567251461992,21.190476190476193,-1.6740260081889764,3.824908736953617
1,t0106_long_pdnd_nsga2_300gen,44,15,1351,0.015306122448979593,94.76190476190476,-0.9858453639023581,6.463836280759318
1,t0106_long_pdnd_nsga2_300gen,44,15,1352,0.8421052631578947,0.7142857142857143,-3.3264856132811933,1.7687825669349055
1,t0106_long_pdnd_nsga2_300gen,44,15,1353,0.004901960784313656,97.61904761904762,-0.35507402024964935,4.797719882531096
3,t0106_long_pdnd_nsga2_300gen,44,15,1354,0.21538461538461537,18.80952380952381,-1.9319684729839641,1.6771365477953237
1,t0106_long_pdnd_nsga2_300gen,44,15,1355,0.2638036809815951,14.285714285714286,-4.156483886946794,4.688550928652653
0,t0106_long_pdnd_nsga2_300gen,44,15,1358,0.04081632653061227,44.761904761904766,-1.0463058150586826,-0.6486619220294714
1,t0106_long_pdnd_nsga2_300gen,44,15,1359,0.03703703703703702,46.666666666666664,-0.06779608379584204,4.800228413451132
1,t0106_long_pdnd_nsga2_300gen,44,15,1372,0.06306306306306313,28.0952380952381,-0.7087327094466872,3.3051079168862514
1,t0106_long_pdnd_nsga2_300gen,44,15,1381,0.2068965517241379,8.333333333333334,-2.0835122394285523,2.744837775636678
1,t0106_long_pdnd_nsga2_300gen,44,15,1385,6.123233995736766e-17,67.14285714285715,-3.765312866158646,4.154985418694867
0,t0106_long_pdnd_nsga2_300gen,44,15,1386,0.1325301204819277,11.190476190476192,-0.6526644795398708,0.7764723323566021
1,t0106_long_pdnd_nsga2_300gen,44,15,1392,0.044897959183673446,27.857142857142858,-4.097251194346553,3.5237532867961825
0,t0106_long_pdnd_nsga2_300gen,44,15,1393,0.022364217252396186,36.42857142857143,-1.1362791457112849,1.5716966575540894
1,t0106_long_pdnd_nsga2_300gen,44,15,1396,0.1275167785234899,20.0,-4.66718553349673,3.249712420418246
0,t0106_long_pdnd_nsga2_300gen,44,15,1399,0.2368421052631579,6.904761904761905,-0.4356097450559884,2.447147717298197
1,t0106_long_pdnd_nsga2_300gen,44,15,1409,0.007751937984496124,46.42857142857143,-0.3324965646586095,2.2484209855610833
1,t0106_long_pdnd_nsga2_300gen,44,15,1416,0.01672240802675583,35.0,-2.043892774336165,3.8543756569437795
1,t0106_long_pdnd_nsga2_300gen,44,15,1422,0.06796116504854366,13.095238095238095,-4.976275090997995,3.8116435362057315
1,t0106_long_pdnd_nsga2_300gen,44,15,1424,0.002288329519450768,52.142857142857146,-1.794642534485898,3.156868807149663
0,t0106_long_pdnd_nsga2_300gen,44,15,1438,0.033898305084745735,27.142857142857146,-1.1421453999371933,2.9778019609200883
1,t0106_long_pdnd_nsga2_300gen,44,16,1445,0.913978494623656,0.9523809523809524,-4.341549488306035,3.683826273804208
1,t0106_long_pdnd_nsga2_300gen,44,16,1446,0.5852534562211981,10.714285714285715,-2.15550930438391,5.071076486791966
1,t0106_long_pdnd_nsga2_300gen,44,16,1447,0.1325301204819277,89.52380952380953,-2.0396658156868344,6.81384300669591
1,t0106_long_pdnd_nsga2_300gen,44,16,1448,0.24878048780487802,30.476190476190478,-3.8161806667801303,3.8199009306918312
1,t0106_long_pdnd_nsga2_300gen,44,16,1456,6.123233995736766e-17,83.57142857142858,-1.5635112137229952,4.175550129584573
1,t0106_long_pdnd_nsga2_300gen,44,16,1462,0.32352941176470584,5.476190476190477,-2.8505962127849283,2.858191213643232
3,t0106_long_pdnd_nsga2_300gen,44,16,1463,0.3333333333333333,3.5714285714285716,-2.7403510198495047,0.770722645978885
1,t0106_long_pdnd_nsga2_300gen,44,16,1465,0.015317286652078745,53.57142857142858,-2.4025180068206353,2.7665999298270676
1,t0106_long_pdnd_nsga2_300gen,44,16,1477,0.29824561403508776,4.761904761904763,-3.0914655469781493,1.4511953536336992
1,t0106_long_pdnd_nsga2_300gen,44,16,1481,0.0526315789473684,33.333333333333336,-1.5325136882375994,1.3823078019192523
0,t0106_long_pdnd_nsga2_300gen,44,16,1482,0.06719367588932802,32.142857142857146,-1.2558491113041799,2.0574987303436623
0,t0106_long_pdnd_nsga2_300gen,44,16,1487,0.02654867256637168,39.285714285714285,-1.0664064730792184,1.3367405661156715
1,t0106_long_pdnd_nsga2_300gen,44,16,1488,0.006423982869379016,55.23809523809524,-0.8267714961088618,5.152023073679845
1,t0106_long_pdnd_nsga2_300gen,44,16,1492,0.14666666666666672,10.238095238095239,-1.285214672136227,3.612644321795039
3,t0106_long_pdnd_nsga2_300gen,44,16,1496,0.24000000000000005,4.523809523809524,-2.451030763620188,1.4823838691428548
1,t0106_long_pdnd_nsga2_300gen,44,16,1511,0.004545454545454577,52.61904761904763,-4.477297680522594,3.668070352165707
1,t0106_long_pdnd_nsga2_300gen,44,16,1516,6.123233995736766e-17,62.85714285714286,-3.458218195879193,5.116808447125795
3,t0106_long_pdnd_nsga2_300gen,44,16,1518,0.17647058823529413,5.0,-2.8518546883626463,1.3847609521290942
1,t0106_long_pdnd_nsga2_300gen,44,16,1523,0.0657894736842105,16.904761904761905,-0.5729711591775996,5.203518059073582
1,t0106_long_pdnd_nsga2_300gen,44,16,1530,0.009708737864077669,37.142857142857146,-2.8318651030177384,2.983410092180487
1,t0106_long_pdnd_nsga2_300gen,44,17,1545,0.24528301886792456,33.333333333333336,-3.344102253059473,3.3522802374172698
1,t0106_long_pdnd_nsga2_300gen,44,17,1553,0.02848101265822785,77.38095238095238,-0.841234254052856,5.29415842072778
1,t0106_long_pdnd_nsga2_300gen,44,17,1558,0.46341463414634154,2.619047619047619,-2.770585148504854,2.558943308158865
3,t0106_long_pdnd_nsga2_300gen,44,17,1561,0.3333333333333333,3.5714285714285716,-2.696107815173382,0.870243489018588
3,t0106_long_pdnd_nsga2_300gen,44,17,1562,0.29268292682926833,6.904761904761905,-2.293552082565374,1.2946849761663484
1,t0106_long_pdnd_nsga2_300gen,44,17,1569,0.02771855010660978,54.28571428571429,-4.213939672992676,4.7339159334216045
1,t0106_long_pdnd_nsga2_300gen,44,17,1570,0.007633587786259514,61.90476190476191,-1.165714012427735,5.124556299353373
1,t0106_long_pdnd_nsga2_300gen,44,17,1571,0.01976284584980234,61.42857142857143,-0.9978591821797058,6.472650600483901
1,t0106_long_pdnd_nsga2_300gen,44,17,1575,0.1868131868131868,8.80952380952381,-0.04229305022650375,3.89396382498769
1,t0106_long_pdnd_nsga2_300gen,44,17,1591,0.006211180124223602,57.142857142857146,-3.0352455384958987,4.636936447919059
1,t0106_long_pdnd_nsga2_300gen,44,17,1597,0.18421052631578944,7.380952380952382,-2.7514403849924576,2.035493783349568
0,t0106_long_pdnd_nsga2_300gen,44,17,1613,0.08080808080808079,21.666666666666668,-0.8445694952021621,-0.42256883519290217
1,t0106_long_pdnd_nsga2_300gen,44,17,1615,0.21951219512195128,5.952380952380953,-3.0818664072883566,2.5484859217930174
3,t0106_long_pdnd_nsga2_300gen,44,17,1616,6.123233995736766e-17,63.57142857142858,-1.5915526269997442,0.41350149422201665
1,t0106_long_pdnd_nsga2_300gen,44,17,1618,0.10236220472440943,16.666666666666668,-5.360309677133931,2.878884684023449
1,t0106_long_pdnd_nsga2_300gen,44,17,1623,0.06432748538011691,19.04761904761905,-2.698981871899116,3.1523496007936234
1,t0106_long_pdnd_nsga2_300gen,44,17,1624,0.0021691973969630925,54.761904761904766,-2.11416421525633,3.220945098435012
1,t0106_long_pdnd_nsga2_300gen,44,17,1627,0.024911032028469778,34.285714285714285,-0.34559059221814104,4.9591714515004695
1,t0106_long_pdnd_nsga2_300gen,44,18,1636,0.8205128205128206,33.80952380952381,-0.46500953933829253,5.329893724080957
1,t0106_long_pdnd_nsga2_300gen,44,18,1637,0.010230179028132957,94.04761904761905,-0.9365335750437864,6.481766126223432
1,t0106_long_pdnd_nsga2_300gen,44,18,1654,0.044854881266490745,43.0952380952381,-4.088150852169435,3.711995915051709
1,t0106_long_pdnd_nsga2_300gen,44,18,1656,0.024875621890547265,73.57142857142857,-1.3935221801406397,4.719473392948552
1,t0106_long_pdnd_nsga2_300gen,44,18,1662,0.17948717948717952,27.380952380952383,-1.8279585569125403,3.5979643244197805
1,t0106_long_pdnd_nsga2_300gen,44,18,1666,0.04929577464788731,35.476190476190474,0.09533429714281313,3.918047998908668
1,t0106_long_pdnd_nsga2_300gen,44,18,1667,0.09322033898305089,30.714285714285715,-4.530077270656736,2.6391113914399127
1,t0106_long_pdnd_nsga2_300gen,44,18,1671,0.022727272727272704,40.952380952380956,-2.000074219512616,1.9330101707238905
1,t0106_long_pdnd_nsga2_300gen,44,18,1672,0.010238907849829351,70.47619047619048,-1.2764492860549037,4.679068542604219
1,t0106_long_pdnd_nsga2_300gen,44,18,1673,0.008347245409015047,71.90476190476191,-1.8361126793522073,6.251614854277365
0,t0106_long_pdnd_nsga2_300gen,44,18,1674,0.5,5.0,-2.385330776867761,1.6046416074678624
1,t0106_long_pdnd_nsga2_300gen,44,18,1675,0.5897435897435899,1.9047619047619049,-3.9078332111189993,1.6889830747535843
1,t0106_long_pdnd_nsga2_300gen,44,18,1679,0.1875,9.047619047619047,-3.7159710510021737,3.7943182887728355
1,t0106_long_pdnd_nsga2_300gen,44,18,1682,0.05964912280701759,31.904761904761905,-3.186213733778023,2.403993537360732
3,t0106_long_pdnd_nsga2_300gen,44,18,1689,0.013592233009708708,60.47619047619048,-2.2769980067886304,1.4191657155767168
1,t0106_long_pdnd_nsga2_300gen,44,18,1694,0.0033898305084746,70.0,-2.541272248917937,3.183035936256999
3,t0106_long_pdnd_nsga2_300gen,44,18,1699,0.39534883720930236,3.0952380952380953,-2.6074435987478917,1.5201825372670223
1,t0106_long_pdnd_nsga2_300gen,44,18,1705,0.1271186440677966,24.523809523809526,-2.683050557255361,1.8595728474317115
3,t0106_long_pdnd_nsga2_300gen,44,18,1708,0.15151515151515146,9.047619047619047,-2.7114066420226757,1.4390092975322417
3,t0106_long_pdnd_nsga2_300gen,44,18,1716,0.005649717514124294,63.57142857142858,-3.032386545355728,0.9894948958177002
1,t0106_long_pdnd_nsga2_300gen,44,18,1718,0.0871794871794872,21.190476190476193,-2.8859421449683853,2.5339952160904806
1,t0106_long_pdnd_nsga2_300gen,44,19,1731,0.9605633802816902,82.85714285714286,-0.45798722631454636,6.683149989149493
1,t0106_long_pdnd_nsga2_300gen,44,19,1732,1.0,14.761904761904765,-3.0315156019063454,3.156454323187648
1,t0106_long_pdnd_nsga2_300gen,44,19,1733,0.01677419354838713,90.71428571428572,-1.9389598775256283,6.720010265932968
1,t0106_long_pdnd_nsga2_300gen,44,19,1746,0.4492753623188407,23.809523809523814,-4.363362610476899,3.7184747515630376
1,t0106_long_pdnd_nsga2_300gen,44,19,1754,0.0274636510500808,71.66666666666667,-1.5414362592409827,6.257061380590145
1,t0106_long_pdnd_nsga2_300gen,44,19,1757,0.20175438596491227,32.61904761904762,-3.3231033487346715,3.702249380882044
1,t0106_long_pdnd_nsga2_300gen,44,19,1758,0.31081081081081086,23.0952380952381,-4.78383657727595,3.0009684603158395
1,t0106_long_pdnd_nsga2_300gen,44,19,1759,0.3692307692307692,21.190476190476193,-3.928672211104859,3.163445256800219
1,t0106_long_pdnd_nsga2_300gen,44,19,1760,0.4461538461538462,11.190476190476192,-3.1595189797802505,3.496301491527718
1,t0106_long_pdnd_nsga2_300gen,44,19,1769,0.020833333333333332,67.14285714285715,-1.4944635904128305,5.987710583350374
1,t0106_long_pdnd_nsga2_300gen,44,19,1770,0.8333333333333334,0.7142857142857143,-3.9475393073465788,1.651059649424199
1,t0106_long_pdnd_nsga2_300gen,44,19,1777,0.0774647887323944,31.19047619047619,-1.0252345059218966,2.627442219915747
1,t0106_long_pdnd_nsga2_300gen,44,19,1784,0.0313588850174216,35.23809523809524,-3.469801918828812,4.329994059714399
1,t0106_long_pdnd_nsga2_300gen,44,19,1785,0.003322259136212648,71.42857142857143,-1.9369107894857647,6.345803291939765
1,t0106_long_pdnd_nsga2_300gen,44,19,1790,0.014440433212996415,65.0,-0.25327979189832417,4.703019503720217
1,t0106_long_pdnd_nsga2_300gen,44,19,1794,0.1692307692307692,25.714285714285715,-2.710783327536228,3.3909107921659665
1,t0106_long_pdnd_nsga2_300gen,44,19,1798,0.18918918918918917,10.476190476190476,-3.014199301523359,2.5050239988200462
1,t0106_long_pdnd_nsga2_300gen,44,19,1803,0.3243243243243243,5.952380952380953,-3.73186871416748,3.434475349107975
1,t0106_long_pdnd_nsga2_300gen,44,19,1812,0.013232514177693737,63.80952380952381,-1.357096232054096,3.904572785022922
1,t0106_long_pdnd_nsga2_300gen,44,20,1828,0.01650943396226412,99.28571428571429,-1.47913277721777,6.978746360372278
1,t0106_long_pdnd_nsga2_300gen,44,20,1832,0.026521060842433716,78.33333333333334,-0.5995560966116346,4.905602333787007
1,t0106_long_pdnd_nsga2_300gen,44,20,1833,0.10937499999999999,67.85714285714286,-1.750509946335178,6.637799562491384
3,t0106_long_pdnd_nsga2_300gen,44,20,1835,0.8846153846153846,11.666666666666666,-3.1690812880891164,2.1594281894105727
1,t0106_long_pdnd_nsga2_300gen,44,20,1845,0.06638115631691645,51.90476190476191,-3.997865371889481,4.522244544615227
1,t0106_long_pdnd_nsga2_300gen,44,20,1846,0.07894736842105264,39.04761904761905,-1.8302522431366595,4.771956141398025
1,t0106_long_pdnd_nsga2_300gen,44,20,1847,0.03496503496503497,52.85714285714286,-3.927216670307812,3.0401105384133493
1,t0106_long_pdnd_nsga2_300gen,44,20,1852,0.013996889580093312,75.47619047619048,-2.334893588061457,6.153872549600937
1,t0106_long_pdnd_nsga2_300gen,44,20,1853,0.01392757660167129,84.28571428571429,-0.8368498701214132,5.203285380142354
1,t0106_long_pdnd_nsga2_300gen,44,20,1855,0.23636363636363636,30.000000000000004,-1.4780857821316826,4.648758578114839
1,t0106_long_pdnd_nsga2_300gen,44,20,1859,0.3827160493827161,13.333333333333336,-4.251188238470579,2.9210129211153184
1,t0106_long_pdnd_nsga2_300gen,44,20,1867,0.6585365853658536,8.095238095238097,-1.6814870586854052,5.43884444979272
1,t0106_long_pdnd_nsga2_300gen,44,20,1873,0.08666666666666671,32.61904761904762,-3.050924491530443,2.7706306151613878
1,t0106_long_pdnd_nsga2_300gen,44,20,1887,0.025906735751295356,47.142857142857146,-3.813188120920342,4.574113984335597
1,t0106_long_pdnd_nsga2_300gen,44,20,1888,0.6666666666666667,1.1904761904761907,-1.9517537000466076,4.205804488630932
1,t0106_long_pdnd_nsga2_300gen,44,20,1891,0.5263157894736842,2.142857142857143,-2.8790669533518107,2.151687361063287
1,t0106_long_pdnd_nsga2_300gen,44,20,1892,0.8181818181818182,0.7142857142857143,-2.862949628735765,1.4521282900398378
1,t0106_long_pdnd_nsga2_300gen,44,20,1896,0.0034246575342465994,69.76190476190477,-1.9739970339053103,5.859392391030504
1,t0106_long_pdnd_nsga2_300gen,44,20,1909,0.04,37.142857142857146,-3.9329836192710377,3.8040309502375056
1,t0106_long_pdnd_nsga2_300gen,44,20,1915,0.36363636363636365,5.0,-2.810926559114386,2.2343988727327044
3,t0106_long_pdnd_nsga2_300gen,44,20,1918,0.3636363636363636,3.333333333333334,-2.791697390753942,1.5982356899080534
1,t0106_long_pdnd_nsga2_300gen,44,21,1923,0.5194805194805194,83.57142857142858,-1.4899229724693055,6.949854688400775
1,t0106_long_pdnd_nsga2_300gen,44,21,1924,1.0,20.238095238095237,-3.318415752878285,2.8859128101195557
1,t0106_long_pdnd_nsga2_300gen,44,21,1925,0.027811366384522338,95.71428571428572,-2.027010254014454,6.8436580421117625
1,t0106_long_pdnd_nsga2_300gen,44,21,1927,0.5463917525773195,53.57142857142858,-0.8131479894793197,6.347917749023597
1,t0106_long_pdnd_nsga2_300gen,44,21,1930,0.06911142454160789,78.57142857142857,-1.3844506523378222,3.856794665194507
1,t0106_long_pdnd_nsga2_300gen,44,21,1932,0.9692307692307693,15.238095238095239,-4.442971637757491,3.316343386112277
1,t0106_long_pdnd_nsga2_300gen,44,21,1938,0.5284552845528455,22.380952380952383,-4.629378409632175,3.6327169894461147
1,t0106_long_pdnd_nsga2_300gen,44,21,1939,0.14754098360655737,41.66666666666667,-4.084980070537744,3.64106671629633
1,t0106_long_pdnd_nsga2_300gen,44,21,1943,0.04722792607802878,60.714285714285715,-3.459338243752125,5.324217957814629
1,t0106_long_pdnd_nsga2_300gen,44,21,1963,0.8600823045267488,4.047619047619048,-1.2930783680477484,5.888708415893831
1,t0106_long_pdnd_nsga2_300gen,44,21,1964,6.123233995736766e-17,92.3809523809524,-0.7628903961705604,6.921372483447665
1,t0106_long_pdnd_nsga2_300gen,44,21,1965,0.00689655172413795,86.90476190476191,-1.1166952044033507,4.701915069809312
1,t0106_long_pdnd_nsga2_300gen,44,21,1967,0.18309859154929578,30.000000000000004,-4.161799561746461,3.861135121134043
1,t0106_long_pdnd_nsga2_300gen,44,21,1982,0.7478260869565218,6.904761904761905,-1.3932883208659657,5.9406486169625214
1,t0106_long_pdnd_nsga2_300gen,44,21,1986,0.7730496453900708,3.8095238095238098,-1.6969652461740186,6.469394625532254
1,t0106_long_pdnd_nsga2_300gen,44,21,1997,0.0033557046979866005,71.1904761904762,-1.2362670748544933,6.019493875843353
1,t0106_long_pdnd_nsga2_300gen,44,21,2006,0.17948717948717954,10.952380952380954,-4.139428611952281,2.8950939380967378
1,t0106_long_pdnd_nsga2_300gen,44,21,2012,0.2,7.142857142857143,-2.605922818942322,1.92376810104594
1,t0106_long_pdnd_nsga2_300gen,44,22,2019,0.17777777777777778,100.95238095238096,-1.6141981463607118,4.149923951842973
1,t0106_long_pdnd_nsga2_300gen,44,22,2020,0.006465517241379311,111.19047619047619,-1.8967725199870005,6.110786968375263
1,t0106_long_pdnd_nsga2_300gen,44,22,2021,0.9497907949790795,55.47619047619048,-0.6111313491401412,6.93213407733309
1,t0106_long_pdnd_nsga2_300gen,44,22,2029,0.8601398601398601,31.66666666666667,-1.398070593295212,7.1858037322788695
1,t0106_long_pdnd_nsga2_300gen,44,22,2030,1.0,0.0,-3.272455228525062,2.338662381886164
1,t0106_long_pdnd_nsga2_300gen,44,22,2036,0.002421307506053234,98.57142857142858,-1.4549272160801694,6.748106111016186
1,t0106_long_pdnd_nsga2_300gen,44,22,2039,0.264367816091954,52.38095238095238,-2.6290076580123793,4.017362216199089
1,t0106_long_pdnd_nsga2_300gen,44,22,2047,0.049001814882032674,68.80952380952381,-1.856012931566516,5.3980404440777265
1,t0106_long_pdnd_nsga2_300gen,44,22,2052,0.24609375,45.95238095238095,-2.7197269343024923,6.4777305537817105
1,t0106_long_pdnd_nsga2_300gen,44,22,2059,0.5348837209302325,9.523809523809526,-3.8873619295014423,4.3024789592901005
1,t0106_long_pdnd_nsga2_300gen,44,22,2065,0.02113821138211387,74.76190476190477,-1.8052534905858713,4.098150454071332
1,t0106_long_pdnd_nsga2_300gen,44,22,2067,0.041742286751361185,62.85714285714286,-1.4931546622078093,4.9917409228405445
1,t0106_long_pdnd_nsga2_300gen,44,22,2070,0.0013245033112582593,90.0,-0.999052659220028,5.977569802690551
1,t0106_long_pdnd_nsga2_300gen,44,22,2071,0.012383900928792593,75.95238095238095,-1.357876027192722,6.104112183761208
1,t0106_long_pdnd_nsga2_300gen,44,22,2076,0.32467532467532473,12.380952380952381,-3.480093226431142,3.598285643793075
1,t0106_long_pdnd_nsga2_300gen,44,22,2082,0.03896103896103896,52.85714285714286,-3.0376848055447865,5.303456707478746
1,t0106_long_pdnd_nsga2_300gen,44,22,2083,0.02631578947368424,61.666666666666664,-1.5145410876879943,3.737443069711811
1,t0106_long_pdnd_nsga2_300gen,44,22,2087,0.004975124378109453,72.14285714285715,-1.7838839705574334,6.096830169545293
1,t0106_long_pdnd_nsga2_300gen,44,22,2095,0.6875,6.428571428571429,-2.3646755752029565,4.909505862026247
1,t0106_long_pdnd_nsga2_300gen,44,22,2101,0.03743315508021394,46.1904761904762,-3.0342314902083616,3.2388078871732358
1,t0106_long_pdnd_nsga2_300gen,44,22,2103,6.123233995736766e-17,80.0,-1.2640235659768202,5.88683965261201
1,t0106_long_pdnd_nsga2_300gen,44,22,2109,0.0016474464579900921,72.14285714285715,-2.0763513344336175,5.5450752785145045
1,t0106_long_pdnd_nsga2_300gen,44,22,2110,6.123233995736766e-17,77.14285714285715,-2.410273286149644,5.940017489889213
1,t0106_long_pdnd_nsga2_300gen,44,23,2126,1.0,12.380952380952381,-3.567834015611155,3.1687244521867894
1,t0106_long_pdnd_nsga2_300gen,44,23,2133,0.013597033374536431,95.0,-1.1483524269579275,6.354981768494202
1,t0106_long_pdnd_nsga2_300gen,44,23,2137,0.6875,12.857142857142858,-1.6574963494895334,5.444000611687239
1,t0106_long_pdnd_nsga2_300gen,44,23,2141,1.0,0.0,-3.4494787353084337,2.5710635028283164
1,t0106_long_pdnd_nsga2_300gen,44,23,2143,0.06051873198847262,77.61904761904762,-1.313116267231759,5.037543849217958
1,t0106_long_pdnd_nsga2_300gen,44,23,2144,0.003726708074534162,95.47619047619048,-2.1326016231925395,6.847128294670291
1,t0106_long_pdnd_nsga2_300gen,44,23,2146,0.013736263736263715,85.47619047619048,-1.78366030922839,6.911587947718578
1,t0106_long_pdnd_nsga2_300gen,44,23,2148,0.0037735849056603774,95.0,-0.9745618422200802,6.822029034524487
1,t0106_long_pdnd_nsga2_300gen,44,23,2149,0.0037735849056603774,95.0,-1.4309072882113856,6.429264813832565
1,t0106_long_pdnd_nsga2_300gen,44,23,2153,0.13306451612903225,51.1904761904762,-1.783059965082796,4.466755202162638
1,t0106_long_pdnd_nsga2_300gen,44,23,2161,0.8285714285714285,7.6190476190476195,-3.196228667618902,2.949268575013402
1,t0106_long_pdnd_nsga2_300gen,44,23,2162,0.875,0.7142857142857143,-4.157365346708149,3.4566623544960793
1,t0106_long_pdnd_nsga2_300gen,44,23,2168,0.001297016861219122,91.66666666666669,-1.3602528074414784,6.712841670825247
1,t0106_long_pdnd_nsga2_300gen,44,23,2171,0.08450704225352113,46.42857142857143,-2.8632868096173563,3.5132527273121856
1,t0106_long_pdnd_nsga2_300gen,44,23,2176,0.8407079646017699,2.142857142857143,-3.4861394143237336,3.3192159929566403
1,t0106_long_pdnd_nsga2_300gen,44,23,2178,0.7844827586206897,5.952380952380953,-2.4296296165053684,5.363325788412595
1,t0106_long_pdnd_nsga2_300gen,44,23,2188,0.03717472118959111,66.42857142857143,-2.4701327177662202,5.683283575707117
1,t0106_long_pdnd_nsga2_300gen,44,23,2191,6.123233995736766e-17,81.42857142857143,-2.1581684620600825,4.121781764395976
1,t0106_long_pdnd_nsga2_300gen,44,23,2205,0.01910828025477707,73.33333333333334,-1.543463579601465,6.2919844688158895
1,t0106_long_pdnd_nsga2_300gen,44,23,2206,0.0015698587127158333,75.95238095238095,-1.675580553444993,6.278164219585454
1,t0106_long_pdnd_nsga2_300gen,44,23,2207,0.006349206349206394,74.52380952380952,-0.5959430001411646,5.2962451203202265
1,t0106_long_pdnd_nsga2_300gen,44,24,2212,0.7251184834123223,86.66666666666667,-1.0808979102902476,6.397166120432894
1,t0106_long_pdnd_nsga2_300gen,44,24,2213,0.9791666666666667,22.61904761904762,-0.2562405747049446,6.16170757555021
1,t0106_long_pdnd_nsga2_300gen,44,24,2215,0.8762886597938144,65.0,-1.6714101530499903,5.420294966235294
1,t0106_long_pdnd_nsga2_300gen,44,24,2220,0.02227722772277228,98.33333333333333,-1.5243659367300704,6.703914225851997
1,t0106_long_pdnd_nsga2_300gen,44,24,2226,0.5824175824175825,34.285714285714285,-2.266562599193211,6.4830328058775475
1,t0106_long_pdnd_nsga2_300gen,44,24,2232,0.008464328899637278,97.61904761904762,-2.285028374149758,4.07597464745301
1,t0106_long_pdnd_nsga2_300gen,44,24,2235,0.30526315789473685,59.04761904761906,-1.715733273241292,5.128107435005914
1,t0106_long_pdnd_nsga2_300gen,44,24,2236,0.15862068965517243,60.00000000000001,-2.825750770602715,5.13699823003131
1,t0106_long_pdnd_nsga2_300gen,44,24,2251,0.29010238907849834,45.0,-1.7864710877818462,5.146871030462098
1,t0106_long_pdnd_nsga2_300gen,44,24,2261,0.7083333333333333,9.761904761904763,-1.429363564049271,4.142410803737934
1,t0106_long_pdnd_nsga2_300gen,44,24,2262,0.013333333333333334,79.28571428571429,-1.2429944739429624,7.1934944165482495
1,t0106_long_pdnd_nsga2_300gen,44,24,2264,0.00697350069735003,84.76190476190477,-2.1860431072129027,5.397970151495317
1,t0106_long_pdnd_nsga2_300gen,44,24,2268,0.004081632653061225,87.85714285714286,-1.3013107974678284,4.708735351610218
1,t0106_long_pdnd_nsga2_300gen,44,24,2275,0.2658227848101266,23.809523809523814,-4.256905769742017,3.3962999628361734
1,t0106_long_pdnd_nsga2_300gen,44,24,2283,6.123233995736766e-17,95.47619047619048,-1.30180243491333,6.8785626488392895
1,t0106_long_pdnd_nsga2_300gen,44,24,2286,0.001314060446780533,90.71428571428572,-1.5003758797679974,6.5847732398539245
1,t0106_long_pdnd_nsga2_300gen,44,24,2287,0.0012870012870012139,92.3809523809524,-2.13389270179956,6.8736940568545934
1,t0106_long_pdnd_nsga2_300gen,44,24,2292,0.026490066225165542,73.80952380952381,-0.6946373510018595,6.3572681925221675
1,t0106_long_pdnd_nsga2_300gen,44,24,2295,0.03783783783783784,68.57142857142857,-1.758815846566097,4.8641191067635745
1,t0106_long_pdnd_nsga2_300gen,44,24,2296,0.0379746835443038,63.33333333333334,-1.0456111787782252,5.165445817253705
1,t0106_long_pdnd_nsga2_300gen,44,24,2302,0.25,19.04761904761905,-3.708590585087664,4.1108084150750015
1,t0106_long_pdnd_nsga2_300gen,44,25,2308,0.008111239860950208,103.57142857142858,-0.9080265104111728,6.1976699748631505
1,t0106_long_pdnd_nsga2_300gen,44,25,2309,1.0,67.85714285714286,-0.7895035029763497,5.95536436628743
1,t0106_long_pdnd_nsga2_300gen,44,25,2313,0.037037037037037056,96.66666666666669,-1.5711049222465578,7.031643689518836
1,t0106_long_pdnd_nsga2_300gen,44,25,2315,0.710455764075067,75.95238095238095,-1.343834162131727,6.880382214323074
1,t0106_long_pdnd_nsga2_300gen,44,25,2316,0.4736842105263158,86.66666666666667,-1.5869338914502842,6.1770229047537235
1,t0106_long_pdnd_nsga2_300gen,44,25,2318,1.0,64.28571428571429,-2.0668171007582985,5.60980136488418
1,t0106_long_pdnd_nsga2_300gen,44,25,2321,0.01745635910224435,97.14285714285715,-0.81718407663973,6.493206322306781
1,t0106_long_pdnd_nsga2_300gen,44,25,2325,0.035765379113018636,80.23809523809524,-1.4915565255191872,5.16146330248489
1,t0106_long_pdnd_nsga2_300gen,44,25,2329,0.950207468879668,55.95238095238095,-0.49229481173734096,6.837870578161849
1,t0106_long_pdnd_nsga2_300gen,44,25,2330,0.19701492537313428,64.04761904761905,-1.7055125261782889,5.0811174623292805
1,t0106_long_pdnd_nsga2_300gen,44,25,2331,0.9741379310344828,54.523809523809526,-0.576820434842911,6.777408753049681
1,t0106_long_pdnd_nsga2_300gen,44,25,2335,0.01983002832861192,82.38095238095238,-1.5459992971686056,5.186008511758714
1,t0106_long_pdnd_nsga2_300gen,44,25,2336,0.017038007863695973,92.3809523809524,-0.47866574281865565,5.983309604434759
1,t0106_long_pdnd_nsga2_300gen,44,25,2337,0.016905071521456472,93.0952380952381,-0.6517823027667258,6.769670359289013
1,t0106_long_pdnd_nsga2_300gen,44,25,2344,0.9642857142857143,39.285714285714285,-2.4815806732689887,6.085681268486777
1,t0106_long_pdnd_nsga2_300gen,44,25,2354,0.9196428571428571,51.1904761904762,-1.256321059460403,7.1565558492582255
1,t0106_long_pdnd_nsga2_300gen,44,25,2358,0.001297016861219122,91.66666666666669,-2.2658911581061805,6.999263122580078
1,t0106_long_pdnd_nsga2_300gen,44,25,2363,0.013297872340425511,88.33333333333334,-2.4197480742342012,5.754136975144961
1,t0106_long_pdnd_nsga2_300gen,44,25,2372,0.04780114722753344,59.28571428571429,-1.227109484734906,6.152858103857759
1,t0106_long_pdnd_nsga2_300gen,44,25,2375,1.0,0.0,-3.3396593926415425,3.6026777977301614
1,t0106_long_pdnd_nsga2_300gen,44,25,2377,0.07766990291262134,52.85714285714286,-1.8942665024333025,4.9848491814338125
1,t0106_long_pdnd_nsga2_300gen,44,25,2384,6.123233995736766e-17,93.57142857142858,-1.1205149842538082,6.890514286811777
1,t0106_long_pdnd_nsga2_300gen,44,25,2388,0.013452914798206279,80.71428571428572,-1.975199642632342,6.168546101587627
1,t0106_long_pdnd_nsga2_300gen,44,25,2390,0.023715415019762848,58.80952380952381,-2.221561064688456,5.84217276901767
1,t0106_long_pdnd_nsga2_300gen,44,25,2391,0.3526011560693641,27.857142857142858,-3.306873225991822,4.157371955061853
1,t0106_long_pdnd_nsga2_300gen,44,25,2395,0.18541033434650459,46.42857142857143,-2.5424177708715265,5.215418593265042
1,t0106_long_pdnd_nsga2_300gen,44,25,2398,0.012311901504787962,88.0952380952381,-1.9026610316710069,6.645537361041093
1,t0106_long_pdnd_nsga2_300gen,44,26,2406,0.19689922480620153,91.9047619047619,-1.362693778978989,5.259581966324825
1,t0106_long_pdnd_nsga2_300gen,44,26,2407,0.4350282485875706,90.71428571428572,-1.986311994059318,6.3389791579765875
1,t0106_long_pdnd_nsga2_300gen,44,26,2408,0.9419354838709677,71.66666666666667,-0.9117806634066786,5.879514033011246
1,t0106_long_pdnd_nsga2_300gen,44,26,2417,0.22408026755852847,87.14285714285715,-2.0516347081498005,5.979288799492907
1,t0106_long_pdnd_nsga2_300gen,44,26,2418,0.04696132596685081,90.23809523809524,-1.9930708505836905,6.70910656770209
1,t0106_long_pdnd_nsga2_300gen,44,26,2423,0.010882708585247883,97.3809523809524,-0.9620967813467319,6.883522727444113
1,t0106_long_pdnd_nsga2_300gen,44,26,2427,1.0,44.523809523809526,-1.2530145159179995,6.509209891252682
1,t0106_long_pdnd_nsga2_300gen,44,26,2428,0.059895833333333315,85.95238095238095,-1.229230689967251,5.38926046009368
1,t0106_long_pdnd_nsga2_300gen,44,26,2429,0.21739130434782608,83.33333333333334,-2.757629615347389,6.191957488275794
1,t0106_long_pdnd_nsga2_300gen,44,26,2430,0.21815008726003485,83.0952380952381,-1.8267982313667923,6.038528263113967
1,t0106_long_pdnd_nsga2_300gen,44,26,2431,0.3076923076923077,60.714285714285715,-0.5181692904060357,6.771805833411798
1,t0106_long_pdnd_nsga2_300gen,44,26,2433,0.015037593984962405,96.42857142857143,-1.4724000420554542,5.82302785917547
1,t0106_long_pdnd_nsga2_300gen,44,26,2437,0.01799485861182521,90.95238095238095,-2.154514580600303,5.017398457941567
1,t0106_long_pdnd_nsga2_300gen,44,26,2442,0.9581151832460733,44.523809523809526,-0.9665429849948461,6.526386473987877
1,t0106_long_pdnd_nsga2_300gen,44,26,2445,0.09041835357624829,80.23809523809524,-1.733050796668477,7.105751454464227
1,t0106_long_pdnd_nsga2_300gen,44,26,2446,0.14285714285714285,68.57142857142857,-2.09893374441132,6.7559737410312914
1,t0106_long_pdnd_nsga2_300gen,44,26,2450,0.0036900369003690036,96.42857142857143,-1.3904294210121448,6.985101340917955
1,t0106_long_pdnd_nsga2_300gen,44,26,2451,0.0037359900373599,95.23809523809526,-1.7945865427784078,5.820316595442713
1,t0106_long_pdnd_nsga2_300gen,44,26,2459,0.07649513212795547,79.04761904761905,-1.6013301182800277,6.359514692796541
1,t0106_long_pdnd_nsga2_300gen,44,26,2468,0.012016021361815754,90.23809523809524,-0.19482936095024442,5.753589839909093
1,t0106_long_pdnd_nsga2_300gen,44,26,2477,0.07633587786259538,67.14285714285715,-2.2845106811731912,5.3409617619500995
1,t0106_long_pdnd_nsga2_300gen,44,26,2487,0.26037735849056604,39.76190476190476,-2.7066413092904655,6.963467876658968
1,t0106_long_pdnd_nsga2_300gen,44,26,2491,0.21875000000000006,46.42857142857143,-2.9318976550349998,5.722604169416856
1,t0106_long_pdnd_nsga2_300gen,44,26,2495,0.012552301255230125,86.42857142857143,-0.07667794598553065,6.290738799315265
1,t0106_long_pdnd_nsga2_300gen,44,27,2503,0.20543806646525675,95.0,-1.6496793490120967,6.2905454385359745
1,t0106_long_pdnd_nsga2_300gen,44,27,2504,0.963855421686747,77.61904761904762,-1.016324793425184,7.099626140030548
1,t0106_long_pdnd_nsga2_300gen,44,27,2507,0.01682692307692304,100.71428571428572,-1.147908502463272,6.254563773988038
1,t0106_long_pdnd_nsga2_300gen,44,27,2512,0.2043010752688172,93.33333333333333,-0.796928396705552,6.77905021559124
1,t0106_long_pdnd_nsga2_300gen,44,27,2515,0.018541409147095178,98.0952380952381,-1.3256679971399246,6.689348891536378
1,t0106_long_pdnd_nsga2_300gen,44,27,2518,1.0,57.61904761904763,-1.2928267692524826,5.484030003944165
1,t0106_long_pdnd_nsga2_300gen,44,27,2522,0.03217821782178214,93.0952380952381,-2.482972198505613,3.8627091530925624
1,t0106_long_pdnd_nsga2_300gen,44,27,2528,0.0012033694344162973,99.04761904761905,-1.8719418079456682,6.038770877753071
1,t0106_long_pdnd_nsga2_300gen,44,27,2529,0.002421307506053234,98.57142857142858,-1.4616132909171495,6.861697868606012
1,t0106_long_pdnd_nsga2_300gen,44,27,2538,0.4186666666666667,63.33333333333334,-0.9422520086455521,6.143489544562016
1,t0106_long_pdnd_nsga2_300gen,44,27,2544,0.0012150668286756115,98.0952380952381,-0.8078062437170304,6.60250432305684
1,t0106_long_pdnd_nsga2_300gen,44,27,2550,1.0,20.238095238095237,-2.915045606810529,3.008065898158761
1,t0106_long_pdnd_nsga2_300gen,44,27,2553,0.07859078590785906,80.95238095238095,-1.306557554539289,7.042002667266416
1,t0106_long_pdnd_nsga2_300gen,44,27,2556,0.21113689095127613,62.142857142857146,-1.5773799947956022,6.473552823406998
1,t0106_long_pdnd_nsga2_300gen,44,27,2557,0.22356495468277943,61.1904761904762,-1.1264557579186931,4.750318457896653
1,t0106_long_pdnd_nsga2_300gen,44,27,2560,0.015228426395939085,92.3809523809524,-1.4191837169095234,7.051323971077933
1,t0106_long_pdnd_nsga2_300gen,44,27,2564,0.0037359900373599,95.23809523809526,-2.3604795440134976,5.755702188872308
1,t0106_long_pdnd_nsga2_300gen,44,27,2565,0.9411764705882354,55.0,-0.47012224409904796,6.7844246558928605
1,t0106_long_pdnd_nsga2_300gen,44,27,2566,0.9478260869565217,26.66666666666667,-1.3162703519379846,7.083978090762163
1,t0106_long_pdnd_nsga2_300gen,44,27,2577,0.006321112515802746,94.76190476190476,-1.0080178741896066,6.517281859182255
1,t0106_long_pdnd_nsga2_300gen,44,27,2578,0.016666666666666666,87.14285714285715,-1.8893386089662065,5.881421406424297
1,t0106_long_pdnd_nsga2_300gen,44,27,2587,0.24271844660194175,55.714285714285715,-1.9362835314443823,5.0211855342914715
1,t0106_long_pdnd_nsga2_300gen,44,27,2588,1.0,11.666666666666666,-2.445467394670527,4.0766834908512575
1,t0106_long_pdnd_nsga2_300gen,44,27,2589,0.0012610340479193294,94.52380952380953,-1.12846792870695,6.268716182435405
1,t0106_long_pdnd_nsga2_300gen,44,27,2590,0.1406551059730251,53.095238095238095,-1.2326757919025597,5.5844235400454
1,t0106_long_pdnd_nsga2_300gen,44,28,2597,0.06356968215158922,103.57142857142858,-1.4344849793238506,6.538224700812112
1,t0106_long_pdnd_nsga2_300gen,44,28,2598,0.946601941747573,95.47619047619048,-1.1735214644595333,6.557323337986326
1,t0106_long_pdnd_nsga2_300gen,44,28,2599,0.98125,75.47619047619048,-1.5983669706303665,5.744458451404175
1,t0106_long_pdnd_nsga2_300gen,44,28,2600,0.004608294930875608,103.80952380952382,-1.1192882796798174,6.636954238245895
1,t0106_long_pdnd_nsga2_300gen,44,28,2603,0.058240396530359374,101.66666666666669,-0.40481916715196314,6.146998412304993
1,t0106_long_pdnd_nsga2_300gen,44,28,2607,0.30550918196994997,93.0952380952381,-2.2461710231220775,6.782056367598474
1,t0106_long_pdnd_nsga2_300gen,44,28,2608,0.32088285229202035,92.61904761904762,-1.3696163974231228,6.95971926492087
1,t0106_long_pdnd_nsga2_300gen,44,28,2614,0.038461538461538464,96.42857142857143,-0.8093338510449215,6.9327211192376845
1,t0106_long_pdnd_nsga2_300gen,44,28,2615,0.002364066193853495,100.95238095238096,-1.1890140743483608,6.7016228612448145
1,t0106_long_pdnd_nsga2_300gen,44,28,2616,0.002358490566037703,101.19047619047619,-2.4054078929493232,4.804035303518924
1,t0106_long_pdnd_nsga2_300gen,44,28,2621,0.17488789237668162,93.57142857142858,-0.6450576586270724,6.788671603552469
1,t0106_long_pdnd_nsga2_300gen,44,28,2629,0.008343265792610285,100.71428571428572,-1.6859694553148123,5.231014875050435
1,t0106_long_pdnd_nsga2_300gen,44,28,2630,0.03076923076923077,95.71428571428572,-1.698021175037869,5.699694615441276
1,t0106_long_pdnd_nsga2_300gen,44,28,2631,0.5104166666666667,69.04761904761905,-0.4295003602258016,5.576386317168923
1,t0106_long_pdnd_nsga2_300gen,44,28,2634,0.15727002967359047,92.85714285714286,-2.528471162854224,5.761377206832801
1,t0106_long_pdnd_nsga2_300gen,44,28,2640,1.0,25.0,-3.1975759863603312,3.8689404794275712
1,t0106_long_pdnd_nsga2_300gen,44,28,2645,0.005988023952095773,98.80952380952382,-0.4522859910929508,6.578470925401314
1,t0106_long_pdnd_nsga2_300gen,44,28,2651,0.176,73.57142857142857,-1.6360604777819545,4.174530096112975
1,t0106_long_pdnd_nsga2_300gen,44,28,2653,0.9617834394904459,36.66666666666667,-1.9295012469804682,6.3988999776171
1,t0106_long_pdnd_nsga2_300gen,44,28,2662,0.02536715620827768,91.42857142857143,-1.579116222509798,6.19660643464096
1,t0106_long_pdnd_nsga2_300gen,44,28,2663,0.019950124688279336,93.57142857142858,-1.8282546318572463,7.199867666462999
1,t0106_long_pdnd_nsga2_300gen,44,28,2670,0.12776831345826237,78.80952380952381,-2.1326525297020593,4.992792743375505
1,t0106_long_pdnd_nsga2_300gen,44,28,2671,0.17757009345794392,62.85714285714286,-1.6640799919223421,6.234708135238587
1,t0106_long_pdnd_nsga2_300gen,44,28,2678,0.9374999999999999,29.52380952380953,-0.2967099755840153,6.568981880181374
1,t0106_long_pdnd_nsga2_300gen,44,28,2687,0.013906447534766084,95.47619047619048,-2.013797387610191,6.54767795384195
1,t0106_long_pdnd_nsga2_300gen,44,29,2692,0.022653721682847898,112.85714285714286,-1.265842991287133,6.532633228456433
1,t0106_long_pdnd_nsga2_300gen,44,29,2693,0.9761904761904763,79.04761904761905,-1.1344576089478582,6.514059047994584
1,t0106_long_pdnd_nsga2_300gen,44,29,2694,0.37383177570093457,105.0,-1.4629498137475432,6.553229640379205
1,t0106_long_pdnd_nsga2_300gen,44,29,2695,0.7350427350427351,96.66666666666669,-1.8931753603319184,7.02383145208824
1,t0106_long_pdnd_nsga2_300gen,44,29,2696,0.9713467048710601,81.90476190476191,-0.5240975905541567,6.822795456964592
1,t0106_long_pdnd_nsga2_300gen,44,29,2697,1.0,67.14285714285715,-1.4141814727852995,6.3467512824235515
1,t0106_long_pdnd_nsga2_300gen,44,29,2698,0.9800664451827242,70.95238095238095,-1.3709946538134692,6.954273391355811
1,t0106_long_pdnd_nsga2_300gen,44,29,2699,0.010460251046025135,112.61904761904762,-1.5349758783795497,5.395392462704952
1,t0106_long_pdnd_nsga2_300gen,44,29,2702,0.0745891276864728,101.19047619047619,-1.6977209555077661,5.686938633998769
1,t0106_long_pdnd_nsga2_300gen,44,29,2706,0.4913957934990439,92.85714285714286,-1.5313852819704918,6.306300394487437
1,t0106_long_pdnd_nsga2_300gen,44,29,2707,0.9710144927536231,80.95238095238095,-0.49174956404676334,6.671976509200202
1,t0106_long_pdnd_nsga2_300gen,44,29,2710,0.008948545861297603,105.47619047619048,0.23313026570653936,5.615597144301169
1,t0106_long_pdnd_nsga2_300gen,44,29,2711,0.15624999999999997,96.9047619047619,-1.7694831503355783,6.163991985189437
1,t0106_long_pdnd_nsga2_300gen,44,29,2712,0.07470511140235905,97.61904761904762,-1.3387439320253565,6.716920316781831
1,t0106_long_pdnd_nsga2_300gen,44,29,2720,0.4350282485875706,90.71428571428572,-2.2744652527312903,5.214647239698101
1,t0106_long_pdnd_nsga2_300gen,44,29,2722,0.952662721893491,78.57142857142857,-2.00277002601814,6.232721836236598
1,t0106_long_pdnd_nsga2_300gen,44,29,2724,6.123233995736766e-17,106.19047619047619,-1.846025739006764,6.415408090950424
1,t0106_long_pdnd_nsga2_300gen,44,29,2725,0.0011248593925759598,105.95238095238096,-0.7632663501655276,4.900381862221738
1,t0106_long_pdnd_nsga2_300gen,44,29,2727,0.00684931506849315,105.0,-0.5315221663624932,6.090164681290649
1,t0106_long_pdnd_nsga2_300gen,44,29,2730,0.05760368663594466,97.3809523809524,-1.9206526244352917,4.914068050789139
1,t0106_long_pdnd_nsga2_300gen,44,29,2734,0.21112929623567922,88.0952380952381,-2.549585386614705,4.629543276770689
1,t0106_long_pdnd_nsga2_300gen,44,29,2737,0.5034802784222738,77.14285714285715,-0.522355296187349,6.589045729176243
1,t0106_long_pdnd_nsga2_300gen,44,29,2741,0.007981755986317021,103.57142857142858,-0.9129729083916353,6.924591652545022
1,t0106_long_pdnd_nsga2_300gen,44,29,2745,0.013986013986013986,100.71428571428572,-1.3063409286417096,6.657284862289315
1,t0106_long_pdnd_nsga2_300gen,44,29,2753,0.5116883116883116,69.28571428571429,-0.268335623949442,5.73884042565257
1,t0106_long_pdnd_nsga2_300gen,44,29,2760,6.123233995736766e-17,102.14285714285715,-1.3099023387005047,6.602117992391651
1,t0106_long_pdnd_nsga2_300gen,44,29,2763,0.013463892288861653,98.57142857142858,-1.1784738599809998,6.320240443700709
1,t0106_long_pdnd_nsga2_300gen,44,29,2767,0.0393258426966292,88.0952380952381,-1.8498206008798397,6.116988117839157
1,t0106_long_pdnd_nsga2_300gen,44,29,2773,0.0011778563015311463,100.95238095238096,-0.5172533921613093,6.925650165263648
1,t0106_long_pdnd_nsga2_300gen,44,29,2780,0.03783783783783782,84.76190476190477,-1.7574233131717858,7.018743332825323
1,t0106_long_pdnd_nsga2_300gen,44,30,2789,1.0,77.61904761904762,-2.1550866164419955,6.221998902390172
1,t0106_long_pdnd_nsga2_300gen,44,30,2790,0.9620596205962061,86.1904761904762,-1.4666261438431702,5.224742865197704
1,t0106_long_pdnd_nsga2_300gen,44,30,2791,0.6818181818181818,105.71428571428572,-1.996602926970385,6.546532328544746
1,t0106_long_pdnd_nsga2_300gen,44,30,2792,0.8160919540229885,94.04761904761905,-2.249692170125143,6.385557588625245
1,t0106_long_pdnd_nsga2_300gen,44,30,2795,1.0,73.33333333333334,-1.676769243627987,6.406268450001306
1,t0106_long_pdnd_nsga2_300gen,44,30,2796,0.9753086419753088,76.1904761904762,-2.074769878984643,5.713909452901014
1,t0106_long_pdnd_nsga2_300gen,44,30,2797,0.9813084112149533,75.71428571428572,-0.6368674368546496,6.735751198414598
1,t0106_long_pdnd_nsga2_300gen,44,30,2800,0.14432989690721645,105.71428571428572,-2.1131929147498476,5.5379528357051475
1,t0106_long_pdnd_nsga2_300gen,44,30,2802,0.5846774193548386,93.57142857142858,-1.3556460114598268,6.951738518326138
1,t0106_long_pdnd_nsga2_300gen,44,30,2812,0.0313588850174216,105.71428571428572,-1.1903770319215226,6.418240370798239
1,t0106_long_pdnd_nsga2_300gen,44,30,2816,0.5102040816326531,88.0952380952381,-0.8581004586079201,6.702048302633417
1,t0106_long_pdnd_nsga2_300gen,44,30,2818,0.002242152466367681,105.95238095238096,-0.7872693116295668,6.989734717342256
1,t0106_long_pdnd_nsga2_300gen,44,30,2821,0.9685534591194968,74.52380952380952,-0.3912295993259172,6.483027948514472
1,t0106_long_pdnd_nsga2_300gen,44,30,2824,0.11968085106382984,100.23809523809526,-1.6457091663291186,4.165134659828903
1,t0106_long_pdnd_nsga2_300gen,44,30,2826,0.19515885022692886,94.04761904761905,-0.7897485910562512,6.43096532133225
1,t0106_long_pdnd_nsga2_300gen,44,30,2832,0.32989690721649484,92.14285714285715,-1.7822984544175262,5.288028078446391
1,t0106_long_pdnd_nsga2_300gen,44,30,2836,1.0,66.42857142857143,-1.5916722463721908,5.639020221934618
1,t0106_long_pdnd_nsga2_300gen,44,30,2837,0.9430379746835443,73.0952380952381,-0.5758698880107348,6.6086277283774635
1,t0106_long_pdnd_nsga2_300gen,44,30,2839,0.09847434119278782,94.28571428571429,-1.738750014499821,6.5791256146533845
1,t0106_long_pdnd_nsga2_300gen,44,30,2848,6.123233995736766e-17,105.71428571428572,-2.4736247460447602,5.214176623611952
1,t0106_long_pdnd_nsga2_300gen,44,30,2860,0.2106135986733002,86.90476190476191,-1.6806626585973035,6.140464220509988
1,t0106_long_pdnd_nsga2_300gen,44,30,2867,0.11929307805596465,90.47619047619048,-1.5616616962047116,6.141672805164794
1,t0106_long_pdnd_nsga2_300gen,44,30,2877,0.20465890183028285,86.1904761904762,-0.9978893746781169,6.3511664716537615
1,t0106_long_pdnd_nsga2_300gen,44,31,2888,0.010330578512396724,116.42857142857143,-1.674307664800035,5.3978776923039025
1,t0106_long_pdnd_nsga2_300gen,44,31,2889,0.7282377919320594,96.9047619047619,-1.9606712321213715,7.1340479823139225
1,t0106_long_pdnd_nsga2_300gen,44,31,2891,0.9387755102040816,90.47619047619048,-1.1842936279800667,6.0536610919782285
1,t0106_long_pdnd_nsga2_300gen,44,31,2894,0.9655172413793104,81.42857142857143,-0.43714661609507016,6.565189538683665
1,t0106_long_pdnd_nsga2_300gen,44,31,2896,0.9814814814814815,76.42857142857143,-0.763105332263811,5.091504861849563
1,t0106_long_pdnd_nsga2_300gen,44,31,2897,0.9754601226993865,76.66666666666667,-0.8071990395379219,6.023585757298289
1,t0106_long_pdnd_nsga2_300gen,44,31,2899,0.9565217391304347,85.71428571428572,-1.020102447811491,6.284975536545804
1,t0106_long_pdnd_nsga2_300gen,44,31,2900,0.5416666666666666,105.71428571428572,-1.9402630734612758,6.511123768622041
1,t0106_long_pdnd_nsga2_300gen,44,31,2901,0.570127504553734,102.61904761904762,-1.6358379807974524,6.588145715685629
1,t0106_long_pdnd_nsga2_300gen,44,31,2902,6.123233995736766e-17,112.85714285714286,-2.3537035412642036,6.0429183795233925
1,t0106_long_pdnd_nsga2_300gen,44,31,2903,0.755011135857461,93.80952380952382,-1.949515923310656,7.059199440833464
1,t0106_long_pdnd_nsga2_300gen,44,31,2906,1.0,72.61904761904762,-2.024136382964648,5.8164071691042
1,t0106_long_pdnd_nsga2_300gen,44,31,2910,0.8242894056847546,84.04761904761905,-1.1800561050523588,6.667108743001894
1,t0106_long_pdnd_nsga2_300gen,44,31,2913,0.5129533678756477,104.28571428571429,-1.8103416106304013,6.174941932790819
1,t0106_long_pdnd_nsga2_300gen,44,31,2917,0.0011173184357542215,106.66666666666669,-1.8736489893064698,6.598919568798125
1,t0106_long_pdnd_nsga2_300gen,44,31,2918,1.0,71.66666666666667,-1.5837637614404179,6.023630240539306
1,t0106_long_pdnd_nsga2_300gen,44,31,2920,0.03687635574837313,105.71428571428572,-2.058249947246751,5.434280115236112
1,t0106_long_pdnd_nsga2_300gen,44,31,2928,0.54251012145749,90.71428571428572,-1.3815638088029867,6.544285270561983
1,t0106_long_pdnd_nsga2_300gen,44,31,2955,0.022222222222222157,99.52380952380953,-1.1259734714439271,6.688878991785434
1,t0106_long_pdnd_nsga2_300gen,44,31,2957,0.5113122171945702,79.52380952380952,-1.4377744351297466,6.777375679330511
1,t0106_long_pdnd_nsga2_300gen,44,31,2963,0.5160493827160493,73.0952380952381,-0.5169214473318087,6.848719390084133
1,t0106_long_pdnd_nsga2_300gen,44,31,2971,0.0033975084937712344,104.76190476190476,-2.2560912613606576,5.916707423996974
1,t0106_long_pdnd_nsga2_300gen,44,32,2982,0.9514563106796116,95.71428571428572,-1.4095276169287816,4.58484034734586
1,t0106_long_pdnd_nsga2_300gen,44,32,2983,0.27224435590969454,114.04761904761905,-1.910979575485061,6.2576114680255674
1,t0106_long_pdnd_nsga2_300gen,44,32,2984,0.025369978858350954,115.47619047619048,-1.4335087542675957,6.572999154024471
1,t0106_long_pdnd_nsga2_300gen,44,32,2985,0.9832402234636871,84.52380952380953,-1.6306180044113743,6.507613102523678
1,t0106_long_pdnd_nsga2_300gen,44,32,2987,0.9619565217391305,85.95238095238095,-0.960649082065377,6.272075103103964
1,t0106_long_pdnd_nsga2_300gen,44,32,2989,0.6763005780346821,103.57142857142858,-1.5011604321683745,6.784436872899277
1,t0106_long_pdnd_nsga2_300gen,44,32,2991,0.2588401697312589,105.95238095238096,-1.7723655625293002,6.470611590536546
1,t0106_long_pdnd_nsga2_300gen,44,32,2992,0.03579418344519022,110.23809523809526,-2.4802499247507566,5.152475148046584
1,t0106_long_pdnd_nsga2_300gen,44,32,3003,0.6275303643724697,95.71428571428572,-1.4026502241650198,6.8914393413622
1,t0106_long_pdnd_nsga2_300gen,44,32,3009,0.016648168701442843,109.04761904761905,-1.4508260959501629,6.142986470428804
1,t0106_long_pdnd_nsga2_300gen,44,32,3010,6.123233995736766e-17,112.85714285714286,-2.116669539054361,5.9764346356890234
1,t0106_long_pdnd_nsga2_300gen,44,32,3017,0.47887323943661964,100.0,-1.402768213865602,5.525721260845653
1,t0106_long_pdnd_nsga2_300gen,44,32,3018,0.48581560283687936,99.76190476190476,-1.5089036607367485,6.223315532353649
1,t0106_long_pdnd_nsga2_300gen,44,32,3032,0.16056338028169018,98.0952380952381,-1.5004794139629538,6.602412169815446
1,t0106_long_pdnd_nsga2_300gen,44,32,3038,0.0022026431718061364,107.85714285714286,-1.837469560713668,6.436357027789042
1,t0106_long_pdnd_nsga2_300gen,44,32,3051,0.05749718151071025,99.52380952380953,-1.9815469214954957,6.315782806161776
1,t0106_long_pdnd_nsga2_300gen,44,32,3052,0.027677496991576483,101.66666666666669,-1.2177168841718693,6.602851588249465
1,t0106_long_pdnd_nsga2_300gen,44,32,3067,0.4541910331384015,88.80952380952381,-1.9437648038594497,6.556029803617262
1,t0106_long_pdnd_nsga2_300gen,44,32,3068,0.01730103806228374,101.42857142857143,-0.7109370710256663,6.3090661240213795
1,t0106_long_pdnd_nsga2_300gen,44,33,3075,0.9653465346534652,94.52380952380953,-1.816721211304437,5.970166948109933
1,t0106_long_pdnd_nsga2_300gen,44,33,3076,0.935483870967742,121.42857142857143,-1.526145601167218,5.771573715178175
1,t0106_long_pdnd_nsga2_300gen,44,33,3077,0.9786096256684492,88.0952380952381,-1.9654827562589081,4.827932938671245
1,t0106_long_pdnd_nsga2_300gen,44,33,3087,0.39999999999999997,108.33333333333333,-1.779438690878343,6.435124286903103
1,t0106_long_pdnd_nsga2_300gen,44,33,3088,0.014613778705636711,115.71428571428572,-1.4384127237895417,6.572213341707413
1,t0106_long_pdnd_nsga2_300gen,44,33,3097,0.574468085106383,105.71428571428572,-1.6712222432857269,6.7059199640877845
1,t0106_long_pdnd_nsga2_300gen,44,33,3101,0.20647773279352227,106.42857142857143,-1.7037881178561844,6.677399806754426
1,t0106_long_pdnd_nsga2_300gen,44,33,3102,0.2063914780292943,107.85714285714286,-1.778903733104925,5.733960779098942
1,t0106_long_pdnd_nsga2_300gen,44,33,3120,0.9705882352941175,79.76190476190477,-1.2364764617474422,6.4016232390351515
1,t0106_long_pdnd_nsga2_300gen,44,33,3121,1.0,70.23809523809524,-1.7009539736689314,6.0603389913539845
1,t0106_long_pdnd_nsga2_300gen,44,33,3129,0.003181336161187699,112.61904761904762,-0.7602247215653394,5.522025464549331
1,t0106_long_pdnd_nsga2_300gen,44,33,3130,0.009900990099009901,109.28571428571429,-1.381182092074382,6.220577538128866
1,t0106_long_pdnd_nsga2_300gen,44,33,3131,0.9455040871934606,85.0,-0.39742045066357146,5.90453165011143
1,t0106_long_pdnd_nsga2_300gen,44,33,3137,0.5536842105263157,87.85714285714286,-1.8841429401761014,6.157509603501998
1,t0106_long_pdnd_nsga2_300gen,44,33,3154,0.301794453507341,95.0,-1.3857255642334807,6.929640717876427
1,t0106_long_pdnd_nsga2_300gen,44,33,3155,0.4734848484848484,92.61904761904762,-1.8524089796170713,6.467236973235777
1,t0106_long_pdnd_nsga2_300gen,44,33,3156,0.032558139534883755,105.71428571428572,-1.1682823664944204,5.911414974514084
1,t0106_long_pdnd_nsga2_300gen,44,33,3158,0.03846153846153842,102.85714285714286,-1.7067525355922315,5.661184298449806
1,t0106_long_pdnd_nsga2_300gen,44,33,3161,6.123233995736766e-17,107.14285714285715,-1.3340994788759024,6.822132016221799
1,t0106_long_pdnd_nsga2_300gen,44,33,3164,0.5258215962441314,77.38095238095238,-0.5291239506199261,6.75163951379408
1,t0106_long_pdnd_nsga2_300gen,44,34,3173,1.0,80.47619047619048,-1.8641185672614997,5.109613055376013
1,t0106_long_pdnd_nsga2_300gen,44,34,3175,0.9337231968810917,118.09523809523812,-1.7281204864658108,5.29736161742591
1,t0106_long_pdnd_nsga2_300gen,44,34,3184,0.016915422885572195,117.61904761904762,-1.3218616405881658,6.667541764769054
1,t0106_long_pdnd_nsga2_300gen,44,34,3185,0.753731343283582,111.9047619047619,-1.538396799992096,6.1280193398707405
1,t0106_long_pdnd_nsga2_300gen,44,34,3192,0.03744493392070488,112.14285714285715,-1.2196728610141703,6.40446761489339
1,t0106_long_pdnd_nsga2_300gen,44,34,3200,0.4689984101748808,110.0,-1.7600401137115564,6.114529178038708
1,t0106_long_pdnd_nsga2_300gen,44,34,3208,0.018259935553168603,112.85714285714286,-1.5222796016697744,5.849452520484715
1,t0106_long_pdnd_nsga2_300gen,44,34,3209,0.011494252873563277,115.23809523809526,-0.7982141976570333,5.905779831588618
1,t0106_long_pdnd_nsga2_300gen,44,34,3223,0.6535433070866141,100.0,-2.064375697078987,6.378283273966102
1,t0106_long_pdnd_nsga2_300gen,44,34,3233,0.013333333333333334,108.57142857142858,-0.927292708347783,6.596211260736869
1,t0106_long_pdnd_nsga2_300gen,44,34,3237,0.003194888178913738,112.14285714285715,-0.9864590618168383,6.6493269955803544
1,t0106_long_pdnd_nsga2_300gen,44,34,3242,0.015350877192982518,106.9047619047619,-1.844297936164734,6.109801708779652
1,t0106_long_pdnd_nsga2_300gen,44,34,3246,0.005428881650380083,110.23809523809526,-0.9956908396673755,5.949198921622704
1,t0106_long_pdnd_nsga2_300gen,44,34,3247,0.0021459227467810855,111.19047619047619,-1.1310888165535136,5.120664634054724
1,t0106_long_pdnd_nsga2_300gen,44,34,3249,0.6229116945107399,80.95238095238095,-0.9637411600301959,6.6119057405778365
1,t0106_long_pdnd_nsga2_300gen,44,34,3256,0.005649717514124358,105.95238095238096,-1.144987248325701,6.063757973624773
1,t0106_long_pdnd_nsga2_300gen,44,34,3262,0.30239999999999995,96.9047619047619,-0.9701042036635878,6.399317044185867
1,t0106_long_pdnd_nsga2_300gen,44,34,3263,0.474264705882353,95.47619047619048,-2.1194231040947087,6.560013574800768
1,t0106_long_pdnd_nsga2_300gen,44,35,3271,0.9577836411609498,88.33333333333334,-1.9671928982165574,4.957076566288514
1,t0106_long_pdnd_nsga2_300gen,44,35,3282,0.8620689655172413,96.42857142857143,-2.165225547609072,6.800573024226715
1,t0106_long_pdnd_nsga2_300gen,44,35,3283,0.332398316970547,113.09523809523812,-1.5334803409293167,6.066923544371687
1,t0106_long_pdnd_nsga2_300gen,44,35,3284,0.025477707006369428,115.00000000000001,-1.4443891263473139,6.7840450331148645
1,t0106_long_pdnd_nsga2_300gen,44,35,3285,0.19503105590062111,114.52380952380953,-0.5688697974486265,6.197719878157719
1,t0106_long_pdnd_nsga2_300gen,44,35,3309,0.6813819577735125,104.28571428571429,-2.2016454213351344,6.2298942427849955
1,t0106_long_pdnd_nsga2_300gen,44,35,3315,0.9497206703910615,83.0952380952381,-1.2353211140727127,6.048868166752841
1,t0106_long_pdnd_nsga2_300gen,44,35,3316,0.9705014749262536,79.52380952380952,-1.342533355201947,5.50849521309596
1,t0106_long_pdnd_nsga2_300gen,44,35,3319,0.004228329809725188,113.09523809523812,-1.483567919908479,6.111003878729709
1,t0106_long_pdnd_nsga2_300gen,44,35,3320,0.004219409282700362,113.33333333333333,-1.0062405715359155,6.080170949510814
1,t0106_long_pdnd_nsga2_300gen,44,35,3321,6.123233995736766e-17,113.57142857142858,-1.7730073967153366,6.034384622122171
1,t0106_long_pdnd_nsga2_300gen,44,35,3330,0.01492537313432833,110.0,-1.287337390997938,5.975706271378016
1,t0106_long_pdnd_nsga2_300gen,44,35,3331,0.009584664536741214,112.85714285714286,-1.625177942585554,5.897394054797092
1,t0106_long_pdnd_nsga2_300gen,44,35,3335,1.0,70.47619047619048,-1.768813782517846,6.570805326338127
1,t0106_long_pdnd_nsga2_300gen,44,35,3336,0.9811320754716981,75.0,-1.023585686254583,6.702309054674044
1,t0106_long_pdnd_nsga2_300gen,44,35,3342,0.05226480836236934,107.85714285714286,-0.8490649250497203,6.3555991163689445
1,t0106_long_pdnd_nsga2_300gen,44,35,3357,0.8848484848484849,74.04761904761905,-1.562639949317971,6.455803507308168
1,t0106_long_pdnd_nsga2_300gen,44,35,3358,0.3619047619047619,102.14285714285715,-1.7413686766481338,6.363431321441414
1,t0106_long_pdnd_nsga2_300gen,44,36,3363,1.0,81.42857142857143,-1.014569173494094,6.168513567656232
1,t0106_long_pdnd_nsga2_300gen,44,36,3364,0.9780701754385966,107.3809523809524,-0.9902884997434598,5.959336133998982
1,t0106_long_pdnd_nsga2_300gen,44,36,3365,0.9252336448598132,122.61904761904762,-1.4081022707413013,5.5702699117310335
1,t0106_long_pdnd_nsga2_300gen,44,36,3366,0.2077625570776256,125.95238095238096,-1.345530507159344,5.497950056169656
1,t0106_long_pdnd_nsga2_300gen,44,36,3372,0.20430107526881722,120.00000000000001,-1.3513013350854939,6.107583131160312
1,t0106_long_pdnd_nsga2_300gen,44,36,3375,0.6091954022988507,116.66666666666669,-2.355912582268805,5.686316157330835
1,t0106_long_pdnd_nsga2_300gen,44,36,3384,0.00402414486921532,117.85714285714286,-1.4016112850889468,6.251032140409124
1,t0106_long_pdnd_nsga2_300gen,44,36,3393,0.10400000000000005,115.00000000000001,-1.8726625176611498,6.157134274288647
1,t0106_long_pdnd_nsga2_300gen,44,36,3394,0.3792093704245973,112.14285714285715,-1.553337118705549,6.9466223910875255
1,t0106_long_pdnd_nsga2_300gen,44,36,3404,0.006134969325153374,117.14285714285715,-1.7192264836704003,5.736350745273857
1,t0106_long_pdnd_nsga2_300gen,44,36,3408,0.45893719806763283,107.85714285714286,-1.5118334850626054,6.7086425317745775
1,t0106_long_pdnd_nsga2_300gen,44,36,3411,0.2859097127222982,111.9047619047619,-1.5406397433991164,6.191358562508258
1,t0106_long_pdnd_nsga2_300gen,44,36,3415,0.8181818181818182,88.0952380952381,-1.8394086549704534,6.141500183919174
1,t0106_long_pdnd_nsga2_300gen,44,36,3419,0.9513513513513514,85.95238095238095,-1.5798367044321278,6.186565501998848
1,t0106_long_pdnd_nsga2_300gen,44,36,3433,0.9504132231404959,84.28571428571429,-0.6122399312302323,6.04216252472576
1,t0106_long_pdnd_nsga2_300gen,44,36,3438,0.004210526315789504,113.57142857142858,-1.0348913939824427,6.219172263104195
1,t0106_long_pdnd_nsga2_300gen,44,36,3446,0.0989010989010989,107.14285714285715,-1.4347366722812598,6.677437426505629
1,t0106_long_pdnd_nsga2_300gen,44,37,3467,0.940774487471526,101.42857142857143,-1.3394714861089403,5.88409925443993
1,t0106_long_pdnd_nsga2_300gen,44,37,3468,0.9720670391061452,84.04761904761905,-1.2900533740350946,6.047703952740449
1,t0106_long_pdnd_nsga2_300gen,44,37,3469,0.9003690036900369,122.61904761904762,-1.4324756276407515,5.528093765857647
1,t0106_long_pdnd_nsga2_300gen,44,37,3470,0.9232245681381959,119.28571428571429,-1.480784852269072,5.30897195443211
1,t0106_long_pdnd_nsga2_300gen,44,37,3471,0.9174484052532832,121.66666666666669,-1.7367423629095335,5.579382071624144
1,t0106_long_pdnd_nsga2_300gen,44,37,3472,0.0018939393939394478,125.95238095238096,-0.9646687599008749,5.782324921578443
1,t0106_long_pdnd_nsga2_300gen,44,37,3477,0.9597989949748744,92.85714285714286,-1.4354526631765427,6.366310985140891
1,t0106_long_pdnd_nsga2_300gen,44,37,3480,0.9148073022312373,112.3809523809524,-2.128816455954319,4.809337797454179
1,t0106_long_pdnd_nsga2_300gen,44,37,3481,0.7789855072463767,116.90476190476191,-1.61353721001225,6.321718796619767
1,t0106_long_pdnd_nsga2_300gen,44,37,3491,0.015904572564612352,117.85714285714286,-1.4884454963667555,6.638233047352692
1,t0106_long_pdnd_nsga2_300gen,44,37,3492,0.04792332268370607,117.14285714285715,-1.4264252235192998,6.495740526915035
1,t0106_long_pdnd_nsga2_300gen,44,37,3494,0.8431372549019608,100.71428571428572,-1.8900021236146474,6.203264133545664
1,t0106_long_pdnd_nsga2_300gen,44,37,3504,0.9649122807017544,80.0,-1.236509793190872,5.99031315226615
1,t0106_long_pdnd_nsga2_300gen,44,37,3509,0.7407407407407406,111.9047619047619,-1.9400729044794571,6.3297311007933565
1,t0106_long_pdnd_nsga2_300gen,44,37,3517,0.0330138445154419,115.47619047619048,-1.0992587508730376,6.561941085199912
1,t0106_long_pdnd_nsga2_300gen,44,37,3523,0.00303951367781155,117.85714285714286,-1.1846360561097342,6.268560864619053
1,t0106_long_pdnd_nsga2_300gen,44,37,3529,0.038876889848812095,114.52380952380953,-1.0748734753902225,6.183360843927267
1,t0106_long_pdnd_nsga2_300gen,44,37,3530,0.03896103896103896,114.28571428571429,-1.2804679386097622,6.596066057551029
1,t0106_long_pdnd_nsga2_300gen,44,37,3546,0.031351351351351316,113.57142857142858,-1.091968667544434,6.736460744057054
1,t0106_long_pdnd_nsga2_300gen,44,37,3547,0.07424593967517404,110.23809523809526,-1.4632601921879407,6.45688984594734
1,t0106_long_pdnd_nsga2_300gen,44,38,3559,0.935483870967742,121.42857142857143,-1.4401727923590077,5.439690372875972
1,t0106_long_pdnd_nsga2_300gen,44,38,3560,0.9535783365570599,120.23809523809526,-1.134358478416952,5.703645711851509
1,t0106_long_pdnd_nsga2_300gen,44,38,3562,0.973741794310722,107.3809523809524,-0.8676519252194154,6.0042406994043205
1,t0106_long_pdnd_nsga2_300gen,44,38,3568,0.9475806451612903,115.00000000000001,-0.9929248438216051,5.3972501087578
1,t0106_long_pdnd_nsga2_300gen,44,38,3571,0.9820359281437125,78.80952380952381,-1.733521747538184,6.334521196435026
1,t0106_long_pdnd_nsga2_300gen,44,38,3576,0.13014460511679643,120.95238095238096,-1.4533816978580272,6.004066428698005
1,t0106_long_pdnd_nsga2_300gen,44,38,3577,0.8823529411764705,118.09523809523812,-1.1892351954937672,6.019192810696365
1,t0106_long_pdnd_nsga2_300gen,44,38,3580,0.901185770750988,114.52380952380953,-1.720423321551255,5.385765010178424
1,t0106_long_pdnd_nsga2_300gen,44,38,3582,0.9938837920489297,77.61904761904762,-1.8521608954348612,6.60458475759134
1,t0106_long_pdnd_nsga2_300gen,44,38,3590,0.21481481481481482,117.14285714285715,-1.61519071926006,5.903619587491
1,t0106_long_pdnd_nsga2_300gen,44,38,3596,0.9934853420195441,72.85714285714286,-1.285123594676581,5.9490513200314625
1,t0106_long_pdnd_nsga2_300gen,44,38,3597,0.9356435643564356,93.0952380952381,-1.5742010537764077,6.5710020805409215
1,t0106_long_pdnd_nsga2_300gen,44,38,3600,0.95,92.85714285714286,-0.8038405525037317,6.31028372944524
1,t0106_long_pdnd_nsga2_300gen,44,38,3605,0.648881239242685,114.04761904761905,-1.537114840672332,6.190840232934219
1,t0106_long_pdnd_nsga2_300gen,44,38,3607,0.007035175879397015,117.61904761904762,-1.5541461446028064,6.643140067055016
1,t0106_long_pdnd_nsga2_300gen,44,38,3616,0.9448621553884712,92.3809523809524,-1.3880309112562226,6.082955380539213
1,t0106_long_pdnd_nsga2_300gen,44,38,3622,0.0629067245119306,116.66666666666669,0.07969134926183795,5.675951525665847
1,t0106_long_pdnd_nsga2_300gen,44,38,3631,0.9555555555555555,83.80952380952381,-1.731772307825935,6.513995798027693
1,t0106_long_pdnd_nsga2_300gen,44,38,3635,0.9414893617021276,86.90476190476191,-1.877388458661167,6.25793048242848
1,t0106_long_pdnd_nsga2_300gen,44,38,3640,0.6820702402957486,108.33333333333333,-1.4322553190507559,6.574076808262205
1,t0106_long_pdnd_nsga2_300gen,44,39,3654,0.9433962264150944,122.61904761904762,-1.627628980515207,5.292622644474672
1,t0106_long_pdnd_nsga2_300gen,44,39,3655,0.9828080229226361,82.38095238095238,-1.955935706967959,5.608134147897417
1,t0106_long_pdnd_nsga2_300gen,44,39,3658,0.007619047619047673,125.95238095238096,-0.9089716903354778,5.680760607020982
1,t0106_long_pdnd_nsga2_300gen,44,39,3667,0.9707317073170731,96.19047619047619,-1.750197574478988,6.1743800978335734
1,t0106_long_pdnd_nsga2_300gen,44,39,3669,0.002898550724637681,122.85714285714286,-0.8789545916418402,5.90223167675931
1,t0106_long_pdnd_nsga2_300gen,44,39,3670,0.9442060085836909,107.85714285714286,-0.45057797894300755,5.664078206607099
1,t0106_long_pdnd_nsga2_300gen,44,39,3675,0.92,120.00000000000001,-1.907500158694252,5.6918549351234615
1,t0106_long_pdnd_nsga2_300gen,44,39,3681,0.9690721649484537,90.95238095238095,-0.7000834769073044,6.216731277514766
1,t0106_long_pdnd_nsga2_300gen,44,39,3682,6.123233995736766e-17,124.52380952380953,-1.5330113042078688,5.692499616036939
1,t0106_long_pdnd_nsga2_300gen,44,39,3684,0.012512030798845069,122.14285714285715,-0.9903738673092523,6.099651876663371
1,t0106_long_pdnd_nsga2_300gen,44,39,3685,0.47033285094066574,120.95238095238096,-1.5936100801881163,5.689017957873719
1,t0106_long_pdnd_nsga2_300gen,44,39,3697,0.9656160458452722,81.66666666666667,-1.8011689468497183,5.433056880061163
1,t0106_long_pdnd_nsga2_300gen,44,39,3702,0.9104477611940298,106.66666666666669,-1.4881726973123748,5.629658080331145
1,t0106_long_pdnd_nsga2_300gen,44,39,3709,0.9588688946015425,90.71428571428572,-1.1657254018755692,6.230797333411434
1,t0106_long_pdnd_nsga2_300gen,44,39,3712,0.18632075471698112,119.76190476190476,-1.9546974751928787,5.872014423717489
1,t0106_long_pdnd_nsga2_300gen,44,39,3713,0.001976284584980209,120.23809523809526,-0.42366075556423083,5.88587341441574
1,t0106_long_pdnd_nsga2_300gen,44,39,3716,0.7625231910946196,113.09523809523812,-1.800178902057383,6.461979369662527
1,t0106_long_pdnd_nsga2_300gen,44,39,3726,0.07478632478632473,119.76190476190476,-1.1411223841403368,5.758609798404442
1,t0106_long_pdnd_nsga2_300gen,44,39,3728,0.17961165048543687,115.71428571428572,-1.839702962786991,6.400478468320386
1,t0106_long_pdnd_nsga2_300gen,44,39,3734,1.0,67.38095238095238,-0.9460064348098909,5.969934616327843
1,t0106_long_pdnd_nsga2_300gen,44,39,3735,0.001992031872509932,119.76190476190476,-0.5111807817385968,5.766997852615083
1,t0106_long_pdnd_nsga2_300gen,44,39,3737,0.2188295165394402,114.04761904761905,-1.7158324103709648,5.771921209035566
1,t0106_long_pdnd_nsga2_300gen,44,39,3740,0.8476190476190476,92.3809523809524,-1.7233403137188423,6.161679305286933
1,t0106_long_pdnd_nsga2_300gen,44,39,3743,0.054313099041533544,117.85714285714286,-1.3658903699163534,6.349619914361869
0,t0112_t0106_seed77_replicate,77,1,0,0.028571428571428543,4.047619047619048,-2.654117544240945,-2.621749105831442
0,t0112_t0106_seed77_replicate,77,1,1,6.123233995736766e-17,55.714285714285715,0.3767973133538442,-1.7914588959703377
0,t0112_t0106_seed77_replicate,77,1,2,6.123233995736766e-17,22.857142857142858,-0.638387501789386,-2.5742182277431875
0,t0112_t0106_seed77_replicate,77,1,3,6.123233995736766e-17,17.142857142857142,-2.805574242698375,-1.1692341256063408
0,t0112_t0106_seed77_replicate,77,1,4,6.123233995736766e-17,16.42857142857143,-1.179097341203189,-1.3669565092633424
0,t0112_t0106_seed77_replicate,77,1,5,6.123233995736766e-17,12.142857142857144,-0.8981654641361752,-2.632852704855335
0,t0112_t0106_seed77_replicate,77,1,6,6.123233995736766e-17,10.0,-1.253887884385821,-2.5110633362781547
0,t0112_t0106_seed77_replicate,77,1,7,6.123233995736766e-17,9.285714285714286,-2.240311450225346,-1.9803691924566722
0,t0112_t0106_seed77_replicate,77,1,8,6.123233995736766e-17,8.571428571428571,-1.5634515917313516,-1.7711447076537423
0,t0112_t0106_seed77_replicate,77,1,9,6.123233995736766e-17,7.857142857142858,-3.7089897895674433,-1.2698452624699907
0,t0112_t0106_seed77_replicate,77,1,10,6.123233995736766e-17,7.142857142857143,-1.719264081397164,-1.174685308162141
0,t0112_t0106_seed77_replicate,77,1,11,6.123233995736766e-17,6.428571428571429,-0.7455165833351781,-1.2096892999130902
0,t0112_t0106_seed77_replicate,77,1,12,6.123233995736766e-17,6.428571428571429,-3.162561023589946,-1.353944375464066
0,t0112_t0106_seed77_replicate,77,1,13,6.123233995736766e-17,5.0,-2.3881916660891847,-1.8235575325669424
0,t0112_t0106_seed77_replicate,77,1,14,6.123233995736766e-17,4.285714285714286,-2.959414519299266,-0.8871871987281831
0,t0112_t0106_seed77_replicate,77,1,15,6.123233995736766e-17,4.285714285714286,-1.3626391611886457,-1.1393184551622535
0,t0112_t0106_seed77_replicate,77,1,16,6.123233995736766e-17,3.5714285714285716,-0.5436072467766007,-1.672105375791186
0,t0112_t0106_seed77_replicate,77,1,17,6.123233995736766e-17,3.5714285714285716,-1.8597922191096525,-0.8097879581202948
0,t0112_t0106_seed77_replicate,77,1,18,0.0,2.857142857142857,-1.7588986155805528,-0.3111570096583897
0,t0112_t0106_seed77_replicate,77,1,19,0.0,2.857142857142857,-3.289206626813028,-4.694160865727934
0,t0112_t0106_seed77_replicate,77,1,20,0.0,2.142857142857143,-1.6977548022446647,-1.4002959166026507
0,t0112_t0106_seed77_replicate,77,1,21,0.0,2.142857142857143,-3.574349520519254,-1.879095347050942
0,t0112_t0106_seed77_replicate,77,1,22,0.0,1.666666666666667,-3.486284496144735,-1.246643687147542
0,t0112_t0106_seed77_replicate,77,1,23,0.0,1.1904761904761907,-3.54113545380931,-2.427683910796773
0,t0112_t0106_seed77_replicate,77,1,24,0.0,0.7142857142857143,-1.8812778751463415,-3.6084993904529243
0,t0112_t0106_seed77_replicate,77,1,25,0.0,0.7142857142857143,-3.2916538626672347,-1.6441799412672482
0,t0112_t0106_seed77_replicate,77,1,26,0.0,0.7142857142857143,-2.573893350641273,-1.3433554495149422
0,t0112_t0106_seed77_replicate,77,1,27,0.0,0.7142857142857143,-2.524515649532967,-2.654201930451756
0,t0112_t0106_seed77_replicate,77,1,28,0.0,0.7142857142857143,-2.194081922757239,-1.0898934677524936
0,t0112_t0106_seed77_replicate,77,1,29,0.0,0.7142857142857143,-2.6214081246362078,-2.248335198137607
0,t0112_t0106_seed77_replicate,77,1,30,0.0,0.7142857142857143,-0.822698099055933,-2.2683630533454786
0,t0112_t0106_seed77_replicate,77,1,31,0.0,0.7142857142857143,-2.241742821915176,-1.2649970673444717
0,t0112_t0106_seed77_replicate,77,1,32,0.0,0.7142857142857143,-3.853974565393942,-2.9523604624994544
0,t0112_t0106_seed77_replicate,77,1,33,0.0,0.7142857142857143,-1.5196443537441586,-1.593651062819733
0,t0112_t0106_seed77_replicate,77,1,34,0.0,0.7142857142857143,-0.3869664282327874,-1.6610439564863233
0,t0112_t0106_seed77_replicate,77,1,35,0.0,0.7142857142857143,-3.734879605214273,0.6825695350449772
0,t0112_t0106_seed77_replicate,77,1,36,0.0,0.7142857142857143,-5.580128226954735,-4.2649176770928365
0,t0112_t0106_seed77_replicate,77,1,37,0.0,0.7142857142857143,-1.3369077820308575,-1.4339368537809243
0,t0112_t0106_seed77_replicate,77,1,38,0.0,0.7142857142857143,-1.3771910248432793,-0.33483294532400404
0,t0112_t0106_seed77_replicate,77,1,39,0.0,0.7142857142857143,-2.5790909989350204,-2.7562440941564477
0,t0112_t0106_seed77_replicate,77,1,40,0.0,0.7142857142857143,-0.3554901082747879,-2.8317592994763663
0,t0112_t0106_seed77_replicate,77,1,41,0.0,0.7142857142857143,-1.7843697914791594,-3.653114475292098
0,t0112_t0106_seed77_replicate,77,1,42,0.0,0.7142857142857143,-1.7761646188371434,-2.5730086903327307
0,t0112_t0106_seed77_replicate,77,1,43,0.0,0.7142857142857143,-2.716726802982299,-2.924406989361148
0,t0112_t0106_seed77_replicate,77,1,44,0.0,0.7142857142857143,-4.212054689668111,-2.2329254642606386
0,t0112_t0106_seed77_replicate,77,1,45,0.0,0.7142857142857143,-2.712020080812018,-1.7242790111667146
0,t0112_t0106_seed77_replicate,77,1,46,0.0,0.7142857142857143,-0.4218749006288456,-3.3232582574609135
0,t0112_t0106_seed77_replicate,77,1,47,0.0,0.7142857142857143,-1.9418210528145128,-0.5456407105641826
0,t0112_t0106_seed77_replicate,77,1,48,0.0,0.7142857142857143,-2.1718618715470894,-1.910583708191056
0,t0112_t0106_seed77_replicate,77,1,49,0.0,0.7142857142857143,-1.9848277257454165,-1.0380374117795272
0,t0112_t0106_seed77_replicate,77,1,50,0.0,0.7142857142857143,-1.6604513112992931,-1.016743777361716
0,t0112_t0106_seed77_replicate,77,1,51,0.0,0.7142857142857143,-0.5622400660630753,-1.362907581109568
0,t0112_t0106_seed77_replicate,77,1,52,0.0,0.7142857142857143,-1.9372008600473496,-1.8716814713983974
0,t0112_t0106_seed77_replicate,77,1,53,0.0,0.7142857142857143,-1.0274536129506628,-2.33114485804471
0,t0112_t0106_seed77_replicate,77,1,54,0.0,0.7142857142857143,-2.405337195751493,-2.2617886391797293
0,t0112_t0106_seed77_replicate,77,1,55,0.0,0.7142857142857143,-1.6382025410325145,-1.0802813488509007
0,t0112_t0106_seed77_replicate,77,1,56,0.0,0.7142857142857143,-2.745175528404544,-2.5848180163475183
0,t0112_t0106_seed77_replicate,77,1,57,0.0,0.7142857142857143,-1.541484730547627,-3.1038734283939386
0,t0112_t0106_seed77_replicate,77,1,58,0.0,0.7142857142857143,-3.4965814632266343,-1.2002416368763253
0,t0112_t0106_seed77_replicate,77,1,59,0.0,0.7142857142857143,-1.268510485649661,-0.5007065298013829
0,t0112_t0106_seed77_replicate,77,1,60,0.0,0.7142857142857143,-0.9986293561697339,-1.8079966300839065
0,t0112_t0106_seed77_replicate,77,1,61,0.0,0.7142857142857143,-0.7439321618119201,-0.0040213785520683614
0,t0112_t0106_seed77_replicate,77,1,62,0.0,0.7142857142857143,-1.5244304229235004,-1.5931050001640046
0,t0112_t0106_seed77_replicate,77,1,63,0.0,0.7142857142857143,-2.3079621938812713,-3.643772089617131
0,t0112_t0106_seed77_replicate,77,1,64,0.0,0.7142857142857143,-0.9032734785491292,-3.54476846872729
0,t0112_t0106_seed77_replicate,77,1,65,0.0,0.7142857142857143,-0.8989869300645407,-1.2525602116972137
0,t0112_t0106_seed77_replicate,77,1,66,0.0,0.7142857142857143,-4.438323494450538,0.8084252214010983
0,t0112_t0106_seed77_replicate,77,1,67,0.0,0.7142857142857143,-1.761949736658806,-1.9476983415800238
0,t0112_t0106_seed77_replicate,77,1,68,0.0,0.7142857142857143,-2.121231825464379,-2.487463847236975
0,t0112_t0106_seed77_replicate,77,1,69,0.0,0.7142857142857143,-2.636795302363252,-2.8991338761371463
0,t0112_t0106_seed77_replicate,77,1,70,0.0,0.7142857142857143,-4.125745776271262,-1.1622180034577727
0,t0112_t0106_seed77_replicate,77,1,71,0.0,0.7142857142857143,-1.0868615985534569,-3.419111808340286
0,t0112_t0106_seed77_replicate,77,1,72,0.0,0.7142857142857143,-2.1718758333151023,-3.4314299749580344
0,t0112_t0106_seed77_replicate,77,1,73,0.0,0.7142857142857143,-1.5220939965153748,-3.864372409755714
0,t0112_t0106_seed77_replicate,77,1,74,0.0,0.7142857142857143,-1.297521738467489,0.09937742115995434
0,t0112_t0106_seed77_replicate,77,1,75,0.0,0.7142857142857143,-3.7106318267466016,-1.8470157259881963
0,t0112_t0106_seed77_replicate,77,1,76,0.0,0.7142857142857143,-3.1272540963542346,-1.5441020261086444
0,t0112_t0106_seed77_replicate,77,1,77,0.0,0.7142857142857143,-1.5174432115041117,-1.713554357246858
0,t0112_t0106_seed77_replicate,77,1,78,0.0,0.7142857142857143,-2.299020025406352,-1.1423937841890677
0,t0112_t0106_seed77_replicate,77,1,79,0.0,0.7142857142857143,-3.026887727105615,-1.2339469439446225
0,t0112_t0106_seed77_replicate,77,1,80,0.0,0.7142857142857143,-2.4486022037678983,-2.0736092365084966
0,t0112_t0106_seed77_replicate,77,1,81,0.0,0.7142857142857143,-2.9109856416857998,-0.769221249080525
0,t0112_t0106_seed77_replicate,77,1,82,0.0,0.7142857142857143,-1.830679173324055,-2.5480275521846734
0,t0112_t0106_seed77_replicate,77,1,83,0.0,0.7142857142857143,-1.0576058799479666,-1.8390033854474659
0,t0112_t0106_seed77_replicate,77,1,84,0.0,0.0,-2.149598629847823,-1.5634985039276943
0,t0112_t0106_seed77_replicate,77,1,85,0.0,0.0,0.20273836925234187,-1.9406098117276727
0,t0112_t0106_seed77_replicate,77,1,86,0.0,0.0,-3.9201595429273812,-1.1375265642025865
0,t0112_t0106_seed77_replicate,77,1,87,0.0,0.0,-2.0506394300330184,-0.5934939015445174
0,t0112_t0106_seed77_replicate,77,1,88,0.0,0.0,-1.6120556955195644,-2.4913386968525173
3,t0112_t0106_seed77_replicate,77,1,89,0.0,0.0,-0.7699194203259274,-0.004279184344889208
0,t0112_t0106_seed77_replicate,77,1,90,0.0,0.0,-2.57280018932093,-3.932348566993031
0,t0112_t0106_seed77_replicate,77,1,91,0.0,0.0,-2.8669219139863142,-2.5530945207693
0,t0112_t0106_seed77_replicate,77,1,92,0.0,0.0,-1.1695038399572335,-3.075828087467811
0,t0112_t0106_seed77_replicate,77,1,93,0.0,0.0,-1.088639959360537,-1.498437913903419
0,t0112_t0106_seed77_replicate,77,1,94,0.0,0.0,-3.3961008007927935,-0.9904345326463363
0,t0112_t0106_seed77_replicate,77,1,95,0.0,0.0,-3.352323659447991,-3.269085312054524
0,t0112_t0106_seed77_replicate,77,2,98,0.01298701298701301,9.285714285714286,-1.055364622787736,-0.32801096421031384
0,t0112_t0106_seed77_replicate,77,2,99,0.007633587786259514,15.714285714285715,-2.704617679096986,-0.46731024057170817
3,t0112_t0106_seed77_replicate,77,2,100,0.02127659574468083,5.476190476190477,-2.644647409062852,-0.4172699274438334
0,t0112_t0106_seed77_replicate,77,2,104,6.123233995736766e-17,15.000000000000002,-2.4930677311412794,-2.024367893657782
0,t0112_t0106_seed77_replicate,77,2,105,6.123233995736766e-17,13.571428571428573,-2.812661134927975,-0.8571590150381594
0,t0112_t0106_seed77_replicate,77,2,106,6.123233995736766e-17,12.857142857142858,-0.3436999702695416,-1.8925729028787628
0,t0112_t0106_seed77_replicate,77,2,107,6.123233995736766e-17,12.857142857142858,-1.8678889540892063,-0.13960035637348797
0,t0112_t0106_seed77_replicate,77,2,109,6.123233995736766e-17,11.428571428571429,-0.9439300378476431,-2.8888396092584188
0,t0112_t0106_seed77_replicate,77,2,110,6.123233995736766e-17,10.714285714285715,-0.9867426510414323,-3.0646720059811066
0,t0112_t0106_seed77_replicate,77,2,111,6.123233995736766e-17,10.714285714285715,-3.3211602306966004,0.10894902947441015
0,t0112_t0106_seed77_replicate,77,2,113,6.123233995736766e-17,10.0,-1.697707012139978,-3.415535691424144
0,t0112_t0106_seed77_replicate,77,2,115,6.123233995736766e-17,9.285714285714286,-1.9206644094091958,-0.5605802462513007
0,t0112_t0106_seed77_replicate,77,2,116,6.123233995736766e-17,9.285714285714286,-0.0045406241528526126,-1.2032551901314597
0,t0112_t0106_seed77_replicate,77,2,120,6.123233995736766e-17,7.142857142857143,-1.4914536344154175,-1.4976182327622538
0,t0112_t0106_seed77_replicate,77,2,123,6.123233995736766e-17,6.428571428571429,-3.968902707534315,-2.640799549473835
0,t0112_t0106_seed77_replicate,77,2,124,6.123233995736766e-17,6.428571428571429,-3.572813791535108,-0.9107784302207351
0,t0112_t0106_seed77_replicate,77,2,125,6.123233995736766e-17,5.714285714285714,-1.953459620874178,-0.8994329149364638
0,t0112_t0106_seed77_replicate,77,2,126,6.123233995736766e-17,5.714285714285714,-1.8146739059952155,-2.0463897096764976
0,t0112_t0106_seed77_replicate,77,2,128,6.123233995736766e-17,5.0,-3.970845745159596,0.4473693930628947
0,t0112_t0106_seed77_replicate,77,2,129,6.123233995736766e-17,5.0,-4.091829493789329,-1.8992737475612507
0,t0112_t0106_seed77_replicate,77,2,130,6.123233995736766e-17,5.0,-3.248792389003935,-3.6575778779678534
0,t0112_t0106_seed77_replicate,77,2,133,6.123233995736766e-17,4.285714285714286,-2.775490082860567,-0.5102840576209116
0,t0112_t0106_seed77_replicate,77,2,136,6.123233995736766e-17,3.5714285714285716,-1.9707257372580342,-2.148397981318011
0,t0112_t0106_seed77_replicate,77,2,137,6.123233995736766e-17,3.5714285714285716,-3.8973466422406347,-2.0445456553669037
0,t0112_t0106_seed77_replicate,77,2,140,0.0,2.857142857142857,-2.0355581547668242,-3.154080817386945
0,t0112_t0106_seed77_replicate,77,2,141,0.0,2.857142857142857,-2.6245890382351775,-1.8437247144052273
0,t0112_t0106_seed77_replicate,77,2,144,0.0,2.142857142857143,-2.050598816787453,-2.5974411824843946
0,t0112_t0106_seed77_replicate,77,2,145,0.0,2.142857142857143,-1.5037577664429729,-1.8243765077546343
0,t0112_t0106_seed77_replicate,77,2,147,0.0,1.666666666666667,-2.0086571421847004,-2.4011206325238206
0,t0112_t0106_seed77_replicate,77,2,148,0.0,1.4285714285714286,-3.125629286771107,-2.5572596186657854
0,t0112_t0106_seed77_replicate,77,2,155,0.0,0.7142857142857143,-4.928552911573641,-4.663631488786927
0,t0112_t0106_seed77_replicate,77,2,161,0.0,0.7142857142857143,-0.44262502262276887,-1.4114549503967677
0,t0112_t0106_seed77_replicate,77,2,164,0.0,0.7142857142857143,-4.810986482949276,-2.1876851974961364
0,t0112_t0106_seed77_replicate,77,2,169,0.0,0.7142857142857143,-2.0730947349994397,-0.5035197386713104
0,t0112_t0106_seed77_replicate,77,2,170,0.0,0.7142857142857143,-0.10686184887900621,-0.9147651618863144
0,t0112_t0106_seed77_replicate,77,2,171,0.0,0.7142857142857143,-0.6936975437119182,-1.5527149194876213
0,t0112_t0106_seed77_replicate,77,2,172,0.0,0.7142857142857143,-1.7257247796311739,-0.9930205005297759
0,t0112_t0106_seed77_replicate,77,2,173,0.0,0.7142857142857143,-3.175078227369603,0.20718589397068937
0,t0112_t0106_seed77_replicate,77,2,174,0.0,0.7142857142857143,-3.2663009229146525,-0.9609394286986073
0,t0112_t0106_seed77_replicate,77,2,175,0.0,0.7142857142857143,-0.5455601973121538,-1.4320672420402345
0,t0112_t0106_seed77_replicate,77,2,176,0.0,0.7142857142857143,-3.33616728693897,-0.9039995323457846
0,t0112_t0106_seed77_replicate,77,2,177,0.0,0.7142857142857143,-3.37373387886084,-4.561306695477604
0,t0112_t0106_seed77_replicate,77,2,181,0.0,0.7142857142857143,-2.2906985171978587,-2.366482706694188
0,t0112_t0106_seed77_replicate,77,2,182,0.0,0.7142857142857143,-1.8582942123257198,-1.4863070274219723
0,t0112_t0106_seed77_replicate,77,2,184,0.0,0.7142857142857143,-2.0247616736469594,-2.6176649747822824
0,t0112_t0106_seed77_replicate,77,2,187,0.0,0.7142857142857143,-0.40595718456687774,-1.6124448459147103
0,t0112_t0106_seed77_replicate,77,2,189,0.0,0.7142857142857143,-2.3757092095447905,-2.420078659106607
0,t0112_t0106_seed77_replicate,77,2,190,0.0,0.7142857142857143,-2.8971049113502003,-0.8660544202733536
3,t0112_t0106_seed77_replicate,77,3,192,6.123233995736766e-17,58.57142857142858,-1.4436219160697874,-1.718328160296704
0,t0112_t0106_seed77_replicate,77,3,193,0.02040816326530612,17.857142857142858,-1.4731559535756429,-2.856824139739473
0,t0112_t0106_seed77_replicate,77,3,194,0.07317073170731708,10.476190476190476,-3.1551605308453308,-0.3889853316377539
0,t0112_t0106_seed77_replicate,77,3,195,0.0062111801242235795,19.04761904761905,-0.8174011880583901,-2.5863593042030932
0,t0112_t0106_seed77_replicate,77,3,196,0.006134969325153353,19.523809523809526,-1.0737092466856064,-1.2810680330726905
0,t0112_t0106_seed77_replicate,77,3,199,0.008130081300813066,14.761904761904765,-0.35026427586236897,-1.082143820008814
0,t0112_t0106_seed77_replicate,77,3,200,0.024390243902439,9.523809523809526,-2.4308803472794844,-2.3941368339079983
0,t0112_t0106_seed77_replicate,77,3,201,0.050000000000000024,5.0,-2.0274587109357802,-0.6612996174399028
0,t0112_t0106_seed77_replicate,77,3,202,0.012345679012345635,9.761904761904763,-2.0216309816756954,-1.6129299759302695
0,t0112_t0106_seed77_replicate,77,3,206,0.014925373134328384,8.095238095238097,-0.9777678971314129,-2.574492152698679
0,t0112_t0106_seed77_replicate,77,3,208,6.123233995736766e-17,21.42857142857143,-1.3515431064965042,-0.5190662708713332
0,t0112_t0106_seed77_replicate,77,3,209,6.123233995736766e-17,19.28571428571429,-1.8857800241453104,-1.842603820131556
0,t0112_t0106_seed77_replicate,77,3,210,6.123233995736766e-17,19.28571428571429,-1.852818104658311,-2.1460292679970685
0,t0112_t0106_seed77_replicate,77,3,211,6.123233995736766e-17,17.857142857142858,-2.036486276371625,-0.1923520461514629
0,t0112_t0106_seed77_replicate,77,3,214,6.123233995736766e-17,16.42857142857143,-4.759217500974637,-0.3004479016673224
0,t0112_t0106_seed77_replicate,77,3,216,6.123233995736766e-17,14.285714285714286,-2.9088548424531373,-1.9403648115182528
0,t0112_t0106_seed77_replicate,77,3,218,6.123233995736766e-17,13.571428571428573,-0.2466750387919254,-2.4785188545510635
0,t0112_t0106_seed77_replicate,77,3,222,6.123233995736766e-17,12.142857142857144,-3.694934559253806,-3.8639879253603127
0,t0112_t0106_seed77_replicate,77,3,223,6.123233995736766e-17,12.142857142857144,-0.6425501710208705,-1.9300589635209688
0,t0112_t0106_seed77_replicate,77,3,224,6.123233995736766e-17,12.142857142857144,-0.790230619247137,-1.1416073276290295
0,t0112_t0106_seed77_replicate,77,3,228,6.123233995736766e-17,10.714285714285715,-1.246825387072192,-1.565739509416912
0,t0112_t0106_seed77_replicate,77,3,231,6.123233995736766e-17,10.0,-0.9057468603754946,-2.291024360668052
0,t0112_t0106_seed77_replicate,77,3,232,6.123233995736766e-17,10.0,-1.2518324197657067,-1.4177691454469745
0,t0112_t0106_seed77_replicate,77,3,236,6.123233995736766e-17,9.285714285714286,-2.1603025542463357,-2.4034363049035727
0,t0112_t0106_seed77_replicate,77,3,237,6.123233995736766e-17,9.285714285714286,-1.8162800075764858,0.08194073660340664
0,t0112_t0106_seed77_replicate,77,3,240,6.123233995736766e-17,7.857142857142858,-3.918098296489816,-0.016260718040975168
0,t0112_t0106_seed77_replicate,77,3,241,6.123233995736766e-17,7.857142857142858,-2.682412064235908,-2.048110457839627
0,t0112_t0106_seed77_replicate,77,3,242,6.123233995736766e-17,7.857142857142858,-1.7935442448530183,-0.8999331393733909
0,t0112_t0106_seed77_replicate,77,3,243,6.123233995736766e-17,7.857142857142858,-2.2662624858452136,-1.3267414390797612
0,t0112_t0106_seed77_replicate,77,3,246,6.123233995736766e-17,7.142857142857143,-0.776324232729459,-1.1144790205572166
0,t0112_t0106_seed77_replicate,77,3,247,6.123233995736766e-17,7.142857142857143,-2.165939174581836,-1.5868062543347006
0,t0112_t0106_seed77_replicate,77,3,248,6.123233995736766e-17,7.142857142857143,-0.43302748979383526,-2.0656628622880877
0,t0112_t0106_seed77_replicate,77,3,249,6.123233995736766e-17,7.142857142857143,-3.446912360543568,-0.7937682720994693
0,t0112_t0106_seed77_replicate,77,3,254,6.123233995736766e-17,6.428571428571429,-1.1380375625564831,-1.4916504057961049
0,t0112_t0106_seed77_replicate,77,3,255,6.123233995736766e-17,6.428571428571429,-3.165030537994478,-0.3628140410739933
0,t0112_t0106_seed77_replicate,77,3,258,6.123233995736766e-17,5.714285714285714,-0.707150851692456,-1.5612141404466113
0,t0112_t0106_seed77_replicate,77,3,259,6.123233995736766e-17,5.714285714285714,-2.5034043976856144,-2.2557356421414756
0,t0112_t0106_seed77_replicate,77,3,260,6.123233995736766e-17,5.714285714285714,-0.9844170248768683,-2.1170188391501865
0,t0112_t0106_seed77_replicate,77,3,265,6.123233995736766e-17,5.0,-3.87735188325105,-1.183759133102015
0,t0112_t0106_seed77_replicate,77,3,269,6.123233995736766e-17,4.285714285714286,-3.6249538379409367,-0.4496022603944587
0,t0112_t0106_seed77_replicate,77,3,270,6.123233995736766e-17,4.285714285714286,-0.31119530543518875,-1.7353102397945965
0,t0112_t0106_seed77_replicate,77,3,271,6.123233995736766e-17,4.285714285714286,-4.248578476916705,-1.4193306597921453
0,t0112_t0106_seed77_replicate,77,3,272,6.123233995736766e-17,4.285714285714286,-2.831848467101188,-0.53012102550909
0,t0112_t0106_seed77_replicate,77,3,273,6.123233995736766e-17,4.285714285714286,-2.823919689074435,-1.0800509935006901
0,t0112_t0106_seed77_replicate,77,3,278,6.123233995736766e-17,3.5714285714285716,-3.2491021550263044,-1.7606138681074128
0,t0112_t0106_seed77_replicate,77,3,279,6.123233995736766e-17,3.5714285714285716,-3.5531088650373857,-4.207658529628472
0,t0112_t0106_seed77_replicate,77,3,284,0.0,2.857142857142857,-2.157869057978425,-0.9606564375240693
0,t0112_t0106_seed77_replicate,77,3,285,0.0,2.857142857142857,-3.2029814504890974,-0.9680878363461607
0,t0112_t0106_seed77_replicate,77,3,286,0.0,2.857142857142857,-2.7536038890323455,-2.65654725599456
0,t0112_t0106_seed77_replicate,77,3,287,0.0,2.857142857142857,-3.4941563918695007,-2.193385082944349
0,t0112_t0106_seed77_replicate,77,4,291,0.030303030303030356,16.190476190476193,-1.6399167297351014,-1.2373209365069295
0,t0112_t0106_seed77_replicate,77,4,292,0.16666666666666666,7.142857142857143,-0.6711841787478128,-2.9125723486944763
0,t0112_t0106_seed77_replicate,77,4,293,0.01195219123505976,30.23809523809524,-2.046497521646395,-1.0271676341297478
0,t0112_t0106_seed77_replicate,77,4,295,0.02499999999999998,9.761904761904763,-0.4782175337154879,-2.1004804539301354
0,t0112_t0106_seed77_replicate,77,4,301,0.009523809523809592,12.380952380952381,-0.17496594747752825,-1.484452826312863
0,t0112_t0106_seed77_replicate,77,4,302,0.006622516556291368,17.857142857142858,-2.2458047842010904,-1.3837230543807504
0,t0112_t0106_seed77_replicate,77,4,303,0.006993006993006968,17.142857142857142,-1.60004527540019,-2.813039244808143
0,t0112_t0106_seed77_replicate,77,4,304,6.123233995736766e-17,35.714285714285715,-2.552971627609826,0.6519133709549029
0,t0112_t0106_seed77_replicate,77,4,308,6.123233995736766e-17,25.714285714285715,-0.3958807781010528,-2.704629874189036
0,t0112_t0106_seed77_replicate,77,4,312,0.01639344262295085,7.380952380952382,-3.542017478981073,-3.4244908650517143
0,t0112_t0106_seed77_replicate,77,4,313,6.123233995736766e-17,23.571428571428573,-1.346561787424919,-2.5341654896383963
0,t0112_t0106_seed77_replicate,77,4,315,6.123233995736766e-17,22.142857142857146,-1.287838251431957,0.3892078287405201
0,t0112_t0106_seed77_replicate,77,4,317,6.123233995736766e-17,20.0,-1.2302324542415806,-0.6327171221821142
0,t0112_t0106_seed77_replicate,77,4,318,6.123233995736766e-17,20.0,-2.091369308723006,-1.7396099870095736
0,t0112_t0106_seed77_replicate,77,4,319,6.123233995736766e-17,20.0,-1.7931489772831597,-0.9918010681687194
0,t0112_t0106_seed77_replicate,77,4,322,6.123233995736766e-17,19.28571428571429,-3.8493557605396638,-0.4935256789724951
0,t0112_t0106_seed77_replicate,77,4,324,6.123233995736766e-17,17.857142857142858,-1.3599268405569425,-1.3297110009589785
0,t0112_t0106_seed77_replicate,77,4,325,6.123233995736766e-17,17.857142857142858,-2.2759421766431576,-1.2246063722428222
0,t0112_t0106_seed77_replicate,77,4,326,6.123233995736766e-17,17.857142857142858,-2.059455182205116,-0.10657964999872678
0,t0112_t0106_seed77_replicate,77,4,327,6.123233995736766e-17,17.857142857142858,-1.0292310676387724,-0.7182138601122531
0,t0112_t0106_seed77_replicate,77,4,329,6.123233995736766e-17,17.142857142857142,-0.8696832800727895,-0.03053004461786843
0,t0112_t0106_seed77_replicate,77,4,332,6.123233995736766e-17,15.714285714285715,-1.665438358520533,-0.002019399434491245
0,t0112_t0106_seed77_replicate,77,4,333,6.123233995736766e-17,15.714285714285715,-2.6756531711125904,-0.555961957423512
0,t0112_t0106_seed77_replicate,77,4,334,6.123233995736766e-17,15.714285714285715,-3.0331349328184114,-2.7014439278892697
0,t0112_t0106_seed77_replicate,77,4,335,6.123233995736766e-17,15.238095238095239,-0.6554671377160741,-1.8021021840091542
0,t0112_t0106_seed77_replicate,77,4,338,6.123233995736766e-17,14.285714285714286,-1.8042548976218393,-2.884787763656334
0,t0112_t0106_seed77_replicate,77,4,339,6.123233995736766e-17,14.285714285714286,-1.729619686128036,-0.6836930705764858
0,t0112_t0106_seed77_replicate,77,4,340,6.123233995736766e-17,14.04761904761905,-2.4975642788567156,-1.730838042509258
0,t0112_t0106_seed77_replicate,77,4,341,6.123233995736766e-17,13.80952380952381,-0.6711916939562977,-1.4458030867104719
0,t0112_t0106_seed77_replicate,77,4,344,6.123233995736766e-17,13.571428571428573,-0.6859017925038244,-0.10523570338127236
3,t0112_t0106_seed77_replicate,77,4,345,6.123233995736766e-17,13.571428571428573,-2.3089753766313397,-0.8734784834175049
0,t0112_t0106_seed77_replicate,77,4,348,6.123233995736766e-17,12.857142857142858,-1.4639187062769206,-1.1483685021407657
0,t0112_t0106_seed77_replicate,77,4,354,6.123233995736766e-17,11.428571428571429,-1.9155677348909304,-1.0708197170029203
0,t0112_t0106_seed77_replicate,77,4,358,6.123233995736766e-17,10.714285714285715,-0.49006847812412285,-2.3487451624266904
0,t0112_t0106_seed77_replicate,77,4,363,6.123233995736766e-17,10.0,-0.9504150103465027,-2.0132417449515696
0,t0112_t0106_seed77_replicate,77,4,364,6.123233995736766e-17,10.0,-1.7412770239976572,-3.6653604063173306
3,t0112_t0106_seed77_replicate,77,4,370,6.123233995736766e-17,9.285714285714286,-2.002915702519078,-0.4885673733474132
0,t0112_t0106_seed77_replicate,77,4,371,6.123233995736766e-17,9.285714285714286,-1.3911674108394534,-2.052141572772543
0,t0112_t0106_seed77_replicate,77,4,372,6.123233995736766e-17,9.285714285714286,-3.3650884698339874,-2.008250088229972
0,t0112_t0106_seed77_replicate,77,4,373,6.123233995736766e-17,9.285714285714286,-2.487630740822149,-2.429755189036432
0,t0112_t0106_seed77_replicate,77,4,374,6.123233995736766e-17,9.285714285714286,-1.7604570535840516,-2.880080642690738
0,t0112_t0106_seed77_replicate,77,4,375,6.123233995736766e-17,9.285714285714286,-2.0575920907741487,-1.9050783636711481
0,t0112_t0106_seed77_replicate,77,4,377,6.123233995736766e-17,8.571428571428571,-1.3089969407960205,-0.90737846224741
0,t0112_t0106_seed77_replicate,77,4,378,6.123233995736766e-17,8.571428571428571,-0.19247608346153522,-1.343895085128911
0,t0112_t0106_seed77_replicate,77,4,379,6.123233995736766e-17,8.571428571428571,-0.6815422394845837,-2.8917223982586893
0,t0112_t0106_seed77_replicate,77,4,380,6.123233995736766e-17,8.571428571428571,-3.7795007654483723,-1.0134532011914812
0,t0112_t0106_seed77_replicate,77,5,386,0.312,19.523809523809526,-0.41108078236604995,0.19442137797341785
0,t0112_t0106_seed77_replicate,77,5,387,0.04040404040404042,24.523809523809526,-2.898760049513035,0.20500152844522787
0,t0112_t0106_seed77_replicate,77,5,391,0.05172413793103449,14.523809523809524,-1.554313812581646,-2.514516916022107
0,t0112_t0106_seed77_replicate,77,5,392,0.005586592178770929,21.190476190476193,-1.9097829247785185,-1.1841576075237137
0,t0112_t0106_seed77_replicate,77,5,393,0.030674846625766895,20.0,-1.9721112559720824,-2.1455462260327307
0,t0112_t0106_seed77_replicate,77,5,394,6.123233995736766e-17,47.142857142857146,-2.5395763267635054,-0.9365135107098225
0,t0112_t0106_seed77_replicate,77,5,395,0.09999999999999999,4.285714285714286,-3.7368157903093935,-1.9551917601594586
0,t0112_t0106_seed77_replicate,77,5,397,0.037037037037037035,9.285714285714286,-2.0957489017137734,-1.6835742753286023
0,t0112_t0106_seed77_replicate,77,5,402,6.123233995736766e-17,41.42857142857143,0.9226969076291894,-2.204154183584953
0,t0112_t0106_seed77_replicate,77,5,403,0.033333333333333395,7.380952380952382,-0.8926878994287132,-4.134133784920637
0,t0112_t0106_seed77_replicate,77,5,405,0.013513513513513539,17.38095238095238,-4.932875919034642,-0.6406842532107915
0,t0112_t0106_seed77_replicate,77,5,406,0.014705882352941204,16.42857142857143,-1.3210318448362501,-2.381028524490965
0,t0112_t0106_seed77_replicate,77,5,407,0.015384615384615413,15.714285714285715,-2.0071881553050113,-1.382506021534833
0,t0112_t0106_seed77_replicate,77,5,408,0.024390243902439025,14.285714285714286,-0.8945451641091408,-2.0945388356176435
0,t0112_t0106_seed77_replicate,77,5,409,0.01639344262295085,14.761904761904765,-2.8544658437423043,-0.8598976336843792
0,t0112_t0106_seed77_replicate,77,5,410,0.030303030303030304,12.142857142857144,-1.798527331090258,-1.5756731265783386
0,t0112_t0106_seed77_replicate,77,5,411,6.123233995736766e-17,40.714285714285715,-0.4863027402101441,-1.1540351905782609
0,t0112_t0106_seed77_replicate,77,5,413,0.0072992700729926745,16.190476190476193,-2.218498522891843,-1.155862743994964
0,t0112_t0106_seed77_replicate,77,5,418,0.029411764705882328,8.333333333333334,-1.658434972343069,-3.645007995650658
3,t0112_t0106_seed77_replicate,77,5,419,0.02127659574468083,11.428571428571429,-2.6774126286321738,0.0687055525070646
0,t0112_t0106_seed77_replicate,77,5,421,0.006993006993006968,16.904761904761905,-1.3456939900433207,-2.5164024225073773
0,t0112_t0106_seed77_replicate,77,5,425,0.011235955056179796,10.714285714285715,-1.1028653748874835,-1.794306069187614
0,t0112_t0106_seed77_replicate,77,5,426,6.123233995736766e-17,28.571428571428573,-0.038057233009964296,-1.0879836170000994
0,t0112_t0106_seed77_replicate,77,5,431,0.015384615384615413,7.857142857142858,-0.7388109576022724,-1.2094338802566278
0,t0112_t0106_seed77_replicate,77,5,433,6.123233995736766e-17,24.28571428571429,-0.384898531794486,-3.419869933992531
0,t0112_t0106_seed77_replicate,77,5,434,6.123233995736766e-17,24.28571428571429,-0.6372488384915898,-3.127238680893842
0,t0112_t0106_seed77_replicate,77,5,437,6.123233995736766e-17,22.857142857142858,-1.4626423082913647,0.13618568148334131
0,t0112_t0106_seed77_replicate,77,5,440,6.123233995736766e-17,20.714285714285715,-1.9655734493723127,-2.631918541118629
0,t0112_t0106_seed77_replicate,77,5,444,6.123233995736766e-17,20.0,-2.687500266114613,-0.5839303125930487
0,t0112_t0106_seed77_replicate,77,5,445,6.123233995736766e-17,20.0,-1.1851557151492669,-1.4246124613572104
0,t0112_t0106_seed77_replicate,77,5,446,6.123233995736766e-17,20.0,-1.7885171941640234,-2.295677115061698
0,t0112_t0106_seed77_replicate,77,5,450,6.123233995736766e-17,18.571428571428573,-0.5504827379103818,-0.11476197885969933
0,t0112_t0106_seed77_replicate,77,5,451,6.123233995736766e-17,18.571428571428573,-1.2924720299702377,-0.15893986577265093
0,t0112_t0106_seed77_replicate,77,5,452,6.123233995736766e-17,18.571428571428573,-1.60317228994825,0.02182237056931724
0,t0112_t0106_seed77_replicate,77,5,453,6.123233995736766e-17,18.571428571428573,0.9081220602214152,-1.8835295877374751
0,t0112_t0106_seed77_replicate,77,5,454,6.123233995736766e-17,18.571428571428573,-1.5871557581203684,-2.371497950478639
0,t0112_t0106_seed77_replicate,77,5,460,6.123233995736766e-17,17.857142857142858,-0.8886136502415329,-1.3913516210046104
0,t0112_t0106_seed77_replicate,77,5,463,6.123233995736766e-17,17.142857142857142,-1.686360726475168,-1.0473531902746585
0,t0112_t0106_seed77_replicate,77,5,466,6.123233995736766e-17,16.42857142857143,-2.3640095758455533,-2.0879876805606186
0,t0112_t0106_seed77_replicate,77,5,467,6.123233995736766e-17,16.42857142857143,-1.2738865996671216,-1.4383086409958366
0,t0112_t0106_seed77_replicate,77,5,468,6.123233995736766e-17,16.42857142857143,-2.8658885700938126,-1.7474599806664763
0,t0112_t0106_seed77_replicate,77,5,472,6.123233995736766e-17,15.714285714285715,-2.013747067042083,-1.556530943451285
0,t0112_t0106_seed77_replicate,77,5,473,6.123233995736766e-17,15.714285714285715,-1.8448364550335914,-1.9970025269123028
0,t0112_t0106_seed77_replicate,77,5,474,6.123233995736766e-17,15.714285714285715,-1.6071625132710534,-1.9616377000291276
0,t0112_t0106_seed77_replicate,77,5,476,6.123233995736766e-17,15.000000000000002,-1.7819978945447172,-2.768908240827715
0,t0112_t0106_seed77_replicate,77,5,478,6.123233995736766e-17,15.000000000000002,0.15445715896676296,-0.7694060090820721
0,t0112_t0106_seed77_replicate,77,5,479,6.123233995736766e-17,15.000000000000002,-1.4882457457719749,-0.8431731350514623
3,t0112_t0106_seed77_replicate,77,6,483,0.022556390977443608,46.42857142857143,-1.1367806041644681,-1.5690534004521455
0,t0112_t0106_seed77_replicate,77,6,488,0.06930693069306933,11.190476190476192,-0.8860555016478464,-2.4937354199192194
0,t0112_t0106_seed77_replicate,77,6,489,0.03296703296703297,22.380952380952383,-1.8228387230017276,-3.0280578227886243
0,t0112_t0106_seed77_replicate,77,6,491,0.02127659574468083,22.857142857142858,-0.8477529011725743,-1.2997773534863755
0,t0112_t0106_seed77_replicate,77,6,494,0.035087719298245675,13.095238095238095,-1.6000233185040682,-3.4283363421153896
0,t0112_t0106_seed77_replicate,77,6,498,0.00884955752212386,26.66666666666667,-2.154493262528187,-1.5759476482124841
0,t0112_t0106_seed77_replicate,77,6,499,6.123233995736766e-17,45.0,-1.161760103340553,-1.8917513198035851
0,t0112_t0106_seed77_replicate,77,6,503,0.01818181818181818,19.28571428571429,-0.8767694825461083,-1.8689006438403646
0,t0112_t0106_seed77_replicate,77,6,506,6.123233995736766e-17,42.85714285714286,0.5863032818311439,-2.3272523318165836
0,t0112_t0106_seed77_replicate,77,6,515,0.006451612903225783,18.571428571428573,-1.2838248537174988,-2.9663896871084456
0,t0112_t0106_seed77_replicate,77,6,517,0.017241379310344855,14.04761904761905,-3.3781639720555194,-1.152420180288798
0,t0112_t0106_seed77_replicate,77,6,521,0.028571428571428543,8.571428571428571,-3.0262197932975674,-3.1357672458414254
0,t0112_t0106_seed77_replicate,77,6,525,0.00799999999999997,15.000000000000002,-5.214113100232269,-0.5988291217246446
0,t0112_t0106_seed77_replicate,77,6,534,6.123233995736766e-17,37.85714285714286,-1.9743670294296243,-1.1171812627388238
3,t0112_t0106_seed77_replicate,77,6,540,0.020408163265306156,5.952380952380953,-2.343014438255381,-0.450624901099197
0,t0112_t0106_seed77_replicate,77,6,541,6.123233995736766e-17,36.42857142857143,0.2959286369128704,-0.8980751656216147
0,t0112_t0106_seed77_replicate,77,6,543,6.123233995736766e-17,35.0,-4.040483173579333,0.002317764960796659
0,t0112_t0106_seed77_replicate,77,6,544,6.123233995736766e-17,33.57142857142858,-2.456041129936308,1.1854260112812856
0,t0112_t0106_seed77_replicate,77,6,545,6.123233995736766e-17,31.42857142857143,0.6356566346342135,-2.3875304063033473
0,t0112_t0106_seed77_replicate,77,6,546,6.123233995736766e-17,30.714285714285715,-0.297739894430424,-3.2482004651100636
0,t0112_t0106_seed77_replicate,77,6,547,6.123233995736766e-17,30.714285714285715,-2.2483323923050995,-0.3017032240087918
0,t0112_t0106_seed77_replicate,77,6,548,6.123233995736766e-17,30.000000000000004,-3.1570552016897238,-0.2692193972314285
0,t0112_t0106_seed77_replicate,77,6,550,6.123233995736766e-17,28.571428571428573,0.20590693018718692,-2.557814593517019
3,t0112_t0106_seed77_replicate,77,6,551,6.123233995736766e-17,26.42857142857143,-1.4302425409436215,-1.217996802247887
0,t0112_t0106_seed77_replicate,77,6,553,6.123233995736766e-17,25.714285714285715,-2.5262284422042294,-1.2667419573688417
0,t0112_t0106_seed77_replicate,77,6,556,6.123233995736766e-17,24.28571428571429,-1.0377249442275014,-1.6736793409792567
0,t0112_t0106_seed77_replicate,77,6,558,6.123233995736766e-17,23.571428571428573,-2.6299057383926114,0.65149023290876
0,t0112_t0106_seed77_replicate,77,6,562,6.123233995736766e-17,22.142857142857146,-1.0727707715844412,-2.259956836196673
0,t0112_t0106_seed77_replicate,77,6,563,6.123233995736766e-17,22.142857142857146,-1.74903516628425,-0.24395861048653747
0,t0112_t0106_seed77_replicate,77,6,565,6.123233995736766e-17,21.42857142857143,-2.3279219845613226,-0.8251661359805035
0,t0112_t0106_seed77_replicate,77,6,566,6.123233995736766e-17,21.42857142857143,-0.9166301198544748,-1.6708598699082593
0,t0112_t0106_seed77_replicate,77,6,568,6.123233995736766e-17,20.714285714285715,-1.060131430269516,-1.1111462905409766
0,t0112_t0106_seed77_replicate,77,6,569,6.123233995736766e-17,20.714285714285715,-1.603672773292802,-1.4926886490320264
0,t0112_t0106_seed77_replicate,77,6,570,6.123233995736766e-17,20.714285714285715,-1.7833005339790065,-1.7049531602224746
0,t0112_t0106_seed77_replicate,77,6,572,6.123233995736766e-17,20.0,-1.3587866293763564,-1.8503173972713651
0,t0112_t0106_seed77_replicate,77,6,573,6.123233995736766e-17,20.0,-0.06665414600013568,-2.6782289748403443
0,t0112_t0106_seed77_replicate,77,7,578,6.123233995736766e-17,65.0,0.04137902811825484,-1.5086547368116492
0,t0112_t0106_seed77_replicate,77,7,579,0.0023980815347722506,49.761904761904766,-2.5248285976206892,-1.7757159246924645
0,t0112_t0106_seed77_replicate,77,7,580,0.07200000000000001,31.904761904761905,-0.02959488484336708,-2.1078857834444356
0,t0112_t0106_seed77_replicate,77,7,581,0.13513513513513517,20.0,-2.0736994689228525,-0.5622911917174651
0,t0112_t0106_seed77_replicate,77,7,582,0.002114164904862549,56.1904761904762,-0.03228640066851017,-3.5830325056633354
0,t0112_t0106_seed77_replicate,77,7,583,0.1727748691099477,18.80952380952381,-0.8635816151287933,0.5914114901477293
0,t0112_t0106_seed77_replicate,77,7,584,0.005494505494505475,43.0952380952381,0.3660326809974245,-2.904118625440998
0,t0112_t0106_seed77_replicate,77,7,585,0.00632911392405061,37.38095238095239,-1.770488683071165,-2.430418126325694
0,t0112_t0106_seed77_replicate,77,7,589,0.014084507042253521,25.0,0.1951416435878594,-1.5560766846097973
0,t0112_t0106_seed77_replicate,77,7,590,0.07692307692307693,20.0,-0.40314713544153796,-1.6906114648813224
0,t0112_t0106_seed77_replicate,77,7,592,0.08029197080291972,15.000000000000002,-1.2012923079158173,-1.2509997353900857
0,t0112_t0106_seed77_replicate,77,7,597,0.004184100418410072,28.333333333333332,-2.994775340622074,-0.39659732748606547
0,t0112_t0106_seed77_replicate,77,7,598,0.009174311926605474,26.19047619047619,-2.2780936866102377,-1.6482708469546457
0,t0112_t0106_seed77_replicate,77,7,603,6.123233995736766e-17,47.85714285714286,-2.0299965413441483,-0.7251095242804435
0,t0112_t0106_seed77_replicate,77,7,605,0.010869565217391325,22.142857142857146,-1.3494427001968672,-0.9440267737061021
0,t0112_t0106_seed77_replicate,77,7,609,0.04347826086956524,5.238095238095238,-2.834965272311315,-1.0234333697308378
0,t0112_t0106_seed77_replicate,77,7,612,0.024390243902439,20.0,-0.5952318931631972,-3.9362086693525944
0,t0112_t0106_seed77_replicate,77,7,615,6.123233995736766e-17,45.714285714285715,-1.2757524809875707,-2.362871935892644
0,t0112_t0106_seed77_replicate,77,7,616,6.123233995736766e-17,45.714285714285715,0.6078564238548178,-1.5565058440444002
0,t0112_t0106_seed77_replicate,77,7,622,0.023255813953488372,15.714285714285715,-1.4769706532468636,-1.4389832300931997
0,t0112_t0106_seed77_replicate,77,7,623,0.021582733812949638,16.190476190476193,-1.2563802056456688,-2.7440602578431657
0,t0112_t0106_seed77_replicate,77,7,637,0.014925373134328384,16.190476190476193,0.052241052879484315,-1.6961130058781912
0,t0112_t0106_seed77_replicate,77,7,649,0.010526315789473703,11.190476190476192,-2.738866746933434,-2.190686679315754
0,t0112_t0106_seed77_replicate,77,7,650,0.00934579439252333,12.857142857142858,-2.1047895756786015,-1.840568625266382
3,t0112_t0106_seed77_replicate,77,7,651,0.010101010101010173,11.904761904761907,-2.221227522727324,0.17835699091125737
0,t0112_t0106_seed77_replicate,77,7,653,6.123233995736766e-17,41.42857142857143,-1.5282482291672532,-0.9614084943251284
0,t0112_t0106_seed77_replicate,77,7,660,0.014084507042253547,8.571428571428571,-2.1072705075235003,-2.529955653279459
0,t0112_t0106_seed77_replicate,77,7,663,0.01298701298701301,9.047619047619047,-5.0677763755465834,-1.2872777705265765
0,t0112_t0106_seed77_replicate,77,7,664,6.123233995736766e-17,40.0,-2.0767485586310084,-2.006842729679573
0,t0112_t0106_seed77_replicate,77,7,665,6.123233995736766e-17,38.57142857142858,-2.7454293229206193,-0.3265861139680749
0,t0112_t0106_seed77_replicate,77,7,666,6.123233995736766e-17,38.57142857142858,-1.788024451371799,-0.98993886340956
0,t0112_t0106_seed77_replicate,77,7,668,6.123233995736766e-17,37.85714285714286,0.15181272939999463,-2.580911449949445
0,t0112_t0106_seed77_replicate,77,7,669,6.123233995736766e-17,37.85714285714286,-1.9292539624137812,-0.5622227008152655
0,t0112_t0106_seed77_replicate,77,7,670,6.123233995736766e-17,37.142857142857146,-1.6832476876932256,-0.5159479367006392
0,t0112_t0106_seed77_replicate,77,7,671,6.123233995736766e-17,37.142857142857146,-2.103650298619656,1.3750406629164813
0,t0112_t0106_seed77_replicate,77,8,679,0.03206997084548103,39.523809523809526,-0.8751414924013954,-1.6863513731388797
0,t0112_t0106_seed77_replicate,77,8,681,0.19512195121951215,7.857142857142858,-1.7524986708451136,-2.4680713807632078
0,t0112_t0106_seed77_replicate,77,8,689,0.011235955056179775,31.42857142857143,-2.4529010153966584,0.6411591437095479
0,t0112_t0106_seed77_replicate,77,8,691,0.1333333333333334,8.095238095238097,-1.6874435224360869,-2.0157486053009195
0,t0112_t0106_seed77_replicate,77,8,696,0.0033898305084746,35.23809523809524,-3.1171848342392736,-2.122869979089611
0,t0112_t0106_seed77_replicate,77,8,703,0.11627906976744189,4.523809523809524,-3.1043418021261147,-2.3045962825980673
0,t0112_t0106_seed77_replicate,77,8,704,6.123233995736766e-17,53.57142857142858,-0.8102957949847454,-3.1663865921651277
0,t0112_t0106_seed77_replicate,77,8,707,0.035714285714285685,13.80952380952381,-1.9012258278791392,-1.922307347313742
0,t0112_t0106_seed77_replicate,77,8,712,6.123233995736766e-17,52.142857142857146,-0.036523996440943035,-1.1774478166204174
0,t0112_t0106_seed77_replicate,77,8,717,6.123233995736766e-17,50.714285714285715,-1.92393562180974,-0.8816246872207535
0,t0112_t0106_seed77_replicate,77,8,722,0.018633540372670808,19.523809523809526,-2.2694282459745807,-0.567597816237598
0,t0112_t0106_seed77_replicate,77,8,723,0.02097902097902098,17.38095238095238,-1.6062499129970589,-1.3482303662735147
0,t0112_t0106_seed77_replicate,77,8,726,0.03225806451612903,11.428571428571429,-1.8681510676315938,-2.4886508323937413
0,t0112_t0106_seed77_replicate,77,8,727,6.123233995736766e-17,48.57142857142858,-2.479859312126898,-1.783166101140549
0,t0112_t0106_seed77_replicate,77,8,728,0.0196078431372549,17.857142857142858,-2.2423109296150017,-3.127821212649373
0,t0112_t0106_seed77_replicate,77,8,744,0.01428571428571431,16.904761904761905,-4.4549987427572075,-1.5498169818602507
0,t0112_t0106_seed77_replicate,77,8,745,0.013157894736842127,17.857142857142858,-1.388789232391626,-1.9906657440986995
0,t0112_t0106_seed77_replicate,77,8,746,0.016129032258064547,15.000000000000002,-1.2525300882797328,-1.0238221739936972
0,t0112_t0106_seed77_replicate,77,8,748,0.02499999999999998,9.285714285714286,-5.15701473095926,-2.1514731848069792
0,t0112_t0106_seed77_replicate,77,8,751,6.123233995736766e-17,47.142857142857146,-1.3940102885296455,-0.8577198228624108
0,t0112_t0106_seed77_replicate,77,8,752,6.123233995736766e-17,47.142857142857146,-1.830694678048426,-0.0419709594413026
0,t0112_t0106_seed77_replicate,77,8,765,0.008264462809917328,14.285714285714286,-1.3245720582785214,-2.0794036033504217
0,t0112_t0106_seed77_replicate,77,8,766,0.010752688172042972,10.952380952380954,-1.1870842977515983,-1.0369086820628712
0,t0112_t0106_seed77_replicate,77,8,767,6.123233995736766e-17,46.42857142857143,-1.6595157417273443,-0.7954717944009715
0,t0112_t0106_seed77_replicate,77,9,775,0.00485436893203887,48.80952380952381,-0.6629260296666661,-2.1967622286692525
0,t0112_t0106_seed77_replicate,77,9,776,0.05044510385756674,38.0952380952381,-2.580624473073686,-0.39884070161826213
0,t0112_t0106_seed77_replicate,77,9,777,0.875,0.7142857142857143,-2.576519466088579,-0.574606901463354
0,t0112_t0106_seed77_replicate,77,9,778,0.04225352112676056,40.476190476190474,-0.9458915369891071,-1.019246543169703
0,t0112_t0106_seed77_replicate,77,9,783,0.06666666666666662,20.952380952380953,-0.8836480316065197,-0.4916781047686046
0,t0112_t0106_seed77_replicate,77,9,785,0.048,28.333333333333332,-2.038462552418861,-2.7631945229780186
0,t0112_t0106_seed77_replicate,77,9,789,0.10280373831775703,14.04761904761905,-0.2908256515353571,-2.3397706972060464
0,t0112_t0106_seed77_replicate,77,9,791,0.0028328611898017202,41.904761904761905,-1.533974982496879,-1.4792025971871494
0,t0112_t0106_seed77_replicate,77,9,793,0.04819277108433737,20.714285714285715,-0.3993293104422916,-2.9941768658928756
0,t0112_t0106_seed77_replicate,77,9,799,0.0136986301369863,26.42857142857143,-0.6617506713698128,-1.3062041860673241
0,t0112_t0106_seed77_replicate,77,9,800,0.012552301255230125,28.809523809523814,-2.535042673530991,-2.542974617072281
3,t0112_t0106_seed77_replicate,77,9,806,6.123233995736766e-17,53.57142857142858,-1.579767352938665,-1.8631586150300823
0,t0112_t0106_seed77_replicate,77,9,807,0.045161290322580615,19.28571428571429,-0.8470040333056268,-2.652875327989932
0,t0112_t0106_seed77_replicate,77,9,808,0.03553299492385785,24.28571428571429,-0.7753192661613387,-3.2736362110609756
0,t0112_t0106_seed77_replicate,77,9,810,0.0035335689045936642,33.57142857142858,-2.3516764930104697,-2.1853817769846886
0,t0112_t0106_seed77_replicate,77,9,811,0.00799999999999997,30.000000000000004,-1.2836822657773856,-0.495873267109556
0,t0112_t0106_seed77_replicate,77,9,812,0.003952569169960502,30.23809523809524,-2.996489403686642,-3.000403371489428
0,t0112_t0106_seed77_replicate,77,9,813,0.003861003861003888,30.952380952380956,-0.352303470219933,-1.73120017241773
0,t0112_t0106_seed77_replicate,77,9,816,0.050000000000000024,9.047619047619047,-3.2113421445183823,-2.1659202314309343
0,t0112_t0106_seed77_replicate,77,9,823,0.03355704697986579,18.333333333333336,-0.6133487191960162,-3.4404901965125
0,t0112_t0106_seed77_replicate,77,9,824,0.010204081632653024,23.0952380952381,-0.30076582751872966,-1.0095221900596112
0,t0112_t0106_seed77_replicate,77,9,826,0.004926108374384272,24.28571428571429,0.3456926267050985,-1.7712302375491622
0,t0112_t0106_seed77_replicate,77,9,832,0.02222222222222226,20.952380952380953,-1.4805019528337788,-2.7573843699493317
0,t0112_t0106_seed77_replicate,77,9,834,0.005235602094240819,22.61904761904762,-2.4222900757897685,-0.3576055835525267
0,t0112_t0106_seed77_replicate,77,9,835,0.005181347150259103,23.0952380952381,-1.5697426644454708,-1.882070348579837
0,t0112_t0106_seed77_replicate,77,9,836,6.123233995736766e-17,49.28571428571429,-1.929342039348134,-1.0017301631006619
0,t0112_t0106_seed77_replicate,77,9,837,6.123233995736766e-17,49.28571428571429,-1.6617728577230961,-0.18370545557960974
0,t0112_t0106_seed77_replicate,77,9,842,0.011764705882352962,20.476190476190478,-1.3892595925600946,-3.143870392746932
0,t0112_t0106_seed77_replicate,77,9,844,0.005405405405405386,22.142857142857146,-1.1594484165614296,0.9460634552062965
0,t0112_t0106_seed77_replicate,77,9,845,0.005405405405405386,22.142857142857146,-2.0598805837190777,-2.3909908892290597
0,t0112_t0106_seed77_replicate,77,9,850,0.024390243902439,19.04761904761905,-1.9541581172832385,-0.9465837095759163
0,t0112_t0106_seed77_replicate,77,9,851,0.0059171597633135885,20.0,-2.390658330476161,-0.8191086501737859
0,t0112_t0106_seed77_replicate,77,9,853,6.123233995736766e-17,47.85714285714286,-2.5389181541303825,-1.4329445793403466
0,t0112_t0106_seed77_replicate,77,9,862,0.022222222222222223,16.42857142857143,-2.1340798750508885,-2.3424133990839784
0,t0112_t0106_seed77_replicate,77,9,863,0.029411764705882328,7.857142857142858,-0.7007221376066712,-1.8357458000598024
3,t0112_t0106_seed77_replicate,77,10,874,0.007556675062972292,46.90476190476191,-3.3260560609318857,-0.0009386325778762301
0,t0112_t0106_seed77_replicate,77,10,875,0.08724832214765098,32.38095238095239,-1.8397502474355572,-0.64597513540449
0,t0112_t0106_seed77_replicate,77,10,876,0.03278688524590164,42.142857142857146,-0.9749573870567934,-1.7724444925124079
0,t0112_t0106_seed77_replicate,77,10,877,0.06666666666666667,35.0,-2.9542224034991063,-1.5929699597347873
0,t0112_t0106_seed77_replicate,77,10,882,0.005128205128205055,46.666666666666664,-0.9264606594587786,-1.283981970607917
0,t0112_t0106_seed77_replicate,77,10,884,0.08675799086757985,23.809523809523814,-0.7414398659446241,-1.3341836730071779
0,t0112_t0106_seed77_replicate,77,10,886,0.0059171597633135885,40.476190476190474,-0.8464570853679396,-1.0270275604151113
0,t0112_t0106_seed77_replicate,77,10,890,6.123233995736766e-17,56.42857142857143,-1.6670368840737182,-1.1933204725295223
0,t0112_t0106_seed77_replicate,77,10,892,0.002816901408450724,42.142857142857146,-0.21700724480097142,-1.0837779639803675
0,t0112_t0106_seed77_replicate,77,10,893,0.0026954177897574316,44.28571428571429,-3.076979228722829,-0.5435854293915102
0,t0112_t0106_seed77_replicate,77,10,894,0.0025575447570332123,46.666666666666664,-2.811007246616838,-1.4008788563856318
0,t0112_t0106_seed77_replicate,77,10,900,0.01730103806228371,33.80952380952381,-1.8934788614276812,-1.0752643263824762
0,t0112_t0106_seed77_replicate,77,10,901,0.0030030030030029605,39.76190476190476,-0.9605336348119179,-1.7422001250268608
0,t0112_t0106_seed77_replicate,77,10,903,0.11475409836065575,6.428571428571429,-1.2547165378213103,-2.7096634099354766
0,t0112_t0106_seed77_replicate,77,10,906,0.018018018018017955,25.952380952380956,-0.2861970239215949,-1.4019318284169986
0,t0112_t0106_seed77_replicate,77,10,912,0.01438848920863312,33.57142857142858,-2.1854099480536258,-0.5657015767487223
0,t0112_t0106_seed77_replicate,77,10,919,0.0033898305084746,35.0,-2.0336332063948266,-1.9399432779793728
0,t0112_t0106_seed77_replicate,77,10,940,0.00961538461538458,25.0,-1.3432103325056646,-0.47182631620839105
0,t0112_t0106_seed77_replicate,77,10,947,0.004739336492891029,25.23809523809524,-1.6769508643092361,0.5249501693010804
0,t0112_t0106_seed77_replicate,77,10,948,0.004608294930875608,25.714285714285715,-1.8545723499996283,-2.0809591688812765
0,t0112_t0106_seed77_replicate,77,10,952,6.123233995736766e-17,50.0,0.006949765246078524,-0.4253146467574312
0,t0112_t0106_seed77_replicate,77,10,953,6.123233995736766e-17,50.0,-2.540752050022078,-0.729501118221669
0,t0112_t0106_seed77_replicate,77,10,954,0.03448275862068962,6.666666666666668,-0.35821892330546123,-3.0739773967423254
0,t0112_t0106_seed77_replicate,77,10,955,0.004926108374384272,24.047619047619047,-0.8570437548978885,-3.5770231343394236
0,t0112_t0106_seed77_replicate,77,11,970,0.06963788300835658,39.76190476190476,-1.01477178957552,-1.203702039630356
0,t0112_t0106_seed77_replicate,77,11,971,0.375,10.476190476190476,-1.3278182428538827,-0.21741948140001963
0,t0112_t0106_seed77_replicate,77,11,972,0.012406947890818896,48.57142857142858,-1.2669692263889842,-1.7004029664445044
0,t0112_t0106_seed77_replicate,77,11,973,6.123233995736766e-17,66.42857142857143,0.646192095454506,-1.8624149505534824
0,t0112_t0106_seed77_replicate,77,11,974,0.11801242236024842,21.42857142857143,-1.4472904210280053,-0.5960035877969103
0,t0112_t0106_seed77_replicate,77,11,976,0.17741935483870966,17.38095238095238,-3.0613550685667072,-1.080773077330604
0,t0112_t0106_seed77_replicate,77,11,977,0.3099415204678363,14.04761904761905,0.37676448110365746,-1.3888110340735673
0,t0112_t0106_seed77_replicate,77,11,978,0.01639344262295082,42.85714285714286,-2.4437468004288085,-0.6817897010102194
0,t0112_t0106_seed77_replicate,77,11,979,0.8064516129032259,0.7142857142857143,-0.4127688607709765,-3.0633854755221317
0,t0112_t0106_seed77_replicate,77,11,987,0.14084507042253525,14.523809523809524,-1.4846043430885065,-1.0671760084987285
0,t0112_t0106_seed77_replicate,77,11,988,0.20408163265306123,9.285714285714286,-0.779454947605218,-2.8721941192305187
0,t0112_t0106_seed77_replicate,77,11,991,0.04320987654320992,36.904761904761905,-1.6444720555439982,-2.001127605295578
0,t0112_t0106_seed77_replicate,77,11,993,0.04999999999999997,35.0,-1.6476816938626302,0.11304701203064808
0,t0112_t0106_seed77_replicate,77,11,994,0.020895522388059723,39.04761904761905,-1.6597741915116624,-1.4633613625460093
0,t0112_t0106_seed77_replicate,77,11,998,0.005586592178770929,42.38095238095239,-1.4151709732982753,-1.4445077696521453
0,t0112_t0106_seed77_replicate,77,11,999,0.005154639175257769,46.42857142857143,-2.8994782081530768,-1.0292824128410654
0,t0112_t0106_seed77_replicate,77,11,1000,0.0025316455696202168,46.90476190476191,-1.1436056587100147,0.3657748719319074
0,t0112_t0106_seed77_replicate,77,11,1001,6.123233995736766e-17,60.714285714285715,-0.9252936022097162,-2.3176933443309995
0,t0112_t0106_seed77_replicate,77,11,1002,0.10294117647058827,14.523809523809524,-1.2014730563155356,-2.474213207263989
0,t0112_t0106_seed77_replicate,77,11,1007,0.02661596958174908,32.142857142857146,-0.8636895848575262,-1.538561368473335
0,t0112_t0106_seed77_replicate,77,11,1010,0.006134969325153353,39.04761904761905,-2.4948261255663478,-0.7746367912216969
0,t0112_t0106_seed77_replicate,77,11,1011,0.010309278350515464,35.0,-1.3838390417374127,-2.427977577055181
0,t0112_t0106_seed77_replicate,77,11,1012,0.009584664536741214,36.904761904761905,-0.8098485081971865,-0.6232477920254177
0,t0112_t0106_seed77_replicate,77,11,1027,6.123233995736766e-17,57.142857142857146,-0.5597970285691447,-2.195118911849337
0,t0112_t0106_seed77_replicate,77,11,1029,0.07368421052631581,10.476190476190476,-0.588283038496599,-2.0866159679247662
0,t0112_t0106_seed77_replicate,77,11,1030,0.08860759493670887,10.238095238095239,-2.9648867420322413,-0.987376102443484
0,t0112_t0106_seed77_replicate,77,11,1033,0.10769230769230773,6.904761904761905,-1.8472418396658532,0.18150343964148724
0,t0112_t0106_seed77_replicate,77,11,1035,0.03553299492385785,24.28571428571429,-1.1574264009710742,-1.3952508678131241
0,t0112_t0106_seed77_replicate,77,11,1036,0.04458598726114648,17.857142857142858,-0.42867974533488235,-3.0488271946298138
0,t0112_t0106_seed77_replicate,77,11,1037,0.014634146341463415,24.761904761904763,0.01898892658870754,-0.711534669528637
0,t0112_t0106_seed77_replicate,77,11,1044,0.011764705882352941,30.714285714285715,-1.8069977366785717,0.08935198424450315
0,t0112_t0106_seed77_replicate,77,12,1065,0.16455696202531644,32.85714285714286,-1.5011171347564152,-0.30128894762364256
0,t0112_t0106_seed77_replicate,77,12,1066,0.004545454545454577,52.142857142857146,0.4358234065053161,-1.9726373465542222
0,t0112_t0106_seed77_replicate,77,12,1067,0.18571428571428572,19.761904761904763,-0.8035384369404337,0.8403807119423471
0,t0112_t0106_seed77_replicate,77,12,1068,0.006896551724137931,51.42857142857143,-1.1171934353204604,-1.2095679756645152
0,t0112_t0106_seed77_replicate,77,12,1069,0.44642857142857134,19.28571428571429,-0.8155558053009757,-0.5247204042999971
0,t0112_t0106_seed77_replicate,77,12,1079,0.1325301204819277,22.380952380952383,-2.1675269888945157,0.14530324774513823
0,t0112_t0106_seed77_replicate,77,12,1094,0.005586592178770929,42.38095238095239,-1.5120665056045814,-1.3218171802196415
0,t0112_t0106_seed77_replicate,77,12,1102,0.046979865771812054,33.80952380952381,-1.4391820373699087,0.20136468605032481
0,t0112_t0106_seed77_replicate,77,12,1107,0.0063694267515923345,37.142857142857146,-1.904679447149097,-2.053726283784237
0,t0112_t0106_seed77_replicate,77,12,1113,0.0028328611898017202,41.904761904761905,-2.4347256588007045,0.014995876922337349
0,t0112_t0106_seed77_replicate,77,12,1116,0.061855670103092834,24.523809523809526,-0.8131544155753397,-0.7864123146267973
0,t0112_t0106_seed77_replicate,77,12,1119,0.10000000000000002,18.333333333333336,-1.2865854590390164,-2.0715946952795807
0,t0112_t0106_seed77_replicate,77,12,1123,0.11428571428571425,9.285714285714286,0.18991593327913148,-1.8223105784461167
0,t0112_t0106_seed77_replicate,77,12,1126,0.042372881355932236,29.28571428571429,-0.5192838669338946,-0.6587479435709083
0,t0112_t0106_seed77_replicate,77,12,1127,0.0030769230769230986,38.57142857142858,0.2822618392555885,-2.063375796995788
0,t0112_t0106_seed77_replicate,77,12,1128,0.006849315068493126,35.0,0.6062727747903309,-2.904392112536408
0,t0112_t0106_seed77_replicate,77,12,1131,0.07514450867052021,19.04761904761905,-1.9906242913995216,-1.061103784627978
0,t0112_t0106_seed77_replicate,77,12,1136,0.10447761194029852,8.80952380952381,-3.8058498091037776,-1.5678495494883997
0,t0112_t0106_seed77_replicate,77,12,1138,6.123233995736766e-17,56.42857142857143,-0.987079256600186,-2.4284812340167705
0,t0112_t0106_seed77_replicate,77,12,1147,0.0348258706467661,24.761904761904763,-0.763007718979881,-2.7465416825951072
0,t0112_t0106_seed77_replicate,77,12,1151,0.017543859649122744,26.66666666666667,-0.6807242264150544,-1.224298359651509
0,t0112_t0106_seed77_replicate,77,13,1162,0.014705882352941176,49.28571428571429,-0.4557998170455775,-1.1173981690838404
0,t0112_t0106_seed77_replicate,77,13,1163,0.6842105263157895,7.6190476190476195,-1.011749301864734,-3.7216554101365444
0,t0112_t0106_seed77_replicate,77,13,1164,0.05945945945945942,41.42857142857143,-1.7253730178801925,0.07017476983110353
0,t0112_t0106_seed77_replicate,77,13,1165,0.003311258278145719,71.66666666666667,-0.9613950339504984,-1.8083693271587704
0,t0112_t0106_seed77_replicate,77,13,1170,0.15555555555555553,24.761904761904763,-2.0071182765214908,-1.799656309842245
0,t0112_t0106_seed77_replicate,77,13,1171,0.1298701298701299,31.904761904761905,-1.6124850497007597,-1.4272904603724588
0,t0112_t0106_seed77_replicate,77,13,1176,0.40425531914893614,7.857142857142858,-0.4832163168703622,-1.0139681607360223
0,t0112_t0106_seed77_replicate,77,13,1177,0.15625,19.28571428571429,0.8168811836064941,-2.388498633369947
0,t0112_t0106_seed77_replicate,77,13,1182,0.04374999999999998,39.76190476190476,0.4631082760301384,-1.733477654956155
0,t0112_t0106_seed77_replicate,77,13,1185,6.123233995736766e-17,67.85714285714286,1.0291807016811279,-1.4630673927114042
0,t0112_t0106_seed77_replicate,77,13,1191,0.275,6.904761904761905,-2.3487063273020796,-1.7533634308130301
0,t0112_t0106_seed77_replicate,77,13,1194,0.007832898172323705,45.23809523809524,-0.023087142590984704,-1.570001518092908
3,t0112_t0106_seed77_replicate,77,13,1195,0.008695652173913044,41.42857142857143,-0.29104201196494534,-1.031300051191899
0,t0112_t0106_seed77_replicate,77,13,1196,0.0025316455696202168,47.142857142857146,-3.0751940910302493,-0.26726745666962054
0,t0112_t0106_seed77_replicate,77,13,1209,0.005494505494505475,43.57142857142858,-1.2281465304150683,-0.5821489381729982
3,t0112_t0106_seed77_replicate,77,13,1210,0.005524861878453019,42.85714285714286,-2.4325860348706874,-1.7271110242289216
3,t0112_t0106_seed77_replicate,77,13,1211,0.0053191489361701936,44.523809523809526,-3.4929730727870876,0.1360945955818232
0,t0112_t0106_seed77_replicate,77,13,1217,0.014836795252225497,39.523809523809526,-1.1464801739055466,0.053858238485722264
0,t0112_t0106_seed77_replicate,77,13,1224,0.06060606060606061,22.142857142857146,-1.0353316258971745,-2.0317374227394787
0,t0112_t0106_seed77_replicate,77,13,1229,0.005882352941176449,40.23809523809524,-1.3592577176488478,-1.5330766161813427
0,t0112_t0106_seed77_replicate,77,13,1230,0.046511627906976744,32.142857142857146,-0.6488641324621741,-1.2637516810575213
0,t0112_t0106_seed77_replicate,77,13,1235,0.009345794392523364,37.85714285714286,-0.7381142475383896,-2.4150384208899225
0,t0112_t0106_seed77_replicate,77,13,1236,6.123233995736766e-17,62.142857142857146,-0.8575678691396232,-1.2023954183332177
0,t0112_t0106_seed77_replicate,77,13,1242,0.09243697478991598,15.476190476190478,-1.1486680482390563,-1.0931766113896306
0,t0112_t0106_seed77_replicate,77,13,1247,0.045226130653266285,22.61904761904762,-0.8190975806835601,-0.5090738097869644
0,t0112_t0106_seed77_replicate,77,14,1254,0.043062200956937795,47.61904761904763,-3.2860683606163774,-0.12662071164053304
0,t0112_t0106_seed77_replicate,77,14,1255,0.0051813471502590676,69.28571428571429,0.12621004959777837,-2.8690535572940887
0,t0112_t0106_seed77_replicate,77,14,1256,0.8690476190476192,37.38095238095239,0.8901598841119882,-1.0599837567825474
0,t0112_t0106_seed77_replicate,77,14,1257,6.123233995736766e-17,72.85714285714286,0.26822173369603736,-1.9891760271871968
0,t0112_t0106_seed77_replicate,77,14,1264,0.02000000000000004,46.666666666666664,-0.7398238870284021,-2.0990538782193995
0,t0112_t0106_seed77_replicate,77,14,1275,6.123233995736766e-17,71.42857142857143,0.02672202063390665,-0.5532135192276005
0,t0112_t0106_seed77_replicate,77,14,1277,0.045936395759717336,35.23809523809524,-1.1382766066835857,-1.800406868176287
3,t0112_t0106_seed77_replicate,77,14,1280,0.04180064308681675,38.57142857142858,-1.9888276436451924,-1.1554484320268752
0,t0112_t0106_seed77_replicate,77,14,1281,0.03492063492063496,38.80952380952381,-0.6879039740215623,-1.5922140706651455
0,t0112_t0106_seed77_replicate,77,14,1299,0.005208333333333315,45.476190476190474,-2.684188448456448,-0.9328304307200029
0,t0112_t0106_seed77_replicate,77,14,1309,0.08163265306122448,32.142857142857146,-2.4662676812168236,-1.0144209953788386
0,t0112_t0106_seed77_replicate,77,14,1313,0.0862944162436548,25.476190476190474,-1.8506037767633057,-1.4898831224480757
0,t0112_t0106_seed77_replicate,77,14,1315,0.20430107526881722,8.80952380952381,-1.2706097352121866,-1.9743747274059984
0,t0112_t0106_seed77_replicate,77,14,1321,0.002652519893899223,44.761904761904766,-3.069760671831437,-0.6885738497994521
0,t0112_t0106_seed77_replicate,77,14,1330,0.059233449477351895,32.142857142857146,-0.6775196865123121,-0.8352225165713996
0,t0112_t0106_seed77_replicate,77,14,1337,0.1875,6.190476190476191,-2.1531249031178383,0.21338318176928153
0,t0112_t0106_seed77_replicate,77,15,1352,0.05882352941176468,42.85714285714286,-1.9886313624141536,-0.7159587438336089
0,t0112_t0106_seed77_replicate,77,15,1353,0.03349282296650721,48.095238095238095,-2.4146982673607984,-0.688021102145669
0,t0112_t0106_seed77_replicate,77,15,1354,0.04395604395604397,45.23809523809524,-1.4884793469207367,-1.5045139193508206
0,t0112_t0106_seed77_replicate,77,15,1355,6.123233995736766e-17,81.42857142857143,-0.6002479048159411,-1.5464070113748045
0,t0112_t0106_seed77_replicate,77,15,1356,0.926829268292683,0.7142857142857143,-0.5144499385427244,-0.7590123861063832
0,t0112_t0106_seed77_replicate,77,15,1361,0.0017953321364452166,66.42857142857143,0.9992181485847321,-1.8300565836048752
0,t0112_t0106_seed77_replicate,77,15,1367,0.2578616352201258,23.809523809523814,-1.0621369626200698,-1.0933580674180279
0,t0112_t0106_seed77_replicate,77,15,1368,0.47945205479452063,12.857142857142858,-1.8217827153869326,-0.5138753378647557
0,t0112_t0106_seed77_replicate,77,15,1369,0.08090614886731387,33.80952380952381,-2.361967398227636,-1.6957688933703507
0,t0112_t0106_seed77_replicate,77,15,1377,0.8947368421052632,0.7142857142857143,-2.5341808817241143,-0.5563235672547231
0,t0112_t0106_seed77_replicate,77,15,1381,0.002457002457002422,48.33333333333334,-0.37894743954853377,-1.3594388570231823
0,t0112_t0106_seed77_replicate,77,15,1386,0.5555555555555556,4.285714285714286,-0.9596802217950391,-1.0457433057501513
0,t0112_t0106_seed77_replicate,77,15,1391,0.04819277108433737,37.61904761904762,-0.26452609871709354,-0.27841756101262694
0,t0112_t0106_seed77_replicate,77,15,1399,0.888888888888889,0.4761904761904762,-1.119655523513269,-0.6897407081434712
0,t0112_t0106_seed77_replicate,77,15,1418,0.013698630136986283,42.85714285714286,-2.4382355474182535,-1.9258266947747729
0,t0112_t0106_seed77_replicate,77,15,1421,0.005291005291005329,44.761904761904766,-2.168461016510519,-2.544770905767
0,t0112_t0106_seed77_replicate,77,15,1424,6.123233995736766e-17,68.57142857142857,0.06146376055440626,-2.0106893706127202
0,t0112_t0106_seed77_replicate,77,15,1434,0.12299465240641715,19.523809523809526,-1.0239895204512948,-1.5257777521780789
0,t0112_t0106_seed77_replicate,77,15,1435,0.013245033112582806,36.42857142857143,-1.9740985511728977,-0.14265680876746686
0,t0112_t0106_seed77_replicate,77,15,1439,0.008403361344537815,42.85714285714286,-1.1952436297374054,0.04950076704073776
0,t0112_t0106_seed77_replicate,77,16,1449,0.001342281879194612,88.80952380952381,0.49038232171278906,-2.5127671871254753
0,t0112_t0106_seed77_replicate,77,16,1450,0.013100436681222708,53.80952380952381,-1.039359040471923,-1.178825997561878
0,t0112_t0106_seed77_replicate,77,16,1451,0.08024691358024695,41.66666666666667,-1.7571888642823132,0.1653971864861769
0,t0112_t0106_seed77_replicate,77,16,1452,6.123233995736766e-17,91.42857142857143,-1.2547937034527812,-1.5866762006595305
0,t0112_t0106_seed77_replicate,77,16,1453,0.9069767441860465,29.28571428571429,-0.4487698751877761,-0.8003352816619654
0,t0112_t0106_seed77_replicate,77,16,1466,0.07491856677524426,39.285714285714285,-0.8158928139928747,-3.039474077778092
0,t0112_t0106_seed77_replicate,77,16,1467,6.123233995736766e-17,82.85714285714286,0.3558594900607815,-1.0859743191904832
0,t0112_t0106_seed77_replicate,77,16,1477,0.14285714285714285,27.857142857142858,-1.4367800343356343,-0.44205038122462925
0,t0112_t0106_seed77_replicate,77,16,1482,0.005025125628140738,47.142857142857146,-0.4440706396777708,-1.971217769119254
0,t0112_t0106_seed77_replicate,77,16,1483,0.010695187165775421,44.04761904761905,1.1941595048574634,-1.3192613317670105
0,t0112_t0106_seed77_replicate,77,16,1486,0.04815864022662888,40.0,-1.8550759316314125,-1.0941159850930289
0,t0112_t0106_seed77_replicate,77,16,1492,0.5588235294117647,3.5714285714285716,-1.0999407425516776,-1.606123224294244
0,t0112_t0106_seed77_replicate,77,16,1505,0.002518891687657395,47.38095238095238,-1.5863647781704777,0.7137506625493519
0,t0112_t0106_seed77_replicate,77,16,1508,0.005235602094240819,45.714285714285715,-1.354630149666612,-1.044535727008679
0,t0112_t0106_seed77_replicate,77,16,1511,0.0053191489361701936,44.523809523809526,-1.8963142551959484,0.4471649754463264
0,t0112_t0106_seed77_replicate,77,16,1512,0.0053191489361701936,44.523809523809526,-2.2473728339396457,-1.0706465311955646
0,t0112_t0106_seed77_replicate,77,16,1513,0.005263157894736824,45.0,-2.64575816435084,-1.3293514513457
0,t0112_t0106_seed77_replicate,77,16,1517,0.05882352941176468,32.38095238095239,-2.0671346664126204,-0.7592108693007346
0,t0112_t0106_seed77_replicate,77,16,1527,0.4,5.0,-0.8912761655329312,-0.6566716525337708
0,t0112_t0106_seed77_replicate,77,16,1534,0.07958477508650516,31.66666666666667,-1.7051656734442837,-2.765891875903323
0,t0112_t0106_seed77_replicate,77,17,1536,0.9506172839506173,112.85714285714286,0.4942765911195007,-1.561167756588182
0,t0112_t0106_seed77_replicate,77,17,1550,6.123233995736766e-17,105.0,-2.1971946358432626,-2.8044082206794836
0,t0112_t0106_seed77_replicate,77,17,1551,0.0816901408450704,38.80952380952381,-0.7989308737036314,-1.3363374138078548
0,t0112_t0106_seed77_replicate,77,17,1552,0.001345895020188406,88.33333333333334,-0.5646325186628984,-1.5643037283088446
3,t0112_t0106_seed77_replicate,77,17,1556,0.10059171597633139,36.19047619047619,-1.4358892623068675,-2.683037640790463
3,t0112_t0106_seed77_replicate,77,17,1557,0.025906735751295356,47.142857142857146,-2.838477831400503,-1.3555211279037276
0,t0112_t0106_seed77_replicate,77,17,1570,0.6666666666666666,16.666666666666668,-1.3492691524561158,-0.8389293148178688
0,t0112_t0106_seed77_replicate,77,17,1571,0.7746478873239435,1.9047619047619049,-2.036750594573387,-0.7071958454683746
0,t0112_t0106_seed77_replicate,77,17,1580,0.025210084033613446,43.57142857142858,-1.0706956537524641,-1.7461228416367565
0,t0112_t0106_seed77_replicate,77,17,1585,0.0670391061452514,39.76190476190476,-0.2700344242970851,-0.4066545867517214
0,t0112_t0106_seed77_replicate,77,17,1596,6.123233995736766e-17,82.85714285714286,-1.9278659871497297,-0.5701626584895534
0,t0112_t0106_seed77_replicate,77,17,1599,0.10377358490566035,27.857142857142858,-1.2139831803014778,-0.5584344669448352
0,t0112_t0106_seed77_replicate,77,17,1603,0.007832898172323705,45.23809523809524,-1.6472333133880674,-1.9372134786604744
0,t0112_t0106_seed77_replicate,77,17,1613,0.055172413793103475,36.42857142857143,-0.4050955472169733,-3.7584705038823425
0,t0112_t0106_seed77_replicate,77,17,1626,0.14285714285714285,15.000000000000002,-1.067536241013606,-0.3593453387070997
0,t0112_t0106_seed77_replicate,77,17,1630,0.015974440894568665,37.85714285714286,-1.53835838855948,-1.7637377361365376
0,t0112_t0106_seed77_replicate,77,18,1633,0.952191235059761,58.33333333333334,1.188816111920704,-1.784537909269917
0,t0112_t0106_seed77_replicate,77,18,1638,6.123233995736766e-17,112.85714285714286,-1.2148920823030351,-1.8978595799683906
3,t0112_t0106_seed77_replicate,77,18,1649,0.11171662125340596,38.80952380952381,-1.1687056024083624,-0.5253808293785628
0,t0112_t0106_seed77_replicate,77,18,1652,0.0018281535648994257,65.23809523809524,0.892811774747647,-1.479506584679163
0,t0112_t0106_seed77_replicate,77,18,1654,0.20675105485232065,34.04761904761905,-0.5476023561190685,-1.1653395991931836
0,t0112_t0106_seed77_replicate,77,18,1659,0.006802721088435374,52.142857142857146,-1.1560361949162532,-1.6823980656671829
0,t0112_t0106_seed77_replicate,77,18,1671,0.11032028469750893,37.142857142857146,-0.5438658989926405,-2.7484129516249194
0,t0112_t0106_seed77_replicate,77,18,1684,0.6825396825396826,4.761904761904763,0.30879036210611627,-2.0828227622799886
0,t0112_t0106_seed77_replicate,77,18,1693,6.123233995736766e-17,82.85714285714286,-0.29664397041335694,-1.3029581146619758
0,t0112_t0106_seed77_replicate,77,18,1697,0.15053763440860213,25.476190476190474,-0.9470062730040063,-1.9106456637023697
0,t0112_t0106_seed77_replicate,77,18,1701,0.010695187165775421,44.04761904761905,-1.012788721101508,-1.7627845269556257
0,t0112_t0106_seed77_replicate,77,18,1711,0.05475504322766573,39.04761904761905,-2.411606451548266,0.1425742375863441
0,t0112_t0106_seed77_replicate,77,18,1712,0.04000000000000002,40.23809523809524,-2.700850136146921,-0.773291104128406
0,t0112_t0106_seed77_replicate,77,18,1722,0.4414414414414415,7.380952380952382,-1.5823981403066438,-1.619214199900731
0,t0112_t0106_seed77_replicate,77,18,1726,0.0670926517571885,34.76190476190476,-2.1803439550029227,-1.69529283155912
0,t0112_t0106_seed77_replicate,77,19,1735,0.001526717557251887,78.0952380952381,1.034735508894314,-1.9580574095399452
0,t0112_t0106_seed77_replicate,77,19,1745,0.8773006134969324,36.42857142857143,1.099765672712407,-2.131412895980062
0,t0112_t0106_seed77_replicate,77,19,1746,0.03759398496240601,49.28571428571429,-0.8845510401291058,-0.5269327405366145
0,t0112_t0106_seed77_replicate,77,19,1747,0.013157894736842105,53.57142857142858,-1.3905343534260621,-2.3256686317187594
0,t0112_t0106_seed77_replicate,77,19,1748,0.0064516129032258064,55.714285714285715,-0.212975666895128,-1.7112526944367055
0,t0112_t0106_seed77_replicate,77,19,1766,0.21739130434782608,30.000000000000004,-0.751923376723426,-0.9920927759995152
0,t0112_t0106_seed77_replicate,77,19,1767,0.12280701754385964,35.714285714285715,-1.1926133219201531,-1.5505172213895537
0,t0112_t0106_seed77_replicate,77,19,1772,6.123233995736766e-17,92.85714285714286,0.8042613356860148,-2.5221561041647367
0,t0112_t0106_seed77_replicate,77,19,1783,0.20903954802259886,25.476190476190474,-2.6871694879195376,-2.8557901470729106
3,t0112_t0106_seed77_replicate,77,19,1787,0.02200488997555012,47.61904761904763,-0.7773157097688062,-0.307403260098892
0,t0112_t0106_seed77_replicate,77,19,1797,0.07975460122699385,35.714285714285715,-0.5470291653708198,-0.6226567176513723
0,t0112_t0106_seed77_replicate,77,19,1809,0.1868131868131868,12.857142857142858,-2.0595051044907016,-1.1420026859868777
0,t0112_t0106_seed77_replicate,77,19,1821,0.3457943925233645,8.333333333333334,-0.6116219318996647,-1.1071418969646325
0,t0112_t0106_seed77_replicate,77,20,1825,0.9534883720930233,60.00000000000001,0.9074191046583752,-1.7818409446042873
0,t0112_t0106_seed77_replicate,77,20,1831,0.004694835680751174,75.71428571428572,0.24802182873781048,-1.8049783652517593
0,t0112_t0106_seed77_replicate,77,20,1832,0.0013642564802182617,87.14285714285715,-1.2990153300765968,-1.1867041942596428
0,t0112_t0106_seed77_replicate,77,20,1833,0.0012360939431397139,96.19047619047619,1.0251369019290728,-1.8384562816025511
0,t0112_t0106_seed77_replicate,77,20,1837,0.003773584905660404,63.33333333333334,0.09078722135712676,-3.334494415684565
0,t0112_t0106_seed77_replicate,77,20,1846,0.006289308176100629,56.42857142857143,1.1767854908722,-1.686052643380923
3,t0112_t0106_seed77_replicate,77,20,1847,0.10795454545454543,46.42857142857143,-1.2333295948531453,-0.9106063951242108
0,t0112_t0106_seed77_replicate,77,20,1848,0.1756756756756757,41.42857142857143,-1.2573166376458114,-0.6690435930995282
0,t0112_t0106_seed77_replicate,77,20,1849,0.014492753623188406,50.0,-2.006858413725533,-0.8064702484219288
0,t0112_t0106_seed77_replicate,77,20,1850,0.9136690647482014,31.66666666666667,-0.7662564121649952,-0.42977990193471416
0,t0112_t0106_seed77_replicate,77,20,1851,0.06451612903225806,47.142857142857146,-2.3325599401635673,-0.30659075885891174
0,t0112_t0106_seed77_replicate,77,20,1860,0.006711409395973154,52.85714285714286,0.7510339467892586,-1.3388808419015183
0,t0112_t0106_seed77_replicate,77,20,1861,0.006993006993006993,50.714285714285715,0.16329062240074171,-1.9157206440855339
0,t0112_t0106_seed77_replicate,77,20,1891,6.123233995736766e-17,86.42857142857143,-2.222216030494581,-2.6439771939901355
0,t0112_t0106_seed77_replicate,77,20,1897,0.010204081632653024,47.142857142857146,0.2962165207364653,-0.6028095959483749
0,t0112_t0106_seed77_replicate,77,20,1914,6.123233995736766e-17,84.28571428571429,1.0505403723293407,-2.2773657094337216
0,t0112_t0106_seed77_replicate,77,21,1922,0.0020790020790020496,114.76190476190476,-0.8625669986848238,-1.8356364500228741
0,t0112_t0106_seed77_replicate,77,21,1924,0.01311475409836068,73.57142857142857,0.35689226830868304,-1.5949837950539225
0,t0112_t0106_seed77_replicate,77,21,1932,0.0011507479861910571,103.57142857142858,1.4037155121264229,-2.314952158388635
0,t0112_t0106_seed77_replicate,77,21,1933,0.0011614401858303638,102.61904761904762,1.0605971022978824,-1.9879125313564052
0,t0112_t0106_seed77_replicate,77,21,1936,0.003344481605351195,71.42857142857143,0.3750960102015939,-2.332644778819515
0,t0112_t0106_seed77_replicate,77,21,1946,0.9354838709677419,42.85714285714286,0.19081895036491875,-1.522064265762447
0,t0112_t0106_seed77_replicate,77,21,1947,6.123233995736766e-17,108.57142857142858,-0.3486870441472039,-0.9799700736810518
0,t0112_t0106_seed77_replicate,77,21,1949,0.0037174721189591345,63.80952380952381,0.6280428179658055,-2.127827827666
0,t0112_t0106_seed77_replicate,77,21,1958,0.004310344827586237,55.0,-2.0947321922348863,-2.0759428529384842
0,t0112_t0106_seed77_replicate,77,21,1967,0.2,40.714285714285715,-2.508009206195355,-2.0417643748707164
0,t0112_t0106_seed77_replicate,77,21,1975,0.002159827213822864,55.0,0.07356031135572037,-1.4024014601449541
0,t0112_t0106_seed77_replicate,77,21,1976,0.002257336343115092,52.85714285714286,0.4097416926907685,-1.5393726505904834
0,t0112_t0106_seed77_replicate,77,21,1986,6.123233995736766e-17,94.28571428571429,-0.5764676381688634,-2.211206313866668
0,t0112_t0106_seed77_replicate,77,21,1992,0.002288329519450768,51.90476190476191,-1.2746055762169792,-0.2954406263811706
0,t0112_t0106_seed77_replicate,77,21,1995,0.002481389578163737,48.095238095238095,-0.09388185254111484,-1.2997014838271412
0,t0112_t0106_seed77_replicate,77,21,1999,0.24102564102564106,28.809523809523814,-1.5508276676215131,-1.593307620575745
0,t0112_t0106_seed77_replicate,77,21,2000,0.3251533742331289,25.714285714285715,-0.4692376967220306,-1.1270465603933535
0,t0112_t0106_seed77_replicate,77,21,2001,0.8983050847457628,13.333333333333336,-1.7327131550395753,-1.5422901333020056
0,t0112_t0106_seed77_replicate,77,21,2002,0.710144927536232,14.04761904761905,-2.1594018412644833,-0.21566481620537092
0,t0112_t0106_seed77_replicate,77,21,2007,0.09523809523809519,38.333333333333336,-0.17438334094386476,-2.435123951640514
2,t0114_seed7755_no_autostop,7755,1,0,0.010526315789473703,45.714285714285715,4.239407894619819,-0.7757662256090964
0,t0114_seed7755_no_autostop,7755,1,1,0.02127659574468085,16.42857142857143,-2.2108616513465393,-1.2288528610976925
0,t0114_seed7755_no_autostop,7755,1,2,0.023255813953488354,10.0,-2.025844105564907,-0.1912958843498838
3,t0114_seed7755_no_autostop,7755,1,3,0.00584795321637431,20.476190476190478,-1.3690327414158383,-1.2907272300244754
3,t0114_seed7755_no_autostop,7755,1,4,6.123233995736766e-17,15.714285714285715,-2.301044147840131,-1.5780298986942964
0,t0114_seed7755_no_autostop,7755,1,5,6.123233995736766e-17,10.714285714285715,-0.8136553326710084,-2.233117536990637
0,t0114_seed7755_no_autostop,7755,1,6,6.123233995736766e-17,9.285714285714286,-0.906800220424786,-0.6736243127336203
0,t0114_seed7755_no_autostop,7755,1,7,6.123233995736766e-17,8.571428571428571,-2.9971081169311113,-2.7768337456795544
0,t0114_seed7755_no_autostop,7755,1,8,6.123233995736766e-17,6.428571428571429,-3.7173940766801947,-1.1982955751911855
0,t0114_seed7755_no_autostop,7755,1,9,6.123233995736766e-17,6.428571428571429,-3.3127063396080714,-1.855903578730831
0,t0114_seed7755_no_autostop,7755,1,10,6.123233995736766e-17,5.0,-2.6111325593883223,-2.1585008926522673
0,t0114_seed7755_no_autostop,7755,1,11,0.0,3.5714285714285716,-2.5364313977099555,-2.2450622914616774
0,t0114_seed7755_no_autostop,7755,1,12,0.0,3.333333333333334,-2.617662005951553,-2.5828558928885403
0,t0114_seed7755_no_autostop,7755,1,13,0.0,2.857142857142857,-2.6131643438589274,-3.2196245054229973
0,t0114_seed7755_no_autostop,7755,1,14,0.0,2.142857142857143,-3.1296535535512704,-2.855137664659671
0,t0114_seed7755_no_autostop,7755,1,15,0.0,2.142857142857143,-2.8555375440456996,-2.385386774492653
0,t0114_seed7755_no_autostop,7755,1,16,0.0,2.142857142857143,-0.7891718804983424,-0.21817930698922958
0,t0114_seed7755_no_autostop,7755,1,17,0.0,1.4285714285714286,-3.668404465632464,-2.619426273944839
0,t0114_seed7755_no_autostop,7755,1,18,0.0,1.1904761904761907,-1.4431297210821126,0.048442175859616694
3,t0114_seed7755_no_autostop,7755,1,19,0.0,1.1904761904761907,-2.167740635821624,-2.292321476976987
0,t0114_seed7755_no_autostop,7755,1,20,0.0,0.9523809523809524,-2.109790444269735,-0.5099619521402298
0,t0114_seed7755_no_autostop,7755,1,21,0.0,0.7142857142857143,-2.59828753895259,-2.7320548101356463
0,t0114_seed7755_no_autostop,7755,1,22,0.0,0.7142857142857143,-3.535067862215644,-2.29577885770587
0,t0114_seed7755_no_autostop,7755,1,23,0.0,0.7142857142857143,-2.8093460797614487,-1.027832634225916
0,t0114_seed7755_no_autostop,7755,1,24,0.0,0.7142857142857143,-3.0219003956628328,-1.6412822211203162
0,t0114_seed7755_no_autostop,7755,1,25,0.0,0.7142857142857143,-1.2330329649878717,-3.0788178565758164
0,t0114_seed7755_no_autostop,7755,1,26,0.0,0.7142857142857143,-3.5802170917806606,-1.0117624315872824
0,t0114_seed7755_no_autostop,7755,1,27,0.0,0.7142857142857143,-1.2826774279439144,-1.3345047253636946
0,t0114_seed7755_no_autostop,7755,1,28,0.0,0.7142857142857143,-3.409089270002505,-2.5823507453840597
0,t0114_seed7755_no_autostop,7755,1,29,0.0,0.7142857142857143,-2.4494135896827562,-1.7930873657191846
0,t0114_seed7755_no_autostop,7755,1,30,0.0,0.7142857142857143,-0.15634629867503572,-3.432719117076086
0,t0114_seed7755_no_autostop,7755,1,31,0.0,0.7142857142857143,-2.158677399519569,-1.6264307998716199
0,t0114_seed7755_no_autostop,7755,1,32,0.0,0.7142857142857143,-2.989445814878725,-2.9759079759060945
0,t0114_seed7755_no_autostop,7755,1,33,0.0,0.7142857142857143,-0.5266688586847624,-2.253986093554948
0,t0114_seed7755_no_autostop,7755,1,34,0.0,0.7142857142857143,-2.5356326673571887,-2.253564997909276
0,t0114_seed7755_no_autostop,7755,1,35,0.0,0.7142857142857143,-1.1153097909984295,-1.7061546597316233
0,t0114_seed7755_no_autostop,7755,1,36,0.0,0.7142857142857143,-0.879849274551513,-0.730390519317688
0,t0114_seed7755_no_autostop,7755,1,37,0.0,0.7142857142857143,-1.4737653449554298,-2.2392561907167554
0,t0114_seed7755_no_autostop,7755,1,38,0.0,0.7142857142857143,-3.8884478756734673,-2.2131965312810187
0,t0114_seed7755_no_autostop,7755,1,39,0.0,0.7142857142857143,-1.8601422602933808,-1.8058175193596073
0,t0114_seed7755_no_autostop,7755,1,40,0.0,0.7142857142857143,-1.9503576405930352,-1.2166962785930757
0,t0114_seed7755_no_autostop,7755,1,41,0.0,0.7142857142857143,-1.2753735907490489,-2.6219558877785905
0,t0114_seed7755_no_autostop,7755,1,42,0.0,0.7142857142857143,-1.9481500137429724,-2.4847009237021256
0,t0114_seed7755_no_autostop,7755,1,43,0.0,0.7142857142857143,-3.3012268543820316,-2.7628382617825293
0,t0114_seed7755_no_autostop,7755,1,44,0.0,0.7142857142857143,-0.7471213654363276,-1.9556256096869584
0,t0114_seed7755_no_autostop,7755,1,45,0.0,0.7142857142857143,-0.5715446059227569,-1.6566669183237728
0,t0114_seed7755_no_autostop,7755,1,46,0.0,0.7142857142857143,-1.2193795188763463,-2.5172191449482995
0,t0114_seed7755_no_autostop,7755,1,47,0.0,0.7142857142857143,-0.9721208821823811,-0.6175901329053095
0,t0114_seed7755_no_autostop,7755,1,48,0.0,0.7142857142857143,-4.149255908703305,-1.1158449044551568
0,t0114_seed7755_no_autostop,7755,1,49,0.0,0.7142857142857143,-0.24771601775898863,-2.2690827903805784
0,t0114_seed7755_no_autostop,7755,1,50,0.0,0.7142857142857143,-3.9887137416199385,0.24491619632762526
0,t0114_seed7755_no_autostop,7755,1,51,0.0,0.7142857142857143,-3.235702558625013,-3.2236769717425617
0,t0114_seed7755_no_autostop,7755,1,52,0.0,0.7142857142857143,-2.762946711025863,-1.5302061143682166
0,t0114_seed7755_no_autostop,7755,1,53,0.0,0.7142857142857143,-1.8403888870946803,-4.029392543046552
0,t0114_seed7755_no_autostop,7755,1,54,0.0,0.7142857142857143,-2.897865634772716,-2.1776225659905175
0,t0114_seed7755_no_autostop,7755,1,55,0.0,0.7142857142857143,-2.626098668108237,-0.03904682626020251
0,t0114_seed7755_no_autostop,7755,1,56,0.0,0.7142857142857143,-1.940653739461137,-2.365913720264078
0,t0114_seed7755_no_autostop,7755,1,57,0.0,0.7142857142857143,-0.6027935891421277,-2.891955367986041
0,t0114_seed7755_no_autostop,7755,1,58,0.0,0.7142857142857143,-2.860571982748046,-3.5183420190887924
0,t0114_seed7755_no_autostop,7755,1,59,0.0,0.7142857142857143,-0.2832176558416579,-2.3671446685749316
0,t0114_seed7755_no_autostop,7755,1,60,0.0,0.7142857142857143,-2.220259362737005,-2.4466912986435547
0,t0114_seed7755_no_autostop,7755,1,61,0.0,0.7142857142857143,-2.3870223515920754,-1.8702101088267526
0,t0114_seed7755_no_autostop,7755,1,62,0.0,0.7142857142857143,-2.889828575656693,-3.300042391186435
0,t0114_seed7755_no_autostop,7755,1,63,0.0,0.7142857142857143,-1.2805790249214286,-1.984159257271032
0,t0114_seed7755_no_autostop,7755,1,64,0.0,0.7142857142857143,-2.269456296634091,-3.6309266275561143
0,t0114_seed7755_no_autostop,7755,1,65,0.0,0.7142857142857143,-3.484168536844133,-0.890743651709897
0,t0114_seed7755_no_autostop,7755,1,66,0.0,0.7142857142857143,-2.2174535525950754,-3.5399364258522534
0,t0114_seed7755_no_autostop,7755,1,67,0.0,0.7142857142857143,-1.3076343251530411,-2.616819704316068
0,t0114_seed7755_no_autostop,7755,1,68,0.0,0.7142857142857143,-2.01006937639935,-0.7108169799734915
0,t0114_seed7755_no_autostop,7755,1,69,0.0,0.7142857142857143,-2.418998145774179,-3.2919392660138107
0,t0114_seed7755_no_autostop,7755,1,70,0.0,0.7142857142857143,-3.413089356178522,-1.093779346390539
0,t0114_seed7755_no_autostop,7755,1,71,0.0,0.7142857142857143,-2.786961423125117,-0.07963007293267195
0,t0114_seed7755_no_autostop,7755,1,72,0.0,0.7142857142857143,-0.9451159950155861,-1.0727610159618028
0,t0114_seed7755_no_autostop,7755,1,73,0.0,0.7142857142857143,-2.0333478295506335,-0.7065885707818178
0,t0114_seed7755_no_autostop,7755,1,74,0.0,0.7142857142857143,-0.903189258000109,-2.701527035641632
0,t0114_seed7755_no_autostop,7755,1,75,0.0,0.7142857142857143,-2.7774506090927837,0.19111643831001898
0,t0114_seed7755_no_autostop,7755,1,76,0.0,0.7142857142857143,-2.312399096127234,-2.62987408550668
0,t0114_seed7755_no_autostop,7755,1,77,0.0,0.7142857142857143,-3.128239616163963,-0.70549250820455
0,t0114_seed7755_no_autostop,7755,1,78,0.0,0.7142857142857143,-3.2350258934438174,-3.1612194780993477
0,t0114_seed7755_no_autostop,7755,1,79,0.0,0.7142857142857143,-1.4628068998453605,-2.026092733628684
0,t0114_seed7755_no_autostop,7755,1,80,0.0,0.0,0.20941231137726224,-1.9811863764988815
0,t0114_seed7755_no_autostop,7755,1,81,0.0,0.0,-0.8687425244973439,-1.9543538407013177
0,t0114_seed7755_no_autostop,7755,1,82,0.0,0.0,-1.0160147506326191,-0.5176937063316969
0,t0114_seed7755_no_autostop,7755,1,83,0.0,0.0,-2.579423726394741,-2.605697508073642
0,t0114_seed7755_no_autostop,7755,1,84,0.0,0.0,-4.105115174906671,-3.0054869683614136
0,t0114_seed7755_no_autostop,7755,1,85,0.0,0.0,-2.402556256554175,-3.208463236737657
0,t0114_seed7755_no_autostop,7755,1,86,0.0,0.0,-1.740932147021416,-1.283967829648511
0,t0114_seed7755_no_autostop,7755,1,87,0.0,0.0,-3.3056605998116857,-1.142893520591119
0,t0114_seed7755_no_autostop,7755,1,88,0.0,0.0,-1.9304758537354891,-2.242357487855061
3,t0114_seed7755_no_autostop,7755,1,89,0.0,0.0,-1.4032261942918045,-0.9100058818228179
0,t0114_seed7755_no_autostop,7755,1,90,0.0,0.0,-2.6203137355544075,-1.5430836891601158
0,t0114_seed7755_no_autostop,7755,1,91,0.0,0.0,-1.8249073603231716,-0.5290086996573123
3,t0114_seed7755_no_autostop,7755,1,92,0.0,0.0,-2.0361944498344338,-0.20669866517705116
0,t0114_seed7755_no_autostop,7755,1,93,0.0,0.0,-0.9482456242185371,-1.3299766400283006
0,t0114_seed7755_no_autostop,7755,1,94,0.0,0.0,-2.202322626740975,-2.32206094829079
0,t0114_seed7755_no_autostop,7755,1,95,0.0,0.0,-3.6084052479935527,-2.4734499116670805
2,t0114_seed7755_no_autostop,7755,2,100,6.123233995736766e-17,39.285714285714285,3.6737669606900893,-1.1796928943886418
0,t0114_seed7755_no_autostop,7755,2,101,0.023255813953488354,5.0,-1.7165212089906807,-0.853759859765141
0,t0114_seed7755_no_autostop,7755,2,102,6.123233995736766e-17,38.57142857142858,-2.0691472606563726,-2.481032129375484
0,t0114_seed7755_no_autostop,7755,2,103,6.123233995736766e-17,27.142857142857146,0.48424934822416654,-1.9560673478321013
0,t0114_seed7755_no_autostop,7755,2,104,6.123233995736766e-17,19.28571428571429,0.021072453065646778,-1.1083482702655814
0,t0114_seed7755_no_autostop,7755,2,105,6.123233995736766e-17,18.571428571428573,-2.351332406069409,-1.2629166054132566
0,t0114_seed7755_no_autostop,7755,2,106,6.123233995736766e-17,18.571428571428573,-1.4907408391987422,-1.7245172325366045
3,t0114_seed7755_no_autostop,7755,2,107,6.123233995736766e-17,17.142857142857142,-1.022651965563349,-1.6276066344484414
0,t0114_seed7755_no_autostop,7755,2,109,6.123233995736766e-17,15.000000000000002,-2.511290442896585,-2.3863474020912316
0,t0114_seed7755_no_autostop,7755,2,110,6.123233995736766e-17,14.285714285714286,-0.3641391894657439,-1.9178098330775846
3,t0114_seed7755_no_autostop,7755,2,111,6.123233995736766e-17,12.857142857142858,-2.0721001098375766,-1.962194346537452
0,t0114_seed7755_no_autostop,7755,2,113,6.123233995736766e-17,10.714285714285715,-2.0117858063481395,-2.803991325037217
0,t0114_seed7755_no_autostop,7755,2,114,6.123233995736766e-17,10.0,-1.4352696330034327,-0.36585175560247996
0,t0114_seed7755_no_autostop,7755,2,117,6.123233995736766e-17,8.571428571428571,-2.99533400056239,-2.7793659466884724
0,t0114_seed7755_no_autostop,7755,2,118,6.123233995736766e-17,7.857142857142858,-4.280925376707675,-0.7868650792086406
0,t0114_seed7755_no_autostop,7755,2,119,6.123233995736766e-17,7.142857142857143,-3.281333162055436,-1.2445649918609845
0,t0114_seed7755_no_autostop,7755,2,122,6.123233995736766e-17,5.714285714285714,-3.427293920751074,-1.1819951652170417
0,t0114_seed7755_no_autostop,7755,2,124,6.123233995736766e-17,5.0,-3.1324482371649554,-3.9215480228320883
0,t0114_seed7755_no_autostop,7755,2,125,6.123233995736766e-17,4.761904761904763,-1.6577518632579842,-1.0940766034560543
0,t0114_seed7755_no_autostop,7755,2,126,6.123233995736766e-17,4.285714285714286,-2.4141426941911748,-1.3938707856508483
0,t0114_seed7755_no_autostop,7755,2,127,6.123233995736766e-17,3.5714285714285716,-2.4002282198480955,-2.1359216485501493
0,t0114_seed7755_no_autostop,7755,2,128,6.123233995736766e-17,3.5714285714285716,-1.340078086960306,-4.341331611982644
0,t0114_seed7755_no_autostop,7755,2,129,6.123233995736766e-17,3.5714285714285716,-2.7504803150042227,-2.2045872761339163
0,t0114_seed7755_no_autostop,7755,2,133,0.0,2.857142857142857,-0.16394151013764918,0.013718576817471318
0,t0114_seed7755_no_autostop,7755,2,134,0.0,2.857142857142857,-0.9291269303949223,-2.439804915868103
0,t0114_seed7755_no_autostop,7755,2,138,0.0,2.142857142857143,-2.391388985611821,-3.0155212455570344
0,t0114_seed7755_no_autostop,7755,2,139,0.0,2.142857142857143,-3.5851777966457203,-3.1066180258687934
0,t0114_seed7755_no_autostop,7755,2,140,0.0,2.142857142857143,-1.3101077914999326,-0.5712321931052747
0,t0114_seed7755_no_autostop,7755,2,141,0.0,1.666666666666667,-2.332411478685034,-0.4617379299500195
0,t0114_seed7755_no_autostop,7755,2,143,0.0,1.4285714285714286,-2.0107344360837778,-1.8287467671740962
0,t0114_seed7755_no_autostop,7755,2,144,0.0,1.4285714285714286,-1.0821761443409854,-0.8807818876463158
0,t0114_seed7755_no_autostop,7755,2,148,0.0,0.7142857142857143,-1.7080859811754068,-0.46825344753564974
0,t0114_seed7755_no_autostop,7755,2,149,0.0,0.7142857142857143,-1.279427803852217,-2.374405344670519
0,t0114_seed7755_no_autostop,7755,2,154,0.0,0.7142857142857143,-3.350677612369059,-3.163595856793057
0,t0114_seed7755_no_autostop,7755,2,155,0.0,0.7142857142857143,-2.7508407430841615,-1.7556540195851666
0,t0114_seed7755_no_autostop,7755,2,156,0.0,0.7142857142857143,-3.8507459499522847,-1.6680449747517734
0,t0114_seed7755_no_autostop,7755,2,157,0.0,0.7142857142857143,-2.3858708666027324,-1.5034886346523268
0,t0114_seed7755_no_autostop,7755,2,158,0.0,0.7142857142857143,-2.518188968649183,-1.2460615403486208
0,t0114_seed7755_no_autostop,7755,2,164,0.0,0.7142857142857143,-3.0791294223860266,-0.9902131252209615
0,t0114_seed7755_no_autostop,7755,2,165,0.0,0.7142857142857143,-1.1469485020409549,-1.8336875603198546
0,t0114_seed7755_no_autostop,7755,2,167,0.0,0.7142857142857143,-0.2692393699507343,-1.8082371597872775
0,t0114_seed7755_no_autostop,7755,2,169,0.0,0.7142857142857143,-2.4914489754751643,-0.6335006288552212
0,t0114_seed7755_no_autostop,7755,2,172,0.0,0.7142857142857143,-1.57424615863495,-0.7952339110883011
0,t0114_seed7755_no_autostop,7755,2,178,0.0,0.7142857142857143,-1.135038787307929,-0.2999788993331862
0,t0114_seed7755_no_autostop,7755,2,180,0.0,0.7142857142857143,-2.3323026462811303,-0.5047391758715161
0,t0114_seed7755_no_autostop,7755,2,181,0.0,0.7142857142857143,-1.4478663248021457,-1.1975116908474102
0,t0114_seed7755_no_autostop,7755,2,182,0.0,0.7142857142857143,-1.3971409699479505,-1.598240502646807
0,t0114_seed7755_no_autostop,7755,2,184,0.0,0.7142857142857143,-2.710567892692597,-3.0318854824990282
0,t0114_seed7755_no_autostop,7755,2,186,0.0,0.7142857142857143,-2.0317044747074116,-3.0791162582757265
0,t0114_seed7755_no_autostop,7755,2,189,0.0,0.7142857142857143,-1.4819419353372063,-1.7381378566858292
0,t0114_seed7755_no_autostop,7755,2,191,0.0,0.7142857142857143,-1.6212744694598913,-2.0495190506128034
0,t0114_seed7755_no_autostop,7755,3,194,0.6363636363636364,1.4285714285714286,-2.092953402591228,-0.9717334182706056
0,t0114_seed7755_no_autostop,7755,3,195,0.11111111111111113,11.904761904761907,-0.7260784786776078,-0.5010301655381891
0,t0114_seed7755_no_autostop,7755,3,196,0.013698630136986325,17.61904761904762,-1.4570663179448582,-2.183378084438269
2,t0114_seed7755_no_autostop,7755,3,197,0.004464285714285747,53.57142857142858,3.1914883888916794,-0.7124647515337137
0,t0114_seed7755_no_autostop,7755,3,199,0.00671140939597313,17.857142857142858,0.035693689002089336,-1.7003814129320642
0,t0114_seed7755_no_autostop,7755,3,201,0.058823529411764705,6.428571428571429,-2.478009338032143,-2.1117855321209427
0,t0114_seed7755_no_autostop,7755,3,202,0.02127659574468083,11.428571428571429,-1.136818463975688,-1.70098795689375
2,t0114_seed7755_no_autostop,7755,3,203,6.123233995736766e-17,43.57142857142858,3.7388402549114517,-1.2002479347738686
0,t0114_seed7755_no_autostop,7755,3,204,0.047619047619047575,5.238095238095238,-3.4110308662325415,-2.4095743240213157
0,t0114_seed7755_no_autostop,7755,3,205,0.010526315789473703,11.190476190476192,-1.8295337779482579,-1.895203897750917
0,t0114_seed7755_no_autostop,7755,3,206,0.014084507042253547,8.571428571428571,-4.140460756220627,0.3774144814846936
0,t0114_seed7755_no_autostop,7755,3,209,0.023255813953488354,5.0,-1.1973945194869222,-0.4244515377957069
0,t0114_seed7755_no_autostop,7755,3,210,0.028571428571428543,4.047619047619048,-1.0304248803909875,-1.176304686111399
0,t0114_seed7755_no_autostop,7755,3,212,6.123233995736766e-17,34.285714285714285,-1.7887397583083549,-2.9551200748192534
2,t0114_seed7755_no_autostop,7755,3,213,6.123233995736766e-17,30.714285714285715,3.231664330664899,-0.9575233175622846
0,t0114_seed7755_no_autostop,7755,3,214,6.123233995736766e-17,27.857142857142858,0.7700588576292288,-2.304883831340756
0,t0114_seed7755_no_autostop,7755,3,216,6.123233995736766e-17,24.28571428571429,-1.0440409368989854,-1.345181327576627
0,t0114_seed7755_no_autostop,7755,3,217,6.123233995736766e-17,22.857142857142858,-1.3728656103893682,-1.8332566369287162
0,t0114_seed7755_no_autostop,7755,3,218,6.123233995736766e-17,20.0,-0.546440734001968,-0.619205458891043
0,t0114_seed7755_no_autostop,7755,3,222,6.123233995736766e-17,18.571428571428573,-0.5500325046302212,-1.31668908912689
3,t0114_seed7755_no_autostop,7755,3,223,6.123233995736766e-17,18.571428571428573,-1.3870156048358873,-0.828923343460188
2,t0114_seed7755_no_autostop,7755,3,224,6.123233995736766e-17,17.857142857142858,3.288185933611446,-1.8832145855006328
0,t0114_seed7755_no_autostop,7755,3,226,6.123233995736766e-17,17.142857142857142,-2.1721212778028534,-1.3670018025769566
3,t0114_seed7755_no_autostop,7755,3,230,6.123233995736766e-17,13.571428571428573,-1.8509352880717935,-1.9388327556125904
0,t0114_seed7755_no_autostop,7755,3,231,6.123233995736766e-17,13.571428571428573,-0.40411984207313695,-1.7780928264675002
0,t0114_seed7755_no_autostop,7755,3,233,6.123233995736766e-17,12.857142857142858,-0.6327193232733441,-1.9235375730644169
0,t0114_seed7755_no_autostop,7755,3,234,6.123233995736766e-17,12.857142857142858,-1.9067067045298416,0.03489574080398539
0,t0114_seed7755_no_autostop,7755,3,235,6.123233995736766e-17,12.142857142857144,-2.734746526085459,-2.6980720225510146
0,t0114_seed7755_no_autostop,7755,3,240,6.123233995736766e-17,9.285714285714286,-2.854539511516553,-0.1502974811368861
0,t0114_seed7755_no_autostop,7755,3,241,6.123233995736766e-17,9.285714285714286,-0.565435249708856,-0.4572803965504373
0,t0114_seed7755_no_autostop,7755,3,244,6.123233995736766e-17,8.571428571428571,-2.637575988233206,-0.19335499583046184
0,t0114_seed7755_no_autostop,7755,3,246,6.123233995736766e-17,7.857142857142858,-2.326678006580873,-1.327242854434442
0,t0114_seed7755_no_autostop,7755,3,247,6.123233995736766e-17,7.857142857142858,-0.25724523975333147,-1.5126720861607537
0,t0114_seed7755_no_autostop,7755,3,249,6.123233995736766e-17,7.142857142857143,-2.225442365530079,-0.04312434107402196
0,t0114_seed7755_no_autostop,7755,3,250,6.123233995736766e-17,7.142857142857143,-2.4426289353862334,-1.947775950106812
0,t0114_seed7755_no_autostop,7755,3,253,6.123233995736766e-17,6.428571428571429,-3.594902195785004,-1.3864056824793523
0,t0114_seed7755_no_autostop,7755,3,257,6.123233995736766e-17,5.0,-1.3463839013662284,-1.5872197071756504
0,t0114_seed7755_no_autostop,7755,3,260,6.123233995736766e-17,4.285714285714286,-2.216678621090125,-2.128499995300075
0,t0114_seed7755_no_autostop,7755,3,261,6.123233995736766e-17,4.285714285714286,-3.3998641456190684,-2.8980690307189723
0,t0114_seed7755_no_autostop,7755,3,265,6.123233995736766e-17,3.5714285714285716,-2.7981545148073246,-2.3246146475139153
0,t0114_seed7755_no_autostop,7755,3,266,6.123233995736766e-17,3.5714285714285716,-3.772675065947873,-1.9924921790643684
0,t0114_seed7755_no_autostop,7755,3,269,0.0,3.333333333333334,-2.330675926397919,-2.3852238539718926
0,t0114_seed7755_no_autostop,7755,3,273,0.0,2.857142857142857,-1.9327241169775276,-1.7384156487640894
0,t0114_seed7755_no_autostop,7755,3,274,0.0,2.857142857142857,-1.157028941155038,-2.08563191214884
0,t0114_seed7755_no_autostop,7755,3,275,0.0,2.857142857142857,-2.7312364206504625,-1.962501839680695
0,t0114_seed7755_no_autostop,7755,3,276,0.0,2.857142857142857,-2.134982953688249,-1.723562109643815
0,t0114_seed7755_no_autostop,7755,3,283,0.0,2.142857142857143,-2.7464560790551182,-1.155462684742095
0,t0114_seed7755_no_autostop,7755,3,284,0.0,2.142857142857143,-1.745925334540267,-0.8251606221602468
0,t0114_seed7755_no_autostop,7755,3,285,0.0,2.142857142857143,-2.9052041920990193,-3.431195567989378
0,t0114_seed7755_no_autostop,7755,3,287,0.0,1.4285714285714286,-1.665581444912903,-1.3158641254138541
2,t0114_seed7755_no_autostop,7755,4,292,0.02702702702702703,40.714285714285715,3.8880235325806094,-1.2839559700452885
3,t0114_seed7755_no_autostop,7755,4,293,0.075,20.476190476190478,-1.7110473800136239,-1.0971370353923986
2,t0114_seed7755_no_autostop,7755,4,294,0.044534412955465556,30.714285714285715,2.9299942231162435,-2.2739056403062943
2,t0114_seed7755_no_autostop,7755,4,296,0.007462686567164152,32.142857142857146,2.553027647990569,-1.249108992937078
0,t0114_seed7755_no_autostop,7755,4,298,0.05882352941176474,3.8095238095238098,-2.263532304081329,-0.4100936184458349
3,t0114_seed7755_no_autostop,7755,4,299,0.03910614525139663,22.142857142857146,-1.2518479810735834,-0.30916887467241294
2,t0114_seed7755_no_autostop,7755,4,300,6.123233995736766e-17,41.42857142857143,3.5187063439269717,-1.0942426773556388
0,t0114_seed7755_no_autostop,7755,4,301,0.0042553191489362,28.0952380952381,-2.0574723672949218,-2.45716281412104
0,t0114_seed7755_no_autostop,7755,4,305,0.02564102564102564,14.285714285714286,-0.6885238317460431,-1.891789163216716
0,t0114_seed7755_no_autostop,7755,4,306,0.010869565217391325,21.666666666666668,-2.350431970049224,-1.9480296917698179
2,t0114_seed7755_no_autostop,7755,4,308,6.123233995736766e-17,39.285714285714285,3.2525426508444224,-0.6648269791122421
0,t0114_seed7755_no_autostop,7755,4,312,0.019230769230769263,12.61904761904762,-3.1479429189905863,-0.09695395748055378
3,t0114_seed7755_no_autostop,7755,4,320,0.010526315789473703,11.190476190476192,-2.1866756643210667,-2.279534138271288
0,t0114_seed7755_no_autostop,7755,4,321,0.011235955056179796,10.476190476190476,-2.8611024571961066,-1.5869123100996132
0,t0114_seed7755_no_autostop,7755,4,322,0.014925373134328384,8.095238095238097,-2.796618388185187,-0.819694648520687
0,t0114_seed7755_no_autostop,7755,4,323,6.123233995736766e-17,36.42857142857143,-1.6445939790628716,-0.9084897113659117
2,t0114_seed7755_no_autostop,7755,4,325,6.123233995736766e-17,33.57142857142858,1.5932324292601132,-2.132365441323552
0,t0114_seed7755_no_autostop,7755,4,326,6.123233995736766e-17,32.85714285714286,-1.2450699110706944,-1.3397988255953517
0,t0114_seed7755_no_autostop,7755,4,328,6.123233995736766e-17,30.714285714285715,-1.1394419593269336,-3.5484856637357605
0,t0114_seed7755_no_autostop,7755,4,329,6.123233995736766e-17,29.28571428571429,-0.13230063165022016,-2.247524791709746
0,t0114_seed7755_no_autostop,7755,4,332,6.123233995736766e-17,27.142857142857146,-2.3052692154146697,-0.12431619046035265
3,t0114_seed7755_no_autostop,7755,4,333,6.123233995736766e-17,25.714285714285715,-1.2723315593132174,-1.4086686963766841
0,t0114_seed7755_no_autostop,7755,4,335,6.123233995736766e-17,24.28571428571429,-0.7521728364340732,-1.5574263558073127
0,t0114_seed7755_no_autostop,7755,4,336,6.123233995736766e-17,24.28571428571429,-0.42381830704364104,-1.6141687376009761
0,t0114_seed7755_no_autostop,7755,4,337,6.123233995736766e-17,23.571428571428573,-0.1655515773090126,-0.5869374321975809
0,t0114_seed7755_no_autostop,7755,4,339,6.123233995736766e-17,22.857142857142858,-2.0487824353088375,-2.4695578962284763
0,t0114_seed7755_no_autostop,7755,4,340,6.123233995736766e-17,22.857142857142858,0.7678445959246355,-3.00804612542706
0,t0114_seed7755_no_autostop,7755,4,341,6.123233995736766e-17,22.142857142857146,-1.0107778936026932,-1.04870070299159
0,t0114_seed7755_no_autostop,7755,4,342,6.123233995736766e-17,21.42857142857143,-1.600108043784046,-1.7508912580117681
0,t0114_seed7755_no_autostop,7755,4,344,6.123233995736766e-17,20.0,-1.1720427170164742,-1.3948632583322262
0,t0114_seed7755_no_autostop,7755,4,346,6.123233995736766e-17,19.28571428571429,-0.8690899365992614,-0.9530864318330988
3,t0114_seed7755_no_autostop,7755,4,352,6.123233995736766e-17,17.857142857142858,-0.6291417489723622,-2.3296681357358704
0,t0114_seed7755_no_autostop,7755,4,355,6.123233995736766e-17,16.42857142857143,-3.02181509823605,-0.5591997141082139
0,t0114_seed7755_no_autostop,7755,4,357,6.123233995736766e-17,15.714285714285715,-1.9826000479314991,-1.3144471035162972
0,t0114_seed7755_no_autostop,7755,4,358,6.123233995736766e-17,15.714285714285715,-3.277818741008501,-1.716663853175676
0,t0114_seed7755_no_autostop,7755,4,359,6.123233995736766e-17,15.714285714285715,-2.3585656456975075,-0.9527663740397089
0,t0114_seed7755_no_autostop,7755,4,361,6.123233995736766e-17,15.000000000000002,-1.7360226508148628,-1.7495284224322272
0,t0114_seed7755_no_autostop,7755,4,363,6.123233995736766e-17,14.285714285714286,-1.2839591090858284,-0.491180354141802
0,t0114_seed7755_no_autostop,7755,4,366,6.123233995736766e-17,13.571428571428573,-1.2112680531555844,-1.7336727063953976
0,t0114_seed7755_no_autostop,7755,4,367,6.123233995736766e-17,13.571428571428573,-0.4910584662728367,-2.262041586298521
0,t0114_seed7755_no_autostop,7755,4,371,6.123233995736766e-17,12.857142857142858,-0.8954332646085205,-0.3574264576728649
0,t0114_seed7755_no_autostop,7755,4,372,6.123233995736766e-17,12.857142857142858,-1.2865731565368126,-2.4039420193702536
0,t0114_seed7755_no_autostop,7755,4,374,6.123233995736766e-17,12.142857142857144,-2.5058012136260865,-2.693662113850282
0,t0114_seed7755_no_autostop,7755,4,375,6.123233995736766e-17,12.142857142857144,-0.5798665663731034,-1.455832971615438
0,t0114_seed7755_no_autostop,7755,4,376,6.123233995736766e-17,12.142857142857144,-0.9873362805366516,-2.998343195359809
0,t0114_seed7755_no_autostop,7755,4,377,6.123233995736766e-17,12.142857142857144,-2.3322327747649427,-0.2636662152023092
3,t0114_seed7755_no_autostop,7755,4,378,6.123233995736766e-17,11.428571428571429,-0.9482960806793735,-2.313717356549273
0,t0114_seed7755_no_autostop,7755,4,379,6.123233995736766e-17,11.428571428571429,-2.1383178273362264,-1.5971087986474113
0,t0114_seed7755_no_autostop,7755,4,380,6.123233995736766e-17,11.428571428571429,-1.7576802504450064,-2.63827067119658
0,t0114_seed7755_no_autostop,7755,4,381,6.123233995736766e-17,11.428571428571429,-1.4379893690760324,-1.4180559739945737
0,t0114_seed7755_no_autostop,7755,4,382,6.123233995736766e-17,10.714285714285715,-0.7414160252215429,-1.6844058143114096
0,t0114_seed7755_no_autostop,7755,4,383,6.123233995736766e-17,10.714285714285715,-1.8249326064022093,-0.8692793161425412
0,t0114_seed7755_no_autostop,7755,5,388,0.03488372093023256,63.57142857142858,2.219437317703937,-2.2228182729210415
3,t0114_seed7755_no_autostop,7755,5,389,0.06508875739644973,18.80952380952381,-0.9322029998871526,-1.4081360975320214
0,t0114_seed7755_no_autostop,7755,5,393,0.03225806451612906,25.0,-1.7102498549431853,-1.2418427770840408
2,t0114_seed7755_no_autostop,7755,5,394,0.020618556701030907,47.142857142857146,4.171657098685148,-1.1526928313104567
0,t0114_seed7755_no_autostop,7755,5,397,0.056338028169014114,15.952380952380953,-3.2362752630452336,-2.3184304175556893
2,t0114_seed7755_no_autostop,7755,5,398,0.024390243902439,40.0,3.95583943134536,-0.90676060744616
0,t0114_seed7755_no_autostop,7755,5,402,0.033707865168539325,10.238095238095239,-0.1679773640165225,-1.126622348728563
0,t0114_seed7755_no_autostop,7755,5,403,0.020242914979757054,28.809523809523814,-2.289751166963231,-2.868164648769243
0,t0114_seed7755_no_autostop,7755,5,404,0.01935483870967742,37.61904761904762,-0.8526678299597047,-1.3720231997611327
3,t0114_seed7755_no_autostop,7755,5,405,0.02352941176470586,20.714285714285715,-1.163421638106582,-1.4778564609805023
2,t0114_seed7755_no_autostop,7755,5,406,0.007874015748031496,45.714285714285715,4.351653895859053,-1.3294611811202595
2,t0114_seed7755_no_autostop,7755,5,407,0.008902077151335312,40.476190476190474,2.881625591420604,0.36797282040701024
2,t0114_seed7755_no_autostop,7755,5,408,0.009345794392523364,37.85714285714286,3.059388797298498,-1.049808501863586
0,t0114_seed7755_no_autostop,7755,5,410,0.025641025641025685,4.523809523809524,-1.4156285114283218,-0.08305885527944366
0,t0114_seed7755_no_autostop,7755,5,411,0.011235955056179775,32.142857142857146,0.058843895007357504,-2.437966227260878
3,t0114_seed7755_no_autostop,7755,5,414,0.02173913043478259,11.190476190476192,-1.2720692251501717,-2.066439612665412
0,t0114_seed7755_no_autostop,7755,5,415,0.02127659574468085,17.142857142857142,-0.8808162587959577,-1.1734342638382378
2,t0114_seed7755_no_autostop,7755,5,416,6.123233995736766e-17,45.714285714285715,3.1939886839670595,-1.2769748978423519
3,t0114_seed7755_no_autostop,7755,5,419,0.009090909090909058,25.952380952380956,-1.162521926816393,-0.7929245616310286
2,t0114_seed7755_no_autostop,7755,5,424,6.123233995736766e-17,43.57142857142858,2.4703504590282117,-0.670361957180316
3,t0114_seed7755_no_autostop,7755,5,426,0.0037174721189591345,32.142857142857146,-0.8739907590945007,-1.4667741463110022
0,t0114_seed7755_no_autostop,7755,5,427,0.00380228136882132,31.42857142857143,0.19698705326365523,-3.0648909918505463
0,t0114_seed7755_no_autostop,7755,5,432,0.0072992700729926745,16.190476190476193,-1.7481209526001258,-1.907820486066378
0,t0114_seed7755_no_autostop,7755,5,433,0.00884955752212386,13.571428571428573,-0.4318922249306501,-0.6177788454799727
0,t0114_seed7755_no_autostop,7755,5,440,0.010989010989011007,10.952380952380954,-3.047956302835188,-0.03927061746324987
0,t0114_seed7755_no_autostop,7755,5,441,0.010309278350515429,11.666666666666666,-2.0235658641208216,0.3725236752311884
0,t0114_seed7755_no_autostop,7755,5,442,6.123233995736766e-17,40.0,1.6460987071546842,-1.9093777512737347
0,t0114_seed7755_no_autostop,7755,5,446,6.123233995736766e-17,37.85714285714286,-1.573322087756688,-2.574040024141808
2,t0114_seed7755_no_autostop,7755,5,448,6.123233995736766e-17,35.714285714285715,0.45624157252447856,-1.0316065687234688
0,t0114_seed7755_no_autostop,7755,5,449,6.123233995736766e-17,34.523809523809526,-2.658611832157164,-0.693268829360347
2,t0114_seed7755_no_autostop,7755,5,451,6.123233995736766e-17,34.285714285714285,1.8382669835629613,-1.1305206183745364
0,t0114_seed7755_no_autostop,7755,5,453,6.123233995736766e-17,33.57142857142858,-0.762590107088408,-1.031700068829344
2,t0114_seed7755_no_autostop,7755,5,455,6.123233995736766e-17,32.85714285714286,3.953819900688275,-0.0972394710141271
0,t0114_seed7755_no_autostop,7755,5,456,6.123233995736766e-17,32.142857142857146,-1.4843837605711905,-2.2634390639296647
2,t0114_seed7755_no_autostop,7755,5,457,6.123233995736766e-17,32.142857142857146,1.7952300510752421,-0.7014750689647331
0,t0114_seed7755_no_autostop,7755,5,458,6.123233995736766e-17,31.42857142857143,-0.295156709878341,-1.8675105693065528
2,t0114_seed7755_no_autostop,7755,5,462,6.123233995736766e-17,28.571428571428573,2.350807307310219,-1.7570769266465378
0,t0114_seed7755_no_autostop,7755,5,464,6.123233995736766e-17,27.857142857142858,0.3937161118036443,-2.6897146841560526
0,t0114_seed7755_no_autostop,7755,5,467,6.123233995736766e-17,27.142857142857146,-1.0142129662794768,-2.556425651811633
0,t0114_seed7755_no_autostop,7755,5,468,6.123233995736766e-17,26.42857142857143,-0.7322022841360961,-1.4591255370835918
0,t0114_seed7755_no_autostop,7755,5,470,6.123233995736766e-17,25.0,-0.3032551797089315,-0.7634174962407352
0,t0114_seed7755_no_autostop,7755,5,471,6.123233995736766e-17,25.0,-0.244690541855166,0.15818988352069588
0,t0114_seed7755_no_autostop,7755,5,475,6.123233995736766e-17,24.28571428571429,0.738102435571254,-0.15926298968639854
0,t0114_seed7755_no_autostop,7755,5,476,6.123233995736766e-17,24.28571428571429,-1.8574349004164106,-2.8292941635616407
0,t0114_seed7755_no_autostop,7755,5,477,6.123233995736766e-17,24.28571428571429,0.8425460374557434,-2.620791776549633
2,t0114_seed7755_no_autostop,7755,6,481,0.21550387596899223,93.33333333333333,3.4839079644490116,0.1838932491994127
2,t0114_seed7755_no_autostop,7755,6,484,0.04678362573099411,42.61904761904762,3.1321841745153556,-0.8743002883425549
0,t0114_seed7755_no_autostop,7755,6,485,0.08264462809917353,26.42857142857143,-1.830156102094958,-2.5893970969156546
0,t0114_seed7755_no_autostop,7755,6,486,0.09090909090909088,4.761904761904763,-3.867547878576526,-2.686930661336584
0,t0114_seed7755_no_autostop,7755,6,491,0.03100775193798455,31.66666666666667,-0.6272920655963438,-0.9846077299423781
0,t0114_seed7755_no_autostop,7755,6,493,6.123233995736766e-17,52.85714285714286,0.058363181768043386,-1.0975188735770738
0,t0114_seed7755_no_autostop,7755,6,497,0.03225806451612906,25.0,-2.1970429370570015,-1.8520796481658404
0,t0114_seed7755_no_autostop,7755,6,500,6.123233995736766e-17,52.142857142857146,1.4830406028851142,-2.647716486916066
2,t0114_seed7755_no_autostop,7755,6,501,6.123233995736766e-17,52.142857142857146,3.3465311630681316,-0.5782496122097069
3,t0114_seed7755_no_autostop,7755,6,504,0.008403361344537815,42.142857142857146,-2.46875113784516,-1.706654723981966
0,t0114_seed7755_no_autostop,7755,6,505,0.03225806451612903,21.42857142857143,-2.2846736486937327,-2.227235009271403
2,t0114_seed7755_no_autostop,7755,6,508,0.02127659574468085,34.285714285714285,2.2298053971549177,-0.09568277225417973
2,t0114_seed7755_no_autostop,7755,6,509,0.009174311926605505,39.285714285714285,3.3858849244278053,-0.9820310846862647
0,t0114_seed7755_no_autostop,7755,6,511,0.0625,12.142857142857144,0.9416897401237387,-1.7380125282183705
2,t0114_seed7755_no_autostop,7755,6,512,6.123233995736766e-17,49.28571428571429,2.611988441188013,-0.672064166883661
2,t0114_seed7755_no_autostop,7755,6,513,6.123233995736766e-17,49.28571428571429,2.35368160522133,-0.9439464351562443
3,t0114_seed7755_no_autostop,7755,6,515,0.026315789473684185,18.571428571428573,-1.364558995631501,-0.643418739479601
2,t0114_seed7755_no_autostop,7755,6,516,0.010309278350515464,35.0,4.0751853826639675,-1.2399979181225702
0,t0114_seed7755_no_autostop,7755,6,521,0.04347826086956524,11.428571428571429,2.0009202136454203,-1.9353387716027923
0,t0114_seed7755_no_autostop,7755,6,525,0.02127659574468085,17.142857142857142,0.3860986346791023,-0.60377476675677
2,t0114_seed7755_no_autostop,7755,6,526,0.02127659574468085,17.142857142857142,0.6524228293376644,-1.0183341303865805
0,t0114_seed7755_no_autostop,7755,6,527,0.007142857142857117,33.0952380952381,-2.1502050327677393,-2.1375005773928923
0,t0114_seed7755_no_autostop,7755,6,528,0.006849315068493126,35.0,-1.9278083178691754,-2.7280907774711025
2,t0114_seed7755_no_autostop,7755,6,529,0.014084507042253521,25.0,2.27444084318008,-0.7802253968058981
3,t0114_seed7755_no_autostop,7755,6,530,0.01694915254237288,20.714285714285715,-1.4458787123999262,-1.4482451449571032
0,t0114_seed7755_no_autostop,7755,6,535,0.037037037037037104,6.666666666666668,-1.1805689775930128,-0.8982615451244681
0,t0114_seed7755_no_autostop,7755,6,538,6.123233995736766e-17,43.57142857142858,0.2213903640875479,-1.6806447202586519
0,t0114_seed7755_no_autostop,7755,6,541,0.02040816326530612,17.142857142857142,-0.742977412174687,-0.973753189630444
0,t0114_seed7755_no_autostop,7755,6,544,0.012658227848101286,19.04761904761905,0.20773432985874088,-2.2096324071602345
0,t0114_seed7755_no_autostop,7755,6,548,0.04545454545454547,5.0,-2.2744396411811207,-0.15106560215719878
0,t0114_seed7755_no_autostop,7755,6,550,0.024390243902439,9.523809523809526,-1.615292107604668,-2.3186448503080856
2,t0114_seed7755_no_autostop,7755,6,552,6.123233995736766e-17,41.42857142857143,2.3322502540812398,-1.7051011204959532
0,t0114_seed7755_no_autostop,7755,6,559,0.0063694267515923345,18.571428571428573,-0.0820180499002739,-2.580284323496346
2,t0114_seed7755_no_autostop,7755,6,564,6.123233995736766e-17,40.714285714285715,2.11696872516967,-2.1037689808737223
0,t0114_seed7755_no_autostop,7755,6,565,0.02127659574468083,5.476190476190477,-1.2271909141129214,-0.954437362890217
2,t0114_seed7755_no_autostop,7755,6,575,6.123233995736766e-17,39.285714285714285,2.2927757852414965,-1.0133860418954477
3,t0114_seed7755_no_autostop,7755,7,577,1.0,10.476190476190476,-2.1786534772051693,-2.298836736065537
3,t0114_seed7755_no_autostop,7755,7,578,0.8947368421052632,12.857142857142858,-1.0899738616277073,-2.058657569395607
0,t0114_seed7755_no_autostop,7755,7,586,0.003906250000000027,61.1904761904762,1.3392709308313528,-1.1316143193893464
2,t0114_seed7755_no_autostop,7755,7,587,0.031746031746031744,46.42857142857143,3.5088190660217617,0.22210551770272713
2,t0114_seed7755_no_autostop,7755,7,588,0.005025125628140738,47.61904761904763,4.26218030840503,-1.7517118225907244
2,t0114_seed7755_no_autostop,7755,7,589,0.034482758620689655,42.85714285714286,2.907715248503718,-0.7790685941511001
2,t0114_seed7755_no_autostop,7755,7,593,6.123233995736766e-17,53.57142857142858,2.830634606685714,-0.740038353566765
2,t0114_seed7755_no_autostop,7755,7,595,0.010869565217391325,44.28571428571429,3.6430160707390886,-0.7771355170144874
0,t0114_seed7755_no_autostop,7755,7,596,0.010695187165775421,45.0,2.4839955000832865,-1.9802018471061917
2,t0114_seed7755_no_autostop,7755,7,597,0.002597402597402561,45.95238095238095,4.0870283974160735,-1.5721924341832743
0,t0114_seed7755_no_autostop,7755,7,603,0.07262569832402233,19.761904761904763,-0.975620642782091,-1.198569765694075
2,t0114_seed7755_no_autostop,7755,7,621,6.123233995736766e-17,50.714285714285715,2.948287972552282,-0.9418962410600605
0,t0114_seed7755_no_autostop,7755,7,625,0.010526315789473684,34.285714285714285,-1.9049060492920453,-2.0445533516173193
0,t0114_seed7755_no_autostop,7755,7,626,0.011764705882352941,30.714285714285715,-0.987906951964472,-2.978198737157892
2,t0114_seed7755_no_autostop,7755,7,627,0.00632911392405061,37.85714285714286,4.469949034189487,-0.7453916755018687
0,t0114_seed7755_no_autostop,7755,7,628,0.02702702702702703,13.571428571428573,-3.529026531956291,-0.7095558842130796
0,t0114_seed7755_no_autostop,7755,7,636,0.023255813953488372,15.714285714285715,0.5938870165430077,-1.8067368722899118
3,t0114_seed7755_no_autostop,7755,7,642,0.01639344262295082,21.42857142857143,-1.2494190435165256,-1.3693800939287593
2,t0114_seed7755_no_autostop,7755,7,645,0.0070422535211267364,33.57142857142858,4.121361916060911,-1.0201232409553835
0,t0114_seed7755_no_autostop,7755,7,647,0.00806451612903223,29.761904761904763,-0.3794246097018459,-1.9773031041819267
3,t0114_seed7755_no_autostop,7755,7,648,0.003367003367003319,35.23809523809524,-2.5487054621086633,-2.148685844019526
0,t0114_seed7755_no_autostop,7755,7,651,0.04,9.285714285714286,-2.730654646205912,-1.7195961604529522
0,t0114_seed7755_no_autostop,7755,7,655,0.023255813953488354,10.476190476190476,-1.6360200426968332,-0.5046928523027014
2,t0114_seed7755_no_autostop,7755,7,656,6.123233995736766e-17,47.85714285714286,2.565702722427307,0.19956255424869754
0,t0114_seed7755_no_autostop,7755,7,659,0.0034843205574913143,34.04761904761905,-1.7175846667776362,-2.5138798254919954
3,t0114_seed7755_no_autostop,7755,7,664,0.005464480874316979,21.90476190476191,-3.049183552772799,-1.541511314841482
0,t0114_seed7755_no_autostop,7755,7,665,0.004739336492891029,25.23809523809524,-1.3889091089066832,-2.2266867500774574
0,t0114_seed7755_no_autostop,7755,7,670,0.0041493775933610245,28.809523809523814,-0.6277676264220601,-2.869950593572374
0,t0114_seed7755_no_autostop,7755,8,674,0.9565217391304348,32.142857142857146,1.529496552783143,-0.35162346521685095
2,t0114_seed7755_no_autostop,7755,8,677,0.012612612612612664,66.90476190476191,2.5867537421878875,-1.0359135774006893
2,t0114_seed7755_no_autostop,7755,8,678,6.123233995736766e-17,80.0,1.910595702858376,-0.13157081781649557
2,t0114_seed7755_no_autostop,7755,8,683,0.017467248908296974,55.47619047619048,3.400648734992834,-0.74455779962251
2,t0114_seed7755_no_autostop,7755,8,684,0.020689655172413793,52.85714285714286,2.6010060264190327,0.15584117120838434
2,t0114_seed7755_no_autostop,7755,8,687,6.123233995736766e-17,65.0,4.246189458836849,-0.5049327173589241
2,t0114_seed7755_no_autostop,7755,8,688,6.123233995736766e-17,65.0,2.7865020508598817,-0.23938266017248858
2,t0114_seed7755_no_autostop,7755,8,693,0.031578947368421054,35.0,1.7982004929368853,-2.5280521260886304
2,t0114_seed7755_no_autostop,7755,8,697,0.0046296296296295635,51.666666666666664,2.5290096666454294,-1.0443968482702113
0,t0114_seed7755_no_autostop,7755,8,701,6.123233995736766e-17,58.57142857142858,0.8822337206368298,-1.0012560086097113
2,t0114_seed7755_no_autostop,7755,8,706,0.015625,46.42857142857143,3.9626592875023103,-1.119884809592888
0,t0114_seed7755_no_autostop,7755,8,708,6.123233995736766e-17,55.714285714285715,-0.6537310384152035,-3.0351129369252323
2,t0114_seed7755_no_autostop,7755,8,710,0.022727272727272728,32.142857142857146,3.130224709277472,-0.4084341220544995
2,t0114_seed7755_no_autostop,7755,8,711,0.021276595744680875,40.0,1.089527803091484,-1.9176487218176568
2,t0114_seed7755_no_autostop,7755,8,712,0.02857142857142857,25.714285714285715,2.3415585492379556,-1.6882096999581702
3,t0114_seed7755_no_autostop,7755,8,720,0.03759398496240605,16.42857142857143,-0.16156214444415617,-1.9777737713905161
0,t0114_seed7755_no_autostop,7755,8,735,0.013793103448275888,35.0,-0.8350169035421241,-0.17083473752549694
0,t0114_seed7755_no_autostop,7755,8,736,0.01298701298701301,37.142857142857146,1.5035105880516972,-1.9192978968344923
0,t0114_seed7755_no_autostop,7755,8,738,0.016129032258064547,29.047619047619047,-2.0815610506760582,-3.1780188185860374
0,t0114_seed7755_no_autostop,7755,8,744,0.021582733812949638,16.904761904761905,0.1981887874057588,-1.9699915197546025
0,t0114_seed7755_no_autostop,7755,8,745,0.0026954177897574316,44.28571428571429,1.249467471719378,-1.331076751402545
2,t0114_seed7755_no_autostop,7755,8,747,0.003039513677811572,39.285714285714285,2.694442005968495,-0.9436772117788593
2,t0114_seed7755_no_autostop,7755,8,748,0.0062111801242235795,38.57142857142858,3.027684752751415,-0.5886855502739059
3,t0114_seed7755_no_autostop,7755,8,752,0.05263157894736844,4.761904761904763,-2.9279861305897485,-1.32222522803067
2,t0114_seed7755_no_autostop,7755,8,758,0.024390243902439025,14.285714285714286,2.9641445863970253,-0.9686830771787028
0,t0114_seed7755_no_autostop,7755,8,759,0.0032786885245901874,36.19047619047619,-0.3965369695681088,-1.6023578144775084
2,t0114_seed7755_no_autostop,7755,8,763,0.012658227848101266,27.857142857142858,2.5533122071484953,-1.7762051618294632
0,t0114_seed7755_no_autostop,7755,8,765,0.01775147928994083,19.761904761904763,-1.2847604825438566,-1.1966934534163154
2,t0114_seed7755_no_autostop,7755,9,775,0.0393258426966292,44.04761904761905,3.0049886424961283,-0.8976976744678217
2,t0114_seed7755_no_autostop,7755,9,781,0.014989293361884336,56.42857142857143,3.9782751248090213,-0.8707909961519751
2,t0114_seed7755_no_autostop,7755,9,782,0.04531722054380665,41.19047619047619,3.0349439740750443,-0.7554856651434356
2,t0114_seed7755_no_autostop,7755,9,784,0.012345679012345678,58.57142857142858,3.3527366700343118,-0.5082598755561222
2,t0114_seed7755_no_autostop,7755,9,787,6.123233995736766e-17,65.0,4.249365120663283,-0.5052293543309061
0,t0114_seed7755_no_autostop,7755,9,791,0.1612903225806452,3.0952380952380953,-1.7764787790582575,-1.5248468654365706
2,t0114_seed7755_no_autostop,7755,9,797,0.009999999999999966,48.095238095238095,4.313556931490728,-1.7681692966455638
2,t0114_seed7755_no_autostop,7755,9,798,6.123233995736766e-17,60.714285714285715,2.0271531503304994,-0.0332555547813003
2,t0114_seed7755_no_autostop,7755,9,801,0.02654867256637168,41.42857142857143,3.723859763695373,-0.9149737194031903
0,t0114_seed7755_no_autostop,7755,9,803,0.09523809523809527,4.523809523809524,-1.8428182231598538,0.15506079189897115
2,t0114_seed7755_no_autostop,7755,9,813,0.023809523809523853,40.952380952380956,1.9515650142490322,-1.200844646406566
2,t0114_seed7755_no_autostop,7755,9,815,0.013192612137203146,45.714285714285715,4.188082461086262,-0.7593584608685167
2,t0114_seed7755_no_autostop,7755,9,816,0.013850415512465353,43.57142857142858,2.1674735138446724,-0.39568559801476716
2,t0114_seed7755_no_autostop,7755,9,821,0.027777777777777776,26.42857142857143,1.463723364045084,-2.7705114843315797
2,t0114_seed7755_no_autostop,7755,9,824,0.021276595744680875,40.0,4.119999975522171,-1.2757356427319422
2,t0114_seed7755_no_autostop,7755,9,831,6.123233995736766e-17,55.0,2.528349627972341,-0.4398006016347123
0,t0114_seed7755_no_autostop,7755,9,833,0.025125628140703477,24.28571428571429,-0.5224599364931107,-0.6690680089217433
0,t0114_seed7755_no_autostop,7755,9,839,0.056603773584905655,6.666666666666668,-1.412490495867421,-1.6731977326668517
0,t0114_seed7755_no_autostop,7755,9,841,0.030303030303030304,12.142857142857144,-0.5942816628147781,-1.1761567447272205
0,t0114_seed7755_no_autostop,7755,9,848,0.029126213592233007,11.904761904761907,-1.4010121430796079,-4.091249895648603
2,t0114_seed7755_no_autostop,7755,9,849,0.021052631578947406,23.0952380952381,1.882891911046544,-1.1226436616649187
2,t0114_seed7755_no_autostop,7755,9,850,0.017421602787456424,34.76190476190476,2.467376320011311,-0.43556102731643653
0,t0114_seed7755_no_autostop,7755,9,851,0.04,9.285714285714286,-1.6253172373243447,-1.8125041849481462
0,t0114_seed7755_no_autostop,7755,9,853,0.020080321285140618,30.23809523809524,-2.585718052096383,-2.390762433852887
0,t0114_seed7755_no_autostop,7755,9,859,0.02564102564102564,14.285714285714286,-2.2163858285954166,-1.9679139592273789
2,t0114_seed7755_no_autostop,7755,9,860,0.008264462809917356,43.57142857142858,3.106868701771871,0.509039993479233
2,t0114_seed7755_no_autostop,7755,10,866,0.9719626168224299,50.23809523809524,4.853533108307223,0.318010197120641
2,t0114_seed7755_no_autostop,7755,10,867,0.2367688022284123,52.85714285714286,3.4805573488467196,-2.172591623243959
2,t0114_seed7755_no_autostop,7755,10,878,0.031630170316301776,50.47619047619048,3.47853751246233,-0.43224297304149056
2,t0114_seed7755_no_autostop,7755,10,881,6.123233995736766e-17,65.71428571428572,4.136688544704631,-1.0754487119232152
2,t0114_seed7755_no_autostop,7755,10,885,0.03724928366762179,43.0952380952381,3.176940693121704,-0.6186906261853387
2,t0114_seed7755_no_autostop,7755,10,886,0.01647058823529408,51.42857142857143,3.148931287982135,0.17138231667363382
2,t0114_seed7755_no_autostop,7755,10,887,0.023255813953488372,47.142857142857146,3.620607502832095,-1.1661124752123893
2,t0114_seed7755_no_autostop,7755,10,898,0.0425531914893617,35.0,2.496899852327244,-2.197590847781914
2,t0114_seed7755_no_autostop,7755,10,900,0.036544850498338846,37.142857142857146,2.850897240630761,-1.3134830738632493
2,t0114_seed7755_no_autostop,7755,10,903,0.0022172949002216983,53.57142857142858,2.1022873028350024,-0.22799537455108831
2,t0114_seed7755_no_autostop,7755,10,904,6.123233995736766e-17,64.28571428571429,3.9902652871213453,-0.6181282416296104
2,t0114_seed7755_no_autostop,7755,10,912,0.034482758620689655,32.142857142857146,3.9120735429011364,-1.7273829209228098
3,t0114_seed7755_no_autostop,7755,10,913,0.03529411764705882,31.42857142857143,0.9833618281606524,-2.6739298325820533
2,t0114_seed7755_no_autostop,7755,10,914,0.03225806451612903,34.285714285714285,2.5872677291365793,-2.7503882844729555
2,t0114_seed7755_no_autostop,7755,10,917,0.015384615384615385,47.142857142857146,3.38253911028969,-0.9306016489561098
2,t0114_seed7755_no_autostop,7755,10,919,6.123233995736766e-17,60.714285714285715,2.9803687936870866,-0.5207763609171134
2,t0114_seed7755_no_autostop,7755,10,928,0.013404825737265395,45.0,4.454114246801183,-0.7607171148799402
2,t0114_seed7755_no_autostop,7755,10,929,0.013404825737265395,45.0,3.1697207942215404,-1.0043246447063878
2,t0114_seed7755_no_autostop,7755,10,930,0.013850415512465353,43.57142857142858,2.5592273862171506,-0.596471905280545
2,t0114_seed7755_no_autostop,7755,10,931,0.007751937984496124,46.42857142857143,4.003965047047064,-1.084635928905092
2,t0114_seed7755_no_autostop,7755,10,932,6.123233995736766e-17,60.00000000000001,1.8683545872040666,-1.1909993229417402
0,t0114_seed7755_no_autostop,7755,10,936,0.06250000000000001,4.047619047619048,-0.7281753036028572,-0.7154214413504606
0,t0114_seed7755_no_autostop,7755,10,937,0.03311258278145698,17.38095238095238,-1.048237053791742,-0.7502071065401622
2,t0114_seed7755_no_autostop,7755,10,941,0.03225806451612903,22.857142857142858,3.46152179446777,-0.8336195199109062
2,t0114_seed7755_no_autostop,7755,10,944,0.029411764705882353,25.0,2.673566648500753,-2.320888340596234
2,t0114_seed7755_no_autostop,7755,10,949,6.123233995736766e-17,59.28571428571429,2.5242785376795833,-0.8901332095851932
2,t0114_seed7755_no_autostop,7755,10,956,0.02040816326530612,35.714285714285715,2.91002714006373,-2.3343056047109165
2,t0114_seed7755_no_autostop,7755,10,957,0.01818181818181818,40.0,3.914620834545597,-0.9418908473035442
2,t0114_seed7755_no_autostop,7755,11,962,0.9770114942528736,61.42857142857143,4.73308804816903,-0.6416567506601936
2,t0114_seed7755_no_autostop,7755,11,965,0.004457652303120356,79.76190476190477,2.594568555411701,-0.11638911329435393
2,t0114_seed7755_no_autostop,7755,11,966,0.015332197614991484,70.95238095238095,4.344768710861543,-1.0752417971748989
2,t0114_seed7755_no_autostop,7755,11,969,0.021645021645021707,56.1904761904762,2.586193136028912,-1.4401083513005835
2,t0114_seed7755_no_autostop,7755,11,970,6.123233995736766e-17,74.28571428571429,1.6363192915364058,-1.7130241749360058
2,t0114_seed7755_no_autostop,7755,11,976,0.18064516129032254,43.57142857142858,3.5759965661400934,-0.7023153145155747
0,t0114_seed7755_no_autostop,7755,11,977,0.048913043478260816,45.95238095238095,1.2868243224619687,-0.6662663859643998
2,t0114_seed7755_no_autostop,7755,11,980,0.02040816326530612,53.57142857142858,2.9285639774649446,-1.378807276568269
2,t0114_seed7755_no_autostop,7755,11,981,6.123233995736766e-17,69.28571428571429,4.118317292365651,-1.0035248227434368
3,t0114_seed7755_no_autostop,7755,11,985,0.3129770992366412,20.476190476190478,0.9475560505829944,-3.102106440015764
2,t0114_seed7755_no_autostop,7755,11,986,0.02813299232736571,47.85714285714286,2.2056064133713096,-0.12412535536925533
2,t0114_seed7755_no_autostop,7755,11,990,0.043478260869565216,42.85714285714286,2.8684252877048855,-2.1693528913505267
2,t0114_seed7755_no_autostop,7755,11,991,0.035616438356164404,45.0,3.8676942706925566,0.11960154490166494
2,t0114_seed7755_no_autostop,7755,11,993,6.123233995736766e-17,67.85714285714286,3.868256901516623,-0.22024007332236012
2,t0114_seed7755_no_autostop,7755,11,994,0.002012072434607617,59.04761904761906,1.6165432916972586,0.4565753250872719
2,t0114_seed7755_no_autostop,7755,11,995,0.006535947712418301,55.0,4.154940189904407,-0.43785037573343893
0,t0114_seed7755_no_autostop,7755,11,997,0.3658536585365854,6.190476190476191,-1.9551089773902721,-1.5355786675045573
0,t0114_seed7755_no_autostop,7755,11,999,0.11688311688311688,8.095238095238097,-0.04478926611047778,-1.8225023490090282
2,t0114_seed7755_no_autostop,7755,11,1001,0.023255813953488372,47.142857142857146,4.176792700978464,-1.179426477420135
2,t0114_seed7755_no_autostop,7755,11,1005,0.014563106796116504,48.33333333333334,2.662183519722807,-0.6411921032457144
2,t0114_seed7755_no_autostop,7755,11,1015,0.043478260869565244,37.142857142857146,2.275199857639673,-0.4954518356136635
2,t0114_seed7755_no_autostop,7755,11,1018,0.009999999999999966,48.095238095238095,4.162730949967298,-1.1528401531134895
2,t0114_seed7755_no_autostop,7755,11,1025,0.018867924528301907,45.0,3.9044103839196933,-0.1103374091137357
2,t0114_seed7755_no_autostop,7755,11,1026,0.015873015873015872,45.714285714285715,3.798289755780194,-0.6647804559199749
2,t0114_seed7755_no_autostop,7755,11,1034,0.01285347043701803,46.90476190476191,3.9983289508295417,-1.8428791628961108
2,t0114_seed7755_no_autostop,7755,11,1035,0.012987012987012967,46.42857142857143,4.103491832775986,-1.6836446744521791
2,t0114_seed7755_no_autostop,7755,11,1036,0.012787723785166278,47.142857142857146,4.2264439343573414,-1.028700054434338
2,t0114_seed7755_no_autostop,7755,11,1045,0.041825095057034196,30.000000000000004,3.520604965971394,0.21623310042550845
2,t0114_seed7755_no_autostop,7755,11,1053,6.123233995736766e-17,61.42857142857143,2.8139370672174904,0.11377103510868602
2,t0114_seed7755_no_autostop,7755,11,1054,6.123233995736766e-17,61.42857142857143,2.1491327732750904,-0.2027470660239368
2,t0114_seed7755_no_autostop,7755,12,1060,0.019431988041853556,81.1904761904762,4.396852107546971,-0.7002531506870872
0,t0114_seed7755_no_autostop,7755,12,1061,0.03777335984095424,62.142857142857146,2.55748970565581,-2.0945573775828485
2,t0114_seed7755_no_autostop,7755,12,1062,0.9762845849802372,59.523809523809526,4.934991326792334,-0.8098215962294757
2,t0114_seed7755_no_autostop,7755,12,1069,0.2367688022284123,52.85714285714286,3.4841245425999623,-2.1703221015341407
2,t0114_seed7755_no_autostop,7755,12,1070,0.022831050228310567,53.33333333333334,2.1142361429557077,-0.8987320715771551
2,t0114_seed7755_no_autostop,7755,12,1071,6.123233995736766e-17,75.0,1.6392631111271672,-1.8308743206252036
2,t0114_seed7755_no_autostop,7755,12,1074,0.970873786407767,48.33333333333334,1.9439469333785644,-0.4898819383145017
2,t0114_seed7755_no_autostop,7755,12,1078,0.15909090909090906,48.57142857142858,3.7540234958713037,-0.33774327580705005
2,t0114_seed7755_no_autostop,7755,12,1082,0.005847953216374269,61.42857142857143,3.1022854724880666,-0.648954117257658
2,t0114_seed7755_no_autostop,7755,12,1085,0.027295285359801528,49.28571428571429,3.8388441885432814,-1.3076255800456502
2,t0114_seed7755_no_autostop,7755,12,1087,0.03875968992248062,47.85714285714286,2.6333729344298527,-2.6136903913947385
2,t0114_seed7755_no_autostop,7755,12,1089,0.01670644391408111,50.714285714285715,3.135224002724612,-0.6571139666674298
2,t0114_seed7755_no_autostop,7755,12,1091,6.123233995736766e-17,69.28571428571429,3.993607845790332,-0.9112187213277424
2,t0114_seed7755_no_autostop,7755,12,1094,0.95,27.857142857142858,4.62941279015808,-0.6207394782354957
2,t0114_seed7755_no_autostop,7755,12,1106,0.002053388090349047,58.095238095238095,2.396933471181457,-0.18268821062830048
2,t0114_seed7755_no_autostop,7755,12,1107,0.0021691973969630925,54.761904761904766,1.659097772512615,1.113597771857461
2,t0114_seed7755_no_autostop,7755,12,1111,0.07619047619047613,26.904761904761905,2.2675463858093248,-0.4736692705714828
2,t0114_seed7755_no_autostop,7755,12,1116,0.030985915492957723,43.57142857142858,2.268434991792316,-0.595553470544925
0,t0114_seed7755_no_autostop,7755,12,1123,0.4181818181818182,3.8095238095238098,-1.7790331789862168,-0.9795428954028144
2,t0114_seed7755_no_autostop,7755,12,1130,0.03636363636363636,40.714285714285715,4.035513716244527,-0.7693468847810713
2,t0114_seed7755_no_autostop,7755,12,1136,6.123233995736766e-17,65.0,3.7084011360926192,-0.47735560178368647
0,t0114_seed7755_no_autostop,7755,12,1137,0.28888888888888886,3.8095238095238098,0.6624785485134569,-0.9223734575510898
2,t0114_seed7755_no_autostop,7755,12,1151,6.123233995736766e-17,64.28571428571429,3.423849316901738,-0.1940898832594287
2,t0114_seed7755_no_autostop,7755,13,1154,1.0,41.66666666666667,4.844429766187392,0.2538658866435522
2,t0114_seed7755_no_autostop,7755,13,1158,0.02857142857142857,64.28571428571429,5.180431272827412,-0.38413555991482334
2,t0114_seed7755_no_autostop,7755,13,1160,0.5074183976261127,60.47619047619048,4.286296696294195,-0.29341671653191487
2,t0114_seed7755_no_autostop,7755,13,1165,0.9727272727272728,51.666666666666664,2.8644123741572267,-2.346005672166766
2,t0114_seed7755_no_autostop,7755,13,1168,0.02505694760820049,53.57142857142858,3.641868907152521,-0.13158609604302124
2,t0114_seed7755_no_autostop,7755,13,1169,0.2367688022284123,52.85714285714286,3.484179054723466,-2.1702874198049447
2,t0114_seed7755_no_autostop,7755,13,1170,0.2367688022284123,52.85714285714286,3.4805028367232165,-2.172626304973155
2,t0114_seed7755_no_autostop,7755,13,1171,0.02277432712215315,58.80952380952381,2.784167844444362,-0.7372325069969143
2,t0114_seed7755_no_autostop,7755,13,1174,0.0035211267605634055,67.85714285714286,4.348437665271846,-1.011993484348895
2,t0114_seed7755_no_autostop,7755,13,1177,0.03597122302158273,51.42857142857143,3.9425758572096816,-0.5160945350886953
2,t0114_seed7755_no_autostop,7755,13,1191,0.0063424947145877385,56.666666666666664,4.0859835882471085,-1.2790590971281233
2,t0114_seed7755_no_autostop,7755,13,1197,0.03571428571428575,48.33333333333334,1.5573601604977585,-0.6057438236897673
2,t0114_seed7755_no_autostop,7755,13,1212,0.01745635910224435,48.57142857142858,4.3499316456131,-1.2280319541250397
2,t0114_seed7755_no_autostop,7755,13,1216,6.123233995736766e-17,67.14285714285715,3.7712939289982645,-0.7421749131806173
2,t0114_seed7755_no_autostop,7755,13,1217,0.002053388090349047,57.85714285714286,3.8354591153246114,0.29197916554328385
2,t0114_seed7755_no_autostop,7755,13,1226,0.02631578947368423,46.42857142857143,4.4207426957544875,-1.0818460095575564
2,t0114_seed7755_no_autostop,7755,13,1227,0.026041666666666685,46.90476190476191,2.765640234117984,-1.0609187484428402
2,t0114_seed7755_no_autostop,7755,13,1231,0.002341920374707227,50.714285714285715,1.9342790978161206,-0.535860971655518
2,t0114_seed7755_no_autostop,7755,13,1232,6.123233995736766e-17,66.42857142857143,3.990711920732544,-0.14373899631102963
2,t0114_seed7755_no_autostop,7755,13,1239,0.061855670103092834,21.666666666666668,2.391620084525781,0.19975514823529508
2,t0114_seed7755_no_autostop,7755,13,1247,0.012722646310432498,47.38095238095238,2.632851916361988,-0.01668007818401185
2,t0114_seed7755_no_autostop,7755,14,1251,0.9571428571428572,65.23809523809524,3.5695282111047106,-0.5834800004741081
2,t0114_seed7755_no_autostop,7755,14,1253,0.00430416068866571,82.61904761904763,1.0989784890468586,-1.924284195171115
2,t0114_seed7755_no_autostop,7755,14,1254,0.024630541871921183,74.28571428571429,3.5209129955213854,-0.49586925993547404
2,t0114_seed7755_no_autostop,7755,14,1264,0.008347245409015047,71.90476190476191,4.368925698704655,-0.8440187143182695
2,t0114_seed7755_no_autostop,7755,14,1266,0.025742574257425717,61.666666666666664,3.8373695537542636,-0.06400243799430376
2,t0114_seed7755_no_autostop,7755,14,1271,0.034482758620689655,53.57142857142858,4.2428563553954906,-0.901389385068093
2,t0114_seed7755_no_autostop,7755,14,1272,0.003012048192771106,79.28571428571429,4.226895122728441,-0.5664927793543716
2,t0114_seed7755_no_autostop,7755,14,1274,0.00848896434634977,70.71428571428572,3.3313669183317502,-1.4078665510972006
2,t0114_seed7755_no_autostop,7755,14,1277,0.023454157782516024,57.142857142857146,4.822369205094446,-0.28187942675322697
2,t0114_seed7755_no_autostop,7755,14,1281,0.0016528925619834474,72.14285714285715,4.283544560204805,-0.3262484092855772
2,t0114_seed7755_no_autostop,7755,14,1282,0.011406844106463877,61.90476190476191,2.6209531301256628,0.3828716079288439
2,t0114_seed7755_no_autostop,7755,14,1284,0.971830985915493,50.0,4.8272134857053395,0.08613894349620764
2,t0114_seed7755_no_autostop,7755,14,1290,6.123233995736766e-17,74.76190476190477,2.064931761498043,-1.4725418907170322
2,t0114_seed7755_no_autostop,7755,14,1291,0.0016528925619834474,71.90476190476191,1.921262328561733,-1.4506604899792566
2,t0114_seed7755_no_autostop,7755,14,1298,0.0064516129032258064,55.714285714285715,4.326960561676189,-0.5698875319843963
2,t0114_seed7755_no_autostop,7755,14,1303,0.003984063745019949,60.00000000000001,3.700526173799616,-0.729273546335775
2,t0114_seed7755_no_autostop,7755,14,1304,0.9689119170984455,45.23809523809524,3.6874232764378094,-0.15656859253495026
3,t0114_seed7755_no_autostop,7755,14,1307,0.05851063829787231,47.38095238095238,1.449895705832392,-0.6451778450646061
2,t0114_seed7755_no_autostop,7755,14,1309,0.018867924528301924,51.42857142857143,4.296852184159433,-0.3869205198108762
2,t0114_seed7755_no_autostop,7755,14,1312,0.001972386587771259,60.23809523809524,2.102862695849533,-0.6358073646534537
2,t0114_seed7755_no_autostop,7755,14,1316,0.9668508287292817,42.38095238095239,4.670883633493189,0.2291882224842854
2,t0114_seed7755_no_autostop,7755,14,1323,0.002188183807439794,54.28571428571429,3.033661090335764,-1.185174043520338
2,t0114_seed7755_no_autostop,7755,14,1327,0.01763224181360198,48.095238095238095,4.247081283329159,-0.6572476188549261
2,t0114_seed7755_no_autostop,7755,14,1338,0.03225806451612903,45.714285714285715,2.6904714637758693,-0.9454627481551913
2,t0114_seed7755_no_autostop,7755,14,1339,0.03225806451612903,45.714285714285715,1.8245483847862833,-0.4524249854967596
2,t0114_seed7755_no_autostop,7755,15,1346,0.9801980198019802,71.42857142857143,3.9717412711618683,-0.4899524589454288
2,t0114_seed7755_no_autostop,7755,15,1350,0.0028328611898017202,84.28571428571429,3.4246696452436822,-0.9404540910045354
2,t0114_seed7755_no_autostop,7755,15,1353,0.9667774086378736,70.47619047619048,4.634883323481249,-0.19555894550003047
2,t0114_seed7755_no_autostop,7755,15,1357,0.008375209380234458,71.66666666666667,4.511695051278037,-0.9274958455905442
2,t0114_seed7755_no_autostop,7755,15,1358,6.123233995736766e-17,82.85714285714286,3.5324628446694635,-0.7816883363965799
2,t0114_seed7755_no_autostop,7755,15,1361,0.015706806282722512,69.28571428571429,3.900629933177014,-1.5021930079971693
2,t0114_seed7755_no_autostop,7755,15,1364,0.005025125628140704,71.42857142857143,3.9906346650194093,-0.7997524943608465
2,t0114_seed7755_no_autostop,7755,15,1366,0.9743589743589743,55.0,3.724169166183944,-0.8686201794565944
0,t0114_seed7755_no_autostop,7755,15,1368,0.03007518796992479,65.23809523809524,2.3259599067039334,-1.9884282286991148
2,t0114_seed7755_no_autostop,7755,15,1369,0.5229885057471264,63.095238095238095,4.3758932945409965,-0.7825903987387329
0,t0114_seed7755_no_autostop,7755,15,1372,0.0015649452269171024,75.95238095238095,1.2552328576583578,-1.63342517518563
2,t0114_seed7755_no_autostop,7755,15,1374,6.123233995736766e-17,79.28571428571429,4.15588594219523,-0.5454308025935476
2,t0114_seed7755_no_autostop,7755,15,1375,0.9737991266375546,53.80952380952381,3.365301775420545,-1.8111950377714379
2,t0114_seed7755_no_autostop,7755,15,1379,0.509933774834437,54.28571428571429,3.384755217018235,-1.6798628383169076
2,t0114_seed7755_no_autostop,7755,15,1381,6.123233995736766e-17,77.14285714285715,2.348414101531925,0.29580786736959114
2,t0114_seed7755_no_autostop,7755,15,1385,0.03067484662576687,60.00000000000001,3.9610350192274404,0.10948920046883466
2,t0114_seed7755_no_autostop,7755,15,1396,0.029612756264236872,53.80952380952381,2.759714734301373,-0.33407772799447427
2,t0114_seed7755_no_autostop,7755,15,1398,0.0364963503649635,50.714285714285715,4.196990021707391,-0.5178992339240446
2,t0114_seed7755_no_autostop,7755,15,1405,0.016949152542372913,57.142857142857146,2.303363586616243,-0.3259770121723916
2,t0114_seed7755_no_autostop,7755,15,1414,0.008333333333333392,57.61904761904763,4.21264789325551,-0.7640382848327326
2,t0114_seed7755_no_autostop,7755,15,1420,6.123233995736766e-17,70.0,2.977190036417631,-1.5515558318788447
2,t0114_seed7755_no_autostop,7755,15,1421,6.123233995736766e-17,70.0,4.0892491510849025,-1.4040695798483709
2,t0114_seed7755_no_autostop,7755,15,1422,0.9692307692307692,45.714285714285715,3.206252153187016,-1.0792223258907245
2,t0114_seed7755_no_autostop,7755,15,1428,0.0020876826722337903,57.142857142857146,1.8366177304336964,-1.4738625164014507
2,t0114_seed7755_no_autostop,7755,15,1439,0.0136986301369863,52.85714285714286,4.936964883542204,-0.5625216005295895
2,t0114_seed7755_no_autostop,7755,16,1447,0.002570694087403562,92.3809523809524,3.917534572461059,-0.9376703094822249
2,t0114_seed7755_no_autostop,7755,16,1448,0.01634472511144133,81.42857142857143,4.084935792748269,-0.8764699162757313
2,t0114_seed7755_no_autostop,7755,16,1451,0.9788732394366197,66.90476190476191,4.014696882928777,-0.16359090600733195
2,t0114_seed7755_no_autostop,7755,16,1456,0.005934718100890186,80.71428571428572,4.466515444297889,-0.3704832919455127
2,t0114_seed7755_no_autostop,7755,16,1460,0.031775700934579466,65.71428571428572,4.592258075912207,-0.26585296528263674
2,t0114_seed7755_no_autostop,7755,16,1461,6.123233995736766e-17,82.14285714285715,2.6492847169819487,-1.6932100255877198
2,t0114_seed7755_no_autostop,7755,16,1465,0.004608294930875576,77.14285714285715,4.221735242964717,-0.4352129578247648
2,t0114_seed7755_no_autostop,7755,16,1468,0.9687500000000001,60.00000000000001,3.71270752340979,-0.2968265835183584
2,t0114_seed7755_no_autostop,7755,16,1472,6.123233995736766e-17,81.42857142857143,2.912297790615602,-0.5323629109812211
2,t0114_seed7755_no_autostop,7755,16,1479,0.018726591760299678,64.76190476190477,4.424374076248434,-0.5711893583950446
2,t0114_seed7755_no_autostop,7755,16,1481,6.123233995736766e-17,80.0,2.2874926318131306,-1.531815291373543
2,t0114_seed7755_no_autostop,7755,16,1484,0.0018348623853210746,65.0,3.03285257058018,-2.3307662865916794
2,t0114_seed7755_no_autostop,7755,16,1489,0.019157088122605418,63.33333333333334,2.6895979920627378,-1.1332398090895364
2,t0114_seed7755_no_autostop,7755,16,1492,0.9733333333333334,52.85714285714286,3.9375652104742107,-1.8069208629695552
2,t0114_seed7755_no_autostop,7755,16,1493,0.09879518072289155,54.28571428571429,4.31723582185586,-0.7372766495540582
2,t0114_seed7755_no_autostop,7755,16,1503,0.9727272727272728,51.666666666666664,2.3211103631587595,-0.9192434690083224
2,t0114_seed7755_no_autostop,7755,16,1506,0.018556701030927835,58.80952380952381,3.456125864097344,-0.6096189629620156
2,t0114_seed7755_no_autostop,7755,16,1509,6.123233995736766e-17,75.71428571428572,1.9804164062627367,-1.013714342355774
2,t0114_seed7755_no_autostop,7755,16,1530,0.9711538461538461,48.80952380952381,3.952915841521088,0.3596464784381609
2,t0114_seed7755_no_autostop,7755,16,1531,0.032258064516129004,49.523809523809526,4.119016961139907,-0.6851535499127527
2,t0114_seed7755_no_autostop,7755,16,1534,0.029411764705882353,50.0,2.2712850903564394,-1.4372041854430064
2,t0114_seed7755_no_autostop,7755,17,1539,0.9719887955182072,83.80952380952381,3.94268637550638,-0.5994638227164522
2,t0114_seed7755_no_autostop,7755,17,1549,0.0043541364296081275,82.38095238095238,3.386934852367296,-1.547350960745748
2,t0114_seed7755_no_autostop,7755,17,1558,0.03260869565217391,67.85714285714286,3.4103904213436906,-1.1534478249092608
2,t0114_seed7755_no_autostop,7755,17,1567,0.9540229885057471,60.714285714285715,4.2763188328176485,-0.3525599691825495
2,t0114_seed7755_no_autostop,7755,17,1568,0.05019305019305022,64.76190476190477,4.888176806495936,-1.1399717033332704
2,t0114_seed7755_no_autostop,7755,17,1572,6.123233995736766e-17,81.42857142857143,1.8117326579588795,-1.2812493918095882
2,t0114_seed7755_no_autostop,7755,17,1575,0.0030487804878048994,77.85714285714286,3.697698185144835,-0.8364916237426728
2,t0114_seed7755_no_autostop,7755,17,1587,0.0017035775127768069,69.76190476190477,2.628961520467467,-0.9294310234684262
2,t0114_seed7755_no_autostop,7755,17,1588,0.2348284960422163,55.714285714285715,4.475441252689088,-0.4889117033356587
2,t0114_seed7755_no_autostop,7755,17,1590,0.03703703703703697,56.666666666666664,4.820658719640263,-0.9804476804839157
2,t0114_seed7755_no_autostop,7755,17,1592,0.0018214936247723651,65.23809523809524,4.286400816716095,0.03157100870860091
2,t0114_seed7755_no_autostop,7755,17,1593,0.02824858757062147,65.0,3.6463516401645846,0.060948315784763965
2,t0114_seed7755_no_autostop,7755,17,1602,6.123233995736766e-17,78.57142857142857,2.7858407591317356,-0.4888315775889698
2,t0114_seed7755_no_autostop,7755,17,1607,0.9728506787330317,51.90476190476191,3.7341185731256226,-0.8094867611860683
2,t0114_seed7755_no_autostop,7755,17,1609,0.034013605442176874,54.28571428571429,3.542817925425028,-0.45224158184457525
2,t0114_seed7755_no_autostop,7755,17,1610,0.0036900369003690296,64.76190476190477,2.2944598979457975,-0.21074014060013774
2,t0114_seed7755_no_autostop,7755,17,1613,0.021782178217821812,61.42857142857143,3.408690626415653,-0.8322559365123928
2,t0114_seed7755_no_autostop,7755,17,1616,6.123233995736766e-17,77.14285714285715,3.929068404543296,-1.209355267769008
2,t0114_seed7755_no_autostop,7755,17,1619,0.9639639639639641,51.90476190476191,3.5063786678068376,-2.2780183927021307
2,t0114_seed7755_no_autostop,7755,17,1623,0.02173913043478258,55.95238095238095,3.8503441475106315,-0.6010580039275567
2,t0114_seed7755_no_autostop,7755,17,1625,0.9724770642201835,51.1904761904762,4.8113214116921625,0.21152015110929653
2,t0114_seed7755_no_autostop,7755,18,1645,0.9683544303797468,74.04761904761905,4.617182256468788,-0.827958203971602
2,t0114_seed7755_no_autostop,7755,18,1646,6.123233995736766e-17,84.28571428571429,4.523365784353481,-0.047667859117546396
2,t0114_seed7755_no_autostop,7755,18,1647,0.978021978021978,64.28571428571429,5.352636045389642,-0.6185781382738694
2,t0114_seed7755_no_autostop,7755,18,1648,0.017770597738287586,75.0,2.943035854050478,-0.19295370130433784
2,t0114_seed7755_no_autostop,7755,18,1650,0.0014598540145985195,81.66666666666667,3.0103114229109864,-1.3096018149952149
2,t0114_seed7755_no_autostop,7755,18,1652,6.123233995736766e-17,83.57142857142858,1.440886147441933,-1.71634478674907
2,t0114_seed7755_no_autostop,7755,18,1659,0.0014771048744460645,80.71428571428572,3.5974300843570117,-0.3405052118820265
2,t0114_seed7755_no_autostop,7755,18,1664,0.9767441860465116,60.714285714285715,5.036488026624719,-0.27091437912257554
2,t0114_seed7755_no_autostop,7755,18,1672,0.01989150090415916,67.14285714285715,4.44470925014944,-0.15609217595870678
2,t0114_seed7755_no_autostop,7755,18,1687,0.9746835443037974,55.714285714285715,4.650622086188667,-0.736404942265929
2,t0114_seed7755_no_autostop,7755,18,1692,0.008976660682226236,66.90476190476191,3.9322111825646386,0.020743424370463184
2,t0114_seed7755_no_autostop,7755,18,1705,6.123233995736766e-17,79.28571428571429,3.076033787729122,-0.502477077718215
2,t0114_seed7755_no_autostop,7755,18,1719,0.02145922746781113,56.666666666666664,2.0269183010755665,-0.24749646416888693
0,t0114_seed7755_no_autostop,7755,18,1720,0.012,60.23809523809524,1.7335831594936768,-3.1096375845459363
2,t0114_seed7755_no_autostop,7755,18,1721,0.01910828025477707,57.142857142857146,2.5695743186433666,-2.699465774775417
2,t0114_seed7755_no_autostop,7755,18,1724,6.123233995736766e-17,77.14285714285715,3.6017976097004363,-0.8649452307530562
2,t0114_seed7755_no_autostop,7755,18,1726,0.9641255605381167,52.142857142857146,2.896505505658781,-1.11307143618461
2,t0114_seed7755_no_autostop,7755,19,1730,0.9744245524296675,91.9047619047619,4.068743680405852,-0.11672050054208973
2,t0114_seed7755_no_autostop,7755,19,1731,0.9815950920245399,76.90476190476191,4.404667806546632,0.2539808931202494
2,t0114_seed7755_no_autostop,7755,19,1733,1.0,26.66666666666667,4.628994050095567,0.15426517247763744
2,t0114_seed7755_no_autostop,7755,19,1735,0.005361930294906146,89.28571428571429,4.601037738551652,-0.4939273091468707
2,t0114_seed7755_no_autostop,7755,19,1738,0.9661016949152542,82.85714285714286,4.161077866981957,-0.5162448085460362
2,t0114_seed7755_no_autostop,7755,19,1739,0.9710982658959537,81.1904761904762,3.8132143473304305,-0.8568614481291423
2,t0114_seed7755_no_autostop,7755,19,1741,6.123233995736766e-17,87.14285714285715,2.4288215951930425,-1.2055998159820474
2,t0114_seed7755_no_autostop,7755,19,1742,0.9791666666666666,67.85714285714286,2.6237419376121642,-1.176701975219534
2,t0114_seed7755_no_autostop,7755,19,1748,0.963076923076923,75.95238095238095,4.902887564155227,-0.24151898146673553
2,t0114_seed7755_no_autostop,7755,19,1749,6.123233995736766e-17,86.42857142857143,3.7512501456413982,-0.32495455676251844
2,t0114_seed7755_no_autostop,7755,19,1753,0.012383900928792593,77.85714285714286,4.090333269912872,-0.5936249060930623
2,t0114_seed7755_no_autostop,7755,19,1764,0.03867403314917127,67.14285714285715,3.7915313719152413,-1.1252153172198103
2,t0114_seed7755_no_autostop,7755,19,1771,0.9695817490494297,61.666666666666664,3.6854645996089013,-0.04344764989121211
2,t0114_seed7755_no_autostop,7755,19,1780,0.01060070671378092,68.0952380952381,3.665062454699129,-0.31633646897831136
2,t0114_seed7755_no_autostop,7755,19,1782,6.123233995736766e-17,82.85714285714286,4.018657851910649,-0.11671880026124974
2,t0114_seed7755_no_autostop,7755,19,1786,0.0016207455429497336,73.57142857142857,3.6364007432682297,-1.071974799807125
2,t0114_seed7755_no_autostop,7755,19,1787,0.0015503875968992688,76.90476190476191,3.1079738343752177,-0.7634894302255699
2,t0114_seed7755_no_autostop,7755,19,1788,0.0016528925619834474,72.14285714285715,4.3338671625727185,-1.4731895213235437
2,t0114_seed7755_no_autostop,7755,19,1789,0.001658374792703198,71.90476190476191,2.961131595903779,-0.3224352870585401
2,t0114_seed7755_no_autostop,7755,19,1790,0.5043731778425656,61.42857142857143,4.284184554892458,0.20712315944679002
2,t0114_seed7755_no_autostop,7755,19,1795,0.0051813471502590676,68.57142857142857,2.933047274328407,-0.1988770447652223
2,t0114_seed7755_no_autostop,7755,19,1808,0.9754098360655737,57.38095238095238,4.170167994906924,-0.5271474330807074
2,t0114_seed7755_no_autostop,7755,19,1809,0.9601593625498007,58.57142857142858,3.8301524547254444,-0.6940087558652163
2,t0114_seed7755_no_autostop,7755,19,1812,0.02056074766355143,65.0,4.255582575261057,-0.18176724573537514
2,t0114_seed7755_no_autostop,7755,19,1814,0.0017889087656529266,66.42857142857143,2.4907668860641157,-0.25263529698495635
2,t0114_seed7755_no_autostop,7755,19,1817,6.123233995736766e-17,80.0,3.8197250372130367,-1.5909855398195885
2,t0114_seed7755_no_autostop,7755,19,1819,0.514018691588785,57.85714285714286,4.905311599021607,-0.9853134974626802
2,t0114_seed7755_no_autostop,7755,19,1820,0.2038369304556355,59.761904761904766,4.590471060610166,-0.6306139344005982
2,t0114_seed7755_no_autostop,7755,19,1821,0.03490759753593432,60.00000000000001,4.759821412979668,-0.5291508880619856
2,t0114_seed7755_no_autostop,7755,19,1823,0.9743589743589743,55.0,4.598496664833837,-0.36976587698135654
2,t0114_seed7755_no_autostop,7755,20,1827,0.9828080229226361,82.38095238095238,4.209488174300377,0.1033307868002552
2,t0114_seed7755_no_autostop,7755,20,1832,0.9821428571428571,79.28571428571429,4.565262213078489,0.6253466623142511
2,t0114_seed7755_no_autostop,7755,20,1833,6.123233995736766e-17,90.71428571428572,2.71585756736771,-1.3570201855419763
2,t0114_seed7755_no_autostop,7755,20,1839,0.9759036144578314,78.0952380952381,4.3002731125161375,0.1768245452916274
2,t0114_seed7755_no_autostop,7755,20,1840,6.123233995736766e-17,90.0,4.71896237268397,-0.04104085466427291
2,t0114_seed7755_no_autostop,7755,20,1842,0.008595988538681949,82.38095238095238,2.8377587002166518,-0.70978531590216
2,t0114_seed7755_no_autostop,7755,20,1843,0.033232628398791514,81.42857142857143,4.485186623113849,-0.3656987830704898
2,t0114_seed7755_no_autostop,7755,20,1844,0.9805825242718447,72.85714285714286,4.508559021369839,-0.272227615697979
2,t0114_seed7755_no_autostop,7755,20,1848,6.123233995736766e-17,87.14285714285715,4.233709275514591,-0.7488002391624738
2,t0114_seed7755_no_autostop,7755,20,1854,0.032367972742759765,72.14285714285715,4.251792939247481,-0.2940357126694527
2,t0114_seed7755_no_autostop,7755,20,1855,0.02828618968386026,73.57142857142857,4.003802951635104,-0.2806673637033363
2,t0114_seed7755_no_autostop,7755,20,1860,0.007429420505200616,80.71428571428572,4.321127688439492,-0.9802180128728597
2,t0114_seed7755_no_autostop,7755,20,1862,0.979381443298969,68.57142857142857,4.27670943604345,-0.13184040801910824
2,t0114_seed7755_no_autostop,7755,20,1863,0.02564102564102564,71.42857142857143,4.189539904176232,-0.5217077742455197
2,t0114_seed7755_no_autostop,7755,20,1868,0.006389776357827452,75.0,3.83340381353744,-0.6855243568583913
2,t0114_seed7755_no_autostop,7755,20,1871,0.013513513513513539,71.42857142857143,4.5640764103392035,-0.6684882525140511
2,t0114_seed7755_no_autostop,7755,20,1872,0.019264448336252217,69.28571428571429,3.8630656607174205,-0.7533250013143552
2,t0114_seed7755_no_autostop,7755,20,1874,6.123233995736766e-17,83.57142857142858,4.471731090280838,-0.30415553771348885
2,t0114_seed7755_no_autostop,7755,20,1889,0.9574468085106383,65.71428571428572,5.336554591502674,0.04902144155215891
2,t0114_seed7755_no_autostop,7755,20,1890,0.978021978021978,64.28571428571429,5.1056626380701635,-0.44552335005897276
2,t0114_seed7755_no_autostop,7755,20,1892,0.003322259136212648,71.42857142857143,3.9719367364026033,-0.804580659110053
2,t0114_seed7755_no_autostop,7755,20,1902,0.0015948963317384823,74.76190476190477,5.166488612444818,-0.43687587628168295
2,t0114_seed7755_no_autostop,7755,20,1907,0.9633699633699633,63.80952380952381,4.173067032935924,0.22874199503395867
2,t0114_seed7755_no_autostop,7755,20,1913,6.123233995736766e-17,81.42857142857143,3.1675829409492433,-1.4147379932796496
2,t0114_seed7755_no_autostop,7755,20,1918,0.963235294117647,63.57142857142858,3.795749938347121,0.4100121901888736
2,t0114_seed7755_no_autostop,7755,21,1921,6.123233995736766e-17,95.47619047619048,4.476078662533693,-0.5117196909447113
2,t0114_seed7755_no_autostop,7755,21,1922,0.9850746268656716,95.0,4.251505583192905,-0.1522730517201303
2,t0114_seed7755_no_autostop,7755,21,1923,1.0,41.42857142857143,4.526629800810276,-0.2198300382869457
2,t0114_seed7755_no_autostop,7755,21,1927,1.0,39.523809523809526,4.61006330018212,0.4044795092122823
2,t0114_seed7755_no_autostop,7755,21,1930,0.9691516709511567,91.1904761904762,3.293245488411249,-0.9656229137963086
2,t0114_seed7755_no_autostop,7755,21,1933,6.123233995736766e-17,91.66666666666669,4.024444029287695,-1.0114882036011132
2,t0114_seed7755_no_autostop,7755,21,1937,0.018867924528301865,83.57142857142858,4.285193033263066,-1.1832658582637596
2,t0114_seed7755_no_autostop,7755,21,1939,0.9761904761904763,79.04761904761905,4.708663770404222,0.3236383101488337
2,t0114_seed7755_no_autostop,7755,21,1940,1.0,16.190476190476193,5.016788009347919,0.22520613825839797
2,t0114_seed7755_no_autostop,7755,21,1943,0.002659574468085125,89.28571428571429,3.7931588893418793,-0.8673094230354852
2,t0114_seed7755_no_autostop,7755,21,1951,6.123233995736766e-17,90.0,4.708541929429026,-0.36074800232346466
2,t0114_seed7755_no_autostop,7755,21,1952,6.123233995736767e-17,85.0,4.162216009747667,-0.4657701875970181
2,t0114_seed7755_no_autostop,7755,21,1955,0.0014388489208632888,82.61904761904763,3.284575650701963,-1.1453766381572426
2,t0114_seed7755_no_autostop,7755,21,1959,0.9634146341463414,76.66666666666667,3.838403146801626,-0.023187690142836344
2,t0114_seed7755_no_autostop,7755,21,1960,6.123233995736766e-17,88.57142857142858,2.83956271550333,-1.427129809517774
2,t0114_seed7755_no_autostop,7755,21,1971,0.9791666666666666,67.85714285714286,5.177243729083222,-0.013865238973559077
2,t0114_seed7755_no_autostop,7755,21,1975,0.020866773675762416,75.71428571428572,3.6054216903911063,-0.03745592029641492
2,t0114_seed7755_no_autostop,7755,21,1976,0.22198731501057078,68.80952380952381,4.036370873428833,-0.3026907503461451
2,t0114_seed7755_no_autostop,7755,21,1982,0.9651567944250871,67.14285714285715,4.671922677058682,-0.11051527189388252
2,t0114_seed7755_no_autostop,7755,21,1983,0.026845637583892593,72.85714285714286,3.7085899386313463,-0.01168900919966705
2,t0114_seed7755_no_autostop,7755,21,1985,0.012738853503184737,75.71428571428572,4.219923271242663,0.051444905740985127
2,t0114_seed7755_no_autostop,7755,21,1986,0.012779552715654974,75.47619047619048,3.83384572327096,-1.4191790239015518
2,t0114_seed7755_no_autostop,7755,21,1994,0.9647887323943661,66.42857142857143,5.065207212816999,-0.6015733460551993
2,t0114_seed7755_no_autostop,7755,21,2001,0.003012048192771106,78.80952380952381,4.670080282167609,-0.17378461150866478
2,t0114_seed7755_no_autostop,7755,21,2002,0.9777777777777777,63.57142857142858,4.963730401286942,-0.6879373912229311
2,t0114_seed7755_no_autostop,7755,21,2008,0.018803418803418754,70.95238095238095,3.9928314064094756,-0.4543379955616396
2,t0114_seed7755_no_autostop,7755,22,2018,0.01618929016189294,97.14285714285715,5.1013525544733795,0.2911628830975112
2,t0114_seed7755_no_autostop,7755,22,2024,1.0,40.952380952380956,4.802843094947036,-0.0816725688927296
2,t0114_seed7755_no_autostop,7755,22,2028,0.9691516709511567,91.1904761904762,4.295311850845607,-0.723626918413612
2,t0114_seed7755_no_autostop,7755,22,2031,6.123233995736766e-17,92.14285714285715,3.4777019165348872,-0.9431680419017028
2,t0114_seed7755_no_autostop,7755,22,2033,0.967479674796748,86.42857142857143,3.7917275867321965,-0.4504702540741615
2,t0114_seed7755_no_autostop,7755,22,2034,0.5119047619047619,90.71428571428572,4.38053251068919,0.38921232974436926
2,t0114_seed7755_no_autostop,7755,22,2037,0.9815950920245399,76.90476190476191,3.8345666661907964,-0.7790113088839011
2,t0114_seed7755_no_autostop,7755,22,2042,0.22434782608695653,83.80952380952381,4.030598486477905,-1.3001048664388986
2,t0114_seed7755_no_autostop,7755,22,2043,0.020231213872832388,84.04761904761905,4.011417402309298,-0.48260196394970556
2,t0114_seed7755_no_autostop,7755,22,2046,1.0,20.476190476190478,4.33794638407181,0.5888932208866945
2,t0114_seed7755_no_autostop,7755,22,2048,0.9646017699115044,79.28571428571429,4.4755508527900805,-0.13263209736248235
2,t0114_seed7755_no_autostop,7755,22,2050,0.0041841004184100415,85.0,4.311882133219278,-0.07916100373766527
2,t0114_seed7755_no_autostop,7755,22,2053,0.9752321981424149,75.95238095238095,4.127857299683506,-0.6107559478981995
2,t0114_seed7755_no_autostop,7755,22,2062,0.0228310502283105,80.0,4.238700148072462,-0.6937070294085722
2,t0114_seed7755_no_autostop,7755,22,2067,0.9800664451827242,70.95238095238095,4.566161110184267,-0.5689770130535858
2,t0114_seed7755_no_autostop,7755,22,2069,6.123233995736766e-17,89.28571428571429,4.485319712305618,-0.34824136629580066
2,t0114_seed7755_no_autostop,7755,22,2077,0.979381443298969,68.57142857142857,3.584771173071703,-0.7724014591481861
2,t0114_seed7755_no_autostop,7755,22,2084,0.007874015748031519,76.1904761904762,4.191783080008525,0.24416228051627104
2,t0114_seed7755_no_autostop,7755,22,2089,0.9791666666666666,67.85714285714286,5.086399202435903,-0.3826843796359036
2,t0114_seed7755_no_autostop,7755,22,2099,0.004694835680751174,76.42857142857143,3.8371590546661953,-0.8735411360300269
2,t0114_seed7755_no_autostop,7755,22,2110,0.9787234042553191,66.42857142857143,4.680986609118289,-0.37957260796589176
2,t0114_seed7755_no_autostop,7755,23,2113,1.0,44.523809523809526,4.418242175461316,0.1557021605341486
2,t0114_seed7755_no_autostop,7755,23,2114,0.9853300733496333,96.66666666666669,4.621687130553494,-0.23227682063508542
2,t0114_seed7755_no_autostop,7755,23,2118,0.005025125628140738,95.23809523809526,4.485150066221089,-0.5153968281324871
2,t0114_seed7755_no_autostop,7755,23,2120,0.9848484848484849,93.57142857142858,4.8516226266665,-0.6557677279576908
2,t0114_seed7755_no_autostop,7755,23,2124,0.9836065573770492,86.42857142857143,4.722424475561405,-0.12249361918030391
2,t0114_seed7755_no_autostop,7755,23,2125,1.0,39.76190476190476,4.766791409098921,0.34887951442179355
2,t0114_seed7755_no_autostop,7755,23,2126,1.0,39.76190476190476,4.588448283795801,0.2107802454913587
2,t0114_seed7755_no_autostop,7755,23,2134,6.123233995736766e-17,92.14285714285715,3.468577044101151,-0.939476042870818
2,t0114_seed7755_no_autostop,7755,23,2138,0.9763313609467457,79.52380952380952,5.14801901116457,0.0615963768200313
2,t0114_seed7755_no_autostop,7755,23,2144,0.002645502645502608,90.23809523809524,2.9543391619773463,-1.07683911379972
2,t0114_seed7755_no_autostop,7755,23,2145,0.21682847896440124,89.52380952380953,3.93184529071478,-0.7600274831771618
2,t0114_seed7755_no_autostop,7755,23,2151,6.123233995736766e-17,90.71428571428572,4.013833228595693,-0.029688453853022642
2,t0114_seed7755_no_autostop,7755,23,2156,0.010869565217391325,88.57142857142858,3.2342369305894967,-0.12026142017652391
2,t0114_seed7755_no_autostop,7755,23,2157,0.021834061135371178,83.57142857142858,4.271674124547679,-0.6046989389414321
2,t0114_seed7755_no_autostop,7755,23,2158,0.01823281907433378,86.42857142857143,4.047408602342732,-0.43332335603726385
2,t0114_seed7755_no_autostop,7755,23,2159,0.9806451612903225,73.0952380952381,3.552845282768994,-1.469453431486288
2,t0114_seed7755_no_autostop,7755,23,2171,0.9698795180722891,77.85714285714286,4.314582286509656,-0.07640086716338729
2,t0114_seed7755_no_autostop,7755,23,2174,6.123233995736766e-17,89.28571428571429,3.1039023314198952,-1.0729782405049475
2,t0114_seed7755_no_autostop,7755,23,2175,0.0013793103448275666,86.42857142857143,3.7708687798150433,-1.2369787210088925
2,t0114_seed7755_no_autostop,7755,23,2182,0.9689440993788819,75.47619047619048,4.255668179894955,0.1355367319918183
2,t0114_seed7755_no_autostop,7755,23,2183,0.9634146341463414,76.66666666666667,3.753180058475159,0.02960327429292692
2,t0114_seed7755_no_autostop,7755,23,2186,6.123233995736767e-17,85.0,4.684021290807804,-0.3644159053383012
2,t0114_seed7755_no_autostop,7755,23,2199,0.006134969325153353,77.14285714285715,4.268953592048264,-0.36993378749847805
2,t0114_seed7755_no_autostop,7755,23,2200,0.9794520547945206,68.80952380952381,5.211347664578968,-0.2680108572549668
2,t0114_seed7755_no_autostop,7755,24,2221,1.0,40.23809523809524,4.217977837425643,0.09995067065017274
2,t0114_seed7755_no_autostop,7755,24,2223,0.0025906735751294965,92.14285714285715,4.530684815701554,-0.42018124535578066
2,t0114_seed7755_no_autostop,7755,24,2226,0.009174311926605542,91.66666666666669,3.87511870501002,0.4874483236562
2,t0114_seed7755_no_autostop,7755,24,2227,0.9734042553191489,88.33333333333334,3.982584815875384,-0.6820434873392153
2,t0114_seed7755_no_autostop,7755,24,2233,6.123233995736766e-17,92.14285714285715,4.549908905791198,-0.3307339710181356
2,t0114_seed7755_no_autostop,7755,24,2237,0.9824561403508771,80.71428571428572,4.634261012432916,0.5518883408904177
2,t0114_seed7755_no_autostop,7755,24,2242,0.9711815561959654,81.42857142857143,4.707038276425131,-0.19113702179372286
2,t0114_seed7755_no_autostop,7755,24,2247,1.0,29.52380952380953,4.467249313579567,-0.04023727658149193
2,t0114_seed7755_no_autostop,7755,24,2252,0.023578363384188648,87.85714285714286,5.058096801243819,0.19607378777702666
2,t0114_seed7755_no_autostop,7755,24,2254,0.9655172413793104,81.42857142857143,4.107027665631653,-0.5937766980891481
2,t0114_seed7755_no_autostop,7755,24,2255,0.02359882005899709,82.61904761904763,4.1255914666887605,-0.5792193045804228
2,t0114_seed7755_no_autostop,7755,24,2262,6.123233995736766e-17,90.0,4.440472555972718,-0.05113470918812715
2,t0114_seed7755_no_autostop,7755,24,2264,0.02234636871508378,87.14285714285715,4.144850931921686,-1.143793701374085
2,t0114_seed7755_no_autostop,7755,24,2267,0.9810725552050473,74.76190476190477,3.7308812065851282,-0.19532297513429353
2,t0114_seed7755_no_autostop,7755,24,2272,0.001345895020188406,88.33333333333334,3.230395481351453,-0.5332216343860199
2,t0114_seed7755_no_autostop,7755,24,2273,6.123233995736766e-17,89.28571428571429,4.186863616174738,-0.8086471440618228
2,t0114_seed7755_no_autostop,7755,24,2278,0.022970903522205207,79.52380952380952,4.42597407728842,-0.16693700572393694
2,t0114_seed7755_no_autostop,7755,24,2279,0.9810126582278481,74.52380952380952,4.489072126121771,-0.23559195592853627
2,t0114_seed7755_no_autostop,7755,24,2289,0.9697885196374622,77.61904761904762,4.4362645887177115,0.3494291906873192
2,t0114_seed7755_no_autostop,7755,24,2297,0.002865329512894003,82.85714285714286,4.6946332227720955,-0.5468308890811011
2,t0114_seed7755_no_autostop,7755,25,2307,0.009523809523809592,99.04761904761905,4.434896196729333,-0.13881557098695516
2,t0114_seed7755_no_autostop,7755,25,2308,1.0,44.04761904761905,4.626784975000187,0.1980623315648795
2,t0114_seed7755_no_autostop,7755,25,2311,0.0037174721189591076,96.42857142857143,3.863721994505166,-0.5942179247537163
2,t0114_seed7755_no_autostop,7755,25,2312,0.003745318352059925,95.71428571428572,4.2615086991203,-0.11275056720724601
2,t0114_seed7755_no_autostop,7755,25,2313,1.0,43.57142857142858,4.483165239786503,0.22320103260090574
2,t0114_seed7755_no_autostop,7755,25,2314,0.9848866498740554,93.80952380952382,4.8667482771376,0.4184949396149265
2,t0114_seed7755_no_autostop,7755,25,2315,0.0038119440914866584,94.04761904761905,3.8781388263883265,0.5407441353708291
2,t0114_seed7755_no_autostop,7755,25,2317,0.002518891687657395,94.76190476190476,4.029316050572791,-1.1985627522966347
2,t0114_seed7755_no_autostop,7755,25,2318,1.0,42.38095238095239,4.464818771293805,-0.4685963939965591
2,t0114_seed7755_no_autostop,7755,25,2324,0.008985879332477574,93.57142857142858,4.559560479060281,-0.05168500063371242
2,t0114_seed7755_no_autostop,7755,25,2330,0.9833333333333333,85.0,4.652170740782415,-0.07683916376629751
2,t0114_seed7755_no_autostop,7755,25,2333,0.0025575447570332123,92.85714285714286,4.631525754424039,0.08669019087059239
2,t0114_seed7755_no_autostop,7755,25,2337,0.9832869080779945,84.76190476190477,4.449474462704384,-0.1040607102977575
2,t0114_seed7755_no_autostop,7755,25,2338,6.123233995736766e-17,92.85714285714286,4.590556726107471,-0.562985184948858
2,t0114_seed7755_no_autostop,7755,25,2339,6.123233995736766e-17,92.85714285714286,4.451491610702396,-1.0189653265812677
2,t0114_seed7755_no_autostop,7755,25,2340,1.0,40.714285714285715,4.635885844627301,0.21162169935726893
2,t0114_seed7755_no_autostop,7755,25,2345,0.9772727272727274,82.85714285714286,4.446387072199982,-0.2335025926151339
2,t0114_seed7755_no_autostop,7755,25,2346,0.9666666666666667,84.28571428571429,4.129558298468136,-0.6089258642426397
2,t0114_seed7755_no_autostop,7755,25,2350,6.123233995736766e-17,92.14285714285715,4.7162424303609845,-0.4216403441964921
2,t0114_seed7755_no_autostop,7755,25,2351,1.0,40.476190476190474,4.557474147924469,0.4602238714288302
2,t0114_seed7755_no_autostop,7755,25,2355,0.9827586206896551,82.14285714285715,5.220274813476885,-0.013750361697047825
2,t0114_seed7755_no_autostop,7755,25,2356,0.9715909090909091,82.61904761904763,3.987374247546663,-0.34573648883145863
2,t0114_seed7755_no_autostop,7755,25,2361,1.0,40.23809523809524,4.620923613678065,0.44659217745783414
2,t0114_seed7755_no_autostop,7755,25,2362,0.0026737967914438696,89.28571428571429,3.511084290539344,0.2201148228888113
2,t0114_seed7755_no_autostop,7755,25,2367,6.123233995736766e-17,91.42857142857143,4.478844830227636,0.16635835505778518
2,t0114_seed7755_no_autostop,7755,25,2370,1.0,39.76190476190476,4.544521814055884,0.3360036958641371
2,t0114_seed7755_no_autostop,7755,25,2375,0.008174386920980927,86.66666666666667,3.9132833478234668,-0.7472253607949386
2,t0114_seed7755_no_autostop,7755,25,2390,0.9709302325581395,80.71428571428572,4.65241091649872,0.3102282840632813
2,t0114_seed7755_no_autostop,7755,26,2404,0.9895833333333333,45.476190476190474,4.490869091019891,0.4802535844590894
2,t0114_seed7755_no_autostop,7755,26,2406,1.0,44.04761904761905,4.473005591150905,0.2537551985133736
2,t0114_seed7755_no_autostop,7755,26,2413,0.006257822277847273,94.52380952380953,4.620862909923583,-0.35105372642836835
2,t0114_seed7755_no_autostop,7755,26,2423,0.984375,90.71428571428572,5.253109057952077,0.10183407714772434
2,t0114_seed7755_no_autostop,7755,26,2433,1.0,41.19047619047619,3.857357689237216,-0.6225888370801964
2,t0114_seed7755_no_autostop,7755,26,2434,1.0,41.19047619047619,4.333114545324081,-0.2575150172382094
2,t0114_seed7755_no_autostop,7755,26,2441,1.0,40.952380952380956,4.823484854003538,0.25300283284557373
2,t0114_seed7755_no_autostop,7755,26,2444,0.21797004991680538,87.14285714285715,4.0844520896189485,-1.179175064064131
2,t0114_seed7755_no_autostop,7755,26,2445,0.002638522427440652,90.47619047619048,4.335342600326773,-0.3606862666087556
2,t0114_seed7755_no_autostop,7755,26,2451,0.9672131147540983,85.71428571428572,4.875008222116484,-0.14151120241811507
2,t0114_seed7755_no_autostop,7755,26,2462,1.0,40.476190476190474,4.775490125394683,-0.08826066806920085
2,t0114_seed7755_no_autostop,7755,26,2466,6.123233995736766e-17,91.42857142857143,4.632625835877044,-0.6713847162013189
2,t0114_seed7755_no_autostop,7755,26,2469,0.9665738161559888,84.04761904761905,4.003802998388382,-0.6096550299842556
2,t0114_seed7755_no_autostop,7755,26,2472,1.0,40.23809523809524,4.719317988364838,0.20849558267164806
2,t0114_seed7755_no_autostop,7755,26,2480,0.9711815561959654,81.42857142857143,4.347261395464382,0.009501737834329083
2,t0114_seed7755_no_autostop,7755,26,2485,1.0,40.0,4.926563348641531,-0.2228122072668838
2,t0114_seed7755_no_autostop,7755,26,2486,6.123233995736766e-17,90.0,4.139122028496539,-0.16095761894583746
2,t0114_seed7755_no_autostop,7755,26,2487,0.09921259842519685,83.0952380952381,3.648170139819206,-1.027918398181603
2,t0114_seed7755_no_autostop,7755,26,2495,0.016574585635359115,84.76190476190477,3.6890483597962116,-0.7321738749999585
2,t0114_seed7755_no_autostop,7755,27,2499,0.028846153846153848,101.9047619047619,5.211902716448344,0.033505801950617586
2,t0114_seed7755_no_autostop,7755,27,2505,6.123233995736766e-17,99.28571428571429,4.205042185234815,-0.24341566291646438
2,t0114_seed7755_no_autostop,7755,27,2507,1.0,43.57142857142858,4.317335441673472,0.1401003388634808
2,t0114_seed7755_no_autostop,7755,27,2523,0.0012547051442911275,94.76190476190476,4.464667820741868,-0.49341625103240494
2,t0114_seed7755_no_autostop,7755,27,2531,0.9842931937172775,90.23809523809524,4.97015850786912,-0.5358410487810407
2,t0114_seed7755_no_autostop,7755,27,2534,1.0,41.19047619047619,4.3589402499416625,-0.17707122636595196
2,t0114_seed7755_no_autostop,7755,27,2536,0.002604166666666685,91.66666666666669,4.9073315136159215,-0.06384251789436217
2,t0114_seed7755_no_autostop,7755,27,2540,0.9787798408488064,88.80952380952381,3.927452390932645,-1.0120854447293233
2,t0114_seed7755_no_autostop,7755,27,2543,1.0,40.952380952380956,4.666828353830695,-0.3900284123943459
2,t0114_seed7755_no_autostop,7755,27,2545,0.007936507936507936,90.71428571428572,4.136870840446544,-0.8485732297704246
2,t0114_seed7755_no_autostop,7755,27,2550,6.123233995736766e-17,92.14285714285715,4.33808777527609,-0.7576289441437121
2,t0114_seed7755_no_autostop,7755,27,2551,6.123233995736766e-17,92.14285714285715,4.794631518143824,-0.3422780737341357
2,t0114_seed7755_no_autostop,7755,27,2554,0.9682539682539683,88.57142857142858,4.481936940232431,0.18369159790784612
2,t0114_seed7755_no_autostop,7755,27,2556,1.0,40.714285714285715,4.749634799911186,-0.16871663571327902
2,t0114_seed7755_no_autostop,7755,27,2557,1.0,40.714285714285715,4.5986783632575845,0.443709411257793
2,t0114_seed7755_no_autostop,7755,27,2558,1.0,40.714285714285715,3.824444635208128,-0.021745648760261416
2,t0114_seed7755_no_autostop,7755,27,2573,6.123233995736766e-17,91.42857142857143,3.4588755050515814,-0.19890561214809324
2,t0114_seed7755_no_autostop,7755,27,2575,0.9829059829059829,82.85714285714286,4.653937319278441,-0.9538023176608791
2,t0114_seed7755_no_autostop,7755,27,2581,1.0,40.23809523809524,4.176773453991002,0.11646519427830779
2,t0114_seed7755_no_autostop,7755,27,2591,1.0,40.0,4.474611716939085,0.1384970817698668
2,t0114_seed7755_no_autostop,7755,28,2594,0.9855769230769231,98.33333333333333,4.612948642499597,0.670993304853647
2,t0114_seed7755_no_autostop,7755,28,2595,1.0,45.0,4.733172259656724,-0.32717724082612104
2,t0114_seed7755_no_autostop,7755,28,2600,1.0,44.761904761904766,4.438225709781936,-0.4490588903013502
2,t0114_seed7755_no_autostop,7755,28,2601,1.0,44.761904761904766,4.267076261987456,0.17108583713353392
2,t0114_seed7755_no_autostop,7755,28,2607,1.0,44.523809523809526,4.284918525616952,0.13894428047087348
2,t0114_seed7755_no_autostop,7755,28,2614,1.0,44.04761904761905,4.677043262058233,0.167081029798675
2,t0114_seed7755_no_autostop,7755,28,2624,1.0,42.85714285714286,4.348102965604332,-0.2891481304378319
2,t0114_seed7755_no_autostop,7755,28,2628,0.014120667522464663,91.42857142857143,4.3260190098785705,-0.5064158459872431
2,t0114_seed7755_no_autostop,7755,28,2632,0.0025510204081632287,93.57142857142858,4.632162926525125,0.17028711033621305
2,t0114_seed7755_no_autostop,7755,28,2634,1.0,42.61904761904762,4.202118838489564,0.12696078756542006
2,t0114_seed7755_no_autostop,7755,28,2637,0.007792207792207847,90.95238095238095,4.793547885885353,-0.4257508979004415
2,t0114_seed7755_no_autostop,7755,28,2638,6.123233995736766e-17,93.57142857142858,4.453874060803962,-0.42605638296017995
2,t0114_seed7755_no_autostop,7755,28,2639,6.123233995736766e-17,93.57142857142858,4.811006950320379,-0.4629682548403327
2,t0114_seed7755_no_autostop,7755,28,2647,0.9834710743801653,85.71428571428572,4.055366509095361,-0.9871337583510302
2,t0114_seed7755_no_autostop,7755,28,2651,1.0,41.66666666666667,4.332942758921806,-0.2602647462712793
2,t0114_seed7755_no_autostop,7755,28,2667,0.0013245033112582593,90.0,4.689987386517596,-1.0953639525192371
2,t0114_seed7755_no_autostop,7755,28,2678,1.0,40.952380952380956,4.085814674751918,-0.6177446907960092
2,t0114_seed7755_no_autostop,7755,29,2690,0.030012004801920806,102.14285714285715,5.24543963742615,0.051566829161817915
2,t0114_seed7755_no_autostop,7755,29,2691,0.9856459330143541,98.80952380952382,4.69706649394273,0.2013305061136727
2,t0114_seed7755_no_autostop,7755,29,2692,1.0,45.0,4.709868452576234,-0.5678090524033558
2,t0114_seed7755_no_autostop,7755,29,2703,0.003680981595092024,97.3809523809524,4.830980053649884,-0.44241106015337955
2,t0114_seed7755_no_autostop,7755,29,2708,1.0,44.28571428571429,3.8021572766716623,-0.5932752185651665
2,t0114_seed7755_no_autostop,7755,29,2716,1.0,44.04761904761905,4.83322900007049,0.3079438276256156
2,t0114_seed7755_no_autostop,7755,29,2720,1.0,43.80952380952382,4.573646417157187,0.04771680219332302
2,t0114_seed7755_no_autostop,7755,29,2721,1.0,43.80952380952382,4.486148423493555,0.24076896188055305
2,t0114_seed7755_no_autostop,7755,29,2726,0.984375,90.71428571428572,5.219392459903992,0.0836705896488145
2,t0114_seed7755_no_autostop,7755,29,2727,0.984375,90.71428571428572,4.881894525695606,-0.06567766519845775
2,t0114_seed7755_no_autostop,7755,29,2730,1.0,43.57142857142858,3.85837486555724,-0.39062745506498636
2,t0114_seed7755_no_autostop,7755,29,2740,1.0,43.333333333333336,4.687850335238892,-0.16800035332235125
2,t0114_seed7755_no_autostop,7755,29,2741,0.9690721649484537,90.95238095238095,4.442455085940734,-0.7687711002890252
2,t0114_seed7755_no_autostop,7755,29,2746,0.9839142091152815,88.0952380952381,3.9291778113434073,-0.8379466310335327
2,t0114_seed7755_no_autostop,7755,29,2747,1.0,43.0952380952381,4.415235102346486,-0.07715581422091987
2,t0114_seed7755_no_autostop,7755,29,2764,6.123233995736766e-17,92.14285714285715,4.224486512761354,-0.04860222602059398
2,t0114_seed7755_no_autostop,7755,29,2769,1.0,42.61904761904762,4.263573759435784,-0.3640602454848605
2,t0114_seed7755_no_autostop,7755,29,2773,0.003952569169960474,90.71428571428572,4.332586923028392,-0.39465104789433775
2,t0114_seed7755_no_autostop,7755,29,2775,0.9833795013850416,85.23809523809524,4.1166274658647595,-0.1492752072003652
2,t0114_seed7755_no_autostop,7755,29,2778,1.0,41.904761904761905,4.513634531455623,-0.2080540943522249
2,t0114_seed7755_no_autostop,7755,30,2786,1.0,48.33333333333334,4.468455640632527,-0.14070556401055992
2,t0114_seed7755_no_autostop,7755,30,2790,1.0,45.23809523809524,4.706346511815544,-0.4488779906576907
2,t0114_seed7755_no_autostop,7755,30,2792,0.004662004662004596,101.66666666666669,4.017203245632543,-0.29541062015308367
2,t0114_seed7755_no_autostop,7755,30,2800,0.9756690997566911,96.66666666666669,4.369874190723194,-0.6849144954367822
2,t0114_seed7755_no_autostop,7755,30,2803,0.00122399020807837,97.14285714285715,4.273829005632147,-0.27610179109469724
2,t0114_seed7755_no_autostop,7755,30,2808,0.007462686567164179,95.0,4.427913005136472,-0.7468483415818606
2,t0114_seed7755_no_autostop,7755,30,2812,6.123233995736766e-17,95.95238095238096,4.468683824158089,-0.4842781062747131
2,t0114_seed7755_no_autostop,7755,30,2822,0.507751937984496,92.61904761904762,3.9557077367938542,-0.816603217747467
2,t0114_seed7755_no_autostop,7755,30,2823,6.123233995736766e-17,95.71428571428572,4.5963086624446525,-0.07639560033263672
2,t0114_seed7755_no_autostop,7755,30,2832,0.007575757575757576,93.57142857142858,4.481134062804868,-0.524534972890179
2,t0114_seed7755_no_autostop,7755,30,2842,0.005115089514066533,92.61904761904762,3.8801731813466387,0.5209738286550442
2,t0114_seed7755_no_autostop,7755,30,2848,1.0,43.57142857142858,4.630306911618459,0.07913127765423547
2,t0114_seed7755_no_autostop,7755,30,2851,0.968503937007874,89.28571428571429,4.648893629231822,-1.0479496981161525
2,t0114_seed7755_no_autostop,7755,30,2857,0.003931847968545216,91.1904761904762,4.0723153535779195,-0.7762862631774777
2,t0114_seed7755_no_autostop,7755,30,2858,0.9787234042553192,88.57142857142858,5.187801499403346,-0.19252743904919256
2,t0114_seed7755_no_autostop,7755,30,2861,1.0,43.333333333333336,4.45084180640321,0.21432473613036956
2,t0114_seed7755_no_autostop,7755,30,2862,1.0,43.333333333333336,4.809628132217294,0.11955590098561082
2,t0114_seed7755_no_autostop,7755,30,2871,1.0,42.85714285714286,4.447558535650323,-0.06827951776149033
2,t0114_seed7755_no_autostop,7755,30,2875,0.967741935483871,87.14285714285715,4.174472340487169,0.048817478409730775
2,t0114_seed7755_no_autostop,7755,31,2882,0.511265164644714,103.80952380952382,5.309134664819364,0.48755678575213846
2,t0114_seed7755_no_autostop,7755,31,2898,0.9849624060150376,94.28571428571429,4.970772438317572,-0.3920439225718789
2,t0114_seed7755_no_autostop,7755,31,2901,1.0,44.523809523809526,4.8087675353469335,0.1177463097728194
2,t0114_seed7755_no_autostop,7755,31,2902,1.0,44.523809523809526,4.521014374573506,-0.1329496974221893
2,t0114_seed7755_no_autostop,7755,31,2904,0.0023364485981308076,101.66666666666669,4.057119237404374,-0.38696027562318785
2,t0114_seed7755_no_autostop,7755,31,2905,0.002364066193853495,100.47619047619048,4.394862299045183,-0.04724555759016181
2,t0114_seed7755_no_autostop,7755,31,2917,0.01546391752577325,93.80952380952382,4.152815776683479,-0.6065532030717219
2,t0114_seed7755_no_autostop,7755,31,2922,6.123233995736766e-17,96.42857142857143,3.609436859838487,-0.9638557956125509
2,t0114_seed7755_no_autostop,7755,31,2925,0.0012642225031605924,94.28571428571429,3.7819433188650913,-0.5868076637311458
2,t0114_seed7755_no_autostop,7755,31,2932,0.01681759379042689,93.57142857142858,4.339240643243934,-0.8418801222780435
2,t0114_seed7755_no_autostop,7755,31,2933,0.9694656488549618,92.14285714285715,4.5710454433455485,-0.13384260337593767
2,t0114_seed7755_no_autostop,7755,31,2939,0.010416666666666685,92.3809523809524,4.7604381099684625,0.028965861402323427
2,t0114_seed7755_no_autostop,7755,31,2949,0.983957219251337,88.33333333333334,5.328120375286755,-0.037165586423950354
2,t0114_seed7755_no_autostop,7755,31,2950,0.9738903394255874,90.0,5.237577284344528,0.1920656484616229
2,t0114_seed7755_no_autostop,7755,31,2967,1.0,43.0952380952381,4.56996295680949,-0.652005101877188
2,t0114_seed7755_no_autostop,7755,31,2968,1.0,43.0952380952381,4.497174526875788,0.10783640823974434
2,t0114_seed7755_no_autostop,7755,32,2978,0.9724137931034482,102.14285714285715,4.8194779961174845,-0.16717300211509117
2,t0114_seed7755_no_autostop,7755,32,2979,1.0,50.714285714285715,4.940709515670081,0.45489319689355956
2,t0114_seed7755_no_autostop,7755,32,2995,0.9606879606879608,95.0,4.278202668303508,-0.8378025403123365
2,t0114_seed7755_no_autostop,7755,32,2999,0.0036363636363636364,97.85714285714286,4.3170462841141255,-0.692188304766356
2,t0114_seed7755_no_autostop,7755,32,3019,1.0,44.28571428571429,4.6962764060399005,-0.5402998717327894
2,t0114_seed7755_no_autostop,7755,32,3020,1.0,44.28571428571429,4.424834604956246,-0.07868020657280202
2,t0114_seed7755_no_autostop,7755,32,3037,1.0,44.04761904761905,3.8157488589699953,-0.620782216850466
2,t0114_seed7755_no_autostop,7755,32,3038,1.0,44.04761904761905,4.924575534052703,0.2961488760680346
2,t0114_seed7755_no_autostop,7755,32,3041,0.010282776349614359,93.57142857142858,5.064176249246942,0.2892462466125799
2,t0114_seed7755_no_autostop,7755,32,3045,0.0012674271229403589,93.80952380952382,3.8512184075309714,-1.1276329515469388
2,t0114_seed7755_no_autostop,7755,32,3049,1.0,43.80952380952382,4.500155587694031,0.5579335318241392
2,t0114_seed7755_no_autostop,7755,32,3050,1.0,43.80952380952382,4.72300160784675,-0.3273377783925133
2,t0114_seed7755_no_autostop,7755,32,3062,1.0,43.57142857142858,4.673809279339614,0.025263309349250695
2,t0114_seed7755_no_autostop,7755,32,3064,1.0,43.333333333333336,4.819527746499826,-0.007923530432390292
2,t0114_seed7755_no_autostop,7755,33,3075,0.9858156028368794,100.0,4.849138983153262,0.46464819621274084
2,t0114_seed7755_no_autostop,7755,33,3076,0.9908256880733947,51.666666666666664,4.623652072723141,0.1694181098405051
2,t0114_seed7755_no_autostop,7755,33,3078,1.0,49.04761904761905,4.821582531305977,-0.06891257708754076
2,t0114_seed7755_no_autostop,7755,33,3080,0.9715639810426541,99.04761904761905,4.7615947502828435,0.047121382446690945
2,t0114_seed7755_no_autostop,7755,33,3086,0.006993006993006993,101.42857142857143,4.017351940175327,-0.2958731944876789
2,t0114_seed7755_no_autostop,7755,33,3087,1.0,45.95238095238095,4.537369853114246,0.6795084733233845
2,t0114_seed7755_no_autostop,7755,33,3094,1.0,45.714285714285715,4.149509084295605,-0.2316659201590748
2,t0114_seed7755_no_autostop,7755,33,3095,1.0,45.714285714285715,3.8307156015394463,-0.48698089773264536
2,t0114_seed7755_no_autostop,7755,33,3097,0.9852216748768473,95.95238095238096,4.810994707815236,-0.30190847488606565
2,t0114_seed7755_no_autostop,7755,33,3098,0.0011947431302269333,99.76190476190476,4.204893400637457,-0.242952665231262
2,t0114_seed7755_no_autostop,7755,33,3102,0.01631116687578423,96.42857142857143,4.033821978984044,0.15329179532529025
2,t0114_seed7755_no_autostop,7755,33,3107,1.0,45.0,4.420943716152159,-0.37170200306499346
2,t0114_seed7755_no_autostop,7755,33,3113,6.123233995736766e-17,97.14285714285715,3.501079471937183,-0.690231037296061
2,t0114_seed7755_no_autostop,7755,33,3116,0.9894736842105263,45.0,4.67066057193718,-0.3540265998747385
2,t0114_seed7755_no_autostop,7755,33,3117,1.0,44.761904761904766,4.607355480344174,0.11451827754853097
2,t0114_seed7755_no_autostop,7755,33,3125,1.0,44.523809523809526,4.673785855018138,0.14531052444093565
2,t0114_seed7755_no_autostop,7755,33,3137,0.9798488664987404,93.57142857142858,4.629956356012995,-0.15887266217618623
2,t0114_seed7755_no_autostop,7755,33,3140,0.002518891687657395,94.28571428571429,3.923252604757367,0.7159471413942933
2,t0114_seed7755_no_autostop,7755,33,3142,6.123233995736766e-17,95.71428571428572,4.197067426365535,-0.2675331889434061
2,t0114_seed7755_no_autostop,7755,33,3149,1.0,44.04761904761905,4.2376549688080125,0.06376802502178154
2,t0114_seed7755_no_autostop,7755,33,3150,1.0,44.04761904761905,4.3376496546704075,0.20129241664271524
2,t0114_seed7755_no_autostop,7755,33,3162,0.5088408644400787,91.42857142857143,4.93597998584876,-0.4968283940851916
2,t0114_seed7755_no_autostop,7755,33,3163,0.984251968503937,90.0,4.233742292036914,-0.7728339062179456
2,t0114_seed7755_no_autostop,7755,34,3170,0.986046511627907,101.66666666666669,4.349776863487863,-0.6443525978999718
2,t0114_seed7755_no_autostop,7755,34,3171,1.0,54.04761904761905,4.629012114023789,-0.17090509804131243
2,t0114_seed7755_no_autostop,7755,34,3177,0.9856801909307876,99.04761904761905,4.434836972188547,-0.2091406773704022
2,t0114_seed7755_no_autostop,7755,34,3188,1.0,47.38095238095238,4.215844269618847,-0.3556089610474832
2,t0114_seed7755_no_autostop,7755,34,3191,0.02383939774153078,97.14285714285715,5.052532958410432,0.20819128107309742
2,t0114_seed7755_no_autostop,7755,34,3192,0.019801980198019833,98.0952380952381,5.0097563390767,0.06539533383041676
2,t0114_seed7755_no_autostop,7755,34,3193,0.023779724655819807,97.3809523809524,5.5457523342771555,-0.3857742812284082
2,t0114_seed7755_no_autostop,7755,34,3194,1.0,46.42857142857143,4.852219746970321,-0.6598552960497565
2,t0114_seed7755_no_autostop,7755,34,3197,0.9852941176470589,96.42857142857143,5.072928822604237,0.10840263154046241
2,t0114_seed7755_no_autostop,7755,34,3201,1.0,46.1904761904762,4.247469379143835,-0.21525717601717137
2,t0114_seed7755_no_autostop,7755,34,3204,0.016352201257861562,96.19047619047619,4.300325179207907,-0.06930144974064946
2,t0114_seed7755_no_autostop,7755,34,3207,1.0,45.95238095238095,4.000730378490021,-0.18043346209947547
2,t0114_seed7755_no_autostop,7755,34,3208,0.9851851851851852,95.71428571428572,4.461075409227208,-0.37122372065668063
2,t0114_seed7755_no_autostop,7755,34,3217,1.0,45.476190476190474,4.635212736801048,-0.34358321136346615
2,t0114_seed7755_no_autostop,7755,34,3224,0.011406844106463879,95.0,4.889740072830304,-0.7915823518301414
2,t0114_seed7755_no_autostop,7755,34,3230,1.0,45.0,4.671112341032382,-0.15717028921962653
2,t0114_seed7755_no_autostop,7755,34,3239,1.0,44.761904761904766,4.416763079877445,-0.2234573903003545
2,t0114_seed7755_no_autostop,7755,34,3241,0.9845360824742269,91.66666666666669,4.932387412892041,-0.1257510648084007
2,t0114_seed7755_no_autostop,7755,35,3266,0.9862700228832952,103.33333333333333,5.345571093450929,0.47636918887659185
2,t0114_seed7755_no_autostop,7755,35,3271,0.9769053117782911,101.9047619047619,4.564061717753786,-0.15876230077557893
2,t0114_seed7755_no_autostop,7755,35,3272,0.02253855278766304,102.61904761904762,5.254449459315782,0.06754869304734105
2,t0114_seed7755_no_autostop,7755,35,3274,0.9906103286384977,50.47619047619048,4.503018904456976,0.136490079949794
2,t0114_seed7755_no_autostop,7755,35,3275,0.5159010600706715,102.14285714285715,5.175122126979855,0.04479790858477184
2,t0114_seed7755_no_autostop,7755,35,3280,0.9856801909307876,99.04761904761905,4.60589563147709,0.6717464533681501
2,t0114_seed7755_no_autostop,7755,35,3282,1.0,47.38095238095238,3.977704546805222,-0.16676426234528752
2,t0114_seed7755_no_autostop,7755,35,3287,1.0,46.42857142857143,4.844141588212693,-0.723891400634376
2,t0114_seed7755_no_autostop,7755,35,3293,1.0,46.1904761904762,4.188614522814046,-0.21135076292734273
2,t0114_seed7755_no_autostop,7755,35,3295,0.005875440658049321,100.71428571428572,4.229381283066974,-0.251984289412147
2,t0114_seed7755_no_autostop,7755,35,3296,0.0023529411764705546,101.42857142857143,4.011709955566801,-0.3077688723501213
2,t0114_seed7755_no_autostop,7755,35,3298,0.9855072463768116,97.85714285714286,4.704119504964722,0.2005773575991838
2,t0114_seed7755_no_autostop,7755,35,3308,1.0,45.714285714285715,4.643289016114835,-0.27954167076073816
2,t0114_seed7755_no_autostop,7755,35,3310,0.0011918951132300697,100.0,4.210535385245981,-0.23105698736881974
2,t0114_seed7755_no_autostop,7755,35,3316,6.123233995736766e-17,100.0,4.0706505196566924,-0.06251397032346415
2,t0114_seed7755_no_autostop,7755,35,3320,0.9852216748768473,95.95238095238096,5.057833259771744,0.20969910660436972
2,t0114_seed7755_no_autostop,7755,35,3331,1.0,45.0,4.681800840906638,-0.4712056571539261
2,t0114_seed7755_no_autostop,7755,35,3332,0.9895287958115182,45.23809523809524,4.483909956085607,-0.23097057533594673
2,t0114_seed7755_no_autostop,7755,35,3333,1.0,45.0,4.551719941174765,-0.7732859367548871
2,t0114_seed7755_no_autostop,7755,35,3335,6.123233995736766e-17,97.14285714285715,4.384133712777316,-0.11978117607915456
2,t0114_seed7755_no_autostop,7755,35,3337,0.021601016518424356,95.71428571428572,5.043512060363734,0.1922122618704471
2,t0114_seed7755_no_autostop,7755,35,3346,0.9849624060150376,94.28571428571429,5.226149338692001,-0.4004707615922269
2,t0114_seed7755_no_autostop,7755,35,3354,1.0,44.523809523809526,4.3331414940716195,-0.7752354294142741
2,t0114_seed7755_no_autostop,7755,35,3355,1.0,44.523809523809526,4.377657641323575,-0.24377254753703886
2,t0114_seed7755_no_autostop,7755,35,3359,0.9848866498740554,93.80952380952382,4.989697011053867,-0.5322342345633563
2,t0114_seed7755_no_autostop,7755,36,3363,0.023529411764705847,103.57142857142858,5.349475773977664,0.48969778557554045
2,t0114_seed7755_no_autostop,7755,36,3366,1.0,50.714285714285715,4.671853560923499,-0.16510991788628226
2,t0114_seed7755_no_autostop,7755,36,3372,1.0,50.0,4.954029379612377,0.4348661726881249
2,t0114_seed7755_no_autostop,7755,36,3375,0.5177304964539006,101.9047619047619,4.178289117492492,-0.07532548898936918
2,t0114_seed7755_no_autostop,7755,36,3376,1.0,49.523809523809526,4.658505098080821,0.22846587426499
2,t0114_seed7755_no_autostop,7755,36,3378,0.9857482185273159,99.52380952380953,4.780496800491413,0.3190118939874922
2,t0114_seed7755_no_autostop,7755,36,3386,0.00934579439252333,100.95238095238096,4.321598940523592,-0.23091257910440122
2,t0114_seed7755_no_autostop,7755,36,3387,0.020807833537331663,99.28571428571429,5.34719597902734,0.07354831964797087
2,t0114_seed7755_no_autostop,7755,36,3393,0.0023364485981308076,101.66666666666669,4.025497691314409,-0.15782227917002756
2,t0114_seed7755_no_autostop,7755,36,3395,0.0035419126328217238,101.19047619047619,3.9353789675164284,0.2921645800175796
2,t0114_seed7755_no_autostop,7755,36,3399,1.0,46.90476190476191,4.211266630109326,-0.5371411319339011
2,t0114_seed7755_no_autostop,7755,36,3400,0.004705882352941209,100.71428571428572,4.302635183745054,-0.06833025771713194
2,t0114_seed7755_no_autostop,7755,36,3403,1.0,46.666666666666664,4.586926780895249,-0.663621509357759
2,t0114_seed7755_no_autostop,7755,36,3405,0.0035671819262782403,99.76190476190476,4.466517729639503,-0.367953569857824
2,t0114_seed7755_no_autostop,7755,36,3408,0.9854014598540146,97.14285714285715,5.048628277210242,0.1948626858816193
2,t0114_seed7755_no_autostop,7755,36,3418,1.0,46.1904761904762,4.037989489100567,-0.5050562819985195
2,t0114_seed7755_no_autostop,7755,36,3434,1.0,45.714285714285715,4.406226702407703,-0.5129016296537353
2,t0114_seed7755_no_autostop,7755,36,3445,1.0,45.23809523809524,4.0879406853779185,-0.5472847827555383
2,t0114_seed7755_no_autostop,7755,36,3454,1.0,45.0,4.382798896996454,-0.23534615328796918
2,t0114_seed7755_no_autostop,7755,36,3455,0.011406844106463879,95.0,4.363257278208579,-0.2661015559295208
2,t0114_seed7755_no_autostop,7755,37,3459,0.023364485981308376,104.28571428571429,5.31028534639775,0.4923359001697961
2,t0114_seed7755_no_autostop,7755,37,3462,1.0,50.95238095238095,4.015308532046428,-0.10559120801265197
2,t0114_seed7755_no_autostop,7755,37,3463,0.9861751152073732,102.61904761904762,5.348325092399276,0.4849186711578829
2,t0114_seed7755_no_autostop,7755,37,3464,0.012865497076023458,103.0952380952381,4.66663292721987,0.6716390665867904
2,t0114_seed7755_no_autostop,7755,37,3469,0.9860788863109049,101.9047619047619,4.353080684645067,-0.7745504586640619
2,t0114_seed7755_no_autostop,7755,37,3470,0.9860788863109049,101.9047619047619,4.376713044707598,0.06143116480321654
2,t0114_seed7755_no_autostop,7755,37,3473,1.0,50.0,4.176349914201404,-0.22272917716571086
2,t0114_seed7755_no_autostop,7755,37,3480,0.9813953488372091,101.42857142857143,5.507987557709541,-0.3437805774030658
2,t0114_seed7755_no_autostop,7755,37,3485,0.209103840682788,101.19047619047619,5.145716447632896,0.11934249939666511
2,t0114_seed7755_no_autostop,7755,37,3490,0.02280912364945982,101.42857142857143,5.1858066895064505,0.06134298576787452
2,t0114_seed7755_no_autostop,7755,37,3500,1.0,47.142857142857146,4.331926292274916,0.6833880888679107
2,t0114_seed7755_no_autostop,7755,37,3501,1.0,47.142857142857146,4.690839040016124,-0.49684805436176743
2,t0114_seed7755_no_autostop,7755,37,3508,1.0,46.90476190476191,4.28912708174631,-0.2933536989738746
2,t0114_seed7755_no_autostop,7755,37,3509,1.0,46.90476190476191,4.748302833955962,-0.8266184658917217
2,t0114_seed7755_no_autostop,7755,37,3514,1.0,46.666666666666664,4.32837178069266,-0.7567050882574041
2,t0114_seed7755_no_autostop,7755,37,3522,1.0,46.42857142857143,4.9106515435856615,0.3713364844896931
2,t0114_seed7755_no_autostop,7755,37,3543,1.0,45.714285714285715,4.180873984240009,-0.1716726207585425
2,t0114_seed7755_no_autostop,7755,37,3547,0.9851851851851852,95.71428571428572,4.5707663719919545,0.3471992853608315
2,t0114_seed7755_no_autostop,7755,38,3555,0.9863013698630136,103.57142857142858,5.274468895261063,0.4978724244090386
2,t0114_seed7755_no_autostop,7755,38,3556,0.9863013698630136,103.57142857142858,3.7324893522511706,0.415001439093268
2,t0114_seed7755_no_autostop,7755,38,3557,0.22128851540616248,103.80952380952382,5.675588293022081,0.03860728257466459
2,t0114_seed7755_no_autostop,7755,38,3558,1.0,52.142857142857146,4.685359213945141,-0.3641198802121098
2,t0114_seed7755_no_autostop,7755,38,3559,0.9911894273127755,53.80952380952381,4.280099766557834,-0.6850100260655079
2,t0114_seed7755_no_autostop,7755,38,3563,0.990950226244344,52.38095238095238,4.915323516922017,-0.13035259510686525
2,t0114_seed7755_no_autostop,7755,38,3564,0.9862068965517241,102.85714285714286,4.559225446479972,0.8275211142939316
2,t0114_seed7755_no_autostop,7755,38,3570,0.5184534270650264,102.85714285714286,5.349438686414016,0.48961309231867867
2,t0114_seed7755_no_autostop,7755,38,3571,1.0,50.47619047619048,4.179768946935326,-0.04017448267005902
2,t0114_seed7755_no_autostop,7755,38,3572,0.990783410138249,51.42857142857143,4.365349181348887,-0.3334006654440266
2,t0114_seed7755_no_autostop,7755,38,3583,0.02011834319526624,102.61904761904762,5.3483621799629235,0.4850033644147448
2,t0114_seed7755_no_autostop,7755,38,3586,0.986013986013986,101.42857142857143,4.879639251144726,0.2802420217023154
2,t0114_seed7755_no_autostop,7755,38,3587,0.9814385150812064,101.66666666666669,4.32546371437287,-0.1941649285089803
2,t0114_seed7755_no_autostop,7755,38,3589,1.0,49.28571428571429,4.5864268060435345,-0.2739690912811446
2,t0114_seed7755_no_autostop,7755,38,3590,0.02754491017964068,102.14285714285715,5.209596280808369,0.034167885561876825
2,t0114_seed7755_no_autostop,7755,38,3592,0.9858156028368794,100.0,4.684842274162742,0.44691469183822585
2,t0114_seed7755_no_autostop,7755,38,3594,0.5043936731107206,101.9047619047619,4.896402134987655,0.62234282997269
2,t0114_seed7755_no_autostop,7755,38,3597,0.9766899766899768,100.95238095238096,4.62549395127723,-0.24220815155664077
2,t0114_seed7755_no_autostop,7755,38,3601,1.0,48.33333333333334,4.959262795403292,0.40103294014012636
2,t0114_seed7755_no_autostop,7755,38,3604,0.9764705882352942,100.0,5.431343251130043,-0.28684621437406804
2,t0114_seed7755_no_autostop,7755,38,3607,0.027946537059538236,100.71428571428572,5.097998050277786,0.4509717866988706
2,t0114_seed7755_no_autostop,7755,38,3608,1.0,47.85714285714286,4.385862244666069,0.2659245796875873
2,t0114_seed7755_no_autostop,7755,38,3613,0.01913875598086128,101.42857142857143,5.20859546750466,0.08163199200467944
2,t0114_seed7755_no_autostop,7755,38,3615,1.0,47.61904761904763,4.345842930390826,-0.5371310108064815
2,t0114_seed7755_no_autostop,7755,38,3619,0.019559902200489036,99.28571428571429,4.463406742240139,0.05737795358660248
2,t0114_seed7755_no_autostop,7755,38,3624,0.9855072463768116,97.85714285714286,4.704321373881808,0.5744988129430619
2,t0114_seed7755_no_autostop,7755,38,3631,1.0,47.142857142857146,4.301881974859062,0.6856515429818694
2,t0114_seed7755_no_autostop,7755,38,3639,0.9805825242718446,97.14285714285715,4.651708513477049,-0.23455679629667997
2,t0114_seed7755_no_autostop,7755,38,3640,0.9853300733496333,96.66666666666669,4.773753212738254,-0.1987235240451463
2,t0114_seed7755_no_autostop,7755,39,3648,0.9863325740318907,103.80952380952382,5.693345785030131,0.03901115226974015
2,t0114_seed7755_no_autostop,7755,39,3649,1.0,54.28571428571429,4.144328689679396,-0.3974994909106433
2,t0114_seed7755_no_autostop,7755,39,3650,0.029377203290246807,104.28571428571429,5.593193300149696,0.5510855318688075
2,t0114_seed7755_no_autostop,7755,39,3662,0.5087108013937283,103.0952380952381,5.129331368810748,0.5128823993966751
2,t0114_seed7755_no_autostop,7755,39,3663,1.0,51.42857142857143,4.419275876225302,-0.5625521011603337
2,t0114_seed7755_no_autostop,7755,39,3669,0.9908675799086759,51.90476190476191,4.39382569296717,0.07626882662774559
2,t0114_seed7755_no_autostop,7755,39,3673,0.506993006993007,102.61904761904762,5.050818799015478,0.5305738331180179
2,t0114_seed7755_no_autostop,7755,39,3682,1.0,50.47619047619048,4.998808230848884,-0.3746088215980366
2,t0114_seed7755_no_autostop,7755,39,3693,0.9858490566037735,100.23809523809526,5.48487849376071,-0.26706567414506216
2,t0114_seed7755_no_autostop,7755,39,3696,1.0,49.761904761904766,5.212603025180538,0.49976931381451734
2,t0114_seed7755_no_autostop,7755,39,3701,0.22943722943722944,101.42857142857143,5.278166786737843,-0.03899322553760653
2,t0114_seed7755_no_autostop,7755,39,3709,0.9857142857142858,99.28571428571429,4.535629623079256,0.25292476116761065
2,t0114_seed7755_no_autostop,7755,39,3715,0.9903846153846155,49.28571428571429,4.71171950409805,0.1500339665000993
2,t0114_seed7755_no_autostop,7755,39,3721,0.01682692307692304,100.71428571428572,4.565716808981205,0.06841154544718445
2,t0114_seed7755_no_autostop,7755,39,3724,1.0,48.33333333333334,4.985021377579243,0.175536028280389
2,t0114_seed7755_no_autostop,7755,39,3725,1.0,48.33333333333334,4.47537182543007,-0.8082890814725318
2,t0114_seed7755_no_autostop,7755,39,3732,1.0,48.095238095238095,4.206578190508048,-0.6628864065035803
2,t0114_seed7755_no_autostop,7755,39,3734,0.22123893805309736,98.57142857142858,4.765802330818588,-0.015654102822348297
2,t0114_seed7755_no_autostop,7755,39,3739,1.0,47.61904761904763,4.0164535582394105,-0.012744639584096142
2,t0114_seed7755_no_autostop,7755,40,3745,0.9864253393665159,104.52380952380953,5.108086261113435,-0.0812812762474441
2,t0114_seed7755_no_autostop,7755,40,3746,0.019607843137254968,105.23809523809526,5.651511172535286,0.1033864978058309
2,t0114_seed7755_no_autostop,7755,40,3747,0.5146299483648881,104.76190476190476,5.703923133601328,0.2524670281811911
2,t0114_seed7755_no_autostop,7755,40,3750,0.22392211404728787,104.76190476190476,5.66493255650821,0.19544714005949962
2,t0114_seed7755_no_autostop,7755,40,3753,1.0,52.142857142857146,4.009277293514777,-0.05664964472383008
2,t0114_seed7755_no_autostop,7755,40,3756,0.513888888888889,103.80952380952382,5.321138831158797,0.27583151241293935
2,t0114_seed7755_no_autostop,7755,40,3759,0.990950226244344,52.38095238095238,4.171125786575528,-0.0972342759574839
2,t0114_seed7755_no_autostop,7755,40,3762,0.9862700228832952,103.33333333333333,5.56819690563099,0.5011312131310088
2,t0114_seed7755_no_autostop,7755,40,3767,0.9862385321100917,103.0952380952381,5.311265955805192,0.4873901304863277
2,t0114_seed7755_no_autostop,7755,40,3774,0.024676850763807285,103.80952380952382,5.046199280359245,0.046110576310575704
2,t0114_seed7755_no_autostop,7755,40,3778,1.0,50.47619047619048,4.534766885749806,0.1989187456852075
2,t0114_seed7755_no_autostop,7755,40,3790,0.014084507042253521,102.85714285714286,5.452815224419725,0.013824171949064231
2,t0114_seed7755_no_autostop,7755,40,3795,0.21237693389592122,102.61904761904762,5.308733240722389,0.48686386965543216
2,t0114_seed7755_no_autostop,7755,40,3803,0.985981308411215,101.19047619047619,4.580645369651112,0.37446931956930246
2,t0114_seed7755_no_autostop,7755,40,3805,0.9813953488372091,101.42857142857143,5.245360582475627,0.2474067073481997
2,t0114_seed7755_no_autostop,7755,40,3824,0.22077922077922077,100.71428571428572,4.649342211535966,0.8697307489455804
2,t0114_seed7755_no_autostop,7755,40,3836,0.018050541516245487,100.71428571428572,5.054645773698093,-0.00531058409515966
2,t0114_seed7755_no_autostop,7755,41,3840,0.9866071428571429,105.95238095238096,4.725622671475593,0.8879603373951335
2,t0114_seed7755_no_autostop,7755,41,3841,1.0,55.0,4.3354943828565995,-0.3149201732434383
2,t0114_seed7755_no_autostop,7755,41,3845,0.01718213058419244,105.71428571428572,5.427798657423207,0.28283167627970296
2,t0114_seed7755_no_autostop,7755,41,3847,0.5164075993091538,104.52380952380953,5.5503708302382915,0.5012239608343447
2,t0114_seed7755_no_autostop,7755,41,3848,0.9863945578231292,104.28571428571429,5.349608391065218,0.5521047270917944
2,t0114_seed7755_no_autostop,7755,41,3851,0.9863636363636363,104.04761904761905,4.754662485352668,-0.2537078144309727
2,t0114_seed7755_no_autostop,7755,41,3852,0.2217573221757322,104.28571428571429,5.596873934719456,0.5517068465353945
2,t0114_seed7755_no_autostop,7755,41,3856,1.0,52.142857142857146,4.713991244927608,-0.36148621624160077
2,t0114_seed7755_no_autostop,7755,41,3861,1.0,51.90476190476191,4.86381196991675,-0.6571846222508123
2,t0114_seed7755_no_autostop,7755,41,3868,1.0,51.42857142857143,4.041493626865521,-0.45933369008881836
2,t0114_seed7755_no_autostop,7755,41,3869,1.0,51.42857142857143,4.386644573204976,0.06685335947732052
2,t0114_seed7755_no_autostop,7755,41,3874,1.0,51.1904761904762,4.243967699456132,-1.0602511023108916
2,t0114_seed7755_no_autostop,7755,41,3876,0.5121951219512195,103.33333333333333,5.341838832381423,0.47574065765341045
2,t0114_seed7755_no_autostop,7755,41,3880,1.0,50.95238095238095,4.155121113256152,0.07434820740715323
2,t0114_seed7755_no_autostop,7755,41,3889,0.023529411764705847,103.57142857142858,5.374747391441802,0.4839182479925462
2,t0114_seed7755_no_autostop,7755,41,3893,0.9861431870669746,102.3809523809524,4.797325623306975,0.3240261699154929
2,t0114_seed7755_no_autostop,7755,41,3894,0.9861431870669746,102.3809523809524,5.30588849451939,0.5760047011692725
2,t0114_seed7755_no_autostop,7755,41,3896,0.02857142857142857,102.85714285714286,4.988628923852466,-0.0023641411808469895
2,t0114_seed7755_no_autostop,7755,41,3897,0.016431924882629175,103.0952380952381,5.169597268723997,0.5774247902503871
2,t0114_seed7755_no_autostop,7755,41,3899,1.0,50.23809523809524,4.506133270657053,0.19628486028148928
2,t0114_seed7755_no_autostop,7755,41,3904,0.02369668246445494,102.85714285714286,5.272266914175906,0.0674583075392804
2,t0114_seed7755_no_autostop,7755,41,3914,1.0,49.761904761904766,4.511839603911209,0.08089167993808488
2,t0114_seed7755_no_autostop,7755,41,3929,0.5133214920071049,101.42857142857143,5.606070462176127,-0.30490550683487994
2,t0114_seed7755_no_autostop,7755,41,3933,1.0,49.04761904761905,4.104927006883699,0.0634434183742765
2,t0114_seed7755_no_autostop,7755,42,3937,1.0,56.90476190476191,4.431927462085336,-0.4955565080520116
2,t0114_seed7755_no_autostop,7755,42,3938,0.9865771812080537,105.71428571428572,4.7296028227895865,0.8643390673312208
2,t0114_seed7755_no_autostop,7755,42,3944,1.0,54.761904761904766,4.593449960136657,-0.10355963480757942
2,t0114_seed7755_no_autostop,7755,42,3952,1.0,54.04761904761905,4.340159563996708,-0.8887007579710339
2,t0114_seed7755_no_autostop,7755,42,3956,1.0,52.61904761904763,4.0034831437079506,-0.10818043515311997
2,t0114_seed7755_no_autostop,7755,42,3960,0.9863013698630136,103.57142857142858,4.591889049756111,0.08578299889760928
2,t0114_seed7755_no_autostop,7755,42,3961,0.9863013698630136,103.57142857142858,5.571143298168168,0.5269407052022991
2,t0114_seed7755_no_autostop,7755,42,3962,0.9863013698630136,103.57142857142858,5.167138435958334,0.3031643107094297
2,t0114_seed7755_no_autostop,7755,42,3969,1.0,52.142857142857146,4.868476299774852,-0.34265980810308055
2,t0114_seed7755_no_autostop,7755,42,3971,0.511265164644714,103.80952380952382,5.76777485745998,0.26083907586925537
2,t0114_seed7755_no_autostop,7755,42,3974,0.9862700228832952,103.33333333333333,4.67450204640651,0.06728038162855055
2,t0114_seed7755_no_autostop,7755,42,3975,0.018648018648018582,104.04761904761905,5.47578868423207,0.9450917613281061
2,t0114_seed7755_no_autostop,7755,42,3985,0.024734982332155476,103.57142857142858,5.305410968325712,0.5154748203571489
2,t0114_seed7755_no_autostop,7755,42,3987,0.9862068965517241,102.85714285714286,5.253227076471194,0.2541103538906554
2,t0114_seed7755_no_autostop,7755,42,3988,0.9862068965517241,102.85714285714286,5.3251470007324295,0.5014086396083814
2,t0114_seed7755_no_autostop,7755,42,3995,0.9726027397260274,102.85714285714286,4.161460640783916,0.09474252832711151
2,t0114_seed7755_no_autostop,7755,42,3999,0.018735362997658114,103.57142857142858,5.584417260466515,0.7394196393386732
2,t0114_seed7755_no_autostop,7755,42,4002,0.9861431870669746,102.3809523809524,5.001163239347495,-0.11616422010409806
2,t0114_seed7755_no_autostop,7755,42,4023,1.0,50.23809523809524,4.3867278631840625,-0.33151350756778997
2,t0114_seed7755_no_autostop,7755,42,4024,0.018867924528301924,102.85714285714286,5.086900818546017,0.512623107156335
2,t0114_seed7755_no_autostop,7755,42,4026,1.0,50.0,4.296570189024279,-0.6522761747788668
2,t0114_seed7755_no_autostop,7755,43,4039,0.029036004645760678,105.47619047619048,5.27049779967823,0.35698274969116633
2,t0114_seed7755_no_autostop,7755,43,4040,0.01718213058419244,105.71428571428572,5.656696953039055,0.47246420742352263
2,t0114_seed7755_no_autostop,7755,43,4042,1.0,54.761904761904766,4.605678726417796,-0.13892956405428364
2,t0114_seed7755_no_autostop,7755,43,4045,0.9863945578231292,104.28571428571429,5.034022043365325,0.08183476165873728
2,t0114_seed7755_no_autostop,7755,43,4051,0.024447031431897557,104.76190476190476,5.018430350936158,0.38070930437747835
2,t0114_seed7755_no_autostop,7755,43,4055,0.517361111111111,104.04761904761905,5.409218715612954,0.30182888639102307
2,t0114_seed7755_no_autostop,7755,43,4056,0.9863325740318907,103.80952380952382,3.8508314231100518,0.45463429876201233
2,t0114_seed7755_no_autostop,7755,43,4058,0.020930232558139535,104.52380952380953,5.6663102278830735,0.19919588214802578
2,t0114_seed7755_no_autostop,7755,43,4060,1.0,53.33333333333334,4.8398677987790215,-0.6651189145157498
2,t0114_seed7755_no_autostop,7755,43,4061,0.2122052704576976,104.04761904761905,5.692429958655311,0.2244989059830844
2,t0114_seed7755_no_autostop,7755,43,4067,0.5191637630662022,103.80952380952382,5.565872194564517,0.4857924830883992
2,t0114_seed7755_no_autostop,7755,43,4073,0.9862700228832952,103.33333333333333,5.256990106814851,0.31211156859125877
2,t0114_seed7755_no_autostop,7755,43,4082,1.0,52.142857142857146,4.5851196703876465,-0.44197346845493846
2,t0114_seed7755_no_autostop,7755,43,4087,0.511265164644714,103.80952380952382,5.367018488743311,0.3213623651812305
2,t0114_seed7755_no_autostop,7755,43,4089,1.0,51.90476190476191,4.646025791292799,-0.013858929892617156
2,t0114_seed7755_no_autostop,7755,43,4093,0.9862068965517241,102.85714285714286,5.0742949399573485,0.54161860535579
2,t0114_seed7755_no_autostop,7755,43,4094,0.9862068965517241,102.85714285714286,5.044259402079841,0.46943991344456104
2,t0114_seed7755_no_autostop,7755,43,4101,1.0,51.42857142857143,4.520801822085604,-1.274985298358029
2,t0114_seed7755_no_autostop,7755,43,4105,0.21338912133891214,103.57142857142858,5.553404415428889,0.7558658200781967
2,t0114_seed7755_no_autostop,7755,43,4119,0.9860788863109049,101.9047619047619,5.091947058424905,0.7666459176325748
2,t0114_seed7755_no_autostop,7755,43,4121,0.21178120617110796,102.85714285714286,4.829399892761827,0.16422349111971193
2,t0114_seed7755_no_autostop,7755,43,4126,1.0,50.714285714285715,4.8595140744049985,0.1061922336992663
2,t0114_seed7755_no_autostop,7755,44,4131,0.9865771812080537,105.71428571428572,4.745911143706605,0.9205426596648411
2,t0114_seed7755_no_autostop,7755,44,4132,1.0,55.47619047619048,4.446685245824357,-0.07781812992286978
2,t0114_seed7755_no_autostop,7755,44,4136,0.500848896434635,105.23809523809526,5.688375487906092,0.3465304009416613
2,t0114_seed7755_no_autostop,7755,44,4137,0.9864864864864865,105.0,4.018149321328402,0.4016163817317085
2,t0114_seed7755_no_autostop,7755,44,4139,0.014857142857142892,105.71428571428572,5.658782042298232,0.4758757568816128
2,t0114_seed7755_no_autostop,7755,44,4143,0.9864253393665159,104.52380952380953,5.218305429960766,0.399554405506236
2,t0114_seed7755_no_autostop,7755,44,4150,1.0,54.523809523809526,4.6312453884667875,-0.16529495309448194
2,t0114_seed7755_no_autostop,7755,44,4155,1.0,54.28571428571429,4.775664364086593,0.3776309296305727
2,t0114_seed7755_no_autostop,7755,44,4157,0.020881670533642694,104.76190476190476,5.348016594770922,0.5647888656216336
2,t0114_seed7755_no_autostop,7755,44,4158,0.020930232558139535,104.52380952380953,5.127833207722657,0.515904538440608
2,t0114_seed7755_no_autostop,7755,44,4162,0.9863325740318907,103.80952380952382,5.515430154115375,0.2606943221776037
2,t0114_seed7755_no_autostop,7755,44,4163,0.9863325740318907,103.80952380952382,4.905443590532856,-0.3152200676236679
2,t0114_seed7755_no_autostop,7755,44,4164,0.9863325740318907,103.80952380952382,5.201863014507038,0.3521948444560801
2,t0114_seed7755_no_autostop,7755,44,4165,0.9863325740318907,103.80952380952382,5.53331410007345,-0.19585214383223112
2,t0114_seed7755_no_autostop,7755,44,4169,0.22067039106145248,104.04761904761905,5.309841352838757,0.49137159019733034
2,t0114_seed7755_no_autostop,7755,44,4176,0.9863013698630136,103.57142857142858,5.309578658378358,0.48852109572460434
2,t0114_seed7755_no_autostop,7755,44,4179,1.0,53.57142857142858,4.247021688061558,-0.22573860361945178
2,t0114_seed7755_no_autostop,7755,44,4180,1.0,53.57142857142858,4.424541243047933,0.2083364037861366
2,t0114_seed7755_no_autostop,7755,44,4181,0.2172701949860724,104.04761904761905,5.254781399510274,0.24151886629730906
2,t0114_seed7755_no_autostop,7755,44,4188,1.0,53.33333333333334,4.104888908415682,-1.1160710480636613
2,t0114_seed7755_no_autostop,7755,44,4189,1.0,53.33333333333334,4.567891266529414,-0.35519716882190644
2,t0114_seed7755_no_autostop,7755,44,4195,0.5148342059336822,103.33333333333333,5.235787074735386,0.2564314649282041
2,t0114_seed7755_no_autostop,7755,44,4196,1.0,52.85714285714286,4.470338848347859,-0.021101622868528916
2,t0114_seed7755_no_autostop,7755,44,4204,0.9862068965517241,102.85714285714286,5.202190058520531,0.1512741437910193
2,t0114_seed7755_no_autostop,7755,44,4205,0.9862068965517241,102.85714285714286,5.234849709368372,-0.04997511368217452
2,t0114_seed7755_no_autostop,7755,44,4208,1.0,52.61904761904763,4.875048165287032,0.053391631353159656
2,t0114_seed7755_no_autostop,7755,44,4213,0.5095652173913043,103.33333333333333,5.170771938068016,0.5464480175371806
2,t0114_seed7755_no_autostop,7755,44,4221,1.0,52.142857142857146,4.09111251392859,-0.6010488922336413
2,t0114_seed7755_no_autostop,7755,45,4226,0.5075885328836426,106.42857142857143,5.695482859154486,0.3373867253003293
2,t0114_seed7755_no_autostop,7755,45,4227,0.021468926553672253,107.61904761904762,4.96168119646273,0.8667366313537317
2,t0114_seed7755_no_autostop,7755,45,4233,0.9865470852017937,105.47619047619048,4.319357718508569,0.44157138372916177
2,t0114_seed7755_no_autostop,7755,45,4235,1.0,55.0,4.628093282817604,-0.7828747234562619
2,t0114_seed7755_no_autostop,7755,45,4236,1.0,55.0,4.384628567253413,0.357980586600522
2,t0114_seed7755_no_autostop,7755,45,4243,0.21095890410958906,105.23809523809526,5.271705966740658,0.9410657280366864
2,t0114_seed7755_no_autostop,7755,45,4244,0.9864559819413092,104.76190476190476,4.589863012644405,0.06431181002560417
2,t0114_seed7755_no_autostop,7755,45,4245,0.9864559819413092,104.76190476190476,5.136874285696539,0.1783754273534889
2,t0114_seed7755_no_autostop,7755,45,4250,0.9775280898876406,104.76190476190476,5.644673662672583,0.8561526443594335
2,t0114_seed7755_no_autostop,7755,45,4253,1.0,54.28571428571429,4.47158934637908,-0.6453027336975081
2,t0114_seed7755_no_autostop,7755,45,4254,1.0,54.28571428571429,4.146290391409347,0.04423911609859983
2,t0114_seed7755_no_autostop,7755,45,4255,0.011467889908256914,105.0,4.803308148222639,1.0712650905190593
2,t0114_seed7755_no_autostop,7755,45,4258,0.9863945578231292,104.28571428571429,5.308302376977783,0.5168746745965639
2,t0114_seed7755_no_autostop,7755,45,4263,1.0,54.04761904761905,4.53541314760637,0.4980785834623958
2,t0114_seed7755_no_autostop,7755,45,4265,0.9819004524886876,104.28571428571429,5.336330442025271,0.21087441347750388
2,t0114_seed7755_no_autostop,7755,45,4266,0.9863636363636363,104.04761904761905,5.437911607394705,0.3342404785511293
2,t0114_seed7755_no_autostop,7755,45,4271,0.5181975736568457,104.28571428571429,5.328568076389727,0.5029677771825698
2,t0114_seed7755_no_autostop,7755,45,4279,0.21944444444444447,104.52380952380953,5.595926361854933,0.48864303681876675
2,t0114_seed7755_no_autostop,7755,45,4291,0.9863013698630136,103.57142857142858,5.309204758194776,0.4915025303411289
2,t0114_seed7755_no_autostop,7755,45,4292,0.9773242630385489,103.80952380952382,4.79847678132355,0.722488660303575
2,t0114_seed7755_no_autostop,7755,45,4298,0.506896551724138,104.04761904761905,5.644403801226903,0.11253017346537861
2,t0114_seed7755_no_autostop,7755,45,4306,0.023364485981308376,104.28571428571429,5.563740124190469,-0.06062681035568267
2,t0114_seed7755_no_autostop,7755,45,4310,0.9862385321100917,103.0952380952381,5.537581442433665,-0.16980706073114762
2,t0114_seed7755_no_autostop,7755,46,4321,0.9868421052631579,107.85714285714286,5.876406936193718,0.09595264738194212
2,t0114_seed7755_no_autostop,7755,46,4322,1.0,55.95238095238095,4.155715564032493,0.08432618534894046
2,t0114_seed7755_no_autostop,7755,46,4326,1.0,55.714285714285715,4.646314558461613,-0.025522669853106323
2,t0114_seed7755_no_autostop,7755,46,4329,0.01822323462414582,106.42857142857143,5.835907981797798,0.2976970056227628
2,t0114_seed7755_no_autostop,7755,46,4332,0.02422145328719723,105.71428571428572,5.655512922913683,0.45537547661663286
2,t0114_seed7755_no_autostop,7755,46,4333,0.9865470852017937,105.47619047619048,4.287776848809986,0.7501500945843049
2,t0114_seed7755_no_autostop,7755,46,4334,0.9865470852017937,105.47619047619048,5.050522738435044,0.7544187489021437
2,t0114_seed7755_no_autostop,7755,46,4341,0.9865168539325843,105.23809523809526,5.779807621329168,0.2671129321362222
2,t0114_seed7755_no_autostop,7755,46,4342,0.9865168539325843,105.23809523809526,4.2339771428024875,0.11866644639983656
2,t0114_seed7755_no_autostop,7755,46,4345,1.0,54.761904761904766,4.507613526879951,-0.3521666543832895
2,t0114_seed7755_no_autostop,7755,46,4350,1.0,54.523809523809526,3.7125186831559627,-0.3006966072865704
2,t0114_seed7755_no_autostop,7755,46,4351,0.2243767313019391,105.23809523809526,5.497151865189664,0.9055351435914378
2,t0114_seed7755_no_autostop,7755,46,4354,0.9864559819413092,104.76190476190476,5.055004551706255,1.2233627518778172
2,t0114_seed7755_no_autostop,7755,46,4359,1.0,54.28571428571429,4.578591542793444,-0.1766366289068027
2,t0114_seed7755_no_autostop,7755,46,4360,0.22099447513812157,105.23809523809526,4.628387163684769,0.9635419703445656
2,t0114_seed7755_no_autostop,7755,46,4361,0.22099447513812157,105.23809523809526,5.621010164377212,0.4856971110860138
2,t0114_seed7755_no_autostop,7755,46,4368,0.2159559834938102,105.23809523809526,5.40488129014204,0.6548145611725348
2,t0114_seed7755_no_autostop,7755,46,4372,0.9863945578231292,104.28571428571429,4.869435048367919,0.03135385975649293
2,t0114_seed7755_no_autostop,7755,46,4373,0.9863945578231292,104.28571428571429,4.461017231685259,-0.12480853894532774
2,t0114_seed7755_no_autostop,7755,46,4376,1.0,53.80952380952381,4.544628106808015,-0.2877825380222672
2,t0114_seed7755_no_autostop,7755,46,4381,0.5094339622641509,104.76190476190476,5.206408398753882,0.10411055001439123
2,t0114_seed7755_no_autostop,7755,46,4382,0.5137931034482759,104.52380952380953,5.425576636111053,0.30687629090774454
2,t0114_seed7755_no_autostop,7755,46,4386,1.0,53.57142857142858,4.720667678830909,-0.3024225903708279
2,t0114_seed7755_no_autostop,7755,46,4395,0.9863325740318907,103.80952380952382,5.49144809451673,0.36283350043013946
2,t0114_seed7755_no_autostop,7755,46,4396,0.9863325740318907,103.80952380952382,5.31358025667642,0.4930442367796346
2,t0114_seed7755_no_autostop,7755,46,4398,0.5085910652920963,104.52380952380953,4.6588672623204195,0.7759624580213946
2,t0114_seed7755_no_autostop,7755,46,4402,0.9863013698630136,103.57142857142858,5.642723330912318,0.21017950706429425
2,t0114_seed7755_no_autostop,7755,46,4409,0.9863013698630136,103.57142857142858,5.500730029619533,0.2916437917600586
2,t0114_seed7755_no_autostop,7755,46,4412,0.9863013698630136,103.57142857142858,5.334383442445136,0.03579726023000374
2,t0114_seed7755_no_autostop,7755,47,4418,0.02330743618201998,109.76190476190476,6.041319445530489,0.1803116112166545
2,t0114_seed7755_no_autostop,7755,47,4420,1.0,55.95238095238095,4.586401116067998,-0.09338652553037237
2,t0114_seed7755_no_autostop,7755,47,4421,0.9868131868131869,107.61904761904762,5.128905430617461,0.5696947020899089
2,t0114_seed7755_no_autostop,7755,47,4422,0.019079685746352475,108.0952380952381,5.129429963723396,0.932690857796816
2,t0114_seed7755_no_autostop,7755,47,4425,0.02394526795895097,106.9047619047619,5.683621820921575,0.39941081277316415
2,t0114_seed7755_no_autostop,7755,47,4426,0.9866962305986696,106.66666666666669,5.671691853229097,0.21267766348789657
2,t0114_seed7755_no_autostop,7755,47,4427,0.9866962305986696,106.66666666666669,5.577523344937504,0.06298817757829601
2,t0114_seed7755_no_autostop,7755,47,4434,0.9914529914529916,55.47619047619048,4.497664204477657,0.011473934357211764
2,t0114_seed7755_no_autostop,7755,47,4437,0.9865771812080537,105.71428571428572,5.225697686546235,0.9524332084291155
2,t0114_seed7755_no_autostop,7755,47,4438,0.9865771812080537,105.71428571428572,5.009348101178115,1.23052459455895
2,t0114_seed7755_no_autostop,7755,47,4439,0.02171428571428575,106.42857142857143,4.730113259098288,0.8638964825076683
2,t0114_seed7755_no_autostop,7755,47,4440,0.22191780821917803,106.19047619047619,4.664460464758712,0.5546275003535776
2,t0114_seed7755_no_autostop,7755,47,4448,0.2185792349726776,106.19047619047619,5.316528754484877,0.4340144142167021
2,t0114_seed7755_no_autostop,7755,47,4460,1.0,54.28571428571429,4.542863298206754,-0.6051012049472415
2,t0114_seed7755_no_autostop,7755,47,4463,0.019517795637198587,105.71428571428572,5.632693400427549,0.4487496307720637
2,t0114_seed7755_no_autostop,7755,47,4467,0.9912663755458516,54.28571428571429,4.245327363464745,-0.26640994908086824
2,t0114_seed7755_no_autostop,7755,47,4472,0.9864559819413092,104.76190476190476,5.839859236469812,0.2812245705017035
2,t0114_seed7755_no_autostop,7755,47,4473,0.9864559819413092,104.76190476190476,4.229039205350584,0.7291645016614994
2,t0114_seed7755_no_autostop,7755,47,4474,0.9864559819413092,104.76190476190476,5.728643613093563,-0.12942230998375268
2,t0114_seed7755_no_autostop,7755,47,4483,0.9864253393665159,104.52380952380953,4.815487875355885,0.8633746270481891
2,t0114_seed7755_no_autostop,7755,47,4484,0.9864253393665159,104.52380952380953,5.207211770834842,1.1217197778253762
2,t0114_seed7755_no_autostop,7755,47,4485,0.9864253393665159,104.52380952380953,5.532882996663184,0.6882405608977971
2,t0114_seed7755_no_autostop,7755,47,4486,0.9864253393665159,104.52380952380953,4.744235330660486,0.9176963772281207
2,t0114_seed7755_no_autostop,7755,47,4492,1.0,53.57142857142858,4.464560532365231,0.22543615921394353
2,t0114_seed7755_no_autostop,7755,47,4495,0.5146299483648881,104.76190476190476,4.698370188367244,0.4594006837988763
2,t0114_seed7755_no_autostop,7755,47,4505,0.9863636363636363,104.04761904761905,5.0729046641131745,1.0007024243012363
2,t0114_seed7755_no_autostop,7755,47,4511,0.9863636363636363,104.04761904761905,5.279354564938297,0.4776862538168494
2,t0114_seed7755_no_autostop,7755,48,4514,1.0,58.33333333333334,4.329972000820562,-0.3028007166410749
2,t0114_seed7755_no_autostop,7755,48,4516,0.0200445434298441,109.04761904761905,5.923523645012454,0.3539246286199309
2,t0114_seed7755_no_autostop,7755,48,4518,1.0,56.90476190476191,4.152974707339165,-0.6063457777406777
2,t0114_seed7755_no_autostop,7755,48,4520,0.9867256637168141,106.9047619047619,5.034263719990847,0.5379341018657203
2,t0114_seed7755_no_autostop,7755,48,4524,0.9915611814345993,56.1904761904762,4.867069230209336,-0.026893853286796925
2,t0114_seed7755_no_autostop,7755,48,4527,0.22176870748299318,106.9047619047619,4.655564380394895,0.5421624348790633
2,t0114_seed7755_no_autostop,7755,48,4528,0.018058690744921023,107.3809523809524,5.6473008417873185,0.4981699574156416
2,t0114_seed7755_no_autostop,7755,48,4530,1.0,55.714285714285715,4.438554161253543,0.028371180594109483
2,t0114_seed7755_no_autostop,7755,48,4531,1.0,55.714285714285715,4.206029769185302,-0.6935489973487204
2,t0114_seed7755_no_autostop,7755,48,4534,0.5058823529411764,106.66666666666669,4.686807793803728,1.2470103511341128
2,t0114_seed7755_no_autostop,7755,48,4537,0.9914893617021278,55.714285714285715,4.449624606519175,-0.04212724335792129
2,t0114_seed7755_no_autostop,7755,48,4542,0.5067567567567568,106.19047619047619,5.138326048983335,0.94515566996167
2,t0114_seed7755_no_autostop,7755,48,4547,1.0,55.0,4.592632698704033,-0.10201555019384236
2,t0114_seed7755_no_autostop,7755,48,4557,1.0,54.761904761904766,4.659444950825747,-0.1341648419712719
2,t0114_seed7755_no_autostop,7755,48,4558,1.0,54.761904761904766,4.287668688109036,-0.11229322403864042
2,t0114_seed7755_no_autostop,7755,48,4561,0.9865168539325843,105.23809523809526,4.672682695483038,1.0407697353080099
2,t0114_seed7755_no_autostop,7755,48,4565,1.0,54.523809523809526,4.322835571402495,-0.08308963634156932
2,t0114_seed7755_no_autostop,7755,48,4568,0.9864864864864865,105.0,5.776943830997919,0.27258846054912267
2,t0114_seed7755_no_autostop,7755,48,4569,0.2147742818057455,105.71428571428572,4.980072408525142,1.056341163077778
2,t0114_seed7755_no_autostop,7755,48,4570,0.02176403207331036,106.19047619047619,5.435282325421234,0.2605045946263833
2,t0114_seed7755_no_autostop,7755,48,4577,1.0,54.28571428571429,4.712699643203356,-0.33215357602124046
2,t0114_seed7755_no_autostop,7755,48,4587,0.02422145328719723,105.71428571428572,5.04206459836803,-0.007476724573372321
2,t0114_seed7755_no_autostop,7755,48,4592,1.0,54.04761904761905,4.335101160608118,-0.04446513362687424
2,t0114_seed7755_no_autostop,7755,48,4602,0.9864253393665159,104.52380952380953,5.8427164879629245,0.27574666455601576
2,t0114_seed7755_no_autostop,7755,48,4603,0.9864253393665159,104.52380952380953,5.3192813785343835,0.9502761192980874
2,t0114_seed7755_no_autostop,7755,48,4604,0.9864253393665159,104.52380952380953,5.701088246535032,0.386260899367431
2,t0114_seed7755_no_autostop,7755,48,4605,0.9864253393665159,104.52380952380953,5.594997677095318,0.3401352545851344
2,t0114_seed7755_no_autostop,7755,49,4611,0.9868421052631579,107.85714285714286,5.985232403049883,0.22583274304716008
2,t0114_seed7755_no_autostop,7755,49,4612,0.22088353413654618,108.57142857142858,6.072874388445592,0.08546122390192241
2,t0114_seed7755_no_autostop,7755,49,4617,0.9868131868131869,107.61904761904762,4.688099484967106,0.5232761119704995
2,t0114_seed7755_no_autostop,7755,49,4619,1.0,56.1904761904762,4.124285969960178,0.04022030368319811
2,t0114_seed7755_no_autostop,7755,49,4620,0.5167785234899329,107.61904761904762,5.156407189440071,0.5796331547679514
2,t0114_seed7755_no_autostop,7755,49,4621,0.9867549668874173,107.14285714285715,4.6486705778044906,0.48435835614780887
2,t0114_seed7755_no_autostop,7755,49,4625,1.0,55.95238095238095,4.471335729700057,-0.47006154143436485
2,t0114_seed7755_no_autostop,7755,49,4626,0.5117056856187292,107.61904761904762,4.743865746961252,1.0792368593946526
2,t0114_seed7755_no_autostop,7755,49,4631,1.0,55.714285714285715,3.936475619767056,0.025596411850422007
2,t0114_seed7755_no_autostop,7755,49,4633,0.021566401816118082,107.14285714285715,5.285019861609993,0.5741960845749318
2,t0114_seed7755_no_autostop,7755,49,4642,0.5126903553299492,106.42857142857143,5.108181361505698,0.4525962500819312
2,t0114_seed7755_no_autostop,7755,49,4644,1.0,55.23809523809524,4.594962271717636,-0.019380726472849562
2,t0114_seed7755_no_autostop,7755,49,4645,1.0,55.23809523809524,4.131645047285571,-0.23164842434245037
2,t0114_seed7755_no_autostop,7755,49,4646,1.0,55.23809523809524,4.649418358110369,-0.1255431615672422
2,t0114_seed7755_no_autostop,7755,49,4657,1.0,55.0,4.661034033650631,-0.13214023509872813
2,t0114_seed7755_no_autostop,7755,49,4658,1.0,55.0,4.185586639978643,-0.48958741516940985
2,t0114_seed7755_no_autostop,7755,49,4659,1.0,55.0,5.082853505176375,-0.6321777703140634
2,t0114_seed7755_no_autostop,7755,49,4660,0.9914163090128757,55.23809523809524,4.1744829760430315,-0.19954998808969385
2,t0114_seed7755_no_autostop,7755,49,4666,0.02171428571428575,106.42857142857143,5.6239694039972665,0.5502878706486023
2,t0114_seed7755_no_autostop,7755,49,4672,1.0,54.761904761904766,4.610076107201912,0.11288623846873228
2,t0114_seed7755_no_autostop,7755,49,4673,1.0,54.761904761904766,4.265906339246756,0.055302610843136445
2,t0114_seed7755_no_autostop,7755,49,4674,0.9913793103448277,55.0,4.237531724930007,-0.6498675557617484
2,t0114_seed7755_no_autostop,7755,49,4678,0.5068027210884353,105.47619047619048,5.041135117243249,0.5660863299679899
2,t0114_seed7755_no_autostop,7755,49,4684,1.0,54.523809523809526,4.493421835371363,-0.8132282266191785
2,t0114_seed7755_no_autostop,7755,49,4685,1.0,54.523809523809526,4.5057222297916795,0.11039480091382013
2,t0114_seed7755_no_autostop,7755,49,4691,0.21525885558583102,106.19047619047619,5.651363884138416,0.3738596922865543
2,t0114_seed7755_no_autostop,7755,49,4695,0.9913043478260871,54.523809523809526,4.627421462730849,-0.1729304144592789
2,t0114_seed7755_no_autostop,7755,50,4708,0.5207986688851913,108.80952380952382,5.684163618120022,0.4750626545410487
2,t0114_seed7755_no_autostop,7755,50,4715,0.51,107.85714285714286,5.501531898374232,0.3990899592399642
2,t0114_seed7755_no_autostop,7755,50,4716,1.0,56.42857142857143,4.586390635360502,-0.09357157569957752
2,t0114_seed7755_no_autostop,7755,50,4721,1.0,56.1904761904762,4.347910609562001,0.0024958527255533477
2,t0114_seed7755_no_autostop,7755,50,4724,0.9867256637168141,106.9047619047619,5.294636073001914,0.5444777057275859
2,t0114_seed7755_no_autostop,7755,50,4729,1.0,55.95238095238095,4.181834819750149,-0.2384302913897069
2,t0114_seed7755_no_autostop,7755,50,4730,0.5091819699499165,107.61904761904762,5.202044810470879,0.5573618108330841
2,t0114_seed7755_no_autostop,7755,50,4738,0.02383654937570942,107.3809523809524,4.924983188063086,1.0443259007124255
2,t0114_seed7755_no_autostop,7755,50,4739,0.5067114093959731,106.9047619047619,4.661804202590535,0.5228462670132198
2,t0114_seed7755_no_autostop,7755,50,4740,0.9866666666666667,106.42857142857143,5.697730460914871,0.5231890988532674
2,t0114_seed7755_no_autostop,7755,50,4741,0.5160744500846025,106.66666666666669,4.686812460517816,0.9303630459085623
2,t0114_seed7755_no_autostop,7755,50,4742,0.9866666666666667,106.42857142857143,5.068253209576594,0.7888626038686573
2,t0114_seed7755_no_autostop,7755,50,4745,1.0,55.47619047619048,4.257431732604475,0.03969257409318613
2,t0114_seed7755_no_autostop,7755,50,4752,0.9866071428571429,105.95238095238096,5.577511787593849,0.09900062311538393
2,t0114_seed7755_no_autostop,7755,50,4753,0.9866071428571429,105.95238095238096,5.6464869696578415,0.6918296737683025
2,t0114_seed7755_no_autostop,7755,50,4758,1.0,55.23809523809524,4.67400378830451,-0.20675672180965673
2,t0114_seed7755_no_autostop,7755,50,4759,1.0,55.23809523809524,4.82879855332549,0.0018301965903981029
2,t0114_seed7755_no_autostop,7755,50,4760,0.02040816326530612,107.14285714285715,5.981125153435833,0.2555326081515983
2,t0114_seed7755_no_autostop,7755,50,4775,1.0,55.0,4.354203367070758,0.18252501032287943
2,t0114_seed7755_no_autostop,7755,50,4782,0.9865470852017937,105.47619047619048,5.431720677559094,0.7608659477702967
2,t0114_seed7755_no_autostop,7755,50,4791,1.0,54.761904761904766,4.634357275980523,-0.1662789890922371
2,t0114_seed7755_no_autostop,7755,50,4792,1.0,54.761904761904766,3.916223347655709,-0.020088452407236924
2,t0114_seed7755_no_autostop,7755,50,4794,0.02054794520547945,106.42857142857143,5.5040563088247625,0.4336382361991987
2,t0114_seed7755_no_autostop,7755,51,4803,0.9868995633187773,108.33333333333333,5.098878877199568,0.683195734483344
2,t0114_seed7755_no_autostop,7755,51,4805,1.0,57.85714285714286,4.658679362226353,-0.5202752032581492
2,t0114_seed7755_no_autostop,7755,51,4806,1.0,57.85714285714286,4.103234655781798,-0.29981886150774767
2,t0114_seed7755_no_autostop,7755,51,4810,0.5141430948419302,108.33333333333333,5.779624016654284,-0.19759860101905358
2,t0114_seed7755_no_autostop,7755,51,4813,1.0,56.90476190476191,4.289238839800918,-0.17374100958662583
2,t0114_seed7755_no_autostop,7755,51,4816,0.019036954087345997,108.33333333333333,6.027202416068803,0.03419411053576272
2,t0114_seed7755_no_autostop,7755,51,4817,0.022522522522522587,108.0952380952381,4.758091074643886,0.816456069858203
2,t0114_seed7755_no_autostop,7755,51,4818,0.5125208681135226,107.85714285714286,5.760843733589195,0.09277066210222495
2,t0114_seed7755_no_autostop,7755,51,4819,1.0,56.666666666666664,4.4006173677751335,-0.46577639260796133
2,t0114_seed7755_no_autostop,7755,51,4828,0.9867256637168141,106.9047619047619,5.374090063589267,0.49690017459031643
2,t0114_seed7755_no_autostop,7755,51,4829,0.9823788546255505,107.14285714285715,4.9649429138181675,0.6359195826515843
2,t0114_seed7755_no_autostop,7755,51,4832,1.0,56.1904761904762,4.638988645275598,-0.25696967561637013
2,t0114_seed7755_no_autostop,7755,51,4833,1.0,56.1904761904762,4.658959951130151,-0.12289726943439244
2,t0114_seed7755_no_autostop,7755,51,4834,1.0,56.1904761904762,4.896550693399398,-0.01751084456095346
2,t0114_seed7755_no_autostop,7755,51,4835,1.0,56.1904761904762,4.272599052506163,0.03252544792411917
2,t0114_seed7755_no_autostop,7755,51,4839,0.9866962305986696,106.66666666666669,5.960089413259676,0.1911052696169036
2,t0114_seed7755_no_autostop,7755,51,4845,1.0,55.95238095238095,4.626284972332177,-0.10766622441000413
2,t0114_seed7755_no_autostop,7755,51,4846,1.0,55.95238095238095,4.504019045005653,-0.09492800809744799
2,t0114_seed7755_no_autostop,7755,51,4847,1.0,55.95238095238095,3.902167345290265,-0.05478883689356373
2,t0114_seed7755_no_autostop,7755,51,4850,0.22222222222222224,107.3809523809524,5.334112253493157,0.16965939964651874
2,t0114_seed7755_no_autostop,7755,51,4851,0.021468926553672253,107.61904761904762,5.809943588134495,0.7593299918261174
2,t0114_seed7755_no_autostop,7755,51,4859,1.0,55.714285714285715,4.319588189548584,-0.19401281844271734
2,t0114_seed7755_no_autostop,7755,51,4860,0.5016722408026756,106.9047619047619,5.249466850139041,0.9570861874792329
2,t0114_seed7755_no_autostop,7755,51,4861,0.21236559139784947,107.3809523809524,5.722860376986241,0.14820807175462186
2,t0114_seed7755_no_autostop,7755,51,4862,0.5084175084175085,106.66666666666669,5.458330304085034,0.4301025251227843
2,t0114_seed7755_no_autostop,7755,51,4870,1.0,55.47619047619048,4.741365704984231,-0.31307208404543846
2,t0114_seed7755_no_autostop,7755,51,4871,1.0,55.47619047619048,4.203635538689108,0.15320067809417753
2,t0114_seed7755_no_autostop,7755,51,4872,0.9914893617021278,55.714285714285715,4.398820551858911,0.18257185109395238
2,t0114_seed7755_no_autostop,7755,51,4881,0.9865771812080537,105.71428571428572,4.867911164464779,0.6893109325535708
2,t0114_seed7755_no_autostop,7755,51,4882,0.9865771812080537,105.71428571428572,4.675044811734161,0.8685426154358444
2,t0114_seed7755_no_autostop,7755,51,4885,1.0,55.23809523809524,3.998431773988116,-0.4113054052652391
2,t0114_seed7755_no_autostop,7755,51,4891,0.022727272727272693,107.14285714285715,5.596352636920511,0.4415108112608919
2,t0114_seed7755_no_autostop,7755,51,4893,1.0,55.23809523809524,4.587244568234614,-0.09081772662944272
2,t0114_seed7755_no_autostop,7755,52,4900,0.9868995633187773,108.33333333333333,5.796515473573824,-0.1927975216419178
2,t0114_seed7755_no_autostop,7755,52,4902,0.017699115044247815,109.52380952380953,5.7337154572180005,0.3333986164763566
2,t0114_seed7755_no_autostop,7755,52,4903,1.0,58.095238095238095,4.6331445270224965,-0.013844211127054324
2,t0114_seed7755_no_autostop,7755,52,4904,1.0,58.095238095238095,4.626947066618782,-0.46170089600063857
2,t0114_seed7755_no_autostop,7755,52,4905,0.5107438016528925,108.80952380952382,5.667464809121971,0.19329089015362402
2,t0114_seed7755_no_autostop,7755,52,4907,0.5141430948419302,108.33333333333333,5.859515473663038,0.0911515667487135
2,t0114_seed7755_no_autostop,7755,52,4908,0.986870897155361,108.0952380952381,6.029933138023972,0.17075040102320813
2,t0114_seed7755_no_autostop,7755,52,4909,0.986870897155361,108.0952380952381,5.199015496601987,0.5146362089360336
2,t0114_seed7755_no_autostop,7755,52,4912,1.0,57.85714285714286,4.734587196753897,-0.4372003394057182
2,t0114_seed7755_no_autostop,7755,52,4914,0.5091210613598672,108.33333333333333,5.935521229156774,0.26831160971843754
2,t0114_seed7755_no_autostop,7755,52,4917,0.9868421052631579,107.85714285714286,5.99326024928848,0.47668025910404827
2,t0114_seed7755_no_autostop,7755,52,4918,1.0,57.38095238095238,4.121640981888481,-0.21428445833209633
2,t0114_seed7755_no_autostop,7755,52,4927,1.0,56.90476190476191,4.347500067436903,-0.41534938785624304
2,t0114_seed7755_no_autostop,7755,52,4930,0.986784140969163,107.3809523809524,4.95906960138773,1.1140732642170876
2,t0114_seed7755_no_autostop,7755,52,4935,0.9867549668874173,107.14285714285715,5.8193761543310645,0.431534461752488
2,t0114_seed7755_no_autostop,7755,52,4937,1.0,56.42857142857143,4.45837660112504,-0.39706436399961587
2,t0114_seed7755_no_autostop,7755,52,4943,0.9867256637168141,106.9047619047619,4.99748214073953,0.827906893988662
2,t0114_seed7755_no_autostop,7755,52,4944,0.9867256637168141,106.9047619047619,5.69496704420402,0.5366084876677021
2,t0114_seed7755_no_autostop,7755,52,4951,1.0,56.1904761904762,4.462034723178704,-0.29020699426223895
2,t0114_seed7755_no_autostop,7755,52,4954,0.5033333333333334,107.3809523809524,5.827087547909095,0.2373931969995131
2,t0114_seed7755_no_autostop,7755,52,4955,0.5100671140939598,107.14285714285715,5.249897661195876,0.051011311323512026
2,t0114_seed7755_no_autostop,7755,52,4967,1.0,55.95238095238095,4.379936128895443,-0.14330766860650707
2,t0114_seed7755_no_autostop,7755,52,4973,0.9866666666666667,106.42857142857143,5.102343583992432,0.47294402740666364
2,t0114_seed7755_no_autostop,7755,52,4974,0.9866666666666667,106.42857142857143,5.197983378104739,0.95306599265633
2,t0114_seed7755_no_autostop,7755,52,4980,1.0,55.714285714285715,4.193626643616957,0.04847913499010062
2,t0114_seed7755_no_autostop,7755,52,4981,1.0,55.714285714285715,4.321363607615252,0.3079822779884408
2,t0114_seed7755_no_autostop,7755,52,4982,1.0,55.714285714285715,4.516569727619577,-0.16809309261755662
2,t0114_seed7755_no_autostop,7755,52,4983,1.0,55.714285714285715,4.533368457962243,-0.08699279627916666
2,t0114_seed7755_no_autostop,7755,52,4984,0.2205683355886333,107.3809523809524,4.949217611213058,0.12450791722778566
2,t0114_seed7755_no_autostop,7755,52,4986,0.5109612141652613,106.66666666666669,5.662956907445593,0.2522609923897948
2,t0114_seed7755_no_autostop,7755,52,4988,0.9866369710467706,106.19047619047619,4.6042648404903375,0.948334155137744
2,t0114_seed7755_no_autostop,7755,52,4991,1.0,55.47619047619048,4.521139784404305,-0.2282928291489692
2,t0114_seed7755_no_autostop,7755,53,4996,0.9868995633187773,108.33333333333333,5.987171983196262,0.5072323789751549
2,t0114_seed7755_no_autostop,7755,53,4997,0.5147540983606557,110.0,5.213603440877495,0.37630858880251644
2,t0114_seed7755_no_autostop,7755,53,5002,0.986870897155361,108.0952380952381,5.043537424503481,0.9558074003075137
2,t0114_seed7755_no_autostop,7755,53,5006,0.5140495867768595,109.04761904761905,5.896444297948678,0.011598902478098784
2,t0114_seed7755_no_autostop,7755,53,5010,1.0,57.85714285714286,4.272089629112818,-0.20984690644170972
2,t0114_seed7755_no_autostop,7755,53,5014,0.9868421052631579,107.85714285714286,5.676620663409955,-0.0159019021001813
2,t0114_seed7755_no_autostop,7755,53,5015,0.018784530386740304,109.76190476190476,5.419104867589866,0.50971954648105
2,t0114_seed7755_no_autostop,7755,53,5018,0.5124378109452736,108.57142857142858,5.7202169949490935,-0.023365887003971415
2,t0114_seed7755_no_autostop,7755,53,5019,1.0,57.61904761904763,4.694643819203945,-0.4967551856139062
2,t0114_seed7755_no_autostop,7755,53,5024,0.024663677130044873,108.80952380952382,5.5427679459823125,-0.2346454437243112
2,t0114_seed7755_no_autostop,7755,53,5026,0.5074380165289257,108.57142857142858,5.623531827839651,0.48142221653053496
2,t0114_seed7755_no_autostop,7755,53,5027,0.5091210613598672,108.33333333333333,5.77750152293678,0.35151554023883036
2,t0114_seed7755_no_autostop,7755,53,5033,0.22371967654986527,108.0952380952381,5.108763287843601,0.9258143117865196
2,t0114_seed7755_no_autostop,7755,53,5034,1.0,57.142857142857146,4.138790192576556,-0.17817856147700672
2,t0114_seed7755_no_autostop,7755,53,5038,0.21762349799732975,108.57142857142858,5.815694761598839,0.07304516360989412
2,t0114_seed7755_no_autostop,7755,53,5050,0.9867256637168141,106.9047619047619,5.441982325250095,0.7884346330206345
2,t0114_seed7755_no_autostop,7755,53,5051,0.21115537848605578,108.57142857142858,5.285644338055639,0.8399746676817307
2,t0114_seed7755_no_autostop,7755,53,5058,0.9866962305986696,106.66666666666669,5.049765908951584,0.7269467230051958
2,t0114_seed7755_no_autostop,7755,53,5059,0.20954907161803718,108.57142857142858,5.794699175372044,0.7400356291885654
2,t0114_seed7755_no_autostop,7755,53,5062,1.0,56.42857142857143,4.312590040038573,-0.5703555342481754
2,t0114_seed7755_no_autostop,7755,53,5070,0.9866666666666667,106.42857142857143,4.981427960504957,0.8149263724082444
2,t0114_seed7755_no_autostop,7755,53,5071,0.9866666666666667,106.42857142857143,5.0211505172865865,0.8645704311154745
2,t0114_seed7755_no_autostop,7755,53,5074,0.022573363431151208,107.85714285714286,6.047407711622707,0.14975949134554783
2,t0114_seed7755_no_autostop,7755,53,5078,0.9866369710467706,106.19047619047619,5.71021142092252,0.5559008995073642
2,t0114_seed7755_no_autostop,7755,54,5091,0.5173553719008265,109.28571428571429,5.611871675014422,0.5885749581593278
2,t0114_seed7755_no_autostop,7755,54,5092,0.9869281045751634,108.57142857142858,5.829781580668073,0.01976224353915095
2,t0114_seed7755_no_autostop,7755,54,5093,1.0,58.33333333333334,4.767147908654232,-0.12111350033138396
2,t0114_seed7755_no_autostop,7755,54,5094,0.023255813953488372,110.0,5.566740833996198,0.47273815346688347
2,t0114_seed7755_no_autostop,7755,54,5095,0.22606382978723402,109.76190476190476,5.40054801581355,0.3866885548385225
2,t0114_seed7755_no_autostop,7755,54,5097,0.5140495867768595,109.04761904761905,6.030727156993629,0.04942330656977716
2,t0114_seed7755_no_autostop,7755,54,5101,0.9868995633187773,108.33333333333333,5.630187483735421,0.5786953775831538
2,t0114_seed7755_no_autostop,7755,54,5104,1.0,58.095238095238095,4.638544589295711,-0.5278816367522966
2,t0114_seed7755_no_autostop,7755,54,5106,0.027932960893854778,109.52380952380953,5.967510573609073,0.10617690779613295
2,t0114_seed7755_no_autostop,7755,54,5109,0.5124378109452736,108.57142857142858,5.291754939794378,0.288538999184422
2,t0114_seed7755_no_autostop,7755,54,5120,0.021134593993325953,109.28571428571429,5.564316291286262,0.4016401919521852
2,t0114_seed7755_no_autostop,7755,54,5127,0.9868421052631579,107.85714285714286,5.949112803306102,-0.0171450492442241
2,t0114_seed7755_no_autostop,7755,54,5128,0.5116279069767442,108.33333333333333,5.8529264717140785,0.390127952810834
2,t0114_seed7755_no_autostop,7755,54,5139,1.0,57.38095238095238,4.402884312402479,-0.44868916958253446
2,t0114_seed7755_no_autostop,7755,54,5140,0.015452538631346642,109.52380952380953,5.96979707048013,0.23700352508285877
2,t0114_seed7755_no_autostop,7755,54,5141,0.21925133689839577,108.57142857142858,5.630075436634401,0.3882929753537855
2,t0114_seed7755_no_autostop,7755,54,5142,0.21925133689839577,108.57142857142858,5.7702832698554,0.3859229628969155
2,t0114_seed7755_no_autostop,7755,54,5145,0.986784140969163,107.3809523809524,5.965324797707822,0.526846728856575
2,t0114_seed7755_no_autostop,7755,54,5146,0.986784140969163,107.3809523809524,5.054254312944252,0.9521080358098184
2,t0114_seed7755_no_autostop,7755,54,5147,0.986784140969163,107.3809523809524,5.177100577191404,0.5368991839808654
2,t0114_seed7755_no_autostop,7755,54,5148,0.986784140969163,107.3809523809524,5.082430030225613,0.6827182729595241
2,t0114_seed7755_no_autostop,7755,54,5150,0.5041322314049587,108.33333333333333,6.029918012734283,0.2041820917484051
2,t0114_seed7755_no_autostop,7755,54,5152,1.0,57.142857142857146,3.8271819666903255,-0.7589067804738041
2,t0114_seed7755_no_autostop,7755,54,5157,0.9867549668874173,107.14285714285715,5.382961946898464,0.15992314587399742
2,t0114_seed7755_no_autostop,7755,54,5163,1.0,56.90476190476191,4.193846058130922,-0.206975541566816
2,t0114_seed7755_no_autostop,7755,54,5164,0.21276595744680848,108.57142857142858,5.051764606159972,0.8853089556784935
2,t0114_seed7755_no_autostop,7755,54,5173,0.21715817694369977,108.0952380952381,5.9143681942432575,0.13104928483219777
2,t0114_seed7755_no_autostop,7755,54,5178,0.9866962305986696,106.66666666666669,5.354489256810408,0.4809556390926689
2,t0114_seed7755_no_autostop,7755,54,5180,0.5083612040133779,107.3809523809524,5.999107237771788,-0.19938520789279218
2,t0114_seed7755_no_autostop,7755,55,5187,0.22324966974900928,110.23809523809526,5.590923856491549,0.07776465396984056
2,t0114_seed7755_no_autostop,7755,55,5188,0.02541436464088395,110.47619047619048,5.43964526442889,0.34544473541510407
2,t0114_seed7755_no_autostop,7755,55,5189,0.0231023102310231,110.71428571428572,5.50941491577525,0.44460423621404105
2,t0114_seed7755_no_autostop,7755,55,5190,0.9870410367170627,109.52380952380953,5.067079963458195,0.5900623474789097
2,t0114_seed7755_no_autostop,7755,55,5192,0.22384105960264897,110.0,5.2140697160281855,0.4448775976136042
2,t0114_seed7755_no_autostop,7755,55,5196,1.0,58.095238095238095,4.35792860752195,-0.38912728938674906
2,t0114_seed7755_no_autostop,7755,55,5198,0.9869281045751634,108.57142857142858,5.914196414786573,0.2265144713081618
2,t0114_seed7755_no_autostop,7755,55,5199,0.513157894736842,109.52380952380953,5.413367185669356,0.0883476912674574
2,t0114_seed7755_no_autostop,7755,55,5200,0.9784482758620691,109.28571428571429,5.829451975384468,0.5834706459763422
2,t0114_seed7755_no_autostop,7755,55,5202,0.21475625823451908,109.76190476190476,5.782437657896109,0.31556650450208673
2,t0114_seed7755_no_autostop,7755,55,5207,1.0,57.85714285714286,4.4630481446556995,-0.1813799465889777
2,t0114_seed7755_no_autostop,7755,55,5212,0.9868995633187773,108.33333333333333,5.732526627147228,0.31598045628193944
2,t0114_seed7755_no_autostop,7755,55,5213,0.9868995633187773,108.33333333333333,4.987781731433749,1.0585750894704589
2,t0114_seed7755_no_autostop,7755,55,5214,0.9868995633187773,108.33333333333333,5.36452384230694,0.23900694795116253
2,t0114_seed7755_no_autostop,7755,55,5218,0.026726057906458798,109.76190476190476,5.7827262137597355,0.48545109508133677
2,t0114_seed7755_no_autostop,7755,55,5220,0.9918032786885247,57.85714285714286,4.674211244041905,-0.5270095917748044
2,t0114_seed7755_no_autostop,7755,55,5224,0.986870897155361,108.0952380952381,5.670875741925723,0.185617961265864
2,t0114_seed7755_no_autostop,7755,55,5227,0.5123558484349258,109.28571428571429,5.370738887236643,0.6687762884328092
2,t0114_seed7755_no_autostop,7755,55,5228,0.5166666666666666,108.33333333333333,5.682703070011992,0.4926385475142328
2,t0114_seed7755_no_autostop,7755,55,5232,1.0,57.38095238095238,4.623012488192573,-0.5211471919470664
2,t0114_seed7755_no_autostop,7755,55,5233,1.0,57.38095238095238,4.194829877844089,-0.4594908957309495
2,t0114_seed7755_no_autostop,7755,55,5239,0.9825327510917029,108.0952380952381,5.382923949073489,0.6202284560996465
2,t0114_seed7755_no_autostop,7755,55,5243,0.5090609555189457,109.04761904761905,5.7633327670645516,0.11207340512713065
2,t0114_seed7755_no_autostop,7755,55,5244,0.024553571428571463,109.28571428571429,5.531539085485165,0.46116724596799225
2,t0114_seed7755_no_autostop,7755,55,5250,1.0,57.142857142857146,4.462607746074022,-0.5516211329952646
2,t0114_seed7755_no_autostop,7755,55,5253,0.9868131868131869,107.61904761904762,5.559377299635997,0.5129276636556495
2,t0114_seed7755_no_autostop,7755,55,5255,0.2219251336898396,108.80952380952382,5.937116584033298,0.27729343127676187
2,t0114_seed7755_no_autostop,7755,55,5261,1.0,56.90476190476191,4.259377798836017,-0.23928274876917494
2,t0114_seed7755_no_autostop,7755,55,5262,0.986784140969163,107.3809523809524,5.680278729521064,0.5909166872133043
2,t0114_seed7755_no_autostop,7755,55,5265,0.5091210613598672,108.33333333333333,5.725533651545579,0.05591688221013041
2,t0114_seed7755_no_autostop,7755,55,5270,0.024663677130044873,108.80952380952382,5.716039478707396,0.49157327672364837
2,t0114_seed7755_no_autostop,7755,55,5272,0.51,107.85714285714286,5.943465730002186,-0.3044214806241894
2,t0114_seed7755_no_autostop,7755,55,5274,0.51,107.85714285714286,5.802853510316436,0.1450955621434829
2,t0114_seed7755_no_autostop,7755,56,5280,1.0,58.57142857142858,4.4744587065112755,-0.5034960419023041
2,t0114_seed7755_no_autostop,7755,56,5281,1.0,58.57142857142858,4.3684422514701495,-0.371188960500559
2,t0114_seed7755_no_autostop,7755,56,5282,0.2289473684210526,111.19047619047619,5.2043226995711835,0.2980333726332544
2,t0114_seed7755_no_autostop,7755,56,5283,1.0,58.57142857142858,4.643726928162312,-0.4708637344820793
2,t0114_seed7755_no_autostop,7755,56,5284,0.987152034261242,110.47619047619048,5.5381355039573945,0.3925408564688744
2,t0114_seed7755_no_autostop,7755,56,5285,0.027563395810363864,110.95238095238096,5.521350594070027,0.4273437665582129
2,t0114_seed7755_no_autostop,7755,56,5286,0.027624309392265227,110.71428571428572,5.532406629916862,0.14888543165044985
2,t0114_seed7755_no_autostop,7755,56,5289,0.9870967741935484,110.0,5.348080293279599,0.37284552118764375
2,t0114_seed7755_no_autostop,7755,56,5290,0.225891677675033,110.47619047619048,5.20213403497417,0.4621380522852108
2,t0114_seed7755_no_autostop,7755,56,5298,0.5147540983606557,110.0,5.764867274028679,0.13718534839278196
2,t0114_seed7755_no_autostop,7755,56,5300,0.21944809461235215,110.47619047619048,5.466241417173071,0.2859341892045263
2,t0114_seed7755_no_autostop,7755,56,5306,0.987012987012987,109.28571428571429,5.226994497059708,0.47590446669321934
2,t0114_seed7755_no_autostop,7755,56,5310,0.028824833702882455,110.47619047619048,5.468845228412342,0.5481693644454609
2,t0114_seed7755_no_autostop,7755,56,5313,1.0,57.61904761904763,4.34060050434432,-0.3798237236503188
2,t0114_seed7755_no_autostop,7755,56,5314,1.0,57.61904761904763,4.412618819761006,-0.45233362320155773
2,t0114_seed7755_no_autostop,7755,56,5318,0.9826464208242949,108.80952380952382,5.984868280650128,0.5111762311825918
2,t0114_seed7755_no_autostop,7755,56,5319,0.9869281045751634,108.57142857142858,6.0259740167656055,0.1971768338008265
2,t0114_seed7755_no_autostop,7755,56,5321,0.026548672566371685,110.47619047619048,5.8807601232732445,0.4087058363532162
2,t0114_seed7755_no_autostop,7755,56,5335,0.9868995633187773,108.33333333333333,5.632872550039556,-0.023459707734788813
2,t0114_seed7755_no_autostop,7755,56,5336,0.9868995633187773,108.33333333333333,5.252429350140451,0.40548716220976766
2,t0114_seed7755_no_autostop,7755,56,5340,0.02552719200887899,110.0,5.923186569828655,-0.020039727738602096
2,t0114_seed7755_no_autostop,7755,56,5341,0.025470653377630183,110.23809523809526,5.5886096036764545,0.022780892608055586
2,t0114_seed7755_no_autostop,7755,56,5348,0.51575456053068,108.80952380952382,6.043623148076278,0.17636775900922677
2,t0114_seed7755_no_autostop,7755,56,5353,0.986870897155361,108.0952380952381,6.0084710810280635,0.018227408886051902
2,t0114_seed7755_no_autostop,7755,56,5354,0.9782608695652175,108.33333333333333,5.632912392146234,0.3560824750076051
2,t0114_seed7755_no_autostop,7755,56,5357,0.02330743618201998,109.76190476190476,5.698215775740228,0.34417952020329307
2,t0114_seed7755_no_autostop,7755,56,5359,0.0221238938053097,110.0,5.754005640645628,0.5375144607636279
2,t0114_seed7755_no_autostop,7755,56,5361,0.9868421052631579,107.85714285714286,5.8580499375637824,0.5941064406599842
2,t0114_seed7755_no_autostop,7755,56,5362,0.2256341789052069,109.28571428571429,5.827737778386647,0.5887096348001393
2,t0114_seed7755_no_autostop,7755,56,5370,0.5107438016528925,108.80952380952382,5.410838496051265,0.3134668277273518
2,t0114_seed7755_no_autostop,7755,57,5377,0.50402576489533,111.19047619047619,5.397298737594794,0.8515651854584616
2,t0114_seed7755_no_autostop,7755,57,5378,1.0,60.23809523809524,4.492178044540363,-0.2145536159997735
2,t0114_seed7755_no_autostop,7755,57,5379,0.9871244635193133,110.23809523809526,5.413830325259379,0.29647447803849686
2,t0114_seed7755_no_autostop,7755,57,5381,1.0,59.04761904761906,4.651405362002273,-0.5232892935407982
2,t0114_seed7755_no_autostop,7755,57,5383,0.9828693790149892,110.23809523809526,5.465753022753742,0.5651917317885129
2,t0114_seed7755_no_autostop,7755,57,5387,0.025246981339187676,111.19047619047619,5.543902475359618,0.4364887119024389
2,t0114_seed7755_no_autostop,7755,57,5388,1.0,58.80952380952381,4.180533250777524,-0.3618890255349127
2,t0114_seed7755_no_autostop,7755,57,5389,0.9919678714859439,59.04761904761906,4.901179708745603,-0.5829489241340859
2,t0114_seed7755_no_autostop,7755,57,5390,0.9919678714859439,59.04761904761906,4.496098492650675,-0.3862404445478313
2,t0114_seed7755_no_autostop,7755,57,5392,0.9786324786324787,110.23809523809526,5.2450274106361086,0.7759947135842691
2,t0114_seed7755_no_autostop,7755,57,5393,0.026490066225165563,110.71428571428572,5.254335420263789,-0.003910208357646307
2,t0114_seed7755_no_autostop,7755,57,5395,0.024175824175824204,110.95238095238096,5.321230185185488,0.5458388862322071
2,t0114_seed7755_no_autostop,7755,57,5405,0.019693654266958422,110.95238095238096,5.515342756657753,0.2807154947005583
2,t0114_seed7755_no_autostop,7755,57,5409,0.9869848156182213,109.04761904761905,5.224403332300695,0.3619826454506486
2,t0114_seed7755_no_autostop,7755,57,5411,0.5122749590834698,110.0,5.590573378867988,0.5595415183309098
2,t0114_seed7755_no_autostop,7755,57,5412,0.2168199737187911,110.23809523809526,5.257036923969981,0.7059690404010455
2,t0114_seed7755_no_autostop,7755,57,5419,0.9869565217391304,108.80952380952382,6.020294091417086,0.07539379085129284
2,t0114_seed7755_no_autostop,7755,57,5420,0.9869565217391304,108.80952380952382,5.707400569065521,0.20511256348820997
2,t0114_seed7755_no_autostop,7755,57,5421,0.9869565217391304,108.80952380952382,5.88387401088479,0.08528284457041417
2,t0114_seed7755_no_autostop,7755,57,5424,0.5081967213114754,109.52380952380953,5.07893837927478,0.4699799202862978
2,t0114_seed7755_no_autostop,7755,57,5427,0.025470653377630183,110.23809523809526,5.563572184582657,0.10397645859772642
2,t0114_seed7755_no_autostop,7755,57,5433,1.0,57.85714285714286,4.625106562488199,-0.7948442216753692
2,t0114_seed7755_no_autostop,7755,57,5434,1.0,57.85714285714286,4.474831550573547,-0.48296295166957726
2,t0114_seed7755_no_autostop,7755,57,5442,0.9869281045751634,108.57142857142858,6.004854707041048,0.1608014818981344
2,t0114_seed7755_no_autostop,7755,57,5444,0.2228116710875331,109.76190476190476,5.890420712305527,0.40683304821726707
2,t0114_seed7755_no_autostop,7755,57,5449,1.0,57.61904761904763,4.622878519991313,-0.5217678610569755
2,t0114_seed7755_no_autostop,7755,57,5450,1.0,57.61904761904763,4.638678557496971,-0.5272609676423875
2,t0114_seed7755_no_autostop,7755,57,5464,0.023255813953488372,110.0,5.566441942913899,0.4726281974984426
2,t0114_seed7755_no_autostop,7755,57,5470,1.0,57.38095238095238,4.36259347690246,-0.390224575964508
2,t0114_seed7755_no_autostop,7755,58,5474,1.0,60.47619047619048,4.809639780114345,-0.44164785118021066
2,t0114_seed7755_no_autostop,7755,58,5475,0.987152034261242,110.47619047619048,5.414672167315781,0.3181704106702528
2,t0114_seed7755_no_autostop,7755,58,5476,0.987152034261242,110.47619047619048,5.136512694572752,0.8830311847587679
2,t0114_seed7755_no_autostop,7755,58,5477,1.0,60.47619047619048,4.690817019162546,-0.8359706668632836
2,t0114_seed7755_no_autostop,7755,58,5480,0.9871244635193133,110.23809523809526,5.797921871538894,0.2790394793448802
2,t0114_seed7755_no_autostop,7755,58,5485,0.22529644268774704,110.71428571428572,5.256050396126881,0.5578593876323709
2,t0114_seed7755_no_autostop,7755,58,5488,1.0,59.523809523809526,4.656240644065634,-0.3169999730440385
2,t0114_seed7755_no_autostop,7755,58,5490,0.22368421052631582,110.71428571428572,5.194296268041592,0.319554595123833
2,t0114_seed7755_no_autostop,7755,58,5493,0.982832618025751,110.0,5.591950167755103,0.5038649334006485
2,t0114_seed7755_no_autostop,7755,58,5495,1.0,59.04761904761906,4.590676848840319,-0.34011944431805513
2,t0114_seed7755_no_autostop,7755,58,5497,0.21887287024901708,110.71428571428572,5.788876009687223,0.35977713591865296
2,t0114_seed7755_no_autostop,7755,58,5498,0.22266139657444003,110.47619047619048,5.424160980780276,0.3819718559464361
2,t0114_seed7755_no_autostop,7755,58,5500,0.5106035889070147,110.23809523809526,5.238174242932745,0.41017053263025777
2,t0114_seed7755_no_autostop,7755,58,5503,0.978540772532189,109.76190476190476,5.150005872017714,0.8323067287586501
2,t0114_seed7755_no_autostop,7755,58,5508,0.027624309392265227,110.71428571428572,5.653381562785866,0.07100589726518497
2,t0114_seed7755_no_autostop,7755,58,5511,0.9869848156182213,109.04761904761905,5.107203704076722,0.4667479402972992
2,t0114_seed7755_no_autostop,7755,58,5516,0.513157894736842,109.52380952380953,5.4037385781462755,0.6095826289474308
2,t0114_seed7755_no_autostop,7755,58,5521,0.026490066225165563,110.71428571428572,5.211861009093315,0.4405735784684992
2,t0114_seed7755_no_autostop,7755,58,5526,0.9826839826839826,109.04761904761905,5.7636091586726765,0.1891853821205478
2,t0114_seed7755_no_autostop,7755,58,5527,0.218421052631579,110.23809523809526,5.445842604431885,0.550507540392568
2,t0114_seed7755_no_autostop,7755,58,5534,0.025358324145534697,110.71428571428572,5.347297309854361,0.4008685742312678
2,t0114_seed7755_no_autostop,7755,58,5536,0.026548672566371685,110.47619047619048,5.60995812629061,0.22392423515740303
2,t0114_seed7755_no_autostop,7755,58,5541,0.9869281045751634,108.57142857142858,5.8377005654379515,0.2855400989098793
2,t0114_seed7755_no_autostop,7755,58,5545,0.21739130434782608,110.0,5.568665399755208,0.22187639204536536
2,t0114_seed7755_no_autostop,7755,58,5553,1.0,58.095238095238095,4.532168008536306,-0.5733301929324411
2,t0114_seed7755_no_autostop,7755,58,5554,1.0,57.85714285714286,4.704644985486299,-0.059493563991019544
2,t0114_seed7755_no_autostop,7755,58,5557,0.9868995633187773,108.33333333333333,5.736361682022746,0.14493876892224306
2,t0114_seed7755_no_autostop,7755,58,5560,0.5049180327868852,109.28571428571429,5.8471673738374,0.3272552877336491
2,t0114_seed7755_no_autostop,7755,58,5561,0.026607538802660754,110.23809523809526,5.321961382956675,0.6940195089736155
2,t0114_seed7755_no_autostop,7755,58,5562,0.5115511551155114,109.04761904761905,5.674226104148186,0.5278238327129214
2,t0114_seed7755_no_autostop,7755,59,5574,0.9829424307036246,110.71428571428572,5.25015975704856,0.7057160658143853
2,t0114_seed7755_no_autostop,7755,59,5575,0.22875816993464052,111.9047619047619,5.242506036764372,0.363250602138883
2,t0114_seed7755_no_autostop,7755,59,5576,0.517915309446254,110.95238095238096,5.7829440646322725,0.16220769691059736
2,t0114_seed7755_no_autostop,7755,59,5577,0.992248062015504,61.1904761904762,4.432069246546589,-0.6672916353786364
2,t0114_seed7755_no_autostop,7755,59,5578,0.987152034261242,110.47619047619048,5.619843577821183,0.4141160133229352
2,t0114_seed7755_no_autostop,7755,59,5581,1.0,60.23809523809524,4.799003364455926,-0.434518707302871
2,t0114_seed7755_no_autostop,7755,59,5582,0.5171288743882544,110.71428571428572,5.652713089639694,0.4867917448621698
2,t0114_seed7755_no_autostop,7755,59,5589,0.511400651465798,110.47619047619048,5.616569947261025,0.07724788999556298
2,t0114_seed7755_no_autostop,7755,59,5592,0.9870967741935484,110.0,5.688288875809171,0.26736082128810185
2,t0114_seed7755_no_autostop,7755,59,5593,0.9828693790149892,110.23809523809526,5.517418939103071,0.18787966634972325
2,t0114_seed7755_no_autostop,7755,59,5595,0.02300109529025192,111.19047619047619,5.308948011718046,0.5594046148846821
2,t0114_seed7755_no_autostop,7755,59,5596,1.0,59.28571428571429,4.259957050599907,-0.1672794476252606
2,t0114_seed7755_no_autostop,7755,59,5599,0.9870689655172413,109.76190476190476,5.684986077038632,0.23628744952490255
2,t0114_seed7755_no_autostop,7755,59,5602,0.02192982456140357,110.95238095238096,5.471659849438724,0.6534745524989546
2,t0114_seed7755_no_autostop,7755,59,5605,1.0,59.04761904761906,4.278590829036375,-0.7835679329210067
2,t0114_seed7755_no_autostop,7755,59,5617,1.0,58.80952380952381,4.491960867687921,-0.22365321725614729
2,t0114_seed7755_no_autostop,7755,59,5618,1.0,58.80952380952381,4.412746153605249,-0.40916132600009153
2,t0114_seed7755_no_autostop,7755,59,5619,0.9919678714859439,59.04761904761906,4.731309828166069,-0.30666104234407815
2,t0114_seed7755_no_autostop,7755,59,5620,0.21727748691099472,110.71428571428572,5.251289900715797,-0.050085387511830344
2,t0114_seed7755_no_autostop,7755,59,5623,0.987012987012987,109.28571428571429,5.110850990843226,0.5332439579284426
2,t0114_seed7755_no_autostop,7755,59,5624,0.987012987012987,109.28571428571429,5.287783357104863,0.18402796503969265
2,t0114_seed7755_no_autostop,7755,59,5625,0.987012987012987,109.28571428571429,5.739022005024542,0.6157940531402686
2,t0114_seed7755_no_autostop,7755,59,5626,0.987012987012987,109.28571428571429,5.501457243012876,0.3260801203963338
2,t0114_seed7755_no_autostop,7755,59,5631,0.017467248908296974,110.95238095238096,5.524364831739679,0.4442103449076319
2,t0114_seed7755_no_autostop,7755,59,5635,1.0,58.57142857142858,4.4987726521246145,-0.48597573901450447
2,t0114_seed7755_no_autostop,7755,59,5642,0.9869848156182213,109.04761904761905,5.2551329320486175,0.25121150923678504
2,t0114_seed7755_no_autostop,7755,59,5643,0.9869848156182213,109.04761904761905,5.598940367201321,0.5600827362083796
2,t0114_seed7755_no_autostop,7755,59,5644,0.9869848156182213,109.04761904761905,5.191119481489652,0.27201183050400507
2,t0114_seed7755_no_autostop,7755,59,5647,0.2254641909814324,110.0,5.522328353919442,0.25505672808543756
2,t0114_seed7755_no_autostop,7755,59,5648,0.5106732348111659,109.52380952380953,5.3035342130346965,0.4577299977109291
2,t0114_seed7755_no_autostop,7755,59,5653,0.9869565217391304,108.80952380952382,5.341511323628131,0.6287703517487362
2,t0114_seed7755_no_autostop,7755,59,5661,0.026548672566371685,110.47619047619048,5.596198944555083,0.5499520309520655
2,t0114_seed7755_no_autostop,7755,60,5664,0.9872611464968153,111.42857142857143,5.576933400690736,0.4271077291248327
2,t0114_seed7755_no_autostop,7755,60,5665,1.0,61.42857142857143,4.633269615759573,-0.9868905855009006
2,t0114_seed7755_no_autostop,7755,60,5666,0.5128205128205129,112.3809523809524,5.27650009631693,0.5085572294284961
2,t0114_seed7755_no_autostop,7755,60,5668,0.9871794871794872,110.71428571428572,5.551983632553894,0.404781121760303
2,t0114_seed7755_no_autostop,7755,60,5669,0.9871794871794872,110.71428571428572,5.695014578308596,0.04921264340063574
2,t0114_seed7755_no_autostop,7755,60,5673,0.5112540192926045,111.9047619047619,5.285008987753873,0.3608056733897365
2,t0114_seed7755_no_autostop,7755,60,5674,0.512987012987013,110.95238095238096,5.245558999584522,0.45787734637940397
2,t0114_seed7755_no_autostop,7755,60,5687,0.9871244635193133,110.23809523809526,4.902627186159772,1.029034980328583
2,t0114_seed7755_no_autostop,7755,60,5688,0.9871244635193133,110.23809523809526,5.222211552671299,0.4390842527283737
2,t0114_seed7755_no_autostop,7755,60,5689,1.0,59.761904761904766,4.596747808117289,-0.16986422185767405
2,t0114_seed7755_no_autostop,7755,60,5691,0.22033898305084743,111.42857142857143,5.404489134797563,0.8920926976742443
2,t0114_seed7755_no_autostop,7755,60,5697,0.9870967741935484,110.0,5.620469569166726,0.19905326371467288
2,t0114_seed7755_no_autostop,7755,60,5698,0.9870967741935484,110.0,5.5531125346833,0.4248727284643879
2,t0114_seed7755_no_autostop,7755,60,5700,1.0,59.523809523809526,4.203109909490501,-0.27063437499706616
2,t0114_seed7755_no_autostop,7755,60,5701,1.0,59.523809523809526,4.0525146765875855,-0.23239835090036817
2,t0114_seed7755_no_autostop,7755,60,5702,0.2269129287598944,110.71428571428572,5.6156133552197325,0.4062007686780157
2,t0114_seed7755_no_autostop,7755,60,5703,0.0297029702970297,111.42857142857143,5.674710541856229,0.4736038299283647
2,t0114_seed7755_no_autostop,7755,60,5704,0.21932114882506523,111.19047619047619,5.583289178565579,0.32014306933791314
2,t0114_seed7755_no_autostop,7755,60,5713,0.5130718954248367,110.23809523809526,5.612759429676142,0.3115585786421184
2,t0114_seed7755_no_autostop,7755,60,5715,0.9870410367170627,109.52380952380953,5.408800148261879,-0.034140567319389824
2,t0114_seed7755_no_autostop,7755,60,5718,0.5147540983606557,110.0,5.258142916048142,0.39976545037542877
2,t0114_seed7755_no_autostop,7755,60,5719,0.9827956989247311,109.76190476190476,5.201323136761462,0.33949635690167207
2,t0114_seed7755_no_autostop,7755,60,5726,0.024175824175824204,110.95238095238096,5.680249298149988,0.2580019849578705
2,t0114_seed7755_no_autostop,7755,60,5734,0.5122749590834698,110.0,5.632083134804226,0.7439893102277823
2,t0114_seed7755_no_autostop,7755,60,5748,0.9869848156182213,109.04761904761905,5.444229244485479,0.37648304557445045
2,t0114_seed7755_no_autostop,7755,60,5749,0.5139573070607553,109.76190476190476,5.390174205215702,0.44923023853328736
2,t0114_seed7755_no_autostop,7755,60,5750,0.9784946236559141,109.52380952380953,5.247326711154233,0.7586465662554424
2,t0114_seed7755_no_autostop,7755,60,5755,0.22486772486772488,110.23809523809526,5.778929171279344,0.06782792609132203
2,t0114_seed7755_no_autostop,7755,61,5761,0.9925650557620819,63.80952380952381,4.935134055309785,-0.6487862910075775
2,t0114_seed7755_no_autostop,7755,61,5762,0.9872881355932204,111.66666666666669,5.399333648622532,0.33395075398386737
2,t0114_seed7755_no_autostop,7755,61,5763,1.0,61.90476190476191,4.620524399150223,-0.6202641521528356
2,t0114_seed7755_no_autostop,7755,61,5764,0.9831223628691982,111.9047619047619,5.295491056332767,1.066975391168705
2,t0114_seed7755_no_autostop,7755,61,5765,0.22337662337662334,112.14285714285715,5.795242688254117,0.10727301907957786
2,t0114_seed7755_no_autostop,7755,61,5772,0.5162337662337663,111.19047619047619,5.258087007297314,0.41387889607325956
2,t0114_seed7755_no_autostop,7755,61,5773,0.5162337662337663,111.19047619047619,5.402135128590036,1.0756890772770336
2,t0114_seed7755_no_autostop,7755,61,5775,1.0,60.952380952380956,4.675037891794027,-0.37831839330558303
2,t0114_seed7755_no_autostop,7755,61,5784,1.0,60.714285714285715,4.162659027271435,-0.23051792964284165
2,t0114_seed7755_no_autostop,7755,61,5791,0.5188216039279869,110.47619047619048,5.448707222414376,0.7247127289679578
2,t0114_seed7755_no_autostop,7755,61,5796,0.5146579804560262,110.71428571428572,5.230686120936202,0.3014725446844164
2,t0114_seed7755_no_autostop,7755,61,5803,0.9828693790149892,110.23809523809526,5.721242812690355,0.3568269031713059
2,t0114_seed7755_no_autostop,7755,61,5804,0.9870967741935484,110.0,5.79362192744288,0.07663151683382317
2,t0114_seed7755_no_autostop,7755,61,5821,0.9870410367170627,109.52380952380953,5.298798008276294,0.27809210989181743
2,t0114_seed7755_no_autostop,7755,61,5822,0.9870410367170627,109.52380952380953,5.1061994310416585,0.5267693129872683
2,t0114_seed7755_no_autostop,7755,61,5823,0.9870410367170627,109.52380952380953,5.346032980648254,0.34409528787706356
2,t0114_seed7755_no_autostop,7755,61,5824,0.9870410367170627,109.52380952380953,5.242541808979388,0.5082523104726829
2,t0114_seed7755_no_autostop,7755,61,5835,1.0,59.523809523809526,4.174839581981805,-0.2891922984143896
2,t0114_seed7755_no_autostop,7755,61,5838,0.5106035889070147,110.23809523809526,5.150101078288705,0.4780371686797134
2,t0114_seed7755_no_autostop,7755,61,5844,0.987012987012987,109.28571428571429,5.52279080474209,0.39435902120217736
2,t0114_seed7755_no_autostop,7755,61,5847,0.5122749590834698,110.0,5.446700389792552,0.3976252029085349
2,t0114_seed7755_no_autostop,7755,61,5849,0.02076502732240431,111.19047619047619,5.5304062910742555,0.45809445483268835
2,t0114_seed7755_no_autostop,7755,61,5852,0.02081051478641843,110.95238095238096,5.248406874355141,0.9134666590110583
2,t0114_seed7755_no_autostop,7755,61,5855,0.9869848156182213,109.04761904761905,5.742539155963077,0.12732042524614778
2,t0114_seed7755_no_autostop,7755,62,5861,0.02708559046587219,112.85714285714286,5.479618701426498,0.16694401377874396
2,t0114_seed7755_no_autostop,7755,62,5865,0.9830866807610993,111.66666666666669,5.256557780713989,0.3394035528387442
2,t0114_seed7755_no_autostop,7755,62,5866,0.5136876006441223,111.9047619047619,5.440614237431267,0.45854240764835413
2,t0114_seed7755_no_autostop,7755,62,5867,0.02280130293159609,112.14285714285715,5.566235086404029,0.62685543252085
2,t0114_seed7755_no_autostop,7755,62,5872,1.0,60.952380952380956,4.257315409520797,-0.2584622839129658
2,t0114_seed7755_no_autostop,7755,62,5882,0.987152034261242,110.47619047619048,5.567696035532697,0.39014083025431207
2,t0114_seed7755_no_autostop,7755,62,5884,0.5137763371150729,111.19047619047619,5.561336329579988,0.44163594715045357
2,t0114_seed7755_no_autostop,7755,62,5892,0.9871244635193133,110.23809523809526,5.06878886736335,0.4367925877289063
2,t0114_seed7755_no_autostop,7755,62,5897,0.22513089005235598,111.42857142857143,5.789574053020614,0.35782674714594803
2,t0114_seed7755_no_autostop,7755,62,5907,0.9828693790149892,110.23809523809526,4.997860902060349,0.9770711010181136
2,t0114_seed7755_no_autostop,7755,62,5908,0.9870967741935484,110.0,5.463435020937214,0.087174559753027
2,t0114_seed7755_no_autostop,7755,62,5909,0.9870967741935484,110.0,5.646261116942848,0.373233045378226
2,t0114_seed7755_no_autostop,7755,62,5912,1.0,60.23809523809524,4.994790836707479,0.17197288554344559
2,t0114_seed7755_no_autostop,7755,62,5921,0.2247043363994744,110.95238095238096,5.387728945624914,1.099647675380496
2,t0114_seed7755_no_autostop,7755,62,5924,0.5089430894308942,110.47619047619048,5.648916793919842,0.24112541420958356
2,t0114_seed7755_no_autostop,7755,62,5932,0.9870410367170627,109.52380952380953,5.454528778096492,0.4772643927441318
2,t0114_seed7755_no_autostop,7755,62,5933,0.9870410367170627,109.52380952380953,5.599780857229704,0.1011765298083749
2,t0114_seed7755_no_autostop,7755,62,5943,0.21989528795811522,110.95238095238096,5.416258918322566,0.3867334880727029
2,t0114_seed7755_no_autostop,7755,62,5944,0.21614583333333331,111.19047619047619,5.307765054262078,0.5646849768646826
2,t0114_seed7755_no_autostop,7755,62,5947,0.987012987012987,109.28571428571429,5.366211362393932,0.3158168288818563
0,t0115_seed9354_no_autostop,9354,1,0,0.049180327868852465,15.238095238095239,-3.3666525982191606,-3.340842691778496
3,t0115_seed9354_no_autostop,9354,1,1,0.004219409282700362,28.0952380952381,-0.9637876357367359,-0.044858723311343635
3,t0115_seed9354_no_autostop,9354,1,2,6.123233995736766e-17,19.761904761904763,-3.0515008827102594,-1.8777693895372543
0,t0115_seed9354_no_autostop,9354,1,3,6.123233995736766e-17,17.857142857142858,-3.152483732160919,-2.2893057517932376
3,t0115_seed9354_no_autostop,9354,1,4,6.123233995736766e-17,16.42857142857143,-3.6125930609960615,-1.293243294605829
0,t0115_seed9354_no_autostop,9354,1,5,6.123233995736766e-17,15.000000000000002,-2.372243008044784,-0.7928629659042585
0,t0115_seed9354_no_autostop,9354,1,6,6.123233995736766e-17,14.285714285714286,-1.9330794452214193,-1.5598210669210864
0,t0115_seed9354_no_autostop,9354,1,7,6.123233995736766e-17,12.142857142857144,-1.593338861559828,-0.25807911452482724
0,t0115_seed9354_no_autostop,9354,1,8,6.123233995736766e-17,7.142857142857143,-1.423305374751202,-3.0255418094523128
0,t0115_seed9354_no_autostop,9354,1,9,6.123233995736766e-17,5.0,-1.168351235009603,-2.188025036719215
0,t0115_seed9354_no_autostop,9354,1,10,6.123233995736766e-17,4.285714285714286,-3.888884766740876,-2.3677470310855897
0,t0115_seed9354_no_autostop,9354,1,11,6.123233995736766e-17,4.285714285714286,-2.98488061449547,-1.4459498258005996
0,t0115_seed9354_no_autostop,9354,1,12,6.123233995736766e-17,3.5714285714285716,-3.593504312350367,-0.8729710556097539
0,t0115_seed9354_no_autostop,9354,1,13,0.0,2.857142857142857,-2.994495198784117,-3.178884929537815
0,t0115_seed9354_no_autostop,9354,1,14,0.0,2.857142857142857,-3.0389252843318153,-3.4019257855479905
0,t0115_seed9354_no_autostop,9354,1,15,0.0,2.142857142857143,-2.48865211034375,-2.0888250722527073
3,t0115_seed9354_no_autostop,9354,1,16,0.0,1.4285714285714286,-2.044681654785523,-2.3026566599678477
0,t0115_seed9354_no_autostop,9354,1,17,0.0,1.1904761904761907,-0.6819421685138025,-0.7642760043021742
0,t0115_seed9354_no_autostop,9354,1,18,0.0,0.7142857142857143,-1.6515025240889376,-1.5232221318969883
0,t0115_seed9354_no_autostop,9354,1,19,0.0,0.7142857142857143,-2.2197753136784,-2.01391458738384
0,t0115_seed9354_no_autostop,9354,1,20,0.0,0.7142857142857143,-2.08310829939182,-2.6959501940515223
0,t0115_seed9354_no_autostop,9354,1,21,0.0,0.7142857142857143,-1.1618153541914533,-1.0749616262980648
0,t0115_seed9354_no_autostop,9354,1,22,0.0,0.7142857142857143,-2.153149864580786,-0.7725873656936552
0,t0115_seed9354_no_autostop,9354,1,23,0.0,0.7142857142857143,-3.097335799145381,-1.1319312727460034
0,t0115_seed9354_no_autostop,9354,1,24,0.0,0.7142857142857143,-3.083439980726158,-3.779446641966965
3,t0115_seed9354_no_autostop,9354,1,25,0.0,0.7142857142857143,-1.801098753236292,-2.5852024504996916
0,t0115_seed9354_no_autostop,9354,1,26,0.0,0.7142857142857143,-3.463796718187055,-3.680820506266428
0,t0115_seed9354_no_autostop,9354,1,27,0.0,0.7142857142857143,-0.6537256825867634,-4.647195175596258
0,t0115_seed9354_no_autostop,9354,1,28,0.0,0.7142857142857143,-5.47264608504951,-3.062212451941703
0,t0115_seed9354_no_autostop,9354,1,29,0.0,0.7142857142857143,-2.6373516402974797,-3.9793395729514476
0,t0115_seed9354_no_autostop,9354,1,30,0.0,0.7142857142857143,-0.7414196541496957,-2.6033060923649467
0,t0115_seed9354_no_autostop,9354,1,31,0.0,0.7142857142857143,-3.2188795539893786,-1.3369752757312787
0,t0115_seed9354_no_autostop,9354,1,32,0.0,0.7142857142857143,-2.338304138677113,-1.0674313767257548
0,t0115_seed9354_no_autostop,9354,1,33,0.0,0.7142857142857143,-0.6513787506406734,0.6185454942094935
0,t0115_seed9354_no_autostop,9354,1,34,0.0,0.7142857142857143,-1.103917540283745,-1.0471770795279627
0,t0115_seed9354_no_autostop,9354,1,35,0.0,0.7142857142857143,-3.242275202122315,-3.0106789204361095
0,t0115_seed9354_no_autostop,9354,1,36,0.0,0.7142857142857143,-1.7682683036639995,-1.0137641863105864
0,t0115_seed9354_no_autostop,9354,1,37,0.0,0.7142857142857143,-2.1517000807328444,-3.5708216631687715
0,t0115_seed9354_no_autostop,9354,1,38,0.0,0.7142857142857143,-1.3225907227238936,-1.9409388035436674
0,t0115_seed9354_no_autostop,9354,1,39,0.0,0.7142857142857143,-0.7949571982119662,-1.6361691525165873
0,t0115_seed9354_no_autostop,9354,1,40,0.0,0.7142857142857143,-0.10605092667153998,-1.6386383307478252
0,t0115_seed9354_no_autostop,9354,1,41,0.0,0.7142857142857143,-3.235221699040279,-1.5614378497492596
0,t0115_seed9354_no_autostop,9354,1,42,0.0,0.7142857142857143,-1.608040345528808,-3.4395605342758744
0,t0115_seed9354_no_autostop,9354,1,43,0.0,0.7142857142857143,-3.9465217334214664,-3.2340271269581797
0,t0115_seed9354_no_autostop,9354,1,44,0.0,0.7142857142857143,-3.3792541582719267,-1.5139858876934673
0,t0115_seed9354_no_autostop,9354,1,45,0.0,0.7142857142857143,-1.7845477473223788,-0.4802940423682038
0,t0115_seed9354_no_autostop,9354,1,46,0.0,0.7142857142857143,-3.0463670276519723,-1.7277093699115451
0,t0115_seed9354_no_autostop,9354,1,47,0.0,0.7142857142857143,-3.5297015281872133,-0.6843137991831524
0,t0115_seed9354_no_autostop,9354,1,48,0.0,0.7142857142857143,-1.1351799704502121,-2.499755966494943
3,t0115_seed9354_no_autostop,9354,1,49,0.0,0.7142857142857143,-1.5596661957280167,-2.5373969310601914
0,t0115_seed9354_no_autostop,9354,1,50,0.0,0.7142857142857143,-1.3783164963833563,-3.1130581894187506
0,t0115_seed9354_no_autostop,9354,1,51,0.0,0.7142857142857143,-3.5932511520144907,-2.8119350009421744
0,t0115_seed9354_no_autostop,9354,1,52,0.0,0.7142857142857143,-1.9350866785846423,-0.4338950112235782
0,t0115_seed9354_no_autostop,9354,1,53,0.0,0.7142857142857143,-2.0968827500487053,-2.249067977265577
0,t0115_seed9354_no_autostop,9354,1,54,0.0,0.7142857142857143,-0.37005364891388665,-2.5364236707430696
0,t0115_seed9354_no_autostop,9354,1,55,0.0,0.7142857142857143,-2.60067906679188,-0.9084409853778325
0,t0115_seed9354_no_autostop,9354,1,56,0.0,0.7142857142857143,-0.8783278814424744,-1.2578318098921184
0,t0115_seed9354_no_autostop,9354,1,57,0.0,0.7142857142857143,-2.758271918326731,-2.0327434343105204
0,t0115_seed9354_no_autostop,9354,1,58,0.0,0.7142857142857143,-2.673744797228839,-2.775003594158507
0,t0115_seed9354_no_autostop,9354,1,59,0.0,0.7142857142857143,-1.2442166955703382,-1.6049790206788672
0,t0115_seed9354_no_autostop,9354,1,60,0.0,0.7142857142857143,-3.861068076799242,-1.2730420767033204
0,t0115_seed9354_no_autostop,9354,1,61,0.0,0.7142857142857143,-0.9097784544465239,-0.8050793211931113
0,t0115_seed9354_no_autostop,9354,1,62,0.0,0.7142857142857143,-1.783309453040035,-2.5048811234516952
0,t0115_seed9354_no_autostop,9354,1,63,0.0,0.7142857142857143,-3.0053939537366405,-2.5500106953281008
0,t0115_seed9354_no_autostop,9354,1,64,0.0,0.7142857142857143,-2.888214377815245,-0.91771406001468
0,t0115_seed9354_no_autostop,9354,1,65,0.0,0.7142857142857143,-1.0117645776874387,-2.4694812775704595
0,t0115_seed9354_no_autostop,9354,1,66,0.0,0.7142857142857143,-0.26715838940061815,-2.0314804741642316
0,t0115_seed9354_no_autostop,9354,1,67,0.0,0.7142857142857143,-1.437665848222791,-1.5985342571472883
0,t0115_seed9354_no_autostop,9354,1,68,0.0,0.7142857142857143,-3.8988610040841234,-4.181333189795263
0,t0115_seed9354_no_autostop,9354,1,69,0.0,0.7142857142857143,-2.1116349792007134,-1.632578712496139
0,t0115_seed9354_no_autostop,9354,1,70,0.0,0.7142857142857143,-1.061873164981729,-1.6282415310194045
0,t0115_seed9354_no_autostop,9354,1,71,0.0,0.7142857142857143,-1.7430542160635896,-1.5375138548410134
0,t0115_seed9354_no_autostop,9354,1,72,0.0,0.7142857142857143,-1.7993387142796438,-2.026480020521529
0,t0115_seed9354_no_autostop,9354,1,73,0.0,0.7142857142857143,-1.9665508983411368,-4.247959884197214
0,t0115_seed9354_no_autostop,9354,1,74,0.0,0.7142857142857143,-2.6196302558181226,-3.4905421510477304
0,t0115_seed9354_no_autostop,9354,1,75,0.0,0.7142857142857143,-3.2834876193169933,-1.9571366605044478
0,t0115_seed9354_no_autostop,9354,1,76,0.0,0.7142857142857143,-3.4618187208499704,0.3531974205106732
0,t0115_seed9354_no_autostop,9354,1,77,0.0,0.7142857142857143,-1.1321619896586501,-3.581061893103453
0,t0115_seed9354_no_autostop,9354,1,78,0.0,0.7142857142857143,-1.0914630630816804,-0.6021767955794944
0,t0115_seed9354_no_autostop,9354,1,79,0.0,0.7142857142857143,-1.6738898268371392,-0.7339999933073177
0,t0115_seed9354_no_autostop,9354,1,80,0.0,0.7142857142857143,-2.3455602920481113,-2.065560747411173
0,t0115_seed9354_no_autostop,9354,1,81,0.0,0.0,-1.156091545480789,-1.5374149484550215
0,t0115_seed9354_no_autostop,9354,1,82,0.0,0.0,-1.992877388230137,0.06605418725030382
0,t0115_seed9354_no_autostop,9354,1,83,0.0,0.0,-4.4217837243596305,-0.5426916431149232
3,t0115_seed9354_no_autostop,9354,1,84,0.0,0.0,-0.9039417584615933,0.32996174150479385
0,t0115_seed9354_no_autostop,9354,1,85,0.0,0.0,-2.8384697033769255,-1.9691391437068095
0,t0115_seed9354_no_autostop,9354,1,86,0.0,0.0,-3.4730005430876796,-1.4138405148520141
0,t0115_seed9354_no_autostop,9354,1,87,0.0,0.0,0.13469579316114041,-1.7919492395240335
0,t0115_seed9354_no_autostop,9354,1,88,0.0,0.0,-1.4221165888549732,-2.4061244349450956
0,t0115_seed9354_no_autostop,9354,1,89,0.0,0.0,-1.615932170477914,-2.398961715956378
0,t0115_seed9354_no_autostop,9354,1,90,0.0,0.0,-0.9254108209202155,-2.6262094306132773
0,t0115_seed9354_no_autostop,9354,1,91,0.0,0.0,0.138005925339881,-1.5125908069263028
0,t0115_seed9354_no_autostop,9354,1,92,0.0,0.0,-0.9498312589276654,-0.17685035225154208
0,t0115_seed9354_no_autostop,9354,1,93,0.0,0.0,-1.9074032976521762,-2.159331757607984
0,t0115_seed9354_no_autostop,9354,1,94,0.0,0.0,-1.939616918572958,0.363653667115708
0,t0115_seed9354_no_autostop,9354,1,95,0.0,0.0,-0.05295789369108487,-1.4476406150016885
3,t0115_seed9354_no_autostop,9354,2,98,6.123233995736766e-17,31.42857142857143,-0.4292561849626914,-0.3052108775421268
0,t0115_seed9354_no_autostop,9354,2,99,0.047619047619047575,5.238095238095238,-2.931363826802309,-2.0676030780743764
3,t0115_seed9354_no_autostop,9354,2,100,6.123233995736766e-17,26.42857142857143,-2.2935806720081255,-0.8302827433127838
3,t0115_seed9354_no_autostop,9354,2,101,6.123233995736766e-17,23.571428571428573,-1.7563039225130643,-0.10134155711949257
0,t0115_seed9354_no_autostop,9354,2,104,6.123233995736766e-17,17.142857142857142,-2.3641537370424706,-2.631765161346797
0,t0115_seed9354_no_autostop,9354,2,106,6.123233995736766e-17,16.42857142857143,-2.175379350832992,-2.10822077466801
0,t0115_seed9354_no_autostop,9354,2,107,6.123233995736766e-17,15.714285714285715,-3.152569441838072,-2.4565993264745183
0,t0115_seed9354_no_autostop,9354,2,110,6.123233995736766e-17,14.285714285714286,-2.599777374022749,-0.6315882309998487
0,t0115_seed9354_no_autostop,9354,2,111,6.123233995736766e-17,13.571428571428573,-2.7333622561435043,-1.435083904727082
3,t0115_seed9354_no_autostop,9354,2,113,6.123233995736766e-17,11.428571428571429,-3.5039990609836447,-1.1232061284673145
0,t0115_seed9354_no_autostop,9354,2,114,6.123233995736766e-17,10.0,-1.3088513622452949,-3.4222655924764247
0,t0115_seed9354_no_autostop,9354,2,115,6.123233995736766e-17,7.857142857142858,-2.154159052576861,-2.1309459665628316
3,t0115_seed9354_no_autostop,9354,2,116,6.123233995736766e-17,7.857142857142858,-1.9953477475706531,1.577001750894273
0,t0115_seed9354_no_autostop,9354,2,118,6.123233995736766e-17,7.142857142857143,-1.8017832134696132,-3.156255243872364
0,t0115_seed9354_no_autostop,9354,2,122,6.123233995736766e-17,4.285714285714286,-3.056150012397427,-1.9181594573025118
0,t0115_seed9354_no_autostop,9354,2,123,6.123233995736766e-17,4.285714285714286,-2.555596164385474,-2.511873588014087
0,t0115_seed9354_no_autostop,9354,2,125,6.123233995736766e-17,3.5714285714285716,-2.9843967801120574,-3.5540801996507687
0,t0115_seed9354_no_autostop,9354,2,128,0.0,2.857142857142857,-3.2708197165915927,-1.654318597721424
0,t0115_seed9354_no_autostop,9354,2,129,0.0,2.857142857142857,-1.9281121434480755,-1.3009379004180532
0,t0115_seed9354_no_autostop,9354,2,130,0.0,2.857142857142857,-3.016609652144987,-3.128384667286825
0,t0115_seed9354_no_autostop,9354,2,132,0.0,2.142857142857143,-3.336754786507565,-4.543332636537601
0,t0115_seed9354_no_autostop,9354,2,133,0.0,2.142857142857143,-3.170663251374023,-0.8984612234860888
0,t0115_seed9354_no_autostop,9354,2,136,0.0,1.1904761904761907,-2.383957454599231,-0.5084249763570319
3,t0115_seed9354_no_autostop,9354,2,137,0.0,0.9523809523809524,-1.594344628932082,-1.9865837806068825
0,t0115_seed9354_no_autostop,9354,2,138,0.0,0.7142857142857143,-1.1158968471389044,-3.749947846757804
0,t0115_seed9354_no_autostop,9354,2,140,0.0,0.7142857142857143,-1.4785171378596935,-0.5206165242329105
0,t0115_seed9354_no_autostop,9354,2,142,0.0,0.7142857142857143,-1.1128946130556352,-1.924489478081767
0,t0115_seed9354_no_autostop,9354,2,143,0.0,0.7142857142857143,-1.6313205440140417,-1.4737846520955311
0,t0115_seed9354_no_autostop,9354,2,145,0.0,0.7142857142857143,-4.109707614614954,-1.879227490138456
0,t0115_seed9354_no_autostop,9354,2,146,0.0,0.7142857142857143,-2.542978529104694,-1.936280016740129
0,t0115_seed9354_no_autostop,9354,2,147,0.0,0.7142857142857143,-3.7522825878034505,-2.8473750248754275
0,t0115_seed9354_no_autostop,9354,2,149,0.0,0.7142857142857143,-3.640759484395088,-3.7900350076026563
0,t0115_seed9354_no_autostop,9354,2,150,0.0,0.7142857142857143,-1.3162530686314236,-1.1045417251469838
0,t0115_seed9354_no_autostop,9354,2,151,0.0,0.7142857142857143,-0.9035977574648674,-1.3894271439460681
0,t0115_seed9354_no_autostop,9354,2,152,0.0,0.7142857142857143,-2.801571545486699,-0.8241322392279302
0,t0115_seed9354_no_autostop,9354,2,153,0.0,0.7142857142857143,-1.7709371329644665,-1.3650374687440099
0,t0115_seed9354_no_autostop,9354,2,154,0.0,0.7142857142857143,-3.691726684586054,-1.8275911137901402
0,t0115_seed9354_no_autostop,9354,2,156,0.0,0.7142857142857143,-1.3945186509882195,-1.7328784713664993
0,t0115_seed9354_no_autostop,9354,2,159,0.0,0.7142857142857143,-2.463652636553611,-2.070560904771839
0,t0115_seed9354_no_autostop,9354,2,160,0.0,0.7142857142857143,-1.8077939144446913,-2.7797449548288005
0,t0115_seed9354_no_autostop,9354,2,161,0.0,0.7142857142857143,-2.0911967406887584,-3.2978306866912757
0,t0115_seed9354_no_autostop,9354,2,162,0.0,0.7142857142857143,-1.9361705708421857,-0.3701852566710518
0,t0115_seed9354_no_autostop,9354,2,166,0.0,0.7142857142857143,-2.9404914816535763,-3.6107090523617624
0,t0115_seed9354_no_autostop,9354,2,170,0.0,0.7142857142857143,-1.7487786448473668,-3.5489930481559067
0,t0115_seed9354_no_autostop,9354,2,171,0.0,0.7142857142857143,-2.274777660250119,-2.6607322915581775
0,t0115_seed9354_no_autostop,9354,2,172,0.0,0.7142857142857143,-2.1524899215311004,-2.835594440559542
0,t0115_seed9354_no_autostop,9354,2,175,0.0,0.7142857142857143,-2.064221948213455,-1.9858479138106302
0,t0115_seed9354_no_autostop,9354,2,178,0.0,0.7142857142857143,-3.002347640246327,-3.7399538681565363
0,t0115_seed9354_no_autostop,9354,2,180,0.0,0.7142857142857143,-0.4475198884118914,-0.9885412455445786
0,t0115_seed9354_no_autostop,9354,2,183,0.0,0.7142857142857143,-0.6746159965327344,-3.264166996171701
0,t0115_seed9354_no_autostop,9354,2,185,0.0,0.7142857142857143,-0.24560291606945162,1.2354054635391822
0,t0115_seed9354_no_autostop,9354,2,190,0.0,0.7142857142857143,-4.035489307035947,-1.8046722002898068
0,t0115_seed9354_no_autostop,9354,2,191,0.0,0.7142857142857143,-3.0743701060169393,-3.152881840169962
3,t0115_seed9354_no_autostop,9354,3,194,0.0041493775933610245,28.809523809523814,-1.6388757604057018,-1.3626458469741352
3,t0115_seed9354_no_autostop,9354,3,195,0.11538461538461534,6.904761904761905,-2.0052984566552174,2.0614148427448944
3,t0115_seed9354_no_autostop,9354,3,196,6.123233995736766e-17,48.57142857142858,-3.4974845355177955,-3.1404253564652813
0,t0115_seed9354_no_autostop,9354,3,197,0.03759398496240605,15.238095238095239,-3.154756275182384,-0.7043770620777293
0,t0115_seed9354_no_autostop,9354,3,198,0.06976744186046512,5.476190476190477,-1.6897463921830285,-2.51006568267564
3,t0115_seed9354_no_autostop,9354,3,199,6.123233995736766e-17,40.714285714285715,-3.285521068018294,-1.0674735030455917
3,t0115_seed9354_no_autostop,9354,3,200,0.010526315789473703,11.190476190476192,-2.3642554653395034,-1.4975839475755968
3,t0115_seed9354_no_autostop,9354,3,202,6.123233995736766e-17,32.142857142857146,-1.5887163625275944,1.379712990994035
3,t0115_seed9354_no_autostop,9354,3,204,6.123233995736766e-17,31.42857142857143,-1.0335115648834459,-0.19948250706388448
0,t0115_seed9354_no_autostop,9354,3,207,6.123233995736766e-17,22.142857142857146,-3.1706977920336197,-1.0818578438573896
0,t0115_seed9354_no_autostop,9354,3,208,6.123233995736766e-17,21.42857142857143,-2.1482743950432632,-1.79798809072404
0,t0115_seed9354_no_autostop,9354,3,209,6.123233995736766e-17,20.0,-3.2847052245330524,-1.7275526045364005
0,t0115_seed9354_no_autostop,9354,3,212,6.123233995736766e-17,17.857142857142858,-2.817381401505924,-2.7404947086277978
0,t0115_seed9354_no_autostop,9354,3,217,6.123233995736766e-17,15.714285714285715,-0.6187671166198269,-1.3379025182052793
0,t0115_seed9354_no_autostop,9354,3,218,6.123233995736766e-17,15.714285714285715,-2.7271397884970523,-0.9718547889609808
0,t0115_seed9354_no_autostop,9354,3,220,6.123233995736766e-17,15.000000000000002,-1.3247820443948632,-1.7790557237427744
0,t0115_seed9354_no_autostop,9354,3,221,6.123233995736766e-17,15.000000000000002,-2.7041565385752753,-2.352239630017301
0,t0115_seed9354_no_autostop,9354,3,224,6.123233995736766e-17,14.285714285714286,-2.9834426440762916,-1.8356939303293411
0,t0115_seed9354_no_autostop,9354,3,226,6.123233995736766e-17,12.857142857142858,-2.6122356979565247,-0.10100027112960032
0,t0115_seed9354_no_autostop,9354,3,228,6.123233995736766e-17,12.142857142857144,-3.3180563753569445,-2.4476295463847118
0,t0115_seed9354_no_autostop,9354,3,229,6.123233995736766e-17,12.142857142857144,-2.7295180823674774,-3.8620111844031886
0,t0115_seed9354_no_autostop,9354,3,232,6.123233995736766e-17,9.285714285714286,-2.5821012228559947,-3.4414510748395957
0,t0115_seed9354_no_autostop,9354,3,233,6.123233995736766e-17,8.571428571428571,-2.7055676469568963,-3.1057325254917734
0,t0115_seed9354_no_autostop,9354,3,238,6.123233995736766e-17,7.142857142857143,-1.782451589280756,-4.7585422826860695
0,t0115_seed9354_no_autostop,9354,3,239,6.123233995736766e-17,5.714285714285714,-2.7263286009268706,-1.343308541835043
0,t0115_seed9354_no_autostop,9354,3,241,6.123233995736766e-17,5.0,-3.0730975339537494,-0.30555905522590865
0,t0115_seed9354_no_autostop,9354,3,242,6.123233995736766e-17,5.0,-2.30953436310925,-2.5236278519724293
0,t0115_seed9354_no_autostop,9354,3,243,6.123233995736766e-17,5.0,-1.6431347153952713,-1.8236588874260127
3,t0115_seed9354_no_autostop,9354,3,244,6.123233995736766e-17,5.0,-1.2134970307560355,-0.5720033957875672
0,t0115_seed9354_no_autostop,9354,3,249,6.123233995736766e-17,4.285714285714286,-1.7756242718925668,-3.3956418285279795
0,t0115_seed9354_no_autostop,9354,3,250,6.123233995736766e-17,4.285714285714286,-2.8837828084747565,-1.7598295991748791
0,t0115_seed9354_no_autostop,9354,3,251,6.123233995736766e-17,4.285714285714286,-4.058445427743076,-2.5703345750513096
0,t0115_seed9354_no_autostop,9354,3,252,6.123233995736766e-17,4.285714285714286,-1.7237294341904206,-1.667328071791458
0,t0115_seed9354_no_autostop,9354,3,253,6.123233995736766e-17,4.285714285714286,-0.12032490949627657,-1.907933117238956
0,t0115_seed9354_no_autostop,9354,3,254,6.123233995736766e-17,4.285714285714286,-1.43974979234914,-1.931148503647923
0,t0115_seed9354_no_autostop,9354,3,255,6.123233995736766e-17,4.285714285714286,-1.422517651190013,-1.0952250615205048
0,t0115_seed9354_no_autostop,9354,3,258,6.123233995736766e-17,3.5714285714285716,-1.9220302985174562,-2.0545989851265714
0,t0115_seed9354_no_autostop,9354,3,264,0.0,2.857142857142857,-2.8391622480096412,-2.372390786719707
0,t0115_seed9354_no_autostop,9354,3,265,0.0,2.857142857142857,-2.7082669697628687,-4.371512254035562
0,t0115_seed9354_no_autostop,9354,3,266,0.0,2.857142857142857,-3.846802196711342,-2.23249322613947
0,t0115_seed9354_no_autostop,9354,3,271,0.0,1.4285714285714286,-0.956966721631626,-0.4737177348610459
0,t0115_seed9354_no_autostop,9354,3,272,0.0,1.4285714285714286,-2.1505888692075845,-1.2462828496609586
0,t0115_seed9354_no_autostop,9354,3,276,0.0,0.7142857142857143,-4.519092192842499,-2.429621559836684
0,t0115_seed9354_no_autostop,9354,3,277,0.0,0.7142857142857143,-2.3959400160137925,-0.5962974655606387
0,t0115_seed9354_no_autostop,9354,3,278,0.0,0.7142857142857143,-2.3035427368478545,-1.805117237394722
0,t0115_seed9354_no_autostop,9354,3,279,0.0,0.7142857142857143,-1.7473739885637314,-2.077726140589679
0,t0115_seed9354_no_autostop,9354,3,281,0.0,0.7142857142857143,-3.535448618843219,-2.851937469239549
0,t0115_seed9354_no_autostop,9354,3,282,0.0,0.7142857142857143,-0.8916106724528006,-2.37867698117888
0,t0115_seed9354_no_autostop,9354,3,283,0.0,0.7142857142857143,-2.3464928777462606,0.1284489453296161
0,t0115_seed9354_no_autostop,9354,3,285,0.0,0.7142857142857143,-0.796875719727898,-1.9115864607729989
3,t0115_seed9354_no_autostop,9354,4,293,0.013333333333333334,27.142857142857146,-0.9042610126536552,-2.5852610547794574
0,t0115_seed9354_no_autostop,9354,4,296,0.06666666666666667,5.714285714285714,-1.1660632680314689,-2.1570959051720515
3,t0115_seed9354_no_autostop,9354,4,298,0.010638297872340444,22.61904761904762,-0.9154418489589772,-1.7173651984501
3,t0115_seed9354_no_autostop,9354,4,300,6.123233995736766e-17,39.285714285714285,-0.41397035184897296,0.4816072593799888
0,t0115_seed9354_no_autostop,9354,4,302,0.008547008547008609,14.04761904761905,-2.704730911939651,-2.5583842845856783
3,t0115_seed9354_no_autostop,9354,4,303,0.009523809523809592,12.380952380952381,-2.791678602200476,-1.4686195261944435
3,t0115_seed9354_no_autostop,9354,4,304,0.010101010101010173,11.666666666666666,-2.3754066393682893,-0.9236765215252573
0,t0115_seed9354_no_autostop,9354,4,305,0.00740740740740746,15.952380952380953,-2.1937818289208364,-1.2345589822332692
0,t0115_seed9354_no_autostop,9354,4,306,0.04347826086956524,5.238095238095238,-3.31094577202476,-2.229845987047399
3,t0115_seed9354_no_autostop,9354,4,307,6.123233995736766e-17,35.714285714285715,-2.076705318966624,-1.1587930535209976
0,t0115_seed9354_no_autostop,9354,4,308,0.027027027027027004,4.523809523809524,-1.5981966108586698,-2.1200261114608234
3,t0115_seed9354_no_autostop,9354,4,309,6.123233995736766e-17,34.285714285714285,-2.998551292966952,-1.0020773866985535
3,t0115_seed9354_no_autostop,9354,4,310,6.123233995736766e-17,33.57142857142858,-3.3798283964933487,-1.4946642387276574
3,t0115_seed9354_no_autostop,9354,4,311,6.123233995736766e-17,32.85714285714286,-1.3522666263226442,-0.19880140804553367
3,t0115_seed9354_no_autostop,9354,4,313,6.123233995736766e-17,32.142857142857146,-1.2975610985467372,0.7754749845157648
0,t0115_seed9354_no_autostop,9354,4,316,6.123233995736766e-17,31.42857142857143,-2.59096139369436,-0.5376328471322834
3,t0115_seed9354_no_autostop,9354,4,317,6.123233995736766e-17,31.42857142857143,-0.7190868634327912,0.3022745911247001
3,t0115_seed9354_no_autostop,9354,4,318,6.123233995736766e-17,30.714285714285715,-2.2130725346377518,0.9828827223205265
3,t0115_seed9354_no_autostop,9354,4,321,6.123233995736766e-17,23.571428571428573,-2.0026046755937013,-1.3237606381735187
3,t0115_seed9354_no_autostop,9354,4,322,6.123233995736766e-17,23.571428571428573,-2.955464390738865,-1.601211527259915
0,t0115_seed9354_no_autostop,9354,4,324,6.123233995736766e-17,22.142857142857146,-2.630669743862563,-0.7112115131811373
3,t0115_seed9354_no_autostop,9354,4,326,6.123233995736766e-17,21.42857142857143,-0.9582414548159481,-0.04305217144139483
3,t0115_seed9354_no_autostop,9354,4,327,6.123233995736766e-17,20.714285714285715,-2.5248641343503038,-0.1555700436364071
0,t0115_seed9354_no_autostop,9354,4,329,6.123233995736766e-17,20.0,-3.319397424835589,-2.767118767309116
3,t0115_seed9354_no_autostop,9354,4,331,6.123233995736766e-17,19.28571428571429,-2.48771958126836,-1.0031442069369547
0,t0115_seed9354_no_autostop,9354,4,332,6.123233995736766e-17,18.571428571428573,-2.1322178962685983,-1.3781606161543352
3,t0115_seed9354_no_autostop,9354,4,333,6.123233995736766e-17,18.571428571428573,-3.8372507728206218,-2.2590333584725735
0,t0115_seed9354_no_autostop,9354,4,334,6.123233995736766e-17,18.571428571428573,-2.2498528399577937,0.4402501132304766
0,t0115_seed9354_no_autostop,9354,4,337,6.123233995736766e-17,17.857142857142858,-2.2038765491868078,-2.4415266190476896
0,t0115_seed9354_no_autostop,9354,4,338,6.123233995736766e-17,17.857142857142858,-2.9613611480456736,-2.5976961576336035
0,t0115_seed9354_no_autostop,9354,4,340,6.123233995736766e-17,17.142857142857142,-2.9760968241149297,-3.06968419673039
0,t0115_seed9354_no_autostop,9354,4,341,6.123233995736766e-17,17.142857142857142,-2.675793015096825,-0.7882527565005253
0,t0115_seed9354_no_autostop,9354,4,344,6.123233995736766e-17,16.42857142857143,-2.2190740261010213,-2.7751578410803903
3,t0115_seed9354_no_autostop,9354,4,345,6.123233995736766e-17,16.42857142857143,-3.0242686923911655,-2.2282124716169007
0,t0115_seed9354_no_autostop,9354,4,346,6.123233995736766e-17,16.42857142857143,-2.7790017054639584,-1.8593943085757756
0,t0115_seed9354_no_autostop,9354,4,350,6.123233995736766e-17,15.714285714285715,-2.5603418115473633,-2.024359398727662
0,t0115_seed9354_no_autostop,9354,4,351,6.123233995736766e-17,15.714285714285715,-1.0151375882602767,-1.1378083291761414
0,t0115_seed9354_no_autostop,9354,4,352,6.123233995736766e-17,15.714285714285715,-2.9082521630275564,-0.36161602744626525
0,t0115_seed9354_no_autostop,9354,4,356,6.123233995736766e-17,15.000000000000002,-3.8384827949220033,-1.7375935034877694
0,t0115_seed9354_no_autostop,9354,4,360,6.123233995736766e-17,14.285714285714286,-2.0785292545963117,-1.8901557714457944
0,t0115_seed9354_no_autostop,9354,4,362,6.123233995736766e-17,13.571428571428573,-2.7177968326687036,-2.240584680305386
0,t0115_seed9354_no_autostop,9354,4,364,6.123233995736766e-17,12.857142857142858,-2.648449762196413,-1.99018628567326
0,t0115_seed9354_no_autostop,9354,4,365,6.123233995736766e-17,12.857142857142858,-1.8206703140485856,-1.562356416103541
0,t0115_seed9354_no_autostop,9354,4,366,6.123233995736766e-17,12.857142857142858,-2.3497450106666324,-0.3660831876792497
0,t0115_seed9354_no_autostop,9354,4,370,6.123233995736766e-17,12.142857142857144,-3.632016476740598,-0.3756779318061631
0,t0115_seed9354_no_autostop,9354,4,372,6.123233995736766e-17,11.428571428571429,-2.2965349054749975,-2.111058511001867
0,t0115_seed9354_no_autostop,9354,4,373,6.123233995736766e-17,10.714285714285715,-2.667264462867041,-0.9955001097303187
0,t0115_seed9354_no_autostop,9354,4,374,6.123233995736766e-17,10.714285714285715,-1.562227479302824,-0.8201459380664683
0,t0115_seed9354_no_autostop,9354,4,375,6.123233995736766e-17,10.714285714285715,-2.6677174111268105,-2.4149693066306015
0,t0115_seed9354_no_autostop,9354,4,377,6.123233995736766e-17,10.0,-2.592111833641452,-3.3507872980592
0,t0115_seed9354_no_autostop,9354,4,382,6.123233995736766e-17,7.857142857142858,-2.7617092858484176,-1.5575064027499952
3,t0115_seed9354_no_autostop,9354,5,387,0.08695652173913043,15.000000000000002,-2.946968600438477,1.1796421242084119
3,t0115_seed9354_no_autostop,9354,5,388,0.01519756838905773,38.57142857142858,-2.8388089357042023,-1.713889390118657
0,t0115_seed9354_no_autostop,9354,5,389,0.017543859649122806,20.714285714285715,-2.846694818458018,-2.552892978260769
3,t0115_seed9354_no_autostop,9354,5,395,0.0068965517241379075,34.285714285714285,-1.4085743981996384,0.45978304349368987
3,t0115_seed9354_no_autostop,9354,5,396,0.012048192771084338,30.000000000000004,-1.5457085004509379,-1.388271413584342
3,t0115_seed9354_no_autostop,9354,5,397,0.0031948881789137604,37.38095238095239,-2.8019113824970456,-0.9793356299637158
0,t0115_seed9354_no_autostop,9354,5,398,0.017543859649122744,6.666666666666668,-1.9414599420753755,-2.109041313541212
0,t0115_seed9354_no_autostop,9354,5,404,0.00884955752212386,27.142857142857146,-2.964085873127032,0.01729187713434163
3,t0115_seed9354_no_autostop,9354,5,405,6.123233995736766e-17,38.57142857142858,-3.4428075206484903,-0.3546408023213222
0,t0115_seed9354_no_autostop,9354,5,411,0.00740740740740746,16.190476190476193,-2.955587555330199,-0.6234080750730185
3,t0115_seed9354_no_autostop,9354,5,412,0.0062111801242235795,19.04761904761905,-3.105922005009288,-0.4983279903548891
0,t0115_seed9354_no_autostop,9354,5,413,0.007633587786259514,15.714285714285715,-1.2333157763784428,-1.2128352590412148
3,t0115_seed9354_no_autostop,9354,5,414,0.006060606060606104,19.523809523809526,-2.9061175142344338,-1.768796241033115
3,t0115_seed9354_no_autostop,9354,5,415,6.123233995736766e-17,37.85714285714286,-1.6357677903188057,-0.45703726561211533
3,t0115_seed9354_no_autostop,9354,5,419,6.123233995736766e-17,35.714285714285715,-1.2497365081337857,1.0068894722821953
0,t0115_seed9354_no_autostop,9354,5,421,6.123233995736766e-17,34.285714285714285,-3.2174675353775277,-3.8263760455612745
3,t0115_seed9354_no_autostop,9354,5,423,6.123233995736766e-17,33.57142857142858,-1.94748261946124,0.24868431274900657
3,t0115_seed9354_no_autostop,9354,5,425,6.123233995736766e-17,32.85714285714286,-2.0201475121681116,0.6351184500855772
0,t0115_seed9354_no_autostop,9354,5,426,6.123233995736766e-17,32.85714285714286,-1.4390392617446177,-1.9594075850870771
3,t0115_seed9354_no_autostop,9354,5,429,6.123233995736766e-17,32.142857142857146,-2.4837511172163587,-1.9515483543068675
3,t0115_seed9354_no_autostop,9354,5,430,6.123233995736766e-17,32.142857142857146,-2.5068138405168345,-0.21228712946761802
3,t0115_seed9354_no_autostop,9354,5,435,6.123233995736766e-17,31.42857142857143,-0.5789530127806148,0.14645338881340622
3,t0115_seed9354_no_autostop,9354,5,436,6.123233995736766e-17,31.42857142857143,-1.3934298554531663,0.15797488386617559
3,t0115_seed9354_no_autostop,9354,5,438,6.123233995736766e-17,30.000000000000004,-2.3064661213040467,1.2509536451462517
0,t0115_seed9354_no_autostop,9354,5,439,6.123233995736766e-17,27.857142857142858,-1.7881316184678715,-3.1743279199079386
3,t0115_seed9354_no_autostop,9354,5,440,6.123233995736766e-17,27.857142857142858,-3.280560028340289,-0.8759363660006367
3,t0115_seed9354_no_autostop,9354,5,441,6.123233995736766e-17,27.142857142857146,-0.9781329794376283,-1.0745409499615055
0,t0115_seed9354_no_autostop,9354,5,443,6.123233995736766e-17,26.42857142857143,-2.7077425873922922,-0.7753326897208541
0,t0115_seed9354_no_autostop,9354,5,444,6.123233995736766e-17,26.42857142857143,-3.2793567601251965,-1.0327818871054364
3,t0115_seed9354_no_autostop,9354,5,445,6.123233995736766e-17,25.0,-1.7891276923192263,-1.1691897579100354
3,t0115_seed9354_no_autostop,9354,5,446,6.123233995736766e-17,24.28571428571429,-3.052417846257759,-1.5710269301903987
0,t0115_seed9354_no_autostop,9354,5,447,6.123233995736766e-17,24.28571428571429,-1.2637906258174878,-0.5178137971657989
0,t0115_seed9354_no_autostop,9354,5,451,6.123233995736766e-17,23.571428571428573,-2.8020442196472444,-1.6397537920383987
0,t0115_seed9354_no_autostop,9354,5,452,6.123233995736766e-17,23.571428571428573,-2.6232522750423843,-2.5674553684721015
3,t0115_seed9354_no_autostop,9354,5,453,6.123233995736766e-17,23.571428571428573,-1.6620511967810025,-0.36602933431485724
3,t0115_seed9354_no_autostop,9354,5,454,6.123233995736766e-17,22.857142857142858,-3.3870916402453775,-0.5506801095662437
3,t0115_seed9354_no_autostop,9354,5,459,6.123233995736766e-17,21.42857142857143,-2.97954053602645,-0.5015872153669851
3,t0115_seed9354_no_autostop,9354,5,460,6.123233995736766e-17,21.42857142857143,-0.9890799514868198,-0.5673092882646092
3,t0115_seed9354_no_autostop,9354,5,462,6.123233995736766e-17,20.714285714285715,-2.047315121349246,0.30439494414851936
0,t0115_seed9354_no_autostop,9354,5,463,6.123233995736766e-17,20.714285714285715,-3.111534306858986,-1.708067361898083
0,t0115_seed9354_no_autostop,9354,5,464,6.123233995736766e-17,20.714285714285715,-0.9210784690987136,0.349313066340051
0,t0115_seed9354_no_autostop,9354,5,469,6.123233995736766e-17,19.28571428571429,-2.924729826586427,-0.6225940286098656
0,t0115_seed9354_no_autostop,9354,5,470,6.123233995736766e-17,19.28571428571429,-4.01144643904029,-3.508011556076954
0,t0115_seed9354_no_autostop,9354,5,474,6.123233995736766e-17,18.571428571428573,-2.40152811522797,-1.5187182303921611
0,t0115_seed9354_no_autostop,9354,5,477,6.123233995736766e-17,17.857142857142858,-3.27359675573204,-1.3663285152086984
3,t0115_seed9354_no_autostop,9354,5,478,6.123233995736766e-17,17.857142857142858,-1.9136699338014476,-2.420676780385567
0,t0115_seed9354_no_autostop,9354,5,479,6.123233995736766e-17,17.857142857142858,-2.281157673949777,-2.3394991919726587
3,t0115_seed9354_no_autostop,9354,6,484,0.03349282296650721,25.714285714285715,-1.1306375806028708,0.3643529556356795
3,t0115_seed9354_no_autostop,9354,6,485,0.011235955056179796,41.904761904761905,-3.3616901720189225,-1.2857447789033034
0,t0115_seed9354_no_autostop,9354,6,486,0.45000000000000007,6.904761904761905,-3.066224277690941,-3.180895588270801
3,t0115_seed9354_no_autostop,9354,6,488,6.123233995736766e-17,47.85714285714286,-1.033432534386091,-0.34283407335683524
3,t0115_seed9354_no_autostop,9354,6,489,0.057692307692307696,11.666666666666666,-3.3989440115643093,-1.4674120402411965
3,t0115_seed9354_no_autostop,9354,6,493,0.014354066985645932,25.23809523809524,-2.3131341967720247,0.5093403980003924
3,t0115_seed9354_no_autostop,9354,6,494,0.008849557522123894,40.714285714285715,-1.2258177640588654,0.11632834799436739
3,t0115_seed9354_no_autostop,9354,6,496,6.123233995736766e-17,45.714285714285715,-3.3850096700097234,-0.5872671388525557
3,t0115_seed9354_no_autostop,9354,6,497,0.024390243902439,10.0,-2.2879915250734255,-0.28300573138393015
3,t0115_seed9354_no_autostop,9354,6,499,0.013157894736842127,18.333333333333336,-1.8712993183818771,-1.2168497476537714
3,t0115_seed9354_no_autostop,9354,6,500,0.009708737864077636,24.28571428571429,-2.185128546095772,-0.8488580301533324
3,t0115_seed9354_no_autostop,9354,6,503,0.007633587786259514,30.952380952380956,-3.28983858450481,1.3736588564322911
3,t0115_seed9354_no_autostop,9354,6,504,0.0059171597633135885,40.476190476190474,-2.942258138158275,-1.5230838162291171
0,t0115_seed9354_no_autostop,9354,6,507,0.06666666666666667,5.714285714285714,-2.381264069882095,-1.4203907890957637
3,t0115_seed9354_no_autostop,9354,6,508,6.123233995736766e-17,44.28571428571429,-0.5318757716184901,-0.09694848918449141
3,t0115_seed9354_no_autostop,9354,6,509,6.123233995736766e-17,44.28571428571429,-0.022951197504493884,-0.14669453535609173
0,t0115_seed9354_no_autostop,9354,6,519,0.006993006993006968,16.904761904761905,-1.394351155136835,-1.0364977909425472
3,t0115_seed9354_no_autostop,9354,6,522,0.0037174721189591345,31.904761904761905,-1.5812531902148368,0.33168040765794515
3,t0115_seed9354_no_autostop,9354,6,523,0.003952569169960502,30.23809523809524,-1.389980971284006,-2.1292901665419204
0,t0115_seed9354_no_autostop,9354,6,524,0.0057803468208092275,20.714285714285715,-2.728300833036844,-2.6388880375148998
0,t0115_seed9354_no_autostop,9354,6,525,0.004219409282700362,28.333333333333332,-2.121956801277946,0.08934604844950575
0,t0115_seed9354_no_autostop,9354,6,526,0.003039513677811572,39.04761904761905,-3.291716752076473,-2.408530304119663
3,t0115_seed9354_no_autostop,9354,6,527,0.004878048780487839,24.523809523809526,-1.8733564835396368,0.08951262563425945
3,t0115_seed9354_no_autostop,9354,6,528,0.005464480874316979,21.666666666666668,-1.5762892160962263,0.8700863838668423
3,t0115_seed9354_no_autostop,9354,6,529,0.058823529411764705,5.714285714285714,-2.008017163715197,-1.8185444242805073
3,t0115_seed9354_no_autostop,9354,6,535,6.123233995736766e-17,39.285714285714285,-0.20817608299332724,-2.4352616971776753
3,t0115_seed9354_no_autostop,9354,6,536,6.123233995736766e-17,39.285714285714285,-2.455717802677199,-0.4775736897358527
0,t0115_seed9354_no_autostop,9354,6,538,0.04347826086956524,5.238095238095238,-2.8853412441644513,-2.7715621436707147
3,t0115_seed9354_no_autostop,9354,6,542,6.123233995736766e-17,36.42857142857143,-3.039480364502877,-0.9641494601065518
3,t0115_seed9354_no_autostop,9354,6,545,6.123233995736766e-17,35.0,-1.84000456588119,-0.64800464439524
3,t0115_seed9354_no_autostop,9354,6,548,6.123233995736766e-17,34.285714285714285,-2.126513865751366,-0.6635946699932466
3,t0115_seed9354_no_autostop,9354,6,549,6.123233995736766e-17,34.285714285714285,-2.8951020909860277,-1.1928829862312536
3,t0115_seed9354_no_autostop,9354,6,552,6.123233995736766e-17,33.57142857142858,-1.5434080480702108,0.6068716207531641
0,t0115_seed9354_no_autostop,9354,6,553,6.123233995736766e-17,33.57142857142858,-1.612614456192434,-1.568345197541323
3,t0115_seed9354_no_autostop,9354,6,557,6.123233995736766e-17,32.85714285714286,-1.8280217005710702,-0.4000356953251243
0,t0115_seed9354_no_autostop,9354,6,558,6.123233995736766e-17,32.85714285714286,-2.6355180166589096,-3.3923732569182916
3,t0115_seed9354_no_autostop,9354,6,559,6.123233995736766e-17,32.85714285714286,-1.8696447538539795,0.18614518497356847
3,t0115_seed9354_no_autostop,9354,6,564,6.123233995736766e-17,32.142857142857146,-1.6580018412956739,0.5656722680501156
3,t0115_seed9354_no_autostop,9354,6,571,6.123233995736766e-17,31.42857142857143,-1.8981893381445905,-0.9764989108825831
3,t0115_seed9354_no_autostop,9354,6,572,6.123233995736766e-17,31.42857142857143,-0.47681383174496944,0.7041940404210554
3,t0115_seed9354_no_autostop,9354,6,573,6.123233995736766e-17,31.42857142857143,-0.7196578268595003,0.8366533356685987
0,t0115_seed9354_no_autostop,9354,6,575,6.123233995736766e-17,30.000000000000004,-1.0727054470536923,-1.5851583868676298
3,t0115_seed9354_no_autostop,9354,7,579,0.15151515151515152,20.0,-2.9472569440094025,-2.4027261977572514
3,t0115_seed9354_no_autostop,9354,7,580,0.06299212598425201,32.142857142857146,-3.067017700953955,-2.5250530202508323
3,t0115_seed9354_no_autostop,9354,7,581,6.123233995736766e-17,52.85714285714286,0.022190831905579377,0.009805201968151506
0,t0115_seed9354_no_autostop,9354,7,583,0.17073170731707313,4.047619047619048,-1.6812796998492785,-2.0752200139716774
3,t0115_seed9354_no_autostop,9354,7,584,0.17073170731707313,4.047619047619048,-2.8800957422385114,-1.024801077088967
3,t0115_seed9354_no_autostop,9354,7,590,0.05797101449275357,17.38095238095238,-2.4554886058050256,-1.5540454997609008
3,t0115_seed9354_no_autostop,9354,7,591,6.123233995736766e-17,51.42857142857143,-0.8401036029251813,-0.29407180739262523
3,t0115_seed9354_no_autostop,9354,7,595,0.006451612903225783,36.66666666666667,-3.9593493753204485,-2.0195974397685053
3,t0115_seed9354_no_autostop,9354,7,596,0.00632911392405061,37.85714285714286,-2.8003297509179785,-1.0728825923561411
0,t0115_seed9354_no_autostop,9354,7,597,0.006578947368421029,36.42857142857143,-2.1988270526296856,-0.73090109481863
0,t0115_seed9354_no_autostop,9354,7,601,0.07692307692307693,4.285714285714286,-2.2924290303884804,-2.753984179873611
3,t0115_seed9354_no_autostop,9354,7,604,0.014492753623188406,24.28571428571429,-1.2947135768865354,0.12345045192448029
3,t0115_seed9354_no_autostop,9354,7,606,0.009433962264150912,25.476190476190474,-1.4511188120940142,0.31067818150062737
3,t0115_seed9354_no_autostop,9354,7,610,6.123233995736766e-17,48.57142857142858,-2.9739435416583637,-1.45664948126157
3,t0115_seed9354_no_autostop,9354,7,617,0.0035335689045936642,33.80952380952381,-1.5710278750872075,0.4320169388124031
3,t0115_seed9354_no_autostop,9354,7,618,0.0042553191489362,28.0952380952381,-0.7451908618827379,-2.2242973832063417
3,t0115_seed9354_no_autostop,9354,7,619,0.004081632653061254,29.047619047619047,-1.037730926350597,-0.729248122369971
3,t0115_seed9354_no_autostop,9354,7,624,0.013698630136986325,17.61904761904762,-1.869968996634539,-1.294468613063292
3,t0115_seed9354_no_autostop,9354,7,625,0.004484304932735457,26.42857142857143,-1.5499226293619386,-2.4909561926785715
3,t0115_seed9354_no_autostop,9354,7,635,0.005988023952095786,20.0,-1.9059968543260692,0.12675696109405907
0,t0115_seed9354_no_autostop,9354,7,639,0.0077519379844961794,15.476190476190478,-3.8973249748288565,-3.2582802421195063
3,t0115_seed9354_no_autostop,9354,7,644,0.010101010101010173,11.904761904761907,-3.0741899543880753,-2.7567852409023783
0,t0115_seed9354_no_autostop,9354,7,645,0.00884955752212386,13.333333333333336,-3.4753462030897087,0.5885805411221634
3,t0115_seed9354_no_autostop,9354,7,646,6.123233995736766e-17,46.42857142857143,-3.568721456994645,-0.36182303090759854
3,t0115_seed9354_no_autostop,9354,7,650,0.023255813953488354,10.0,-2.306045953611981,-2.5787551969623936
3,t0115_seed9354_no_autostop,9354,7,653,6.123233995736766e-17,45.714285714285715,-2.5534560165405544,0.9834044744817064
3,t0115_seed9354_no_autostop,9354,7,655,0.024390243902439,5.0,-3.141108846861022,-1.7690583295078282
3,t0115_seed9354_no_autostop,9354,7,657,0.016949152542372913,7.142857142857143,-3.182021269173259,1.3286307075273398
0,t0115_seed9354_no_autostop,9354,7,658,0.02127659574468083,5.714285714285714,-1.688612916487713,-1.34189177468082
3,t0115_seed9354_no_autostop,9354,7,661,6.123233995736766e-17,43.57142857142858,-0.9036634761646475,0.09267543653650726
3,t0115_seed9354_no_autostop,9354,7,662,6.123233995736766e-17,42.85714285714286,-0.6834561863757065,-0.7345027600107538
3,t0115_seed9354_no_autostop,9354,7,663,6.123233995736766e-17,41.42857142857143,-2.8299320348583916,-0.46036681668008295
0,t0115_seed9354_no_autostop,9354,7,664,6.123233995736766e-17,41.42857142857143,-1.4113245234538572,0.18053219616655047
3,t0115_seed9354_no_autostop,9354,7,666,6.123233995736766e-17,40.714285714285715,-2.0292179926227485,-2.039355185053746
3,t0115_seed9354_no_autostop,9354,7,667,6.123233995736766e-17,40.0,-2.04630098637426,-1.4640929153021018
3,t0115_seed9354_no_autostop,9354,7,668,6.123233995736766e-17,40.0,-3.331547815026715,-0.4115102261853035
0,t0115_seed9354_no_autostop,9354,7,669,6.123233995736766e-17,39.285714285714285,-2.2368012313554013,0.49795805653412734
3,t0115_seed9354_no_autostop,9354,8,675,6.123233995736766e-17,55.714285714285715,-2.319393771162684,-1.190575971919534
3,t0115_seed9354_no_autostop,9354,8,676,0.028735632183908004,40.23809523809524,-2.671218343776854,-0.7012103910249058
3,t0115_seed9354_no_autostop,9354,8,677,0.5000000000000001,9.285714285714286,-2.086186863467384,-1.0820900121179704
3,t0115_seed9354_no_autostop,9354,8,680,0.08219178082191782,15.952380952380953,-2.9048687793854344,-0.7423681161784387
3,t0115_seed9354_no_autostop,9354,8,681,0.09375,13.80952380952381,-2.882462569042038,-2.3566390765562533
3,t0115_seed9354_no_autostop,9354,8,682,0.05042016806722689,26.904761904761905,-2.612696281141143,-1.4031184971830355
3,t0115_seed9354_no_autostop,9354,8,683,0.05982905982905989,26.19047619047619,-2.328218935231371,-0.8139063352485244
3,t0115_seed9354_no_autostop,9354,8,685,0.015673981191222548,38.57142857142858,-2.680604452530267,-0.8817982300803909
3,t0115_seed9354_no_autostop,9354,8,688,0.06422018348623851,13.80952380952381,-2.8440300525176476,-1.4268700418175058
3,t0115_seed9354_no_autostop,9354,8,697,0.0625,10.714285714285715,-1.4117251724374331,-0.4192193734288347
0,t0115_seed9354_no_autostop,9354,8,699,0.03030303030303026,19.04761904761905,-0.5211965847243338,0.278351467381291
0,t0115_seed9354_no_autostop,9354,8,702,6.123233995736766e-17,50.0,-2.9864024132562155,-0.3132745944241696
3,t0115_seed9354_no_autostop,9354,8,717,0.04651162790697677,9.761904761904763,-2.455583969245457,-3.579006419739008
3,t0115_seed9354_no_autostop,9354,8,722,0.009090909090909058,25.952380952380956,-1.7723315252893053,-0.08548807655825473
3,t0115_seed9354_no_autostop,9354,8,723,0.007874015748031468,30.000000000000004,-1.9319732975242971,0.6960012264502757
3,t0115_seed9354_no_autostop,9354,8,728,0.0033003300330032535,35.952380952380956,-3.1992599315739056,-2.234282696974005
3,t0115_seed9354_no_autostop,9354,8,729,0.0035587188612099903,33.333333333333336,-2.638133434547146,-1.1176080852347758
0,t0115_seed9354_no_autostop,9354,8,735,0.06250000000000001,4.047619047619048,-2.331107252134856,-1.6056247152290093
3,t0115_seed9354_no_autostop,9354,8,736,0.03225806451612903,11.428571428571429,-3.0674560550404815,-1.661428914507479
0,t0115_seed9354_no_autostop,9354,8,737,0.019230769230769263,12.61904761904762,-2.530056773964546,-2.0336046005880286
3,t0115_seed9354_no_autostop,9354,8,739,6.123233995736766e-17,47.85714285714286,-3.586319424510808,-0.49928159338101075
3,t0115_seed9354_no_autostop,9354,8,746,0.004651162790697708,25.476190476190474,-2.725450861794033,-0.8370813636763148
0,t0115_seed9354_no_autostop,9354,8,759,0.05263157894736844,4.761904761904763,-1.5575034268066947,-2.809523084141461
3,t0115_seed9354_no_autostop,9354,8,761,6.123233995736766e-17,47.142857142857146,-2.566850841980379,-1.462653103405348
0,t0115_seed9354_no_autostop,9354,8,764,0.03225806451612903,10.714285714285715,-3.2962664729149127,-1.7861622679437505
0,t0115_seed9354_no_autostop,9354,8,765,0.02127659574468083,10.952380952380954,-2.9938299704327425,0.41014603213381406
3,t0115_seed9354_no_autostop,9354,8,766,0.0057803468208092275,20.476190476190478,-1.6495460973313338,-2.9921113951746947
3,t0115_seed9354_no_autostop,9354,9,774,0.002518891687657395,47.38095238095238,-2.669189964273489,-1.6221130636543593
3,t0115_seed9354_no_autostop,9354,9,775,0.09375,25.0,-1.8698811952411316,-1.3677736496632626
3,t0115_seed9354_no_autostop,9354,9,776,0.007874015748031496,45.714285714285715,-2.2517147162445683,-0.8203821382139607
3,t0115_seed9354_no_autostop,9354,9,778,0.1478260869565218,11.666666666666666,-2.611312481146068,-1.6268419304219166
3,t0115_seed9354_no_autostop,9354,9,782,6.123233995736766e-17,52.85714285714286,-2.2255780522492037,-1.5140498698684073
3,t0115_seed9354_no_autostop,9354,9,784,0.016806722689075657,27.857142857142858,-1.5943009818806833,-1.1747551433566412
3,t0115_seed9354_no_autostop,9354,9,789,0.06818181818181819,19.523809523809526,-1.9395861508678767,-0.17685158891007305
3,t0115_seed9354_no_autostop,9354,9,790,0.005524861878453019,43.333333333333336,-2.9699810898799064,-0.04524832918540247
3,t0115_seed9354_no_autostop,9354,9,792,0.006097560975609734,39.285714285714285,-3.5985651881546734,-2.001572701880533
0,t0115_seed9354_no_autostop,9354,9,793,0.1325301204819277,8.571428571428571,-2.6141614085641622,-1.7011977333484012
3,t0115_seed9354_no_autostop,9354,9,794,0.017699115044247815,26.42857142857143,-3.4865932935411155,-0.910235036940763
0,t0115_seed9354_no_autostop,9354,9,796,0.049504950495049535,22.857142857142858,-3.7151509550611523,-2.1182677861452963
3,t0115_seed9354_no_autostop,9354,9,798,6.123233995736766e-17,51.42857142857143,-3.0239730997160574,-1.385529067676127
3,t0115_seed9354_no_autostop,9354,9,800,0.01526717557251911,30.714285714285715,-2.474742573270709,-1.8347442368005098
3,t0115_seed9354_no_autostop,9354,9,804,0.06285714285714289,19.523809523809526,-2.056868773537227,-2.3610068161814963
3,t0115_seed9354_no_autostop,9354,9,805,0.002932551319648115,40.714285714285715,-3.0141054448479845,-2.5069705149574766
3,t0115_seed9354_no_autostop,9354,9,809,0.02890173410404626,20.0,-2.753949614025475,-1.6541588945988552
3,t0115_seed9354_no_autostop,9354,9,816,0.006134969325153353,38.57142857142858,-3.2906396313217554,-0.3739118087156175
3,t0115_seed9354_no_autostop,9354,9,817,0.007194244604316522,33.333333333333336,-2.4977858155940975,-0.8955238608407787
3,t0115_seed9354_no_autostop,9354,9,822,0.007874015748031468,30.476190476190478,-0.2767004648103075,-2.488593386861433
3,t0115_seed9354_no_autostop,9354,9,830,0.01775147928994083,19.761904761904763,-1.7608224898297458,-1.6785134385803804
3,t0115_seed9354_no_autostop,9354,9,835,0.0033003300330032535,36.19047619047619,-1.4044877428754292,-0.3720080347595594
3,t0115_seed9354_no_autostop,9354,9,841,0.00884955752212386,27.142857142857146,-1.4963050036028502,-1.906486597933909
3,t0115_seed9354_no_autostop,9354,9,848,0.034013605442176825,16.904761904761905,-1.9938345473489816,0.5268209698525296
3,t0115_seed9354_no_autostop,9354,9,849,0.04000000000000002,15.476190476190478,-0.6879451046351075,-1.0617826120531286
3,t0115_seed9354_no_autostop,9354,9,850,0.02097902097902098,17.38095238095238,-0.8384228308885836,-0.1106715935452543
3,t0115_seed9354_no_autostop,9354,9,853,6.123233995736766e-17,47.85714285714286,-1.0057189301190081,-0.8545396093704357
3,t0115_seed9354_no_autostop,9354,10,868,6.123233995736766e-17,66.42857142857143,-0.6284873941526418,0.6701399337429613
3,t0115_seed9354_no_autostop,9354,10,869,0.3740458015267176,9.761904761904763,-3.347232607297044,-2.0413754630112386
3,t0115_seed9354_no_autostop,9354,10,870,0.34222222222222226,17.61904761904762,-1.8793909948821836,-0.20896867129849944
3,t0115_seed9354_no_autostop,9354,10,871,0.00985221674876844,47.85714285714286,-3.3400437969991694,0.021343704579458094
3,t0115_seed9354_no_autostop,9354,10,872,0.03278688524590164,45.0,-2.184884916520079,-0.9262025250491994
3,t0115_seed9354_no_autostop,9354,10,873,0.002309468822170868,51.666666666666664,-2.845322758092211,-1.2780200878823273
3,t0115_seed9354_no_autostop,9354,10,874,0.06046511627906981,27.142857142857146,-2.7019272330446147,-2.2161256975783163
3,t0115_seed9354_no_autostop,9354,10,877,6.123233995736766e-17,60.00000000000001,-1.2489331230888963,-0.5935091351657814
3,t0115_seed9354_no_autostop,9354,10,881,0.09243697478991598,15.476190476190478,-1.828015497090549,-1.4918865564153136
0,t0115_seed9354_no_autostop,9354,10,890,0.23076923076923078,3.5714285714285716,-1.7056704000127527,-2.1803257115777575
3,t0115_seed9354_no_autostop,9354,10,898,0.025316455696202507,36.66666666666667,-3.2928391493036524,-2.7230286502221372
3,t0115_seed9354_no_autostop,9354,10,899,0.018867924528301886,37.142857142857146,-2.907572710235462,-0.5655515698726015
3,t0115_seed9354_no_autostop,9354,10,903,6.123233995736766e-17,53.57142857142858,-2.4359596781382544,-1.8929094950528536
0,t0115_seed9354_no_autostop,9354,10,913,0.03658536585365854,20.238095238095237,-0.7213924789222408,0.542595646441871
3,t0115_seed9354_no_autostop,9354,10,927,0.010101010101010102,35.0,-2.5883154411868228,-2.6008467561143847
3,t0115_seed9354_no_autostop,9354,10,928,0.009523809523809525,37.142857142857146,-3.4705851078274637,-0.8328560192251547
0,t0115_seed9354_no_autostop,9354,10,934,0.012658227848101266,27.857142857142858,-2.75718541214148,0.4696989665795031
3,t0115_seed9354_no_autostop,9354,10,935,0.012048192771084338,30.000000000000004,-3.420212741219675,-1.7917981708240287
3,t0115_seed9354_no_autostop,9354,10,944,0.04854368932038839,11.666666666666666,-1.9902533161287674,-0.5147591033089489
3,t0115_seed9354_no_autostop,9354,10,952,0.006410256410256456,36.904761904761905,-2.434369217124562,-1.0565729545727458
3,t0115_seed9354_no_autostop,9354,10,953,0.012987012987012988,27.142857142857146,-1.5543962842447279,-1.8232462576900332
3,t0115_seed9354_no_autostop,9354,10,954,0.014354066985645932,24.523809523809526,-3.319361406929526,-0.312804379255875
3,t0115_seed9354_no_autostop,9354,10,955,6.123233995736766e-17,50.714285714285715,-2.204443758427055,-0.6307574896969329
3,t0115_seed9354_no_autostop,9354,10,957,0.02173913043478259,10.714285714285715,-2.3307555821966814,-0.8818199814212722
3,t0115_seed9354_no_autostop,9354,11,969,0.006802721088435374,52.142857142857146,-3.5600233124235214,-1.2609002294918255
3,t0115_seed9354_no_autostop,9354,11,973,6.123233995736766e-17,62.142857142857146,-2.912874780193073,-0.9689664545317359
3,t0115_seed9354_no_autostop,9354,11,975,0.11340206185567007,12.857142857142858,-3.265459054395386,-0.7466523233879844
3,t0115_seed9354_no_autostop,9354,11,976,0.14814814814814817,10.952380952380954,-4.163790816197413,-0.5641134989353953
3,t0115_seed9354_no_autostop,9354,11,977,0.09375,16.666666666666668,-2.80323975450339,0.0796490922792739
0,t0115_seed9354_no_autostop,9354,11,978,0.21649484536082478,9.047619047619047,-2.981276032056506,-1.260745109315384
3,t0115_seed9354_no_autostop,9354,11,986,0.3684210526315789,6.190476190476191,-2.0434540382845303,-0.3880266667451554
3,t0115_seed9354_no_autostop,9354,11,997,0.024844720496894384,37.38095238095239,-2.579473258215208,-2.7390293865296074
1,t0115_seed9354_no_autostop,9354,11,999,0.04385964912280695,25.952380952380956,-3.099073238709161,1.6276750904085373
3,t0115_seed9354_no_autostop,9354,11,1007,0.1304347826086956,4.761904761904763,-3.1820018140722452,0.9948518646210798
3,t0115_seed9354_no_autostop,9354,11,1015,0.03553299492385785,22.61904761904762,-2.1527628716303373,-1.982575423146591
3,t0115_seed9354_no_autostop,9354,11,1018,6.123233995736766e-17,55.0,-2.2967890962184243,-2.329151202581439
3,t0115_seed9354_no_autostop,9354,11,1019,6.123233995736766e-17,55.0,-0.9714929640409417,-0.13707821202929746
3,t0115_seed9354_no_autostop,9354,11,1020,0.06153846153846157,14.523809523809524,-2.4902179255340107,-3.0035029874267876
0,t0115_seed9354_no_autostop,9354,11,1021,0.07200000000000001,13.80952380952381,-2.6103268012093426,-1.7974920103794139
3,t0115_seed9354_no_autostop,9354,11,1031,0.010752688172043012,33.57142857142858,-1.4338963218717087,0.28302510817298493
3,t0115_seed9354_no_autostop,9354,11,1033,6.123233995736766e-17,54.28571428571429,-3.219421198074602,-2.4734481901242433
3,t0115_seed9354_no_autostop,9354,11,1037,0.028301886792452827,24.523809523809526,-2.936002372109401,-1.3990793320538573
3,t0115_seed9354_no_autostop,9354,11,1050,0.007462686567164152,32.142857142857146,-1.4456928583879995,-0.3172584036176965
3,t0115_seed9354_no_autostop,9354,11,1051,0.007633587786259514,31.42857142857143,-2.532924128828963,-1.2994732452855553
3,t0115_seed9354_no_autostop,9354,11,1054,0.007142857142857117,33.57142857142858,-3.3858072313792844,-2.482528010690675
0,t0115_seed9354_no_autostop,9354,12,1065,0.7419354838709677,0.9523809523809524,-2.815345417103048,-2.2622835479884826
3,t0115_seed9354_no_autostop,9354,12,1066,0.009950248756218976,48.33333333333334,-2.8049814746255266,-0.7392798684600799
3,t0115_seed9354_no_autostop,9354,12,1068,0.05098039215686269,31.904761904761905,-2.6512938258283922,-0.26497631697607044
3,t0115_seed9354_no_autostop,9354,12,1070,0.38333333333333336,8.80952380952381,-2.3762740134411526,-0.4010915564105103
3,t0115_seed9354_no_autostop,9354,12,1075,0.11538461538461539,16.42857142857143,-3.8522383494050834,-0.4348350166651295
3,t0115_seed9354_no_autostop,9354,12,1076,0.14942528735632185,11.904761904761907,-0.3762194084671499,-1.2249793132691364
3,t0115_seed9354_no_autostop,9354,12,1083,0.0410958904109589,27.142857142857146,-1.1520720993855993,-1.0503286524267597
3,t0115_seed9354_no_autostop,9354,12,1084,0.03971119133574004,31.66666666666667,-3.2121441843555067,-1.6142930786041318
3,t0115_seed9354_no_autostop,9354,12,1096,0.01818181818181818,38.57142857142858,-3.9197357417358174,-1.6013791452318622
3,t0115_seed9354_no_autostop,9354,12,1100,0.008547008547008548,41.42857142857143,-3.1363986397231156,-0.6716417067548609
3,t0115_seed9354_no_autostop,9354,12,1107,6.123233995736766e-17,57.85714285714286,-0.9417779883419487,0.6709683804612309
3,t0115_seed9354_no_autostop,9354,12,1111,0.020547945205479454,34.04761904761905,-1.6369829528497222,0.9738232361323435
3,t0115_seed9354_no_autostop,9354,12,1114,0.005494505494505475,43.57142857142858,-2.1868020188326365,-1.369026904053341
3,t0115_seed9354_no_autostop,9354,12,1119,0.041916167664670635,20.714285714285715,-1.7232362120475009,-3.1951502535791194
3,t0115_seed9354_no_autostop,9354,12,1120,0.05714285714285716,15.714285714285715,-3.9572540879690727,-1.9968355072633406
3,t0115_seed9354_no_autostop,9354,12,1124,0.07317073170731707,13.571428571428573,-2.6322395631539637,-0.6180676385677987
3,t0115_seed9354_no_autostop,9354,12,1127,0.07462686567164176,7.380952380952382,-3.0299571306082522,-1.76242424652339
3,t0115_seed9354_no_autostop,9354,12,1128,0.020242914979757054,28.809523809523814,-2.060339021603162,-1.7657336794972462
3,t0115_seed9354_no_autostop,9354,12,1132,0.002816901408450724,42.38095238095239,-1.8641723518149775,-0.987305687574581
3,t0115_seed9354_no_autostop,9354,12,1134,0.0030769230769230986,38.80952380952381,-3.677840857304767,-1.2596831407958127
3,t0115_seed9354_no_autostop,9354,12,1140,0.044117647058823525,15.476190476190478,-2.6370094433101,-2.1590279490539452
3,t0115_seed9354_no_autostop,9354,12,1144,0.0655737704918033,13.571428571428573,-2.6499882137020623,-2.3358332266349824
3,t0115_seed9354_no_autostop,9354,12,1146,0.018181818181818212,25.714285714285715,-3.054660854253611,-1.3427915291247041
3,t0115_seed9354_no_autostop,9354,12,1148,0.033707865168539325,21.90476190476191,-3.97371581411215,-3.3880973944019015
3,t0115_seed9354_no_autostop,9354,12,1150,0.029411764705882353,23.571428571428573,-4.457530358230526,-1.370802797534309
3,t0115_seed9354_no_autostop,9354,13,1161,0.07051282051282047,34.523809523809526,-3.133278443484976,-0.7875377424465582
0,t0115_seed9354_no_autostop,9354,13,1162,0.6363636363636364,1.4285714285714286,-2.93140915550205,-2.968327764518086
3,t0115_seed9354_no_autostop,9354,13,1163,0.19753086419753088,23.0952380952381,-3.7622546642553667,-3.2159517764074685
3,t0115_seed9354_no_autostop,9354,13,1166,6.123233995736766e-17,63.57142857142858,-1.3183656950082954,-1.3179478958332664
3,t0115_seed9354_no_autostop,9354,13,1167,0.26315789473684204,13.333333333333336,-0.17669190367239873,-1.6778709085097985
3,t0115_seed9354_no_autostop,9354,13,1174,0.1929824561403509,16.190476190476193,-2.478031963088296,-0.23465663100754622
3,t0115_seed9354_no_autostop,9354,13,1184,0.008,45.0,-3.311268325331903,-0.7233054411703097
0,t0115_seed9354_no_autostop,9354,13,1185,0.007518796992481203,47.85714285714286,-4.031124471144812,-0.5916421200366608
3,t0115_seed9354_no_autostop,9354,13,1194,6.123233995736766e-17,60.00000000000001,-0.7991993912395422,0.4402716139056398
3,t0115_seed9354_no_autostop,9354,13,1205,0.005235602094240819,45.23809523809524,-2.2429966048158363,-0.8974661320317864
3,t0115_seed9354_no_autostop,9354,13,1206,0.0057803468208092275,40.952380952380956,-3.2564718974795444,-2.066942736898258
3,t0115_seed9354_no_autostop,9354,13,1224,0.0030769230769230986,38.80952380952381,-1.8786276630205694,-0.23360407200519648
3,t0115_seed9354_no_autostop,9354,13,1231,0.09615384615384617,11.190476190476192,-2.664425290364222,-1.1448430694741694
0,t0115_seed9354_no_autostop,9354,13,1247,0.09090909090909091,3.5714285714285716,-3.898545728528885,-3.029295826491235
3,t0115_seed9354_no_autostop,9354,14,1259,0.04268292682926827,37.38095238095239,-3.2868188121599506,-0.4231914513951902
3,t0115_seed9354_no_autostop,9354,14,1260,6.123233995736766e-17,72.14285714285715,-3.6190226316124807,-1.2806667120092732
3,t0115_seed9354_no_autostop,9354,14,1264,0.2484848484848485,14.761904761904765,-3.74870152714504,-2.2532480542650246
3,t0115_seed9354_no_autostop,9354,14,1272,6.123233995736766e-17,71.42857142857143,-1.9490653746894275,-0.15728488346306144
3,t0115_seed9354_no_autostop,9354,14,1286,0.11864406779661017,18.571428571428573,-2.6264410489622394,-1.8343260690497891
3,t0115_seed9354_no_autostop,9354,14,1288,0.12698412698412703,13.095238095238095,-3.1730898490422117,-1.056050659950542
3,t0115_seed9354_no_autostop,9354,14,1291,0.26666666666666666,2.619047619047619,-2.928094795914385,-1.3351660347387455
0,t0115_seed9354_no_autostop,9354,14,1294,0.20000000000000004,3.8095238095238098,-2.318167631722752,-2.2554210799374936
3,t0115_seed9354_no_autostop,9354,14,1295,0.16666666666666666,7.142857142857143,-3.1314767259725067,-0.9373862812145779
3,t0115_seed9354_no_autostop,9354,14,1297,0.02265372168284785,35.952380952380956,-1.4138809779357981,-0.3134393675353984
3,t0115_seed9354_no_autostop,9354,14,1306,0.006060606060606104,39.523809523809526,-3.993244915617317,-3.246606240468938
3,t0115_seed9354_no_autostop,9354,14,1307,0.005102040816326566,46.42857142857143,-1.8148121550462335,-1.2028214324359339
3,t0115_seed9354_no_autostop,9354,14,1319,0.02,35.0,-1.7274810228858255,-0.9355781925361984
3,t0115_seed9354_no_autostop,9354,14,1333,0.14035087719298253,11.666666666666666,-2.431843825801503,0.17705341335911326
3,t0115_seed9354_no_autostop,9354,14,1337,0.13793103448275856,5.952380952380953,-1.0244502664853437,-0.7044299670658968
3,t0115_seed9354_no_autostop,9354,15,1356,0.3846153846153845,9.523809523809526,-2.0071044473689694,-0.2787752811883061
3,t0115_seed9354_no_autostop,9354,15,1357,0.03508771929824561,39.285714285714285,-0.6606446440357494,-1.0475326794235271
3,t0115_seed9354_no_autostop,9354,15,1358,6.123233995736766e-17,72.14285714285715,-0.5533435628706225,-0.7978211105988151
3,t0115_seed9354_no_autostop,9354,15,1359,0.010204081632653024,46.1904761904762,-2.4745613075597412,-0.5656300009716984
3,t0115_seed9354_no_autostop,9354,15,1360,0.12267657992565055,28.0952380952381,-2.0451102795993945,-0.21484994355460554
0,t0115_seed9354_no_autostop,9354,15,1362,0.45454545454545453,2.142857142857143,-1.9795042252874517,-2.2820884827590997
3,t0115_seed9354_no_autostop,9354,15,1365,0.323943661971831,11.428571428571429,-1.4770159322668117,-2.0933948979516934
3,t0115_seed9354_no_autostop,9354,15,1367,0.021621621621621602,45.0,-2.154669118250724,-0.03317918042059185
3,t0115_seed9354_no_autostop,9354,15,1369,0.00485436893203887,49.28571428571429,-3.2051849932113354,-1.6986581518585022
3,t0115_seed9354_no_autostop,9354,15,1377,0.06787330316742081,28.0952380952381,-2.7186634233215514,-2.3749116121176805
3,t0115_seed9354_no_autostop,9354,15,1378,0.19999999999999996,11.904761904761907,-1.8979127832233558,0.7920114742937475
3,t0115_seed9354_no_autostop,9354,15,1380,0.21153846153846156,9.761904761904763,-2.01547353439785,-1.54779812039938
3,t0115_seed9354_no_autostop,9354,15,1383,0.02777777777777783,33.333333333333336,-2.560081187934823,-0.962561167220841
0,t0115_seed9354_no_autostop,9354,15,1384,0.023121387283236972,40.23809523809524,-3.6268440561640953,-1.2591947948272073
3,t0115_seed9354_no_autostop,9354,15,1390,0.051470588235294094,30.714285714285715,-2.9347053428003758,-0.6875170281255907
3,t0115_seed9354_no_autostop,9354,15,1392,0.14124293785310732,18.095238095238095,-3.2343502498282573,-1.0401505847095716
3,t0115_seed9354_no_autostop,9354,15,1395,6.123233995736766e-17,66.42857142857143,-4.3868559711473685,-1.7985599675207218
3,t0115_seed9354_no_autostop,9354,15,1396,0.0710382513661202,23.333333333333332,-2.2608085587315947,-0.7568371384007371
3,t0115_seed9354_no_autostop,9354,15,1398,0.0654205607476635,23.809523809523814,-2.773438158797935,-0.3666869464539893
3,t0115_seed9354_no_autostop,9354,15,1401,0.1529411764705882,8.571428571428571,-2.031488525969701,-1.2557926395642482
3,t0115_seed9354_no_autostop,9354,15,1416,0.12698412698412703,13.095238095238095,-2.9061937412502212,-0.287887735613048
3,t0115_seed9354_no_autostop,9354,15,1430,0.0025575447570332123,46.42857142857143,-2.9753353915962846,-0.9278245761510837
3,t0115_seed9354_no_autostop,9354,15,1432,0.028340080971659944,28.571428571428573,-2.943856820784406,-1.3782877526777917
3,t0115_seed9354_no_autostop,9354,16,1451,0.5813953488372093,8.095238095238097,-3.5822896530074253,-1.111684207880265
3,t0115_seed9354_no_autostop,9354,16,1452,0.006802721088435374,52.85714285714286,-2.461605110975525,-1.9625101526880122
3,t0115_seed9354_no_autostop,9354,16,1453,0.16393442622950818,36.42857142857143,-1.8820285875683191,-0.11857972191762729
3,t0115_seed9354_no_autostop,9354,16,1454,0.0020790020790020496,57.142857142857146,-3.69535205342789,-1.783822500479578
3,t0115_seed9354_no_autostop,9354,16,1455,0.0428211586901763,45.23809523809524,-1.1811851131818487,0.20643168516579016
3,t0115_seed9354_no_autostop,9354,16,1463,0.4745762711864406,7.380952380952382,-3.4032482823788968,-3.848904197350886
3,t0115_seed9354_no_autostop,9354,16,1466,0.09480122324159017,35.23809523809524,-3.2597134826353105,-0.22727789290947653
3,t0115_seed9354_no_autostop,9354,16,1467,0.09480122324159017,35.23809523809524,-3.3395260488710816,-2.0960237442801466
3,t0115_seed9354_no_autostop,9354,16,1468,0.15867158671586717,27.142857142857146,-3.3219833728269714,-2.3187922587317438
3,t0115_seed9354_no_autostop,9354,16,1472,0.034267912772585715,39.523809523809526,-2.0532803659842678,-0.2698095353556846
3,t0115_seed9354_no_autostop,9354,16,1478,6.123233995736766e-17,68.57142857142857,-2.5009642977032875,-1.2770556719392285
3,t0115_seed9354_no_autostop,9354,16,1481,0.45454545454545453,2.142857142857143,-1.4500659437382388,-1.6989364376023162
3,t0115_seed9354_no_autostop,9354,16,1484,0.004926108374384272,48.095238095238095,-1.3400863940190808,-1.0656205397802823
3,t0115_seed9354_no_autostop,9354,16,1488,0.09090909090909095,26.19047619047619,-2.3462750495347517,-0.8084234592183551
3,t0115_seed9354_no_autostop,9354,16,1495,6.123233995736766e-17,67.85714285714286,-4.2674132532968585,-2.1583341138722174
3,t0115_seed9354_no_autostop,9354,16,1499,0.06909090909090912,30.476190476190478,-1.6230436499376701,-0.30935169737348295
3,t0115_seed9354_no_autostop,9354,16,1503,0.07555555555555561,24.761904761904763,-3.262907722595299,0.9434016251922118
3,t0115_seed9354_no_autostop,9354,16,1504,0.07766990291262134,22.61904761904762,-2.7817409099052326,-0.5515207716067334
3,t0115_seed9354_no_autostop,9354,16,1527,0.05982905982905989,29.52380952380953,-0.8131803006056246,0.07060942685063415
3,t0115_seed9354_no_autostop,9354,16,1530,0.009230769230769232,39.04761904761905,-3.8043763109652002,-0.6886609252550092
3,t0115_seed9354_no_autostop,9354,17,1545,0.6285714285714287,27.142857142857146,-2.7882256120146347,-0.8507607262809767
3,t0115_seed9354_no_autostop,9354,17,1546,0.02179176755447942,48.095238095238095,-2.9501242595575263,-1.3469149385963637
3,t0115_seed9354_no_autostop,9354,17,1547,0.007407407407407408,48.57142857142858,-1.6215526747214093,0.19363062991137162
3,t0115_seed9354_no_autostop,9354,17,1563,0.23076923076923078,26.19047619047619,-2.6390503913524626,-0.23234187951119833
3,t0115_seed9354_no_autostop,9354,17,1569,0.002288329519450768,51.90476190476191,-2.6214897748616246,-1.307678762371759
3,t0115_seed9354_no_autostop,9354,17,1570,0.004950495049504985,48.33333333333334,-4.287203821099107,-3.12574698685915
3,t0115_seed9354_no_autostop,9354,17,1572,0.06666666666666667,35.0,-2.7729639489254017,-2.413462868765416
3,t0115_seed9354_no_autostop,9354,17,1575,0.03355704697986579,36.66666666666667,-3.230686852232057,-0.6132439459865882
3,t0115_seed9354_no_autostop,9354,17,1586,0.007874015748031496,45.714285714285715,-2.908422896305012,-0.6618836229279997
3,t0115_seed9354_no_autostop,9354,17,1587,0.007633587786259542,47.142857142857146,-3.6725333565419374,-2.1571880254227884
3,t0115_seed9354_no_autostop,9354,17,1610,0.375,5.238095238095238,-2.821793121004152,-1.0895884905568098
3,t0115_seed9354_no_autostop,9354,17,1618,0.15686274509803924,14.04761904761905,-2.847800496680633,-0.6306925646246765
3,t0115_seed9354_no_autostop,9354,17,1625,0.0025575447570332123,46.666666666666664,-2.7874841050529047,-0.17527498931031188
3,t0115_seed9354_no_autostop,9354,17,1626,0.0027247956403269945,43.80952380952382,-3.045648110280052,0.5903671392495101
3,t0115_seed9354_no_autostop,9354,18,1639,0.4121863799283155,46.90476190476191,-2.7912607811808656,0.05785998596696796
3,t0115_seed9354_no_autostop,9354,18,1640,0.004975124378109453,72.14285714285715,-1.6124494419327735,-0.2174333806086496
3,t0115_seed9354_no_autostop,9354,18,1644,0.01005025125628137,47.85714285714286,-2.9270081176769787,-0.31472532701536576
3,t0115_seed9354_no_autostop,9354,18,1648,0.37078651685393255,29.047619047619047,-1.8842595148189571,0.23100751969900904
3,t0115_seed9354_no_autostop,9354,18,1649,0.12455516014234874,37.61904761904762,-3.725559682708818,-0.6332491601359773
3,t0115_seed9354_no_autostop,9354,18,1650,0.04788732394366195,44.28571428571429,-1.8086600884959705,-1.0690599593554608
3,t0115_seed9354_no_autostop,9354,18,1651,0.3846153846153846,15.000000000000002,-3.1477236396251973,-0.9015110083029527
3,t0115_seed9354_no_autostop,9354,18,1655,0.004347826086956553,54.523809523809526,-3.6414644513792735,-1.227847679599381
3,t0115_seed9354_no_autostop,9354,18,1659,0.5606060606060607,6.904761904761905,-2.5191692445739866,-0.9372649828038947
3,t0115_seed9354_no_autostop,9354,18,1665,0.2361809045226131,18.095238095238095,-2.880101505914259,-1.7357280752961866
3,t0115_seed9354_no_autostop,9354,18,1669,0.11026615969581748,34.76190476190476,-2.6172993803416897,-0.833047738040643
3,t0115_seed9354_no_autostop,9354,18,1673,0.04672897196261682,36.42857142857143,-2.6963725749588874,-0.8294651711466758
3,t0115_seed9354_no_autostop,9354,18,1689,0.022598870056497217,43.0952380952381,-3.635885609045905,-0.08161625117209485
3,t0115_seed9354_no_autostop,9354,18,1696,0.09417040358744395,29.047619047619047,-1.6785576973785095,-0.3126910719680808
3,t0115_seed9354_no_autostop,9354,18,1700,6.123233995736766e-17,68.57142857142857,-0.736043402074732,-0.29969718411404506
3,t0115_seed9354_no_autostop,9354,18,1701,0.435897435897436,2.619047619047619,-4.247933033575802,-0.8113036697775042
3,t0115_seed9354_no_autostop,9354,18,1706,0.005154639175257769,45.95238095238095,-3.561534189695288,0.4230018099205136
3,t0115_seed9354_no_autostop,9354,18,1716,0.19685039370078738,12.142857142857144,-1.7170823619006323,0.03382945884543175
3,t0115_seed9354_no_autostop,9354,18,1722,0.027972027972027944,35.0,-3.314448170997171,-0.47244641683848354
3,t0115_seed9354_no_autostop,9354,18,1726,0.1739130434782609,9.047619047619047,-3.5284162993523394,-2.0520635952267123
3,t0115_seed9354_no_autostop,9354,19,1734,0.012106537530266376,48.57142857142858,-3.9122567116101603,-1.1565688493510091
3,t0115_seed9354_no_autostop,9354,19,1735,0.00881057268722464,54.523809523809526,-3.3914891951567814,-0.9507067119250304
3,t0115_seed9354_no_autostop,9354,19,1744,0.021390374331550784,45.476190476190474,-2.8314330961154752,-0.18996140203694778
3,t0115_seed9354_no_autostop,9354,19,1748,0.0019960079840319928,59.761904761904766,-0.5180986471525515,0.4063180380573608
3,t0115_seed9354_no_autostop,9354,19,1757,0.14379084967320266,31.19047619047619,-3.0277121515699714,-0.7540328631300891
3,t0115_seed9354_no_autostop,9354,19,1761,0.2387543252595156,26.19047619047619,-3.245037863869256,0.0047134132242877495
3,t0115_seed9354_no_autostop,9354,19,1765,0.12000000000000001,33.333333333333336,-2.7673516680755905,-1.3040406610693376
3,t0115_seed9354_no_autostop,9354,19,1776,0.5263157894736842,2.142857142857143,-2.545565186491853,-1.2433126497915616
3,t0115_seed9354_no_autostop,9354,19,1788,0.07491856677524426,33.80952380952381,-2.084615337481564,-0.12407156000098014
3,t0115_seed9354_no_autostop,9354,19,1791,0.044673539518900296,36.19047619047619,-2.1014973203106693,-0.08869869322415631
3,t0115_seed9354_no_autostop,9354,19,1803,0.002288329519450768,51.90476190476191,-2.748068421444152,-1.4275456935788087
3,t0115_seed9354_no_autostop,9354,19,1811,0.11794871794871797,25.952380952380956,-2.8800783752793637,-1.0892147900751494
3,t0115_seed9354_no_autostop,9354,19,1815,0.08675799086757985,28.333333333333332,-3.7608739078748163,-0.02105136267553231
3,t0115_seed9354_no_autostop,9354,19,1820,0.052980132450331154,34.04761904761905,-2.776139127687577,-0.9585967372152923
3,t0115_seed9354_no_autostop,9354,19,1822,0.04285714285714286,34.76190476190476,-3.269921856813462,-1.062898387653406
3,t0115_seed9354_no_autostop,9354,20,1841,0.04871060171919769,43.57142857142858,-3.834194042104074,-0.7750405621171454
3,t0115_seed9354_no_autostop,9354,20,1863,0.08928571428571429,36.42857142857143,-2.9859499207349014,-0.39230696980522245
3,t0115_seed9354_no_autostop,9354,20,1866,0.012987012987012967,45.23809523809524,-1.76095744916821,-0.8587858594598565
3,t0115_seed9354_no_autostop,9354,20,1867,0.03783783783783782,42.38095238095239,-3.2634550122442683,-0.6557946883232425
3,t0115_seed9354_no_autostop,9354,20,1868,0.04373177842565598,39.04761904761905,-4.295071451854048,-1.0881414042902444
3,t0115_seed9354_no_autostop,9354,20,1870,6.123233995736766e-17,71.42857142857143,-3.478995307893662,-1.4922391166474713
3,t0115_seed9354_no_autostop,9354,20,1873,0.0022471910112359236,53.095238095238095,-1.190580577245722,-0.5724656122832582
3,t0115_seed9354_no_autostop,9354,20,1884,0.23529411764705882,18.571428571428573,-1.1763864201388041,-0.24343018156911286
3,t0115_seed9354_no_autostop,9354,20,1895,6.123233995736766e-17,70.71428571428572,-2.2252207828205384,-1.5761613046480194
3,t0115_seed9354_no_autostop,9354,20,1905,0.004651162790697708,50.95238095238095,-1.8320330068988928,0.08512612903501578
3,t0115_seed9354_no_autostop,9354,20,1906,6.123233995736766e-17,68.57142857142857,-1.6764038472637675,-0.9883428176091049
0,t0115_seed9354_no_autostop,9354,20,1908,0.45454545454545453,2.142857142857143,-1.4730455856953297,-2.296061522678007
3,t0115_seed9354_no_autostop,9354,20,1910,0.36936936936936937,8.333333333333334,-2.449080293965716,-0.5241296027658677
3,t0115_seed9354_no_autostop,9354,20,1915,0.41573033707865176,6.190476190476191,-3.4316458653618014,-1.878553598050184
3,t0115_seed9354_no_autostop,9354,20,1917,0.011235955056179796,42.85714285714286,-3.9808755814832217,-0.34762228886583957
3,t0115_seed9354_no_autostop,9354,21,1925,0.013513513513513514,52.142857142857146,-3.6932115606247913,-1.3995007538851632
0,t0115_seed9354_no_autostop,9354,21,1926,0.8750000000000001,7.142857142857143,-3.133186203091407,-3.4192638049920596
3,t0115_seed9354_no_autostop,9354,21,1927,6.123233995736766e-17,75.71428571428572,-2.230122134633705,-0.8003322088318707
3,t0115_seed9354_no_autostop,9354,21,1928,0.04712041884816759,47.61904761904763,-1.717327028347386,-0.8820716731211491
3,t0115_seed9354_no_autostop,9354,21,1937,0.09036144578313253,43.0952380952381,-2.746287536589585,0.02972252257274568
3,t0115_seed9354_no_autostop,9354,21,1940,0.004237288135593251,55.95238095238095,-1.1063359378819526,-0.5498550960910367
3,t0115_seed9354_no_autostop,9354,21,1946,0.6,6.428571428571429,-2.7243190320500137,-0.860298067469892
3,t0115_seed9354_no_autostop,9354,21,1964,0.05753424657534241,40.952380952380956,-2.1674820203931016,-0.9101716236550764
3,t0115_seed9354_no_autostop,9354,21,1965,0.04451038575667656,41.904761904761905,-1.9681842440712969,0.03911852323619539
3,t0115_seed9354_no_autostop,9354,21,1966,0.0872093023255814,37.38095238095239,-1.7910632830883972,-0.01218176378767041
3,t0115_seed9354_no_autostop,9354,21,1969,0.002257336343115092,52.61904761904763,-1.761984098071537,-0.27057227623025065
3,t0115_seed9354_no_autostop,9354,21,1970,0.00220750551876386,54.04761904761905,-1.6663563389051756,-0.7258835786876542
3,t0115_seed9354_no_autostop,9354,21,1971,0.002197802197802166,54.28571428571429,-2.03248117114846,-0.8558323548402123
3,t0115_seed9354_no_autostop,9354,21,1976,0.6,1.4285714285714286,-2.437534296709396,-2.5661330662076702
3,t0115_seed9354_no_autostop,9354,21,1993,0.045871559633027525,40.714285714285715,-2.253976432678981,-0.5892730941639998
3,t0115_seed9354_no_autostop,9354,21,1997,0.0634441087613293,36.904761904761905,-2.0371227102045197,-0.9955314294784525
3,t0115_seed9354_no_autostop,9354,22,2024,0.9487179487179487,9.047619047619047,-4.137030033980191,-1.352967219914954
3,t0115_seed9354_no_autostop,9354,22,2025,0.5918367346938775,18.571428571428573,-2.6821293910008817,-0.4535803991034863
3,t0115_seed9354_no_autostop,9354,22,2031,0.13815789473684212,41.19047619047619,-2.214531407514069,0.2603469840996532
3,t0115_seed9354_no_autostop,9354,22,2041,0.03999999999999997,45.714285714285715,-1.9784265182498193,-0.42029941643977553
3,t0115_seed9354_no_autostop,9354,22,2053,0.07288629737609331,37.85714285714286,-3.594538220306449,0.31242904103901187
3,t0115_seed9354_no_autostop,9354,22,2094,0.004608294930875608,51.42857142857143,-2.3256346613177237,-1.199345193610793
3,t0115_seed9354_no_autostop,9354,22,2098,0.01546391752577325,45.476190476190474,-2.457334434544731,-1.888435909652526
3,t0115_seed9354_no_autostop,9354,22,2105,0.2824427480916031,11.190476190476192,-2.8032053432027975,-0.5770470514278369
3,t0115_seed9354_no_autostop,9354,22,2109,0.002386634844868701,49.761904761904766,-2.9937042610386557,-0.367003509115677
3,t0115_seed9354_no_autostop,9354,22,2110,0.11666666666666661,25.23809523809524,-3.064847856091154,-1.4481480418042996
3,t0115_seed9354_no_autostop,9354,23,2121,0.9090909090909092,25.0,-2.948049967185843,-0.849528062609001
3,t0115_seed9354_no_autostop,9354,23,2122,0.0051813471502590676,69.28571428571429,-3.1912161498273255,-0.8633098167063459
3,t0115_seed9354_no_autostop,9354,23,2124,0.28,45.714285714285715,-2.8663333775591475,-0.7670925011450399
3,t0115_seed9354_no_autostop,9354,23,2127,0.009049773755656078,52.142857142857146,-1.6378665360347324,-0.3467531654520122
3,t0115_seed9354_no_autostop,9354,23,2130,0.031476997578692455,47.61904761904763,-2.704280203627018,-1.4628604225442439
3,t0115_seed9354_no_autostop,9354,23,2137,0.00450450450450444,53.095238095238095,-2.5048675277344996,-0.07657575953905199
3,t0115_seed9354_no_autostop,9354,23,2152,6.123233995736766e-17,71.42857142857143,-3.6683940636815553,-1.0612985276512987
3,t0115_seed9354_no_autostop,9354,23,2153,0.02020202020202013,46.1904761904762,-3.3459400083912816,-1.7534832090590025
3,t0115_seed9354_no_autostop,9354,23,2154,0.01719901719901716,47.61904761904763,-3.115048019241622,-2.1865725148700617
3,t0115_seed9354_no_autostop,9354,23,2171,0.109375,40.714285714285715,-1.786100917687537,0.23335553031915854
3,t0115_seed9354_no_autostop,9354,23,2172,0.13650793650793647,32.38095238095239,-3.035500913241844,0.1694872930476146
3,t0115_seed9354_no_autostop,9354,23,2188,0.01781170483460567,45.95238095238095,-1.9095882913787154,-1.535708353443248
3,t0115_seed9354_no_autostop,9354,23,2197,0.2402234636871508,16.190476190476193,-2.9994764291986016,-3.2620406112474867
3,t0115_seed9354_no_autostop,9354,23,2204,0.002386634844868701,50.0,-2.3362272484143807,-0.6603349506475436
3,t0115_seed9354_no_autostop,9354,23,2206,0.21250000000000002,15.000000000000002,-2.6759773172225514,-1.1472275423025557
3,t0115_seed9354_no_autostop,9354,24,2217,6.123233995736766e-17,76.42857142857143,-2.606414624930711,-0.6627260644112111
3,t0115_seed9354_no_autostop,9354,24,2218,0.028037383177570097,49.523809523809526,-3.19118613977777,-1.5276606355269262
3,t0115_seed9354_no_autostop,9354,24,2219,0.5636363636363636,40.952380952380956,-3.174236401738529,-0.1976399235432872
3,t0115_seed9354_no_autostop,9354,24,2220,0.5705521472392638,30.476190476190478,-3.626265423195083,-0.44734860364881274
3,t0115_seed9354_no_autostop,9354,24,2222,0.00873362445414844,54.04761904761905,-2.1782055823701767,-0.0829517356534228
3,t0115_seed9354_no_autostop,9354,24,2225,0.036855036855036855,46.666666666666664,-3.4421875623187743,-1.548672158191769
3,t0115_seed9354_no_autostop,9354,24,2231,0.004237288135593251,56.42857142857143,-0.15698612443794732,-0.9360652109857734
3,t0115_seed9354_no_autostop,9354,24,2236,0.48387096774193544,27.380952380952383,-4.449849222027607,-1.2974944131385735
3,t0115_seed9354_no_autostop,9354,24,2244,0.17799352750809058,30.23809523809524,-2.7519333465770375,-0.08359839744899493
3,t0115_seed9354_no_autostop,9354,24,2247,0.007194244604316547,49.28571428571429,-2.5662340873016602,-0.6174710302251484
3,t0115_seed9354_no_autostop,9354,24,2254,6.123233995736766e-17,75.0,-4.178042824890749,-1.0302886145599277
3,t0115_seed9354_no_autostop,9354,24,2269,0.04848484848484844,41.19047619047619,-2.5854801306442434,-1.0465288041561864
3,t0115_seed9354_no_autostop,9354,24,2275,0.00450450450450444,52.61904761904763,-3.1142033415745316,-1.999652194039728
3,t0115_seed9354_no_autostop,9354,24,2300,0.09348441926345603,38.0952380952381,-2.137126411141106,0.2662820376821666
3,t0115_seed9354_no_autostop,9354,25,2315,0.09574468085106388,49.04761904761905,-2.8119746965813444,0.340020634436508
3,t0115_seed9354_no_autostop,9354,25,2316,0.013215859030837003,54.761904761904766,-1.7541356111902178,-0.8515649802043235
3,t0115_seed9354_no_autostop,9354,25,2317,6.123233995736766e-17,76.42857142857143,-2.578260001887884,-0.5871876832143059
3,t0115_seed9354_no_autostop,9354,25,2318,0.014285714285714285,50.714285714285715,-1.6065640702216815,-0.6239625654259641
3,t0115_seed9354_no_autostop,9354,25,2325,0.0020703933747412595,57.38095238095238,0.32041184510509774,-1.0906640251328208
3,t0115_seed9354_no_autostop,9354,25,2332,0.008620689655172382,54.761904761904766,-3.4751532326785313,-1.6163059951218484
3,t0115_seed9354_no_autostop,9354,25,2341,0.16393442622950818,36.42857142857143,-2.5750007425404697,0.5627154528136598
3,t0115_seed9354_no_autostop,9354,25,2349,0.41538461538461535,18.095238095238095,-3.2484949381305737,-0.28859910752913437
3,t0115_seed9354_no_autostop,9354,25,2354,0.03763440860215052,45.95238095238095,-3.0516358303305195,-0.3574941278739794
3,t0115_seed9354_no_autostop,9354,25,2361,0.056910569105691054,41.42857142857143,-2.1528662687120996,-1.2043556317249609
3,t0115_seed9354_no_autostop,9354,25,2370,0.6129032258064516,1.4285714285714286,-1.8475866785718569,-0.6551044316594278
3,t0115_seed9354_no_autostop,9354,25,2376,0.024390243902438987,47.61904761904763,-3.1873642309821593,-1.2422557467980768
3,t0115_seed9354_no_autostop,9354,25,2383,0.006993006993006993,50.714285714285715,-2.7671240887746515,-0.024105150569590388
3,t0115_seed9354_no_autostop,9354,25,2384,0.006864988558352403,51.666666666666664,-3.228551716568922,-1.0648880721149938
3,t0115_seed9354_no_autostop,9354,25,2387,0.00220750551876386,54.04761904761905,-2.655854191355315,-0.02537965810130698
3,t0115_seed9354_no_autostop,9354,25,2388,6.123233995736766e-17,74.28571428571429,-1.6492989843282724,-1.2739162818544292
3,t0115_seed9354_no_autostop,9354,25,2397,0.12643678160919541,27.142857142857146,-3.1954557655888522,0.3357895553441409
3,t0115_seed9354_no_autostop,9354,25,2399,0.12179487179487183,32.61904761904762,-2.9149378136686126,-1.099390872884932
3,t0115_seed9354_no_autostop,9354,26,2414,0.0273972602739726,50.714285714285715,-2.003444319790743,-1.1964394349917897
3,t0115_seed9354_no_autostop,9354,26,2415,0.01809954751131225,51.666666666666664,-2.2748643745245967,-1.155600178861863
3,t0115_seed9354_no_autostop,9354,26,2430,0.024154589371980745,48.095238095238095,-3.190956377342519,-2.2225644146775925
3,t0115_seed9354_no_autostop,9354,26,2436,0.07303370786516852,45.476190476190474,-1.8906712616077757,-0.42254275917829226
3,t0115_seed9354_no_autostop,9354,26,2437,0.09365558912386708,43.0952380952381,-1.6820670764071501,0.3534869335238284
3,t0115_seed9354_no_autostop,9354,26,2440,0.49450549450549447,16.190476190476193,-3.61904298923461,-0.14489887659041628
3,t0115_seed9354_no_autostop,9354,26,2447,0.28125,19.523809523809526,-1.794136096031198,-0.6685622136109823
3,t0115_seed9354_no_autostop,9354,26,2448,0.2589285714285714,19.761904761904763,-3.2004145737779943,-2.41326674402557
3,t0115_seed9354_no_autostop,9354,26,2456,6.123233995736766e-17,75.0,-1.5549212151384264,-0.7371877530316104
3,t0115_seed9354_no_autostop,9354,26,2459,0.012048192771084373,50.0,-2.7065137471656917,-0.35457784303805157
3,t0115_seed9354_no_autostop,9354,26,2465,0.15540540540540546,29.761904761904763,-3.0110081063201206,-0.2131776338370467
3,t0115_seed9354_no_autostop,9354,26,2467,0.05084745762711865,44.28571428571429,-3.180948860817394,0.09464533072831514
0,t0115_seed9354_no_autostop,9354,26,2471,0.7333333333333333,0.9523809523809524,-3.5798543730712966,-2.8783093428513875
3,t0115_seed9354_no_autostop,9354,26,2487,0.011876484560570107,49.523809523809526,-2.7797254585847484,0.05186157426471083
3,t0115_seed9354_no_autostop,9354,27,2508,6.123233995736766e-17,80.0,-1.0190963321106448,0.7188572812172315
3,t0115_seed9354_no_autostop,9354,27,2509,0.006289308176100629,57.142857142857146,-1.4237255110936122,-0.8422956420439658
3,t0115_seed9354_no_autostop,9354,27,2510,0.22448979591836732,50.0,-2.536457842497157,0.35355600173343
3,t0115_seed9354_no_autostop,9354,27,2521,0.01647058823529408,51.42857142857143,-3.293623093378448,-0.6831089586120559
3,t0115_seed9354_no_autostop,9354,27,2531,0.21739130434782608,33.333333333333336,-1.4038173870892938,-1.6610007249205527
3,t0115_seed9354_no_autostop,9354,27,2537,0.6666666666666666,2.619047619047619,-1.5083907487370505,-1.119027953548305
3,t0115_seed9354_no_autostop,9354,27,2540,0.2835820895522388,22.857142857142858,-2.2876795559083485,0.5385963060645099
3,t0115_seed9354_no_autostop,9354,27,2552,0.14285714285714285,36.19047619047619,-2.0322206222289583,0.5018716886199599
3,t0115_seed9354_no_autostop,9354,27,2554,0.1724137931034483,31.42857142857143,-2.746048029421075,-0.2525404859095947
3,t0115_seed9354_no_autostop,9354,27,2585,6.123233995736766e-17,74.28571428571429,-2.7553880020518045,-0.9638778334848885
3,t0115_seed9354_no_autostop,9354,27,2588,0.05014749262536877,38.333333333333336,-0.5995060730418066,-1.905489592185344
3,t0115_seed9354_no_autostop,9354,27,2589,0.29670329670329676,14.04761904761905,-3.366944905039727,-0.9454034113448613
3,t0115_seed9354_no_autostop,9354,28,2602,0.01487603305785124,73.0952380952381,-2.2435393575669846,1.2623716808031928
3,t0115_seed9354_no_autostop,9354,28,2606,0.6666666666666666,14.285714285714286,-2.4913047372548554,0.33637151415335503
3,t0115_seed9354_no_autostop,9354,28,2607,0.5257731958762886,35.23809523809524,-2.251125310301391,-0.4936186205227688
3,t0115_seed9354_no_autostop,9354,28,2608,0.3303964757709251,35.952380952380956,-3.228760193302836,-0.008513448153515981
3,t0115_seed9354_no_autostop,9354,28,2614,0.1452991452991453,47.85714285714286,-3.0755722182643064,1.0932594606661508
3,t0115_seed9354_no_autostop,9354,28,2620,0.1707317073170732,40.0,-2.3169315121520344,-0.5042520126588595
0,t0115_seed9354_no_autostop,9354,28,2622,0.6875,1.1904761904761907,-3.1548438281731532,-2.06230540181819
3,t0115_seed9354_no_autostop,9354,28,2635,0.13953488372093018,46.666666666666664,-3.471750976851813,-1.1689822697007226
3,t0115_seed9354_no_autostop,9354,28,2638,0.0019646365422396573,60.714285714285715,-2.099049179509472,-0.6300545217330096
3,t0115_seed9354_no_autostop,9354,28,2652,0.47540983606557374,11.428571428571429,-1.9706298379044045,-0.7824274095652984
3,t0115_seed9354_no_autostop,9354,29,2699,0.941747572815534,23.809523809523814,-2.5059518992373206,-0.1062579237685328
3,t0115_seed9354_no_autostop,9354,29,2700,0.3137254901960784,47.85714285714286,-2.174034595247447,0.1085724148599208
3,t0115_seed9354_no_autostop,9354,29,2704,6.123233995736766e-17,78.57142857142857,-2.481693733394061,-0.2724849895169745
3,t0115_seed9354_no_autostop,9354,29,2715,0.6144578313253013,15.952380952380953,-4.136818164005684,-0.4872433035813025
3,t0115_seed9354_no_autostop,9354,29,2717,0.24844720496894407,47.85714285714286,-2.8870492562900503,0.17032834130747412
3,t0115_seed9354_no_autostop,9354,29,2723,6.123233995736766e-17,76.42857142857143,-2.0522478911989768,-0.31442622409459214
3,t0115_seed9354_no_autostop,9354,29,2739,0.5555555555555556,10.0,-2.1615438429951292,-0.35521972355635206
3,t0115_seed9354_no_autostop,9354,29,2746,0.36332179930795844,21.90476190476191,-3.0738070759595097,-0.31160734827211073
3,t0115_seed9354_no_autostop,9354,29,2758,0.6,3.5714285714285716,-2.281229400147438,-0.13735074999828703
3,t0115_seed9354_no_autostop,9354,29,2766,0.20833333333333331,27.61904761904762,-1.8330700492326235,-0.1512535555201287
3,t0115_seed9354_no_autostop,9354,29,2775,0.15384615384615385,32.142857142857146,-3.155026120550379,0.3036859171115963
3,t0115_seed9354_no_autostop,9354,29,2783,0.00985221674876844,47.85714285714286,-2.0392734665118164,-1.0872896900702593
3,t0115_seed9354_no_autostop,9354,30,2797,0.4372623574144486,45.0,-3.2147595218627067,-1.1135024608484023
3,t0115_seed9354_no_autostop,9354,30,2801,6.123233995736766e-17,78.57142857142857,-1.9560176440679309,-0.13596528425102183
3,t0115_seed9354_no_autostop,9354,30,2803,0.06329113924050635,50.0,-3.2561466423472236,0.024185629278167243
3,t0115_seed9354_no_autostop,9354,30,2807,0.008460236886632777,70.95238095238095,-0.9454528547865837,0.3709086042804357
3,t0115_seed9354_no_autostop,9354,30,2812,0.7735849056603774,11.190476190476192,-3.56882462282253,-0.4571482194001671
3,t0115_seed9354_no_autostop,9354,30,2819,6.123233995736766e-17,77.85714285714286,-4.26055496848385,-0.3603097325712446
3,t0115_seed9354_no_autostop,9354,30,2836,0.227906976744186,31.42857142857143,-1.8697884142891916,-0.5032552233512062
3,t0115_seed9354_no_autostop,9354,30,2841,0.013888888888888888,50.714285714285715,-1.190254906376767,-1.9827611820225566
3,t0115_seed9354_no_autostop,9354,30,2866,6.123233995736766e-17,75.71428571428572,-2.623697628579992,-1.126123996089194
3,t0115_seed9354_no_autostop,9354,31,2892,0.03769401330376944,51.666666666666664,-3.206460866814575,-1.9547011547817388
3,t0115_seed9354_no_autostop,9354,31,2902,0.0125,56.42857142857143,-1.639462284653704,-0.9829167163137078
3,t0115_seed9354_no_autostop,9354,31,2916,6.123233995736766e-17,77.85714285714286,-2.320860713660064,-0.4217970161332626
3,t0115_seed9354_no_autostop,9354,31,2929,0.6699029126213591,4.047619047619048,-2.408939716828211,-0.5678156451565418
3,t0115_seed9354_no_autostop,9354,31,2930,0.2517482517482518,42.61904761904762,-2.9334175386576757,0.4082347497497703
3,t0115_seed9354_no_autostop,9354,31,2933,0.43478260869565216,23.571428571428573,-2.133792443234479,-0.11846924029012122
3,t0115_seed9354_no_autostop,9354,31,2934,0.28621908127208484,24.047619047619047,-3.0954167073621,0.2646114512914247
3,t0115_seed9354_no_autostop,9354,31,2939,0.022222222222222223,49.28571428571429,-2.295653922230189,0.4837579279904789
3,t0115_seed9354_no_autostop,9354,31,2969,0.10422535211267601,37.85714285714286,-3.0290039515469838,-0.9650136095530553
3,t0115_seed9354_no_autostop,9354,31,2971,0.015384615384615385,45.714285714285715,-1.4968455695236964,0.20625505293042695
3,t0115_seed9354_no_autostop,9354,32,3001,0.8108108108108109,15.952380952380953,-3.4280656095173634,-0.3739667369782351
3,t0115_seed9354_no_autostop,9354,32,3012,0.03500000000000004,49.28571428571429,-3.917798663664815,0.19332626929938576
3,t0115_seed9354_no_autostop,9354,32,3013,0.003311258278145719,72.14285714285715,-2.2961098000765556,0.6403400988973875
3,t0115_seed9354_no_autostop,9354,32,3050,0.1866666666666667,42.38095238095239,-3.9508809372090075,-1.1994170841482794
3,t0115_seed9354_no_autostop,9354,32,3053,0.026634382566585988,47.85714285714286,-1.8558605337438354,-0.9751650524227833
3,t0115_seed9354_no_autostop,9354,32,3062,0.19637462235649544,31.66666666666667,-3.4151874766943946,-0.3556645704351598
3,t0115_seed9354_no_autostop,9354,32,3071,0.022443890274314215,46.666666666666664,-3.3315945192911074,0.5912689354552497
3,t0115_seed9354_no_autostop,9354,33,3085,0.0015649452269171024,76.1904761904762,-2.5305845670320424,-0.11670902419303153
3,t0115_seed9354_no_autostop,9354,33,3086,0.6,26.66666666666667,-2.2145776969335214,0.5625629018412688
3,t0115_seed9354_no_autostop,9354,33,3092,0.11780821917808222,48.57142857142858,-2.7142042991386646,-0.3026695898532205
3,t0115_seed9354_no_autostop,9354,33,3098,0.8969072164948453,21.90476190476191,-3.578034674986384,-1.439679631674355
3,t0115_seed9354_no_autostop,9354,33,3101,0.3333333333333333,44.28571428571429,-2.0857455211717544,-0.4019662573117738
3,t0115_seed9354_no_autostop,9354,33,3116,0.006535947712418301,55.0,-2.174685194936731,-0.32639771640951215
3,t0115_seed9354_no_autostop,9354,33,3130,0.0017035775127768069,69.76190476190477,-1.7960471690806183,-2.046381544363334
3,t0115_seed9354_no_autostop,9354,33,3165,0.1333333333333334,44.523809523809526,-3.7193290467138445,0.8037039401700994
3,t0115_seed9354_no_autostop,9354,33,3166,0.006993006993006993,51.42857142857143,-4.193723370928614,-1.1515884844661677
3,t0115_seed9354_no_autostop,9354,33,3167,0.056910569105691054,46.42857142857143,-2.2976176333145903,-0.7122507585142615
3,t0115_seed9354_no_autostop,9354,34,3179,0.9398496240601503,30.714285714285715,-2.573055597769563,-0.48788278274318375
3,t0115_seed9354_no_autostop,9354,34,3180,0.0015503875968992688,76.90476190476191,-2.8421405039042686,-0.9158812999763599
3,t0115_seed9354_no_autostop,9354,34,3185,0.18285714285714288,49.28571428571429,-3.6678130321586138,-0.31235469120162695
3,t0115_seed9354_no_autostop,9354,34,3191,0.00990099009900993,59.523809523809526,-1.1777338067199146,0.5755766402254705
3,t0115_seed9354_no_autostop,9354,34,3193,0.2861736334405145,47.61904761904763,-2.4651753241381185,0.1606080659280325
3,t0115_seed9354_no_autostop,9354,34,3199,0.9266055045871558,25.0,-3.202541038936995,-0.381954587355332
3,t0115_seed9354_no_autostop,9354,34,3200,0.35294117647058826,32.85714285714286,-3.184157267637451,-1.094556164966875
3,t0115_seed9354_no_autostop,9354,34,3203,0.05555555555555557,49.761904761904766,-1.3506567071069755,-0.39020215363333327
3,t0115_seed9354_no_autostop,9354,34,3221,0.9130434782608696,10.476190476190476,-4.3802162826663835,-0.8346177164811921
3,t0115_seed9354_no_autostop,9354,34,3238,0.28846153846153844,31.904761904761905,-2.931165504803993,-1.0461040509860104
3,t0115_seed9354_no_autostop,9354,34,3247,0.0019880715705765124,59.761904761904766,-0.9705182571369014,0.8449147897268737
3,t0115_seed9354_no_autostop,9354,34,3249,0.004201680672268937,56.42857142857143,-1.4732989748333825,0.01786913733113952
3,t0115_seed9354_no_autostop,9354,34,3256,0.2815533980582524,31.42857142857143,-3.36393234608576,-0.6808475033310094
3,t0115_seed9354_no_autostop,9354,34,3261,6.123233995736766e-17,71.42857142857143,-2.9798634978938443,-0.7546366002066793
3,t0115_seed9354_no_autostop,9354,35,3274,0.6020408163265306,37.38095238095239,-2.7127528317101284,0.5512742699231795
3,t0115_seed9354_no_autostop,9354,35,3275,0.0032258064516129258,74.04761904761905,-2.283041908448867,0.8837457368346949
3,t0115_seed9354_no_autostop,9354,35,3276,0.0015455950540958047,77.14285714285715,-2.437856173161179,-0.6749452184828223
3,t0115_seed9354_no_autostop,9354,35,3277,0.9508196721311475,28.333333333333332,-3.038871192661157,-0.5373860998860855
3,t0115_seed9354_no_autostop,9354,35,3278,0.15104166666666669,52.61904761904763,-2.972283458121452,-0.12558307371420427
3,t0115_seed9354_no_autostop,9354,35,3279,0.032846715328467155,63.095238095238095,-1.2460352132330133,-0.2808238874152449
3,t0115_seed9354_no_autostop,9354,35,3280,6.123233995736766e-17,79.28571428571429,-2.66706295291446,-0.723229524659025
3,t0115_seed9354_no_autostop,9354,35,3295,0.015503875968992192,60.47619047619048,-3.077914976513962,-1.4522845706194178
3,t0115_seed9354_no_autostop,9354,35,3304,0.3308270676691729,42.142857142857146,-3.8963307892313934,-0.8006024226508347
3,t0115_seed9354_no_autostop,9354,35,3308,0.41818181818181815,27.857142857142858,-3.2106060343286043,0.2820946947139594
3,t0115_seed9354_no_autostop,9354,35,3324,0.0017825311942959508,66.90476190476191,-2.258770278059626,1.0180054481355043
3,t0115_seed9354_no_autostop,9354,35,3327,0.2312703583061889,45.0,-3.3491008193188403,-0.3230303905908768
3,t0115_seed9354_no_autostop,9354,35,3340,0.004016064257028056,59.523809523809526,-2.441823241905031,-0.5942087531248318
3,t0115_seed9354_no_autostop,9354,35,3341,6.123233995736766e-17,77.14285714285715,-2.3056391155308233,-1.4832456563014493
3,t0115_seed9354_no_autostop,9354,35,3352,0.2328767123287671,32.142857142857146,-2.132138900498774,0.0546045290339276
3,t0115_seed9354_no_autostop,9354,36,3374,0.9718309859154931,33.333333333333336,-2.149173551616805,-0.22994873099775504
3,t0115_seed9354_no_autostop,9354,36,3375,0.949044585987261,36.42857142857143,-2.198831482374537,0.6928494558484495
3,t0115_seed9354_no_autostop,9354,36,3376,0.0015898251192368613,74.76190476190477,-1.9622666859880462,-0.8266491499373979
3,t0115_seed9354_no_autostop,9354,36,3377,1.0,9.523809523809526,-3.1645230160100053,-1.5750375902033726
3,t0115_seed9354_no_autostop,9354,36,3382,0.009451795841209858,63.57142857142858,-2.7264375723732837,-1.5645907361502056
3,t0115_seed9354_no_autostop,9354,36,3386,0.36964980544747084,41.904761904761905,-3.7749228897013034,-0.08593035637728039
3,t0115_seed9354_no_autostop,9354,36,3387,0.5477386934673366,36.66666666666667,-2.524513946322442,-0.22813127392633892
3,t0115_seed9354_no_autostop,9354,36,3393,0.8875,35.952380952380956,-2.7165481582486115,0.10888416500120188
3,t0115_seed9354_no_autostop,9354,36,3399,0.008460236886632777,69.76190476190477,-2.14570249995863,0.014290386811629984
3,t0115_seed9354_no_autostop,9354,36,3403,0.2907801418439716,43.333333333333336,-2.3408396601558934,-0.08456876123871993
3,t0115_seed9354_no_autostop,9354,36,3404,0.3384615384615384,41.42857142857143,-3.4073739579728968,-0.48283561400155195
3,t0115_seed9354_no_autostop,9354,36,3405,0.35964912280701755,36.904761904761905,-3.765526948483333,-1.2576719300328867
3,t0115_seed9354_no_autostop,9354,36,3416,0.9248120300751881,30.476190476190478,-3.206070192138443,0.10774583170758914
3,t0115_seed9354_no_autostop,9354,36,3418,0.6610169491525424,35.0,-2.7911265630914395,-1.1545249840894896
3,t0115_seed9354_no_autostop,9354,36,3421,0.0033003300330032535,71.90476190476191,-1.7632786568099639,0.9904631094893678
3,t0115_seed9354_no_autostop,9354,36,3436,0.009090909090909058,51.90476190476191,-3.4632423989868926,-0.9975767335845346
3,t0115_seed9354_no_autostop,9354,37,3467,0.8324022346368715,39.04761904761905,-2.7239367043360767,0.091986667492816
3,t0115_seed9354_no_autostop,9354,37,3468,6.123233995736766e-17,81.42857142857143,-2.1293598215546345,-0.3738763236727512
3,t0115_seed9354_no_autostop,9354,37,3469,0.011904761904761862,79.04761904761905,-1.9320450196029038,-0.18098913308683579
3,t0115_seed9354_no_autostop,9354,37,3478,0.02258726899383987,56.666666666666664,-3.0866334345827866,-1.8580201425089202
3,t0115_seed9354_no_autostop,9354,37,3499,0.3662551440329218,39.523809523809526,-1.998060365047549,0.2981861816763198
3,t0115_seed9354_no_autostop,9354,37,3501,0.022624434389140243,51.42857142857143,-2.860720059775072,0.6065774590891807
3,t0115_seed9354_no_autostop,9354,37,3511,0.9389312977099236,30.23809523809524,-2.9399315710185743,-0.5420183244078104
3,t0115_seed9354_no_autostop,9354,37,3513,0.8356164383561644,31.904761904761905,-2.7843231972118727,-1.13728167326928
3,t0115_seed9354_no_autostop,9354,37,3519,0.13239436619718306,47.85714285714286,-3.0420636520612345,-0.17544588298592023
3,t0115_seed9354_no_autostop,9354,37,3530,0.9359999999999999,28.809523809523814,-2.6512328737523423,0.5278085812481257
3,t0115_seed9354_no_autostop,9354,37,3532,0.631578947368421,29.52380952380953,-2.927237641750408,-0.4316859530820582
3,t0115_seed9354_no_autostop,9354,37,3541,0.9322033898305083,27.142857142857146,-3.2141863304558185,-0.19967215891470733
3,t0115_seed9354_no_autostop,9354,37,3544,0.9200000000000002,28.571428571428573,-2.753659981448063,0.272813051785377
3,t0115_seed9354_no_autostop,9354,37,3546,0.19310344827586207,41.19047619047619,-2.6075620207910166,-0.12730956900369675
3,t0115_seed9354_no_autostop,9354,37,3547,0.007407407407407408,48.57142857142858,-2.340225990633955,-1.5155643427056045
3,t0115_seed9354_no_autostop,9354,37,3548,0.0019801980198019525,60.23809523809524,-3.2593848927574527,-0.8304977300215177
3,t0115_seed9354_no_autostop,9354,38,3569,0.4082397003745318,44.761904761904766,-3.5050213023384753,-0.30698438790855226
3,t0115_seed9354_no_autostop,9354,38,3572,0.06666666666666665,49.523809523809526,-3.081379175281769,-0.16806379261942414
3,t0115_seed9354_no_autostop,9354,38,3575,0.958041958041958,33.333333333333336,-3.6187523808820923,-1.0084206122873138
3,t0115_seed9354_no_autostop,9354,38,3577,1.0,7.857142857142858,-2.7835358869395193,0.338674884270519
3,t0115_seed9354_no_autostop,9354,38,3579,0.4636363636363637,38.333333333333336,-4.018608293383097,-1.4163185541206829
3,t0115_seed9354_no_autostop,9354,38,3588,0.010676156583629894,67.61904761904762,-2.5440072676476015,0.06726229652159434
3,t0115_seed9354_no_autostop,9354,38,3603,0.952755905511811,29.52380952380953,-2.7473834145662384,0.24124708013341728
3,t0115_seed9354_no_autostop,9354,38,3619,0.3568627450980392,41.19047619047619,-2.423759022863378,0.6469172561498429
3,t0115_seed9354_no_autostop,9354,38,3631,0.005917159763313609,60.714285714285715,-1.7318615877811232,-0.41566864686345634
3,t0115_seed9354_no_autostop,9354,39,3660,0.008547008547008548,84.28571428571429,-1.3285287276852251,0.825122630022987
3,t0115_seed9354_no_autostop,9354,39,3661,0.9720279720279721,33.57142857142858,-3.2090183536456984,-0.09771927358863639
3,t0115_seed9354_no_autostop,9354,39,3662,0.6195121951219512,39.523809523809526,-3.336559968556799,-1.1783130444185543
3,t0115_seed9354_no_autostop,9354,39,3673,0.92,34.285714285714285,-2.718906316396772,-0.8495145705224966
3,t0115_seed9354_no_autostop,9354,39,3683,6.123233995736766e-17,82.85714285714286,-2.1983323710409337,-0.4303250843371214
3,t0115_seed9354_no_autostop,9354,39,3699,0.013513513513513514,53.57142857142858,-2.6347991367449093,-0.14573871515418646
3,t0115_seed9354_no_autostop,9354,39,3706,6.123233995736766e-17,81.42857142857143,-0.8684559373710343,0.46941048746328545
3,t0115_seed9354_no_autostop,9354,39,3711,0.14035087719298245,46.42857142857143,-2.2999617956413614,0.26168065625963816
3,t0115_seed9354_no_autostop,9354,39,3724,0.00884955752212386,53.33333333333334,-1.952593783629615,-0.59270896285771
3,t0115_seed9354_no_autostop,9354,39,3732,0.9548872180451128,30.952380952380956,-2.555305636056792,0.02154351827110218
3,t0115_seed9354_no_autostop,9354,39,3737,0.8309859154929577,30.952380952380956,-3.1782433060220123,-0.45477504718461487
3,t0115_seed9354_no_autostop,9354,39,3738,0.004081632653061254,58.57142857142858,-1.9766528892203985,0.6183707003114642
3,t0115_seed9354_no_autostop,9354,39,3741,0.044854881266490745,47.142857142857146,-3.286227037691742,0.5688554770978231
3,t0115_seed9354_no_autostop,9354,40,3758,0.5564516129032259,45.95238095238095,-3.494185257555389,-1.4268888123996195
3,t0115_seed9354_no_autostop,9354,40,3759,0.026086956521739132,70.23809523809524,-2.1097285393646965,-0.5151210458203817
3,t0115_seed9354_no_autostop,9354,40,3761,0.30519480519480524,47.85714285714286,-2.741806418499927,0.17016772499835364
3,t0115_seed9354_no_autostop,9354,40,3765,0.0323886639676113,56.90476190476191,-3.0941857734434928,-1.765740281363624
3,t0115_seed9354_no_autostop,9354,40,3777,0.0015600624024960776,76.42857142857143,-1.3581998059537363,0.5699802742774682
3,t0115_seed9354_no_autostop,9354,40,3784,0.013333333333333388,63.33333333333334,-2.7548484573831997,-1.5566938216998638
3,t0115_seed9354_no_autostop,9354,40,3816,0.5795454545454545,33.0952380952381,-3.0039026722924134,-1.2335740349524775
3,t0115_seed9354_no_autostop,9354,40,3826,0.0017331022530329046,68.80952380952381,-2.481127862063668,-0.026199415744167814
3,t0115_seed9354_no_autostop,9354,40,3830,0.0017953321364452166,66.42857142857143,-3.1193242159106442,-0.13664651842794473
3,t0115_seed9354_no_autostop,9354,40,3832,0.001972386587771259,60.47619047619048,-0.7942574392813317,-1.8465834703117523
3,t0115_seed9354_no_autostop,9354,41,3856,0.014681892332789558,74.04761904761905,-1.2059154025683703,-0.4932625599139363
3,t0115_seed9354_no_autostop,9354,41,3857,0.002808988764044964,85.0,-1.2589940418158225,0.897313518647062
3,t0115_seed9354_no_autostop,9354,41,3861,0.09043927648578809,50.23809523809524,-1.561728533312752,0.05822302771031722
3,t0115_seed9354_no_autostop,9354,41,3863,0.028340080971659944,57.142857142857146,-2.8084708881006284,-0.4866539652938937
3,t0115_seed9354_no_autostop,9354,41,3884,0.15580736543909351,48.57142857142858,-3.660137933957995,-0.18611225148023824
3,t0115_seed9354_no_autostop,9354,41,3888,0.06905370843989775,49.761904761904766,-2.873116678050696,-0.14814171929536823
3,t0115_seed9354_no_autostop,9354,41,3893,0.9054054054054053,33.57142857142858,-3.221027986159481,-0.41979746667625034
3,t0115_seed9354_no_autostop,9354,41,3901,6.123233995736766e-17,82.14285714285715,-1.6977756673542588,-0.029771632200271334
3,t0115_seed9354_no_autostop,9354,41,3905,0.16913946587537096,46.90476190476191,-3.446861143248914,-0.8268888862692599
3,t0115_seed9354_no_autostop,9354,41,3924,6.123233995736766e-17,80.0,-1.0886310179800467,0.646666392593157
3,t0115_seed9354_no_autostop,9354,41,3930,0.0016528925619834474,71.90476190476191,-2.249810673791802,1.2609191342496595
3,t0115_seed9354_no_autostop,9354,41,3935,0.003584229390680953,66.1904761904762,-1.5390883061479648,-1.6353562027855784
3,t0115_seed9354_no_autostop,9354,42,3948,0.7899159663865546,50.714285714285715,-3.0521017649214808,-0.16960219339609967
3,t0115_seed9354_no_autostop,9354,42,3949,0.9602649006622517,35.23809523809524,-2.417263943339796,0.23987862966080942
3,t0115_seed9354_no_autostop,9354,42,3955,0.0030959752321981647,77.14285714285715,-1.9506403434371375,-0.9193426193121949
3,t0115_seed9354_no_autostop,9354,42,3962,0.011965811965812015,68.80952380952381,-2.2568935949533038,0.3247702644180169
3,t0115_seed9354_no_autostop,9354,42,3968,0.75,46.666666666666664,-2.604440700697235,0.6664677139256951
3,t0115_seed9354_no_autostop,9354,42,4001,0.00558659217877095,64.28571428571429,-3.3778885946040584,-1.5260054565976795
3,t0115_seed9354_no_autostop,9354,42,4013,0.6477272727272727,34.523809523809526,-2.661713317505488,-0.7244537779023676
3,t0115_seed9354_no_autostop,9354,42,4020,6.123233995736766e-17,80.71428571428572,-1.470384283805075,0.054914381026943675
3,t0115_seed9354_no_autostop,9354,42,4030,0.8805970149253731,2.857142857142857,-3.550219424819721,-0.49478199142189216
3,t0115_seed9354_no_autostop,9354,43,4044,0.9797979797979797,23.333333333333332,-2.201857408872624,-0.2567823410659835
3,t0115_seed9354_no_autostop,9354,43,4045,0.012269938650306771,76.66666666666667,-2.675969434964213,-0.4833166872337122
3,t0115_seed9354_no_autostop,9354,43,4046,1.0,11.666666666666666,-2.820477240001224,0.0143385009483875
3,t0115_seed9354_no_autostop,9354,43,4047,0.03296703296703297,55.95238095238095,-1.9441243987486247,-1.0029625379401435
3,t0115_seed9354_no_autostop,9354,43,4048,0.0041841004184100415,85.0,-2.0157075349023827,0.05767596105528498
3,t0115_seed9354_no_autostop,9354,43,4055,0.015936254980079712,58.80952380952381,-3.1149913625422108,-1.525436940544042
3,t0115_seed9354_no_autostop,9354,43,4065,0.00775193798449608,76.1904761904762,-1.4376385901367699,1.3735701865426913
3,t0115_seed9354_no_autostop,9354,43,4069,0.002816901408450724,84.76190476190477,-1.7002086038426194,-0.1429726095148993
3,t0115_seed9354_no_autostop,9354,43,4085,0.01171875,60.23809523809524,-2.778075260917371,0.031603154472082236
3,t0115_seed9354_no_autostop,9354,43,4109,0.4377510040160642,42.61904761904762,-3.0315250215538345,-1.3279102189569771
3,t0115_seed9354_no_autostop,9354,43,4119,6.123233995736766e-17,81.42857142857143,-1.4830200765549886,0.01970096931214274
3,t0115_seed9354_no_autostop,9354,43,4125,0.00757575757575763,62.38095238095238,-3.1200615468438584,-0.2671163417831813
3,t0115_seed9354_no_autostop,9354,44,4142,0.04742268041237116,55.0,-3.787698153567777,-1.2232994959080605
3,t0115_seed9354_no_autostop,9354,44,4143,0.8750000000000001,39.285714285714285,-2.6385269585754143,0.29174197764692567
3,t0115_seed9354_no_autostop,9354,44,4144,0.24929971988795516,53.095238095238095,-2.964120111980371,0.2117231655941678
3,t0115_seed9354_no_autostop,9354,44,4145,1.0,19.761904761904763,-2.370942381829149,0.5348063062121271
3,t0115_seed9354_no_autostop,9354,44,4166,0.04470588235294114,52.85714285714286,-3.796629634446154,-0.4762954438958769
3,t0115_seed9354_no_autostop,9354,44,4175,0.8823529411764706,34.285714285714285,-2.5911986257371504,-0.42823127074414447
3,t0115_seed9354_no_autostop,9354,44,4181,6.123233995736767e-17,85.0,-2.710576176540941,0.05953348020004809
3,t0115_seed9354_no_autostop,9354,44,4196,0.9264705882352943,31.19047619047619,-2.5940662504784258,-0.1660544754840754
3,t0115_seed9354_no_autostop,9354,44,4202,0.5441860465116278,39.523809523809526,-3.9289136465788053,0.2122617199868786
3,t0115_seed9354_no_autostop,9354,44,4203,0.4349442379182157,45.95238095238095,-2.4708687860838388,-0.9010182435614169
3,t0115_seed9354_no_autostop,9354,44,4210,6.123233995736766e-17,84.28571428571429,-1.6836876291684721,0.39113253582026813
3,t0115_seed9354_no_autostop,9354,45,4239,0.06037735849056606,59.28571428571429,-2.9163167923186055,-0.5246765159011866
3,t0115_seed9354_no_autostop,9354,45,4240,0.9814814814814814,25.476190476190474,-2.017772519490128,-0.4114628574664009
3,t0115_seed9354_no_autostop,9354,45,4258,1.0,19.28571428571429,-2.555936636595643,-0.4942446992608408
3,t0115_seed9354_no_autostop,9354,45,4264,0.05386416861826702,53.57142857142858,-1.4023636751545552,0.06355688838590956
3,t0115_seed9354_no_autostop,9354,45,4284,0.0015847860538827036,75.0,-2.555435673152679,1.1438751693857183
3,t0115_seed9354_no_autostop,9354,45,4287,0.08080808080808079,50.95238095238095,-3.138952738684967,-0.9925738842052965
3,t0115_seed9354_no_autostop,9354,45,4299,0.5470085470085471,43.0952380952381,-2.8803749987447858,-1.3052098060041595
3,t0115_seed9354_no_autostop,9354,46,4342,0.47857142857142865,49.28571428571429,-2.4477919175977836,-0.32758558250822417
3,t0115_seed9354_no_autostop,9354,46,4362,0.9663865546218489,27.857142857142858,-2.5623791522008754,-0.16908874392190815
3,t0115_seed9354_no_autostop,9354,46,4382,0.724867724867725,38.80952380952381,-3.462515474489332,0.08867858174390594
3,t0115_seed9354_no_autostop,9354,46,4391,0.9611650485436894,24.047619047619047,-3.0033466006728426,-0.5287891487295593
3,t0115_seed9354_no_autostop,9354,46,4395,0.3094462540716612,47.85714285714286,-2.7041887118951666,-0.2058670006734098
3,t0115_seed9354_no_autostop,9354,46,4396,0.881578947368421,34.04761904761905,-2.3044033194700546,-0.8140630042588506
3,t0115_seed9354_no_autostop,9354,46,4400,0.0053475935828877,67.14285714285715,-1.9308944678953845,-0.2838087647588306
3,t0115_seed9354_no_autostop,9354,46,4413,0.01935483870967742,54.28571428571429,-2.613885334970349,0.5548796810523842
3,t0115_seed9354_no_autostop,9354,46,4415,0.025404157043879945,52.85714285714286,-3.0017564188512447,0.587828485120841
3,t0115_seed9354_no_autostop,9354,47,4434,0.00768049155145925,78.0952380952381,-1.2143208611638092,-0.48084578905038455
3,t0115_seed9354_no_autostop,9354,47,4435,0.004316546762589928,83.0952380952381,-1.8694067081744707,0.21853203259603488
3,t0115_seed9354_no_autostop,9354,47,4436,0.0042313117066290545,84.04761904761905,-1.6917983836559132,-0.15539617646027348
3,t0115_seed9354_no_autostop,9354,47,4451,0.0698795180722892,52.85714285714286,-2.8093653761302972,-0.12269472317809899
3,t0115_seed9354_no_autostop,9354,47,4461,0.002949852507374589,80.47619047619048,-1.8576926724371745,-0.14119802577921386
3,t0115_seed9354_no_autostop,9354,47,4464,0.6540084388185654,46.666666666666664,-3.2887659078825306,-0.0309190892872467
3,t0115_seed9354_no_autostop,9354,47,4474,0.00324675324675327,73.57142857142857,-2.3200970606880045,0.9996433291392853
3,t0115_seed9354_no_autostop,9354,47,4480,0.06862745098039218,51.90476190476191,-2.317471212984578,0.3054265333950561
3,t0115_seed9354_no_autostop,9354,47,4481,1.0,17.38095238095238,-1.9245959097250547,-0.6327758567773926
3,t0115_seed9354_no_autostop,9354,47,4484,0.9775280898876405,20.952380952380953,-1.9606130249554992,-0.001706487689283703
3,t0115_seed9354_no_autostop,9354,47,4487,6.123233995736766e-17,84.28571428571429,-2.765157538622778,-0.18255192633492154
3,t0115_seed9354_no_autostop,9354,47,4497,0.6544502617801047,37.61904761904762,-2.6525988497868664,0.29023639985739996
3,t0115_seed9354_no_autostop,9354,47,4501,0.9436619718309858,32.85714285714286,-2.68756339695732,0.3251333974670364
3,t0115_seed9354_no_autostop,9354,47,4503,0.9041095890410958,33.0952380952381,-2.3975985359654515,-0.5926649320189925
3,t0115_seed9354_no_autostop,9354,47,4511,0.054455445544554476,50.714285714285715,-2.7087132614226936,0.4741602418132723
3,t0115_seed9354_no_autostop,9354,48,4541,0.011023622047244072,74.76190476190477,-1.8120026500565563,0.7487818230718131
3,t0115_seed9354_no_autostop,9354,48,4548,0.1548556430446194,52.38095238095238,-2.9956472468499227,0.1353365225553886
3,t0115_seed9354_no_autostop,9354,48,4555,0.029787234042553217,57.61904761904763,-2.079242586536273,-0.4842668311805538
3,t0115_seed9354_no_autostop,9354,48,4564,0.2248520710059172,49.28571428571429,-2.6612791627897248,-0.496519576851891
3,t0115_seed9354_no_autostop,9354,48,4587,0.627906976744186,41.66666666666667,-2.2677749046532636,0.0227475685340003
3,t0115_seed9354_no_autostop,9354,48,4588,0.3658536585365854,46.666666666666664,-2.4205450391177514,-0.011872113028010202
3,t0115_seed9354_no_autostop,9354,48,4606,0.010309278350515491,57.142857142857146,-3.9316537244113823,-0.27232570541395085
3,t0115_seed9354_no_autostop,9354,48,4607,6.123233995736766e-17,78.57142857142857,-2.5079123037870263,-0.5434627546051465
3,t0115_seed9354_no_autostop,9354,49,4624,6.123233995736766e-17,88.57142857142858,-1.6815271952448976,0.32821808717265855
3,t0115_seed9354_no_autostop,9354,49,4625,0.8913043478260869,41.42857142857143,-2.4143342012307687,-0.4000927627895094
3,t0115_seed9354_no_autostop,9354,49,4626,0.29518072289156627,51.1904761904762,-3.2402604626494265,-0.1641231245145634
3,t0115_seed9354_no_autostop,9354,49,4627,0.01689189189189187,71.66666666666667,-0.8694532712550884,0.006505891212172317
3,t0115_seed9354_no_autostop,9354,49,4671,0.11111111111111113,51.1904761904762,-3.1566431662374876,0.33155835543069406
3,t0115_seed9354_no_autostop,9354,49,4682,6.123233995736766e-17,84.28571428571429,-2.8710518788908783,-0.2925565549581606
3,t0115_seed9354_no_autostop,9354,50,4720,0.01771336553945245,75.23809523809524,-2.5173733408496184,-0.6104841505453131
3,t0115_seed9354_no_autostop,9354,50,4721,0.9141104294478527,37.142857142857146,-2.6226204314504367,-0.25830204788061534
3,t0115_seed9354_no_autostop,9354,50,4722,0.6691729323308271,52.85714285714286,-3.1537973493096025,0.34783370235256045
3,t0115_seed9354_no_autostop,9354,50,4748,0.5,49.28571428571429,-3.5286769239977884,0.7037488541808862
3,t0115_seed9354_no_autostop,9354,50,4749,0.33130699088145904,52.142857142857146,-3.277707030638794,-0.0039781155880223434
3,t0115_seed9354_no_autostop,9354,50,4753,0.9672131147540984,28.571428571428573,-3.1523460000555286,-0.5021019325439912
3,t0115_seed9354_no_autostop,9354,50,4757,0.0014727540500736169,80.71428571428572,-0.9361160585555749,-0.8972711958532462
3,t0115_seed9354_no_autostop,9354,50,4770,0.0033003300330032535,72.38095238095238,-3.169104597880888,1.7432986907497072
3,t0115_seed9354_no_autostop,9354,50,4774,0.49815498154981547,48.33333333333334,-2.29681299897907,0.39539367612661974
3,t0115_seed9354_no_autostop,9354,50,4776,0.13471502590673579,52.142857142857146,-3.2580184792223723,-0.10167291606492954
3,t0115_seed9354_no_autostop,9354,50,4780,0.4186851211072664,48.80952380952381,-2.4294446993718952,-0.34772382304824834
3,t0115_seed9354_no_autostop,9354,51,4817,0.06787330316742081,56.1904761904762,-3.076395291366294,0.06404203580537138
3,t0115_seed9354_no_autostop,9354,51,4818,0.9735099337748345,35.476190476190474,-2.5214080214513235,0.47338602595443546
3,t0115_seed9354_no_autostop,9354,51,4831,0.7777777777777778,40.0,-2.4870100549783314,0.11086486434059377
3,t0115_seed9354_no_autostop,9354,51,4875,0.5789473684210527,42.85714285714286,-2.820954757204304,-0.4672165684695019
3,t0115_seed9354_no_autostop,9354,51,4881,0.7696969696969697,34.76190476190476,-2.1641046097335357,0.598967295929918
3,t0115_seed9354_no_autostop,9354,52,4914,0.9390243902439025,37.85714285714286,-2.5942463704407754,-0.030401627009623705
3,t0115_seed9354_no_autostop,9354,52,4915,0.10588235294117643,55.95238095238095,-2.878192620190273,0.5994504921591063
3,t0115_seed9354_no_autostop,9354,52,4923,0.11221945137157102,53.095238095238095,-2.4946943390544036,1.1170197270374371
3,t0115_seed9354_no_autostop,9354,52,4937,0.65,47.142857142857146,-3.589072746053818,0.27443102210487025
3,t0115_seed9354_no_autostop,9354,52,4938,0.5272727272727272,50.0,-2.6186235214426636,-0.18335708617679858
3,t0115_seed9354_no_autostop,9354,52,4939,0.37216828478964403,50.47619047619048,-2.3607608030407463,-0.8020991502809702
3,t0115_seed9354_no_autostop,9354,52,4948,0.7345132743362832,46.666666666666664,-2.1874250426267303,0.23210181301793975
3,t0115_seed9354_no_autostop,9354,52,4968,0.36334405144694537,50.47619047619048,-3.2017375107867463,0.1909700120031633
3,t0115_seed9354_no_autostop,9354,53,5011,0.9493670886075949,36.66666666666667,-2.345843927580301,-0.43203451327782255
3,t0115_seed9354_no_autostop,9354,53,5012,0.14285714285714285,54.28571428571429,-2.561173790234223,0.24659792594854607
3,t0115_seed9354_no_autostop,9354,53,5013,0.9166666666666666,38.333333333333336,-3.0742825893677157,0.14820289901226777
3,t0115_seed9354_no_autostop,9354,53,5018,0.7889447236180904,42.38095238095239,-2.1498189284092155,-0.5163231045273448
3,t0115_seed9354_no_autostop,9354,53,5036,0.6680497925311203,47.85714285714286,-3.573000747635661,0.22379552188159182
3,t0115_seed9354_no_autostop,9354,53,5044,0.915151515151515,37.61904761904762,-2.6625374116204195,-0.40065876741530004
3,t0115_seed9354_no_autostop,9354,53,5070,0.9586206896551724,33.80952380952381,-2.159563477997059,0.11313325170669751
3,t0115_seed9354_no_autostop,9354,53,5076,6.123233995736766e-17,84.28571428571429,-1.374019117594125,-0.023362712685104967
3,t0115_seed9354_no_autostop,9354,54,5109,0.9833333333333332,28.333333333333332,-2.4355595711119857,-0.7111672524155875
3,t0115_seed9354_no_autostop,9354,54,5131,0.5177304964539006,50.95238095238095,-2.921319968128381,0.43630979048524254
3,t0115_seed9354_no_autostop,9354,54,5160,0.25142857142857145,52.142857142857146,-3.62080583049765,-0.23059810665006128
3,t0115_seed9354_no_autostop,9354,54,5162,0.6064257028112451,47.61904761904763,-2.2712374394216615,0.6588355098815608
3,t0115_seed9354_no_autostop,9354,54,5166,0.9718309859154931,33.333333333333336,-2.121828726477069,-0.32135647161246916
3,t0115_seed9354_no_autostop,9354,54,5178,0.25294117647058817,50.714285714285715,-3.074448820992935,0.6082169313099219
3,t0115_seed9354_no_autostop,9354,54,5180,0.026804123711340173,56.1904761904762,-3.6331775777170487,-1.1654943367964405
3,t0115_seed9354_no_autostop,9354,55,5205,6.123233995736766e-17,89.28571428571429,-1.3656243266238768,0.010198886474358198
3,t0115_seed9354_no_autostop,9354,55,5206,0.8391959798994975,43.57142857142858,-3.2529541997631584,-0.40840443690617484
3,t0115_seed9354_no_autostop,9354,55,5210,0.0042796005706134095,83.80952380952381,-1.6472103018989641,1.1460463408466501
3,t0115_seed9354_no_autostop,9354,55,5228,0.6124031007751937,49.523809523809526,-3.1071401493717645,0.3087728024875379
3,t0115_seed9354_no_autostop,9354,55,5229,0.3904761904761905,52.142857142857146,-3.5276152005390626,-0.254871291805498
3,t0115_seed9354_no_autostop,9354,55,5231,0.9722222222222223,33.80952380952381,-1.998979662137408,-0.599499275154259
3,t0115_seed9354_no_autostop,9354,55,5236,0.1399491094147583,53.33333333333334,-2.7102745999141797,0.462483096390439
3,t0115_seed9354_no_autostop,9354,55,5246,0.0014025245441795032,84.76190476190477,-1.0932955510773514,0.19794462157931772
3,t0115_seed9354_no_autostop,9354,55,5259,0.0032786885245901874,72.85714285714286,-1.7053877168100895,0.2840334840221071
3,t0115_seed9354_no_autostop,9354,55,5265,0.35000000000000003,51.42857142857143,-2.3919124769791087,-0.7285225610100686
3,t0115_seed9354_no_autostop,9354,55,5275,1.0,12.380952380952381,-2.6149971191148653,-1.0509822032841858
3,t0115_seed9354_no_autostop,9354,55,5276,0.0049261083743842365,72.14285714285715,-2.9430086590428357,0.36841480662729803
