{
  "4.00": 347.6488993167877,
  "2.00": 321.3355140686035,
  "1.00": 323.6236615180969,
  "0.50": 319.4800634384155,
  "0.00": 318.5142722129822
}
