{
  "0.50": 1452.2299213409424,
  "0.75": 1454.2478098869324,
  "1.00": 1451.2815732955933,
  "1.25": 1451.5925042629242,
  "1.50": 1454.1309621334076,
  "1.75": 1454.1590070724487,
  "2.00": 1452.529018163681
}
