{
  "direction_selectivity_index": 0.3163636363636364,
  "tuning_curve_hwhm_deg": 82.81437125748504,
  "tuning_curve_reliability": 0.9911006980264728,
  "tuning_curve_rmse": 13.726223262294535
}
