angle_deg,mean_rate_hz
0.0,9.5
30.0,18.875
60.0,28.11538105676658
90.0,32.0
120.0,28.115381056766587
150.0,18.87500000000001
180.0,9.5
210.0,3.8750000000000018
240.0,2.134618943233421
270.0,2.0
300.0,2.1346189432334195
330.0,3.8749999999999964
