{
  "0.50": 335.67945170402527,
  "0.75": 315.4509451389313,
  "1.00": 330.24058628082275,
  "1.25": 316.24711871147156,
  "1.50": 315.48827743530273,
  "1.75": 315.78175950050354,
  "2.00": 314.75147247314453
}
