gampa_ns,gaba_base_ns,angle_deg,trial_index,spike_time_s
0.500000,0.100000,0,1,0.102381
0.500000,0.100000,0,2,0.102381
0.500000,0.100000,0,3,0.102381
0.500000,0.100000,0,4,0.102381
0.500000,0.100000,0,5,0.102381
0.500000,0.100000,0,6,0.102381
0.500000,0.100000,0,7,0.102381
0.500000,0.100000,0,8,0.102381
0.500000,0.100000,0,9,0.102381
0.500000,0.100000,0,10,0.102381
0.500000,0.100000,30,1001,0.102560
0.500000,0.100000,30,1002,0.102560
0.500000,0.100000,30,1003,0.102560
0.500000,0.100000,30,1004,0.102560
0.500000,0.100000,30,1005,0.102560
0.500000,0.100000,30,1006,0.102560
0.500000,0.100000,30,1007,0.102560
0.500000,0.100000,30,1008,0.102560
0.500000,0.100000,30,1009,0.102560
0.500000,0.100000,30,1010,0.102560
0.500000,0.100000,60,2001,0.102415
0.500000,0.100000,60,2002,0.102415
0.500000,0.100000,60,2003,0.102415
0.500000,0.100000,60,2004,0.102415
0.500000,0.100000,60,2005,0.102415
0.500000,0.100000,60,2006,0.102415
0.500000,0.100000,60,2007,0.102415
0.500000,0.100000,60,2008,0.102415
0.500000,0.100000,60,2009,0.102415
0.500000,0.100000,60,2010,0.102415
0.500000,0.100000,90,3001,0.102112
0.500000,0.100000,90,3002,0.102112
0.500000,0.100000,90,3003,0.102112
0.500000,0.100000,90,3004,0.102112
0.500000,0.100000,90,3005,0.102112
0.500000,0.100000,90,3006,0.102112
0.500000,0.100000,90,3007,0.102112
0.500000,0.100000,90,3008,0.102112
0.500000,0.100000,90,3009,0.102112
0.500000,0.100000,90,3010,0.102112
0.500000,0.100000,120,4001,0.101926
0.500000,0.100000,120,4002,0.101926
0.500000,0.100000,120,4003,0.101926
0.500000,0.100000,120,4004,0.101926
0.500000,0.100000,120,4005,0.101926
0.500000,0.100000,120,4006,0.101926
0.500000,0.100000,120,4007,0.101926
0.500000,0.100000,120,4008,0.101926
0.500000,0.100000,120,4009,0.101926
0.500000,0.100000,120,4010,0.101926
0.500000,0.100000,150,5001,0.101861
0.500000,0.100000,150,5002,0.101861
0.500000,0.100000,150,5003,0.101861
0.500000,0.100000,150,5004,0.101861
0.500000,0.100000,150,5005,0.101861
0.500000,0.100000,150,5006,0.101861
0.500000,0.100000,150,5007,0.101861
0.500000,0.100000,150,5008,0.101861
0.500000,0.100000,150,5009,0.101861
0.500000,0.100000,150,5010,0.101861
0.500000,0.100000,180,6001,0.101898
0.500000,0.100000,180,6002,0.101898
0.500000,0.100000,180,6003,0.101898
0.500000,0.100000,180,6004,0.101898
0.500000,0.100000,180,6005,0.101898
0.500000,0.100000,180,6006,0.101898
0.500000,0.100000,180,6007,0.101898
0.500000,0.100000,180,6008,0.101898
0.500000,0.100000,180,6009,0.101898
0.500000,0.100000,180,6010,0.101898
0.500000,0.100000,210,7001,0.101876
0.500000,0.100000,210,7002,0.101876
0.500000,0.100000,210,7003,0.101876
0.500000,0.100000,210,7004,0.101876
0.500000,0.100000,210,7005,0.101876
0.500000,0.100000,210,7006,0.101876
0.500000,0.100000,210,7007,0.101876
0.500000,0.100000,210,7008,0.101876
0.500000,0.100000,210,7009,0.101876
0.500000,0.100000,210,7010,0.101876
0.500000,0.100000,240,8001,0.101943
0.500000,0.100000,240,8002,0.101943
0.500000,0.100000,240,8003,0.101943
0.500000,0.100000,240,8004,0.101943
0.500000,0.100000,240,8005,0.101943
0.500000,0.100000,240,8006,0.101943
0.500000,0.100000,240,8007,0.101943
0.500000,0.100000,240,8008,0.101943
0.500000,0.100000,240,8009,0.101943
0.500000,0.100000,240,8010,0.101943
0.500000,0.100000,270,9001,0.102118
0.500000,0.100000,270,9002,0.102118
0.500000,0.100000,270,9003,0.102118
0.500000,0.100000,270,9004,0.102118
0.500000,0.100000,270,9005,0.102118
0.500000,0.100000,270,9006,0.102118
0.500000,0.100000,270,9007,0.102118
0.500000,0.100000,270,9008,0.102118
0.500000,0.100000,270,9009,0.102118
0.500000,0.100000,270,9010,0.102118
0.500000,0.100000,300,10001,0.102454
0.500000,0.100000,300,10002,0.102454
0.500000,0.100000,300,10003,0.102454
0.500000,0.100000,300,10004,0.102454
0.500000,0.100000,300,10005,0.102454
0.500000,0.100000,300,10006,0.102454
0.500000,0.100000,300,10007,0.102454
0.500000,0.100000,300,10008,0.102454
0.500000,0.100000,300,10009,0.102454
0.500000,0.100000,300,10010,0.102454
0.500000,0.100000,330,11001,0.102504
0.500000,0.100000,330,11002,0.102504
0.500000,0.100000,330,11003,0.102504
0.500000,0.100000,330,11004,0.102504
0.500000,0.100000,330,11005,0.102504
0.500000,0.100000,330,11006,0.102504
0.500000,0.100000,330,11007,0.102504
0.500000,0.100000,330,11008,0.102504
0.500000,0.100000,330,11009,0.102504
0.500000,0.100000,330,11010,0.102504
0.500000,0.200000,0,1,0.102459
0.500000,0.200000,0,2,0.102459
0.500000,0.200000,0,3,0.102459
0.500000,0.200000,0,4,0.102459
0.500000,0.200000,0,5,0.102459
0.500000,0.200000,0,6,0.102459
0.500000,0.200000,0,7,0.102459
0.500000,0.200000,0,8,0.102459
0.500000,0.200000,0,9,0.102459
0.500000,0.200000,0,10,0.102459
0.500000,0.200000,30,1001,0.102655
0.500000,0.200000,30,1002,0.102655
0.500000,0.200000,30,1003,0.102655
0.500000,0.200000,30,1004,0.102655
0.500000,0.200000,30,1005,0.102655
0.500000,0.200000,30,1006,0.102655
0.500000,0.200000,30,1007,0.102655
0.500000,0.200000,30,1008,0.102655
0.500000,0.200000,30,1009,0.102655
0.500000,0.200000,30,1010,0.102655
0.500000,0.200000,60,2001,0.102489
0.500000,0.200000,60,2002,0.102489
0.500000,0.200000,60,2003,0.102489
0.500000,0.200000,60,2004,0.102489
0.500000,0.200000,60,2005,0.102489
0.500000,0.200000,60,2006,0.102489
0.500000,0.200000,60,2007,0.102489
0.500000,0.200000,60,2008,0.102489
0.500000,0.200000,60,2009,0.102489
0.500000,0.200000,60,2010,0.102489
0.500000,0.200000,90,3001,0.102159
0.500000,0.200000,90,3002,0.102159
0.500000,0.200000,90,3003,0.102159
0.500000,0.200000,90,3004,0.102159
0.500000,0.200000,90,3005,0.102159
0.500000,0.200000,90,3006,0.102159
0.500000,0.200000,90,3007,0.102159
0.500000,0.200000,90,3008,0.102159
0.500000,0.200000,90,3009,0.102159
0.500000,0.200000,90,3010,0.102159
0.500000,0.200000,120,4001,0.101996
0.500000,0.200000,120,4002,0.101996
0.500000,0.200000,120,4003,0.101996
0.500000,0.200000,120,4004,0.101996
0.500000,0.200000,120,4005,0.101996
0.500000,0.200000,120,4006,0.101996
0.500000,0.200000,120,4007,0.101996
0.500000,0.200000,120,4008,0.101996
0.500000,0.200000,120,4009,0.101996
0.500000,0.200000,120,4010,0.101996
0.500000,0.200000,150,5001,0.101910
0.500000,0.200000,150,5002,0.101910
0.500000,0.200000,150,5003,0.101910
0.500000,0.200000,150,5004,0.101910
0.500000,0.200000,150,5005,0.101910
0.500000,0.200000,150,5006,0.101910
0.500000,0.200000,150,5007,0.101910
0.500000,0.200000,150,5008,0.101910
0.500000,0.200000,150,5009,0.101910
0.500000,0.200000,150,5010,0.101910
0.500000,0.200000,180,6001,0.101958
0.500000,0.200000,180,6002,0.101958
0.500000,0.200000,180,6003,0.101958
0.500000,0.200000,180,6004,0.101958
0.500000,0.200000,180,6005,0.101958
0.500000,0.200000,180,6006,0.101958
0.500000,0.200000,180,6007,0.101958
0.500000,0.200000,180,6008,0.101958
0.500000,0.200000,180,6009,0.101958
0.500000,0.200000,180,6010,0.101958
0.500000,0.200000,210,7001,0.101928
0.500000,0.200000,210,7002,0.101928
0.500000,0.200000,210,7003,0.101928
0.500000,0.200000,210,7004,0.101928
0.500000,0.200000,210,7005,0.101928
0.500000,0.200000,210,7006,0.101928
0.500000,0.200000,210,7007,0.101928
0.500000,0.200000,210,7008,0.101928
0.500000,0.200000,210,7009,0.101928
0.500000,0.200000,210,7010,0.101928
0.500000,0.200000,240,8001,0.102007
0.500000,0.200000,240,8002,0.102007
0.500000,0.200000,240,8003,0.102007
0.500000,0.200000,240,8004,0.102007
0.500000,0.200000,240,8005,0.102007
0.500000,0.200000,240,8006,0.102007
0.500000,0.200000,240,8007,0.102007
0.500000,0.200000,240,8008,0.102007
0.500000,0.200000,240,8009,0.102007
0.500000,0.200000,240,8010,0.102007
0.500000,0.200000,270,9001,0.102195
0.500000,0.200000,270,9002,0.102195
0.500000,0.200000,270,9003,0.102195
0.500000,0.200000,270,9004,0.102195
0.500000,0.200000,270,9005,0.102195
0.500000,0.200000,270,9006,0.102195
0.500000,0.200000,270,9007,0.102195
0.500000,0.200000,270,9008,0.102195
0.500000,0.200000,270,9009,0.102195
0.500000,0.200000,270,9010,0.102195
0.500000,0.200000,300,10001,0.102536
0.500000,0.200000,300,10002,0.102536
0.500000,0.200000,300,10003,0.102536
0.500000,0.200000,300,10004,0.102536
0.500000,0.200000,300,10005,0.102536
0.500000,0.200000,300,10006,0.102536
0.500000,0.200000,300,10007,0.102536
0.500000,0.200000,300,10008,0.102536
0.500000,0.200000,300,10009,0.102536
0.500000,0.200000,300,10010,0.102536
0.500000,0.200000,330,11001,0.102589
0.500000,0.200000,330,11002,0.102589
0.500000,0.200000,330,11003,0.102589
0.500000,0.200000,330,11004,0.102589
0.500000,0.200000,330,11005,0.102589
0.500000,0.200000,330,11006,0.102589
0.500000,0.200000,330,11007,0.102589
0.500000,0.200000,330,11008,0.102589
0.500000,0.200000,330,11009,0.102589
0.500000,0.200000,330,11010,0.102589
0.500000,0.500000,0,1,0.102716
0.500000,0.500000,0,2,0.102716
0.500000,0.500000,0,3,0.102716
0.500000,0.500000,0,4,0.102716
0.500000,0.500000,0,5,0.102716
0.500000,0.500000,0,6,0.102716
0.500000,0.500000,0,7,0.102716
0.500000,0.500000,0,8,0.102716
0.500000,0.500000,0,9,0.102716
0.500000,0.500000,0,10,0.102716
0.500000,0.500000,30,1001,0.102978
0.500000,0.500000,30,1002,0.102978
0.500000,0.500000,30,1003,0.102978
0.500000,0.500000,30,1004,0.102978
0.500000,0.500000,30,1005,0.102978
0.500000,0.500000,30,1006,0.102978
0.500000,0.500000,30,1007,0.102978
0.500000,0.500000,30,1008,0.102978
0.500000,0.500000,30,1009,0.102978
0.500000,0.500000,30,1010,0.102978
0.500000,0.500000,60,2001,0.102785
0.500000,0.500000,60,2002,0.102785
0.500000,0.500000,60,2003,0.102785
0.500000,0.500000,60,2004,0.102785
0.500000,0.500000,60,2005,0.102785
0.500000,0.500000,60,2006,0.102785
0.500000,0.500000,60,2007,0.102785
0.500000,0.500000,60,2008,0.102785
0.500000,0.500000,60,2009,0.102785
0.500000,0.500000,60,2010,0.102785
0.500000,0.500000,90,3001,0.102404
0.500000,0.500000,90,3002,0.102404
0.500000,0.500000,90,3003,0.102404
0.500000,0.500000,90,3004,0.102404
0.500000,0.500000,90,3005,0.102404
0.500000,0.500000,90,3006,0.102404
0.500000,0.500000,90,3007,0.102404
0.500000,0.500000,90,3008,0.102404
0.500000,0.500000,90,3009,0.102404
0.500000,0.500000,90,3010,0.102404
0.500000,0.500000,120,4001,0.102228
0.500000,0.500000,120,4002,0.102228
0.500000,0.500000,120,4003,0.102228
0.500000,0.500000,120,4004,0.102228
0.500000,0.500000,120,4005,0.102228
0.500000,0.500000,120,4006,0.102228
0.500000,0.500000,120,4007,0.102228
0.500000,0.500000,120,4008,0.102228
0.500000,0.500000,120,4009,0.102228
0.500000,0.500000,120,4010,0.102228
0.500000,0.500000,150,5001,0.102127
0.500000,0.500000,150,5002,0.102127
0.500000,0.500000,150,5003,0.102127
0.500000,0.500000,150,5004,0.102127
0.500000,0.500000,150,5005,0.102127
0.500000,0.500000,150,5006,0.102127
0.500000,0.500000,150,5007,0.102127
0.500000,0.500000,150,5008,0.102127
0.500000,0.500000,150,5009,0.102127
0.500000,0.500000,150,5010,0.102127
0.500000,0.500000,180,6001,0.102190
0.500000,0.500000,180,6002,0.102190
0.500000,0.500000,180,6003,0.102190
0.500000,0.500000,180,6004,0.102190
0.500000,0.500000,180,6005,0.102190
0.500000,0.500000,180,6006,0.102190
0.500000,0.500000,180,6007,0.102190
0.500000,0.500000,180,6008,0.102190
0.500000,0.500000,180,6009,0.102190
0.500000,0.500000,180,6010,0.102190
0.500000,0.500000,210,7001,0.102172
0.500000,0.500000,210,7002,0.102172
0.500000,0.500000,210,7003,0.102172
0.500000,0.500000,210,7004,0.102172
0.500000,0.500000,210,7005,0.102172
0.500000,0.500000,210,7006,0.102172
0.500000,0.500000,210,7007,0.102172
0.500000,0.500000,210,7008,0.102172
0.500000,0.500000,210,7009,0.102172
0.500000,0.500000,210,7010,0.102172
0.500000,0.500000,240,8001,0.102247
0.500000,0.500000,240,8002,0.102247
0.500000,0.500000,240,8003,0.102247
0.500000,0.500000,240,8004,0.102247
0.500000,0.500000,240,8005,0.102247
0.500000,0.500000,240,8006,0.102247
0.500000,0.500000,240,8007,0.102247
0.500000,0.500000,240,8008,0.102247
0.500000,0.500000,240,8009,0.102247
0.500000,0.500000,240,8010,0.102247
0.500000,0.500000,270,9001,0.102451
0.500000,0.500000,270,9002,0.102451
0.500000,0.500000,270,9003,0.102451
0.500000,0.500000,270,9004,0.102451
0.500000,0.500000,270,9005,0.102451
0.500000,0.500000,270,9006,0.102451
0.500000,0.500000,270,9007,0.102451
0.500000,0.500000,270,9008,0.102451
0.500000,0.500000,270,9009,0.102451
0.500000,0.500000,270,9010,0.102451
0.500000,0.500000,300,10001,0.102850
0.500000,0.500000,300,10002,0.102850
0.500000,0.500000,300,10003,0.102850
0.500000,0.500000,300,10004,0.102850
0.500000,0.500000,300,10005,0.102850
0.500000,0.500000,300,10006,0.102850
0.500000,0.500000,300,10007,0.102850
0.500000,0.500000,300,10008,0.102850
0.500000,0.500000,300,10009,0.102850
0.500000,0.500000,300,10010,0.102850
0.500000,0.500000,330,11001,0.102898
0.500000,0.500000,330,11002,0.102898
0.500000,0.500000,330,11003,0.102898
0.500000,0.500000,330,11004,0.102898
0.500000,0.500000,330,11005,0.102898
0.500000,0.500000,330,11006,0.102898
0.500000,0.500000,330,11007,0.102898
0.500000,0.500000,330,11008,0.102898
0.500000,0.500000,330,11009,0.102898
0.500000,0.500000,330,11010,0.102898
0.500000,1.000000,0,1,0.103579
0.500000,1.000000,0,2,0.103579
0.500000,1.000000,0,3,0.103579
0.500000,1.000000,0,4,0.103579
0.500000,1.000000,0,5,0.103579
0.500000,1.000000,0,6,0.103579
0.500000,1.000000,0,7,0.103579
0.500000,1.000000,0,8,0.103579
0.500000,1.000000,0,9,0.103579
0.500000,1.000000,0,10,0.103579
0.500000,1.000000,30,1001,0.104283
0.500000,1.000000,30,1002,0.104283
0.500000,1.000000,30,1003,0.104283
0.500000,1.000000,30,1004,0.104283
0.500000,1.000000,30,1005,0.104283
0.500000,1.000000,30,1006,0.104283
0.500000,1.000000,30,1007,0.104283
0.500000,1.000000,30,1008,0.104283
0.500000,1.000000,30,1009,0.104283
0.500000,1.000000,30,1010,0.104283
0.500000,1.000000,60,2001,0.103744
0.500000,1.000000,60,2002,0.103744
0.500000,1.000000,60,2003,0.103744
0.500000,1.000000,60,2004,0.103744
0.500000,1.000000,60,2005,0.103744
0.500000,1.000000,60,2006,0.103744
0.500000,1.000000,60,2007,0.103744
0.500000,1.000000,60,2008,0.103744
0.500000,1.000000,60,2009,0.103744
0.500000,1.000000,60,2010,0.103744
0.500000,1.000000,90,3001,0.103160
0.500000,1.000000,90,3002,0.103160
0.500000,1.000000,90,3003,0.103160
0.500000,1.000000,90,3004,0.103160
0.500000,1.000000,90,3005,0.103160
0.500000,1.000000,90,3006,0.103160
0.500000,1.000000,90,3007,0.103160
0.500000,1.000000,90,3008,0.103160
0.500000,1.000000,90,3009,0.103160
0.500000,1.000000,90,3010,0.103160
0.500000,1.000000,120,4001,0.102982
0.500000,1.000000,120,4002,0.102982
0.500000,1.000000,120,4003,0.102982
0.500000,1.000000,120,4004,0.102982
0.500000,1.000000,120,4005,0.102982
0.500000,1.000000,120,4006,0.102982
0.500000,1.000000,120,4007,0.102982
0.500000,1.000000,120,4008,0.102982
0.500000,1.000000,120,4009,0.102982
0.500000,1.000000,120,4010,0.102982
0.500000,1.000000,150,5001,0.102736
0.500000,1.000000,150,5002,0.102736
0.500000,1.000000,150,5003,0.102736
0.500000,1.000000,150,5004,0.102736
0.500000,1.000000,150,5005,0.102736
0.500000,1.000000,150,5006,0.102736
0.500000,1.000000,150,5007,0.102736
0.500000,1.000000,150,5008,0.102736
0.500000,1.000000,150,5009,0.102736
0.500000,1.000000,150,5010,0.102736
0.500000,1.000000,180,6001,0.102939
0.500000,1.000000,180,6002,0.102939
0.500000,1.000000,180,6003,0.102939
0.500000,1.000000,180,6004,0.102939
0.500000,1.000000,180,6005,0.102939
0.500000,1.000000,180,6006,0.102939
0.500000,1.000000,180,6007,0.102939
0.500000,1.000000,180,6008,0.102939
0.500000,1.000000,180,6009,0.102939
0.500000,1.000000,180,6010,0.102939
0.500000,1.000000,210,7001,0.102941
0.500000,1.000000,210,7002,0.102941
0.500000,1.000000,210,7003,0.102941
0.500000,1.000000,210,7004,0.102941
0.500000,1.000000,210,7005,0.102941
0.500000,1.000000,210,7006,0.102941
0.500000,1.000000,210,7007,0.102941
0.500000,1.000000,210,7008,0.102941
0.500000,1.000000,210,7009,0.102941
0.500000,1.000000,210,7010,0.102941
0.500000,1.000000,240,8001,0.103096
0.500000,1.000000,240,8002,0.103096
0.500000,1.000000,240,8003,0.103096
0.500000,1.000000,240,8004,0.103096
0.500000,1.000000,240,8005,0.103096
0.500000,1.000000,240,8006,0.103096
0.500000,1.000000,240,8007,0.103096
0.500000,1.000000,240,8008,0.103096
0.500000,1.000000,240,8009,0.103096
0.500000,1.000000,240,8010,0.103096
0.500000,1.000000,270,9001,0.103297
0.500000,1.000000,270,9002,0.103297
0.500000,1.000000,270,9003,0.103297
0.500000,1.000000,270,9004,0.103297
0.500000,1.000000,270,9005,0.103297
0.500000,1.000000,270,9006,0.103297
0.500000,1.000000,270,9007,0.103297
0.500000,1.000000,270,9008,0.103297
0.500000,1.000000,270,9009,0.103297
0.500000,1.000000,270,9010,0.103297
0.500000,1.000000,300,10001,0.103928
0.500000,1.000000,300,10002,0.103928
0.500000,1.000000,300,10003,0.103928
0.500000,1.000000,300,10004,0.103928
0.500000,1.000000,300,10005,0.103928
0.500000,1.000000,300,10006,0.103928
0.500000,1.000000,300,10007,0.103928
0.500000,1.000000,300,10008,0.103928
0.500000,1.000000,300,10009,0.103928
0.500000,1.000000,300,10010,0.103928
0.500000,1.000000,330,11001,0.104075
0.500000,1.000000,330,11002,0.104075
0.500000,1.000000,330,11003,0.104075
0.500000,1.000000,330,11004,0.104075
0.500000,1.000000,330,11005,0.104075
0.500000,1.000000,330,11006,0.104075
0.500000,1.000000,330,11007,0.104075
0.500000,1.000000,330,11008,0.104075
0.500000,1.000000,330,11009,0.104075
0.500000,1.000000,330,11010,0.104075
1.000000,0.100000,0,1,0.101678
1.000000,0.100000,0,1,0.115728
1.000000,0.100000,0,2,0.101678
1.000000,0.100000,0,2,0.115728
1.000000,0.100000,0,3,0.101678
1.000000,0.100000,0,3,0.115728
1.000000,0.100000,0,4,0.101678
1.000000,0.100000,0,4,0.115728
1.000000,0.100000,0,5,0.101678
1.000000,0.100000,0,5,0.115728
1.000000,0.100000,0,6,0.101678
1.000000,0.100000,0,6,0.115728
1.000000,0.100000,0,7,0.101678
1.000000,0.100000,0,7,0.115728
1.000000,0.100000,0,8,0.101678
1.000000,0.100000,0,8,0.115728
1.000000,0.100000,0,9,0.101678
1.000000,0.100000,0,9,0.115728
1.000000,0.100000,0,10,0.101678
1.000000,0.100000,0,10,0.115728
1.000000,0.100000,30,1001,0.101776
1.000000,0.100000,30,1001,0.117374
1.000000,0.100000,30,1002,0.101776
1.000000,0.100000,30,1002,0.117374
1.000000,0.100000,30,1003,0.101776
1.000000,0.100000,30,1003,0.117374
1.000000,0.100000,30,1004,0.101776
1.000000,0.100000,30,1004,0.117374
1.000000,0.100000,30,1005,0.101776
1.000000,0.100000,30,1005,0.117374
1.000000,0.100000,30,1006,0.101776
1.000000,0.100000,30,1006,0.117374
1.000000,0.100000,30,1007,0.101776
1.000000,0.100000,30,1007,0.117374
1.000000,0.100000,30,1008,0.101776
1.000000,0.100000,30,1008,0.117374
1.000000,0.100000,30,1009,0.101776
1.000000,0.100000,30,1009,0.117374
1.000000,0.100000,30,1010,0.101776
1.000000,0.100000,30,1010,0.117374
1.000000,0.100000,60,2001,0.101687
1.000000,0.100000,60,2001,0.122991
1.000000,0.100000,60,2002,0.101687
1.000000,0.100000,60,2002,0.122991
1.000000,0.100000,60,2003,0.101687
1.000000,0.100000,60,2003,0.122991
1.000000,0.100000,60,2004,0.101687
1.000000,0.100000,60,2004,0.122991
1.000000,0.100000,60,2005,0.101687
1.000000,0.100000,60,2005,0.122991
1.000000,0.100000,60,2006,0.101687
1.000000,0.100000,60,2006,0.122991
1.000000,0.100000,60,2007,0.101687
1.000000,0.100000,60,2007,0.122991
1.000000,0.100000,60,2008,0.101687
1.000000,0.100000,60,2008,0.122991
1.000000,0.100000,60,2009,0.101687
1.000000,0.100000,60,2009,0.122991
1.000000,0.100000,60,2010,0.101687
1.000000,0.100000,60,2010,0.122991
1.000000,0.100000,90,3001,0.101496
1.000000,0.100000,90,3002,0.101496
1.000000,0.100000,90,3003,0.101496
1.000000,0.100000,90,3004,0.101496
1.000000,0.100000,90,3005,0.101496
1.000000,0.100000,90,3006,0.101496
1.000000,0.100000,90,3007,0.101496
1.000000,0.100000,90,3008,0.101496
1.000000,0.100000,90,3009,0.101496
1.000000,0.100000,90,3010,0.101496
1.000000,0.100000,120,4001,0.101373
1.000000,0.100000,120,4002,0.101373
1.000000,0.100000,120,4003,0.101373
1.000000,0.100000,120,4004,0.101373
1.000000,0.100000,120,4005,0.101373
1.000000,0.100000,120,4006,0.101373
1.000000,0.100000,120,4007,0.101373
1.000000,0.100000,120,4008,0.101373
1.000000,0.100000,120,4009,0.101373
1.000000,0.100000,120,4010,0.101373
1.000000,0.100000,150,5001,0.101346
1.000000,0.100000,150,5002,0.101346
1.000000,0.100000,150,5003,0.101346
1.000000,0.100000,150,5004,0.101346
1.000000,0.100000,150,5005,0.101346
1.000000,0.100000,150,5006,0.101346
1.000000,0.100000,150,5007,0.101346
1.000000,0.100000,150,5008,0.101346
1.000000,0.100000,150,5009,0.101346
1.000000,0.100000,150,5010,0.101346
1.000000,0.100000,180,6001,0.101353
1.000000,0.100000,180,6002,0.101353
1.000000,0.100000,180,6003,0.101353
1.000000,0.100000,180,6004,0.101353
1.000000,0.100000,180,6005,0.101353
1.000000,0.100000,180,6006,0.101353
1.000000,0.100000,180,6007,0.101353
1.000000,0.100000,180,6008,0.101353
1.000000,0.100000,180,6009,0.101353
1.000000,0.100000,180,6010,0.101353
1.000000,0.100000,210,7001,0.101330
1.000000,0.100000,210,7002,0.101330
1.000000,0.100000,210,7003,0.101330
1.000000,0.100000,210,7004,0.101330
1.000000,0.100000,210,7005,0.101330
1.000000,0.100000,210,7006,0.101330
1.000000,0.100000,210,7007,0.101330
1.000000,0.100000,210,7008,0.101330
1.000000,0.100000,210,7009,0.101330
1.000000,0.100000,210,7010,0.101330
1.000000,0.100000,240,8001,0.101374
1.000000,0.100000,240,8002,0.101374
1.000000,0.100000,240,8003,0.101374
1.000000,0.100000,240,8004,0.101374
1.000000,0.100000,240,8005,0.101374
1.000000,0.100000,240,8006,0.101374
1.000000,0.100000,240,8007,0.101374
1.000000,0.100000,240,8008,0.101374
1.000000,0.100000,240,8009,0.101374
1.000000,0.100000,240,8010,0.101374
1.000000,0.100000,270,9001,0.101497
1.000000,0.100000,270,9002,0.101497
1.000000,0.100000,270,9003,0.101497
1.000000,0.100000,270,9004,0.101497
1.000000,0.100000,270,9005,0.101497
1.000000,0.100000,270,9006,0.101497
1.000000,0.100000,270,9007,0.101497
1.000000,0.100000,270,9008,0.101497
1.000000,0.100000,270,9009,0.101497
1.000000,0.100000,270,9010,0.101497
1.000000,0.100000,300,10001,0.101710
1.000000,0.100000,300,10002,0.101710
1.000000,0.100000,300,10003,0.101710
1.000000,0.100000,300,10004,0.101710
1.000000,0.100000,300,10005,0.101710
1.000000,0.100000,300,10006,0.101710
1.000000,0.100000,300,10007,0.101710
1.000000,0.100000,300,10008,0.101710
1.000000,0.100000,300,10009,0.101710
1.000000,0.100000,300,10010,0.101710
1.000000,0.100000,330,11001,0.101725
1.000000,0.100000,330,11001,0.118225
1.000000,0.100000,330,11002,0.101725
1.000000,0.100000,330,11002,0.118225
1.000000,0.100000,330,11003,0.101725
1.000000,0.100000,330,11003,0.118225
1.000000,0.100000,330,11004,0.101725
1.000000,0.100000,330,11004,0.118225
1.000000,0.100000,330,11005,0.101725
1.000000,0.100000,330,11005,0.118225
1.000000,0.100000,330,11006,0.101725
1.000000,0.100000,330,11006,0.118225
1.000000,0.100000,330,11007,0.101725
1.000000,0.100000,330,11007,0.118225
1.000000,0.100000,330,11008,0.101725
1.000000,0.100000,330,11008,0.118225
1.000000,0.100000,330,11009,0.101725
1.000000,0.100000,330,11009,0.118225
1.000000,0.100000,330,11010,0.101725
1.000000,0.100000,330,11010,0.118225
1.000000,0.200000,0,1,0.101689
1.000000,0.200000,0,1,0.116207
1.000000,0.200000,0,2,0.101689
1.000000,0.200000,0,2,0.116207
1.000000,0.200000,0,3,0.101689
1.000000,0.200000,0,3,0.116207
1.000000,0.200000,0,4,0.101689
1.000000,0.200000,0,4,0.116207
1.000000,0.200000,0,5,0.101689
1.000000,0.200000,0,5,0.116207
1.000000,0.200000,0,6,0.101689
1.000000,0.200000,0,6,0.116207
1.000000,0.200000,0,7,0.101689
1.000000,0.200000,0,7,0.116207
1.000000,0.200000,0,8,0.101689
1.000000,0.200000,0,8,0.116207
1.000000,0.200000,0,9,0.101689
1.000000,0.200000,0,9,0.116207
1.000000,0.200000,0,10,0.101689
1.000000,0.200000,0,10,0.116207
1.000000,0.200000,30,1001,0.101799
1.000000,0.200000,30,1002,0.101799
1.000000,0.200000,30,1003,0.101799
1.000000,0.200000,30,1004,0.101799
1.000000,0.200000,30,1005,0.101799
1.000000,0.200000,30,1006,0.101799
1.000000,0.200000,30,1007,0.101799
1.000000,0.200000,30,1008,0.101799
1.000000,0.200000,30,1009,0.101799
1.000000,0.200000,30,1010,0.101799
1.000000,0.200000,60,2001,0.101717
1.000000,0.200000,60,2001,0.125161
1.000000,0.200000,60,2002,0.101717
1.000000,0.200000,60,2002,0.125161
1.000000,0.200000,60,2003,0.101717
1.000000,0.200000,60,2003,0.125161
1.000000,0.200000,60,2004,0.101717
1.000000,0.200000,60,2004,0.125161
1.000000,0.200000,60,2005,0.101717
1.000000,0.200000,60,2005,0.125161
1.000000,0.200000,60,2006,0.101717
1.000000,0.200000,60,2006,0.125161
1.000000,0.200000,60,2007,0.101717
1.000000,0.200000,60,2007,0.125161
1.000000,0.200000,60,2008,0.101717
1.000000,0.200000,60,2008,0.125161
1.000000,0.200000,60,2009,0.101717
1.000000,0.200000,60,2009,0.125161
1.000000,0.200000,60,2010,0.101717
1.000000,0.200000,60,2010,0.125161
1.000000,0.200000,90,3001,0.101521
1.000000,0.200000,90,3002,0.101521
1.000000,0.200000,90,3003,0.101521
1.000000,0.200000,90,3004,0.101521
1.000000,0.200000,90,3005,0.101521
1.000000,0.200000,90,3006,0.101521
1.000000,0.200000,90,3007,0.101521
1.000000,0.200000,90,3008,0.101521
1.000000,0.200000,90,3009,0.101521
1.000000,0.200000,90,3010,0.101521
1.000000,0.200000,120,4001,0.101394
1.000000,0.200000,120,4002,0.101394
1.000000,0.200000,120,4003,0.101394
1.000000,0.200000,120,4004,0.101394
1.000000,0.200000,120,4005,0.101394
1.000000,0.200000,120,4006,0.101394
1.000000,0.200000,120,4007,0.101394
1.000000,0.200000,120,4008,0.101394
1.000000,0.200000,120,4009,0.101394
1.000000,0.200000,120,4010,0.101394
1.000000,0.200000,150,5001,0.101363
1.000000,0.200000,150,5002,0.101363
1.000000,0.200000,150,5003,0.101363
1.000000,0.200000,150,5004,0.101363
1.000000,0.200000,150,5005,0.101363
1.000000,0.200000,150,5006,0.101363
1.000000,0.200000,150,5007,0.101363
1.000000,0.200000,150,5008,0.101363
1.000000,0.200000,150,5009,0.101363
1.000000,0.200000,150,5010,0.101363
1.000000,0.200000,180,6001,0.101375
1.000000,0.200000,180,6002,0.101375
1.000000,0.200000,180,6003,0.101375
1.000000,0.200000,180,6004,0.101375
1.000000,0.200000,180,6005,0.101375
1.000000,0.200000,180,6006,0.101375
1.000000,0.200000,180,6007,0.101375
1.000000,0.200000,180,6008,0.101375
1.000000,0.200000,180,6009,0.101375
1.000000,0.200000,180,6010,0.101375
1.000000,0.200000,210,7001,0.101354
1.000000,0.200000,210,7002,0.101354
1.000000,0.200000,210,7003,0.101354
1.000000,0.200000,210,7004,0.101354
1.000000,0.200000,210,7005,0.101354
1.000000,0.200000,210,7006,0.101354
1.000000,0.200000,210,7007,0.101354
1.000000,0.200000,210,7008,0.101354
1.000000,0.200000,210,7009,0.101354
1.000000,0.200000,210,7010,0.101354
1.000000,0.200000,240,8001,0.101403
1.000000,0.200000,240,8002,0.101403
1.000000,0.200000,240,8003,0.101403
1.000000,0.200000,240,8004,0.101403
1.000000,0.200000,240,8005,0.101403
1.000000,0.200000,240,8006,0.101403
1.000000,0.200000,240,8007,0.101403
1.000000,0.200000,240,8008,0.101403
1.000000,0.200000,240,8009,0.101403
1.000000,0.200000,240,8010,0.101403
1.000000,0.200000,270,9001,0.101523
1.000000,0.200000,270,9002,0.101523
1.000000,0.200000,270,9003,0.101523
1.000000,0.200000,270,9004,0.101523
1.000000,0.200000,270,9005,0.101523
1.000000,0.200000,270,9006,0.101523
1.000000,0.200000,270,9007,0.101523
1.000000,0.200000,270,9008,0.101523
1.000000,0.200000,270,9009,0.101523
1.000000,0.200000,270,9010,0.101523
1.000000,0.200000,300,10001,0.101740
1.000000,0.200000,300,10002,0.101740
1.000000,0.200000,300,10003,0.101740
1.000000,0.200000,300,10004,0.101740
1.000000,0.200000,300,10005,0.101740
1.000000,0.200000,300,10006,0.101740
1.000000,0.200000,300,10007,0.101740
1.000000,0.200000,300,10008,0.101740
1.000000,0.200000,300,10009,0.101740
1.000000,0.200000,300,10010,0.101740
1.000000,0.200000,330,11001,0.101759
1.000000,0.200000,330,11001,0.120395
1.000000,0.200000,330,11002,0.101759
1.000000,0.200000,330,11002,0.120395
1.000000,0.200000,330,11003,0.101759
1.000000,0.200000,330,11003,0.120395
1.000000,0.200000,330,11004,0.101759
1.000000,0.200000,330,11004,0.120395
1.000000,0.200000,330,11005,0.101759
1.000000,0.200000,330,11005,0.120395
1.000000,0.200000,330,11006,0.101759
1.000000,0.200000,330,11006,0.120395
1.000000,0.200000,330,11007,0.101759
1.000000,0.200000,330,11007,0.120395
1.000000,0.200000,330,11008,0.101759
1.000000,0.200000,330,11008,0.120395
1.000000,0.200000,330,11009,0.101759
1.000000,0.200000,330,11009,0.120395
1.000000,0.200000,330,11010,0.101759
1.000000,0.200000,330,11010,0.120395
1.000000,0.500000,0,1,0.101771
1.000000,0.500000,0,2,0.101771
1.000000,0.500000,0,3,0.101771
1.000000,0.500000,0,4,0.101771
1.000000,0.500000,0,5,0.101771
1.000000,0.500000,0,6,0.101771
1.000000,0.500000,0,7,0.101771
1.000000,0.500000,0,8,0.101771
1.000000,0.500000,0,9,0.101771
1.000000,0.500000,0,10,0.101771
1.000000,0.500000,30,1001,0.101876
1.000000,0.500000,30,1002,0.101876
1.000000,0.500000,30,1003,0.101876
1.000000,0.500000,30,1004,0.101876
1.000000,0.500000,30,1005,0.101876
1.000000,0.500000,30,1006,0.101876
1.000000,0.500000,30,1007,0.101876
1.000000,0.500000,30,1008,0.101876
1.000000,0.500000,30,1009,0.101876
1.000000,0.500000,30,1010,0.101876
1.000000,0.500000,60,2001,0.101794
1.000000,0.500000,60,2002,0.101794
1.000000,0.500000,60,2003,0.101794
1.000000,0.500000,60,2004,0.101794
1.000000,0.500000,60,2005,0.101794
1.000000,0.500000,60,2006,0.101794
1.000000,0.500000,60,2007,0.101794
1.000000,0.500000,60,2008,0.101794
1.000000,0.500000,60,2009,0.101794
1.000000,0.500000,60,2010,0.101794
1.000000,0.500000,90,3001,0.101606
1.000000,0.500000,90,3002,0.101606
1.000000,0.500000,90,3003,0.101606
1.000000,0.500000,90,3004,0.101606
1.000000,0.500000,90,3005,0.101606
1.000000,0.500000,90,3006,0.101606
1.000000,0.500000,90,3007,0.101606
1.000000,0.500000,90,3008,0.101606
1.000000,0.500000,90,3009,0.101606
1.000000,0.500000,90,3010,0.101606
1.000000,0.500000,120,4001,0.101469
1.000000,0.500000,120,4002,0.101469
1.000000,0.500000,120,4003,0.101469
1.000000,0.500000,120,4004,0.101469
1.000000,0.500000,120,4005,0.101469
1.000000,0.500000,120,4006,0.101469
1.000000,0.500000,120,4007,0.101469
1.000000,0.500000,120,4008,0.101469
1.000000,0.500000,120,4009,0.101469
1.000000,0.500000,120,4010,0.101469
1.000000,0.500000,150,5001,0.101425
1.000000,0.500000,150,5002,0.101425
1.000000,0.500000,150,5003,0.101425
1.000000,0.500000,150,5004,0.101425
1.000000,0.500000,150,5005,0.101425
1.000000,0.500000,150,5006,0.101425
1.000000,0.500000,150,5007,0.101425
1.000000,0.500000,150,5008,0.101425
1.000000,0.500000,150,5009,0.101425
1.000000,0.500000,150,5010,0.101425
1.000000,0.500000,180,6001,0.101451
1.000000,0.500000,180,6002,0.101451
1.000000,0.500000,180,6003,0.101451
1.000000,0.500000,180,6004,0.101451
1.000000,0.500000,180,6005,0.101451
1.000000,0.500000,180,6006,0.101451
1.000000,0.500000,180,6007,0.101451
1.000000,0.500000,180,6008,0.101451
1.000000,0.500000,180,6009,0.101451
1.000000,0.500000,180,6010,0.101451
1.000000,0.500000,210,7001,0.101432
1.000000,0.500000,210,7002,0.101432
1.000000,0.500000,210,7003,0.101432
1.000000,0.500000,210,7004,0.101432
1.000000,0.500000,210,7005,0.101432
1.000000,0.500000,210,7006,0.101432
1.000000,0.500000,210,7007,0.101432
1.000000,0.500000,210,7008,0.101432
1.000000,0.500000,210,7009,0.101432
1.000000,0.500000,210,7010,0.101432
1.000000,0.500000,240,8001,0.101473
1.000000,0.500000,240,8002,0.101473
1.000000,0.500000,240,8003,0.101473
1.000000,0.500000,240,8004,0.101473
1.000000,0.500000,240,8005,0.101473
1.000000,0.500000,240,8006,0.101473
1.000000,0.500000,240,8007,0.101473
1.000000,0.500000,240,8008,0.101473
1.000000,0.500000,240,8009,0.101473
1.000000,0.500000,240,8010,0.101473
1.000000,0.500000,270,9001,0.101606
1.000000,0.500000,270,9002,0.101606
1.000000,0.500000,270,9003,0.101606
1.000000,0.500000,270,9004,0.101606
1.000000,0.500000,270,9005,0.101606
1.000000,0.500000,270,9006,0.101606
1.000000,0.500000,270,9007,0.101606
1.000000,0.500000,270,9008,0.101606
1.000000,0.500000,270,9009,0.101606
1.000000,0.500000,270,9010,0.101606
1.000000,0.500000,300,10001,0.101828
1.000000,0.500000,300,10002,0.101828
1.000000,0.500000,300,10003,0.101828
1.000000,0.500000,300,10004,0.101828
1.000000,0.500000,300,10005,0.101828
1.000000,0.500000,300,10006,0.101828
1.000000,0.500000,300,10007,0.101828
1.000000,0.500000,300,10008,0.101828
1.000000,0.500000,300,10009,0.101828
1.000000,0.500000,300,10010,0.101828
1.000000,0.500000,330,11001,0.101838
1.000000,0.500000,330,11002,0.101838
1.000000,0.500000,330,11003,0.101838
1.000000,0.500000,330,11004,0.101838
1.000000,0.500000,330,11005,0.101838
1.000000,0.500000,330,11006,0.101838
1.000000,0.500000,330,11007,0.101838
1.000000,0.500000,330,11008,0.101838
1.000000,0.500000,330,11009,0.101838
1.000000,0.500000,330,11010,0.101838
1.000000,1.000000,0,1,0.101911
1.000000,1.000000,0,2,0.101911
1.000000,1.000000,0,3,0.101911
1.000000,1.000000,0,4,0.101911
1.000000,1.000000,0,5,0.101911
1.000000,1.000000,0,6,0.101911
1.000000,1.000000,0,7,0.101911
1.000000,1.000000,0,8,0.101911
1.000000,1.000000,0,9,0.101911
1.000000,1.000000,0,10,0.101911
1.000000,1.000000,30,1001,0.102043
1.000000,1.000000,30,1002,0.102043
1.000000,1.000000,30,1003,0.102043
1.000000,1.000000,30,1004,0.102043
1.000000,1.000000,30,1005,0.102043
1.000000,1.000000,30,1006,0.102043
1.000000,1.000000,30,1007,0.102043
1.000000,1.000000,30,1008,0.102043
1.000000,1.000000,30,1009,0.102043
1.000000,1.000000,30,1010,0.102043
1.000000,1.000000,60,2001,0.101949
1.000000,1.000000,60,2002,0.101949
1.000000,1.000000,60,2003,0.101949
1.000000,1.000000,60,2004,0.101949
1.000000,1.000000,60,2005,0.101949
1.000000,1.000000,60,2006,0.101949
1.000000,1.000000,60,2007,0.101949
1.000000,1.000000,60,2008,0.101949
1.000000,1.000000,60,2009,0.101949
1.000000,1.000000,60,2010,0.101949
1.000000,1.000000,90,3001,0.101752
1.000000,1.000000,90,3002,0.101752
1.000000,1.000000,90,3003,0.101752
1.000000,1.000000,90,3004,0.101752
1.000000,1.000000,90,3005,0.101752
1.000000,1.000000,90,3006,0.101752
1.000000,1.000000,90,3007,0.101752
1.000000,1.000000,90,3008,0.101752
1.000000,1.000000,90,3009,0.101752
1.000000,1.000000,90,3010,0.101752
1.000000,1.000000,120,4001,0.101621
1.000000,1.000000,120,4002,0.101621
1.000000,1.000000,120,4003,0.101621
1.000000,1.000000,120,4004,0.101621
1.000000,1.000000,120,4005,0.101621
1.000000,1.000000,120,4006,0.101621
1.000000,1.000000,120,4007,0.101621
1.000000,1.000000,120,4008,0.101621
1.000000,1.000000,120,4009,0.101621
1.000000,1.000000,120,4010,0.101621
1.000000,1.000000,150,5001,0.101565
1.000000,1.000000,150,5002,0.101565
1.000000,1.000000,150,5003,0.101565
1.000000,1.000000,150,5004,0.101565
1.000000,1.000000,150,5005,0.101565
1.000000,1.000000,150,5006,0.101565
1.000000,1.000000,150,5007,0.101565
1.000000,1.000000,150,5008,0.101565
1.000000,1.000000,150,5009,0.101565
1.000000,1.000000,150,5010,0.101565
1.000000,1.000000,180,6001,0.101605
1.000000,1.000000,180,6002,0.101605
1.000000,1.000000,180,6003,0.101605
1.000000,1.000000,180,6004,0.101605
1.000000,1.000000,180,6005,0.101605
1.000000,1.000000,180,6006,0.101605
1.000000,1.000000,180,6007,0.101605
1.000000,1.000000,180,6008,0.101605
1.000000,1.000000,180,6009,0.101605
1.000000,1.000000,180,6010,0.101605
1.000000,1.000000,210,7001,0.101576
1.000000,1.000000,210,7002,0.101576
1.000000,1.000000,210,7003,0.101576
1.000000,1.000000,210,7004,0.101576
1.000000,1.000000,210,7005,0.101576
1.000000,1.000000,210,7006,0.101576
1.000000,1.000000,210,7007,0.101576
1.000000,1.000000,210,7008,0.101576
1.000000,1.000000,210,7009,0.101576
1.000000,1.000000,210,7010,0.101576
1.000000,1.000000,240,8001,0.101628
1.000000,1.000000,240,8002,0.101628
1.000000,1.000000,240,8003,0.101628
1.000000,1.000000,240,8004,0.101628
1.000000,1.000000,240,8005,0.101628
1.000000,1.000000,240,8006,0.101628
1.000000,1.000000,240,8007,0.101628
1.000000,1.000000,240,8008,0.101628
1.000000,1.000000,240,8009,0.101628
1.000000,1.000000,240,8010,0.101628
1.000000,1.000000,270,9001,0.101758
1.000000,1.000000,270,9002,0.101758
1.000000,1.000000,270,9003,0.101758
1.000000,1.000000,270,9004,0.101758
1.000000,1.000000,270,9005,0.101758
1.000000,1.000000,270,9006,0.101758
1.000000,1.000000,270,9007,0.101758
1.000000,1.000000,270,9008,0.101758
1.000000,1.000000,270,9009,0.101758
1.000000,1.000000,270,9010,0.101758
1.000000,1.000000,300,10001,0.101996
1.000000,1.000000,300,10002,0.101996
1.000000,1.000000,300,10003,0.101996
1.000000,1.000000,300,10004,0.101996
1.000000,1.000000,300,10005,0.101996
1.000000,1.000000,300,10006,0.101996
1.000000,1.000000,300,10007,0.101996
1.000000,1.000000,300,10008,0.101996
1.000000,1.000000,300,10009,0.101996
1.000000,1.000000,300,10010,0.101996
1.000000,1.000000,330,11001,0.102004
1.000000,1.000000,330,11002,0.102004
1.000000,1.000000,330,11003,0.102004
1.000000,1.000000,330,11004,0.102004
1.000000,1.000000,330,11005,0.102004
1.000000,1.000000,330,11006,0.102004
1.000000,1.000000,330,11007,0.102004
1.000000,1.000000,330,11008,0.102004
1.000000,1.000000,330,11009,0.102004
1.000000,1.000000,330,11010,0.102004
1.000000,2.000000,0,1,0.102373
1.000000,2.000000,0,2,0.102373
1.000000,2.000000,0,3,0.102373
1.000000,2.000000,0,4,0.102373
1.000000,2.000000,0,5,0.102373
1.000000,2.000000,0,6,0.102373
1.000000,2.000000,0,7,0.102373
1.000000,2.000000,0,8,0.102373
1.000000,2.000000,0,9,0.102373
1.000000,2.000000,0,10,0.102373
1.000000,2.000000,30,1001,0.102595
1.000000,2.000000,30,1002,0.102595
1.000000,2.000000,30,1003,0.102595
1.000000,2.000000,30,1004,0.102595
1.000000,2.000000,30,1005,0.102595
1.000000,2.000000,30,1006,0.102595
1.000000,2.000000,30,1007,0.102595
1.000000,2.000000,30,1008,0.102595
1.000000,2.000000,30,1009,0.102595
1.000000,2.000000,30,1010,0.102595
1.000000,2.000000,60,2001,0.102449
1.000000,2.000000,60,2002,0.102449
1.000000,2.000000,60,2003,0.102449
1.000000,2.000000,60,2004,0.102449
1.000000,2.000000,60,2005,0.102449
1.000000,2.000000,60,2006,0.102449
1.000000,2.000000,60,2007,0.102449
1.000000,2.000000,60,2008,0.102449
1.000000,2.000000,60,2009,0.102449
1.000000,2.000000,60,2010,0.102449
1.000000,2.000000,90,3001,0.102195
1.000000,2.000000,90,3002,0.102195
1.000000,2.000000,90,3003,0.102195
1.000000,2.000000,90,3004,0.102195
1.000000,2.000000,90,3005,0.102195
1.000000,2.000000,90,3006,0.102195
1.000000,2.000000,90,3007,0.102195
1.000000,2.000000,90,3008,0.102195
1.000000,2.000000,90,3009,0.102195
1.000000,2.000000,90,3010,0.102195
1.000000,2.000000,120,4001,0.102108
1.000000,2.000000,120,4002,0.102108
1.000000,2.000000,120,4003,0.102108
1.000000,2.000000,120,4004,0.102108
1.000000,2.000000,120,4005,0.102108
1.000000,2.000000,120,4006,0.102108
1.000000,2.000000,120,4007,0.102108
1.000000,2.000000,120,4008,0.102108
1.000000,2.000000,120,4009,0.102108
1.000000,2.000000,120,4010,0.102108
1.000000,2.000000,150,5001,0.101999
1.000000,2.000000,150,5002,0.101999
1.000000,2.000000,150,5003,0.101999
1.000000,2.000000,150,5004,0.101999
1.000000,2.000000,150,5005,0.101999
1.000000,2.000000,150,5006,0.101999
1.000000,2.000000,150,5007,0.101999
1.000000,2.000000,150,5008,0.101999
1.000000,2.000000,150,5009,0.101999
1.000000,2.000000,150,5010,0.101999
1.000000,2.000000,180,6001,0.102100
1.000000,2.000000,180,6002,0.102100
1.000000,2.000000,180,6003,0.102100
1.000000,2.000000,180,6004,0.102100
1.000000,2.000000,180,6005,0.102100
1.000000,2.000000,180,6006,0.102100
1.000000,2.000000,180,6007,0.102100
1.000000,2.000000,180,6008,0.102100
1.000000,2.000000,180,6009,0.102100
1.000000,2.000000,180,6010,0.102100
1.000000,2.000000,210,7001,0.102084
1.000000,2.000000,210,7002,0.102084
1.000000,2.000000,210,7003,0.102084
1.000000,2.000000,210,7004,0.102084
1.000000,2.000000,210,7005,0.102084
1.000000,2.000000,210,7006,0.102084
1.000000,2.000000,210,7007,0.102084
1.000000,2.000000,210,7008,0.102084
1.000000,2.000000,210,7009,0.102084
1.000000,2.000000,210,7010,0.102084
1.000000,2.000000,240,8001,0.102180
1.000000,2.000000,240,8002,0.102180
1.000000,2.000000,240,8003,0.102180
1.000000,2.000000,240,8004,0.102180
1.000000,2.000000,240,8005,0.102180
1.000000,2.000000,240,8006,0.102180
1.000000,2.000000,240,8007,0.102180
1.000000,2.000000,240,8008,0.102180
1.000000,2.000000,240,8009,0.102180
1.000000,2.000000,240,8010,0.102180
1.000000,2.000000,270,9001,0.102278
1.000000,2.000000,270,9002,0.102278
1.000000,2.000000,270,9003,0.102278
1.000000,2.000000,270,9004,0.102278
1.000000,2.000000,270,9005,0.102278
1.000000,2.000000,270,9006,0.102278
1.000000,2.000000,270,9007,0.102278
1.000000,2.000000,270,9008,0.102278
1.000000,2.000000,270,9009,0.102278
1.000000,2.000000,270,9010,0.102278
1.000000,2.000000,300,10001,0.102598
1.000000,2.000000,300,10002,0.102598
1.000000,2.000000,300,10003,0.102598
1.000000,2.000000,300,10004,0.102598
1.000000,2.000000,300,10005,0.102598
1.000000,2.000000,300,10006,0.102598
1.000000,2.000000,300,10007,0.102598
1.000000,2.000000,300,10008,0.102598
1.000000,2.000000,300,10009,0.102598
1.000000,2.000000,300,10010,0.102598
1.000000,2.000000,330,11001,0.102584
1.000000,2.000000,330,11002,0.102584
1.000000,2.000000,330,11003,0.102584
1.000000,2.000000,330,11004,0.102584
1.000000,2.000000,330,11005,0.102584
1.000000,2.000000,330,11006,0.102584
1.000000,2.000000,330,11007,0.102584
1.000000,2.000000,330,11008,0.102584
1.000000,2.000000,330,11009,0.102584
1.000000,2.000000,330,11010,0.102584
2.000000,0.100000,0,1,0.101228
2.000000,0.100000,0,1,0.113225
2.000000,0.100000,0,2,0.101228
2.000000,0.100000,0,2,0.113225
2.000000,0.100000,0,3,0.101228
2.000000,0.100000,0,3,0.113225
2.000000,0.100000,0,4,0.101228
2.000000,0.100000,0,4,0.113225
2.000000,0.100000,0,5,0.101228
2.000000,0.100000,0,5,0.113225
2.000000,0.100000,0,6,0.101228
2.000000,0.100000,0,6,0.113225
2.000000,0.100000,0,7,0.101228
2.000000,0.100000,0,7,0.113225
2.000000,0.100000,0,8,0.101228
2.000000,0.100000,0,8,0.113225
2.000000,0.100000,0,9,0.101228
2.000000,0.100000,0,9,0.113225
2.000000,0.100000,0,10,0.101228
2.000000,0.100000,0,10,0.113225
2.000000,0.100000,30,1001,0.101288
2.000000,0.100000,30,1001,0.126517
2.000000,0.100000,30,1002,0.101288
2.000000,0.100000,30,1002,0.126517
2.000000,0.100000,30,1003,0.101288
2.000000,0.100000,30,1003,0.126517
2.000000,0.100000,30,1004,0.101288
2.000000,0.100000,30,1004,0.126517
2.000000,0.100000,30,1005,0.101288
2.000000,0.100000,30,1005,0.126517
2.000000,0.100000,30,1006,0.101288
2.000000,0.100000,30,1006,0.126517
2.000000,0.100000,30,1007,0.101288
2.000000,0.100000,30,1007,0.126517
2.000000,0.100000,30,1008,0.101288
2.000000,0.100000,30,1008,0.126517
2.000000,0.100000,30,1009,0.101288
2.000000,0.100000,30,1009,0.126517
2.000000,0.100000,30,1010,0.101288
2.000000,0.100000,30,1010,0.126517
2.000000,0.100000,60,2001,0.101236
2.000000,0.100000,60,2001,0.114293
2.000000,0.100000,60,2001,0.125857
2.000000,0.100000,60,2002,0.101236
2.000000,0.100000,60,2002,0.114293
2.000000,0.100000,60,2002,0.125857
2.000000,0.100000,60,2003,0.101236
2.000000,0.100000,60,2003,0.114293
2.000000,0.100000,60,2003,0.125857
2.000000,0.100000,60,2004,0.101236
2.000000,0.100000,60,2004,0.114293
2.000000,0.100000,60,2004,0.125857
2.000000,0.100000,60,2005,0.101236
2.000000,0.100000,60,2005,0.114293
2.000000,0.100000,60,2005,0.125857
2.000000,0.100000,60,2006,0.101236
2.000000,0.100000,60,2006,0.114293
2.000000,0.100000,60,2006,0.125857
2.000000,0.100000,60,2007,0.101236
2.000000,0.100000,60,2007,0.114293
2.000000,0.100000,60,2007,0.125857
2.000000,0.100000,60,2008,0.101236
2.000000,0.100000,60,2008,0.114293
2.000000,0.100000,60,2008,0.125857
2.000000,0.100000,60,2009,0.101236
2.000000,0.100000,60,2009,0.114293
2.000000,0.100000,60,2009,0.125857
2.000000,0.100000,60,2010,0.101236
2.000000,0.100000,60,2010,0.114293
2.000000,0.100000,60,2010,0.125857
2.000000,0.100000,90,3001,0.101114
2.000000,0.100000,90,3001,0.114923
2.000000,0.100000,90,3002,0.101114
2.000000,0.100000,90,3002,0.114923
2.000000,0.100000,90,3003,0.101114
2.000000,0.100000,90,3003,0.114923
2.000000,0.100000,90,3004,0.101114
2.000000,0.100000,90,3004,0.114923
2.000000,0.100000,90,3005,0.101114
2.000000,0.100000,90,3005,0.114923
2.000000,0.100000,90,3006,0.101114
2.000000,0.100000,90,3006,0.114923
2.000000,0.100000,90,3007,0.101114
2.000000,0.100000,90,3007,0.114923
2.000000,0.100000,90,3008,0.101114
2.000000,0.100000,90,3008,0.114923
2.000000,0.100000,90,3009,0.101114
2.000000,0.100000,90,3009,0.114923
2.000000,0.100000,90,3010,0.101114
2.000000,0.100000,90,3010,0.114923
2.000000,0.100000,120,4001,0.101018
2.000000,0.100000,120,4001,0.116599
2.000000,0.100000,120,4002,0.101018
2.000000,0.100000,120,4002,0.116599
2.000000,0.100000,120,4003,0.101018
2.000000,0.100000,120,4003,0.116599
2.000000,0.100000,120,4004,0.101018
2.000000,0.100000,120,4004,0.116599
2.000000,0.100000,120,4005,0.101018
2.000000,0.100000,120,4005,0.116599
2.000000,0.100000,120,4006,0.101018
2.000000,0.100000,120,4006,0.116599
2.000000,0.100000,120,4007,0.101018
2.000000,0.100000,120,4007,0.116599
2.000000,0.100000,120,4008,0.101018
2.000000,0.100000,120,4008,0.116599
2.000000,0.100000,120,4009,0.101018
2.000000,0.100000,120,4009,0.116599
2.000000,0.100000,120,4010,0.101018
2.000000,0.100000,120,4010,0.116599
2.000000,0.100000,150,5001,0.100979
2.000000,0.100000,150,5001,0.116413
2.000000,0.100000,150,5002,0.100979
2.000000,0.100000,150,5002,0.116413
2.000000,0.100000,150,5003,0.100979
2.000000,0.100000,150,5003,0.116413
2.000000,0.100000,150,5004,0.100979
2.000000,0.100000,150,5004,0.116413
2.000000,0.100000,150,5005,0.100979
2.000000,0.100000,150,5005,0.116413
2.000000,0.100000,150,5006,0.100979
2.000000,0.100000,150,5006,0.116413
2.000000,0.100000,150,5007,0.100979
2.000000,0.100000,150,5007,0.116413
2.000000,0.100000,150,5008,0.100979
2.000000,0.100000,150,5008,0.116413
2.000000,0.100000,150,5009,0.100979
2.000000,0.100000,150,5009,0.116413
2.000000,0.100000,150,5010,0.100979
2.000000,0.100000,150,5010,0.116413
2.000000,0.100000,180,6001,0.100991
2.000000,0.100000,180,6002,0.100991
2.000000,0.100000,180,6003,0.100991
2.000000,0.100000,180,6004,0.100991
2.000000,0.100000,180,6005,0.100991
2.000000,0.100000,180,6006,0.100991
2.000000,0.100000,180,6007,0.100991
2.000000,0.100000,180,6008,0.100991
2.000000,0.100000,180,6009,0.100991
2.000000,0.100000,180,6010,0.100991
2.000000,0.100000,210,7001,0.100977
2.000000,0.100000,210,7002,0.100977
2.000000,0.100000,210,7003,0.100977
2.000000,0.100000,210,7004,0.100977
2.000000,0.100000,210,7005,0.100977
2.000000,0.100000,210,7006,0.100977
2.000000,0.100000,210,7007,0.100977
2.000000,0.100000,210,7008,0.100977
2.000000,0.100000,210,7009,0.100977
2.000000,0.100000,210,7010,0.100977
2.000000,0.100000,240,8001,0.100998
2.000000,0.100000,240,8001,0.115919
2.000000,0.100000,240,8002,0.100998
2.000000,0.100000,240,8002,0.115919
2.000000,0.100000,240,8003,0.100998
2.000000,0.100000,240,8003,0.115919
2.000000,0.100000,240,8004,0.100998
2.000000,0.100000,240,8004,0.115919
2.000000,0.100000,240,8005,0.100998
2.000000,0.100000,240,8005,0.115919
2.000000,0.100000,240,8006,0.100998
2.000000,0.100000,240,8006,0.115919
2.000000,0.100000,240,8007,0.100998
2.000000,0.100000,240,8007,0.115919
2.000000,0.100000,240,8008,0.100998
2.000000,0.100000,240,8008,0.115919
2.000000,0.100000,240,8009,0.100998
2.000000,0.100000,240,8009,0.115919
2.000000,0.100000,240,8010,0.100998
2.000000,0.100000,240,8010,0.115919
2.000000,0.100000,270,9001,0.101099
2.000000,0.100000,270,9002,0.101099
2.000000,0.100000,270,9003,0.101099
2.000000,0.100000,270,9004,0.101099
2.000000,0.100000,270,9005,0.101099
2.000000,0.100000,270,9006,0.101099
2.000000,0.100000,270,9007,0.101099
2.000000,0.100000,270,9008,0.101099
2.000000,0.100000,270,9009,0.101099
2.000000,0.100000,270,9010,0.101099
2.000000,0.100000,300,10001,0.101239
2.000000,0.100000,300,10002,0.101239
2.000000,0.100000,300,10003,0.101239
2.000000,0.100000,300,10004,0.101239
2.000000,0.100000,300,10005,0.101239
2.000000,0.100000,300,10006,0.101239
2.000000,0.100000,300,10007,0.101239
2.000000,0.100000,300,10008,0.101239
2.000000,0.100000,300,10009,0.101239
2.000000,0.100000,300,10010,0.101239
2.000000,0.100000,330,11001,0.101251
2.000000,0.100000,330,11002,0.101251
2.000000,0.100000,330,11003,0.101251
2.000000,0.100000,330,11004,0.101251
2.000000,0.100000,330,11005,0.101251
2.000000,0.100000,330,11006,0.101251
2.000000,0.100000,330,11007,0.101251
2.000000,0.100000,330,11008,0.101251
2.000000,0.100000,330,11009,0.101251
2.000000,0.100000,330,11010,0.101251
2.000000,0.200000,0,1,0.101229
2.000000,0.200000,0,1,0.113423
2.000000,0.200000,0,2,0.101229
2.000000,0.200000,0,2,0.113423
2.000000,0.200000,0,3,0.101229
2.000000,0.200000,0,3,0.113423
2.000000,0.200000,0,4,0.101229
2.000000,0.200000,0,4,0.113423
2.000000,0.200000,0,5,0.101229
2.000000,0.200000,0,5,0.113423
2.000000,0.200000,0,6,0.101229
2.000000,0.200000,0,6,0.113423
2.000000,0.200000,0,7,0.101229
2.000000,0.200000,0,7,0.113423
2.000000,0.200000,0,8,0.101229
2.000000,0.200000,0,8,0.113423
2.000000,0.200000,0,9,0.101229
2.000000,0.200000,0,9,0.113423
2.000000,0.200000,0,10,0.101229
2.000000,0.200000,0,10,0.113423
2.000000,0.200000,30,1001,0.101295
2.000000,0.200000,30,1001,0.127213
2.000000,0.200000,30,1002,0.101295
2.000000,0.200000,30,1002,0.127213
2.000000,0.200000,30,1003,0.101295
2.000000,0.200000,30,1003,0.127213
2.000000,0.200000,30,1004,0.101295
2.000000,0.200000,30,1004,0.127213
2.000000,0.200000,30,1005,0.101295
2.000000,0.200000,30,1005,0.127213
2.000000,0.200000,30,1006,0.101295
2.000000,0.200000,30,1006,0.127213
2.000000,0.200000,30,1007,0.101295
2.000000,0.200000,30,1007,0.127213
2.000000,0.200000,30,1008,0.101295
2.000000,0.200000,30,1008,0.127213
2.000000,0.200000,30,1009,0.101295
2.000000,0.200000,30,1009,0.127213
2.000000,0.200000,30,1010,0.101295
2.000000,0.200000,30,1010,0.127213
2.000000,0.200000,60,2001,0.101255
2.000000,0.200000,60,2001,0.114588
2.000000,0.200000,60,2001,0.127184
2.000000,0.200000,60,2002,0.101255
2.000000,0.200000,60,2002,0.114588
2.000000,0.200000,60,2002,0.127184
2.000000,0.200000,60,2003,0.101255
2.000000,0.200000,60,2003,0.114588
2.000000,0.200000,60,2003,0.127184
2.000000,0.200000,60,2004,0.101255
2.000000,0.200000,60,2004,0.114588
2.000000,0.200000,60,2004,0.127184
2.000000,0.200000,60,2005,0.101255
2.000000,0.200000,60,2005,0.114588
2.000000,0.200000,60,2005,0.127184
2.000000,0.200000,60,2006,0.101255
2.000000,0.200000,60,2006,0.114588
2.000000,0.200000,60,2006,0.127184
2.000000,0.200000,60,2007,0.101255
2.000000,0.200000,60,2007,0.114588
2.000000,0.200000,60,2007,0.127184
2.000000,0.200000,60,2008,0.101255
2.000000,0.200000,60,2008,0.114588
2.000000,0.200000,60,2008,0.127184
2.000000,0.200000,60,2009,0.101255
2.000000,0.200000,60,2009,0.114588
2.000000,0.200000,60,2009,0.127184
2.000000,0.200000,60,2010,0.101255
2.000000,0.200000,60,2010,0.114588
2.000000,0.200000,60,2010,0.127184
2.000000,0.200000,90,3001,0.101112
2.000000,0.200000,90,3001,0.117223
2.000000,0.200000,90,3002,0.101112
2.000000,0.200000,90,3002,0.117223
2.000000,0.200000,90,3003,0.101112
2.000000,0.200000,90,3003,0.117223
2.000000,0.200000,90,3004,0.101112
2.000000,0.200000,90,3004,0.117223
2.000000,0.200000,90,3005,0.101112
2.000000,0.200000,90,3005,0.117223
2.000000,0.200000,90,3006,0.101112
2.000000,0.200000,90,3006,0.117223
2.000000,0.200000,90,3007,0.101112
2.000000,0.200000,90,3007,0.117223
2.000000,0.200000,90,3008,0.101112
2.000000,0.200000,90,3008,0.117223
2.000000,0.200000,90,3009,0.101112
2.000000,0.200000,90,3009,0.117223
2.000000,0.200000,90,3010,0.101112
2.000000,0.200000,90,3010,0.117223
2.000000,0.200000,120,4001,0.101024
2.000000,0.200000,120,4001,0.118733
2.000000,0.200000,120,4002,0.101024
2.000000,0.200000,120,4002,0.118733
2.000000,0.200000,120,4003,0.101024
2.000000,0.200000,120,4003,0.118733
2.000000,0.200000,120,4004,0.101024
2.000000,0.200000,120,4004,0.118733
2.000000,0.200000,120,4005,0.101024
2.000000,0.200000,120,4005,0.118733
2.000000,0.200000,120,4006,0.101024
2.000000,0.200000,120,4006,0.118733
2.000000,0.200000,120,4007,0.101024
2.000000,0.200000,120,4007,0.118733
2.000000,0.200000,120,4008,0.101024
2.000000,0.200000,120,4008,0.118733
2.000000,0.200000,120,4009,0.101024
2.000000,0.200000,120,4009,0.118733
2.000000,0.200000,120,4010,0.101024
2.000000,0.200000,120,4010,0.118733
2.000000,0.200000,150,5001,0.101002
2.000000,0.200000,150,5002,0.101002
2.000000,0.200000,150,5003,0.101002
2.000000,0.200000,150,5004,0.101002
2.000000,0.200000,150,5005,0.101002
2.000000,0.200000,150,5006,0.101002
2.000000,0.200000,150,5007,0.101002
2.000000,0.200000,150,5008,0.101002
2.000000,0.200000,150,5009,0.101002
2.000000,0.200000,150,5010,0.101002
2.000000,0.200000,180,6001,0.101019
2.000000,0.200000,180,6002,0.101019
2.000000,0.200000,180,6003,0.101019
2.000000,0.200000,180,6004,0.101019
2.000000,0.200000,180,6005,0.101019
2.000000,0.200000,180,6006,0.101019
2.000000,0.200000,180,6007,0.101019
2.000000,0.200000,180,6008,0.101019
2.000000,0.200000,180,6009,0.101019
2.000000,0.200000,180,6010,0.101019
2.000000,0.200000,210,7001,0.100983
2.000000,0.200000,210,7002,0.100983
2.000000,0.200000,210,7003,0.100983
2.000000,0.200000,210,7004,0.100983
2.000000,0.200000,210,7005,0.100983
2.000000,0.200000,210,7006,0.100983
2.000000,0.200000,210,7007,0.100983
2.000000,0.200000,210,7008,0.100983
2.000000,0.200000,210,7009,0.100983
2.000000,0.200000,210,7010,0.100983
2.000000,0.200000,240,8001,0.101009
2.000000,0.200000,240,8001,0.116841
2.000000,0.200000,240,8002,0.101009
2.000000,0.200000,240,8002,0.116841
2.000000,0.200000,240,8003,0.101009
2.000000,0.200000,240,8003,0.116841
2.000000,0.200000,240,8004,0.101009
2.000000,0.200000,240,8004,0.116841
2.000000,0.200000,240,8005,0.101009
2.000000,0.200000,240,8005,0.116841
2.000000,0.200000,240,8006,0.101009
2.000000,0.200000,240,8006,0.116841
2.000000,0.200000,240,8007,0.101009
2.000000,0.200000,240,8007,0.116841
2.000000,0.200000,240,8008,0.101009
2.000000,0.200000,240,8008,0.116841
2.000000,0.200000,240,8009,0.101009
2.000000,0.200000,240,8009,0.116841
2.000000,0.200000,240,8010,0.101009
2.000000,0.200000,240,8010,0.116841
2.000000,0.200000,270,9001,0.101102
2.000000,0.200000,270,9002,0.101102
2.000000,0.200000,270,9003,0.101102
2.000000,0.200000,270,9004,0.101102
2.000000,0.200000,270,9005,0.101102
2.000000,0.200000,270,9006,0.101102
2.000000,0.200000,270,9007,0.101102
2.000000,0.200000,270,9008,0.101102
2.000000,0.200000,270,9009,0.101102
2.000000,0.200000,270,9010,0.101102
2.000000,0.200000,300,10001,0.101246
2.000000,0.200000,300,10002,0.101246
2.000000,0.200000,300,10003,0.101246
2.000000,0.200000,300,10004,0.101246
2.000000,0.200000,300,10005,0.101246
2.000000,0.200000,300,10006,0.101246
2.000000,0.200000,300,10007,0.101246
2.000000,0.200000,300,10008,0.101246
2.000000,0.200000,300,10009,0.101246
2.000000,0.200000,300,10010,0.101246
2.000000,0.200000,330,11001,0.101268
2.000000,0.200000,330,11002,0.101268
2.000000,0.200000,330,11003,0.101268
2.000000,0.200000,330,11004,0.101268
2.000000,0.200000,330,11005,0.101268
2.000000,0.200000,330,11006,0.101268
2.000000,0.200000,330,11007,0.101268
2.000000,0.200000,330,11008,0.101268
2.000000,0.200000,330,11009,0.101268
2.000000,0.200000,330,11010,0.101268
2.000000,0.500000,0,1,0.101260
2.000000,0.500000,0,1,0.114135
2.000000,0.500000,0,2,0.101260
2.000000,0.500000,0,2,0.114135
2.000000,0.500000,0,3,0.101260
2.000000,0.500000,0,3,0.114135
2.000000,0.500000,0,4,0.101260
2.000000,0.500000,0,4,0.114135
2.000000,0.500000,0,5,0.101260
2.000000,0.500000,0,5,0.114135
2.000000,0.500000,0,6,0.101260
2.000000,0.500000,0,6,0.114135
2.000000,0.500000,0,7,0.101260
2.000000,0.500000,0,7,0.114135
2.000000,0.500000,0,8,0.101260
2.000000,0.500000,0,8,0.114135
2.000000,0.500000,0,9,0.101260
2.000000,0.500000,0,9,0.114135
2.000000,0.500000,0,10,0.101260
2.000000,0.500000,0,10,0.114135
2.000000,0.500000,30,1001,0.101338
2.000000,0.500000,30,1002,0.101338
2.000000,0.500000,30,1003,0.101338
2.000000,0.500000,30,1004,0.101338
2.000000,0.500000,30,1005,0.101338
2.000000,0.500000,30,1006,0.101338
2.000000,0.500000,30,1007,0.101338
2.000000,0.500000,30,1008,0.101338
2.000000,0.500000,30,1009,0.101338
2.000000,0.500000,30,1010,0.101338
2.000000,0.500000,60,2001,0.101276
2.000000,0.500000,60,2001,0.116745
2.000000,0.500000,60,2002,0.101276
2.000000,0.500000,60,2002,0.116745
2.000000,0.500000,60,2003,0.101276
2.000000,0.500000,60,2003,0.116745
2.000000,0.500000,60,2004,0.101276
2.000000,0.500000,60,2004,0.116745
2.000000,0.500000,60,2005,0.101276
2.000000,0.500000,60,2005,0.116745
2.000000,0.500000,60,2006,0.101276
2.000000,0.500000,60,2006,0.116745
2.000000,0.500000,60,2007,0.101276
2.000000,0.500000,60,2007,0.116745
2.000000,0.500000,60,2008,0.101276
2.000000,0.500000,60,2008,0.116745
2.000000,0.500000,60,2009,0.101276
2.000000,0.500000,60,2009,0.116745
2.000000,0.500000,60,2010,0.101276
2.000000,0.500000,60,2010,0.116745
2.000000,0.500000,90,3001,0.101152
2.000000,0.500000,90,3002,0.101152
2.000000,0.500000,90,3003,0.101152
2.000000,0.500000,90,3004,0.101152
2.000000,0.500000,90,3005,0.101152
2.000000,0.500000,90,3006,0.101152
2.000000,0.500000,90,3007,0.101152
2.000000,0.500000,90,3008,0.101152
2.000000,0.500000,90,3009,0.101152
2.000000,0.500000,90,3010,0.101152
2.000000,0.500000,120,4001,0.101057
2.000000,0.500000,120,4002,0.101057
2.000000,0.500000,120,4003,0.101057
2.000000,0.500000,120,4004,0.101057
2.000000,0.500000,120,4005,0.101057
2.000000,0.500000,120,4006,0.101057
2.000000,0.500000,120,4007,0.101057
2.000000,0.500000,120,4008,0.101057
2.000000,0.500000,120,4009,0.101057
2.000000,0.500000,120,4010,0.101057
2.000000,0.500000,150,5001,0.101036
2.000000,0.500000,150,5002,0.101036
2.000000,0.500000,150,5003,0.101036
2.000000,0.500000,150,5004,0.101036
2.000000,0.500000,150,5005,0.101036
2.000000,0.500000,150,5006,0.101036
2.000000,0.500000,150,5007,0.101036
2.000000,0.500000,150,5008,0.101036
2.000000,0.500000,150,5009,0.101036
2.000000,0.500000,150,5010,0.101036
2.000000,0.500000,180,6001,0.101039
2.000000,0.500000,180,6002,0.101039
2.000000,0.500000,180,6003,0.101039
2.000000,0.500000,180,6004,0.101039
2.000000,0.500000,180,6005,0.101039
2.000000,0.500000,180,6006,0.101039
2.000000,0.500000,180,6007,0.101039
2.000000,0.500000,180,6008,0.101039
2.000000,0.500000,180,6009,0.101039
2.000000,0.500000,180,6010,0.101039
2.000000,0.500000,210,7001,0.101020
2.000000,0.500000,210,7002,0.101020
2.000000,0.500000,210,7003,0.101020
2.000000,0.500000,210,7004,0.101020
2.000000,0.500000,210,7005,0.101020
2.000000,0.500000,210,7006,0.101020
2.000000,0.500000,210,7007,0.101020
2.000000,0.500000,210,7008,0.101020
2.000000,0.500000,210,7009,0.101020
2.000000,0.500000,210,7010,0.101020
2.000000,0.500000,240,8001,0.101042
2.000000,0.500000,240,8002,0.101042
2.000000,0.500000,240,8003,0.101042
2.000000,0.500000,240,8004,0.101042
2.000000,0.500000,240,8005,0.101042
2.000000,0.500000,240,8006,0.101042
2.000000,0.500000,240,8007,0.101042
2.000000,0.500000,240,8008,0.101042
2.000000,0.500000,240,8009,0.101042
2.000000,0.500000,240,8010,0.101042
2.000000,0.500000,270,9001,0.101133
2.000000,0.500000,270,9002,0.101133
2.000000,0.500000,270,9003,0.101133
2.000000,0.500000,270,9004,0.101133
2.000000,0.500000,270,9005,0.101133
2.000000,0.500000,270,9006,0.101133
2.000000,0.500000,270,9007,0.101133
2.000000,0.500000,270,9008,0.101133
2.000000,0.500000,270,9009,0.101133
2.000000,0.500000,270,9010,0.101133
2.000000,0.500000,300,10001,0.101289
2.000000,0.500000,300,10002,0.101289
2.000000,0.500000,300,10003,0.101289
2.000000,0.500000,300,10004,0.101289
2.000000,0.500000,300,10005,0.101289
2.000000,0.500000,300,10006,0.101289
2.000000,0.500000,300,10007,0.101289
2.000000,0.500000,300,10008,0.101289
2.000000,0.500000,300,10009,0.101289
2.000000,0.500000,300,10010,0.101289
2.000000,0.500000,330,11001,0.101297
2.000000,0.500000,330,11002,0.101297
2.000000,0.500000,330,11003,0.101297
2.000000,0.500000,330,11004,0.101297
2.000000,0.500000,330,11005,0.101297
2.000000,0.500000,330,11006,0.101297
2.000000,0.500000,330,11007,0.101297
2.000000,0.500000,330,11008,0.101297
2.000000,0.500000,330,11009,0.101297
2.000000,0.500000,330,11010,0.101297
2.000000,1.000000,0,1,0.101316
2.000000,1.000000,0,1,0.115416
2.000000,1.000000,0,2,0.101316
2.000000,1.000000,0,2,0.115416
2.000000,1.000000,0,3,0.101316
2.000000,1.000000,0,3,0.115416
2.000000,1.000000,0,4,0.101316
2.000000,1.000000,0,4,0.115416
2.000000,1.000000,0,5,0.101316
2.000000,1.000000,0,5,0.115416
2.000000,1.000000,0,6,0.101316
2.000000,1.000000,0,6,0.115416
2.000000,1.000000,0,7,0.101316
2.000000,1.000000,0,7,0.115416
2.000000,1.000000,0,8,0.101316
2.000000,1.000000,0,8,0.115416
2.000000,1.000000,0,9,0.101316
2.000000,1.000000,0,9,0.115416
2.000000,1.000000,0,10,0.101316
2.000000,1.000000,0,10,0.115416
2.000000,1.000000,30,1001,0.101386
2.000000,1.000000,30,1002,0.101386
2.000000,1.000000,30,1003,0.101386
2.000000,1.000000,30,1004,0.101386
2.000000,1.000000,30,1005,0.101386
2.000000,1.000000,30,1006,0.101386
2.000000,1.000000,30,1007,0.101386
2.000000,1.000000,30,1008,0.101386
2.000000,1.000000,30,1009,0.101386
2.000000,1.000000,30,1010,0.101386
2.000000,1.000000,60,2001,0.101333
2.000000,1.000000,60,2002,0.101333
2.000000,1.000000,60,2003,0.101333
2.000000,1.000000,60,2004,0.101333
2.000000,1.000000,60,2005,0.101333
2.000000,1.000000,60,2006,0.101333
2.000000,1.000000,60,2007,0.101333
2.000000,1.000000,60,2008,0.101333
2.000000,1.000000,60,2009,0.101333
2.000000,1.000000,60,2010,0.101333
2.000000,1.000000,90,3001,0.101210
2.000000,1.000000,90,3002,0.101210
2.000000,1.000000,90,3003,0.101210
2.000000,1.000000,90,3004,0.101210
2.000000,1.000000,90,3005,0.101210
2.000000,1.000000,90,3006,0.101210
2.000000,1.000000,90,3007,0.101210
2.000000,1.000000,90,3008,0.101210
2.000000,1.000000,90,3009,0.101210
2.000000,1.000000,90,3010,0.101210
2.000000,1.000000,120,4001,0.101109
2.000000,1.000000,120,4002,0.101109
2.000000,1.000000,120,4003,0.101109
2.000000,1.000000,120,4004,0.101109
2.000000,1.000000,120,4005,0.101109
2.000000,1.000000,120,4006,0.101109
2.000000,1.000000,120,4007,0.101109
2.000000,1.000000,120,4008,0.101109
2.000000,1.000000,120,4009,0.101109
2.000000,1.000000,120,4010,0.101109
2.000000,1.000000,150,5001,0.101072
2.000000,1.000000,150,5002,0.101072
2.000000,1.000000,150,5003,0.101072
2.000000,1.000000,150,5004,0.101072
2.000000,1.000000,150,5005,0.101072
2.000000,1.000000,150,5006,0.101072
2.000000,1.000000,150,5007,0.101072
2.000000,1.000000,150,5008,0.101072
2.000000,1.000000,150,5009,0.101072
2.000000,1.000000,150,5010,0.101072
2.000000,1.000000,180,6001,0.101102
2.000000,1.000000,180,6002,0.101102
2.000000,1.000000,180,6003,0.101102
2.000000,1.000000,180,6004,0.101102
2.000000,1.000000,180,6005,0.101102
2.000000,1.000000,180,6006,0.101102
2.000000,1.000000,180,6007,0.101102
2.000000,1.000000,180,6008,0.101102
2.000000,1.000000,180,6009,0.101102
2.000000,1.000000,180,6010,0.101102
2.000000,1.000000,210,7001,0.101062
2.000000,1.000000,210,7002,0.101062
2.000000,1.000000,210,7003,0.101062
2.000000,1.000000,210,7004,0.101062
2.000000,1.000000,210,7005,0.101062
2.000000,1.000000,210,7006,0.101062
2.000000,1.000000,210,7007,0.101062
2.000000,1.000000,210,7008,0.101062
2.000000,1.000000,210,7009,0.101062
2.000000,1.000000,210,7010,0.101062
2.000000,1.000000,240,8001,0.101104
2.000000,1.000000,240,8002,0.101104
2.000000,1.000000,240,8003,0.101104
2.000000,1.000000,240,8004,0.101104
2.000000,1.000000,240,8005,0.101104
2.000000,1.000000,240,8006,0.101104
2.000000,1.000000,240,8007,0.101104
2.000000,1.000000,240,8008,0.101104
2.000000,1.000000,240,8009,0.101104
2.000000,1.000000,240,8010,0.101104
2.000000,1.000000,270,9001,0.101199
2.000000,1.000000,270,9002,0.101199
2.000000,1.000000,270,9003,0.101199
2.000000,1.000000,270,9004,0.101199
2.000000,1.000000,270,9005,0.101199
2.000000,1.000000,270,9006,0.101199
2.000000,1.000000,270,9007,0.101199
2.000000,1.000000,270,9008,0.101199
2.000000,1.000000,270,9009,0.101199
2.000000,1.000000,270,9010,0.101199
2.000000,1.000000,300,10001,0.101339
2.000000,1.000000,300,10002,0.101339
2.000000,1.000000,300,10003,0.101339
2.000000,1.000000,300,10004,0.101339
2.000000,1.000000,300,10005,0.101339
2.000000,1.000000,300,10006,0.101339
2.000000,1.000000,300,10007,0.101339
2.000000,1.000000,300,10008,0.101339
2.000000,1.000000,300,10009,0.101339
2.000000,1.000000,300,10010,0.101339
2.000000,1.000000,330,11001,0.101354
2.000000,1.000000,330,11002,0.101354
2.000000,1.000000,330,11003,0.101354
2.000000,1.000000,330,11004,0.101354
2.000000,1.000000,330,11005,0.101354
2.000000,1.000000,330,11006,0.101354
2.000000,1.000000,330,11007,0.101354
2.000000,1.000000,330,11008,0.101354
2.000000,1.000000,330,11009,0.101354
2.000000,1.000000,330,11010,0.101354
2.000000,2.000000,0,1,0.101432
2.000000,2.000000,0,2,0.101432
2.000000,2.000000,0,3,0.101432
2.000000,2.000000,0,4,0.101432
2.000000,2.000000,0,5,0.101432
2.000000,2.000000,0,6,0.101432
2.000000,2.000000,0,7,0.101432
2.000000,2.000000,0,8,0.101432
2.000000,2.000000,0,9,0.101432
2.000000,2.000000,0,10,0.101432
2.000000,2.000000,30,1001,0.101516
2.000000,2.000000,30,1002,0.101516
2.000000,2.000000,30,1003,0.101516
2.000000,2.000000,30,1004,0.101516
2.000000,2.000000,30,1005,0.101516
2.000000,2.000000,30,1006,0.101516
2.000000,2.000000,30,1007,0.101516
2.000000,2.000000,30,1008,0.101516
2.000000,2.000000,30,1009,0.101516
2.000000,2.000000,30,1010,0.101516
2.000000,2.000000,60,2001,0.101474
2.000000,2.000000,60,2002,0.101474
2.000000,2.000000,60,2003,0.101474
2.000000,2.000000,60,2004,0.101474
2.000000,2.000000,60,2005,0.101474
2.000000,2.000000,60,2006,0.101474
2.000000,2.000000,60,2007,0.101474
2.000000,2.000000,60,2008,0.101474
2.000000,2.000000,60,2009,0.101474
2.000000,2.000000,60,2010,0.101474
2.000000,2.000000,90,3001,0.101338
2.000000,2.000000,90,3002,0.101338
2.000000,2.000000,90,3003,0.101338
2.000000,2.000000,90,3004,0.101338
2.000000,2.000000,90,3005,0.101338
2.000000,2.000000,90,3006,0.101338
2.000000,2.000000,90,3007,0.101338
2.000000,2.000000,90,3008,0.101338
2.000000,2.000000,90,3009,0.101338
2.000000,2.000000,90,3010,0.101338
2.000000,2.000000,120,4001,0.101246
2.000000,2.000000,120,4002,0.101246
2.000000,2.000000,120,4003,0.101246
2.000000,2.000000,120,4004,0.101246
2.000000,2.000000,120,4005,0.101246
2.000000,2.000000,120,4006,0.101246
2.000000,2.000000,120,4007,0.101246
2.000000,2.000000,120,4008,0.101246
2.000000,2.000000,120,4009,0.101246
2.000000,2.000000,120,4010,0.101246
2.000000,2.000000,150,5001,0.101205
2.000000,2.000000,150,5002,0.101205
2.000000,2.000000,150,5003,0.101205
2.000000,2.000000,150,5004,0.101205
2.000000,2.000000,150,5005,0.101205
2.000000,2.000000,150,5006,0.101205
2.000000,2.000000,150,5007,0.101205
2.000000,2.000000,150,5008,0.101205
2.000000,2.000000,150,5009,0.101205
2.000000,2.000000,150,5010,0.101205
2.000000,2.000000,180,6001,0.101225
2.000000,2.000000,180,6002,0.101225
2.000000,2.000000,180,6003,0.101225
2.000000,2.000000,180,6004,0.101225
2.000000,2.000000,180,6005,0.101225
2.000000,2.000000,180,6006,0.101225
2.000000,2.000000,180,6007,0.101225
2.000000,2.000000,180,6008,0.101225
2.000000,2.000000,180,6009,0.101225
2.000000,2.000000,180,6010,0.101225
2.000000,2.000000,210,7001,0.101205
2.000000,2.000000,210,7002,0.101205
2.000000,2.000000,210,7003,0.101205
2.000000,2.000000,210,7004,0.101205
2.000000,2.000000,210,7005,0.101205
2.000000,2.000000,210,7006,0.101205
2.000000,2.000000,210,7007,0.101205
2.000000,2.000000,210,7008,0.101205
2.000000,2.000000,210,7009,0.101205
2.000000,2.000000,210,7010,0.101205
2.000000,2.000000,240,8001,0.101254
2.000000,2.000000,240,8002,0.101254
2.000000,2.000000,240,8003,0.101254
2.000000,2.000000,240,8004,0.101254
2.000000,2.000000,240,8005,0.101254
2.000000,2.000000,240,8006,0.101254
2.000000,2.000000,240,8007,0.101254
2.000000,2.000000,240,8008,0.101254
2.000000,2.000000,240,8009,0.101254
2.000000,2.000000,240,8010,0.101254
2.000000,2.000000,270,9001,0.101327
2.000000,2.000000,270,9002,0.101327
2.000000,2.000000,270,9003,0.101327
2.000000,2.000000,270,9004,0.101327
2.000000,2.000000,270,9005,0.101327
2.000000,2.000000,270,9006,0.101327
2.000000,2.000000,270,9007,0.101327
2.000000,2.000000,270,9008,0.101327
2.000000,2.000000,270,9009,0.101327
2.000000,2.000000,270,9010,0.101327
2.000000,2.000000,300,10001,0.101490
2.000000,2.000000,300,10002,0.101490
2.000000,2.000000,300,10003,0.101490
2.000000,2.000000,300,10004,0.101490
2.000000,2.000000,300,10005,0.101490
2.000000,2.000000,300,10006,0.101490
2.000000,2.000000,300,10007,0.101490
2.000000,2.000000,300,10008,0.101490
2.000000,2.000000,300,10009,0.101490
2.000000,2.000000,300,10010,0.101490
2.000000,2.000000,330,11001,0.101488
2.000000,2.000000,330,11002,0.101488
2.000000,2.000000,330,11003,0.101488
2.000000,2.000000,330,11004,0.101488
2.000000,2.000000,330,11005,0.101488
2.000000,2.000000,330,11006,0.101488
2.000000,2.000000,330,11007,0.101488
2.000000,2.000000,330,11008,0.101488
2.000000,2.000000,330,11009,0.101488
2.000000,2.000000,330,11010,0.101488
3.000000,0.100000,0,1,0.101023
3.000000,0.100000,0,2,0.101023
3.000000,0.100000,0,3,0.101023
3.000000,0.100000,0,4,0.101023
3.000000,0.100000,0,5,0.101023
3.000000,0.100000,0,6,0.101023
3.000000,0.100000,0,7,0.101023
3.000000,0.100000,0,8,0.101023
3.000000,0.100000,0,9,0.101023
3.000000,0.100000,0,10,0.101023
3.000000,0.100000,30,1001,0.101072
3.000000,0.100000,30,1002,0.101072
3.000000,0.100000,30,1003,0.101072
3.000000,0.100000,30,1004,0.101072
3.000000,0.100000,30,1005,0.101072
3.000000,0.100000,30,1006,0.101072
3.000000,0.100000,30,1007,0.101072
3.000000,0.100000,30,1008,0.101072
3.000000,0.100000,30,1009,0.101072
3.000000,0.100000,30,1010,0.101072
3.000000,0.100000,60,2001,0.101037
3.000000,0.100000,60,2001,0.123602
3.000000,0.100000,60,2002,0.101037
3.000000,0.100000,60,2002,0.123602
3.000000,0.100000,60,2003,0.101037
3.000000,0.100000,60,2003,0.123602
3.000000,0.100000,60,2004,0.101037
3.000000,0.100000,60,2004,0.123602
3.000000,0.100000,60,2005,0.101037
3.000000,0.100000,60,2005,0.123602
3.000000,0.100000,60,2006,0.101037
3.000000,0.100000,60,2006,0.123602
3.000000,0.100000,60,2007,0.101037
3.000000,0.100000,60,2007,0.123602
3.000000,0.100000,60,2008,0.101037
3.000000,0.100000,60,2008,0.123602
3.000000,0.100000,60,2009,0.101037
3.000000,0.100000,60,2009,0.123602
3.000000,0.100000,60,2010,0.101037
3.000000,0.100000,60,2010,0.123602
3.000000,0.100000,90,3001,0.100934
3.000000,0.100000,90,3001,0.125060
3.000000,0.100000,90,3002,0.100934
3.000000,0.100000,90,3002,0.125060
3.000000,0.100000,90,3003,0.100934
3.000000,0.100000,90,3003,0.125060
3.000000,0.100000,90,3004,0.100934
3.000000,0.100000,90,3004,0.125060
3.000000,0.100000,90,3005,0.100934
3.000000,0.100000,90,3005,0.125060
3.000000,0.100000,90,3006,0.100934
3.000000,0.100000,90,3006,0.125060
3.000000,0.100000,90,3007,0.100934
3.000000,0.100000,90,3007,0.125060
3.000000,0.100000,90,3008,0.100934
3.000000,0.100000,90,3008,0.125060
3.000000,0.100000,90,3009,0.100934
3.000000,0.100000,90,3009,0.125060
3.000000,0.100000,90,3010,0.100934
3.000000,0.100000,90,3010,0.125060
3.000000,0.100000,120,4001,0.100865
3.000000,0.100000,120,4001,0.114844
3.000000,0.100000,120,4001,0.129052
3.000000,0.100000,120,4002,0.100865
3.000000,0.100000,120,4002,0.114844
3.000000,0.100000,120,4002,0.129052
3.000000,0.100000,120,4003,0.100865
3.000000,0.100000,120,4003,0.114844
3.000000,0.100000,120,4003,0.129052
3.000000,0.100000,120,4004,0.100865
3.000000,0.100000,120,4004,0.114844
3.000000,0.100000,120,4004,0.129052
3.000000,0.100000,120,4005,0.100865
3.000000,0.100000,120,4005,0.114844
3.000000,0.100000,120,4005,0.129052
3.000000,0.100000,120,4006,0.100865
3.000000,0.100000,120,4006,0.114844
3.000000,0.100000,120,4006,0.129052
3.000000,0.100000,120,4007,0.100865
3.000000,0.100000,120,4007,0.114844
3.000000,0.100000,120,4007,0.129052
3.000000,0.100000,120,4008,0.100865
3.000000,0.100000,120,4008,0.114844
3.000000,0.100000,120,4008,0.129052
3.000000,0.100000,120,4009,0.100865
3.000000,0.100000,120,4009,0.114844
3.000000,0.100000,120,4009,0.129052
3.000000,0.100000,120,4010,0.100865
3.000000,0.100000,120,4010,0.114844
3.000000,0.100000,120,4010,0.129052
3.000000,0.100000,150,5001,0.100825
3.000000,0.100000,150,5002,0.100825
3.000000,0.100000,150,5003,0.100825
3.000000,0.100000,150,5004,0.100825
3.000000,0.100000,150,5005,0.100825
3.000000,0.100000,150,5006,0.100825
3.000000,0.100000,150,5007,0.100825
3.000000,0.100000,150,5008,0.100825
3.000000,0.100000,150,5009,0.100825
3.000000,0.100000,150,5010,0.100825
3.000000,0.100000,180,6001,0.100834
3.000000,0.100000,180,6002,0.100834
3.000000,0.100000,180,6003,0.100834
3.000000,0.100000,180,6004,0.100834
3.000000,0.100000,180,6005,0.100834
3.000000,0.100000,180,6006,0.100834
3.000000,0.100000,180,6007,0.100834
3.000000,0.100000,180,6008,0.100834
3.000000,0.100000,180,6009,0.100834
3.000000,0.100000,180,6010,0.100834
3.000000,0.100000,210,7001,0.100802
3.000000,0.100000,210,7002,0.100802
3.000000,0.100000,210,7003,0.100802
3.000000,0.100000,210,7004,0.100802
3.000000,0.100000,210,7005,0.100802
3.000000,0.100000,210,7006,0.100802
3.000000,0.100000,210,7007,0.100802
3.000000,0.100000,210,7008,0.100802
3.000000,0.100000,210,7009,0.100802
3.000000,0.100000,210,7010,0.100802
3.000000,0.100000,240,8001,0.100829
3.000000,0.100000,240,8001,0.115439
3.000000,0.100000,240,8002,0.100829
3.000000,0.100000,240,8002,0.115439
3.000000,0.100000,240,8003,0.100829
3.000000,0.100000,240,8003,0.115439
3.000000,0.100000,240,8004,0.100829
3.000000,0.100000,240,8004,0.115439
3.000000,0.100000,240,8005,0.100829
3.000000,0.100000,240,8005,0.115439
3.000000,0.100000,240,8006,0.100829
3.000000,0.100000,240,8006,0.115439
3.000000,0.100000,240,8007,0.100829
3.000000,0.100000,240,8007,0.115439
3.000000,0.100000,240,8008,0.100829
3.000000,0.100000,240,8008,0.115439
3.000000,0.100000,240,8009,0.100829
3.000000,0.100000,240,8009,0.115439
3.000000,0.100000,240,8010,0.100829
3.000000,0.100000,240,8010,0.115439
3.000000,0.100000,270,9001,0.100902
3.000000,0.100000,270,9001,0.129159
3.000000,0.100000,270,9002,0.100902
3.000000,0.100000,270,9002,0.129159
3.000000,0.100000,270,9003,0.100902
3.000000,0.100000,270,9003,0.129159
3.000000,0.100000,270,9004,0.100902
3.000000,0.100000,270,9004,0.129159
3.000000,0.100000,270,9005,0.100902
3.000000,0.100000,270,9005,0.129159
3.000000,0.100000,270,9006,0.100902
3.000000,0.100000,270,9006,0.129159
3.000000,0.100000,270,9007,0.100902
3.000000,0.100000,270,9007,0.129159
3.000000,0.100000,270,9008,0.100902
3.000000,0.100000,270,9008,0.129159
3.000000,0.100000,270,9009,0.100902
3.000000,0.100000,270,9009,0.129159
3.000000,0.100000,270,9010,0.100902
3.000000,0.100000,270,9010,0.129159
3.000000,0.100000,300,10001,0.101028
3.000000,0.100000,300,10002,0.101028
3.000000,0.100000,300,10003,0.101028
3.000000,0.100000,300,10004,0.101028
3.000000,0.100000,300,10005,0.101028
3.000000,0.100000,300,10006,0.101028
3.000000,0.100000,300,10007,0.101028
3.000000,0.100000,300,10008,0.101028
3.000000,0.100000,300,10009,0.101028
3.000000,0.100000,300,10010,0.101028
3.000000,0.100000,330,11001,0.101047
3.000000,0.100000,330,11002,0.101047
3.000000,0.100000,330,11003,0.101047
3.000000,0.100000,330,11004,0.101047
3.000000,0.100000,330,11005,0.101047
3.000000,0.100000,330,11006,0.101047
3.000000,0.100000,330,11007,0.101047
3.000000,0.100000,330,11008,0.101047
3.000000,0.100000,330,11009,0.101047
3.000000,0.100000,330,11010,0.101047
3.000000,0.200000,0,1,0.101023
3.000000,0.200000,0,2,0.101023
3.000000,0.200000,0,3,0.101023
3.000000,0.200000,0,4,0.101023
3.000000,0.200000,0,5,0.101023
3.000000,0.200000,0,6,0.101023
3.000000,0.200000,0,7,0.101023
3.000000,0.200000,0,8,0.101023
3.000000,0.200000,0,9,0.101023
3.000000,0.200000,0,10,0.101023
3.000000,0.200000,30,1001,0.101083
3.000000,0.200000,30,1002,0.101083
3.000000,0.200000,30,1003,0.101083
3.000000,0.200000,30,1004,0.101083
3.000000,0.200000,30,1005,0.101083
3.000000,0.200000,30,1006,0.101083
3.000000,0.200000,30,1007,0.101083
3.000000,0.200000,30,1008,0.101083
3.000000,0.200000,30,1009,0.101083
3.000000,0.200000,30,1010,0.101083
3.000000,0.200000,60,2001,0.101050
3.000000,0.200000,60,2001,0.123840
3.000000,0.200000,60,2002,0.101050
3.000000,0.200000,60,2002,0.123840
3.000000,0.200000,60,2003,0.101050
3.000000,0.200000,60,2003,0.123840
3.000000,0.200000,60,2004,0.101050
3.000000,0.200000,60,2004,0.123840
3.000000,0.200000,60,2005,0.101050
3.000000,0.200000,60,2005,0.123840
3.000000,0.200000,60,2006,0.101050
3.000000,0.200000,60,2006,0.123840
3.000000,0.200000,60,2007,0.101050
3.000000,0.200000,60,2007,0.123840
3.000000,0.200000,60,2008,0.101050
3.000000,0.200000,60,2008,0.123840
3.000000,0.200000,60,2009,0.101050
3.000000,0.200000,60,2009,0.123840
3.000000,0.200000,60,2010,0.101050
3.000000,0.200000,60,2010,0.123840
3.000000,0.200000,90,3001,0.100936
3.000000,0.200000,90,3001,0.126799
3.000000,0.200000,90,3002,0.100936
3.000000,0.200000,90,3002,0.126799
3.000000,0.200000,90,3003,0.100936
3.000000,0.200000,90,3003,0.126799
3.000000,0.200000,90,3004,0.100936
3.000000,0.200000,90,3004,0.126799
3.000000,0.200000,90,3005,0.100936
3.000000,0.200000,90,3005,0.126799
3.000000,0.200000,90,3006,0.100936
3.000000,0.200000,90,3006,0.126799
3.000000,0.200000,90,3007,0.100936
3.000000,0.200000,90,3007,0.126799
3.000000,0.200000,90,3008,0.100936
3.000000,0.200000,90,3008,0.126799
3.000000,0.200000,90,3009,0.100936
3.000000,0.200000,90,3009,0.126799
3.000000,0.200000,90,3010,0.100936
3.000000,0.200000,90,3010,0.126799
3.000000,0.200000,120,4001,0.100868
3.000000,0.200000,120,4001,0.115363
3.000000,0.200000,120,4001,0.131214
3.000000,0.200000,120,4002,0.100868
3.000000,0.200000,120,4002,0.115363
3.000000,0.200000,120,4002,0.131214
3.000000,0.200000,120,4003,0.100868
3.000000,0.200000,120,4003,0.115363
3.000000,0.200000,120,4003,0.131214
3.000000,0.200000,120,4004,0.100868
3.000000,0.200000,120,4004,0.115363
3.000000,0.200000,120,4004,0.131214
3.000000,0.200000,120,4005,0.100868
3.000000,0.200000,120,4005,0.115363
3.000000,0.200000,120,4005,0.131214
3.000000,0.200000,120,4006,0.100868
3.000000,0.200000,120,4006,0.115363
3.000000,0.200000,120,4006,0.131214
3.000000,0.200000,120,4007,0.100868
3.000000,0.200000,120,4007,0.115363
3.000000,0.200000,120,4007,0.131214
3.000000,0.200000,120,4008,0.100868
3.000000,0.200000,120,4008,0.115363
3.000000,0.200000,120,4008,0.131214
3.000000,0.200000,120,4009,0.100868
3.000000,0.200000,120,4009,0.115363
3.000000,0.200000,120,4009,0.131214
3.000000,0.200000,120,4010,0.100868
3.000000,0.200000,120,4010,0.115363
3.000000,0.200000,120,4010,0.131214
3.000000,0.200000,150,5001,0.100827
3.000000,0.200000,150,5002,0.100827
3.000000,0.200000,150,5003,0.100827
3.000000,0.200000,150,5004,0.100827
3.000000,0.200000,150,5005,0.100827
3.000000,0.200000,150,5006,0.100827
3.000000,0.200000,150,5007,0.100827
3.000000,0.200000,150,5008,0.100827
3.000000,0.200000,150,5009,0.100827
3.000000,0.200000,150,5010,0.100827
3.000000,0.200000,180,6001,0.100836
3.000000,0.200000,180,6002,0.100836
3.000000,0.200000,180,6003,0.100836
3.000000,0.200000,180,6004,0.100836
3.000000,0.200000,180,6005,0.100836
3.000000,0.200000,180,6006,0.100836
3.000000,0.200000,180,6007,0.100836
3.000000,0.200000,180,6008,0.100836
3.000000,0.200000,180,6009,0.100836
3.000000,0.200000,180,6010,0.100836
3.000000,0.200000,210,7001,0.100809
3.000000,0.200000,210,7002,0.100809
3.000000,0.200000,210,7003,0.100809
3.000000,0.200000,210,7004,0.100809
3.000000,0.200000,210,7005,0.100809
3.000000,0.200000,210,7006,0.100809
3.000000,0.200000,210,7007,0.100809
3.000000,0.200000,210,7008,0.100809
3.000000,0.200000,210,7009,0.100809
3.000000,0.200000,210,7010,0.100809
3.000000,0.200000,240,8001,0.100851
3.000000,0.200000,240,8001,0.115474
3.000000,0.200000,240,8002,0.100851
3.000000,0.200000,240,8002,0.115474
3.000000,0.200000,240,8003,0.100851
3.000000,0.200000,240,8003,0.115474
3.000000,0.200000,240,8004,0.100851
3.000000,0.200000,240,8004,0.115474
3.000000,0.200000,240,8005,0.100851
3.000000,0.200000,240,8005,0.115474
3.000000,0.200000,240,8006,0.100851
3.000000,0.200000,240,8006,0.115474
3.000000,0.200000,240,8007,0.100851
3.000000,0.200000,240,8007,0.115474
3.000000,0.200000,240,8008,0.100851
3.000000,0.200000,240,8008,0.115474
3.000000,0.200000,240,8009,0.100851
3.000000,0.200000,240,8009,0.115474
3.000000,0.200000,240,8010,0.100851
3.000000,0.200000,240,8010,0.115474
3.000000,0.200000,270,9001,0.100913
3.000000,0.200000,270,9001,0.130531
3.000000,0.200000,270,9002,0.100913
3.000000,0.200000,270,9002,0.130531
3.000000,0.200000,270,9003,0.100913
3.000000,0.200000,270,9003,0.130531
3.000000,0.200000,270,9004,0.100913
3.000000,0.200000,270,9004,0.130531
3.000000,0.200000,270,9005,0.100913
3.000000,0.200000,270,9005,0.130531
3.000000,0.200000,270,9006,0.100913
3.000000,0.200000,270,9006,0.130531
3.000000,0.200000,270,9007,0.100913
3.000000,0.200000,270,9007,0.130531
3.000000,0.200000,270,9008,0.100913
3.000000,0.200000,270,9008,0.130531
3.000000,0.200000,270,9009,0.100913
3.000000,0.200000,270,9009,0.130531
3.000000,0.200000,270,9010,0.100913
3.000000,0.200000,270,9010,0.130531
3.000000,0.200000,300,10001,0.101040
3.000000,0.200000,300,10002,0.101040
3.000000,0.200000,300,10003,0.101040
3.000000,0.200000,300,10004,0.101040
3.000000,0.200000,300,10005,0.101040
3.000000,0.200000,300,10006,0.101040
3.000000,0.200000,300,10007,0.101040
3.000000,0.200000,300,10008,0.101040
3.000000,0.200000,300,10009,0.101040
3.000000,0.200000,300,10010,0.101040
3.000000,0.200000,330,11001,0.101052
3.000000,0.200000,330,11002,0.101052
3.000000,0.200000,330,11003,0.101052
3.000000,0.200000,330,11004,0.101052
3.000000,0.200000,330,11005,0.101052
3.000000,0.200000,330,11006,0.101052
3.000000,0.200000,330,11007,0.101052
3.000000,0.200000,330,11008,0.101052
3.000000,0.200000,330,11009,0.101052
3.000000,0.200000,330,11010,0.101052
3.000000,0.500000,0,1,0.101045
3.000000,0.500000,0,2,0.101045
3.000000,0.500000,0,3,0.101045
3.000000,0.500000,0,4,0.101045
3.000000,0.500000,0,5,0.101045
3.000000,0.500000,0,6,0.101045
3.000000,0.500000,0,7,0.101045
3.000000,0.500000,0,8,0.101045
3.000000,0.500000,0,9,0.101045
3.000000,0.500000,0,10,0.101045
3.000000,0.500000,30,1001,0.101109
3.000000,0.500000,30,1001,0.126212
3.000000,0.500000,30,1002,0.101109
3.000000,0.500000,30,1002,0.126212
3.000000,0.500000,30,1003,0.101109
3.000000,0.500000,30,1003,0.126212
3.000000,0.500000,30,1004,0.101109
3.000000,0.500000,30,1004,0.126212
3.000000,0.500000,30,1005,0.101109
3.000000,0.500000,30,1005,0.126212
3.000000,0.500000,30,1006,0.101109
3.000000,0.500000,30,1006,0.126212
3.000000,0.500000,30,1007,0.101109
3.000000,0.500000,30,1007,0.126212
3.000000,0.500000,30,1008,0.101109
3.000000,0.500000,30,1008,0.126212
3.000000,0.500000,30,1009,0.101109
3.000000,0.500000,30,1009,0.126212
3.000000,0.500000,30,1010,0.101109
3.000000,0.500000,30,1010,0.126212
3.000000,0.500000,60,2001,0.101063
3.000000,0.500000,60,2001,0.124798
3.000000,0.500000,60,2002,0.101063
3.000000,0.500000,60,2002,0.124798
3.000000,0.500000,60,2003,0.101063
3.000000,0.500000,60,2003,0.124798
3.000000,0.500000,60,2004,0.101063
3.000000,0.500000,60,2004,0.124798
3.000000,0.500000,60,2005,0.101063
3.000000,0.500000,60,2005,0.124798
3.000000,0.500000,60,2006,0.101063
3.000000,0.500000,60,2006,0.124798
3.000000,0.500000,60,2007,0.101063
3.000000,0.500000,60,2007,0.124798
3.000000,0.500000,60,2008,0.101063
3.000000,0.500000,60,2008,0.124798
3.000000,0.500000,60,2009,0.101063
3.000000,0.500000,60,2009,0.124798
3.000000,0.500000,60,2010,0.101063
3.000000,0.500000,60,2010,0.124798
3.000000,0.500000,90,3001,0.100952
3.000000,0.500000,90,3002,0.100952
3.000000,0.500000,90,3003,0.100952
3.000000,0.500000,90,3004,0.100952
3.000000,0.500000,90,3005,0.100952
3.000000,0.500000,90,3006,0.100952
3.000000,0.500000,90,3007,0.100952
3.000000,0.500000,90,3008,0.100952
3.000000,0.500000,90,3009,0.100952
3.000000,0.500000,90,3010,0.100952
3.000000,0.500000,120,4001,0.100877
3.000000,0.500000,120,4002,0.100877
3.000000,0.500000,120,4003,0.100877
3.000000,0.500000,120,4004,0.100877
3.000000,0.500000,120,4005,0.100877
3.000000,0.500000,120,4006,0.100877
3.000000,0.500000,120,4007,0.100877
3.000000,0.500000,120,4008,0.100877
3.000000,0.500000,120,4009,0.100877
3.000000,0.500000,120,4010,0.100877
3.000000,0.500000,150,5001,0.100842
3.000000,0.500000,150,5002,0.100842
3.000000,0.500000,150,5003,0.100842
3.000000,0.500000,150,5004,0.100842
3.000000,0.500000,150,5005,0.100842
3.000000,0.500000,150,5006,0.100842
3.000000,0.500000,150,5007,0.100842
3.000000,0.500000,150,5008,0.100842
3.000000,0.500000,150,5009,0.100842
3.000000,0.500000,150,5010,0.100842
3.000000,0.500000,180,6001,0.100859
3.000000,0.500000,180,6002,0.100859
3.000000,0.500000,180,6003,0.100859
3.000000,0.500000,180,6004,0.100859
3.000000,0.500000,180,6005,0.100859
3.000000,0.500000,180,6006,0.100859
3.000000,0.500000,180,6007,0.100859
3.000000,0.500000,180,6008,0.100859
3.000000,0.500000,180,6009,0.100859
3.000000,0.500000,180,6010,0.100859
3.000000,0.500000,210,7001,0.100836
3.000000,0.500000,210,7002,0.100836
3.000000,0.500000,210,7003,0.100836
3.000000,0.500000,210,7004,0.100836
3.000000,0.500000,210,7005,0.100836
3.000000,0.500000,210,7006,0.100836
3.000000,0.500000,210,7007,0.100836
3.000000,0.500000,210,7008,0.100836
3.000000,0.500000,210,7009,0.100836
3.000000,0.500000,210,7010,0.100836
3.000000,0.500000,240,8001,0.100860
3.000000,0.500000,240,8001,0.117603
3.000000,0.500000,240,8002,0.100860
3.000000,0.500000,240,8002,0.117603
3.000000,0.500000,240,8003,0.100860
3.000000,0.500000,240,8003,0.117603
3.000000,0.500000,240,8004,0.100860
3.000000,0.500000,240,8004,0.117603
3.000000,0.500000,240,8005,0.100860
3.000000,0.500000,240,8005,0.117603
3.000000,0.500000,240,8006,0.100860
3.000000,0.500000,240,8006,0.117603
3.000000,0.500000,240,8007,0.100860
3.000000,0.500000,240,8007,0.117603
3.000000,0.500000,240,8008,0.100860
3.000000,0.500000,240,8008,0.117603
3.000000,0.500000,240,8009,0.100860
3.000000,0.500000,240,8009,0.117603
3.000000,0.500000,240,8010,0.100860
3.000000,0.500000,240,8010,0.117603
3.000000,0.500000,270,9001,0.100936
3.000000,0.500000,270,9002,0.100936
3.000000,0.500000,270,9003,0.100936
3.000000,0.500000,270,9004,0.100936
3.000000,0.500000,270,9005,0.100936
3.000000,0.500000,270,9006,0.100936
3.000000,0.500000,270,9007,0.100936
3.000000,0.500000,270,9008,0.100936
3.000000,0.500000,270,9009,0.100936
3.000000,0.500000,270,9010,0.100936
3.000000,0.500000,300,10001,0.101056
3.000000,0.500000,300,10002,0.101056
3.000000,0.500000,300,10003,0.101056
3.000000,0.500000,300,10004,0.101056
3.000000,0.500000,300,10005,0.101056
3.000000,0.500000,300,10006,0.101056
3.000000,0.500000,300,10007,0.101056
3.000000,0.500000,300,10008,0.101056
3.000000,0.500000,300,10009,0.101056
3.000000,0.500000,300,10010,0.101056
3.000000,0.500000,330,11001,0.101069
3.000000,0.500000,330,11002,0.101069
3.000000,0.500000,330,11003,0.101069
3.000000,0.500000,330,11004,0.101069
3.000000,0.500000,330,11005,0.101069
3.000000,0.500000,330,11006,0.101069
3.000000,0.500000,330,11007,0.101069
3.000000,0.500000,330,11008,0.101069
3.000000,0.500000,330,11009,0.101069
3.000000,0.500000,330,11010,0.101069
3.000000,1.000000,0,1,0.101078
3.000000,1.000000,0,2,0.101078
3.000000,1.000000,0,3,0.101078
3.000000,1.000000,0,4,0.101078
3.000000,1.000000,0,5,0.101078
3.000000,1.000000,0,6,0.101078
3.000000,1.000000,0,7,0.101078
3.000000,1.000000,0,8,0.101078
3.000000,1.000000,0,9,0.101078
3.000000,1.000000,0,10,0.101078
3.000000,1.000000,30,1001,0.101133
3.000000,1.000000,30,1002,0.101133
3.000000,1.000000,30,1003,0.101133
3.000000,1.000000,30,1004,0.101133
3.000000,1.000000,30,1005,0.101133
3.000000,1.000000,30,1006,0.101133
3.000000,1.000000,30,1007,0.101133
3.000000,1.000000,30,1008,0.101133
3.000000,1.000000,30,1009,0.101133
3.000000,1.000000,30,1010,0.101133
3.000000,1.000000,60,2001,0.101097
3.000000,1.000000,60,2002,0.101097
3.000000,1.000000,60,2003,0.101097
3.000000,1.000000,60,2004,0.101097
3.000000,1.000000,60,2005,0.101097
3.000000,1.000000,60,2006,0.101097
3.000000,1.000000,60,2007,0.101097
3.000000,1.000000,60,2008,0.101097
3.000000,1.000000,60,2009,0.101097
3.000000,1.000000,60,2010,0.101097
3.000000,1.000000,90,3001,0.100993
3.000000,1.000000,90,3002,0.100993
3.000000,1.000000,90,3003,0.100993
3.000000,1.000000,90,3004,0.100993
3.000000,1.000000,90,3005,0.100993
3.000000,1.000000,90,3006,0.100993
3.000000,1.000000,90,3007,0.100993
3.000000,1.000000,90,3008,0.100993
3.000000,1.000000,90,3009,0.100993
3.000000,1.000000,90,3010,0.100993
3.000000,1.000000,120,4001,0.100906
3.000000,1.000000,120,4002,0.100906
3.000000,1.000000,120,4003,0.100906
3.000000,1.000000,120,4004,0.100906
3.000000,1.000000,120,4005,0.100906
3.000000,1.000000,120,4006,0.100906
3.000000,1.000000,120,4007,0.100906
3.000000,1.000000,120,4008,0.100906
3.000000,1.000000,120,4009,0.100906
3.000000,1.000000,120,4010,0.100906
3.000000,1.000000,150,5001,0.100882
3.000000,1.000000,150,5002,0.100882
3.000000,1.000000,150,5003,0.100882
3.000000,1.000000,150,5004,0.100882
3.000000,1.000000,150,5005,0.100882
3.000000,1.000000,150,5006,0.100882
3.000000,1.000000,150,5007,0.100882
3.000000,1.000000,150,5008,0.100882
3.000000,1.000000,150,5009,0.100882
3.000000,1.000000,150,5010,0.100882
3.000000,1.000000,180,6001,0.100887
3.000000,1.000000,180,6002,0.100887
3.000000,1.000000,180,6003,0.100887
3.000000,1.000000,180,6004,0.100887
3.000000,1.000000,180,6005,0.100887
3.000000,1.000000,180,6006,0.100887
3.000000,1.000000,180,6007,0.100887
3.000000,1.000000,180,6008,0.100887
3.000000,1.000000,180,6009,0.100887
3.000000,1.000000,180,6010,0.100887
3.000000,1.000000,210,7001,0.100874
3.000000,1.000000,210,7002,0.100874
3.000000,1.000000,210,7003,0.100874
3.000000,1.000000,210,7004,0.100874
3.000000,1.000000,210,7005,0.100874
3.000000,1.000000,210,7006,0.100874
3.000000,1.000000,210,7007,0.100874
3.000000,1.000000,210,7008,0.100874
3.000000,1.000000,210,7009,0.100874
3.000000,1.000000,210,7010,0.100874
3.000000,1.000000,240,8001,0.100891
3.000000,1.000000,240,8002,0.100891
3.000000,1.000000,240,8003,0.100891
3.000000,1.000000,240,8004,0.100891
3.000000,1.000000,240,8005,0.100891
3.000000,1.000000,240,8006,0.100891
3.000000,1.000000,240,8007,0.100891
3.000000,1.000000,240,8008,0.100891
3.000000,1.000000,240,8009,0.100891
3.000000,1.000000,240,8010,0.100891
3.000000,1.000000,270,9001,0.100963
3.000000,1.000000,270,9002,0.100963
3.000000,1.000000,270,9003,0.100963
3.000000,1.000000,270,9004,0.100963
3.000000,1.000000,270,9005,0.100963
3.000000,1.000000,270,9006,0.100963
3.000000,1.000000,270,9007,0.100963
3.000000,1.000000,270,9008,0.100963
3.000000,1.000000,270,9009,0.100963
3.000000,1.000000,270,9010,0.100963
3.000000,1.000000,300,10001,0.101103
3.000000,1.000000,300,10002,0.101103
3.000000,1.000000,300,10003,0.101103
3.000000,1.000000,300,10004,0.101103
3.000000,1.000000,300,10005,0.101103
3.000000,1.000000,300,10006,0.101103
3.000000,1.000000,300,10007,0.101103
3.000000,1.000000,300,10008,0.101103
3.000000,1.000000,300,10009,0.101103
3.000000,1.000000,300,10010,0.101103
3.000000,1.000000,330,11001,0.101112
3.000000,1.000000,330,11002,0.101112
3.000000,1.000000,330,11003,0.101112
3.000000,1.000000,330,11004,0.101112
3.000000,1.000000,330,11005,0.101112
3.000000,1.000000,330,11006,0.101112
3.000000,1.000000,330,11007,0.101112
3.000000,1.000000,330,11008,0.101112
3.000000,1.000000,330,11009,0.101112
3.000000,1.000000,330,11010,0.101112
3.000000,2.000000,0,1,0.101146
3.000000,2.000000,0,2,0.101146
3.000000,2.000000,0,3,0.101146
3.000000,2.000000,0,4,0.101146
3.000000,2.000000,0,5,0.101146
3.000000,2.000000,0,6,0.101146
3.000000,2.000000,0,7,0.101146
3.000000,2.000000,0,8,0.101146
3.000000,2.000000,0,9,0.101146
3.000000,2.000000,0,10,0.101146
3.000000,2.000000,30,1001,0.101218
3.000000,2.000000,30,1002,0.101218
3.000000,2.000000,30,1003,0.101218
3.000000,2.000000,30,1004,0.101218
3.000000,2.000000,30,1005,0.101218
3.000000,2.000000,30,1006,0.101218
3.000000,2.000000,30,1007,0.101218
3.000000,2.000000,30,1008,0.101218
3.000000,2.000000,30,1009,0.101218
3.000000,2.000000,30,1010,0.101218
3.000000,2.000000,60,2001,0.101180
3.000000,2.000000,60,2002,0.101180
3.000000,2.000000,60,2003,0.101180
3.000000,2.000000,60,2004,0.101180
3.000000,2.000000,60,2005,0.101180
3.000000,2.000000,60,2006,0.101180
3.000000,2.000000,60,2007,0.101180
3.000000,2.000000,60,2008,0.101180
3.000000,2.000000,60,2009,0.101180
3.000000,2.000000,60,2010,0.101180
3.000000,2.000000,90,3001,0.101063
3.000000,2.000000,90,3002,0.101063
3.000000,2.000000,90,3003,0.101063
3.000000,2.000000,90,3004,0.101063
3.000000,2.000000,90,3005,0.101063
3.000000,2.000000,90,3006,0.101063
3.000000,2.000000,90,3007,0.101063
3.000000,2.000000,90,3008,0.101063
3.000000,2.000000,90,3009,0.101063
3.000000,2.000000,90,3010,0.101063
3.000000,2.000000,120,4001,0.100992
3.000000,2.000000,120,4002,0.100992
3.000000,2.000000,120,4003,0.100992
3.000000,2.000000,120,4004,0.100992
3.000000,2.000000,120,4005,0.100992
3.000000,2.000000,120,4006,0.100992
3.000000,2.000000,120,4007,0.100992
3.000000,2.000000,120,4008,0.100992
3.000000,2.000000,120,4009,0.100992
3.000000,2.000000,120,4010,0.100992
3.000000,2.000000,150,5001,0.100959
3.000000,2.000000,150,5002,0.100959
3.000000,2.000000,150,5003,0.100959
3.000000,2.000000,150,5004,0.100959
3.000000,2.000000,150,5005,0.100959
3.000000,2.000000,150,5006,0.100959
3.000000,2.000000,150,5007,0.100959
3.000000,2.000000,150,5008,0.100959
3.000000,2.000000,150,5009,0.100959
3.000000,2.000000,150,5010,0.100959
3.000000,2.000000,180,6001,0.100972
3.000000,2.000000,180,6002,0.100972
3.000000,2.000000,180,6003,0.100972
3.000000,2.000000,180,6004,0.100972
3.000000,2.000000,180,6005,0.100972
3.000000,2.000000,180,6006,0.100972
3.000000,2.000000,180,6007,0.100972
3.000000,2.000000,180,6008,0.100972
3.000000,2.000000,180,6009,0.100972
3.000000,2.000000,180,6010,0.100972
3.000000,2.000000,210,7001,0.100950
3.000000,2.000000,210,7002,0.100950
3.000000,2.000000,210,7003,0.100950
3.000000,2.000000,210,7004,0.100950
3.000000,2.000000,210,7005,0.100950
3.000000,2.000000,210,7006,0.100950
3.000000,2.000000,210,7007,0.100950
3.000000,2.000000,210,7008,0.100950
3.000000,2.000000,210,7009,0.100950
3.000000,2.000000,210,7010,0.100950
3.000000,2.000000,240,8001,0.100969
3.000000,2.000000,240,8002,0.100969
3.000000,2.000000,240,8003,0.100969
3.000000,2.000000,240,8004,0.100969
3.000000,2.000000,240,8005,0.100969
3.000000,2.000000,240,8006,0.100969
3.000000,2.000000,240,8007,0.100969
3.000000,2.000000,240,8008,0.100969
3.000000,2.000000,240,8009,0.100969
3.000000,2.000000,240,8010,0.100969
3.000000,2.000000,270,9001,0.101054
3.000000,2.000000,270,9002,0.101054
3.000000,2.000000,270,9003,0.101054
3.000000,2.000000,270,9004,0.101054
3.000000,2.000000,270,9005,0.101054
3.000000,2.000000,270,9006,0.101054
3.000000,2.000000,270,9007,0.101054
3.000000,2.000000,270,9008,0.101054
3.000000,2.000000,270,9009,0.101054
3.000000,2.000000,270,9010,0.101054
3.000000,2.000000,300,10001,0.101182
3.000000,2.000000,300,10002,0.101182
3.000000,2.000000,300,10003,0.101182
3.000000,2.000000,300,10004,0.101182
3.000000,2.000000,300,10005,0.101182
3.000000,2.000000,300,10006,0.101182
3.000000,2.000000,300,10007,0.101182
3.000000,2.000000,300,10008,0.101182
3.000000,2.000000,300,10009,0.101182
3.000000,2.000000,300,10010,0.101182
3.000000,2.000000,330,11001,0.101193
3.000000,2.000000,330,11002,0.101193
3.000000,2.000000,330,11003,0.101193
3.000000,2.000000,330,11004,0.101193
3.000000,2.000000,330,11005,0.101193
3.000000,2.000000,330,11006,0.101193
3.000000,2.000000,330,11007,0.101193
3.000000,2.000000,330,11008,0.101193
3.000000,2.000000,330,11009,0.101193
3.000000,2.000000,330,11010,0.101193
4.000000,0.100000,0,1,0.100913
4.000000,0.100000,0,2,0.100913
4.000000,0.100000,0,3,0.100913
4.000000,0.100000,0,4,0.100913
4.000000,0.100000,0,5,0.100913
4.000000,0.100000,0,6,0.100913
4.000000,0.100000,0,7,0.100913
4.000000,0.100000,0,8,0.100913
4.000000,0.100000,0,9,0.100913
4.000000,0.100000,0,10,0.100913
4.000000,0.100000,30,1001,0.100956
4.000000,0.100000,30,1002,0.100956
4.000000,0.100000,30,1003,0.100956
4.000000,0.100000,30,1004,0.100956
4.000000,0.100000,30,1005,0.100956
4.000000,0.100000,30,1006,0.100956
4.000000,0.100000,30,1007,0.100956
4.000000,0.100000,30,1008,0.100956
4.000000,0.100000,30,1009,0.100956
4.000000,0.100000,30,1010,0.100956
4.000000,0.100000,60,2001,0.100926
4.000000,0.100000,60,2002,0.100926
4.000000,0.100000,60,2003,0.100926
4.000000,0.100000,60,2004,0.100926
4.000000,0.100000,60,2005,0.100926
4.000000,0.100000,60,2006,0.100926
4.000000,0.100000,60,2007,0.100926
4.000000,0.100000,60,2008,0.100926
4.000000,0.100000,60,2009,0.100926
4.000000,0.100000,60,2010,0.100926
4.000000,0.100000,90,3001,0.100837
4.000000,0.100000,90,3002,0.100837
4.000000,0.100000,90,3003,0.100837
4.000000,0.100000,90,3004,0.100837
4.000000,0.100000,90,3005,0.100837
4.000000,0.100000,90,3006,0.100837
4.000000,0.100000,90,3007,0.100837
4.000000,0.100000,90,3008,0.100837
4.000000,0.100000,90,3009,0.100837
4.000000,0.100000,90,3010,0.100837
4.000000,0.100000,120,4001,0.100748
4.000000,0.100000,120,4001,0.127585
4.000000,0.100000,120,4002,0.100748
4.000000,0.100000,120,4002,0.127585
4.000000,0.100000,120,4003,0.100748
4.000000,0.100000,120,4003,0.127585
4.000000,0.100000,120,4004,0.100748
4.000000,0.100000,120,4004,0.127585
4.000000,0.100000,120,4005,0.100748
4.000000,0.100000,120,4005,0.127585
4.000000,0.100000,120,4006,0.100748
4.000000,0.100000,120,4006,0.127585
4.000000,0.100000,120,4007,0.100748
4.000000,0.100000,120,4007,0.127585
4.000000,0.100000,120,4008,0.100748
4.000000,0.100000,120,4008,0.127585
4.000000,0.100000,120,4009,0.100748
4.000000,0.100000,120,4009,0.127585
4.000000,0.100000,120,4010,0.100748
4.000000,0.100000,120,4010,0.127585
4.000000,0.100000,150,5001,0.100723
4.000000,0.100000,150,5002,0.100723
4.000000,0.100000,150,5003,0.100723
4.000000,0.100000,150,5004,0.100723
4.000000,0.100000,150,5005,0.100723
4.000000,0.100000,150,5006,0.100723
4.000000,0.100000,150,5007,0.100723
4.000000,0.100000,150,5008,0.100723
4.000000,0.100000,150,5009,0.100723
4.000000,0.100000,150,5010,0.100723
4.000000,0.100000,180,6001,0.100727
4.000000,0.100000,180,6002,0.100727
4.000000,0.100000,180,6003,0.100727
4.000000,0.100000,180,6004,0.100727
4.000000,0.100000,180,6005,0.100727
4.000000,0.100000,180,6006,0.100727
4.000000,0.100000,180,6007,0.100727
4.000000,0.100000,180,6008,0.100727
4.000000,0.100000,180,6009,0.100727
4.000000,0.100000,180,6010,0.100727
4.000000,0.100000,210,7001,0.100698
4.000000,0.100000,210,7002,0.100698
4.000000,0.100000,210,7003,0.100698
4.000000,0.100000,210,7004,0.100698
4.000000,0.100000,210,7005,0.100698
4.000000,0.100000,210,7006,0.100698
4.000000,0.100000,210,7007,0.100698
4.000000,0.100000,210,7008,0.100698
4.000000,0.100000,210,7009,0.100698
4.000000,0.100000,210,7010,0.100698
4.000000,0.100000,240,8001,0.100720
4.000000,0.100000,240,8002,0.100720
4.000000,0.100000,240,8003,0.100720
4.000000,0.100000,240,8004,0.100720
4.000000,0.100000,240,8005,0.100720
4.000000,0.100000,240,8006,0.100720
4.000000,0.100000,240,8007,0.100720
4.000000,0.100000,240,8008,0.100720
4.000000,0.100000,240,8009,0.100720
4.000000,0.100000,240,8010,0.100720
4.000000,0.100000,270,9001,0.100796
4.000000,0.100000,270,9001,0.128307
4.000000,0.100000,270,9002,0.100796
4.000000,0.100000,270,9002,0.128307
4.000000,0.100000,270,9003,0.100796
4.000000,0.100000,270,9003,0.128307
4.000000,0.100000,270,9004,0.100796
4.000000,0.100000,270,9004,0.128307
4.000000,0.100000,270,9005,0.100796
4.000000,0.100000,270,9005,0.128307
4.000000,0.100000,270,9006,0.100796
4.000000,0.100000,270,9006,0.128307
4.000000,0.100000,270,9007,0.100796
4.000000,0.100000,270,9007,0.128307
4.000000,0.100000,270,9008,0.100796
4.000000,0.100000,270,9008,0.128307
4.000000,0.100000,270,9009,0.100796
4.000000,0.100000,270,9009,0.128307
4.000000,0.100000,270,9010,0.100796
4.000000,0.100000,270,9010,0.128307
4.000000,0.100000,300,10001,0.100905
4.000000,0.100000,300,10002,0.100905
4.000000,0.100000,300,10003,0.100905
4.000000,0.100000,300,10004,0.100905
4.000000,0.100000,300,10005,0.100905
4.000000,0.100000,300,10006,0.100905
4.000000,0.100000,300,10007,0.100905
4.000000,0.100000,300,10008,0.100905
4.000000,0.100000,300,10009,0.100905
4.000000,0.100000,300,10010,0.100905
4.000000,0.100000,330,11001,0.100918
4.000000,0.100000,330,11002,0.100918
4.000000,0.100000,330,11003,0.100918
4.000000,0.100000,330,11004,0.100918
4.000000,0.100000,330,11005,0.100918
4.000000,0.100000,330,11006,0.100918
4.000000,0.100000,330,11007,0.100918
4.000000,0.100000,330,11008,0.100918
4.000000,0.100000,330,11009,0.100918
4.000000,0.100000,330,11010,0.100918
4.000000,0.200000,0,1,0.100913
4.000000,0.200000,0,2,0.100913
4.000000,0.200000,0,3,0.100913
4.000000,0.200000,0,4,0.100913
4.000000,0.200000,0,5,0.100913
4.000000,0.200000,0,6,0.100913
4.000000,0.200000,0,7,0.100913
4.000000,0.200000,0,8,0.100913
4.000000,0.200000,0,9,0.100913
4.000000,0.200000,0,10,0.100913
4.000000,0.200000,30,1001,0.100956
4.000000,0.200000,30,1002,0.100956
4.000000,0.200000,30,1003,0.100956
4.000000,0.200000,30,1004,0.100956
4.000000,0.200000,30,1005,0.100956
4.000000,0.200000,30,1006,0.100956
4.000000,0.200000,30,1007,0.100956
4.000000,0.200000,30,1008,0.100956
4.000000,0.200000,30,1009,0.100956
4.000000,0.200000,30,1010,0.100956
4.000000,0.200000,60,2001,0.100927
4.000000,0.200000,60,2002,0.100927
4.000000,0.200000,60,2003,0.100927
4.000000,0.200000,60,2004,0.100927
4.000000,0.200000,60,2005,0.100927
4.000000,0.200000,60,2006,0.100927
4.000000,0.200000,60,2007,0.100927
4.000000,0.200000,60,2008,0.100927
4.000000,0.200000,60,2009,0.100927
4.000000,0.200000,60,2010,0.100927
4.000000,0.200000,90,3001,0.100835
4.000000,0.200000,90,3002,0.100835
4.000000,0.200000,90,3003,0.100835
4.000000,0.200000,90,3004,0.100835
4.000000,0.200000,90,3005,0.100835
4.000000,0.200000,90,3006,0.100835
4.000000,0.200000,90,3007,0.100835
4.000000,0.200000,90,3008,0.100835
4.000000,0.200000,90,3009,0.100835
4.000000,0.200000,90,3010,0.100835
4.000000,0.200000,120,4001,0.100750
4.000000,0.200000,120,4001,0.128288
4.000000,0.200000,120,4002,0.100750
4.000000,0.200000,120,4002,0.128288
4.000000,0.200000,120,4003,0.100750
4.000000,0.200000,120,4003,0.128288
4.000000,0.200000,120,4004,0.100750
4.000000,0.200000,120,4004,0.128288
4.000000,0.200000,120,4005,0.100750
4.000000,0.200000,120,4005,0.128288
4.000000,0.200000,120,4006,0.100750
4.000000,0.200000,120,4006,0.128288
4.000000,0.200000,120,4007,0.100750
4.000000,0.200000,120,4007,0.128288
4.000000,0.200000,120,4008,0.100750
4.000000,0.200000,120,4008,0.128288
4.000000,0.200000,120,4009,0.100750
4.000000,0.200000,120,4009,0.128288
4.000000,0.200000,120,4010,0.100750
4.000000,0.200000,120,4010,0.128288
4.000000,0.200000,150,5001,0.100724
4.000000,0.200000,150,5002,0.100724
4.000000,0.200000,150,5003,0.100724
4.000000,0.200000,150,5004,0.100724
4.000000,0.200000,150,5005,0.100724
4.000000,0.200000,150,5006,0.100724
4.000000,0.200000,150,5007,0.100724
4.000000,0.200000,150,5008,0.100724
4.000000,0.200000,150,5009,0.100724
4.000000,0.200000,150,5010,0.100724
4.000000,0.200000,180,6001,0.100727
4.000000,0.200000,180,6002,0.100727
4.000000,0.200000,180,6003,0.100727
4.000000,0.200000,180,6004,0.100727
4.000000,0.200000,180,6005,0.100727
4.000000,0.200000,180,6006,0.100727
4.000000,0.200000,180,6007,0.100727
4.000000,0.200000,180,6008,0.100727
4.000000,0.200000,180,6009,0.100727
4.000000,0.200000,180,6010,0.100727
4.000000,0.200000,210,7001,0.100713
4.000000,0.200000,210,7002,0.100713
4.000000,0.200000,210,7003,0.100713
4.000000,0.200000,210,7004,0.100713
4.000000,0.200000,210,7005,0.100713
4.000000,0.200000,210,7006,0.100713
4.000000,0.200000,210,7007,0.100713
4.000000,0.200000,210,7008,0.100713
4.000000,0.200000,210,7009,0.100713
4.000000,0.200000,210,7010,0.100713
4.000000,0.200000,240,8001,0.100748
4.000000,0.200000,240,8002,0.100748
4.000000,0.200000,240,8003,0.100748
4.000000,0.200000,240,8004,0.100748
4.000000,0.200000,240,8005,0.100748
4.000000,0.200000,240,8006,0.100748
4.000000,0.200000,240,8007,0.100748
4.000000,0.200000,240,8008,0.100748
4.000000,0.200000,240,8009,0.100748
4.000000,0.200000,240,8010,0.100748
4.000000,0.200000,270,9001,0.100795
4.000000,0.200000,270,9001,0.128629
4.000000,0.200000,270,9002,0.100795
4.000000,0.200000,270,9002,0.128629
4.000000,0.200000,270,9003,0.100795
4.000000,0.200000,270,9003,0.128629
4.000000,0.200000,270,9004,0.100795
4.000000,0.200000,270,9004,0.128629
4.000000,0.200000,270,9005,0.100795
4.000000,0.200000,270,9005,0.128629
4.000000,0.200000,270,9006,0.100795
4.000000,0.200000,270,9006,0.128629
4.000000,0.200000,270,9007,0.100795
4.000000,0.200000,270,9007,0.128629
4.000000,0.200000,270,9008,0.100795
4.000000,0.200000,270,9008,0.128629
4.000000,0.200000,270,9009,0.100795
4.000000,0.200000,270,9009,0.128629
4.000000,0.200000,270,9010,0.100795
4.000000,0.200000,270,9010,0.128629
4.000000,0.200000,300,10001,0.100917
4.000000,0.200000,300,10002,0.100917
4.000000,0.200000,300,10003,0.100917
4.000000,0.200000,300,10004,0.100917
4.000000,0.200000,300,10005,0.100917
4.000000,0.200000,300,10006,0.100917
4.000000,0.200000,300,10007,0.100917
4.000000,0.200000,300,10008,0.100917
4.000000,0.200000,300,10009,0.100917
4.000000,0.200000,300,10010,0.100917
4.000000,0.200000,330,11001,0.100925
4.000000,0.200000,330,11002,0.100925
4.000000,0.200000,330,11003,0.100925
4.000000,0.200000,330,11004,0.100925
4.000000,0.200000,330,11005,0.100925
4.000000,0.200000,330,11006,0.100925
4.000000,0.200000,330,11007,0.100925
4.000000,0.200000,330,11008,0.100925
4.000000,0.200000,330,11009,0.100925
4.000000,0.200000,330,11010,0.100925
4.000000,0.500000,0,1,0.100913
4.000000,0.500000,0,2,0.100913
4.000000,0.500000,0,3,0.100913
4.000000,0.500000,0,4,0.100913
4.000000,0.500000,0,5,0.100913
4.000000,0.500000,0,6,0.100913
4.000000,0.500000,0,7,0.100913
4.000000,0.500000,0,8,0.100913
4.000000,0.500000,0,9,0.100913
4.000000,0.500000,0,10,0.100913
4.000000,0.500000,30,1001,0.100974
4.000000,0.500000,30,1002,0.100974
4.000000,0.500000,30,1003,0.100974
4.000000,0.500000,30,1004,0.100974
4.000000,0.500000,30,1005,0.100974
4.000000,0.500000,30,1006,0.100974
4.000000,0.500000,30,1007,0.100974
4.000000,0.500000,30,1008,0.100974
4.000000,0.500000,30,1009,0.100974
4.000000,0.500000,30,1010,0.100974
4.000000,0.500000,60,2001,0.100946
4.000000,0.500000,60,2002,0.100946
4.000000,0.500000,60,2003,0.100946
4.000000,0.500000,60,2004,0.100946
4.000000,0.500000,60,2005,0.100946
4.000000,0.500000,60,2006,0.100946
4.000000,0.500000,60,2007,0.100946
4.000000,0.500000,60,2008,0.100946
4.000000,0.500000,60,2009,0.100946
4.000000,0.500000,60,2010,0.100946
4.000000,0.500000,90,3001,0.100841
4.000000,0.500000,90,3001,0.128349
4.000000,0.500000,90,3002,0.100841
4.000000,0.500000,90,3002,0.128349
4.000000,0.500000,90,3003,0.100841
4.000000,0.500000,90,3003,0.128349
4.000000,0.500000,90,3004,0.100841
4.000000,0.500000,90,3004,0.128349
4.000000,0.500000,90,3005,0.100841
4.000000,0.500000,90,3005,0.128349
4.000000,0.500000,90,3006,0.100841
4.000000,0.500000,90,3006,0.128349
4.000000,0.500000,90,3007,0.100841
4.000000,0.500000,90,3007,0.128349
4.000000,0.500000,90,3008,0.100841
4.000000,0.500000,90,3008,0.128349
4.000000,0.500000,90,3009,0.100841
4.000000,0.500000,90,3009,0.128349
4.000000,0.500000,90,3010,0.100841
4.000000,0.500000,90,3010,0.128349
4.000000,0.500000,120,4001,0.100770
4.000000,0.500000,120,4001,0.116007
4.000000,0.500000,120,4002,0.100770
4.000000,0.500000,120,4002,0.116007
4.000000,0.500000,120,4003,0.100770
4.000000,0.500000,120,4003,0.116007
4.000000,0.500000,120,4004,0.100770
4.000000,0.500000,120,4004,0.116007
4.000000,0.500000,120,4005,0.100770
4.000000,0.500000,120,4005,0.116007
4.000000,0.500000,120,4006,0.100770
4.000000,0.500000,120,4006,0.116007
4.000000,0.500000,120,4007,0.100770
4.000000,0.500000,120,4007,0.116007
4.000000,0.500000,120,4008,0.100770
4.000000,0.500000,120,4008,0.116007
4.000000,0.500000,120,4009,0.100770
4.000000,0.500000,120,4009,0.116007
4.000000,0.500000,120,4010,0.100770
4.000000,0.500000,120,4010,0.116007
4.000000,0.500000,150,5001,0.100742
4.000000,0.500000,150,5002,0.100742
4.000000,0.500000,150,5003,0.100742
4.000000,0.500000,150,5004,0.100742
4.000000,0.500000,150,5005,0.100742
4.000000,0.500000,150,5006,0.100742
4.000000,0.500000,150,5007,0.100742
4.000000,0.500000,150,5008,0.100742
4.000000,0.500000,150,5009,0.100742
4.000000,0.500000,150,5010,0.100742
4.000000,0.500000,180,6001,0.100736
4.000000,0.500000,180,6002,0.100736
4.000000,0.500000,180,6003,0.100736
4.000000,0.500000,180,6004,0.100736
4.000000,0.500000,180,6005,0.100736
4.000000,0.500000,180,6006,0.100736
4.000000,0.500000,180,6007,0.100736
4.000000,0.500000,180,6008,0.100736
4.000000,0.500000,180,6009,0.100736
4.000000,0.500000,180,6010,0.100736
4.000000,0.500000,210,7001,0.100734
4.000000,0.500000,210,7002,0.100734
4.000000,0.500000,210,7003,0.100734
4.000000,0.500000,210,7004,0.100734
4.000000,0.500000,210,7005,0.100734
4.000000,0.500000,210,7006,0.100734
4.000000,0.500000,210,7007,0.100734
4.000000,0.500000,210,7008,0.100734
4.000000,0.500000,210,7009,0.100734
4.000000,0.500000,210,7010,0.100734
4.000000,0.500000,240,8001,0.100746
4.000000,0.500000,240,8002,0.100746
4.000000,0.500000,240,8003,0.100746
4.000000,0.500000,240,8004,0.100746
4.000000,0.500000,240,8005,0.100746
4.000000,0.500000,240,8006,0.100746
4.000000,0.500000,240,8007,0.100746
4.000000,0.500000,240,8008,0.100746
4.000000,0.500000,240,8009,0.100746
4.000000,0.500000,240,8010,0.100746
4.000000,0.500000,270,9001,0.100812
4.000000,0.500000,270,9001,0.130449
4.000000,0.500000,270,9002,0.100812
4.000000,0.500000,270,9002,0.130449
4.000000,0.500000,270,9003,0.100812
4.000000,0.500000,270,9003,0.130449
4.000000,0.500000,270,9004,0.100812
4.000000,0.500000,270,9004,0.130449
4.000000,0.500000,270,9005,0.100812
4.000000,0.500000,270,9005,0.130449
4.000000,0.500000,270,9006,0.100812
4.000000,0.500000,270,9006,0.130449
4.000000,0.500000,270,9007,0.100812
4.000000,0.500000,270,9007,0.130449
4.000000,0.500000,270,9008,0.100812
4.000000,0.500000,270,9008,0.130449
4.000000,0.500000,270,9009,0.100812
4.000000,0.500000,270,9009,0.130449
4.000000,0.500000,270,9010,0.100812
4.000000,0.500000,270,9010,0.130449
4.000000,0.500000,300,10001,0.100934
4.000000,0.500000,300,10002,0.100934
4.000000,0.500000,300,10003,0.100934
4.000000,0.500000,300,10004,0.100934
4.000000,0.500000,300,10005,0.100934
4.000000,0.500000,300,10006,0.100934
4.000000,0.500000,300,10007,0.100934
4.000000,0.500000,300,10008,0.100934
4.000000,0.500000,300,10009,0.100934
4.000000,0.500000,300,10010,0.100934
4.000000,0.500000,330,11001,0.100952
4.000000,0.500000,330,11002,0.100952
4.000000,0.500000,330,11003,0.100952
4.000000,0.500000,330,11004,0.100952
4.000000,0.500000,330,11005,0.100952
4.000000,0.500000,330,11006,0.100952
4.000000,0.500000,330,11007,0.100952
4.000000,0.500000,330,11008,0.100952
4.000000,0.500000,330,11009,0.100952
4.000000,0.500000,330,11010,0.100952
4.000000,1.000000,0,1,0.100949
4.000000,1.000000,0,2,0.100949
4.000000,1.000000,0,3,0.100949
4.000000,1.000000,0,4,0.100949
4.000000,1.000000,0,5,0.100949
4.000000,1.000000,0,6,0.100949
4.000000,1.000000,0,7,0.100949
4.000000,1.000000,0,8,0.100949
4.000000,1.000000,0,9,0.100949
4.000000,1.000000,0,10,0.100949
4.000000,1.000000,30,1001,0.100996
4.000000,1.000000,30,1001,0.127160
4.000000,1.000000,30,1002,0.100996
4.000000,1.000000,30,1002,0.127160
4.000000,1.000000,30,1003,0.100996
4.000000,1.000000,30,1003,0.127160
4.000000,1.000000,30,1004,0.100996
4.000000,1.000000,30,1004,0.127160
4.000000,1.000000,30,1005,0.100996
4.000000,1.000000,30,1005,0.127160
4.000000,1.000000,30,1006,0.100996
4.000000,1.000000,30,1006,0.127160
4.000000,1.000000,30,1007,0.100996
4.000000,1.000000,30,1007,0.127160
4.000000,1.000000,30,1008,0.100996
4.000000,1.000000,30,1008,0.127160
4.000000,1.000000,30,1009,0.100996
4.000000,1.000000,30,1009,0.127160
4.000000,1.000000,30,1010,0.100996
4.000000,1.000000,30,1010,0.127160
4.000000,1.000000,60,2001,0.100977
4.000000,1.000000,60,2002,0.100977
4.000000,1.000000,60,2003,0.100977
4.000000,1.000000,60,2004,0.100977
4.000000,1.000000,60,2005,0.100977
4.000000,1.000000,60,2006,0.100977
4.000000,1.000000,60,2007,0.100977
4.000000,1.000000,60,2008,0.100977
4.000000,1.000000,60,2009,0.100977
4.000000,1.000000,60,2010,0.100977
4.000000,1.000000,90,3001,0.100869
4.000000,1.000000,90,3002,0.100869
4.000000,1.000000,90,3003,0.100869
4.000000,1.000000,90,3004,0.100869
4.000000,1.000000,90,3005,0.100869
4.000000,1.000000,90,3006,0.100869
4.000000,1.000000,90,3007,0.100869
4.000000,1.000000,90,3008,0.100869
4.000000,1.000000,90,3009,0.100869
4.000000,1.000000,90,3010,0.100869
4.000000,1.000000,120,4001,0.100801
4.000000,1.000000,120,4002,0.100801
4.000000,1.000000,120,4003,0.100801
4.000000,1.000000,120,4004,0.100801
4.000000,1.000000,120,4005,0.100801
4.000000,1.000000,120,4006,0.100801
4.000000,1.000000,120,4007,0.100801
4.000000,1.000000,120,4008,0.100801
4.000000,1.000000,120,4009,0.100801
4.000000,1.000000,120,4010,0.100801
4.000000,1.000000,150,5001,0.100764
4.000000,1.000000,150,5002,0.100764
4.000000,1.000000,150,5003,0.100764
4.000000,1.000000,150,5004,0.100764
4.000000,1.000000,150,5005,0.100764
4.000000,1.000000,150,5006,0.100764
4.000000,1.000000,150,5007,0.100764
4.000000,1.000000,150,5008,0.100764
4.000000,1.000000,150,5009,0.100764
4.000000,1.000000,150,5010,0.100764
4.000000,1.000000,180,6001,0.100758
4.000000,1.000000,180,6002,0.100758
4.000000,1.000000,180,6003,0.100758
4.000000,1.000000,180,6004,0.100758
4.000000,1.000000,180,6005,0.100758
4.000000,1.000000,180,6006,0.100758
4.000000,1.000000,180,6007,0.100758
4.000000,1.000000,180,6008,0.100758
4.000000,1.000000,180,6009,0.100758
4.000000,1.000000,180,6010,0.100758
4.000000,1.000000,210,7001,0.100750
4.000000,1.000000,210,7002,0.100750
4.000000,1.000000,210,7003,0.100750
4.000000,1.000000,210,7004,0.100750
4.000000,1.000000,210,7005,0.100750
4.000000,1.000000,210,7006,0.100750
4.000000,1.000000,210,7007,0.100750
4.000000,1.000000,210,7008,0.100750
4.000000,1.000000,210,7009,0.100750
4.000000,1.000000,210,7010,0.100750
4.000000,1.000000,240,8001,0.100775
4.000000,1.000000,240,8002,0.100775
4.000000,1.000000,240,8003,0.100775
4.000000,1.000000,240,8004,0.100775
4.000000,1.000000,240,8005,0.100775
4.000000,1.000000,240,8006,0.100775
4.000000,1.000000,240,8007,0.100775
4.000000,1.000000,240,8008,0.100775
4.000000,1.000000,240,8009,0.100775
4.000000,1.000000,240,8010,0.100775
4.000000,1.000000,270,9001,0.100843
4.000000,1.000000,270,9002,0.100843
4.000000,1.000000,270,9003,0.100843
4.000000,1.000000,270,9004,0.100843
4.000000,1.000000,270,9005,0.100843
4.000000,1.000000,270,9006,0.100843
4.000000,1.000000,270,9007,0.100843
4.000000,1.000000,270,9008,0.100843
4.000000,1.000000,270,9009,0.100843
4.000000,1.000000,270,9010,0.100843
4.000000,1.000000,300,10001,0.100968
4.000000,1.000000,300,10002,0.100968
4.000000,1.000000,300,10003,0.100968
4.000000,1.000000,300,10004,0.100968
4.000000,1.000000,300,10005,0.100968
4.000000,1.000000,300,10006,0.100968
4.000000,1.000000,300,10007,0.100968
4.000000,1.000000,300,10008,0.100968
4.000000,1.000000,300,10009,0.100968
4.000000,1.000000,300,10010,0.100968
4.000000,1.000000,330,11001,0.100963
4.000000,1.000000,330,11002,0.100963
4.000000,1.000000,330,11003,0.100963
4.000000,1.000000,330,11004,0.100963
4.000000,1.000000,330,11005,0.100963
4.000000,1.000000,330,11006,0.100963
4.000000,1.000000,330,11007,0.100963
4.000000,1.000000,330,11008,0.100963
4.000000,1.000000,330,11009,0.100963
4.000000,1.000000,330,11010,0.100963
4.000000,2.000000,0,1,0.100995
4.000000,2.000000,0,2,0.100995
4.000000,2.000000,0,3,0.100995
4.000000,2.000000,0,4,0.100995
4.000000,2.000000,0,5,0.100995
4.000000,2.000000,0,6,0.100995
4.000000,2.000000,0,7,0.100995
4.000000,2.000000,0,8,0.100995
4.000000,2.000000,0,9,0.100995
4.000000,2.000000,0,10,0.100995
4.000000,2.000000,30,1001,0.101055
4.000000,2.000000,30,1002,0.101055
4.000000,2.000000,30,1003,0.101055
4.000000,2.000000,30,1004,0.101055
4.000000,2.000000,30,1005,0.101055
4.000000,2.000000,30,1006,0.101055
4.000000,2.000000,30,1007,0.101055
4.000000,2.000000,30,1008,0.101055
4.000000,2.000000,30,1009,0.101055
4.000000,2.000000,30,1010,0.101055
4.000000,2.000000,60,2001,0.101020
4.000000,2.000000,60,2001,0.125057
4.000000,2.000000,60,2002,0.101020
4.000000,2.000000,60,2002,0.125057
4.000000,2.000000,60,2003,0.101020
4.000000,2.000000,60,2003,0.125057
4.000000,2.000000,60,2004,0.101020
4.000000,2.000000,60,2004,0.125057
4.000000,2.000000,60,2005,0.101020
4.000000,2.000000,60,2005,0.125057
4.000000,2.000000,60,2006,0.101020
4.000000,2.000000,60,2006,0.125057
4.000000,2.000000,60,2007,0.101020
4.000000,2.000000,60,2007,0.125057
4.000000,2.000000,60,2008,0.101020
4.000000,2.000000,60,2008,0.125057
4.000000,2.000000,60,2009,0.101020
4.000000,2.000000,60,2009,0.125057
4.000000,2.000000,60,2010,0.101020
4.000000,2.000000,60,2010,0.125057
4.000000,2.000000,90,3001,0.100921
4.000000,2.000000,90,3002,0.100921
4.000000,2.000000,90,3003,0.100921
4.000000,2.000000,90,3004,0.100921
4.000000,2.000000,90,3005,0.100921
4.000000,2.000000,90,3006,0.100921
4.000000,2.000000,90,3007,0.100921
4.000000,2.000000,90,3008,0.100921
4.000000,2.000000,90,3009,0.100921
4.000000,2.000000,90,3010,0.100921
4.000000,2.000000,120,4001,0.100855
4.000000,2.000000,120,4002,0.100855
4.000000,2.000000,120,4003,0.100855
4.000000,2.000000,120,4004,0.100855
4.000000,2.000000,120,4005,0.100855
4.000000,2.000000,120,4006,0.100855
4.000000,2.000000,120,4007,0.100855
4.000000,2.000000,120,4008,0.100855
4.000000,2.000000,120,4009,0.100855
4.000000,2.000000,120,4010,0.100855
4.000000,2.000000,150,5001,0.100822
4.000000,2.000000,150,5002,0.100822
4.000000,2.000000,150,5003,0.100822
4.000000,2.000000,150,5004,0.100822
4.000000,2.000000,150,5005,0.100822
4.000000,2.000000,150,5006,0.100822
4.000000,2.000000,150,5007,0.100822
4.000000,2.000000,150,5008,0.100822
4.000000,2.000000,150,5009,0.100822
4.000000,2.000000,150,5010,0.100822
4.000000,2.000000,180,6001,0.100829
4.000000,2.000000,180,6002,0.100829
4.000000,2.000000,180,6003,0.100829
4.000000,2.000000,180,6004,0.100829
4.000000,2.000000,180,6005,0.100829
4.000000,2.000000,180,6006,0.100829
4.000000,2.000000,180,6007,0.100829
4.000000,2.000000,180,6008,0.100829
4.000000,2.000000,180,6009,0.100829
4.000000,2.000000,180,6010,0.100829
4.000000,2.000000,210,7001,0.100808
4.000000,2.000000,210,7002,0.100808
4.000000,2.000000,210,7003,0.100808
4.000000,2.000000,210,7004,0.100808
4.000000,2.000000,210,7005,0.100808
4.000000,2.000000,210,7006,0.100808
4.000000,2.000000,210,7007,0.100808
4.000000,2.000000,210,7008,0.100808
4.000000,2.000000,210,7009,0.100808
4.000000,2.000000,210,7010,0.100808
4.000000,2.000000,240,8001,0.100825
4.000000,2.000000,240,8002,0.100825
4.000000,2.000000,240,8003,0.100825
4.000000,2.000000,240,8004,0.100825
4.000000,2.000000,240,8005,0.100825
4.000000,2.000000,240,8006,0.100825
4.000000,2.000000,240,8007,0.100825
4.000000,2.000000,240,8008,0.100825
4.000000,2.000000,240,8009,0.100825
4.000000,2.000000,240,8010,0.100825
4.000000,2.000000,270,9001,0.100893
4.000000,2.000000,270,9002,0.100893
4.000000,2.000000,270,9003,0.100893
4.000000,2.000000,270,9004,0.100893
4.000000,2.000000,270,9005,0.100893
4.000000,2.000000,270,9006,0.100893
4.000000,2.000000,270,9007,0.100893
4.000000,2.000000,270,9008,0.100893
4.000000,2.000000,270,9009,0.100893
4.000000,2.000000,270,9010,0.100893
4.000000,2.000000,300,10001,0.101010
4.000000,2.000000,300,10002,0.101010
4.000000,2.000000,300,10003,0.101010
4.000000,2.000000,300,10004,0.101010
4.000000,2.000000,300,10005,0.101010
4.000000,2.000000,300,10006,0.101010
4.000000,2.000000,300,10007,0.101010
4.000000,2.000000,300,10008,0.101010
4.000000,2.000000,300,10009,0.101010
4.000000,2.000000,300,10010,0.101010
4.000000,2.000000,330,11001,0.101020
4.000000,2.000000,330,11002,0.101020
4.000000,2.000000,330,11003,0.101020
4.000000,2.000000,330,11004,0.101020
4.000000,2.000000,330,11005,0.101020
4.000000,2.000000,330,11006,0.101020
4.000000,2.000000,330,11007,0.101020
4.000000,2.000000,330,11008,0.101020
4.000000,2.000000,330,11009,0.101020
4.000000,2.000000,330,11010,0.101020
