gampa_ns,gaba_base_ns,angle_deg,trial_seed,firing_rate_hz
0.500000,0.100000,0,1,0.714286
0.500000,0.100000,0,2,0.714286
0.500000,0.100000,0,3,0.714286
0.500000,0.100000,0,4,0.714286
0.500000,0.100000,0,5,0.714286
0.500000,0.100000,0,6,0.714286
0.500000,0.100000,0,7,0.714286
0.500000,0.100000,0,8,0.714286
0.500000,0.100000,0,9,0.714286
0.500000,0.100000,0,10,0.714286
0.500000,0.100000,30,1001,0.714286
0.500000,0.100000,30,1002,0.714286
0.500000,0.100000,30,1003,0.714286
0.500000,0.100000,30,1004,0.714286
0.500000,0.100000,30,1005,0.714286
0.500000,0.100000,30,1006,0.714286
0.500000,0.100000,30,1007,0.714286
0.500000,0.100000,30,1008,0.714286
0.500000,0.100000,30,1009,0.714286
0.500000,0.100000,30,1010,0.714286
0.500000,0.100000,60,2001,0.714286
0.500000,0.100000,60,2002,0.714286
0.500000,0.100000,60,2003,0.714286
0.500000,0.100000,60,2004,0.714286
0.500000,0.100000,60,2005,0.714286
0.500000,0.100000,60,2006,0.714286
0.500000,0.100000,60,2007,0.714286
0.500000,0.100000,60,2008,0.714286
0.500000,0.100000,60,2009,0.714286
0.500000,0.100000,60,2010,0.714286
0.500000,0.100000,90,3001,0.714286
0.500000,0.100000,90,3002,0.714286
0.500000,0.100000,90,3003,0.714286
0.500000,0.100000,90,3004,0.714286
0.500000,0.100000,90,3005,0.714286
0.500000,0.100000,90,3006,0.714286
0.500000,0.100000,90,3007,0.714286
0.500000,0.100000,90,3008,0.714286
0.500000,0.100000,90,3009,0.714286
0.500000,0.100000,90,3010,0.714286
0.500000,0.100000,120,4001,0.714286
0.500000,0.100000,120,4002,0.714286
0.500000,0.100000,120,4003,0.714286
0.500000,0.100000,120,4004,0.714286
0.500000,0.100000,120,4005,0.714286
0.500000,0.100000,120,4006,0.714286
0.500000,0.100000,120,4007,0.714286
0.500000,0.100000,120,4008,0.714286
0.500000,0.100000,120,4009,0.714286
0.500000,0.100000,120,4010,0.714286
0.500000,0.100000,150,5001,0.714286
0.500000,0.100000,150,5002,0.714286
0.500000,0.100000,150,5003,0.714286
0.500000,0.100000,150,5004,0.714286
0.500000,0.100000,150,5005,0.714286
0.500000,0.100000,150,5006,0.714286
0.500000,0.100000,150,5007,0.714286
0.500000,0.100000,150,5008,0.714286
0.500000,0.100000,150,5009,0.714286
0.500000,0.100000,150,5010,0.714286
0.500000,0.100000,180,6001,0.714286
0.500000,0.100000,180,6002,0.714286
0.500000,0.100000,180,6003,0.714286
0.500000,0.100000,180,6004,0.714286
0.500000,0.100000,180,6005,0.714286
0.500000,0.100000,180,6006,0.714286
0.500000,0.100000,180,6007,0.714286
0.500000,0.100000,180,6008,0.714286
0.500000,0.100000,180,6009,0.714286
0.500000,0.100000,180,6010,0.714286
0.500000,0.100000,210,7001,0.714286
0.500000,0.100000,210,7002,0.714286
0.500000,0.100000,210,7003,0.714286
0.500000,0.100000,210,7004,0.714286
0.500000,0.100000,210,7005,0.714286
0.500000,0.100000,210,7006,0.714286
0.500000,0.100000,210,7007,0.714286
0.500000,0.100000,210,7008,0.714286
0.500000,0.100000,210,7009,0.714286
0.500000,0.100000,210,7010,0.714286
0.500000,0.100000,240,8001,0.714286
0.500000,0.100000,240,8002,0.714286
0.500000,0.100000,240,8003,0.714286
0.500000,0.100000,240,8004,0.714286
0.500000,0.100000,240,8005,0.714286
0.500000,0.100000,240,8006,0.714286
0.500000,0.100000,240,8007,0.714286
0.500000,0.100000,240,8008,0.714286
0.500000,0.100000,240,8009,0.714286
0.500000,0.100000,240,8010,0.714286
0.500000,0.100000,270,9001,0.714286
0.500000,0.100000,270,9002,0.714286
0.500000,0.100000,270,9003,0.714286
0.500000,0.100000,270,9004,0.714286
0.500000,0.100000,270,9005,0.714286
0.500000,0.100000,270,9006,0.714286
0.500000,0.100000,270,9007,0.714286
0.500000,0.100000,270,9008,0.714286
0.500000,0.100000,270,9009,0.714286
0.500000,0.100000,270,9010,0.714286
0.500000,0.100000,300,10001,0.714286
0.500000,0.100000,300,10002,0.714286
0.500000,0.100000,300,10003,0.714286
0.500000,0.100000,300,10004,0.714286
0.500000,0.100000,300,10005,0.714286
0.500000,0.100000,300,10006,0.714286
0.500000,0.100000,300,10007,0.714286
0.500000,0.100000,300,10008,0.714286
0.500000,0.100000,300,10009,0.714286
0.500000,0.100000,300,10010,0.714286
0.500000,0.100000,330,11001,0.714286
0.500000,0.100000,330,11002,0.714286
0.500000,0.100000,330,11003,0.714286
0.500000,0.100000,330,11004,0.714286
0.500000,0.100000,330,11005,0.714286
0.500000,0.100000,330,11006,0.714286
0.500000,0.100000,330,11007,0.714286
0.500000,0.100000,330,11008,0.714286
0.500000,0.100000,330,11009,0.714286
0.500000,0.100000,330,11010,0.714286
0.500000,0.200000,0,1,0.714286
0.500000,0.200000,0,2,0.714286
0.500000,0.200000,0,3,0.714286
0.500000,0.200000,0,4,0.714286
0.500000,0.200000,0,5,0.714286
0.500000,0.200000,0,6,0.714286
0.500000,0.200000,0,7,0.714286
0.500000,0.200000,0,8,0.714286
0.500000,0.200000,0,9,0.714286
0.500000,0.200000,0,10,0.714286
0.500000,0.200000,30,1001,0.714286
0.500000,0.200000,30,1002,0.714286
0.500000,0.200000,30,1003,0.714286
0.500000,0.200000,30,1004,0.714286
0.500000,0.200000,30,1005,0.714286
0.500000,0.200000,30,1006,0.714286
0.500000,0.200000,30,1007,0.714286
0.500000,0.200000,30,1008,0.714286
0.500000,0.200000,30,1009,0.714286
0.500000,0.200000,30,1010,0.714286
0.500000,0.200000,60,2001,0.714286
0.500000,0.200000,60,2002,0.714286
0.500000,0.200000,60,2003,0.714286
0.500000,0.200000,60,2004,0.714286
0.500000,0.200000,60,2005,0.714286
0.500000,0.200000,60,2006,0.714286
0.500000,0.200000,60,2007,0.714286
0.500000,0.200000,60,2008,0.714286
0.500000,0.200000,60,2009,0.714286
0.500000,0.200000,60,2010,0.714286
0.500000,0.200000,90,3001,0.714286
0.500000,0.200000,90,3002,0.714286
0.500000,0.200000,90,3003,0.714286
0.500000,0.200000,90,3004,0.714286
0.500000,0.200000,90,3005,0.714286
0.500000,0.200000,90,3006,0.714286
0.500000,0.200000,90,3007,0.714286
0.500000,0.200000,90,3008,0.714286
0.500000,0.200000,90,3009,0.714286
0.500000,0.200000,90,3010,0.714286
0.500000,0.200000,120,4001,0.714286
0.500000,0.200000,120,4002,0.714286
0.500000,0.200000,120,4003,0.714286
0.500000,0.200000,120,4004,0.714286
0.500000,0.200000,120,4005,0.714286
0.500000,0.200000,120,4006,0.714286
0.500000,0.200000,120,4007,0.714286
0.500000,0.200000,120,4008,0.714286
0.500000,0.200000,120,4009,0.714286
0.500000,0.200000,120,4010,0.714286
0.500000,0.200000,150,5001,0.714286
0.500000,0.200000,150,5002,0.714286
0.500000,0.200000,150,5003,0.714286
0.500000,0.200000,150,5004,0.714286
0.500000,0.200000,150,5005,0.714286
0.500000,0.200000,150,5006,0.714286
0.500000,0.200000,150,5007,0.714286
0.500000,0.200000,150,5008,0.714286
0.500000,0.200000,150,5009,0.714286
0.500000,0.200000,150,5010,0.714286
0.500000,0.200000,180,6001,0.714286
0.500000,0.200000,180,6002,0.714286
0.500000,0.200000,180,6003,0.714286
0.500000,0.200000,180,6004,0.714286
0.500000,0.200000,180,6005,0.714286
0.500000,0.200000,180,6006,0.714286
0.500000,0.200000,180,6007,0.714286
0.500000,0.200000,180,6008,0.714286
0.500000,0.200000,180,6009,0.714286
0.500000,0.200000,180,6010,0.714286
0.500000,0.200000,210,7001,0.714286
0.500000,0.200000,210,7002,0.714286
0.500000,0.200000,210,7003,0.714286
0.500000,0.200000,210,7004,0.714286
0.500000,0.200000,210,7005,0.714286
0.500000,0.200000,210,7006,0.714286
0.500000,0.200000,210,7007,0.714286
0.500000,0.200000,210,7008,0.714286
0.500000,0.200000,210,7009,0.714286
0.500000,0.200000,210,7010,0.714286
0.500000,0.200000,240,8001,0.714286
0.500000,0.200000,240,8002,0.714286
0.500000,0.200000,240,8003,0.714286
0.500000,0.200000,240,8004,0.714286
0.500000,0.200000,240,8005,0.714286
0.500000,0.200000,240,8006,0.714286
0.500000,0.200000,240,8007,0.714286
0.500000,0.200000,240,8008,0.714286
0.500000,0.200000,240,8009,0.714286
0.500000,0.200000,240,8010,0.714286
0.500000,0.200000,270,9001,0.714286
0.500000,0.200000,270,9002,0.714286
0.500000,0.200000,270,9003,0.714286
0.500000,0.200000,270,9004,0.714286
0.500000,0.200000,270,9005,0.714286
0.500000,0.200000,270,9006,0.714286
0.500000,0.200000,270,9007,0.714286
0.500000,0.200000,270,9008,0.714286
0.500000,0.200000,270,9009,0.714286
0.500000,0.200000,270,9010,0.714286
0.500000,0.200000,300,10001,0.714286
0.500000,0.200000,300,10002,0.714286
0.500000,0.200000,300,10003,0.714286
0.500000,0.200000,300,10004,0.714286
0.500000,0.200000,300,10005,0.714286
0.500000,0.200000,300,10006,0.714286
0.500000,0.200000,300,10007,0.714286
0.500000,0.200000,300,10008,0.714286
0.500000,0.200000,300,10009,0.714286
0.500000,0.200000,300,10010,0.714286
0.500000,0.200000,330,11001,0.714286
0.500000,0.200000,330,11002,0.714286
0.500000,0.200000,330,11003,0.714286
0.500000,0.200000,330,11004,0.714286
0.500000,0.200000,330,11005,0.714286
0.500000,0.200000,330,11006,0.714286
0.500000,0.200000,330,11007,0.714286
0.500000,0.200000,330,11008,0.714286
0.500000,0.200000,330,11009,0.714286
0.500000,0.200000,330,11010,0.714286
0.500000,0.500000,0,1,0.714286
0.500000,0.500000,0,2,0.714286
0.500000,0.500000,0,3,0.714286
0.500000,0.500000,0,4,0.714286
0.500000,0.500000,0,5,0.714286
0.500000,0.500000,0,6,0.714286
0.500000,0.500000,0,7,0.714286
0.500000,0.500000,0,8,0.714286
0.500000,0.500000,0,9,0.714286
0.500000,0.500000,0,10,0.714286
0.500000,0.500000,30,1001,0.714286
0.500000,0.500000,30,1002,0.714286
0.500000,0.500000,30,1003,0.714286
0.500000,0.500000,30,1004,0.714286
0.500000,0.500000,30,1005,0.714286
0.500000,0.500000,30,1006,0.714286
0.500000,0.500000,30,1007,0.714286
0.500000,0.500000,30,1008,0.714286
0.500000,0.500000,30,1009,0.714286
0.500000,0.500000,30,1010,0.714286
0.500000,0.500000,60,2001,0.714286
0.500000,0.500000,60,2002,0.714286
0.500000,0.500000,60,2003,0.714286
0.500000,0.500000,60,2004,0.714286
0.500000,0.500000,60,2005,0.714286
0.500000,0.500000,60,2006,0.714286
0.500000,0.500000,60,2007,0.714286
0.500000,0.500000,60,2008,0.714286
0.500000,0.500000,60,2009,0.714286
0.500000,0.500000,60,2010,0.714286
0.500000,0.500000,90,3001,0.714286
0.500000,0.500000,90,3002,0.714286
0.500000,0.500000,90,3003,0.714286
0.500000,0.500000,90,3004,0.714286
0.500000,0.500000,90,3005,0.714286
0.500000,0.500000,90,3006,0.714286
0.500000,0.500000,90,3007,0.714286
0.500000,0.500000,90,3008,0.714286
0.500000,0.500000,90,3009,0.714286
0.500000,0.500000,90,3010,0.714286
0.500000,0.500000,120,4001,0.714286
0.500000,0.500000,120,4002,0.714286
0.500000,0.500000,120,4003,0.714286
0.500000,0.500000,120,4004,0.714286
0.500000,0.500000,120,4005,0.714286
0.500000,0.500000,120,4006,0.714286
0.500000,0.500000,120,4007,0.714286
0.500000,0.500000,120,4008,0.714286
0.500000,0.500000,120,4009,0.714286
0.500000,0.500000,120,4010,0.714286
0.500000,0.500000,150,5001,0.714286
0.500000,0.500000,150,5002,0.714286
0.500000,0.500000,150,5003,0.714286
0.500000,0.500000,150,5004,0.714286
0.500000,0.500000,150,5005,0.714286
0.500000,0.500000,150,5006,0.714286
0.500000,0.500000,150,5007,0.714286
0.500000,0.500000,150,5008,0.714286
0.500000,0.500000,150,5009,0.714286
0.500000,0.500000,150,5010,0.714286
0.500000,0.500000,180,6001,0.714286
0.500000,0.500000,180,6002,0.714286
0.500000,0.500000,180,6003,0.714286
0.500000,0.500000,180,6004,0.714286
0.500000,0.500000,180,6005,0.714286
0.500000,0.500000,180,6006,0.714286
0.500000,0.500000,180,6007,0.714286
0.500000,0.500000,180,6008,0.714286
0.500000,0.500000,180,6009,0.714286
0.500000,0.500000,180,6010,0.714286
0.500000,0.500000,210,7001,0.714286
0.500000,0.500000,210,7002,0.714286
0.500000,0.500000,210,7003,0.714286
0.500000,0.500000,210,7004,0.714286
0.500000,0.500000,210,7005,0.714286
0.500000,0.500000,210,7006,0.714286
0.500000,0.500000,210,7007,0.714286
0.500000,0.500000,210,7008,0.714286
0.500000,0.500000,210,7009,0.714286
0.500000,0.500000,210,7010,0.714286
0.500000,0.500000,240,8001,0.714286
0.500000,0.500000,240,8002,0.714286
0.500000,0.500000,240,8003,0.714286
0.500000,0.500000,240,8004,0.714286
0.500000,0.500000,240,8005,0.714286
0.500000,0.500000,240,8006,0.714286
0.500000,0.500000,240,8007,0.714286
0.500000,0.500000,240,8008,0.714286
0.500000,0.500000,240,8009,0.714286
0.500000,0.500000,240,8010,0.714286
0.500000,0.500000,270,9001,0.714286
0.500000,0.500000,270,9002,0.714286
0.500000,0.500000,270,9003,0.714286
0.500000,0.500000,270,9004,0.714286
0.500000,0.500000,270,9005,0.714286
0.500000,0.500000,270,9006,0.714286
0.500000,0.500000,270,9007,0.714286
0.500000,0.500000,270,9008,0.714286
0.500000,0.500000,270,9009,0.714286
0.500000,0.500000,270,9010,0.714286
0.500000,0.500000,300,10001,0.714286
0.500000,0.500000,300,10002,0.714286
0.500000,0.500000,300,10003,0.714286
0.500000,0.500000,300,10004,0.714286
0.500000,0.500000,300,10005,0.714286
0.500000,0.500000,300,10006,0.714286
0.500000,0.500000,300,10007,0.714286
0.500000,0.500000,300,10008,0.714286
0.500000,0.500000,300,10009,0.714286
0.500000,0.500000,300,10010,0.714286
0.500000,0.500000,330,11001,0.714286
0.500000,0.500000,330,11002,0.714286
0.500000,0.500000,330,11003,0.714286
0.500000,0.500000,330,11004,0.714286
0.500000,0.500000,330,11005,0.714286
0.500000,0.500000,330,11006,0.714286
0.500000,0.500000,330,11007,0.714286
0.500000,0.500000,330,11008,0.714286
0.500000,0.500000,330,11009,0.714286
0.500000,0.500000,330,11010,0.714286
0.500000,1.000000,0,1,0.714286
0.500000,1.000000,0,2,0.714286
0.500000,1.000000,0,3,0.714286
0.500000,1.000000,0,4,0.714286
0.500000,1.000000,0,5,0.714286
0.500000,1.000000,0,6,0.714286
0.500000,1.000000,0,7,0.714286
0.500000,1.000000,0,8,0.714286
0.500000,1.000000,0,9,0.714286
0.500000,1.000000,0,10,0.714286
0.500000,1.000000,30,1001,0.714286
0.500000,1.000000,30,1002,0.714286
0.500000,1.000000,30,1003,0.714286
0.500000,1.000000,30,1004,0.714286
0.500000,1.000000,30,1005,0.714286
0.500000,1.000000,30,1006,0.714286
0.500000,1.000000,30,1007,0.714286
0.500000,1.000000,30,1008,0.714286
0.500000,1.000000,30,1009,0.714286
0.500000,1.000000,30,1010,0.714286
0.500000,1.000000,60,2001,0.714286
0.500000,1.000000,60,2002,0.714286
0.500000,1.000000,60,2003,0.714286
0.500000,1.000000,60,2004,0.714286
0.500000,1.000000,60,2005,0.714286
0.500000,1.000000,60,2006,0.714286
0.500000,1.000000,60,2007,0.714286
0.500000,1.000000,60,2008,0.714286
0.500000,1.000000,60,2009,0.714286
0.500000,1.000000,60,2010,0.714286
0.500000,1.000000,90,3001,0.714286
0.500000,1.000000,90,3002,0.714286
0.500000,1.000000,90,3003,0.714286
0.500000,1.000000,90,3004,0.714286
0.500000,1.000000,90,3005,0.714286
0.500000,1.000000,90,3006,0.714286
0.500000,1.000000,90,3007,0.714286
0.500000,1.000000,90,3008,0.714286
0.500000,1.000000,90,3009,0.714286
0.500000,1.000000,90,3010,0.714286
0.500000,1.000000,120,4001,0.714286
0.500000,1.000000,120,4002,0.714286
0.500000,1.000000,120,4003,0.714286
0.500000,1.000000,120,4004,0.714286
0.500000,1.000000,120,4005,0.714286
0.500000,1.000000,120,4006,0.714286
0.500000,1.000000,120,4007,0.714286
0.500000,1.000000,120,4008,0.714286
0.500000,1.000000,120,4009,0.714286
0.500000,1.000000,120,4010,0.714286
0.500000,1.000000,150,5001,0.714286
0.500000,1.000000,150,5002,0.714286
0.500000,1.000000,150,5003,0.714286
0.500000,1.000000,150,5004,0.714286
0.500000,1.000000,150,5005,0.714286
0.500000,1.000000,150,5006,0.714286
0.500000,1.000000,150,5007,0.714286
0.500000,1.000000,150,5008,0.714286
0.500000,1.000000,150,5009,0.714286
0.500000,1.000000,150,5010,0.714286
0.500000,1.000000,180,6001,0.714286
0.500000,1.000000,180,6002,0.714286
0.500000,1.000000,180,6003,0.714286
0.500000,1.000000,180,6004,0.714286
0.500000,1.000000,180,6005,0.714286
0.500000,1.000000,180,6006,0.714286
0.500000,1.000000,180,6007,0.714286
0.500000,1.000000,180,6008,0.714286
0.500000,1.000000,180,6009,0.714286
0.500000,1.000000,180,6010,0.714286
0.500000,1.000000,210,7001,0.714286
0.500000,1.000000,210,7002,0.714286
0.500000,1.000000,210,7003,0.714286
0.500000,1.000000,210,7004,0.714286
0.500000,1.000000,210,7005,0.714286
0.500000,1.000000,210,7006,0.714286
0.500000,1.000000,210,7007,0.714286
0.500000,1.000000,210,7008,0.714286
0.500000,1.000000,210,7009,0.714286
0.500000,1.000000,210,7010,0.714286
0.500000,1.000000,240,8001,0.714286
0.500000,1.000000,240,8002,0.714286
0.500000,1.000000,240,8003,0.714286
0.500000,1.000000,240,8004,0.714286
0.500000,1.000000,240,8005,0.714286
0.500000,1.000000,240,8006,0.714286
0.500000,1.000000,240,8007,0.714286
0.500000,1.000000,240,8008,0.714286
0.500000,1.000000,240,8009,0.714286
0.500000,1.000000,240,8010,0.714286
0.500000,1.000000,270,9001,0.714286
0.500000,1.000000,270,9002,0.714286
0.500000,1.000000,270,9003,0.714286
0.500000,1.000000,270,9004,0.714286
0.500000,1.000000,270,9005,0.714286
0.500000,1.000000,270,9006,0.714286
0.500000,1.000000,270,9007,0.714286
0.500000,1.000000,270,9008,0.714286
0.500000,1.000000,270,9009,0.714286
0.500000,1.000000,270,9010,0.714286
0.500000,1.000000,300,10001,0.714286
0.500000,1.000000,300,10002,0.714286
0.500000,1.000000,300,10003,0.714286
0.500000,1.000000,300,10004,0.714286
0.500000,1.000000,300,10005,0.714286
0.500000,1.000000,300,10006,0.714286
0.500000,1.000000,300,10007,0.714286
0.500000,1.000000,300,10008,0.714286
0.500000,1.000000,300,10009,0.714286
0.500000,1.000000,300,10010,0.714286
0.500000,1.000000,330,11001,0.714286
0.500000,1.000000,330,11002,0.714286
0.500000,1.000000,330,11003,0.714286
0.500000,1.000000,330,11004,0.714286
0.500000,1.000000,330,11005,0.714286
0.500000,1.000000,330,11006,0.714286
0.500000,1.000000,330,11007,0.714286
0.500000,1.000000,330,11008,0.714286
0.500000,1.000000,330,11009,0.714286
0.500000,1.000000,330,11010,0.714286
0.500000,2.000000,0,1,0.000000
0.500000,2.000000,0,2,0.000000
0.500000,2.000000,0,3,0.000000
0.500000,2.000000,0,4,0.000000
0.500000,2.000000,0,5,0.000000
0.500000,2.000000,0,6,0.000000
0.500000,2.000000,0,7,0.000000
0.500000,2.000000,0,8,0.000000
0.500000,2.000000,0,9,0.000000
0.500000,2.000000,0,10,0.000000
0.500000,2.000000,30,1001,0.000000
0.500000,2.000000,30,1002,0.000000
0.500000,2.000000,30,1003,0.000000
0.500000,2.000000,30,1004,0.000000
0.500000,2.000000,30,1005,0.000000
0.500000,2.000000,30,1006,0.000000
0.500000,2.000000,30,1007,0.000000
0.500000,2.000000,30,1008,0.000000
0.500000,2.000000,30,1009,0.000000
0.500000,2.000000,30,1010,0.000000
0.500000,2.000000,60,2001,0.000000
0.500000,2.000000,60,2002,0.000000
0.500000,2.000000,60,2003,0.000000
0.500000,2.000000,60,2004,0.000000
0.500000,2.000000,60,2005,0.000000
0.500000,2.000000,60,2006,0.000000
0.500000,2.000000,60,2007,0.000000
0.500000,2.000000,60,2008,0.000000
0.500000,2.000000,60,2009,0.000000
0.500000,2.000000,60,2010,0.000000
0.500000,2.000000,90,3001,0.000000
0.500000,2.000000,90,3002,0.000000
0.500000,2.000000,90,3003,0.000000
0.500000,2.000000,90,3004,0.000000
0.500000,2.000000,90,3005,0.000000
0.500000,2.000000,90,3006,0.000000
0.500000,2.000000,90,3007,0.000000
0.500000,2.000000,90,3008,0.000000
0.500000,2.000000,90,3009,0.000000
0.500000,2.000000,90,3010,0.000000
0.500000,2.000000,120,4001,0.000000
0.500000,2.000000,120,4002,0.000000
0.500000,2.000000,120,4003,0.000000
0.500000,2.000000,120,4004,0.000000
0.500000,2.000000,120,4005,0.000000
0.500000,2.000000,120,4006,0.000000
0.500000,2.000000,120,4007,0.000000
0.500000,2.000000,120,4008,0.000000
0.500000,2.000000,120,4009,0.000000
0.500000,2.000000,120,4010,0.000000
0.500000,2.000000,150,5001,0.000000
0.500000,2.000000,150,5002,0.000000
0.500000,2.000000,150,5003,0.000000
0.500000,2.000000,150,5004,0.000000
0.500000,2.000000,150,5005,0.000000
0.500000,2.000000,150,5006,0.000000
0.500000,2.000000,150,5007,0.000000
0.500000,2.000000,150,5008,0.000000
0.500000,2.000000,150,5009,0.000000
0.500000,2.000000,150,5010,0.000000
0.500000,2.000000,180,6001,0.000000
0.500000,2.000000,180,6002,0.000000
0.500000,2.000000,180,6003,0.000000
0.500000,2.000000,180,6004,0.000000
0.500000,2.000000,180,6005,0.000000
0.500000,2.000000,180,6006,0.000000
0.500000,2.000000,180,6007,0.000000
0.500000,2.000000,180,6008,0.000000
0.500000,2.000000,180,6009,0.000000
0.500000,2.000000,180,6010,0.000000
0.500000,2.000000,210,7001,0.000000
0.500000,2.000000,210,7002,0.000000
0.500000,2.000000,210,7003,0.000000
0.500000,2.000000,210,7004,0.000000
0.500000,2.000000,210,7005,0.000000
0.500000,2.000000,210,7006,0.000000
0.500000,2.000000,210,7007,0.000000
0.500000,2.000000,210,7008,0.000000
0.500000,2.000000,210,7009,0.000000
0.500000,2.000000,210,7010,0.000000
0.500000,2.000000,240,8001,0.000000
0.500000,2.000000,240,8002,0.000000
0.500000,2.000000,240,8003,0.000000
0.500000,2.000000,240,8004,0.000000
0.500000,2.000000,240,8005,0.000000
0.500000,2.000000,240,8006,0.000000
0.500000,2.000000,240,8007,0.000000
0.500000,2.000000,240,8008,0.000000
0.500000,2.000000,240,8009,0.000000
0.500000,2.000000,240,8010,0.000000
0.500000,2.000000,270,9001,0.000000
0.500000,2.000000,270,9002,0.000000
0.500000,2.000000,270,9003,0.000000
0.500000,2.000000,270,9004,0.000000
0.500000,2.000000,270,9005,0.000000
0.500000,2.000000,270,9006,0.000000
0.500000,2.000000,270,9007,0.000000
0.500000,2.000000,270,9008,0.000000
0.500000,2.000000,270,9009,0.000000
0.500000,2.000000,270,9010,0.000000
0.500000,2.000000,300,10001,0.000000
0.500000,2.000000,300,10002,0.000000
0.500000,2.000000,300,10003,0.000000
0.500000,2.000000,300,10004,0.000000
0.500000,2.000000,300,10005,0.000000
0.500000,2.000000,300,10006,0.000000
0.500000,2.000000,300,10007,0.000000
0.500000,2.000000,300,10008,0.000000
0.500000,2.000000,300,10009,0.000000
0.500000,2.000000,300,10010,0.000000
0.500000,2.000000,330,11001,0.000000
0.500000,2.000000,330,11002,0.000000
0.500000,2.000000,330,11003,0.000000
0.500000,2.000000,330,11004,0.000000
0.500000,2.000000,330,11005,0.000000
0.500000,2.000000,330,11006,0.000000
0.500000,2.000000,330,11007,0.000000
0.500000,2.000000,330,11008,0.000000
0.500000,2.000000,330,11009,0.000000
0.500000,2.000000,330,11010,0.000000
1.000000,0.100000,0,1,1.428571
1.000000,0.100000,0,2,1.428571
1.000000,0.100000,0,3,1.428571
1.000000,0.100000,0,4,1.428571
1.000000,0.100000,0,5,1.428571
1.000000,0.100000,0,6,1.428571
1.000000,0.100000,0,7,1.428571
1.000000,0.100000,0,8,1.428571
1.000000,0.100000,0,9,1.428571
1.000000,0.100000,0,10,1.428571
1.000000,0.100000,30,1001,1.428571
1.000000,0.100000,30,1002,1.428571
1.000000,0.100000,30,1003,1.428571
1.000000,0.100000,30,1004,1.428571
1.000000,0.100000,30,1005,1.428571
1.000000,0.100000,30,1006,1.428571
1.000000,0.100000,30,1007,1.428571
1.000000,0.100000,30,1008,1.428571
1.000000,0.100000,30,1009,1.428571
1.000000,0.100000,30,1010,1.428571
1.000000,0.100000,60,2001,1.428571
1.000000,0.100000,60,2002,1.428571
1.000000,0.100000,60,2003,1.428571
1.000000,0.100000,60,2004,1.428571
1.000000,0.100000,60,2005,1.428571
1.000000,0.100000,60,2006,1.428571
1.000000,0.100000,60,2007,1.428571
1.000000,0.100000,60,2008,1.428571
1.000000,0.100000,60,2009,1.428571
1.000000,0.100000,60,2010,1.428571
1.000000,0.100000,90,3001,0.714286
1.000000,0.100000,90,3002,0.714286
1.000000,0.100000,90,3003,0.714286
1.000000,0.100000,90,3004,0.714286
1.000000,0.100000,90,3005,0.714286
1.000000,0.100000,90,3006,0.714286
1.000000,0.100000,90,3007,0.714286
1.000000,0.100000,90,3008,0.714286
1.000000,0.100000,90,3009,0.714286
1.000000,0.100000,90,3010,0.714286
1.000000,0.100000,120,4001,0.714286
1.000000,0.100000,120,4002,0.714286
1.000000,0.100000,120,4003,0.714286
1.000000,0.100000,120,4004,0.714286
1.000000,0.100000,120,4005,0.714286
1.000000,0.100000,120,4006,0.714286
1.000000,0.100000,120,4007,0.714286
1.000000,0.100000,120,4008,0.714286
1.000000,0.100000,120,4009,0.714286
1.000000,0.100000,120,4010,0.714286
1.000000,0.100000,150,5001,0.714286
1.000000,0.100000,150,5002,0.714286
1.000000,0.100000,150,5003,0.714286
1.000000,0.100000,150,5004,0.714286
1.000000,0.100000,150,5005,0.714286
1.000000,0.100000,150,5006,0.714286
1.000000,0.100000,150,5007,0.714286
1.000000,0.100000,150,5008,0.714286
1.000000,0.100000,150,5009,0.714286
1.000000,0.100000,150,5010,0.714286
1.000000,0.100000,180,6001,0.714286
1.000000,0.100000,180,6002,0.714286
1.000000,0.100000,180,6003,0.714286
1.000000,0.100000,180,6004,0.714286
1.000000,0.100000,180,6005,0.714286
1.000000,0.100000,180,6006,0.714286
1.000000,0.100000,180,6007,0.714286
1.000000,0.100000,180,6008,0.714286
1.000000,0.100000,180,6009,0.714286
1.000000,0.100000,180,6010,0.714286
1.000000,0.100000,210,7001,0.714286
1.000000,0.100000,210,7002,0.714286
1.000000,0.100000,210,7003,0.714286
1.000000,0.100000,210,7004,0.714286
1.000000,0.100000,210,7005,0.714286
1.000000,0.100000,210,7006,0.714286
1.000000,0.100000,210,7007,0.714286
1.000000,0.100000,210,7008,0.714286
1.000000,0.100000,210,7009,0.714286
1.000000,0.100000,210,7010,0.714286
1.000000,0.100000,240,8001,0.714286
1.000000,0.100000,240,8002,0.714286
1.000000,0.100000,240,8003,0.714286
1.000000,0.100000,240,8004,0.714286
1.000000,0.100000,240,8005,0.714286
1.000000,0.100000,240,8006,0.714286
1.000000,0.100000,240,8007,0.714286
1.000000,0.100000,240,8008,0.714286
1.000000,0.100000,240,8009,0.714286
1.000000,0.100000,240,8010,0.714286
1.000000,0.100000,270,9001,0.714286
1.000000,0.100000,270,9002,0.714286
1.000000,0.100000,270,9003,0.714286
1.000000,0.100000,270,9004,0.714286
1.000000,0.100000,270,9005,0.714286
1.000000,0.100000,270,9006,0.714286
1.000000,0.100000,270,9007,0.714286
1.000000,0.100000,270,9008,0.714286
1.000000,0.100000,270,9009,0.714286
1.000000,0.100000,270,9010,0.714286
1.000000,0.100000,300,10001,0.714286
1.000000,0.100000,300,10002,0.714286
1.000000,0.100000,300,10003,0.714286
1.000000,0.100000,300,10004,0.714286
1.000000,0.100000,300,10005,0.714286
1.000000,0.100000,300,10006,0.714286
1.000000,0.100000,300,10007,0.714286
1.000000,0.100000,300,10008,0.714286
1.000000,0.100000,300,10009,0.714286
1.000000,0.100000,300,10010,0.714286
1.000000,0.100000,330,11001,1.428571
1.000000,0.100000,330,11002,1.428571
1.000000,0.100000,330,11003,1.428571
1.000000,0.100000,330,11004,1.428571
1.000000,0.100000,330,11005,1.428571
1.000000,0.100000,330,11006,1.428571
1.000000,0.100000,330,11007,1.428571
1.000000,0.100000,330,11008,1.428571
1.000000,0.100000,330,11009,1.428571
1.000000,0.100000,330,11010,1.428571
1.000000,0.200000,0,1,1.428571
1.000000,0.200000,0,2,1.428571
1.000000,0.200000,0,3,1.428571
1.000000,0.200000,0,4,1.428571
1.000000,0.200000,0,5,1.428571
1.000000,0.200000,0,6,1.428571
1.000000,0.200000,0,7,1.428571
1.000000,0.200000,0,8,1.428571
1.000000,0.200000,0,9,1.428571
1.000000,0.200000,0,10,1.428571
1.000000,0.200000,30,1001,0.714286
1.000000,0.200000,30,1002,0.714286
1.000000,0.200000,30,1003,0.714286
1.000000,0.200000,30,1004,0.714286
1.000000,0.200000,30,1005,0.714286
1.000000,0.200000,30,1006,0.714286
1.000000,0.200000,30,1007,0.714286
1.000000,0.200000,30,1008,0.714286
1.000000,0.200000,30,1009,0.714286
1.000000,0.200000,30,1010,0.714286
1.000000,0.200000,60,2001,1.428571
1.000000,0.200000,60,2002,1.428571
1.000000,0.200000,60,2003,1.428571
1.000000,0.200000,60,2004,1.428571
1.000000,0.200000,60,2005,1.428571
1.000000,0.200000,60,2006,1.428571
1.000000,0.200000,60,2007,1.428571
1.000000,0.200000,60,2008,1.428571
1.000000,0.200000,60,2009,1.428571
1.000000,0.200000,60,2010,1.428571
1.000000,0.200000,90,3001,0.714286
1.000000,0.200000,90,3002,0.714286
1.000000,0.200000,90,3003,0.714286
1.000000,0.200000,90,3004,0.714286
1.000000,0.200000,90,3005,0.714286
1.000000,0.200000,90,3006,0.714286
1.000000,0.200000,90,3007,0.714286
1.000000,0.200000,90,3008,0.714286
1.000000,0.200000,90,3009,0.714286
1.000000,0.200000,90,3010,0.714286
1.000000,0.200000,120,4001,0.714286
1.000000,0.200000,120,4002,0.714286
1.000000,0.200000,120,4003,0.714286
1.000000,0.200000,120,4004,0.714286
1.000000,0.200000,120,4005,0.714286
1.000000,0.200000,120,4006,0.714286
1.000000,0.200000,120,4007,0.714286
1.000000,0.200000,120,4008,0.714286
1.000000,0.200000,120,4009,0.714286
1.000000,0.200000,120,4010,0.714286
1.000000,0.200000,150,5001,0.714286
1.000000,0.200000,150,5002,0.714286
1.000000,0.200000,150,5003,0.714286
1.000000,0.200000,150,5004,0.714286
1.000000,0.200000,150,5005,0.714286
1.000000,0.200000,150,5006,0.714286
1.000000,0.200000,150,5007,0.714286
1.000000,0.200000,150,5008,0.714286
1.000000,0.200000,150,5009,0.714286
1.000000,0.200000,150,5010,0.714286
1.000000,0.200000,180,6001,0.714286
1.000000,0.200000,180,6002,0.714286
1.000000,0.200000,180,6003,0.714286
1.000000,0.200000,180,6004,0.714286
1.000000,0.200000,180,6005,0.714286
1.000000,0.200000,180,6006,0.714286
1.000000,0.200000,180,6007,0.714286
1.000000,0.200000,180,6008,0.714286
1.000000,0.200000,180,6009,0.714286
1.000000,0.200000,180,6010,0.714286
1.000000,0.200000,210,7001,0.714286
1.000000,0.200000,210,7002,0.714286
1.000000,0.200000,210,7003,0.714286
1.000000,0.200000,210,7004,0.714286
1.000000,0.200000,210,7005,0.714286
1.000000,0.200000,210,7006,0.714286
1.000000,0.200000,210,7007,0.714286
1.000000,0.200000,210,7008,0.714286
1.000000,0.200000,210,7009,0.714286
1.000000,0.200000,210,7010,0.714286
1.000000,0.200000,240,8001,0.714286
1.000000,0.200000,240,8002,0.714286
1.000000,0.200000,240,8003,0.714286
1.000000,0.200000,240,8004,0.714286
1.000000,0.200000,240,8005,0.714286
1.000000,0.200000,240,8006,0.714286
1.000000,0.200000,240,8007,0.714286
1.000000,0.200000,240,8008,0.714286
1.000000,0.200000,240,8009,0.714286
1.000000,0.200000,240,8010,0.714286
1.000000,0.200000,270,9001,0.714286
1.000000,0.200000,270,9002,0.714286
1.000000,0.200000,270,9003,0.714286
1.000000,0.200000,270,9004,0.714286
1.000000,0.200000,270,9005,0.714286
1.000000,0.200000,270,9006,0.714286
1.000000,0.200000,270,9007,0.714286
1.000000,0.200000,270,9008,0.714286
1.000000,0.200000,270,9009,0.714286
1.000000,0.200000,270,9010,0.714286
1.000000,0.200000,300,10001,0.714286
1.000000,0.200000,300,10002,0.714286
1.000000,0.200000,300,10003,0.714286
1.000000,0.200000,300,10004,0.714286
1.000000,0.200000,300,10005,0.714286
1.000000,0.200000,300,10006,0.714286
1.000000,0.200000,300,10007,0.714286
1.000000,0.200000,300,10008,0.714286
1.000000,0.200000,300,10009,0.714286
1.000000,0.200000,300,10010,0.714286
1.000000,0.200000,330,11001,1.428571
1.000000,0.200000,330,11002,1.428571
1.000000,0.200000,330,11003,1.428571
1.000000,0.200000,330,11004,1.428571
1.000000,0.200000,330,11005,1.428571
1.000000,0.200000,330,11006,1.428571
1.000000,0.200000,330,11007,1.428571
1.000000,0.200000,330,11008,1.428571
1.000000,0.200000,330,11009,1.428571
1.000000,0.200000,330,11010,1.428571
1.000000,0.500000,0,1,0.714286
1.000000,0.500000,0,2,0.714286
1.000000,0.500000,0,3,0.714286
1.000000,0.500000,0,4,0.714286
1.000000,0.500000,0,5,0.714286
1.000000,0.500000,0,6,0.714286
1.000000,0.500000,0,7,0.714286
1.000000,0.500000,0,8,0.714286
1.000000,0.500000,0,9,0.714286
1.000000,0.500000,0,10,0.714286
1.000000,0.500000,30,1001,0.714286
1.000000,0.500000,30,1002,0.714286
1.000000,0.500000,30,1003,0.714286
1.000000,0.500000,30,1004,0.714286
1.000000,0.500000,30,1005,0.714286
1.000000,0.500000,30,1006,0.714286
1.000000,0.500000,30,1007,0.714286
1.000000,0.500000,30,1008,0.714286
1.000000,0.500000,30,1009,0.714286
1.000000,0.500000,30,1010,0.714286
1.000000,0.500000,60,2001,0.714286
1.000000,0.500000,60,2002,0.714286
1.000000,0.500000,60,2003,0.714286
1.000000,0.500000,60,2004,0.714286
1.000000,0.500000,60,2005,0.714286
1.000000,0.500000,60,2006,0.714286
1.000000,0.500000,60,2007,0.714286
1.000000,0.500000,60,2008,0.714286
1.000000,0.500000,60,2009,0.714286
1.000000,0.500000,60,2010,0.714286
1.000000,0.500000,90,3001,0.714286
1.000000,0.500000,90,3002,0.714286
1.000000,0.500000,90,3003,0.714286
1.000000,0.500000,90,3004,0.714286
1.000000,0.500000,90,3005,0.714286
1.000000,0.500000,90,3006,0.714286
1.000000,0.500000,90,3007,0.714286
1.000000,0.500000,90,3008,0.714286
1.000000,0.500000,90,3009,0.714286
1.000000,0.500000,90,3010,0.714286
1.000000,0.500000,120,4001,0.714286
1.000000,0.500000,120,4002,0.714286
1.000000,0.500000,120,4003,0.714286
1.000000,0.500000,120,4004,0.714286
1.000000,0.500000,120,4005,0.714286
1.000000,0.500000,120,4006,0.714286
1.000000,0.500000,120,4007,0.714286
1.000000,0.500000,120,4008,0.714286
1.000000,0.500000,120,4009,0.714286
1.000000,0.500000,120,4010,0.714286
1.000000,0.500000,150,5001,0.714286
1.000000,0.500000,150,5002,0.714286
1.000000,0.500000,150,5003,0.714286
1.000000,0.500000,150,5004,0.714286
1.000000,0.500000,150,5005,0.714286
1.000000,0.500000,150,5006,0.714286
1.000000,0.500000,150,5007,0.714286
1.000000,0.500000,150,5008,0.714286
1.000000,0.500000,150,5009,0.714286
1.000000,0.500000,150,5010,0.714286
1.000000,0.500000,180,6001,0.714286
1.000000,0.500000,180,6002,0.714286
1.000000,0.500000,180,6003,0.714286
1.000000,0.500000,180,6004,0.714286
1.000000,0.500000,180,6005,0.714286
1.000000,0.500000,180,6006,0.714286
1.000000,0.500000,180,6007,0.714286
1.000000,0.500000,180,6008,0.714286
1.000000,0.500000,180,6009,0.714286
1.000000,0.500000,180,6010,0.714286
1.000000,0.500000,210,7001,0.714286
1.000000,0.500000,210,7002,0.714286
1.000000,0.500000,210,7003,0.714286
1.000000,0.500000,210,7004,0.714286
1.000000,0.500000,210,7005,0.714286
1.000000,0.500000,210,7006,0.714286
1.000000,0.500000,210,7007,0.714286
1.000000,0.500000,210,7008,0.714286
1.000000,0.500000,210,7009,0.714286
1.000000,0.500000,210,7010,0.714286
1.000000,0.500000,240,8001,0.714286
1.000000,0.500000,240,8002,0.714286
1.000000,0.500000,240,8003,0.714286
1.000000,0.500000,240,8004,0.714286
1.000000,0.500000,240,8005,0.714286
1.000000,0.500000,240,8006,0.714286
1.000000,0.500000,240,8007,0.714286
1.000000,0.500000,240,8008,0.714286
1.000000,0.500000,240,8009,0.714286
1.000000,0.500000,240,8010,0.714286
1.000000,0.500000,270,9001,0.714286
1.000000,0.500000,270,9002,0.714286
1.000000,0.500000,270,9003,0.714286
1.000000,0.500000,270,9004,0.714286
1.000000,0.500000,270,9005,0.714286
1.000000,0.500000,270,9006,0.714286
1.000000,0.500000,270,9007,0.714286
1.000000,0.500000,270,9008,0.714286
1.000000,0.500000,270,9009,0.714286
1.000000,0.500000,270,9010,0.714286
1.000000,0.500000,300,10001,0.714286
1.000000,0.500000,300,10002,0.714286
1.000000,0.500000,300,10003,0.714286
1.000000,0.500000,300,10004,0.714286
1.000000,0.500000,300,10005,0.714286
1.000000,0.500000,300,10006,0.714286
1.000000,0.500000,300,10007,0.714286
1.000000,0.500000,300,10008,0.714286
1.000000,0.500000,300,10009,0.714286
1.000000,0.500000,300,10010,0.714286
1.000000,0.500000,330,11001,0.714286
1.000000,0.500000,330,11002,0.714286
1.000000,0.500000,330,11003,0.714286
1.000000,0.500000,330,11004,0.714286
1.000000,0.500000,330,11005,0.714286
1.000000,0.500000,330,11006,0.714286
1.000000,0.500000,330,11007,0.714286
1.000000,0.500000,330,11008,0.714286
1.000000,0.500000,330,11009,0.714286
1.000000,0.500000,330,11010,0.714286
1.000000,1.000000,0,1,0.714286
1.000000,1.000000,0,2,0.714286
1.000000,1.000000,0,3,0.714286
1.000000,1.000000,0,4,0.714286
1.000000,1.000000,0,5,0.714286
1.000000,1.000000,0,6,0.714286
1.000000,1.000000,0,7,0.714286
1.000000,1.000000,0,8,0.714286
1.000000,1.000000,0,9,0.714286
1.000000,1.000000,0,10,0.714286
1.000000,1.000000,30,1001,0.714286
1.000000,1.000000,30,1002,0.714286
1.000000,1.000000,30,1003,0.714286
1.000000,1.000000,30,1004,0.714286
1.000000,1.000000,30,1005,0.714286
1.000000,1.000000,30,1006,0.714286
1.000000,1.000000,30,1007,0.714286
1.000000,1.000000,30,1008,0.714286
1.000000,1.000000,30,1009,0.714286
1.000000,1.000000,30,1010,0.714286
1.000000,1.000000,60,2001,0.714286
1.000000,1.000000,60,2002,0.714286
1.000000,1.000000,60,2003,0.714286
1.000000,1.000000,60,2004,0.714286
1.000000,1.000000,60,2005,0.714286
1.000000,1.000000,60,2006,0.714286
1.000000,1.000000,60,2007,0.714286
1.000000,1.000000,60,2008,0.714286
1.000000,1.000000,60,2009,0.714286
1.000000,1.000000,60,2010,0.714286
1.000000,1.000000,90,3001,0.714286
1.000000,1.000000,90,3002,0.714286
1.000000,1.000000,90,3003,0.714286
1.000000,1.000000,90,3004,0.714286
1.000000,1.000000,90,3005,0.714286
1.000000,1.000000,90,3006,0.714286
1.000000,1.000000,90,3007,0.714286
1.000000,1.000000,90,3008,0.714286
1.000000,1.000000,90,3009,0.714286
1.000000,1.000000,90,3010,0.714286
1.000000,1.000000,120,4001,0.714286
1.000000,1.000000,120,4002,0.714286
1.000000,1.000000,120,4003,0.714286
1.000000,1.000000,120,4004,0.714286
1.000000,1.000000,120,4005,0.714286
1.000000,1.000000,120,4006,0.714286
1.000000,1.000000,120,4007,0.714286
1.000000,1.000000,120,4008,0.714286
1.000000,1.000000,120,4009,0.714286
1.000000,1.000000,120,4010,0.714286
1.000000,1.000000,150,5001,0.714286
1.000000,1.000000,150,5002,0.714286
1.000000,1.000000,150,5003,0.714286
1.000000,1.000000,150,5004,0.714286
1.000000,1.000000,150,5005,0.714286
1.000000,1.000000,150,5006,0.714286
1.000000,1.000000,150,5007,0.714286
1.000000,1.000000,150,5008,0.714286
1.000000,1.000000,150,5009,0.714286
1.000000,1.000000,150,5010,0.714286
1.000000,1.000000,180,6001,0.714286
1.000000,1.000000,180,6002,0.714286
1.000000,1.000000,180,6003,0.714286
1.000000,1.000000,180,6004,0.714286
1.000000,1.000000,180,6005,0.714286
1.000000,1.000000,180,6006,0.714286
1.000000,1.000000,180,6007,0.714286
1.000000,1.000000,180,6008,0.714286
1.000000,1.000000,180,6009,0.714286
1.000000,1.000000,180,6010,0.714286
1.000000,1.000000,210,7001,0.714286
1.000000,1.000000,210,7002,0.714286
1.000000,1.000000,210,7003,0.714286
1.000000,1.000000,210,7004,0.714286
1.000000,1.000000,210,7005,0.714286
1.000000,1.000000,210,7006,0.714286
1.000000,1.000000,210,7007,0.714286
1.000000,1.000000,210,7008,0.714286
1.000000,1.000000,210,7009,0.714286
1.000000,1.000000,210,7010,0.714286
1.000000,1.000000,240,8001,0.714286
1.000000,1.000000,240,8002,0.714286
1.000000,1.000000,240,8003,0.714286
1.000000,1.000000,240,8004,0.714286
1.000000,1.000000,240,8005,0.714286
1.000000,1.000000,240,8006,0.714286
1.000000,1.000000,240,8007,0.714286
1.000000,1.000000,240,8008,0.714286
1.000000,1.000000,240,8009,0.714286
1.000000,1.000000,240,8010,0.714286
1.000000,1.000000,270,9001,0.714286
1.000000,1.000000,270,9002,0.714286
1.000000,1.000000,270,9003,0.714286
1.000000,1.000000,270,9004,0.714286
1.000000,1.000000,270,9005,0.714286
1.000000,1.000000,270,9006,0.714286
1.000000,1.000000,270,9007,0.714286
1.000000,1.000000,270,9008,0.714286
1.000000,1.000000,270,9009,0.714286
1.000000,1.000000,270,9010,0.714286
1.000000,1.000000,300,10001,0.714286
1.000000,1.000000,300,10002,0.714286
1.000000,1.000000,300,10003,0.714286
1.000000,1.000000,300,10004,0.714286
1.000000,1.000000,300,10005,0.714286
1.000000,1.000000,300,10006,0.714286
1.000000,1.000000,300,10007,0.714286
1.000000,1.000000,300,10008,0.714286
1.000000,1.000000,300,10009,0.714286
1.000000,1.000000,300,10010,0.714286
1.000000,1.000000,330,11001,0.714286
1.000000,1.000000,330,11002,0.714286
1.000000,1.000000,330,11003,0.714286
1.000000,1.000000,330,11004,0.714286
1.000000,1.000000,330,11005,0.714286
1.000000,1.000000,330,11006,0.714286
1.000000,1.000000,330,11007,0.714286
1.000000,1.000000,330,11008,0.714286
1.000000,1.000000,330,11009,0.714286
1.000000,1.000000,330,11010,0.714286
1.000000,2.000000,0,1,0.714286
1.000000,2.000000,0,2,0.714286
1.000000,2.000000,0,3,0.714286
1.000000,2.000000,0,4,0.714286
1.000000,2.000000,0,5,0.714286
1.000000,2.000000,0,6,0.714286
1.000000,2.000000,0,7,0.714286
1.000000,2.000000,0,8,0.714286
1.000000,2.000000,0,9,0.714286
1.000000,2.000000,0,10,0.714286
1.000000,2.000000,30,1001,0.714286
1.000000,2.000000,30,1002,0.714286
1.000000,2.000000,30,1003,0.714286
1.000000,2.000000,30,1004,0.714286
1.000000,2.000000,30,1005,0.714286
1.000000,2.000000,30,1006,0.714286
1.000000,2.000000,30,1007,0.714286
1.000000,2.000000,30,1008,0.714286
1.000000,2.000000,30,1009,0.714286
1.000000,2.000000,30,1010,0.714286
1.000000,2.000000,60,2001,0.714286
1.000000,2.000000,60,2002,0.714286
1.000000,2.000000,60,2003,0.714286
1.000000,2.000000,60,2004,0.714286
1.000000,2.000000,60,2005,0.714286
1.000000,2.000000,60,2006,0.714286
1.000000,2.000000,60,2007,0.714286
1.000000,2.000000,60,2008,0.714286
1.000000,2.000000,60,2009,0.714286
1.000000,2.000000,60,2010,0.714286
1.000000,2.000000,90,3001,0.714286
1.000000,2.000000,90,3002,0.714286
1.000000,2.000000,90,3003,0.714286
1.000000,2.000000,90,3004,0.714286
1.000000,2.000000,90,3005,0.714286
1.000000,2.000000,90,3006,0.714286
1.000000,2.000000,90,3007,0.714286
1.000000,2.000000,90,3008,0.714286
1.000000,2.000000,90,3009,0.714286
1.000000,2.000000,90,3010,0.714286
1.000000,2.000000,120,4001,0.714286
1.000000,2.000000,120,4002,0.714286
1.000000,2.000000,120,4003,0.714286
1.000000,2.000000,120,4004,0.714286
1.000000,2.000000,120,4005,0.714286
1.000000,2.000000,120,4006,0.714286
1.000000,2.000000,120,4007,0.714286
1.000000,2.000000,120,4008,0.714286
1.000000,2.000000,120,4009,0.714286
1.000000,2.000000,120,4010,0.714286
1.000000,2.000000,150,5001,0.714286
1.000000,2.000000,150,5002,0.714286
1.000000,2.000000,150,5003,0.714286
1.000000,2.000000,150,5004,0.714286
1.000000,2.000000,150,5005,0.714286
1.000000,2.000000,150,5006,0.714286
1.000000,2.000000,150,5007,0.714286
1.000000,2.000000,150,5008,0.714286
1.000000,2.000000,150,5009,0.714286
1.000000,2.000000,150,5010,0.714286
1.000000,2.000000,180,6001,0.714286
1.000000,2.000000,180,6002,0.714286
1.000000,2.000000,180,6003,0.714286
1.000000,2.000000,180,6004,0.714286
1.000000,2.000000,180,6005,0.714286
1.000000,2.000000,180,6006,0.714286
1.000000,2.000000,180,6007,0.714286
1.000000,2.000000,180,6008,0.714286
1.000000,2.000000,180,6009,0.714286
1.000000,2.000000,180,6010,0.714286
1.000000,2.000000,210,7001,0.714286
1.000000,2.000000,210,7002,0.714286
1.000000,2.000000,210,7003,0.714286
1.000000,2.000000,210,7004,0.714286
1.000000,2.000000,210,7005,0.714286
1.000000,2.000000,210,7006,0.714286
1.000000,2.000000,210,7007,0.714286
1.000000,2.000000,210,7008,0.714286
1.000000,2.000000,210,7009,0.714286
1.000000,2.000000,210,7010,0.714286
1.000000,2.000000,240,8001,0.714286
1.000000,2.000000,240,8002,0.714286
1.000000,2.000000,240,8003,0.714286
1.000000,2.000000,240,8004,0.714286
1.000000,2.000000,240,8005,0.714286
1.000000,2.000000,240,8006,0.714286
1.000000,2.000000,240,8007,0.714286
1.000000,2.000000,240,8008,0.714286
1.000000,2.000000,240,8009,0.714286
1.000000,2.000000,240,8010,0.714286
1.000000,2.000000,270,9001,0.714286
1.000000,2.000000,270,9002,0.714286
1.000000,2.000000,270,9003,0.714286
1.000000,2.000000,270,9004,0.714286
1.000000,2.000000,270,9005,0.714286
1.000000,2.000000,270,9006,0.714286
1.000000,2.000000,270,9007,0.714286
1.000000,2.000000,270,9008,0.714286
1.000000,2.000000,270,9009,0.714286
1.000000,2.000000,270,9010,0.714286
1.000000,2.000000,300,10001,0.714286
1.000000,2.000000,300,10002,0.714286
1.000000,2.000000,300,10003,0.714286
1.000000,2.000000,300,10004,0.714286
1.000000,2.000000,300,10005,0.714286
1.000000,2.000000,300,10006,0.714286
1.000000,2.000000,300,10007,0.714286
1.000000,2.000000,300,10008,0.714286
1.000000,2.000000,300,10009,0.714286
1.000000,2.000000,300,10010,0.714286
1.000000,2.000000,330,11001,0.714286
1.000000,2.000000,330,11002,0.714286
1.000000,2.000000,330,11003,0.714286
1.000000,2.000000,330,11004,0.714286
1.000000,2.000000,330,11005,0.714286
1.000000,2.000000,330,11006,0.714286
1.000000,2.000000,330,11007,0.714286
1.000000,2.000000,330,11008,0.714286
1.000000,2.000000,330,11009,0.714286
1.000000,2.000000,330,11010,0.714286
2.000000,0.100000,0,1,1.428571
2.000000,0.100000,0,2,1.428571
2.000000,0.100000,0,3,1.428571
2.000000,0.100000,0,4,1.428571
2.000000,0.100000,0,5,1.428571
2.000000,0.100000,0,6,1.428571
2.000000,0.100000,0,7,1.428571
2.000000,0.100000,0,8,1.428571
2.000000,0.100000,0,9,1.428571
2.000000,0.100000,0,10,1.428571
2.000000,0.100000,30,1001,1.428571
2.000000,0.100000,30,1002,1.428571
2.000000,0.100000,30,1003,1.428571
2.000000,0.100000,30,1004,1.428571
2.000000,0.100000,30,1005,1.428571
2.000000,0.100000,30,1006,1.428571
2.000000,0.100000,30,1007,1.428571
2.000000,0.100000,30,1008,1.428571
2.000000,0.100000,30,1009,1.428571
2.000000,0.100000,30,1010,1.428571
2.000000,0.100000,60,2001,2.142857
2.000000,0.100000,60,2002,2.142857
2.000000,0.100000,60,2003,2.142857
2.000000,0.100000,60,2004,2.142857
2.000000,0.100000,60,2005,2.142857
2.000000,0.100000,60,2006,2.142857
2.000000,0.100000,60,2007,2.142857
2.000000,0.100000,60,2008,2.142857
2.000000,0.100000,60,2009,2.142857
2.000000,0.100000,60,2010,2.142857
2.000000,0.100000,90,3001,1.428571
2.000000,0.100000,90,3002,1.428571
2.000000,0.100000,90,3003,1.428571
2.000000,0.100000,90,3004,1.428571
2.000000,0.100000,90,3005,1.428571
2.000000,0.100000,90,3006,1.428571
2.000000,0.100000,90,3007,1.428571
2.000000,0.100000,90,3008,1.428571
2.000000,0.100000,90,3009,1.428571
2.000000,0.100000,90,3010,1.428571
2.000000,0.100000,120,4001,1.428571
2.000000,0.100000,120,4002,1.428571
2.000000,0.100000,120,4003,1.428571
2.000000,0.100000,120,4004,1.428571
2.000000,0.100000,120,4005,1.428571
2.000000,0.100000,120,4006,1.428571
2.000000,0.100000,120,4007,1.428571
2.000000,0.100000,120,4008,1.428571
2.000000,0.100000,120,4009,1.428571
2.000000,0.100000,120,4010,1.428571
2.000000,0.100000,150,5001,1.428571
2.000000,0.100000,150,5002,1.428571
2.000000,0.100000,150,5003,1.428571
2.000000,0.100000,150,5004,1.428571
2.000000,0.100000,150,5005,1.428571
2.000000,0.100000,150,5006,1.428571
2.000000,0.100000,150,5007,1.428571
2.000000,0.100000,150,5008,1.428571
2.000000,0.100000,150,5009,1.428571
2.000000,0.100000,150,5010,1.428571
2.000000,0.100000,180,6001,0.714286
2.000000,0.100000,180,6002,0.714286
2.000000,0.100000,180,6003,0.714286
2.000000,0.100000,180,6004,0.714286
2.000000,0.100000,180,6005,0.714286
2.000000,0.100000,180,6006,0.714286
2.000000,0.100000,180,6007,0.714286
2.000000,0.100000,180,6008,0.714286
2.000000,0.100000,180,6009,0.714286
2.000000,0.100000,180,6010,0.714286
2.000000,0.100000,210,7001,0.714286
2.000000,0.100000,210,7002,0.714286
2.000000,0.100000,210,7003,0.714286
2.000000,0.100000,210,7004,0.714286
2.000000,0.100000,210,7005,0.714286
2.000000,0.100000,210,7006,0.714286
2.000000,0.100000,210,7007,0.714286
2.000000,0.100000,210,7008,0.714286
2.000000,0.100000,210,7009,0.714286
2.000000,0.100000,210,7010,0.714286
2.000000,0.100000,240,8001,1.428571
2.000000,0.100000,240,8002,1.428571
2.000000,0.100000,240,8003,1.428571
2.000000,0.100000,240,8004,1.428571
2.000000,0.100000,240,8005,1.428571
2.000000,0.100000,240,8006,1.428571
2.000000,0.100000,240,8007,1.428571
2.000000,0.100000,240,8008,1.428571
2.000000,0.100000,240,8009,1.428571
2.000000,0.100000,240,8010,1.428571
2.000000,0.100000,270,9001,0.714286
2.000000,0.100000,270,9002,0.714286
2.000000,0.100000,270,9003,0.714286
2.000000,0.100000,270,9004,0.714286
2.000000,0.100000,270,9005,0.714286
2.000000,0.100000,270,9006,0.714286
2.000000,0.100000,270,9007,0.714286
2.000000,0.100000,270,9008,0.714286
2.000000,0.100000,270,9009,0.714286
2.000000,0.100000,270,9010,0.714286
2.000000,0.100000,300,10001,0.714286
2.000000,0.100000,300,10002,0.714286
2.000000,0.100000,300,10003,0.714286
2.000000,0.100000,300,10004,0.714286
2.000000,0.100000,300,10005,0.714286
2.000000,0.100000,300,10006,0.714286
2.000000,0.100000,300,10007,0.714286
2.000000,0.100000,300,10008,0.714286
2.000000,0.100000,300,10009,0.714286
2.000000,0.100000,300,10010,0.714286
2.000000,0.100000,330,11001,0.714286
2.000000,0.100000,330,11002,0.714286
2.000000,0.100000,330,11003,0.714286
2.000000,0.100000,330,11004,0.714286
2.000000,0.100000,330,11005,0.714286
2.000000,0.100000,330,11006,0.714286
2.000000,0.100000,330,11007,0.714286
2.000000,0.100000,330,11008,0.714286
2.000000,0.100000,330,11009,0.714286
2.000000,0.100000,330,11010,0.714286
2.000000,0.200000,0,1,1.428571
2.000000,0.200000,0,2,1.428571
2.000000,0.200000,0,3,1.428571
2.000000,0.200000,0,4,1.428571
2.000000,0.200000,0,5,1.428571
2.000000,0.200000,0,6,1.428571
2.000000,0.200000,0,7,1.428571
2.000000,0.200000,0,8,1.428571
2.000000,0.200000,0,9,1.428571
2.000000,0.200000,0,10,1.428571
2.000000,0.200000,30,1001,1.428571
2.000000,0.200000,30,1002,1.428571
2.000000,0.200000,30,1003,1.428571
2.000000,0.200000,30,1004,1.428571
2.000000,0.200000,30,1005,1.428571
2.000000,0.200000,30,1006,1.428571
2.000000,0.200000,30,1007,1.428571
2.000000,0.200000,30,1008,1.428571
2.000000,0.200000,30,1009,1.428571
2.000000,0.200000,30,1010,1.428571
2.000000,0.200000,60,2001,2.142857
2.000000,0.200000,60,2002,2.142857
2.000000,0.200000,60,2003,2.142857
2.000000,0.200000,60,2004,2.142857
2.000000,0.200000,60,2005,2.142857
2.000000,0.200000,60,2006,2.142857
2.000000,0.200000,60,2007,2.142857
2.000000,0.200000,60,2008,2.142857
2.000000,0.200000,60,2009,2.142857
2.000000,0.200000,60,2010,2.142857
2.000000,0.200000,90,3001,1.428571
2.000000,0.200000,90,3002,1.428571
2.000000,0.200000,90,3003,1.428571
2.000000,0.200000,90,3004,1.428571
2.000000,0.200000,90,3005,1.428571
2.000000,0.200000,90,3006,1.428571
2.000000,0.200000,90,3007,1.428571
2.000000,0.200000,90,3008,1.428571
2.000000,0.200000,90,3009,1.428571
2.000000,0.200000,90,3010,1.428571
2.000000,0.200000,120,4001,1.428571
2.000000,0.200000,120,4002,1.428571
2.000000,0.200000,120,4003,1.428571
2.000000,0.200000,120,4004,1.428571
2.000000,0.200000,120,4005,1.428571
2.000000,0.200000,120,4006,1.428571
2.000000,0.200000,120,4007,1.428571
2.000000,0.200000,120,4008,1.428571
2.000000,0.200000,120,4009,1.428571
2.000000,0.200000,120,4010,1.428571
2.000000,0.200000,150,5001,0.714286
2.000000,0.200000,150,5002,0.714286
2.000000,0.200000,150,5003,0.714286
2.000000,0.200000,150,5004,0.714286
2.000000,0.200000,150,5005,0.714286
2.000000,0.200000,150,5006,0.714286
2.000000,0.200000,150,5007,0.714286
2.000000,0.200000,150,5008,0.714286
2.000000,0.200000,150,5009,0.714286
2.000000,0.200000,150,5010,0.714286
2.000000,0.200000,180,6001,0.714286
2.000000,0.200000,180,6002,0.714286
2.000000,0.200000,180,6003,0.714286
2.000000,0.200000,180,6004,0.714286
2.000000,0.200000,180,6005,0.714286
2.000000,0.200000,180,6006,0.714286
2.000000,0.200000,180,6007,0.714286
2.000000,0.200000,180,6008,0.714286
2.000000,0.200000,180,6009,0.714286
2.000000,0.200000,180,6010,0.714286
2.000000,0.200000,210,7001,0.714286
2.000000,0.200000,210,7002,0.714286
2.000000,0.200000,210,7003,0.714286
2.000000,0.200000,210,7004,0.714286
2.000000,0.200000,210,7005,0.714286
2.000000,0.200000,210,7006,0.714286
2.000000,0.200000,210,7007,0.714286
2.000000,0.200000,210,7008,0.714286
2.000000,0.200000,210,7009,0.714286
2.000000,0.200000,210,7010,0.714286
2.000000,0.200000,240,8001,1.428571
2.000000,0.200000,240,8002,1.428571
2.000000,0.200000,240,8003,1.428571
2.000000,0.200000,240,8004,1.428571
2.000000,0.200000,240,8005,1.428571
2.000000,0.200000,240,8006,1.428571
2.000000,0.200000,240,8007,1.428571
2.000000,0.200000,240,8008,1.428571
2.000000,0.200000,240,8009,1.428571
2.000000,0.200000,240,8010,1.428571
2.000000,0.200000,270,9001,0.714286
2.000000,0.200000,270,9002,0.714286
2.000000,0.200000,270,9003,0.714286
2.000000,0.200000,270,9004,0.714286
2.000000,0.200000,270,9005,0.714286
2.000000,0.200000,270,9006,0.714286
2.000000,0.200000,270,9007,0.714286
2.000000,0.200000,270,9008,0.714286
2.000000,0.200000,270,9009,0.714286
2.000000,0.200000,270,9010,0.714286
2.000000,0.200000,300,10001,0.714286
2.000000,0.200000,300,10002,0.714286
2.000000,0.200000,300,10003,0.714286
2.000000,0.200000,300,10004,0.714286
2.000000,0.200000,300,10005,0.714286
2.000000,0.200000,300,10006,0.714286
2.000000,0.200000,300,10007,0.714286
2.000000,0.200000,300,10008,0.714286
2.000000,0.200000,300,10009,0.714286
2.000000,0.200000,300,10010,0.714286
2.000000,0.200000,330,11001,0.714286
2.000000,0.200000,330,11002,0.714286
2.000000,0.200000,330,11003,0.714286
2.000000,0.200000,330,11004,0.714286
2.000000,0.200000,330,11005,0.714286
2.000000,0.200000,330,11006,0.714286
2.000000,0.200000,330,11007,0.714286
2.000000,0.200000,330,11008,0.714286
2.000000,0.200000,330,11009,0.714286
2.000000,0.200000,330,11010,0.714286
2.000000,0.500000,0,1,1.428571
2.000000,0.500000,0,2,1.428571
2.000000,0.500000,0,3,1.428571
2.000000,0.500000,0,4,1.428571
2.000000,0.500000,0,5,1.428571
2.000000,0.500000,0,6,1.428571
2.000000,0.500000,0,7,1.428571
2.000000,0.500000,0,8,1.428571
2.000000,0.500000,0,9,1.428571
2.000000,0.500000,0,10,1.428571
2.000000,0.500000,30,1001,0.714286
2.000000,0.500000,30,1002,0.714286
2.000000,0.500000,30,1003,0.714286
2.000000,0.500000,30,1004,0.714286
2.000000,0.500000,30,1005,0.714286
2.000000,0.500000,30,1006,0.714286
2.000000,0.500000,30,1007,0.714286
2.000000,0.500000,30,1008,0.714286
2.000000,0.500000,30,1009,0.714286
2.000000,0.500000,30,1010,0.714286
2.000000,0.500000,60,2001,1.428571
2.000000,0.500000,60,2002,1.428571
2.000000,0.500000,60,2003,1.428571
2.000000,0.500000,60,2004,1.428571
2.000000,0.500000,60,2005,1.428571
2.000000,0.500000,60,2006,1.428571
2.000000,0.500000,60,2007,1.428571
2.000000,0.500000,60,2008,1.428571
2.000000,0.500000,60,2009,1.428571
2.000000,0.500000,60,2010,1.428571
2.000000,0.500000,90,3001,0.714286
2.000000,0.500000,90,3002,0.714286
2.000000,0.500000,90,3003,0.714286
2.000000,0.500000,90,3004,0.714286
2.000000,0.500000,90,3005,0.714286
2.000000,0.500000,90,3006,0.714286
2.000000,0.500000,90,3007,0.714286
2.000000,0.500000,90,3008,0.714286
2.000000,0.500000,90,3009,0.714286
2.000000,0.500000,90,3010,0.714286
2.000000,0.500000,120,4001,0.714286
2.000000,0.500000,120,4002,0.714286
2.000000,0.500000,120,4003,0.714286
2.000000,0.500000,120,4004,0.714286
2.000000,0.500000,120,4005,0.714286
2.000000,0.500000,120,4006,0.714286
2.000000,0.500000,120,4007,0.714286
2.000000,0.500000,120,4008,0.714286
2.000000,0.500000,120,4009,0.714286
2.000000,0.500000,120,4010,0.714286
2.000000,0.500000,150,5001,0.714286
2.000000,0.500000,150,5002,0.714286
2.000000,0.500000,150,5003,0.714286
2.000000,0.500000,150,5004,0.714286
2.000000,0.500000,150,5005,0.714286
2.000000,0.500000,150,5006,0.714286
2.000000,0.500000,150,5007,0.714286
2.000000,0.500000,150,5008,0.714286
2.000000,0.500000,150,5009,0.714286
2.000000,0.500000,150,5010,0.714286
2.000000,0.500000,180,6001,0.714286
2.000000,0.500000,180,6002,0.714286
2.000000,0.500000,180,6003,0.714286
2.000000,0.500000,180,6004,0.714286
2.000000,0.500000,180,6005,0.714286
2.000000,0.500000,180,6006,0.714286
2.000000,0.500000,180,6007,0.714286
2.000000,0.500000,180,6008,0.714286
2.000000,0.500000,180,6009,0.714286
2.000000,0.500000,180,6010,0.714286
2.000000,0.500000,210,7001,0.714286
2.000000,0.500000,210,7002,0.714286
2.000000,0.500000,210,7003,0.714286
2.000000,0.500000,210,7004,0.714286
2.000000,0.500000,210,7005,0.714286
2.000000,0.500000,210,7006,0.714286
2.000000,0.500000,210,7007,0.714286
2.000000,0.500000,210,7008,0.714286
2.000000,0.500000,210,7009,0.714286
2.000000,0.500000,210,7010,0.714286
2.000000,0.500000,240,8001,0.714286
2.000000,0.500000,240,8002,0.714286
2.000000,0.500000,240,8003,0.714286
2.000000,0.500000,240,8004,0.714286
2.000000,0.500000,240,8005,0.714286
2.000000,0.500000,240,8006,0.714286
2.000000,0.500000,240,8007,0.714286
2.000000,0.500000,240,8008,0.714286
2.000000,0.500000,240,8009,0.714286
2.000000,0.500000,240,8010,0.714286
2.000000,0.500000,270,9001,0.714286
2.000000,0.500000,270,9002,0.714286
2.000000,0.500000,270,9003,0.714286
2.000000,0.500000,270,9004,0.714286
2.000000,0.500000,270,9005,0.714286
2.000000,0.500000,270,9006,0.714286
2.000000,0.500000,270,9007,0.714286
2.000000,0.500000,270,9008,0.714286
2.000000,0.500000,270,9009,0.714286
2.000000,0.500000,270,9010,0.714286
2.000000,0.500000,300,10001,0.714286
2.000000,0.500000,300,10002,0.714286
2.000000,0.500000,300,10003,0.714286
2.000000,0.500000,300,10004,0.714286
2.000000,0.500000,300,10005,0.714286
2.000000,0.500000,300,10006,0.714286
2.000000,0.500000,300,10007,0.714286
2.000000,0.500000,300,10008,0.714286
2.000000,0.500000,300,10009,0.714286
2.000000,0.500000,300,10010,0.714286
2.000000,0.500000,330,11001,0.714286
2.000000,0.500000,330,11002,0.714286
2.000000,0.500000,330,11003,0.714286
2.000000,0.500000,330,11004,0.714286
2.000000,0.500000,330,11005,0.714286
2.000000,0.500000,330,11006,0.714286
2.000000,0.500000,330,11007,0.714286
2.000000,0.500000,330,11008,0.714286
2.000000,0.500000,330,11009,0.714286
2.000000,0.500000,330,11010,0.714286
2.000000,1.000000,0,1,1.428571
2.000000,1.000000,0,2,1.428571
2.000000,1.000000,0,3,1.428571
2.000000,1.000000,0,4,1.428571
2.000000,1.000000,0,5,1.428571
2.000000,1.000000,0,6,1.428571
2.000000,1.000000,0,7,1.428571
2.000000,1.000000,0,8,1.428571
2.000000,1.000000,0,9,1.428571
2.000000,1.000000,0,10,1.428571
2.000000,1.000000,30,1001,0.714286
2.000000,1.000000,30,1002,0.714286
2.000000,1.000000,30,1003,0.714286
2.000000,1.000000,30,1004,0.714286
2.000000,1.000000,30,1005,0.714286
2.000000,1.000000,30,1006,0.714286
2.000000,1.000000,30,1007,0.714286
2.000000,1.000000,30,1008,0.714286
2.000000,1.000000,30,1009,0.714286
2.000000,1.000000,30,1010,0.714286
2.000000,1.000000,60,2001,0.714286
2.000000,1.000000,60,2002,0.714286
2.000000,1.000000,60,2003,0.714286
2.000000,1.000000,60,2004,0.714286
2.000000,1.000000,60,2005,0.714286
2.000000,1.000000,60,2006,0.714286
2.000000,1.000000,60,2007,0.714286
2.000000,1.000000,60,2008,0.714286
2.000000,1.000000,60,2009,0.714286
2.000000,1.000000,60,2010,0.714286
2.000000,1.000000,90,3001,0.714286
2.000000,1.000000,90,3002,0.714286
2.000000,1.000000,90,3003,0.714286
2.000000,1.000000,90,3004,0.714286
2.000000,1.000000,90,3005,0.714286
2.000000,1.000000,90,3006,0.714286
2.000000,1.000000,90,3007,0.714286
2.000000,1.000000,90,3008,0.714286
2.000000,1.000000,90,3009,0.714286
2.000000,1.000000,90,3010,0.714286
2.000000,1.000000,120,4001,0.714286
2.000000,1.000000,120,4002,0.714286
2.000000,1.000000,120,4003,0.714286
2.000000,1.000000,120,4004,0.714286
2.000000,1.000000,120,4005,0.714286
2.000000,1.000000,120,4006,0.714286
2.000000,1.000000,120,4007,0.714286
2.000000,1.000000,120,4008,0.714286
2.000000,1.000000,120,4009,0.714286
2.000000,1.000000,120,4010,0.714286
2.000000,1.000000,150,5001,0.714286
2.000000,1.000000,150,5002,0.714286
2.000000,1.000000,150,5003,0.714286
2.000000,1.000000,150,5004,0.714286
2.000000,1.000000,150,5005,0.714286
2.000000,1.000000,150,5006,0.714286
2.000000,1.000000,150,5007,0.714286
2.000000,1.000000,150,5008,0.714286
2.000000,1.000000,150,5009,0.714286
2.000000,1.000000,150,5010,0.714286
2.000000,1.000000,180,6001,0.714286
2.000000,1.000000,180,6002,0.714286
2.000000,1.000000,180,6003,0.714286
2.000000,1.000000,180,6004,0.714286
2.000000,1.000000,180,6005,0.714286
2.000000,1.000000,180,6006,0.714286
2.000000,1.000000,180,6007,0.714286
2.000000,1.000000,180,6008,0.714286
2.000000,1.000000,180,6009,0.714286
2.000000,1.000000,180,6010,0.714286
2.000000,1.000000,210,7001,0.714286
2.000000,1.000000,210,7002,0.714286
2.000000,1.000000,210,7003,0.714286
2.000000,1.000000,210,7004,0.714286
2.000000,1.000000,210,7005,0.714286
2.000000,1.000000,210,7006,0.714286
2.000000,1.000000,210,7007,0.714286
2.000000,1.000000,210,7008,0.714286
2.000000,1.000000,210,7009,0.714286
2.000000,1.000000,210,7010,0.714286
2.000000,1.000000,240,8001,0.714286
2.000000,1.000000,240,8002,0.714286
2.000000,1.000000,240,8003,0.714286
2.000000,1.000000,240,8004,0.714286
2.000000,1.000000,240,8005,0.714286
2.000000,1.000000,240,8006,0.714286
2.000000,1.000000,240,8007,0.714286
2.000000,1.000000,240,8008,0.714286
2.000000,1.000000,240,8009,0.714286
2.000000,1.000000,240,8010,0.714286
2.000000,1.000000,270,9001,0.714286
2.000000,1.000000,270,9002,0.714286
2.000000,1.000000,270,9003,0.714286
2.000000,1.000000,270,9004,0.714286
2.000000,1.000000,270,9005,0.714286
2.000000,1.000000,270,9006,0.714286
2.000000,1.000000,270,9007,0.714286
2.000000,1.000000,270,9008,0.714286
2.000000,1.000000,270,9009,0.714286
2.000000,1.000000,270,9010,0.714286
2.000000,1.000000,300,10001,0.714286
2.000000,1.000000,300,10002,0.714286
2.000000,1.000000,300,10003,0.714286
2.000000,1.000000,300,10004,0.714286
2.000000,1.000000,300,10005,0.714286
2.000000,1.000000,300,10006,0.714286
2.000000,1.000000,300,10007,0.714286
2.000000,1.000000,300,10008,0.714286
2.000000,1.000000,300,10009,0.714286
2.000000,1.000000,300,10010,0.714286
2.000000,1.000000,330,11001,0.714286
2.000000,1.000000,330,11002,0.714286
2.000000,1.000000,330,11003,0.714286
2.000000,1.000000,330,11004,0.714286
2.000000,1.000000,330,11005,0.714286
2.000000,1.000000,330,11006,0.714286
2.000000,1.000000,330,11007,0.714286
2.000000,1.000000,330,11008,0.714286
2.000000,1.000000,330,11009,0.714286
2.000000,1.000000,330,11010,0.714286
2.000000,2.000000,0,1,0.714286
2.000000,2.000000,0,2,0.714286
2.000000,2.000000,0,3,0.714286
2.000000,2.000000,0,4,0.714286
2.000000,2.000000,0,5,0.714286
2.000000,2.000000,0,6,0.714286
2.000000,2.000000,0,7,0.714286
2.000000,2.000000,0,8,0.714286
2.000000,2.000000,0,9,0.714286
2.000000,2.000000,0,10,0.714286
2.000000,2.000000,30,1001,0.714286
2.000000,2.000000,30,1002,0.714286
2.000000,2.000000,30,1003,0.714286
2.000000,2.000000,30,1004,0.714286
2.000000,2.000000,30,1005,0.714286
2.000000,2.000000,30,1006,0.714286
2.000000,2.000000,30,1007,0.714286
2.000000,2.000000,30,1008,0.714286
2.000000,2.000000,30,1009,0.714286
2.000000,2.000000,30,1010,0.714286
2.000000,2.000000,60,2001,0.714286
2.000000,2.000000,60,2002,0.714286
2.000000,2.000000,60,2003,0.714286
2.000000,2.000000,60,2004,0.714286
2.000000,2.000000,60,2005,0.714286
2.000000,2.000000,60,2006,0.714286
2.000000,2.000000,60,2007,0.714286
2.000000,2.000000,60,2008,0.714286
2.000000,2.000000,60,2009,0.714286
2.000000,2.000000,60,2010,0.714286
2.000000,2.000000,90,3001,0.714286
2.000000,2.000000,90,3002,0.714286
2.000000,2.000000,90,3003,0.714286
2.000000,2.000000,90,3004,0.714286
2.000000,2.000000,90,3005,0.714286
2.000000,2.000000,90,3006,0.714286
2.000000,2.000000,90,3007,0.714286
2.000000,2.000000,90,3008,0.714286
2.000000,2.000000,90,3009,0.714286
2.000000,2.000000,90,3010,0.714286
2.000000,2.000000,120,4001,0.714286
2.000000,2.000000,120,4002,0.714286
2.000000,2.000000,120,4003,0.714286
2.000000,2.000000,120,4004,0.714286
2.000000,2.000000,120,4005,0.714286
2.000000,2.000000,120,4006,0.714286
2.000000,2.000000,120,4007,0.714286
2.000000,2.000000,120,4008,0.714286
2.000000,2.000000,120,4009,0.714286
2.000000,2.000000,120,4010,0.714286
2.000000,2.000000,150,5001,0.714286
2.000000,2.000000,150,5002,0.714286
2.000000,2.000000,150,5003,0.714286
2.000000,2.000000,150,5004,0.714286
2.000000,2.000000,150,5005,0.714286
2.000000,2.000000,150,5006,0.714286
2.000000,2.000000,150,5007,0.714286
2.000000,2.000000,150,5008,0.714286
2.000000,2.000000,150,5009,0.714286
2.000000,2.000000,150,5010,0.714286
2.000000,2.000000,180,6001,0.714286
2.000000,2.000000,180,6002,0.714286
2.000000,2.000000,180,6003,0.714286
2.000000,2.000000,180,6004,0.714286
2.000000,2.000000,180,6005,0.714286
2.000000,2.000000,180,6006,0.714286
2.000000,2.000000,180,6007,0.714286
2.000000,2.000000,180,6008,0.714286
2.000000,2.000000,180,6009,0.714286
2.000000,2.000000,180,6010,0.714286
2.000000,2.000000,210,7001,0.714286
2.000000,2.000000,210,7002,0.714286
2.000000,2.000000,210,7003,0.714286
2.000000,2.000000,210,7004,0.714286
2.000000,2.000000,210,7005,0.714286
2.000000,2.000000,210,7006,0.714286
2.000000,2.000000,210,7007,0.714286
2.000000,2.000000,210,7008,0.714286
2.000000,2.000000,210,7009,0.714286
2.000000,2.000000,210,7010,0.714286
2.000000,2.000000,240,8001,0.714286
2.000000,2.000000,240,8002,0.714286
2.000000,2.000000,240,8003,0.714286
2.000000,2.000000,240,8004,0.714286
2.000000,2.000000,240,8005,0.714286
2.000000,2.000000,240,8006,0.714286
2.000000,2.000000,240,8007,0.714286
2.000000,2.000000,240,8008,0.714286
2.000000,2.000000,240,8009,0.714286
2.000000,2.000000,240,8010,0.714286
2.000000,2.000000,270,9001,0.714286
2.000000,2.000000,270,9002,0.714286
2.000000,2.000000,270,9003,0.714286
2.000000,2.000000,270,9004,0.714286
2.000000,2.000000,270,9005,0.714286
2.000000,2.000000,270,9006,0.714286
2.000000,2.000000,270,9007,0.714286
2.000000,2.000000,270,9008,0.714286
2.000000,2.000000,270,9009,0.714286
2.000000,2.000000,270,9010,0.714286
2.000000,2.000000,300,10001,0.714286
2.000000,2.000000,300,10002,0.714286
2.000000,2.000000,300,10003,0.714286
2.000000,2.000000,300,10004,0.714286
2.000000,2.000000,300,10005,0.714286
2.000000,2.000000,300,10006,0.714286
2.000000,2.000000,300,10007,0.714286
2.000000,2.000000,300,10008,0.714286
2.000000,2.000000,300,10009,0.714286
2.000000,2.000000,300,10010,0.714286
2.000000,2.000000,330,11001,0.714286
2.000000,2.000000,330,11002,0.714286
2.000000,2.000000,330,11003,0.714286
2.000000,2.000000,330,11004,0.714286
2.000000,2.000000,330,11005,0.714286
2.000000,2.000000,330,11006,0.714286
2.000000,2.000000,330,11007,0.714286
2.000000,2.000000,330,11008,0.714286
2.000000,2.000000,330,11009,0.714286
2.000000,2.000000,330,11010,0.714286
3.000000,0.100000,0,1,0.714286
3.000000,0.100000,0,2,0.714286
3.000000,0.100000,0,3,0.714286
3.000000,0.100000,0,4,0.714286
3.000000,0.100000,0,5,0.714286
3.000000,0.100000,0,6,0.714286
3.000000,0.100000,0,7,0.714286
3.000000,0.100000,0,8,0.714286
3.000000,0.100000,0,9,0.714286
3.000000,0.100000,0,10,0.714286
3.000000,0.100000,30,1001,0.714286
3.000000,0.100000,30,1002,0.714286
3.000000,0.100000,30,1003,0.714286
3.000000,0.100000,30,1004,0.714286
3.000000,0.100000,30,1005,0.714286
3.000000,0.100000,30,1006,0.714286
3.000000,0.100000,30,1007,0.714286
3.000000,0.100000,30,1008,0.714286
3.000000,0.100000,30,1009,0.714286
3.000000,0.100000,30,1010,0.714286
3.000000,0.100000,60,2001,1.428571
3.000000,0.100000,60,2002,1.428571
3.000000,0.100000,60,2003,1.428571
3.000000,0.100000,60,2004,1.428571
3.000000,0.100000,60,2005,1.428571
3.000000,0.100000,60,2006,1.428571
3.000000,0.100000,60,2007,1.428571
3.000000,0.100000,60,2008,1.428571
3.000000,0.100000,60,2009,1.428571
3.000000,0.100000,60,2010,1.428571
3.000000,0.100000,90,3001,1.428571
3.000000,0.100000,90,3002,1.428571
3.000000,0.100000,90,3003,1.428571
3.000000,0.100000,90,3004,1.428571
3.000000,0.100000,90,3005,1.428571
3.000000,0.100000,90,3006,1.428571
3.000000,0.100000,90,3007,1.428571
3.000000,0.100000,90,3008,1.428571
3.000000,0.100000,90,3009,1.428571
3.000000,0.100000,90,3010,1.428571
3.000000,0.100000,120,4001,2.142857
3.000000,0.100000,120,4002,2.142857
3.000000,0.100000,120,4003,2.142857
3.000000,0.100000,120,4004,2.142857
3.000000,0.100000,120,4005,2.142857
3.000000,0.100000,120,4006,2.142857
3.000000,0.100000,120,4007,2.142857
3.000000,0.100000,120,4008,2.142857
3.000000,0.100000,120,4009,2.142857
3.000000,0.100000,120,4010,2.142857
3.000000,0.100000,150,5001,0.714286
3.000000,0.100000,150,5002,0.714286
3.000000,0.100000,150,5003,0.714286
3.000000,0.100000,150,5004,0.714286
3.000000,0.100000,150,5005,0.714286
3.000000,0.100000,150,5006,0.714286
3.000000,0.100000,150,5007,0.714286
3.000000,0.100000,150,5008,0.714286
3.000000,0.100000,150,5009,0.714286
3.000000,0.100000,150,5010,0.714286
3.000000,0.100000,180,6001,0.714286
3.000000,0.100000,180,6002,0.714286
3.000000,0.100000,180,6003,0.714286
3.000000,0.100000,180,6004,0.714286
3.000000,0.100000,180,6005,0.714286
3.000000,0.100000,180,6006,0.714286
3.000000,0.100000,180,6007,0.714286
3.000000,0.100000,180,6008,0.714286
3.000000,0.100000,180,6009,0.714286
3.000000,0.100000,180,6010,0.714286
3.000000,0.100000,210,7001,0.714286
3.000000,0.100000,210,7002,0.714286
3.000000,0.100000,210,7003,0.714286
3.000000,0.100000,210,7004,0.714286
3.000000,0.100000,210,7005,0.714286
3.000000,0.100000,210,7006,0.714286
3.000000,0.100000,210,7007,0.714286
3.000000,0.100000,210,7008,0.714286
3.000000,0.100000,210,7009,0.714286
3.000000,0.100000,210,7010,0.714286
3.000000,0.100000,240,8001,1.428571
3.000000,0.100000,240,8002,1.428571
3.000000,0.100000,240,8003,1.428571
3.000000,0.100000,240,8004,1.428571
3.000000,0.100000,240,8005,1.428571
3.000000,0.100000,240,8006,1.428571
3.000000,0.100000,240,8007,1.428571
3.000000,0.100000,240,8008,1.428571
3.000000,0.100000,240,8009,1.428571
3.000000,0.100000,240,8010,1.428571
3.000000,0.100000,270,9001,1.428571
3.000000,0.100000,270,9002,1.428571
3.000000,0.100000,270,9003,1.428571
3.000000,0.100000,270,9004,1.428571
3.000000,0.100000,270,9005,1.428571
3.000000,0.100000,270,9006,1.428571
3.000000,0.100000,270,9007,1.428571
3.000000,0.100000,270,9008,1.428571
3.000000,0.100000,270,9009,1.428571
3.000000,0.100000,270,9010,1.428571
3.000000,0.100000,300,10001,0.714286
3.000000,0.100000,300,10002,0.714286
3.000000,0.100000,300,10003,0.714286
3.000000,0.100000,300,10004,0.714286
3.000000,0.100000,300,10005,0.714286
3.000000,0.100000,300,10006,0.714286
3.000000,0.100000,300,10007,0.714286
3.000000,0.100000,300,10008,0.714286
3.000000,0.100000,300,10009,0.714286
3.000000,0.100000,300,10010,0.714286
3.000000,0.100000,330,11001,0.714286
3.000000,0.100000,330,11002,0.714286
3.000000,0.100000,330,11003,0.714286
3.000000,0.100000,330,11004,0.714286
3.000000,0.100000,330,11005,0.714286
3.000000,0.100000,330,11006,0.714286
3.000000,0.100000,330,11007,0.714286
3.000000,0.100000,330,11008,0.714286
3.000000,0.100000,330,11009,0.714286
3.000000,0.100000,330,11010,0.714286
3.000000,0.200000,0,1,0.714286
3.000000,0.200000,0,2,0.714286
3.000000,0.200000,0,3,0.714286
3.000000,0.200000,0,4,0.714286
3.000000,0.200000,0,5,0.714286
3.000000,0.200000,0,6,0.714286
3.000000,0.200000,0,7,0.714286
3.000000,0.200000,0,8,0.714286
3.000000,0.200000,0,9,0.714286
3.000000,0.200000,0,10,0.714286
3.000000,0.200000,30,1001,0.714286
3.000000,0.200000,30,1002,0.714286
3.000000,0.200000,30,1003,0.714286
3.000000,0.200000,30,1004,0.714286
3.000000,0.200000,30,1005,0.714286
3.000000,0.200000,30,1006,0.714286
3.000000,0.200000,30,1007,0.714286
3.000000,0.200000,30,1008,0.714286
3.000000,0.200000,30,1009,0.714286
3.000000,0.200000,30,1010,0.714286
3.000000,0.200000,60,2001,1.428571
3.000000,0.200000,60,2002,1.428571
3.000000,0.200000,60,2003,1.428571
3.000000,0.200000,60,2004,1.428571
3.000000,0.200000,60,2005,1.428571
3.000000,0.200000,60,2006,1.428571
3.000000,0.200000,60,2007,1.428571
3.000000,0.200000,60,2008,1.428571
3.000000,0.200000,60,2009,1.428571
3.000000,0.200000,60,2010,1.428571
3.000000,0.200000,90,3001,1.428571
3.000000,0.200000,90,3002,1.428571
3.000000,0.200000,90,3003,1.428571
3.000000,0.200000,90,3004,1.428571
3.000000,0.200000,90,3005,1.428571
3.000000,0.200000,90,3006,1.428571
3.000000,0.200000,90,3007,1.428571
3.000000,0.200000,90,3008,1.428571
3.000000,0.200000,90,3009,1.428571
3.000000,0.200000,90,3010,1.428571
3.000000,0.200000,120,4001,2.142857
3.000000,0.200000,120,4002,2.142857
3.000000,0.200000,120,4003,2.142857
3.000000,0.200000,120,4004,2.142857
3.000000,0.200000,120,4005,2.142857
3.000000,0.200000,120,4006,2.142857
3.000000,0.200000,120,4007,2.142857
3.000000,0.200000,120,4008,2.142857
3.000000,0.200000,120,4009,2.142857
3.000000,0.200000,120,4010,2.142857
3.000000,0.200000,150,5001,0.714286
3.000000,0.200000,150,5002,0.714286
3.000000,0.200000,150,5003,0.714286
3.000000,0.200000,150,5004,0.714286
3.000000,0.200000,150,5005,0.714286
3.000000,0.200000,150,5006,0.714286
3.000000,0.200000,150,5007,0.714286
3.000000,0.200000,150,5008,0.714286
3.000000,0.200000,150,5009,0.714286
3.000000,0.200000,150,5010,0.714286
3.000000,0.200000,180,6001,0.714286
3.000000,0.200000,180,6002,0.714286
3.000000,0.200000,180,6003,0.714286
3.000000,0.200000,180,6004,0.714286
3.000000,0.200000,180,6005,0.714286
3.000000,0.200000,180,6006,0.714286
3.000000,0.200000,180,6007,0.714286
3.000000,0.200000,180,6008,0.714286
3.000000,0.200000,180,6009,0.714286
3.000000,0.200000,180,6010,0.714286
3.000000,0.200000,210,7001,0.714286
3.000000,0.200000,210,7002,0.714286
3.000000,0.200000,210,7003,0.714286
3.000000,0.200000,210,7004,0.714286
3.000000,0.200000,210,7005,0.714286
3.000000,0.200000,210,7006,0.714286
3.000000,0.200000,210,7007,0.714286
3.000000,0.200000,210,7008,0.714286
3.000000,0.200000,210,7009,0.714286
3.000000,0.200000,210,7010,0.714286
3.000000,0.200000,240,8001,1.428571
3.000000,0.200000,240,8002,1.428571
3.000000,0.200000,240,8003,1.428571
3.000000,0.200000,240,8004,1.428571
3.000000,0.200000,240,8005,1.428571
3.000000,0.200000,240,8006,1.428571
3.000000,0.200000,240,8007,1.428571
3.000000,0.200000,240,8008,1.428571
3.000000,0.200000,240,8009,1.428571
3.000000,0.200000,240,8010,1.428571
3.000000,0.200000,270,9001,1.428571
3.000000,0.200000,270,9002,1.428571
3.000000,0.200000,270,9003,1.428571
3.000000,0.200000,270,9004,1.428571
3.000000,0.200000,270,9005,1.428571
3.000000,0.200000,270,9006,1.428571
3.000000,0.200000,270,9007,1.428571
3.000000,0.200000,270,9008,1.428571
3.000000,0.200000,270,9009,1.428571
3.000000,0.200000,270,9010,1.428571
3.000000,0.200000,300,10001,0.714286
3.000000,0.200000,300,10002,0.714286
3.000000,0.200000,300,10003,0.714286
3.000000,0.200000,300,10004,0.714286
3.000000,0.200000,300,10005,0.714286
3.000000,0.200000,300,10006,0.714286
3.000000,0.200000,300,10007,0.714286
3.000000,0.200000,300,10008,0.714286
3.000000,0.200000,300,10009,0.714286
3.000000,0.200000,300,10010,0.714286
3.000000,0.200000,330,11001,0.714286
3.000000,0.200000,330,11002,0.714286
3.000000,0.200000,330,11003,0.714286
3.000000,0.200000,330,11004,0.714286
3.000000,0.200000,330,11005,0.714286
3.000000,0.200000,330,11006,0.714286
3.000000,0.200000,330,11007,0.714286
3.000000,0.200000,330,11008,0.714286
3.000000,0.200000,330,11009,0.714286
3.000000,0.200000,330,11010,0.714286
3.000000,0.500000,0,1,0.714286
3.000000,0.500000,0,2,0.714286
3.000000,0.500000,0,3,0.714286
3.000000,0.500000,0,4,0.714286
3.000000,0.500000,0,5,0.714286
3.000000,0.500000,0,6,0.714286
3.000000,0.500000,0,7,0.714286
3.000000,0.500000,0,8,0.714286
3.000000,0.500000,0,9,0.714286
3.000000,0.500000,0,10,0.714286
3.000000,0.500000,30,1001,1.428571
3.000000,0.500000,30,1002,1.428571
3.000000,0.500000,30,1003,1.428571
3.000000,0.500000,30,1004,1.428571
3.000000,0.500000,30,1005,1.428571
3.000000,0.500000,30,1006,1.428571
3.000000,0.500000,30,1007,1.428571
3.000000,0.500000,30,1008,1.428571
3.000000,0.500000,30,1009,1.428571
3.000000,0.500000,30,1010,1.428571
3.000000,0.500000,60,2001,1.428571
3.000000,0.500000,60,2002,1.428571
3.000000,0.500000,60,2003,1.428571
3.000000,0.500000,60,2004,1.428571
3.000000,0.500000,60,2005,1.428571
3.000000,0.500000,60,2006,1.428571
3.000000,0.500000,60,2007,1.428571
3.000000,0.500000,60,2008,1.428571
3.000000,0.500000,60,2009,1.428571
3.000000,0.500000,60,2010,1.428571
3.000000,0.500000,90,3001,0.714286
3.000000,0.500000,90,3002,0.714286
3.000000,0.500000,90,3003,0.714286
3.000000,0.500000,90,3004,0.714286
3.000000,0.500000,90,3005,0.714286
3.000000,0.500000,90,3006,0.714286
3.000000,0.500000,90,3007,0.714286
3.000000,0.500000,90,3008,0.714286
3.000000,0.500000,90,3009,0.714286
3.000000,0.500000,90,3010,0.714286
3.000000,0.500000,120,4001,0.714286
3.000000,0.500000,120,4002,0.714286
3.000000,0.500000,120,4003,0.714286
3.000000,0.500000,120,4004,0.714286
3.000000,0.500000,120,4005,0.714286
3.000000,0.500000,120,4006,0.714286
3.000000,0.500000,120,4007,0.714286
3.000000,0.500000,120,4008,0.714286
3.000000,0.500000,120,4009,0.714286
3.000000,0.500000,120,4010,0.714286
3.000000,0.500000,150,5001,0.714286
3.000000,0.500000,150,5002,0.714286
3.000000,0.500000,150,5003,0.714286
3.000000,0.500000,150,5004,0.714286
3.000000,0.500000,150,5005,0.714286
3.000000,0.500000,150,5006,0.714286
3.000000,0.500000,150,5007,0.714286
3.000000,0.500000,150,5008,0.714286
3.000000,0.500000,150,5009,0.714286
3.000000,0.500000,150,5010,0.714286
3.000000,0.500000,180,6001,0.714286
3.000000,0.500000,180,6002,0.714286
3.000000,0.500000,180,6003,0.714286
3.000000,0.500000,180,6004,0.714286
3.000000,0.500000,180,6005,0.714286
3.000000,0.500000,180,6006,0.714286
3.000000,0.500000,180,6007,0.714286
3.000000,0.500000,180,6008,0.714286
3.000000,0.500000,180,6009,0.714286
3.000000,0.500000,180,6010,0.714286
3.000000,0.500000,210,7001,0.714286
3.000000,0.500000,210,7002,0.714286
3.000000,0.500000,210,7003,0.714286
3.000000,0.500000,210,7004,0.714286
3.000000,0.500000,210,7005,0.714286
3.000000,0.500000,210,7006,0.714286
3.000000,0.500000,210,7007,0.714286
3.000000,0.500000,210,7008,0.714286
3.000000,0.500000,210,7009,0.714286
3.000000,0.500000,210,7010,0.714286
3.000000,0.500000,240,8001,1.428571
3.000000,0.500000,240,8002,1.428571
3.000000,0.500000,240,8003,1.428571
3.000000,0.500000,240,8004,1.428571
3.000000,0.500000,240,8005,1.428571
3.000000,0.500000,240,8006,1.428571
3.000000,0.500000,240,8007,1.428571
3.000000,0.500000,240,8008,1.428571
3.000000,0.500000,240,8009,1.428571
3.000000,0.500000,240,8010,1.428571
3.000000,0.500000,270,9001,0.714286
3.000000,0.500000,270,9002,0.714286
3.000000,0.500000,270,9003,0.714286
3.000000,0.500000,270,9004,0.714286
3.000000,0.500000,270,9005,0.714286
3.000000,0.500000,270,9006,0.714286
3.000000,0.500000,270,9007,0.714286
3.000000,0.500000,270,9008,0.714286
3.000000,0.500000,270,9009,0.714286
3.000000,0.500000,270,9010,0.714286
3.000000,0.500000,300,10001,0.714286
3.000000,0.500000,300,10002,0.714286
3.000000,0.500000,300,10003,0.714286
3.000000,0.500000,300,10004,0.714286
3.000000,0.500000,300,10005,0.714286
3.000000,0.500000,300,10006,0.714286
3.000000,0.500000,300,10007,0.714286
3.000000,0.500000,300,10008,0.714286
3.000000,0.500000,300,10009,0.714286
3.000000,0.500000,300,10010,0.714286
3.000000,0.500000,330,11001,0.714286
3.000000,0.500000,330,11002,0.714286
3.000000,0.500000,330,11003,0.714286
3.000000,0.500000,330,11004,0.714286
3.000000,0.500000,330,11005,0.714286
3.000000,0.500000,330,11006,0.714286
3.000000,0.500000,330,11007,0.714286
3.000000,0.500000,330,11008,0.714286
3.000000,0.500000,330,11009,0.714286
3.000000,0.500000,330,11010,0.714286
3.000000,1.000000,0,1,0.714286
3.000000,1.000000,0,2,0.714286
3.000000,1.000000,0,3,0.714286
3.000000,1.000000,0,4,0.714286
3.000000,1.000000,0,5,0.714286
3.000000,1.000000,0,6,0.714286
3.000000,1.000000,0,7,0.714286
3.000000,1.000000,0,8,0.714286
3.000000,1.000000,0,9,0.714286
3.000000,1.000000,0,10,0.714286
3.000000,1.000000,30,1001,0.714286
3.000000,1.000000,30,1002,0.714286
3.000000,1.000000,30,1003,0.714286
3.000000,1.000000,30,1004,0.714286
3.000000,1.000000,30,1005,0.714286
3.000000,1.000000,30,1006,0.714286
3.000000,1.000000,30,1007,0.714286
3.000000,1.000000,30,1008,0.714286
3.000000,1.000000,30,1009,0.714286
3.000000,1.000000,30,1010,0.714286
3.000000,1.000000,60,2001,0.714286
3.000000,1.000000,60,2002,0.714286
3.000000,1.000000,60,2003,0.714286
3.000000,1.000000,60,2004,0.714286
3.000000,1.000000,60,2005,0.714286
3.000000,1.000000,60,2006,0.714286
3.000000,1.000000,60,2007,0.714286
3.000000,1.000000,60,2008,0.714286
3.000000,1.000000,60,2009,0.714286
3.000000,1.000000,60,2010,0.714286
3.000000,1.000000,90,3001,0.714286
3.000000,1.000000,90,3002,0.714286
3.000000,1.000000,90,3003,0.714286
3.000000,1.000000,90,3004,0.714286
3.000000,1.000000,90,3005,0.714286
3.000000,1.000000,90,3006,0.714286
3.000000,1.000000,90,3007,0.714286
3.000000,1.000000,90,3008,0.714286
3.000000,1.000000,90,3009,0.714286
3.000000,1.000000,90,3010,0.714286
3.000000,1.000000,120,4001,0.714286
3.000000,1.000000,120,4002,0.714286
3.000000,1.000000,120,4003,0.714286
3.000000,1.000000,120,4004,0.714286
3.000000,1.000000,120,4005,0.714286
3.000000,1.000000,120,4006,0.714286
3.000000,1.000000,120,4007,0.714286
3.000000,1.000000,120,4008,0.714286
3.000000,1.000000,120,4009,0.714286
3.000000,1.000000,120,4010,0.714286
3.000000,1.000000,150,5001,0.714286
3.000000,1.000000,150,5002,0.714286
3.000000,1.000000,150,5003,0.714286
3.000000,1.000000,150,5004,0.714286
3.000000,1.000000,150,5005,0.714286
3.000000,1.000000,150,5006,0.714286
3.000000,1.000000,150,5007,0.714286
3.000000,1.000000,150,5008,0.714286
3.000000,1.000000,150,5009,0.714286
3.000000,1.000000,150,5010,0.714286
3.000000,1.000000,180,6001,0.714286
3.000000,1.000000,180,6002,0.714286
3.000000,1.000000,180,6003,0.714286
3.000000,1.000000,180,6004,0.714286
3.000000,1.000000,180,6005,0.714286
3.000000,1.000000,180,6006,0.714286
3.000000,1.000000,180,6007,0.714286
3.000000,1.000000,180,6008,0.714286
3.000000,1.000000,180,6009,0.714286
3.000000,1.000000,180,6010,0.714286
3.000000,1.000000,210,7001,0.714286
3.000000,1.000000,210,7002,0.714286
3.000000,1.000000,210,7003,0.714286
3.000000,1.000000,210,7004,0.714286
3.000000,1.000000,210,7005,0.714286
3.000000,1.000000,210,7006,0.714286
3.000000,1.000000,210,7007,0.714286
3.000000,1.000000,210,7008,0.714286
3.000000,1.000000,210,7009,0.714286
3.000000,1.000000,210,7010,0.714286
3.000000,1.000000,240,8001,0.714286
3.000000,1.000000,240,8002,0.714286
3.000000,1.000000,240,8003,0.714286
3.000000,1.000000,240,8004,0.714286
3.000000,1.000000,240,8005,0.714286
3.000000,1.000000,240,8006,0.714286
3.000000,1.000000,240,8007,0.714286
3.000000,1.000000,240,8008,0.714286
3.000000,1.000000,240,8009,0.714286
3.000000,1.000000,240,8010,0.714286
3.000000,1.000000,270,9001,0.714286
3.000000,1.000000,270,9002,0.714286
3.000000,1.000000,270,9003,0.714286
3.000000,1.000000,270,9004,0.714286
3.000000,1.000000,270,9005,0.714286
3.000000,1.000000,270,9006,0.714286
3.000000,1.000000,270,9007,0.714286
3.000000,1.000000,270,9008,0.714286
3.000000,1.000000,270,9009,0.714286
3.000000,1.000000,270,9010,0.714286
3.000000,1.000000,300,10001,0.714286
3.000000,1.000000,300,10002,0.714286
3.000000,1.000000,300,10003,0.714286
3.000000,1.000000,300,10004,0.714286
3.000000,1.000000,300,10005,0.714286
3.000000,1.000000,300,10006,0.714286
3.000000,1.000000,300,10007,0.714286
3.000000,1.000000,300,10008,0.714286
3.000000,1.000000,300,10009,0.714286
3.000000,1.000000,300,10010,0.714286
3.000000,1.000000,330,11001,0.714286
3.000000,1.000000,330,11002,0.714286
3.000000,1.000000,330,11003,0.714286
3.000000,1.000000,330,11004,0.714286
3.000000,1.000000,330,11005,0.714286
3.000000,1.000000,330,11006,0.714286
3.000000,1.000000,330,11007,0.714286
3.000000,1.000000,330,11008,0.714286
3.000000,1.000000,330,11009,0.714286
3.000000,1.000000,330,11010,0.714286
3.000000,2.000000,0,1,0.714286
3.000000,2.000000,0,2,0.714286
3.000000,2.000000,0,3,0.714286
3.000000,2.000000,0,4,0.714286
3.000000,2.000000,0,5,0.714286
3.000000,2.000000,0,6,0.714286
3.000000,2.000000,0,7,0.714286
3.000000,2.000000,0,8,0.714286
3.000000,2.000000,0,9,0.714286
3.000000,2.000000,0,10,0.714286
3.000000,2.000000,30,1001,0.714286
3.000000,2.000000,30,1002,0.714286
3.000000,2.000000,30,1003,0.714286
3.000000,2.000000,30,1004,0.714286
3.000000,2.000000,30,1005,0.714286
3.000000,2.000000,30,1006,0.714286
3.000000,2.000000,30,1007,0.714286
3.000000,2.000000,30,1008,0.714286
3.000000,2.000000,30,1009,0.714286
3.000000,2.000000,30,1010,0.714286
3.000000,2.000000,60,2001,0.714286
3.000000,2.000000,60,2002,0.714286
3.000000,2.000000,60,2003,0.714286
3.000000,2.000000,60,2004,0.714286
3.000000,2.000000,60,2005,0.714286
3.000000,2.000000,60,2006,0.714286
3.000000,2.000000,60,2007,0.714286
3.000000,2.000000,60,2008,0.714286
3.000000,2.000000,60,2009,0.714286
3.000000,2.000000,60,2010,0.714286
3.000000,2.000000,90,3001,0.714286
3.000000,2.000000,90,3002,0.714286
3.000000,2.000000,90,3003,0.714286
3.000000,2.000000,90,3004,0.714286
3.000000,2.000000,90,3005,0.714286
3.000000,2.000000,90,3006,0.714286
3.000000,2.000000,90,3007,0.714286
3.000000,2.000000,90,3008,0.714286
3.000000,2.000000,90,3009,0.714286
3.000000,2.000000,90,3010,0.714286
3.000000,2.000000,120,4001,0.714286
3.000000,2.000000,120,4002,0.714286
3.000000,2.000000,120,4003,0.714286
3.000000,2.000000,120,4004,0.714286
3.000000,2.000000,120,4005,0.714286
3.000000,2.000000,120,4006,0.714286
3.000000,2.000000,120,4007,0.714286
3.000000,2.000000,120,4008,0.714286
3.000000,2.000000,120,4009,0.714286
3.000000,2.000000,120,4010,0.714286
3.000000,2.000000,150,5001,0.714286
3.000000,2.000000,150,5002,0.714286
3.000000,2.000000,150,5003,0.714286
3.000000,2.000000,150,5004,0.714286
3.000000,2.000000,150,5005,0.714286
3.000000,2.000000,150,5006,0.714286
3.000000,2.000000,150,5007,0.714286
3.000000,2.000000,150,5008,0.714286
3.000000,2.000000,150,5009,0.714286
3.000000,2.000000,150,5010,0.714286
3.000000,2.000000,180,6001,0.714286
3.000000,2.000000,180,6002,0.714286
3.000000,2.000000,180,6003,0.714286
3.000000,2.000000,180,6004,0.714286
3.000000,2.000000,180,6005,0.714286
3.000000,2.000000,180,6006,0.714286
3.000000,2.000000,180,6007,0.714286
3.000000,2.000000,180,6008,0.714286
3.000000,2.000000,180,6009,0.714286
3.000000,2.000000,180,6010,0.714286
3.000000,2.000000,210,7001,0.714286
3.000000,2.000000,210,7002,0.714286
3.000000,2.000000,210,7003,0.714286
3.000000,2.000000,210,7004,0.714286
3.000000,2.000000,210,7005,0.714286
3.000000,2.000000,210,7006,0.714286
3.000000,2.000000,210,7007,0.714286
3.000000,2.000000,210,7008,0.714286
3.000000,2.000000,210,7009,0.714286
3.000000,2.000000,210,7010,0.714286
3.000000,2.000000,240,8001,0.714286
3.000000,2.000000,240,8002,0.714286
3.000000,2.000000,240,8003,0.714286
3.000000,2.000000,240,8004,0.714286
3.000000,2.000000,240,8005,0.714286
3.000000,2.000000,240,8006,0.714286
3.000000,2.000000,240,8007,0.714286
3.000000,2.000000,240,8008,0.714286
3.000000,2.000000,240,8009,0.714286
3.000000,2.000000,240,8010,0.714286
3.000000,2.000000,270,9001,0.714286
3.000000,2.000000,270,9002,0.714286
3.000000,2.000000,270,9003,0.714286
3.000000,2.000000,270,9004,0.714286
3.000000,2.000000,270,9005,0.714286
3.000000,2.000000,270,9006,0.714286
3.000000,2.000000,270,9007,0.714286
3.000000,2.000000,270,9008,0.714286
3.000000,2.000000,270,9009,0.714286
3.000000,2.000000,270,9010,0.714286
3.000000,2.000000,300,10001,0.714286
3.000000,2.000000,300,10002,0.714286
3.000000,2.000000,300,10003,0.714286
3.000000,2.000000,300,10004,0.714286
3.000000,2.000000,300,10005,0.714286
3.000000,2.000000,300,10006,0.714286
3.000000,2.000000,300,10007,0.714286
3.000000,2.000000,300,10008,0.714286
3.000000,2.000000,300,10009,0.714286
3.000000,2.000000,300,10010,0.714286
3.000000,2.000000,330,11001,0.714286
3.000000,2.000000,330,11002,0.714286
3.000000,2.000000,330,11003,0.714286
3.000000,2.000000,330,11004,0.714286
3.000000,2.000000,330,11005,0.714286
3.000000,2.000000,330,11006,0.714286
3.000000,2.000000,330,11007,0.714286
3.000000,2.000000,330,11008,0.714286
3.000000,2.000000,330,11009,0.714286
3.000000,2.000000,330,11010,0.714286
4.000000,0.100000,0,1,0.714286
4.000000,0.100000,0,2,0.714286
4.000000,0.100000,0,3,0.714286
4.000000,0.100000,0,4,0.714286
4.000000,0.100000,0,5,0.714286
4.000000,0.100000,0,6,0.714286
4.000000,0.100000,0,7,0.714286
4.000000,0.100000,0,8,0.714286
4.000000,0.100000,0,9,0.714286
4.000000,0.100000,0,10,0.714286
4.000000,0.100000,30,1001,0.714286
4.000000,0.100000,30,1002,0.714286
4.000000,0.100000,30,1003,0.714286
4.000000,0.100000,30,1004,0.714286
4.000000,0.100000,30,1005,0.714286
4.000000,0.100000,30,1006,0.714286
4.000000,0.100000,30,1007,0.714286
4.000000,0.100000,30,1008,0.714286
4.000000,0.100000,30,1009,0.714286
4.000000,0.100000,30,1010,0.714286
4.000000,0.100000,60,2001,0.714286
4.000000,0.100000,60,2002,0.714286
4.000000,0.100000,60,2003,0.714286
4.000000,0.100000,60,2004,0.714286
4.000000,0.100000,60,2005,0.714286
4.000000,0.100000,60,2006,0.714286
4.000000,0.100000,60,2007,0.714286
4.000000,0.100000,60,2008,0.714286
4.000000,0.100000,60,2009,0.714286
4.000000,0.100000,60,2010,0.714286
4.000000,0.100000,90,3001,0.714286
4.000000,0.100000,90,3002,0.714286
4.000000,0.100000,90,3003,0.714286
4.000000,0.100000,90,3004,0.714286
4.000000,0.100000,90,3005,0.714286
4.000000,0.100000,90,3006,0.714286
4.000000,0.100000,90,3007,0.714286
4.000000,0.100000,90,3008,0.714286
4.000000,0.100000,90,3009,0.714286
4.000000,0.100000,90,3010,0.714286
4.000000,0.100000,120,4001,1.428571
4.000000,0.100000,120,4002,1.428571
4.000000,0.100000,120,4003,1.428571
4.000000,0.100000,120,4004,1.428571
4.000000,0.100000,120,4005,1.428571
4.000000,0.100000,120,4006,1.428571
4.000000,0.100000,120,4007,1.428571
4.000000,0.100000,120,4008,1.428571
4.000000,0.100000,120,4009,1.428571
4.000000,0.100000,120,4010,1.428571
4.000000,0.100000,150,5001,0.714286
4.000000,0.100000,150,5002,0.714286
4.000000,0.100000,150,5003,0.714286
4.000000,0.100000,150,5004,0.714286
4.000000,0.100000,150,5005,0.714286
4.000000,0.100000,150,5006,0.714286
4.000000,0.100000,150,5007,0.714286
4.000000,0.100000,150,5008,0.714286
4.000000,0.100000,150,5009,0.714286
4.000000,0.100000,150,5010,0.714286
4.000000,0.100000,180,6001,0.714286
4.000000,0.100000,180,6002,0.714286
4.000000,0.100000,180,6003,0.714286
4.000000,0.100000,180,6004,0.714286
4.000000,0.100000,180,6005,0.714286
4.000000,0.100000,180,6006,0.714286
4.000000,0.100000,180,6007,0.714286
4.000000,0.100000,180,6008,0.714286
4.000000,0.100000,180,6009,0.714286
4.000000,0.100000,180,6010,0.714286
4.000000,0.100000,210,7001,0.714286
4.000000,0.100000,210,7002,0.714286
4.000000,0.100000,210,7003,0.714286
4.000000,0.100000,210,7004,0.714286
4.000000,0.100000,210,7005,0.714286
4.000000,0.100000,210,7006,0.714286
4.000000,0.100000,210,7007,0.714286
4.000000,0.100000,210,7008,0.714286
4.000000,0.100000,210,7009,0.714286
4.000000,0.100000,210,7010,0.714286
4.000000,0.100000,240,8001,0.714286
4.000000,0.100000,240,8002,0.714286
4.000000,0.100000,240,8003,0.714286
4.000000,0.100000,240,8004,0.714286
4.000000,0.100000,240,8005,0.714286
4.000000,0.100000,240,8006,0.714286
4.000000,0.100000,240,8007,0.714286
4.000000,0.100000,240,8008,0.714286
4.000000,0.100000,240,8009,0.714286
4.000000,0.100000,240,8010,0.714286
4.000000,0.100000,270,9001,1.428571
4.000000,0.100000,270,9002,1.428571
4.000000,0.100000,270,9003,1.428571
4.000000,0.100000,270,9004,1.428571
4.000000,0.100000,270,9005,1.428571
4.000000,0.100000,270,9006,1.428571
4.000000,0.100000,270,9007,1.428571
4.000000,0.100000,270,9008,1.428571
4.000000,0.100000,270,9009,1.428571
4.000000,0.100000,270,9010,1.428571
4.000000,0.100000,300,10001,0.714286
4.000000,0.100000,300,10002,0.714286
4.000000,0.100000,300,10003,0.714286
4.000000,0.100000,300,10004,0.714286
4.000000,0.100000,300,10005,0.714286
4.000000,0.100000,300,10006,0.714286
4.000000,0.100000,300,10007,0.714286
4.000000,0.100000,300,10008,0.714286
4.000000,0.100000,300,10009,0.714286
4.000000,0.100000,300,10010,0.714286
4.000000,0.100000,330,11001,0.714286
4.000000,0.100000,330,11002,0.714286
4.000000,0.100000,330,11003,0.714286
4.000000,0.100000,330,11004,0.714286
4.000000,0.100000,330,11005,0.714286
4.000000,0.100000,330,11006,0.714286
4.000000,0.100000,330,11007,0.714286
4.000000,0.100000,330,11008,0.714286
4.000000,0.100000,330,11009,0.714286
4.000000,0.100000,330,11010,0.714286
4.000000,0.200000,0,1,0.714286
4.000000,0.200000,0,2,0.714286
4.000000,0.200000,0,3,0.714286
4.000000,0.200000,0,4,0.714286
4.000000,0.200000,0,5,0.714286
4.000000,0.200000,0,6,0.714286
4.000000,0.200000,0,7,0.714286
4.000000,0.200000,0,8,0.714286
4.000000,0.200000,0,9,0.714286
4.000000,0.200000,0,10,0.714286
4.000000,0.200000,30,1001,0.714286
4.000000,0.200000,30,1002,0.714286
4.000000,0.200000,30,1003,0.714286
4.000000,0.200000,30,1004,0.714286
4.000000,0.200000,30,1005,0.714286
4.000000,0.200000,30,1006,0.714286
4.000000,0.200000,30,1007,0.714286
4.000000,0.200000,30,1008,0.714286
4.000000,0.200000,30,1009,0.714286
4.000000,0.200000,30,1010,0.714286
4.000000,0.200000,60,2001,0.714286
4.000000,0.200000,60,2002,0.714286
4.000000,0.200000,60,2003,0.714286
4.000000,0.200000,60,2004,0.714286
4.000000,0.200000,60,2005,0.714286
4.000000,0.200000,60,2006,0.714286
4.000000,0.200000,60,2007,0.714286
4.000000,0.200000,60,2008,0.714286
4.000000,0.200000,60,2009,0.714286
4.000000,0.200000,60,2010,0.714286
4.000000,0.200000,90,3001,0.714286
4.000000,0.200000,90,3002,0.714286
4.000000,0.200000,90,3003,0.714286
4.000000,0.200000,90,3004,0.714286
4.000000,0.200000,90,3005,0.714286
4.000000,0.200000,90,3006,0.714286
4.000000,0.200000,90,3007,0.714286
4.000000,0.200000,90,3008,0.714286
4.000000,0.200000,90,3009,0.714286
4.000000,0.200000,90,3010,0.714286
4.000000,0.200000,120,4001,1.428571
4.000000,0.200000,120,4002,1.428571
4.000000,0.200000,120,4003,1.428571
4.000000,0.200000,120,4004,1.428571
4.000000,0.200000,120,4005,1.428571
4.000000,0.200000,120,4006,1.428571
4.000000,0.200000,120,4007,1.428571
4.000000,0.200000,120,4008,1.428571
4.000000,0.200000,120,4009,1.428571
4.000000,0.200000,120,4010,1.428571
4.000000,0.200000,150,5001,0.714286
4.000000,0.200000,150,5002,0.714286
4.000000,0.200000,150,5003,0.714286
4.000000,0.200000,150,5004,0.714286
4.000000,0.200000,150,5005,0.714286
4.000000,0.200000,150,5006,0.714286
4.000000,0.200000,150,5007,0.714286
4.000000,0.200000,150,5008,0.714286
4.000000,0.200000,150,5009,0.714286
4.000000,0.200000,150,5010,0.714286
4.000000,0.200000,180,6001,0.714286
4.000000,0.200000,180,6002,0.714286
4.000000,0.200000,180,6003,0.714286
4.000000,0.200000,180,6004,0.714286
4.000000,0.200000,180,6005,0.714286
4.000000,0.200000,180,6006,0.714286
4.000000,0.200000,180,6007,0.714286
4.000000,0.200000,180,6008,0.714286
4.000000,0.200000,180,6009,0.714286
4.000000,0.200000,180,6010,0.714286
4.000000,0.200000,210,7001,0.714286
4.000000,0.200000,210,7002,0.714286
4.000000,0.200000,210,7003,0.714286
4.000000,0.200000,210,7004,0.714286
4.000000,0.200000,210,7005,0.714286
4.000000,0.200000,210,7006,0.714286
4.000000,0.200000,210,7007,0.714286
4.000000,0.200000,210,7008,0.714286
4.000000,0.200000,210,7009,0.714286
4.000000,0.200000,210,7010,0.714286
4.000000,0.200000,240,8001,0.714286
4.000000,0.200000,240,8002,0.714286
4.000000,0.200000,240,8003,0.714286
4.000000,0.200000,240,8004,0.714286
4.000000,0.200000,240,8005,0.714286
4.000000,0.200000,240,8006,0.714286
4.000000,0.200000,240,8007,0.714286
4.000000,0.200000,240,8008,0.714286
4.000000,0.200000,240,8009,0.714286
4.000000,0.200000,240,8010,0.714286
4.000000,0.200000,270,9001,1.428571
4.000000,0.200000,270,9002,1.428571
4.000000,0.200000,270,9003,1.428571
4.000000,0.200000,270,9004,1.428571
4.000000,0.200000,270,9005,1.428571
4.000000,0.200000,270,9006,1.428571
4.000000,0.200000,270,9007,1.428571
4.000000,0.200000,270,9008,1.428571
4.000000,0.200000,270,9009,1.428571
4.000000,0.200000,270,9010,1.428571
4.000000,0.200000,300,10001,0.714286
4.000000,0.200000,300,10002,0.714286
4.000000,0.200000,300,10003,0.714286
4.000000,0.200000,300,10004,0.714286
4.000000,0.200000,300,10005,0.714286
4.000000,0.200000,300,10006,0.714286
4.000000,0.200000,300,10007,0.714286
4.000000,0.200000,300,10008,0.714286
4.000000,0.200000,300,10009,0.714286
4.000000,0.200000,300,10010,0.714286
4.000000,0.200000,330,11001,0.714286
4.000000,0.200000,330,11002,0.714286
4.000000,0.200000,330,11003,0.714286
4.000000,0.200000,330,11004,0.714286
4.000000,0.200000,330,11005,0.714286
4.000000,0.200000,330,11006,0.714286
4.000000,0.200000,330,11007,0.714286
4.000000,0.200000,330,11008,0.714286
4.000000,0.200000,330,11009,0.714286
4.000000,0.200000,330,11010,0.714286
4.000000,0.500000,0,1,0.714286
4.000000,0.500000,0,2,0.714286
4.000000,0.500000,0,3,0.714286
4.000000,0.500000,0,4,0.714286
4.000000,0.500000,0,5,0.714286
4.000000,0.500000,0,6,0.714286
4.000000,0.500000,0,7,0.714286
4.000000,0.500000,0,8,0.714286
4.000000,0.500000,0,9,0.714286
4.000000,0.500000,0,10,0.714286
4.000000,0.500000,30,1001,0.714286
4.000000,0.500000,30,1002,0.714286
4.000000,0.500000,30,1003,0.714286
4.000000,0.500000,30,1004,0.714286
4.000000,0.500000,30,1005,0.714286
4.000000,0.500000,30,1006,0.714286
4.000000,0.500000,30,1007,0.714286
4.000000,0.500000,30,1008,0.714286
4.000000,0.500000,30,1009,0.714286
4.000000,0.500000,30,1010,0.714286
4.000000,0.500000,60,2001,0.714286
4.000000,0.500000,60,2002,0.714286
4.000000,0.500000,60,2003,0.714286
4.000000,0.500000,60,2004,0.714286
4.000000,0.500000,60,2005,0.714286
4.000000,0.500000,60,2006,0.714286
4.000000,0.500000,60,2007,0.714286
4.000000,0.500000,60,2008,0.714286
4.000000,0.500000,60,2009,0.714286
4.000000,0.500000,60,2010,0.714286
4.000000,0.500000,90,3001,1.428571
4.000000,0.500000,90,3002,1.428571
4.000000,0.500000,90,3003,1.428571
4.000000,0.500000,90,3004,1.428571
4.000000,0.500000,90,3005,1.428571
4.000000,0.500000,90,3006,1.428571
4.000000,0.500000,90,3007,1.428571
4.000000,0.500000,90,3008,1.428571
4.000000,0.500000,90,3009,1.428571
4.000000,0.500000,90,3010,1.428571
4.000000,0.500000,120,4001,1.428571
4.000000,0.500000,120,4002,1.428571
4.000000,0.500000,120,4003,1.428571
4.000000,0.500000,120,4004,1.428571
4.000000,0.500000,120,4005,1.428571
4.000000,0.500000,120,4006,1.428571
4.000000,0.500000,120,4007,1.428571
4.000000,0.500000,120,4008,1.428571
4.000000,0.500000,120,4009,1.428571
4.000000,0.500000,120,4010,1.428571
4.000000,0.500000,150,5001,0.714286
4.000000,0.500000,150,5002,0.714286
4.000000,0.500000,150,5003,0.714286
4.000000,0.500000,150,5004,0.714286
4.000000,0.500000,150,5005,0.714286
4.000000,0.500000,150,5006,0.714286
4.000000,0.500000,150,5007,0.714286
4.000000,0.500000,150,5008,0.714286
4.000000,0.500000,150,5009,0.714286
4.000000,0.500000,150,5010,0.714286
4.000000,0.500000,180,6001,0.714286
4.000000,0.500000,180,6002,0.714286
4.000000,0.500000,180,6003,0.714286
4.000000,0.500000,180,6004,0.714286
4.000000,0.500000,180,6005,0.714286
4.000000,0.500000,180,6006,0.714286
4.000000,0.500000,180,6007,0.714286
4.000000,0.500000,180,6008,0.714286
4.000000,0.500000,180,6009,0.714286
4.000000,0.500000,180,6010,0.714286
4.000000,0.500000,210,7001,0.714286
4.000000,0.500000,210,7002,0.714286
4.000000,0.500000,210,7003,0.714286
4.000000,0.500000,210,7004,0.714286
4.000000,0.500000,210,7005,0.714286
4.000000,0.500000,210,7006,0.714286
4.000000,0.500000,210,7007,0.714286
4.000000,0.500000,210,7008,0.714286
4.000000,0.500000,210,7009,0.714286
4.000000,0.500000,210,7010,0.714286
4.000000,0.500000,240,8001,0.714286
4.000000,0.500000,240,8002,0.714286
4.000000,0.500000,240,8003,0.714286
4.000000,0.500000,240,8004,0.714286
4.000000,0.500000,240,8005,0.714286
4.000000,0.500000,240,8006,0.714286
4.000000,0.500000,240,8007,0.714286
4.000000,0.500000,240,8008,0.714286
4.000000,0.500000,240,8009,0.714286
4.000000,0.500000,240,8010,0.714286
4.000000,0.500000,270,9001,1.428571
4.000000,0.500000,270,9002,1.428571
4.000000,0.500000,270,9003,1.428571
4.000000,0.500000,270,9004,1.428571
4.000000,0.500000,270,9005,1.428571
4.000000,0.500000,270,9006,1.428571
4.000000,0.500000,270,9007,1.428571
4.000000,0.500000,270,9008,1.428571
4.000000,0.500000,270,9009,1.428571
4.000000,0.500000,270,9010,1.428571
4.000000,0.500000,300,10001,0.714286
4.000000,0.500000,300,10002,0.714286
4.000000,0.500000,300,10003,0.714286
4.000000,0.500000,300,10004,0.714286
4.000000,0.500000,300,10005,0.714286
4.000000,0.500000,300,10006,0.714286
4.000000,0.500000,300,10007,0.714286
4.000000,0.500000,300,10008,0.714286
4.000000,0.500000,300,10009,0.714286
4.000000,0.500000,300,10010,0.714286
4.000000,0.500000,330,11001,0.714286
4.000000,0.500000,330,11002,0.714286
4.000000,0.500000,330,11003,0.714286
4.000000,0.500000,330,11004,0.714286
4.000000,0.500000,330,11005,0.714286
4.000000,0.500000,330,11006,0.714286
4.000000,0.500000,330,11007,0.714286
4.000000,0.500000,330,11008,0.714286
4.000000,0.500000,330,11009,0.714286
4.000000,0.500000,330,11010,0.714286
4.000000,1.000000,0,1,0.714286
4.000000,1.000000,0,2,0.714286
4.000000,1.000000,0,3,0.714286
4.000000,1.000000,0,4,0.714286
4.000000,1.000000,0,5,0.714286
4.000000,1.000000,0,6,0.714286
4.000000,1.000000,0,7,0.714286
4.000000,1.000000,0,8,0.714286
4.000000,1.000000,0,9,0.714286
4.000000,1.000000,0,10,0.714286
4.000000,1.000000,30,1001,1.428571
4.000000,1.000000,30,1002,1.428571
4.000000,1.000000,30,1003,1.428571
4.000000,1.000000,30,1004,1.428571
4.000000,1.000000,30,1005,1.428571
4.000000,1.000000,30,1006,1.428571
4.000000,1.000000,30,1007,1.428571
4.000000,1.000000,30,1008,1.428571
4.000000,1.000000,30,1009,1.428571
4.000000,1.000000,30,1010,1.428571
4.000000,1.000000,60,2001,0.714286
4.000000,1.000000,60,2002,0.714286
4.000000,1.000000,60,2003,0.714286
4.000000,1.000000,60,2004,0.714286
4.000000,1.000000,60,2005,0.714286
4.000000,1.000000,60,2006,0.714286
4.000000,1.000000,60,2007,0.714286
4.000000,1.000000,60,2008,0.714286
4.000000,1.000000,60,2009,0.714286
4.000000,1.000000,60,2010,0.714286
4.000000,1.000000,90,3001,0.714286
4.000000,1.000000,90,3002,0.714286
4.000000,1.000000,90,3003,0.714286
4.000000,1.000000,90,3004,0.714286
4.000000,1.000000,90,3005,0.714286
4.000000,1.000000,90,3006,0.714286
4.000000,1.000000,90,3007,0.714286
4.000000,1.000000,90,3008,0.714286
4.000000,1.000000,90,3009,0.714286
4.000000,1.000000,90,3010,0.714286
4.000000,1.000000,120,4001,0.714286
4.000000,1.000000,120,4002,0.714286
4.000000,1.000000,120,4003,0.714286
4.000000,1.000000,120,4004,0.714286
4.000000,1.000000,120,4005,0.714286
4.000000,1.000000,120,4006,0.714286
4.000000,1.000000,120,4007,0.714286
4.000000,1.000000,120,4008,0.714286
4.000000,1.000000,120,4009,0.714286
4.000000,1.000000,120,4010,0.714286
4.000000,1.000000,150,5001,0.714286
4.000000,1.000000,150,5002,0.714286
4.000000,1.000000,150,5003,0.714286
4.000000,1.000000,150,5004,0.714286
4.000000,1.000000,150,5005,0.714286
4.000000,1.000000,150,5006,0.714286
4.000000,1.000000,150,5007,0.714286
4.000000,1.000000,150,5008,0.714286
4.000000,1.000000,150,5009,0.714286
4.000000,1.000000,150,5010,0.714286
4.000000,1.000000,180,6001,0.714286
4.000000,1.000000,180,6002,0.714286
4.000000,1.000000,180,6003,0.714286
4.000000,1.000000,180,6004,0.714286
4.000000,1.000000,180,6005,0.714286
4.000000,1.000000,180,6006,0.714286
4.000000,1.000000,180,6007,0.714286
4.000000,1.000000,180,6008,0.714286
4.000000,1.000000,180,6009,0.714286
4.000000,1.000000,180,6010,0.714286
4.000000,1.000000,210,7001,0.714286
4.000000,1.000000,210,7002,0.714286
4.000000,1.000000,210,7003,0.714286
4.000000,1.000000,210,7004,0.714286
4.000000,1.000000,210,7005,0.714286
4.000000,1.000000,210,7006,0.714286
4.000000,1.000000,210,7007,0.714286
4.000000,1.000000,210,7008,0.714286
4.000000,1.000000,210,7009,0.714286
4.000000,1.000000,210,7010,0.714286
4.000000,1.000000,240,8001,0.714286
4.000000,1.000000,240,8002,0.714286
4.000000,1.000000,240,8003,0.714286
4.000000,1.000000,240,8004,0.714286
4.000000,1.000000,240,8005,0.714286
4.000000,1.000000,240,8006,0.714286
4.000000,1.000000,240,8007,0.714286
4.000000,1.000000,240,8008,0.714286
4.000000,1.000000,240,8009,0.714286
4.000000,1.000000,240,8010,0.714286
4.000000,1.000000,270,9001,0.714286
4.000000,1.000000,270,9002,0.714286
4.000000,1.000000,270,9003,0.714286
4.000000,1.000000,270,9004,0.714286
4.000000,1.000000,270,9005,0.714286
4.000000,1.000000,270,9006,0.714286
4.000000,1.000000,270,9007,0.714286
4.000000,1.000000,270,9008,0.714286
4.000000,1.000000,270,9009,0.714286
4.000000,1.000000,270,9010,0.714286
4.000000,1.000000,300,10001,0.714286
4.000000,1.000000,300,10002,0.714286
4.000000,1.000000,300,10003,0.714286
4.000000,1.000000,300,10004,0.714286
4.000000,1.000000,300,10005,0.714286
4.000000,1.000000,300,10006,0.714286
4.000000,1.000000,300,10007,0.714286
4.000000,1.000000,300,10008,0.714286
4.000000,1.000000,300,10009,0.714286
4.000000,1.000000,300,10010,0.714286
4.000000,1.000000,330,11001,0.714286
4.000000,1.000000,330,11002,0.714286
4.000000,1.000000,330,11003,0.714286
4.000000,1.000000,330,11004,0.714286
4.000000,1.000000,330,11005,0.714286
4.000000,1.000000,330,11006,0.714286
4.000000,1.000000,330,11007,0.714286
4.000000,1.000000,330,11008,0.714286
4.000000,1.000000,330,11009,0.714286
4.000000,1.000000,330,11010,0.714286
4.000000,2.000000,0,1,0.714286
4.000000,2.000000,0,2,0.714286
4.000000,2.000000,0,3,0.714286
4.000000,2.000000,0,4,0.714286
4.000000,2.000000,0,5,0.714286
4.000000,2.000000,0,6,0.714286
4.000000,2.000000,0,7,0.714286
4.000000,2.000000,0,8,0.714286
4.000000,2.000000,0,9,0.714286
4.000000,2.000000,0,10,0.714286
4.000000,2.000000,30,1001,0.714286
4.000000,2.000000,30,1002,0.714286
4.000000,2.000000,30,1003,0.714286
4.000000,2.000000,30,1004,0.714286
4.000000,2.000000,30,1005,0.714286
4.000000,2.000000,30,1006,0.714286
4.000000,2.000000,30,1007,0.714286
4.000000,2.000000,30,1008,0.714286
4.000000,2.000000,30,1009,0.714286
4.000000,2.000000,30,1010,0.714286
4.000000,2.000000,60,2001,1.428571
4.000000,2.000000,60,2002,1.428571
4.000000,2.000000,60,2003,1.428571
4.000000,2.000000,60,2004,1.428571
4.000000,2.000000,60,2005,1.428571
4.000000,2.000000,60,2006,1.428571
4.000000,2.000000,60,2007,1.428571
4.000000,2.000000,60,2008,1.428571
4.000000,2.000000,60,2009,1.428571
4.000000,2.000000,60,2010,1.428571
4.000000,2.000000,90,3001,0.714286
4.000000,2.000000,90,3002,0.714286
4.000000,2.000000,90,3003,0.714286
4.000000,2.000000,90,3004,0.714286
4.000000,2.000000,90,3005,0.714286
4.000000,2.000000,90,3006,0.714286
4.000000,2.000000,90,3007,0.714286
4.000000,2.000000,90,3008,0.714286
4.000000,2.000000,90,3009,0.714286
4.000000,2.000000,90,3010,0.714286
4.000000,2.000000,120,4001,0.714286
4.000000,2.000000,120,4002,0.714286
4.000000,2.000000,120,4003,0.714286
4.000000,2.000000,120,4004,0.714286
4.000000,2.000000,120,4005,0.714286
4.000000,2.000000,120,4006,0.714286
4.000000,2.000000,120,4007,0.714286
4.000000,2.000000,120,4008,0.714286
4.000000,2.000000,120,4009,0.714286
4.000000,2.000000,120,4010,0.714286
4.000000,2.000000,150,5001,0.714286
4.000000,2.000000,150,5002,0.714286
4.000000,2.000000,150,5003,0.714286
4.000000,2.000000,150,5004,0.714286
4.000000,2.000000,150,5005,0.714286
4.000000,2.000000,150,5006,0.714286
4.000000,2.000000,150,5007,0.714286
4.000000,2.000000,150,5008,0.714286
4.000000,2.000000,150,5009,0.714286
4.000000,2.000000,150,5010,0.714286
4.000000,2.000000,180,6001,0.714286
4.000000,2.000000,180,6002,0.714286
4.000000,2.000000,180,6003,0.714286
4.000000,2.000000,180,6004,0.714286
4.000000,2.000000,180,6005,0.714286
4.000000,2.000000,180,6006,0.714286
4.000000,2.000000,180,6007,0.714286
4.000000,2.000000,180,6008,0.714286
4.000000,2.000000,180,6009,0.714286
4.000000,2.000000,180,6010,0.714286
4.000000,2.000000,210,7001,0.714286
4.000000,2.000000,210,7002,0.714286
4.000000,2.000000,210,7003,0.714286
4.000000,2.000000,210,7004,0.714286
4.000000,2.000000,210,7005,0.714286
4.000000,2.000000,210,7006,0.714286
4.000000,2.000000,210,7007,0.714286
4.000000,2.000000,210,7008,0.714286
4.000000,2.000000,210,7009,0.714286
4.000000,2.000000,210,7010,0.714286
4.000000,2.000000,240,8001,0.714286
4.000000,2.000000,240,8002,0.714286
4.000000,2.000000,240,8003,0.714286
4.000000,2.000000,240,8004,0.714286
4.000000,2.000000,240,8005,0.714286
4.000000,2.000000,240,8006,0.714286
4.000000,2.000000,240,8007,0.714286
4.000000,2.000000,240,8008,0.714286
4.000000,2.000000,240,8009,0.714286
4.000000,2.000000,240,8010,0.714286
4.000000,2.000000,270,9001,0.714286
4.000000,2.000000,270,9002,0.714286
4.000000,2.000000,270,9003,0.714286
4.000000,2.000000,270,9004,0.714286
4.000000,2.000000,270,9005,0.714286
4.000000,2.000000,270,9006,0.714286
4.000000,2.000000,270,9007,0.714286
4.000000,2.000000,270,9008,0.714286
4.000000,2.000000,270,9009,0.714286
4.000000,2.000000,270,9010,0.714286
4.000000,2.000000,300,10001,0.714286
4.000000,2.000000,300,10002,0.714286
4.000000,2.000000,300,10003,0.714286
4.000000,2.000000,300,10004,0.714286
4.000000,2.000000,300,10005,0.714286
4.000000,2.000000,300,10006,0.714286
4.000000,2.000000,300,10007,0.714286
4.000000,2.000000,300,10008,0.714286
4.000000,2.000000,300,10009,0.714286
4.000000,2.000000,300,10010,0.714286
4.000000,2.000000,330,11001,0.714286
4.000000,2.000000,330,11002,0.714286
4.000000,2.000000,330,11003,0.714286
4.000000,2.000000,330,11004,0.714286
4.000000,2.000000,330,11005,0.714286
4.000000,2.000000,330,11006,0.714286
4.000000,2.000000,330,11007,0.714286
4.000000,2.000000,330,11008,0.714286
4.000000,2.000000,330,11009,0.714286
4.000000,2.000000,330,11010,0.714286
