{
  "0Mg": {
    "0.00": {
      "auc": 1.0,
      "dsi": 0.08966105742373312,
      "n_nd": 4,
      "n_pd": 4
    },
    "0.10": {
      "auc": 1.0,
      "dsi": 0.07508522987614848,
      "n_nd": 4,
      "n_pd": 4
    },
    "0.30": {
      "auc": 1.0,
      "dsi": 0.07480592222783894,
      "n_nd": 4,
      "n_pd": 4
    },
    "0.50": {
      "auc": 1.0,
      "dsi": 0.046869818356836616,
      "n_nd": 4,
      "n_pd": 4
    }
  },
  "AP5": {
    "0.00": {
      "auc": 1.0,
      "dsi": 0.09282736357889024,
      "n_nd": 4,
      "n_pd": 4
    },
    "0.10": {
      "auc": 1.0,
      "dsi": 0.04369512213402089,
      "n_nd": 4,
      "n_pd": 4
    },
    "0.30": {
      "auc": 1.0,
      "dsi": 0.03059115982737831,
      "n_nd": 4,
      "n_pd": 4
    },
    "0.50": {
      "auc": 1.0,
      "dsi": 0.04640464008525547,
      "n_nd": 4,
      "n_pd": 4
    }
  },
  "control": {
    "0.00": {
      "auc": 1.0,
      "dsi": 0.18901552131896893,
      "n_nd": 4,
      "n_pd": 4
    },
    "0.10": {
      "auc": 1.0,
      "dsi": 0.14624174769569032,
      "n_nd": 4,
      "n_pd": 4
    },
    "0.30": {
      "auc": 1.0,
      "dsi": 0.15368104445511316,
      "n_nd": 4,
      "n_pd": 4
    },
    "0.50": {
      "auc": 1.0,
      "dsi": 0.15286840173961788,
      "n_nd": 4,
      "n_pd": 4
    }
  }
}
