b2gnmda_ns,direction,trial_seed,peak_psp_mv,baseline_mean_mv,peak_g_nmda_summed_ns,peak_g_ampa_summed_ns,peak_g_sacexc_summed_ns,peak_g_sacinhib_summed_ns,peak_g_nmda_per_syn_mean_ns,peak_g_ampa_per_syn_mean_ns,peak_g_sacexc_per_syn_mean_ns,peak_g_sacinhib_per_syn_mean_ns,peak_i_nmda_summed_na,peak_i_ampa_summed_na,peak_i_sacexc_summed_na,peak_i_sacinhib_summed_na
0.0,PD,0,13.189531151912718,5.523201294904226,0.0,9.876541638624515,15.30161537387695,109.73451094860394,0.0,0.03502319730008693,0.05426104742509557,0.38912947144895016,0.0,0.5325006905636254,0.8202113746456566,0.7311937303953321
0.0,PD,1,13.447991439600607,5.605575767747425,0.0,10.557589331540484,16.078412421114784,102.46230817035067,0.0,0.0374382600409237,0.05701564688338576,0.36334151833457684,0.0,0.5707800628882362,0.8611218222757333,0.6503607386061209
0.0,PD,2,13.487559635232934,5.838549452997427,0.0,10.123318282393573,14.868187848451953,110.7333810584031,0.0,0.03589829178153749,0.05272407038458139,0.3926715640368904,0.0,0.5407575987637885,0.7896919811763707,0.7107520888572691
0.0,PD,3,13.45043107638272,5.619810849198139,0.0,10.834344250271418,14.802456166188316,112.84574466430415,0.0,0.03841966046195538,0.05249097931272453,0.4001622151216459,0.0,0.5816990635080611,0.8131762356541653,0.7570559324330691
