condition,flicker_var,direction,trial_seed,peak_psp_mv,baseline_mean_mv,peak_g_nmda_summed_ns,peak_g_ampa_summed_ns,peak_g_sacexc_summed_ns,peak_g_sacinhib_summed_ns
control,0.0,PD,10000,24.154953704297043,6.0484085120051745,62.783750696272094,10.208282623458535,15.445482413940619,107.9480021525768
control,0.0,PD,10001,25.47769279308499,6.008963343940742,68.69965834856553,10.808711389080164,16.517812281427272,104.4213562002875
control,0.0,PD,10002,22.985787003216927,6.0067717654087005,60.4892520339543,10.122490085786884,14.871417857820306,110.62442727807674
control,0.0,PD,10003,23.882397474364062,6.125209031232082,65.23832555063758,10.042094792589053,15.521953919015449,106.71951564669516
