angle_deg,trial_seed,firing_rate_hz
0,1,14.000000
0,2,14.000000
120,1001,15.000000
120,1002,15.000000
240,2001,0.000000
240,2002,0.000000
