{
  "0.50": 329.264799118042,
  "0.75": 326.9135060310364,
  "1.00": 339.38709449768066,
  "1.25": 331.0190281867981,
  "1.50": 327.7161400318146,
  "1.75": 325.91854524612427,
  "2.00": 326.3511517047882
}
