{
  "0.50": 349.6210482120514,
  "0.75": 328.5148198604584,
  "1.00": 330.8258807659149,
  "1.25": 328.46556639671326,
  "1.50": 328.27387499809265,
  "1.75": 327.8001518249512,
  "2.00": 328.83455085754395
}
