gnmda_ns,angle_deg,synapse_index,onset_time_ms
0.000000,0,0,111.9950
0.000000,0,1,102.6800
0.000000,0,2,100.0700
0.000000,0,3,100.0000
0.000000,0,4,103.0600
0.000000,0,5,100.0000
0.000000,0,6,111.7400
0.000000,0,7,112.1300
0.000000,0,8,113.2250
0.000000,0,9,100.0000
0.000000,0,10,103.7450
0.000000,0,11,100.0450
0.000000,0,12,100.0000
0.000000,0,13,100.0000
0.000000,0,14,112.2850
0.000000,0,15,100.0000
0.000000,0,16,100.5500
0.000000,0,17,116.0550
0.000000,0,18,108.2600
0.000000,0,19,121.8750
0.000000,0,20,100.0000
0.000000,0,21,101.0600
0.000000,0,22,118.8750
0.000000,0,23,113.3950
0.000000,0,24,116.2600
0.000000,0,25,111.5400
0.000000,0,26,100.0000
0.000000,0,27,100.0000
0.000000,0,28,110.1000
0.000000,0,29,109.6450
0.000000,0,30,107.9850
0.000000,0,31,106.5350
0.000000,0,32,100.0000
0.000000,0,33,107.4200
0.000000,0,34,109.3000
0.000000,0,35,110.9650
0.000000,0,36,122.1700
0.000000,0,37,100.0000
0.000000,0,38,100.0000
0.000000,0,39,113.2050
0.000000,0,40,100.0550
0.000000,0,41,109.2200
0.000000,0,42,105.0100
0.000000,0,43,108.6250
0.000000,0,44,104.0300
0.000000,0,45,100.0000
0.000000,0,46,100.0000
0.000000,0,47,113.6200
0.000000,0,48,100.0000
0.000000,0,49,102.7400
0.000000,0,50,116.2200
0.000000,0,51,100.0000
0.000000,0,52,100.0000
0.000000,0,53,111.3350
0.000000,0,54,108.3400
0.000000,0,55,100.0000
0.000000,0,56,130.8650
0.000000,0,57,100.9950
0.000000,0,58,100.0000
0.000000,0,59,106.2250
0.000000,0,60,112.2550
0.000000,0,61,102.9000
0.000000,0,62,100.0000
0.000000,0,63,100.3800
0.000000,0,64,108.3950
0.000000,0,65,119.3500
0.000000,0,66,100.0000
0.000000,0,67,100.0000
0.000000,0,68,117.6050
0.000000,0,69,100.3250
0.000000,0,70,113.7700
0.000000,0,71,100.0000
0.000000,0,72,133.7550
0.000000,0,73,100.0000
0.000000,0,74,107.4700
0.000000,0,75,124.1050
0.000000,0,76,112.5050
0.000000,0,77,100.0000
0.000000,0,78,100.0000
0.000000,0,79,119.4300
0.000000,0,80,104.7300
0.000000,0,81,109.3500
0.000000,0,82,111.2250
0.000000,0,83,115.6950
0.000000,0,84,120.8750
0.000000,0,85,117.7350
0.000000,0,86,104.8350
0.000000,0,87,100.0000
0.000000,0,88,100.0000
0.000000,0,89,111.6150
0.000000,0,90,100.0000
0.000000,0,91,100.0000
0.000000,0,92,100.0000
0.000000,0,93,100.4750
0.000000,0,94,100.0000
0.000000,0,95,100.0000
0.000000,0,96,100.0000
0.000000,0,97,100.0000
0.000000,0,98,100.0000
0.000000,0,99,102.6600
0.000000,30,0,110.6730
0.000000,30,1,101.8459
0.000000,30,2,113.8556
0.000000,30,3,100.3847
0.000000,30,4,100.0000
0.000000,30,5,100.0000
0.000000,30,6,110.4471
0.000000,30,7,108.0499
0.000000,30,8,104.9807
0.000000,30,9,100.0000
0.000000,30,10,100.0000
0.000000,30,11,100.1165
0.000000,30,12,100.0000
0.000000,30,13,110.7925
0.000000,30,14,108.2216
0.000000,30,15,103.2447
0.000000,30,16,100.0000
0.000000,30,17,107.6140
0.000000,30,18,117.5059
0.000000,30,19,123.2318
0.000000,30,20,108.4063
0.000000,30,21,107.1630
0.000000,30,22,122.9087
0.000000,30,23,108.7754
0.000000,30,24,112.3616
0.000000,30,25,118.0739
0.000000,30,26,100.0000
0.000000,30,27,100.0000
0.000000,30,28,110.8394
0.000000,30,29,108.5153
0.000000,30,30,109.1902
0.000000,30,31,108.3045
0.000000,30,32,100.1265
0.000000,30,33,103.5409
0.000000,30,34,102.9240
0.000000,30,35,121.5985
0.000000,30,36,119.2723
0.000000,30,37,100.0000
0.000000,30,38,100.0000
0.000000,30,39,119.2159
0.000000,30,40,100.0451
0.000000,30,41,115.8898
0.000000,30,42,103.8963
0.000000,30,43,111.1495
0.000000,30,44,103.7526
0.000000,30,45,100.0000
0.000000,30,46,100.0000
0.000000,30,47,114.1903
0.000000,30,48,107.9215
0.000000,30,49,100.0000
0.000000,30,50,101.5744
0.000000,30,51,100.0000
0.000000,30,52,100.0000
0.000000,30,53,127.7864
0.000000,30,54,111.0477
0.000000,30,55,104.1544
0.000000,30,56,126.8774
0.000000,30,57,100.0000
0.000000,30,58,100.0000
0.000000,30,59,122.0985
0.000000,30,60,112.9056
0.000000,30,61,117.9040
0.000000,30,62,108.2413
0.000000,30,63,100.0000
0.000000,30,64,117.2578
0.000000,30,65,123.1276
0.000000,30,66,108.2918
0.000000,30,67,100.0000
0.000000,30,68,123.0014
0.000000,30,69,105.9190
0.000000,30,70,116.6427
0.000000,30,71,100.0000
0.000000,30,72,132.5202
0.000000,30,73,100.0000
0.000000,30,74,104.6317
0.000000,30,75,124.5330
0.000000,30,76,112.0521
0.000000,30,77,100.0000
0.000000,30,78,100.0000
0.000000,30,79,116.4794
0.000000,30,80,100.0000
0.000000,30,81,107.2673
0.000000,30,82,105.7486
0.000000,30,83,101.9823
0.000000,30,84,122.4733
0.000000,30,85,111.4265
0.000000,30,86,101.9147
0.000000,30,87,100.0000
0.000000,30,88,104.9295
0.000000,30,89,107.5964
0.000000,30,90,100.0000
0.000000,30,91,100.0000
0.000000,30,92,100.0000
0.000000,30,93,100.0000
0.000000,30,94,100.0000
0.000000,30,95,100.0000
0.000000,30,96,102.5605
0.000000,30,97,100.0000
0.000000,30,98,100.0000
0.000000,30,99,100.0000
0.000000,60,0,106.4911
0.000000,60,1,100.5173
0.000000,60,2,123.9286
0.000000,60,3,106.2064
0.000000,60,4,100.0000
0.000000,60,5,100.0000
0.000000,60,6,106.3550
0.000000,60,7,101.8128
0.000000,60,8,100.0000
0.000000,60,9,100.0000
0.000000,60,10,100.0000
0.000000,60,11,100.1567
0.000000,60,12,100.0000
0.000000,60,13,120.5031
0.000000,60,14,101.9553
0.000000,60,15,114.9849
0.000000,60,16,100.0000
0.000000,60,17,100.0000
0.000000,60,18,122.0611
0.000000,60,19,118.3637
0.000000,60,20,117.1452
0.000000,60,21,111.3467
0.000000,60,22,120.8041
0.000000,60,23,101.8045
0.000000,60,24,105.1509
0.000000,60,25,119.7650
0.000000,60,26,100.0000
0.000000,60,27,100.0000
0.000000,60,28,108.6743
0.000000,60,29,105.1040
0.000000,60,30,107.9329
0.000000,60,31,107.8488
0.000000,60,32,105.8840
0.000000,60,33,100.0000
0.000000,60,34,100.0000
0.000000,60,35,126.4446
0.000000,60,36,111.2106
0.000000,60,37,100.0000
0.000000,60,38,100.0000
0.000000,60,39,120.0779
0.000000,60,40,100.0232
0.000000,60,41,118.3019
0.000000,60,42,101.7386
0.000000,60,43,110.6864
0.000000,60,44,102.4697
0.000000,60,45,100.0000
0.000000,60,46,104.0718
0.000000,60,47,110.9583
0.000000,60,48,115.2804
0.000000,60,49,100.0000
0.000000,60,50,100.0000
0.000000,60,51,100.1910
0.000000,60,52,100.0000
0.000000,60,53,136.7925
0.000000,60,54,110.7951
0.000000,60,55,114.3006
0.000000,60,56,115.6880
0.000000,60,57,100.0000
0.000000,60,58,102.7402
0.000000,60,59,132.0507
0.000000,60,60,110.0982
0.000000,60,61,128.1106
0.000000,60,62,114.4894
0.000000,60,63,100.0000
0.000000,60,64,121.4964
0.000000,60,65,120.7082
0.000000,60,66,120.7568
0.000000,60,67,100.0000
0.000000,60,68,122.2346
0.000000,60,69,109.9269
0.000000,60,70,115.0559
0.000000,60,71,100.0000
0.000000,60,72,122.5716
0.000000,60,73,100.0000
0.000000,60,74,100.5524
0.000000,60,75,118.3875
0.000000,60,76,108.3699
0.000000,60,77,100.0000
0.000000,60,78,100.0000
0.000000,60,79,109.1131
0.000000,60,80,100.0000
0.000000,60,81,103.2374
0.000000,60,82,100.0000
0.000000,60,83,100.0000
0.000000,60,84,118.0499
0.000000,60,85,102.0562
0.000000,60,86,100.0000
0.000000,60,87,100.0000
0.000000,60,88,111.2032
0.000000,60,89,101.5423
0.000000,60,90,100.0000
0.000000,60,91,100.0000
0.000000,60,92,103.9921
0.000000,60,93,100.0000
0.000000,60,94,100.0000
0.000000,60,95,100.0000
0.000000,60,96,112.4248
0.000000,60,97,100.0000
0.000000,60,98,100.0000
0.000000,60,99,100.0000
0.000000,90,0,100.5700
0.000000,90,1,100.0000
0.000000,90,2,127.5900
0.000000,90,3,110.3650
0.000000,90,4,100.0000
0.000000,90,5,100.0000
0.000000,90,6,100.5600
0.000000,90,7,100.0000
0.000000,90,8,100.0000
0.000000,90,9,100.0000
0.000000,90,10,100.0000
0.000000,90,11,100.1550
0.000000,90,12,100.0000
0.000000,90,13,124.7200
0.000000,90,14,100.0000
0.000000,90,15,122.7100
0.000000,90,16,100.0000
0.000000,90,17,100.0000
0.000000,90,18,120.7050
0.000000,90,19,108.5750
0.000000,90,20,121.2900
0.000000,90,21,112.4900
0.000000,90,22,113.1250
0.000000,90,23,100.0000
0.000000,90,24,100.0000
0.000000,90,25,116.1600
0.000000,90,26,100.0000
0.000000,90,27,100.0000
0.000000,90,28,104.1850
0.000000,90,29,100.3250
0.000000,90,30,104.5500
0.000000,90,31,105.2900
0.000000,90,32,110.0650
0.000000,90,33,100.0000
0.000000,90,34,100.0000
0.000000,90,35,124.2050
0.000000,90,36,100.1450
0.000000,90,37,100.0000
0.000000,90,38,100.0000
0.000000,90,39,115.5600
0.000000,90,40,100.0000
0.000000,90,41,115.8100
0.000000,90,42,100.0000
0.000000,90,43,107.3600
0.000000,90,44,100.5250
0.000000,90,45,100.0000
0.000000,90,46,108.4400
0.000000,90,47,104.7900
0.000000,90,48,118.5450
0.000000,90,49,100.0000
0.000000,90,50,100.0000
0.000000,90,51,102.1200
0.000000,90,52,100.0000
0.000000,90,53,135.9400
0.000000,90,54,107.6500
0.000000,90,55,120.6150
0.000000,90,56,100.2950
0.000000,90,57,100.0000
0.000000,90,58,108.2650
0.000000,90,59,133.4150
0.000000,90,60,104.5850
0.000000,90,61,130.7850
0.000000,90,62,116.8550
0.000000,90,63,100.0000
0.000000,90,64,119.9750
0.000000,90,65,112.7400
0.000000,90,66,127.6600
0.000000,90,67,100.0000
0.000000,90,68,115.5100
0.000000,90,69,111.2750
0.000000,90,70,109.4350
0.000000,90,71,100.0000
0.000000,90,72,106.5750
0.000000,90,73,100.0000
0.000000,90,74,100.0000
0.000000,90,75,107.3150
0.000000,90,76,102.4450
0.000000,90,77,100.0000
0.000000,90,78,100.0000
0.000000,90,79,100.0000
0.000000,90,80,100.0000
0.000000,90,81,100.0000
0.000000,90,82,100.0000
0.000000,90,83,100.0000
0.000000,90,84,108.7900
0.000000,90,85,100.0000
0.000000,90,86,100.0000
0.000000,90,87,100.0000
0.000000,90,88,114.4750
0.000000,90,89,100.0000
0.000000,90,90,100.0000
0.000000,90,91,100.0000
0.000000,90,92,108.1200
0.000000,90,93,100.0000
0.000000,90,94,100.0000
0.000000,90,95,100.0000
0.000000,90,96,118.9600
0.000000,90,97,100.0000
0.000000,90,98,100.0000
0.000000,90,99,100.0000
0.000000,120,0,100.0000
0.000000,120,1,100.0000
0.000000,120,2,123.8586
0.000000,120,3,111.7464
0.000000,120,4,100.0000
0.000000,120,5,100.0000
0.000000,120,6,100.0000
0.000000,120,7,100.0000
0.000000,120,8,100.0000
0.000000,120,9,100.0000
0.000000,120,10,100.0000
0.000000,120,11,100.1117
0.000000,120,12,100.0000
0.000000,120,13,122.3131
0.000000,120,14,100.0000
0.000000,120,15,124.3499
0.000000,120,16,100.0000
0.000000,120,17,100.0000
0.000000,120,18,113.8011
0.000000,120,19,100.0000
0.000000,120,20,119.7302
0.000000,120,21,110.2867
0.000000,120,22,101.9291
0.000000,120,23,100.0000
0.000000,120,24,100.0000
0.000000,120,25,108.2250
0.000000,120,26,101.7983
0.000000,120,27,100.0000
0.000000,120,28,100.0000
0.000000,120,29,100.0000
0.000000,120,30,100.0000
0.000000,120,31,101.3138
0.000000,120,32,111.5490
0.000000,120,33,100.0000
0.000000,120,34,100.0000
0.000000,120,35,115.4796
0.000000,120,36,100.0000
0.000000,120,37,100.0000
0.000000,120,38,100.0000
0.000000,120,39,106.8729
0.000000,120,40,100.0000
0.000000,120,41,109.0819
0.000000,120,42,100.0000
0.000000,120,43,102.0614
0.000000,120,44,100.0000
0.000000,120,45,100.0000
0.000000,120,46,110.5468
0.000000,120,47,100.0000
0.000000,120,48,116.8404
0.000000,120,49,100.0000
0.000000,120,50,100.0000
0.000000,120,51,103.4810
0.000000,120,52,100.0000
0.000000,120,53,125.4575
0.000000,120,54,102.4551
0.000000,120,55,121.4056
0.000000,120,56,100.0000
0.000000,120,57,100.0000
0.000000,120,58,111.5752
0.000000,120,59,125.8257
0.000000,120,60,100.0000
0.000000,120,61,125.2106
0.000000,120,62,114.7044
0.000000,120,63,100.0000
0.000000,120,64,113.1014
0.000000,120,65,101.3582
0.000000,120,66,127.1518
0.000000,120,67,100.0000
0.000000,120,68,104.6296
0.000000,120,69,109.6019
0.000000,120,70,101.2859
0.000000,120,71,100.0000
0.000000,120,72,100.0000
0.000000,120,73,100.0000
0.000000,120,74,100.0000
0.000000,120,75,100.0000
0.000000,120,76,100.0000
0.000000,120,77,100.0540
0.000000,120,78,100.0000
0.000000,120,79,100.0000
0.000000,120,80,100.0000
0.000000,120,81,100.0000
0.000000,120,82,100.0000
0.000000,120,83,100.0000
0.000000,120,84,100.0000
0.000000,120,85,100.0000
0.000000,120,86,100.0000
0.000000,120,87,100.0000
0.000000,120,88,113.8682
0.000000,120,89,100.0000
0.000000,120,90,100.0000
0.000000,120,91,100.0000
0.000000,120,92,110.0721
0.000000,120,93,100.0000
0.000000,120,94,100.0000
0.000000,120,95,100.0000
0.000000,120,96,120.4148
0.000000,120,97,100.0000
0.000000,120,98,100.0000
0.000000,120,99,100.0000
0.000000,150,0,100.0000
0.000000,150,1,100.0000
0.000000,150,2,113.7344
0.000000,150,3,109.9803
0.000000,150,4,100.0000
0.000000,150,5,100.0000
0.000000,150,6,100.0000
0.000000,150,7,100.0000
0.000000,150,8,100.0000
0.000000,150,9,100.4737
0.000000,150,10,100.0000
0.000000,150,11,100.0385
0.000000,150,12,100.0000
0.000000,150,13,113.9275
0.000000,150,14,100.0000
0.000000,150,15,119.4653
0.000000,150,16,100.0000
0.000000,150,17,100.0000
0.000000,150,18,103.1991
0.000000,150,19,100.0000
0.000000,150,20,112.8837
0.000000,150,21,105.3270
0.000000,150,22,100.0000
0.000000,150,23,100.0000
0.000000,150,24,100.0000
0.000000,150,25,100.0000
0.000000,150,26,104.3147
0.000000,150,27,101.0766
0.000000,150,28,100.0000
0.000000,150,29,100.0000
0.000000,150,30,100.0000
0.000000,150,31,100.0000
0.000000,150,32,109.9385
0.000000,150,33,100.0000
0.000000,150,34,100.0000
0.000000,150,35,102.6065
0.000000,150,36,100.0000
0.000000,150,37,100.0000
0.000000,150,38,100.4145
0.000000,150,39,100.0000
0.000000,150,40,100.0000
0.000000,150,41,100.0000
0.000000,150,42,100.0000
0.000000,150,43,100.0000
0.000000,150,44,100.0000
0.000000,150,45,100.0000
0.000000,150,46,109.8275
0.000000,150,47,100.0000
0.000000,150,48,110.6235
0.000000,150,49,100.0000
0.000000,150,50,100.0000
0.000000,150,51,103.9092
0.000000,150,52,100.0000
0.000000,150,53,108.1536
0.000000,150,54,100.0000
0.000000,150,55,116.4606
0.000000,150,56,100.0000
0.000000,150,57,100.0000
0.000000,150,58,111.7838
0.000000,150,59,111.3165
0.000000,150,60,100.0000
0.000000,150,61,112.8810
0.000000,150,62,108.6137
0.000000,150,63,100.0000
0.000000,150,64,102.7172
0.000000,150,65,100.0000
0.000000,150,66,119.3682
0.000000,150,67,104.9283
0.000000,150,68,100.0000
0.000000,150,69,105.3560
0.000000,150,70,100.0000
0.000000,150,71,100.0000
0.000000,150,72,100.0000
0.000000,150,73,100.6536
0.000000,150,74,100.0000
0.000000,150,75,100.0000
0.000000,150,76,100.0000
0.000000,150,77,102.4185
0.000000,150,78,100.1890
0.000000,150,79,100.0000
0.000000,150,80,100.0000
0.000000,150,81,100.0000
0.000000,150,82,100.0000
0.000000,150,83,100.0000
0.000000,150,84,100.0000
0.000000,150,85,100.0000
0.000000,150,86,100.0000
0.000000,150,87,100.0483
0.000000,150,88,109.5455
0.000000,150,89,100.0000
0.000000,150,90,100.0000
0.000000,150,91,100.0000
0.000000,150,92,109.3254
0.000000,150,93,100.0000
0.000000,150,94,101.0494
0.000000,150,95,100.0000
0.000000,150,96,116.3995
0.000000,150,97,100.0000
0.000000,150,98,100.0000
0.000000,150,99,100.0000
0.000000,180,0,100.0000
0.000000,180,1,100.0000
0.000000,180,2,100.0000
0.000000,180,3,105.5400
0.000000,180,4,100.0000
0.000000,180,5,101.7650
0.000000,180,6,100.0000
0.000000,180,7,100.0000
0.000000,180,8,100.0000
0.000000,180,9,103.2750
0.000000,180,10,100.0000
0.000000,180,11,100.0000
0.000000,180,12,106.0600
0.000000,180,13,101.8100
0.000000,180,14,100.0000
0.000000,180,15,109.3650
0.000000,180,16,100.0000
0.000000,180,17,100.0000
0.000000,180,18,100.0000
0.000000,180,19,100.0000
0.000000,180,20,102.5850
0.000000,180,21,100.0000
0.000000,180,22,100.0000
0.000000,180,23,100.0000
0.000000,180,24,100.0000
0.000000,180,25,100.0000
0.000000,180,26,105.6750
0.000000,180,27,105.8100
0.000000,180,28,100.0000
0.000000,180,29,100.0000
0.000000,180,30,100.0000
0.000000,180,31,100.0000
0.000000,180,32,105.6650
0.000000,180,33,100.0000
0.000000,180,34,100.0000
0.000000,180,35,100.0000
0.000000,180,36,100.0000
0.000000,180,37,102.5600
0.000000,180,38,102.8400
0.000000,180,39,100.0000
0.000000,180,40,100.0000
0.000000,180,41,100.0000
0.000000,180,42,100.0000
0.000000,180,43,100.0000
0.000000,180,44,100.0000
0.000000,180,45,102.1900
0.000000,180,46,106.4750
0.000000,180,47,100.0000
0.000000,180,48,101.5600
0.000000,180,49,100.0000
0.000000,180,50,100.0000
0.000000,180,51,103.2900
0.000000,180,52,100.2300
0.000000,180,53,100.0000
0.000000,180,54,100.0000
0.000000,180,55,107.1050
0.000000,180,56,100.0000
0.000000,180,57,100.0000
0.000000,180,58,108.8350
0.000000,180,59,100.0000
0.000000,180,60,100.0000
0.000000,180,61,100.0000
0.000000,180,62,100.2150
0.000000,180,63,100.0000
0.000000,180,64,100.0000
0.000000,180,65,100.0000
0.000000,180,66,106.3950
0.000000,180,67,109.8650
0.000000,180,68,100.0000
0.000000,180,69,100.0000
0.000000,180,70,100.0000
0.000000,180,71,107.9500
0.000000,180,72,100.0000
0.000000,180,73,104.0600
0.000000,180,74,100.0000
0.000000,180,75,100.0000
0.000000,180,76,100.0000
0.000000,180,77,104.1350
0.000000,180,78,101.2950
0.000000,180,79,100.0000
0.000000,180,80,100.0000
0.000000,180,81,100.0000
0.000000,180,82,100.0000
0.000000,180,83,100.0000
0.000000,180,84,100.0000
0.000000,180,85,100.0000
0.000000,180,86,100.0000
0.000000,180,87,101.3750
0.000000,180,88,102.6650
0.000000,180,89,100.0000
0.000000,180,90,108.2650
0.000000,180,91,105.3800
0.000000,180,92,106.0800
0.000000,180,93,100.0000
0.000000,180,94,105.9200
0.000000,180,95,102.5400
0.000000,180,96,107.9900
0.000000,180,97,103.4050
0.000000,180,98,102.4850
0.000000,180,99,100.0000
0.000000,210,0,100.0000
0.000000,210,1,100.0000
0.000000,210,2,100.0000
0.000000,210,3,100.0000
0.000000,210,4,108.6150
0.000000,210,5,110.8260
0.000000,210,6,100.0000
0.000000,210,7,100.0000
0.000000,210,8,100.0000
0.000000,210,9,105.1987
0.000000,210,10,109.3842
0.000000,210,11,100.0000
0.000000,210,12,111.2106
0.000000,210,13,100.0000
0.000000,210,14,100.0000
0.000000,210,15,100.0000
0.000000,210,16,101.8887
0.000000,210,17,100.0000
0.000000,210,18,100.0000
0.000000,210,19,100.0000
0.000000,210,20,100.0000
0.000000,210,21,100.0000
0.000000,210,22,100.0000
0.000000,210,23,100.0000
0.000000,210,24,100.0000
0.000000,210,25,100.0000
0.000000,210,26,105.5147
0.000000,210,27,108.9866
0.000000,210,28,100.0000
0.000000,210,29,100.0000
0.000000,210,30,100.0000
0.000000,210,31,100.0000
0.000000,210,32,100.0000
0.000000,210,33,100.0000
0.000000,210,34,100.0000
0.000000,210,35,100.0000
0.000000,210,36,100.0000
0.000000,210,37,108.2695
0.000000,210,38,104.5045
0.000000,210,39,100.0000
0.000000,210,40,100.0000
0.000000,210,41,100.0000
0.000000,210,42,100.0000
0.000000,210,43,100.0000
0.000000,210,44,100.0000
0.000000,210,45,108.3266
0.000000,210,46,101.3875
0.000000,210,47,100.0000
0.000000,210,48,100.0000
0.000000,210,49,109.8171
0.000000,210,50,100.0000
0.000000,210,51,101.7892
0.000000,210,52,102.0717
0.000000,210,53,100.0000
0.000000,210,54,100.0000
0.000000,210,55,100.0000
0.000000,210,56,100.0000
0.000000,210,57,107.2608
0.000000,210,58,103.5188
0.000000,210,59,100.0000
0.000000,210,60,100.0000
0.000000,210,61,100.0000
0.000000,210,62,100.0000
0.000000,210,63,100.3359
0.000000,210,64,100.0000
0.000000,210,65,100.0000
0.000000,210,66,100.0000
0.000000,210,67,112.1583
0.000000,210,68,100.0000
0.000000,210,69,100.0000
0.000000,210,70,100.0000
0.000000,210,71,119.7999
0.000000,210,72,100.0000
0.000000,210,73,106.3786
0.000000,210,74,100.0000
0.000000,210,75,100.0000
0.000000,210,76,100.0000
0.000000,210,77,104.7435
0.000000,210,78,102.0540
0.000000,210,79,100.0000
0.000000,210,80,102.8437
0.000000,210,81,100.0000
0.000000,210,82,100.0000
0.000000,210,83,100.0000
0.000000,210,84,100.0000
0.000000,210,85,100.0000
0.000000,210,86,100.0000
0.000000,210,87,102.3333
0.000000,210,88,100.0000
0.000000,210,89,100.0000
0.000000,210,90,120.1302
0.000000,210,91,109.4292
0.000000,210,92,101.2054
0.000000,210,93,101.9261
0.000000,210,94,109.2044
0.000000,210,95,106.2672
0.000000,210,96,100.0000
0.000000,210,97,108.1488
0.000000,210,98,108.2821
0.000000,210,99,113.5139
0.000000,240,0,100.0000
0.000000,240,1,100.0000
0.000000,240,2,100.0000
0.000000,240,3,100.0000
0.000000,240,4,117.9816
0.000000,240,5,116.9862
0.000000,240,6,100.0000
0.000000,240,7,100.0000
0.000000,240,8,104.5982
0.000000,240,9,105.7295
0.000000,240,10,119.9990
0.000000,240,11,100.0000
0.000000,240,12,113.3574
0.000000,240,13,100.0000
0.000000,240,14,100.0000
0.000000,240,15,100.0000
0.000000,240,16,103.8213
0.000000,240,17,102.8671
0.000000,240,18,100.0000
0.000000,240,19,100.0000
0.000000,240,20,100.0000
0.000000,240,21,100.0000
0.000000,240,22,100.0000
0.000000,240,23,100.0000
0.000000,240,24,100.0000
0.000000,240,25,100.0000
0.000000,240,26,103.8767
0.000000,240,27,109.7553
0.000000,240,28,100.0000
0.000000,240,29,100.0000
0.000000,240,30,100.0000
0.000000,240,31,100.0000
0.000000,240,32,100.0000
0.000000,240,33,101.2870
0.000000,240,34,104.2354
0.000000,240,35,100.0000
0.000000,240,36,100.0000
0.000000,240,37,111.7632
0.000000,240,38,104.9620
0.000000,240,39,100.0000
0.000000,240,40,100.0000
0.000000,240,41,100.0000
0.000000,240,42,100.0000
0.000000,240,43,100.0000
0.000000,240,44,100.0000
0.000000,240,45,112.2321
0.000000,240,46,100.0000
0.000000,240,47,100.0000
0.000000,240,48,100.0000
0.000000,240,49,119.7437
0.000000,240,50,113.4930
0.000000,240,51,100.0000
0.000000,240,52,103.3583
0.000000,240,53,100.0000
0.000000,240,54,100.0000
0.000000,240,55,100.0000
0.000000,240,56,100.0000
0.000000,240,57,113.5711
0.000000,240,58,100.0000
0.000000,240,59,100.0000
0.000000,240,60,100.0000
0.000000,240,61,100.0000
0.000000,240,62,100.0000
0.000000,240,63,100.9618
0.000000,240,64,100.0000
0.000000,240,65,100.0000
0.000000,240,66,100.0000
0.000000,240,67,111.1939
0.000000,240,68,100.0000
0.000000,240,69,100.0000
0.000000,240,70,100.0000
0.000000,240,71,126.3444
0.000000,240,72,100.0000
0.000000,240,73,106.9880
0.000000,240,74,100.0000
0.000000,240,75,100.0000
0.000000,240,76,100.0000
0.000000,240,77,104.0810
0.000000,240,78,102.2626
0.000000,240,79,100.0000
0.000000,240,80,109.6554
0.000000,240,81,100.0000
0.000000,240,82,101.2681
0.000000,240,83,112.2616
0.000000,240,84,100.0000
0.000000,240,85,100.0000
0.000000,240,86,101.5186
0.000000,240,87,102.6664
0.000000,240,88,100.0000
0.000000,240,89,100.0000
0.000000,240,90,126.6015
0.000000,240,91,110.9519
0.000000,240,92,100.0000
0.000000,240,93,103.8112
0.000000,240,94,110.0224
0.000000,240,95,108.3151
0.000000,240,96,100.0000
0.000000,240,97,110.7092
0.000000,240,98,111.8600
0.000000,240,99,126.0667
0.000000,270,0,100.0000
0.000000,270,1,100.9500
0.000000,270,2,100.0000
0.000000,270,3,100.0000
0.000000,270,4,122.5300
0.000000,270,5,118.5950
0.000000,270,6,100.0000
0.000000,270,7,104.9100
0.000000,270,8,112.9450
0.000000,270,9,104.7250
0.000000,270,10,125.2550
0.000000,270,11,100.0000
0.000000,270,12,111.9250
0.000000,270,13,100.0000
0.000000,270,14,104.8350
0.000000,270,15,100.0000
0.000000,270,16,104.7300
0.000000,270,17,112.5800
0.000000,270,18,100.0000
0.000000,270,19,100.0000
0.000000,270,20,100.0000
0.000000,270,21,100.0000
0.000000,270,22,100.0000
0.000000,270,23,105.6500
0.000000,270,24,103.4400
0.000000,270,25,100.0000
0.000000,270,26,101.2000
0.000000,270,27,107.9100
0.000000,270,28,100.0000
0.000000,270,29,100.0000
0.000000,270,30,100.0000
0.000000,270,31,100.0000
0.000000,270,32,100.0000
0.000000,270,33,105.7700
0.000000,270,34,110.2600
0.000000,270,35,100.0000
0.000000,270,36,100.0000
0.000000,270,37,112.1050
0.000000,270,38,104.0900
0.000000,270,39,100.0000
0.000000,270,40,100.0050
0.000000,270,41,100.0000
0.000000,270,42,100.8850
0.000000,270,43,100.0000
0.000000,270,44,100.0000
0.000000,270,45,112.8600
0.000000,270,46,100.0000
0.000000,270,47,100.0000
0.000000,270,48,100.0000
0.000000,270,49,124.3800
0.000000,270,50,124.9450
0.000000,270,51,100.0000
0.000000,270,52,103.7450
0.000000,270,53,100.0000
0.000000,270,54,100.0000
0.000000,270,55,100.0000
0.000000,270,56,100.0000
0.000000,270,57,116.2450
0.000000,270,58,100.0000
0.000000,270,59,100.0000
0.000000,270,60,100.0000
0.000000,270,61,100.0000
0.000000,270,62,100.0000
0.000000,270,63,101.3300
0.000000,270,64,100.0000
0.000000,270,65,100.0000
0.000000,270,66,100.0000
0.000000,270,67,107.2300
0.000000,270,68,100.0000
0.000000,270,69,100.0000
0.000000,270,70,100.0000
0.000000,270,71,125.8300
0.000000,270,72,100.0000
0.000000,270,73,105.7250
0.000000,270,74,103.6750
0.000000,270,75,100.0000
0.000000,270,76,100.0000
0.000000,270,77,102.3250
0.000000,270,78,101.8650
0.000000,270,79,100.6950
0.000000,270,80,113.8800
0.000000,270,81,101.6600
0.000000,270,82,107.9450
0.000000,270,83,123.2200
0.000000,270,84,100.0000
0.000000,270,85,107.8650
0.000000,270,86,104.5450
0.000000,270,87,102.2850
0.000000,270,88,100.0000
0.000000,270,89,104.9250
0.000000,270,90,125.9450
0.000000,270,91,109.5400
0.000000,270,92,100.0000
0.000000,270,93,104.6750
0.000000,270,94,108.1550
0.000000,270,95,108.1350
0.000000,270,96,100.0000
0.000000,270,97,110.4000
0.000000,270,98,112.2600
0.000000,270,99,131.6350
0.000000,300,0,105.5039
0.000000,300,1,102.1627
0.000000,300,2,100.0000
0.000000,300,3,100.0000
0.000000,300,4,121.0416
0.000000,300,5,115.2212
0.000000,300,6,105.3850
0.000000,300,7,110.3172
0.000000,300,8,117.8232
0.000000,300,9,102.4545
0.000000,300,10,123.7440
0.000000,300,11,100.0000
0.000000,300,12,107.2974
0.000000,300,13,100.0000
0.000000,300,14,110.3297
0.000000,300,15,100.0000
0.000000,300,16,104.3713
0.000000,300,17,118.9221
0.000000,300,18,100.0000
0.000000,300,19,103.5113
0.000000,300,20,100.0000
0.000000,300,21,100.0000
0.000000,300,22,100.0000
0.000000,300,23,111.5905
0.000000,300,24,111.1091
0.000000,300,25,100.0000
0.000000,300,26,100.0000
0.000000,300,27,103.9453
0.000000,300,28,101.4257
0.000000,300,29,104.5410
0.000000,300,30,100.0521
0.000000,300,31,100.0000
0.000000,300,32,100.0000
0.000000,300,33,108.7070
0.000000,300,34,113.5354
0.000000,300,35,100.0000
0.000000,300,36,110.9594
0.000000,300,37,109.2032
0.000000,300,38,102.1220
0.000000,300,39,100.0000
0.000000,300,40,100.0318
0.000000,300,41,100.0000
0.000000,300,42,103.2714
0.000000,300,43,100.0000
0.000000,300,44,101.5603
0.000000,300,45,110.0421
0.000000,300,46,100.0000
0.000000,300,47,102.6617
0.000000,300,48,100.0000
0.000000,300,49,122.4837
0.000000,300,50,129.7130
0.000000,300,51,100.0000
0.000000,300,52,103.1283
0.000000,300,53,100.0000
0.000000,300,54,100.0000
0.000000,300,55,100.0000
0.000000,300,56,115.1770
0.000000,300,57,114.5661
0.000000,300,58,100.0000
0.000000,300,59,100.0000
0.000000,300,60,102.1568
0.000000,300,61,100.0000
0.000000,300,62,100.0000
0.000000,300,63,101.3418
0.000000,300,64,100.0000
0.000000,300,65,100.0000
0.000000,300,66,100.0000
0.000000,300,67,101.3289
0.000000,300,68,100.0000
0.000000,300,69,100.0000
0.000000,300,70,100.0000
0.000000,300,71,118.3944
0.000000,300,72,111.1834
0.000000,300,73,102.9280
0.000000,300,74,106.9176
0.000000,300,75,105.7175
0.000000,300,76,104.1351
0.000000,300,77,100.0000
0.000000,300,78,100.9676
0.000000,300,79,110.3169
0.000000,300,80,114.3854
0.000000,300,81,106.1126
0.000000,300,82,112.4931
0.000000,300,83,127.9566
0.000000,300,84,102.8251
0.000000,300,85,115.6788
0.000000,300,86,106.3536
0.000000,300,87,101.2914
0.000000,300,88,100.0000
0.000000,300,89,110.0727
0.000000,300,90,118.3365
0.000000,300,91,105.5719
0.000000,300,92,100.0000
0.000000,300,93,104.2862
0.000000,300,94,104.1024
0.000000,300,95,105.7751
0.000000,300,96,100.0000
0.000000,300,97,107.3042
0.000000,300,98,109.3750
0.000000,300,99,128.7267
0.000000,330,0,110.1030
0.000000,330,1,102.7959
0.000000,330,2,100.0000
0.000000,330,3,100.0000
0.000000,330,4,113.9150
0.000000,330,5,107.7690
0.000000,330,6,109.8871
0.000000,330,7,112.9599
0.000000,330,8,117.9257
0.000000,330,9,100.0000
0.000000,330,10,115.8708
0.000000,330,11,100.0000
0.000000,330,12,100.7144
0.000000,330,13,100.0000
0.000000,330,14,113.0566
0.000000,330,15,100.0000
0.000000,330,16,102.8413
0.000000,330,17,120.1940
0.000000,330,18,100.0000
0.000000,330,19,114.6568
0.000000,330,20,100.0000
0.000000,330,21,100.0000
0.000000,330,22,109.7837
0.000000,330,23,114.4254
0.000000,330,24,115.8016
0.000000,330,25,101.9139
0.000000,330,26,100.0000
0.000000,330,27,100.0000
0.000000,330,28,106.6544
0.000000,330,29,108.1903
0.000000,330,30,104.6402
0.000000,330,31,103.0145
0.000000,330,32,100.0000
0.000000,330,33,109.3109
0.000000,330,34,113.1840
0.000000,330,35,100.0000
0.000000,330,36,119.1273
0.000000,330,37,103.8355
0.000000,330,38,100.0000
0.000000,330,39,103.6559
0.000000,330,40,100.0501
0.000000,330,41,100.0798
0.000000,330,42,104.7813
0.000000,330,43,103.7895
0.000000,330,44,103.2276
0.000000,330,45,104.5334
0.000000,330,46,100.0000
0.000000,330,47,109.4003
0.000000,330,48,100.0000
0.000000,330,49,114.5629
0.000000,330,50,126.5194
0.000000,330,51,100.0000
0.000000,330,52,101.6733
0.000000,330,53,100.0000
0.000000,330,54,103.3977
0.000000,330,55,100.0000
0.000000,330,56,126.5824
0.000000,330,57,108.9842
0.000000,330,58,100.0000
0.000000,330,59,100.0000
0.000000,330,60,108.3206
0.000000,330,61,100.0000
0.000000,330,62,100.0000
0.000000,330,63,100.9941
0.000000,330,64,100.0000
0.000000,330,65,110.3876
0.000000,330,66,100.0000
0.000000,330,67,100.0000
0.000000,330,68,107.4914
0.000000,330,69,100.0000
0.000000,330,70,107.2077
0.000000,330,71,106.0301
0.000000,330,72,125.9452
0.000000,330,73,100.0000
0.000000,330,74,108.3067
0.000000,330,75,117.2180
0.000000,330,76,109.6071
0.000000,330,77,100.0000
0.000000,330,78,100.0000
0.000000,330,79,117.1744
0.000000,330,80,111.0363
0.000000,330,81,108.9273
0.000000,330,82,113.6936
0.000000,330,83,125.2023
0.000000,330,84,113.6833
0.000000,330,85,119.2915
0.000000,330,86,106.4597
0.000000,330,87,100.0000
0.000000,330,88,100.0000
0.000000,330,89,112.5214
0.000000,330,90,105.8148
0.000000,330,91,100.1108
0.000000,330,92,100.0000
0.000000,330,93,102.7489
0.000000,330,94,100.0000
0.000000,330,95,101.8678
0.000000,330,96,100.0000
0.000000,330,97,102.2512
0.000000,330,98,103.9779
0.000000,330,99,118.1211
0.250000,0,0,111.9950
0.250000,0,1,102.6800
0.250000,0,2,100.0700
0.250000,0,3,100.0000
0.250000,0,4,103.0600
0.250000,0,5,100.0000
0.250000,0,6,111.7400
0.250000,0,7,112.1300
0.250000,0,8,113.2250
0.250000,0,9,100.0000
0.250000,0,10,103.7450
0.250000,0,11,100.0450
0.250000,0,12,100.0000
0.250000,0,13,100.0000
0.250000,0,14,112.2850
0.250000,0,15,100.0000
0.250000,0,16,100.5500
0.250000,0,17,116.0550
0.250000,0,18,108.2600
0.250000,0,19,121.8750
0.250000,0,20,100.0000
0.250000,0,21,101.0600
0.250000,0,22,118.8750
0.250000,0,23,113.3950
0.250000,0,24,116.2600
0.250000,0,25,111.5400
0.250000,0,26,100.0000
0.250000,0,27,100.0000
0.250000,0,28,110.1000
0.250000,0,29,109.6450
0.250000,0,30,107.9850
0.250000,0,31,106.5350
0.250000,0,32,100.0000
0.250000,0,33,107.4200
0.250000,0,34,109.3000
0.250000,0,35,110.9650
0.250000,0,36,122.1700
0.250000,0,37,100.0000
0.250000,0,38,100.0000
0.250000,0,39,113.2050
0.250000,0,40,100.0550
0.250000,0,41,109.2200
0.250000,0,42,105.0100
0.250000,0,43,108.6250
0.250000,0,44,104.0300
0.250000,0,45,100.0000
0.250000,0,46,100.0000
0.250000,0,47,113.6200
0.250000,0,48,100.0000
0.250000,0,49,102.7400
0.250000,0,50,116.2200
0.250000,0,51,100.0000
0.250000,0,52,100.0000
0.250000,0,53,111.3350
0.250000,0,54,108.3400
0.250000,0,55,100.0000
0.250000,0,56,130.8650
0.250000,0,57,100.9950
0.250000,0,58,100.0000
0.250000,0,59,106.2250
0.250000,0,60,112.2550
0.250000,0,61,102.9000
0.250000,0,62,100.0000
0.250000,0,63,100.3800
0.250000,0,64,108.3950
0.250000,0,65,119.3500
0.250000,0,66,100.0000
0.250000,0,67,100.0000
0.250000,0,68,117.6050
0.250000,0,69,100.3250
0.250000,0,70,113.7700
0.250000,0,71,100.0000
0.250000,0,72,133.7550
0.250000,0,73,100.0000
0.250000,0,74,107.4700
0.250000,0,75,124.1050
0.250000,0,76,112.5050
0.250000,0,77,100.0000
0.250000,0,78,100.0000
0.250000,0,79,119.4300
0.250000,0,80,104.7300
0.250000,0,81,109.3500
0.250000,0,82,111.2250
0.250000,0,83,115.6950
0.250000,0,84,120.8750
0.250000,0,85,117.7350
0.250000,0,86,104.8350
0.250000,0,87,100.0000
0.250000,0,88,100.0000
0.250000,0,89,111.6150
0.250000,0,90,100.0000
0.250000,0,91,100.0000
0.250000,0,92,100.0000
0.250000,0,93,100.4750
0.250000,0,94,100.0000
0.250000,0,95,100.0000
0.250000,0,96,100.0000
0.250000,0,97,100.0000
0.250000,0,98,100.0000
0.250000,0,99,102.6600
0.250000,30,0,110.6730
0.250000,30,1,101.8459
0.250000,30,2,113.8556
0.250000,30,3,100.3847
0.250000,30,4,100.0000
0.250000,30,5,100.0000
0.250000,30,6,110.4471
0.250000,30,7,108.0499
0.250000,30,8,104.9807
0.250000,30,9,100.0000
0.250000,30,10,100.0000
0.250000,30,11,100.1165
0.250000,30,12,100.0000
0.250000,30,13,110.7925
0.250000,30,14,108.2216
0.250000,30,15,103.2447
0.250000,30,16,100.0000
0.250000,30,17,107.6140
0.250000,30,18,117.5059
0.250000,30,19,123.2318
0.250000,30,20,108.4063
0.250000,30,21,107.1630
0.250000,30,22,122.9087
0.250000,30,23,108.7754
0.250000,30,24,112.3616
0.250000,30,25,118.0739
0.250000,30,26,100.0000
0.250000,30,27,100.0000
0.250000,30,28,110.8394
0.250000,30,29,108.5153
0.250000,30,30,109.1902
0.250000,30,31,108.3045
0.250000,30,32,100.1265
0.250000,30,33,103.5409
0.250000,30,34,102.9240
0.250000,30,35,121.5985
0.250000,30,36,119.2723
0.250000,30,37,100.0000
0.250000,30,38,100.0000
0.250000,30,39,119.2159
0.250000,30,40,100.0451
0.250000,30,41,115.8898
0.250000,30,42,103.8963
0.250000,30,43,111.1495
0.250000,30,44,103.7526
0.250000,30,45,100.0000
0.250000,30,46,100.0000
0.250000,30,47,114.1903
0.250000,30,48,107.9215
0.250000,30,49,100.0000
0.250000,30,50,101.5744
0.250000,30,51,100.0000
0.250000,30,52,100.0000
0.250000,30,53,127.7864
0.250000,30,54,111.0477
0.250000,30,55,104.1544
0.250000,30,56,126.8774
0.250000,30,57,100.0000
0.250000,30,58,100.0000
0.250000,30,59,122.0985
0.250000,30,60,112.9056
0.250000,30,61,117.9040
0.250000,30,62,108.2413
0.250000,30,63,100.0000
0.250000,30,64,117.2578
0.250000,30,65,123.1276
0.250000,30,66,108.2918
0.250000,30,67,100.0000
0.250000,30,68,123.0014
0.250000,30,69,105.9190
0.250000,30,70,116.6427
0.250000,30,71,100.0000
0.250000,30,72,132.5202
0.250000,30,73,100.0000
0.250000,30,74,104.6317
0.250000,30,75,124.5330
0.250000,30,76,112.0521
0.250000,30,77,100.0000
0.250000,30,78,100.0000
0.250000,30,79,116.4794
0.250000,30,80,100.0000
0.250000,30,81,107.2673
0.250000,30,82,105.7486
0.250000,30,83,101.9823
0.250000,30,84,122.4733
0.250000,30,85,111.4265
0.250000,30,86,101.9147
0.250000,30,87,100.0000
0.250000,30,88,104.9295
0.250000,30,89,107.5964
0.250000,30,90,100.0000
0.250000,30,91,100.0000
0.250000,30,92,100.0000
0.250000,30,93,100.0000
0.250000,30,94,100.0000
0.250000,30,95,100.0000
0.250000,30,96,102.5605
0.250000,30,97,100.0000
0.250000,30,98,100.0000
0.250000,30,99,100.0000
0.250000,60,0,106.4911
0.250000,60,1,100.5173
0.250000,60,2,123.9286
0.250000,60,3,106.2064
0.250000,60,4,100.0000
0.250000,60,5,100.0000
0.250000,60,6,106.3550
0.250000,60,7,101.8128
0.250000,60,8,100.0000
0.250000,60,9,100.0000
0.250000,60,10,100.0000
0.250000,60,11,100.1567
0.250000,60,12,100.0000
0.250000,60,13,120.5031
0.250000,60,14,101.9553
0.250000,60,15,114.9849
0.250000,60,16,100.0000
0.250000,60,17,100.0000
0.250000,60,18,122.0611
0.250000,60,19,118.3637
0.250000,60,20,117.1452
0.250000,60,21,111.3467
0.250000,60,22,120.8041
0.250000,60,23,101.8045
0.250000,60,24,105.1509
0.250000,60,25,119.7650
0.250000,60,26,100.0000
0.250000,60,27,100.0000
0.250000,60,28,108.6743
0.250000,60,29,105.1040
0.250000,60,30,107.9329
0.250000,60,31,107.8488
0.250000,60,32,105.8840
0.250000,60,33,100.0000
0.250000,60,34,100.0000
0.250000,60,35,126.4446
0.250000,60,36,111.2106
0.250000,60,37,100.0000
0.250000,60,38,100.0000
0.250000,60,39,120.0779
0.250000,60,40,100.0232
0.250000,60,41,118.3019
0.250000,60,42,101.7386
0.250000,60,43,110.6864
0.250000,60,44,102.4697
0.250000,60,45,100.0000
0.250000,60,46,104.0718
0.250000,60,47,110.9583
0.250000,60,48,115.2804
0.250000,60,49,100.0000
0.250000,60,50,100.0000
0.250000,60,51,100.1910
0.250000,60,52,100.0000
0.250000,60,53,136.7925
0.250000,60,54,110.7951
0.250000,60,55,114.3006
0.250000,60,56,115.6880
0.250000,60,57,100.0000
0.250000,60,58,102.7402
0.250000,60,59,132.0507
0.250000,60,60,110.0982
0.250000,60,61,128.1106
0.250000,60,62,114.4894
0.250000,60,63,100.0000
0.250000,60,64,121.4964
0.250000,60,65,120.7082
0.250000,60,66,120.7568
0.250000,60,67,100.0000
0.250000,60,68,122.2346
0.250000,60,69,109.9269
0.250000,60,70,115.0559
0.250000,60,71,100.0000
0.250000,60,72,122.5716
0.250000,60,73,100.0000
0.250000,60,74,100.5524
0.250000,60,75,118.3875
0.250000,60,76,108.3699
0.250000,60,77,100.0000
0.250000,60,78,100.0000
0.250000,60,79,109.1131
0.250000,60,80,100.0000
0.250000,60,81,103.2374
0.250000,60,82,100.0000
0.250000,60,83,100.0000
0.250000,60,84,118.0499
0.250000,60,85,102.0562
0.250000,60,86,100.0000
0.250000,60,87,100.0000
0.250000,60,88,111.2032
0.250000,60,89,101.5423
0.250000,60,90,100.0000
0.250000,60,91,100.0000
0.250000,60,92,103.9921
0.250000,60,93,100.0000
0.250000,60,94,100.0000
0.250000,60,95,100.0000
0.250000,60,96,112.4248
0.250000,60,97,100.0000
0.250000,60,98,100.0000
0.250000,60,99,100.0000
0.250000,90,0,100.5700
0.250000,90,1,100.0000
0.250000,90,2,127.5900
0.250000,90,3,110.3650
0.250000,90,4,100.0000
0.250000,90,5,100.0000
0.250000,90,6,100.5600
0.250000,90,7,100.0000
0.250000,90,8,100.0000
0.250000,90,9,100.0000
0.250000,90,10,100.0000
0.250000,90,11,100.1550
0.250000,90,12,100.0000
0.250000,90,13,124.7200
0.250000,90,14,100.0000
0.250000,90,15,122.7100
0.250000,90,16,100.0000
0.250000,90,17,100.0000
0.250000,90,18,120.7050
0.250000,90,19,108.5750
0.250000,90,20,121.2900
0.250000,90,21,112.4900
0.250000,90,22,113.1250
0.250000,90,23,100.0000
0.250000,90,24,100.0000
0.250000,90,25,116.1600
0.250000,90,26,100.0000
0.250000,90,27,100.0000
0.250000,90,28,104.1850
0.250000,90,29,100.3250
0.250000,90,30,104.5500
0.250000,90,31,105.2900
0.250000,90,32,110.0650
0.250000,90,33,100.0000
0.250000,90,34,100.0000
0.250000,90,35,124.2050
0.250000,90,36,100.1450
0.250000,90,37,100.0000
0.250000,90,38,100.0000
0.250000,90,39,115.5600
0.250000,90,40,100.0000
0.250000,90,41,115.8100
0.250000,90,42,100.0000
0.250000,90,43,107.3600
0.250000,90,44,100.5250
0.250000,90,45,100.0000
0.250000,90,46,108.4400
0.250000,90,47,104.7900
0.250000,90,48,118.5450
0.250000,90,49,100.0000
0.250000,90,50,100.0000
0.250000,90,51,102.1200
0.250000,90,52,100.0000
0.250000,90,53,135.9400
0.250000,90,54,107.6500
0.250000,90,55,120.6150
0.250000,90,56,100.2950
0.250000,90,57,100.0000
0.250000,90,58,108.2650
0.250000,90,59,133.4150
0.250000,90,60,104.5850
0.250000,90,61,130.7850
0.250000,90,62,116.8550
0.250000,90,63,100.0000
0.250000,90,64,119.9750
0.250000,90,65,112.7400
0.250000,90,66,127.6600
0.250000,90,67,100.0000
0.250000,90,68,115.5100
0.250000,90,69,111.2750
0.250000,90,70,109.4350
0.250000,90,71,100.0000
0.250000,90,72,106.5750
0.250000,90,73,100.0000
0.250000,90,74,100.0000
0.250000,90,75,107.3150
0.250000,90,76,102.4450
0.250000,90,77,100.0000
0.250000,90,78,100.0000
0.250000,90,79,100.0000
0.250000,90,80,100.0000
0.250000,90,81,100.0000
0.250000,90,82,100.0000
0.250000,90,83,100.0000
0.250000,90,84,108.7900
0.250000,90,85,100.0000
0.250000,90,86,100.0000
0.250000,90,87,100.0000
0.250000,90,88,114.4750
0.250000,90,89,100.0000
0.250000,90,90,100.0000
0.250000,90,91,100.0000
0.250000,90,92,108.1200
0.250000,90,93,100.0000
0.250000,90,94,100.0000
0.250000,90,95,100.0000
0.250000,90,96,118.9600
0.250000,90,97,100.0000
0.250000,90,98,100.0000
0.250000,90,99,100.0000
0.250000,120,0,100.0000
0.250000,120,1,100.0000
0.250000,120,2,123.8586
0.250000,120,3,111.7464
0.250000,120,4,100.0000
0.250000,120,5,100.0000
0.250000,120,6,100.0000
0.250000,120,7,100.0000
0.250000,120,8,100.0000
0.250000,120,9,100.0000
0.250000,120,10,100.0000
0.250000,120,11,100.1117
0.250000,120,12,100.0000
0.250000,120,13,122.3131
0.250000,120,14,100.0000
0.250000,120,15,124.3499
0.250000,120,16,100.0000
0.250000,120,17,100.0000
0.250000,120,18,113.8011
0.250000,120,19,100.0000
0.250000,120,20,119.7302
0.250000,120,21,110.2867
0.250000,120,22,101.9291
0.250000,120,23,100.0000
0.250000,120,24,100.0000
0.250000,120,25,108.2250
0.250000,120,26,101.7983
0.250000,120,27,100.0000
0.250000,120,28,100.0000
0.250000,120,29,100.0000
0.250000,120,30,100.0000
0.250000,120,31,101.3138
0.250000,120,32,111.5490
0.250000,120,33,100.0000
0.250000,120,34,100.0000
0.250000,120,35,115.4796
0.250000,120,36,100.0000
0.250000,120,37,100.0000
0.250000,120,38,100.0000
0.250000,120,39,106.8729
0.250000,120,40,100.0000
0.250000,120,41,109.0819
0.250000,120,42,100.0000
0.250000,120,43,102.0614
0.250000,120,44,100.0000
0.250000,120,45,100.0000
0.250000,120,46,110.5468
0.250000,120,47,100.0000
0.250000,120,48,116.8404
0.250000,120,49,100.0000
0.250000,120,50,100.0000
0.250000,120,51,103.4810
0.250000,120,52,100.0000
0.250000,120,53,125.4575
0.250000,120,54,102.4551
0.250000,120,55,121.4056
0.250000,120,56,100.0000
0.250000,120,57,100.0000
0.250000,120,58,111.5752
0.250000,120,59,125.8257
0.250000,120,60,100.0000
0.250000,120,61,125.2106
0.250000,120,62,114.7044
0.250000,120,63,100.0000
0.250000,120,64,113.1014
0.250000,120,65,101.3582
0.250000,120,66,127.1518
0.250000,120,67,100.0000
0.250000,120,68,104.6296
0.250000,120,69,109.6019
0.250000,120,70,101.2859
0.250000,120,71,100.0000
0.250000,120,72,100.0000
0.250000,120,73,100.0000
0.250000,120,74,100.0000
0.250000,120,75,100.0000
0.250000,120,76,100.0000
0.250000,120,77,100.0540
0.250000,120,78,100.0000
0.250000,120,79,100.0000
0.250000,120,80,100.0000
0.250000,120,81,100.0000
0.250000,120,82,100.0000
0.250000,120,83,100.0000
0.250000,120,84,100.0000
0.250000,120,85,100.0000
0.250000,120,86,100.0000
0.250000,120,87,100.0000
0.250000,120,88,113.8682
0.250000,120,89,100.0000
0.250000,120,90,100.0000
0.250000,120,91,100.0000
0.250000,120,92,110.0721
0.250000,120,93,100.0000
0.250000,120,94,100.0000
0.250000,120,95,100.0000
0.250000,120,96,120.4148
0.250000,120,97,100.0000
0.250000,120,98,100.0000
0.250000,120,99,100.0000
0.250000,150,0,100.0000
0.250000,150,1,100.0000
0.250000,150,2,113.7344
0.250000,150,3,109.9803
0.250000,150,4,100.0000
0.250000,150,5,100.0000
0.250000,150,6,100.0000
0.250000,150,7,100.0000
0.250000,150,8,100.0000
0.250000,150,9,100.4737
0.250000,150,10,100.0000
0.250000,150,11,100.0385
0.250000,150,12,100.0000
0.250000,150,13,113.9275
0.250000,150,14,100.0000
0.250000,150,15,119.4653
0.250000,150,16,100.0000
0.250000,150,17,100.0000
0.250000,150,18,103.1991
0.250000,150,19,100.0000
0.250000,150,20,112.8837
0.250000,150,21,105.3270
0.250000,150,22,100.0000
0.250000,150,23,100.0000
0.250000,150,24,100.0000
0.250000,150,25,100.0000
0.250000,150,26,104.3147
0.250000,150,27,101.0766
0.250000,150,28,100.0000
0.250000,150,29,100.0000
0.250000,150,30,100.0000
0.250000,150,31,100.0000
0.250000,150,32,109.9385
0.250000,150,33,100.0000
0.250000,150,34,100.0000
0.250000,150,35,102.6065
0.250000,150,36,100.0000
0.250000,150,37,100.0000
0.250000,150,38,100.4145
0.250000,150,39,100.0000
0.250000,150,40,100.0000
0.250000,150,41,100.0000
0.250000,150,42,100.0000
0.250000,150,43,100.0000
0.250000,150,44,100.0000
0.250000,150,45,100.0000
0.250000,150,46,109.8275
0.250000,150,47,100.0000
0.250000,150,48,110.6235
0.250000,150,49,100.0000
0.250000,150,50,100.0000
0.250000,150,51,103.9092
0.250000,150,52,100.0000
0.250000,150,53,108.1536
0.250000,150,54,100.0000
0.250000,150,55,116.4606
0.250000,150,56,100.0000
0.250000,150,57,100.0000
0.250000,150,58,111.7838
0.250000,150,59,111.3165
0.250000,150,60,100.0000
0.250000,150,61,112.8810
0.250000,150,62,108.6137
0.250000,150,63,100.0000
0.250000,150,64,102.7172
0.250000,150,65,100.0000
0.250000,150,66,119.3682
0.250000,150,67,104.9283
0.250000,150,68,100.0000
0.250000,150,69,105.3560
0.250000,150,70,100.0000
0.250000,150,71,100.0000
0.250000,150,72,100.0000
0.250000,150,73,100.6536
0.250000,150,74,100.0000
0.250000,150,75,100.0000
0.250000,150,76,100.0000
0.250000,150,77,102.4185
0.250000,150,78,100.1890
0.250000,150,79,100.0000
0.250000,150,80,100.0000
0.250000,150,81,100.0000
0.250000,150,82,100.0000
0.250000,150,83,100.0000
0.250000,150,84,100.0000
0.250000,150,85,100.0000
0.250000,150,86,100.0000
0.250000,150,87,100.0483
0.250000,150,88,109.5455
0.250000,150,89,100.0000
0.250000,150,90,100.0000
0.250000,150,91,100.0000
0.250000,150,92,109.3254
0.250000,150,93,100.0000
0.250000,150,94,101.0494
0.250000,150,95,100.0000
0.250000,150,96,116.3995
0.250000,150,97,100.0000
0.250000,150,98,100.0000
0.250000,150,99,100.0000
0.250000,180,0,100.0000
0.250000,180,1,100.0000
0.250000,180,2,100.0000
0.250000,180,3,105.5400
0.250000,180,4,100.0000
0.250000,180,5,101.7650
0.250000,180,6,100.0000
0.250000,180,7,100.0000
0.250000,180,8,100.0000
0.250000,180,9,103.2750
0.250000,180,10,100.0000
0.250000,180,11,100.0000
0.250000,180,12,106.0600
0.250000,180,13,101.8100
0.250000,180,14,100.0000
0.250000,180,15,109.3650
0.250000,180,16,100.0000
0.250000,180,17,100.0000
0.250000,180,18,100.0000
0.250000,180,19,100.0000
0.250000,180,20,102.5850
0.250000,180,21,100.0000
0.250000,180,22,100.0000
0.250000,180,23,100.0000
0.250000,180,24,100.0000
0.250000,180,25,100.0000
0.250000,180,26,105.6750
0.250000,180,27,105.8100
0.250000,180,28,100.0000
0.250000,180,29,100.0000
0.250000,180,30,100.0000
0.250000,180,31,100.0000
0.250000,180,32,105.6650
0.250000,180,33,100.0000
0.250000,180,34,100.0000
0.250000,180,35,100.0000
0.250000,180,36,100.0000
0.250000,180,37,102.5600
0.250000,180,38,102.8400
0.250000,180,39,100.0000
0.250000,180,40,100.0000
0.250000,180,41,100.0000
0.250000,180,42,100.0000
0.250000,180,43,100.0000
0.250000,180,44,100.0000
0.250000,180,45,102.1900
0.250000,180,46,106.4750
0.250000,180,47,100.0000
0.250000,180,48,101.5600
0.250000,180,49,100.0000
0.250000,180,50,100.0000
0.250000,180,51,103.2900
0.250000,180,52,100.2300
0.250000,180,53,100.0000
0.250000,180,54,100.0000
0.250000,180,55,107.1050
0.250000,180,56,100.0000
0.250000,180,57,100.0000
0.250000,180,58,108.8350
0.250000,180,59,100.0000
0.250000,180,60,100.0000
0.250000,180,61,100.0000
0.250000,180,62,100.2150
0.250000,180,63,100.0000
0.250000,180,64,100.0000
0.250000,180,65,100.0000
0.250000,180,66,106.3950
0.250000,180,67,109.8650
0.250000,180,68,100.0000
0.250000,180,69,100.0000
0.250000,180,70,100.0000
0.250000,180,71,107.9500
0.250000,180,72,100.0000
0.250000,180,73,104.0600
0.250000,180,74,100.0000
0.250000,180,75,100.0000
0.250000,180,76,100.0000
0.250000,180,77,104.1350
0.250000,180,78,101.2950
0.250000,180,79,100.0000
0.250000,180,80,100.0000
0.250000,180,81,100.0000
0.250000,180,82,100.0000
0.250000,180,83,100.0000
0.250000,180,84,100.0000
0.250000,180,85,100.0000
0.250000,180,86,100.0000
0.250000,180,87,101.3750
0.250000,180,88,102.6650
0.250000,180,89,100.0000
0.250000,180,90,108.2650
0.250000,180,91,105.3800
0.250000,180,92,106.0800
0.250000,180,93,100.0000
0.250000,180,94,105.9200
0.250000,180,95,102.5400
0.250000,180,96,107.9900
0.250000,180,97,103.4050
0.250000,180,98,102.4850
0.250000,180,99,100.0000
0.250000,210,0,100.0000
0.250000,210,1,100.0000
0.250000,210,2,100.0000
0.250000,210,3,100.0000
0.250000,210,4,108.6150
0.250000,210,5,110.8260
0.250000,210,6,100.0000
0.250000,210,7,100.0000
0.250000,210,8,100.0000
0.250000,210,9,105.1987
0.250000,210,10,109.3842
0.250000,210,11,100.0000
0.250000,210,12,111.2106
0.250000,210,13,100.0000
0.250000,210,14,100.0000
0.250000,210,15,100.0000
0.250000,210,16,101.8887
0.250000,210,17,100.0000
0.250000,210,18,100.0000
0.250000,210,19,100.0000
0.250000,210,20,100.0000
0.250000,210,21,100.0000
0.250000,210,22,100.0000
0.250000,210,23,100.0000
0.250000,210,24,100.0000
0.250000,210,25,100.0000
0.250000,210,26,105.5147
0.250000,210,27,108.9866
0.250000,210,28,100.0000
0.250000,210,29,100.0000
0.250000,210,30,100.0000
0.250000,210,31,100.0000
0.250000,210,32,100.0000
0.250000,210,33,100.0000
0.250000,210,34,100.0000
0.250000,210,35,100.0000
0.250000,210,36,100.0000
0.250000,210,37,108.2695
0.250000,210,38,104.5045
0.250000,210,39,100.0000
0.250000,210,40,100.0000
0.250000,210,41,100.0000
0.250000,210,42,100.0000
0.250000,210,43,100.0000
0.250000,210,44,100.0000
0.250000,210,45,108.3266
0.250000,210,46,101.3875
0.250000,210,47,100.0000
0.250000,210,48,100.0000
0.250000,210,49,109.8171
0.250000,210,50,100.0000
0.250000,210,51,101.7892
0.250000,210,52,102.0717
0.250000,210,53,100.0000
0.250000,210,54,100.0000
0.250000,210,55,100.0000
0.250000,210,56,100.0000
0.250000,210,57,107.2608
0.250000,210,58,103.5188
0.250000,210,59,100.0000
0.250000,210,60,100.0000
0.250000,210,61,100.0000
0.250000,210,62,100.0000
0.250000,210,63,100.3359
0.250000,210,64,100.0000
0.250000,210,65,100.0000
0.250000,210,66,100.0000
0.250000,210,67,112.1583
0.250000,210,68,100.0000
0.250000,210,69,100.0000
0.250000,210,70,100.0000
0.250000,210,71,119.7999
0.250000,210,72,100.0000
0.250000,210,73,106.3786
0.250000,210,74,100.0000
0.250000,210,75,100.0000
0.250000,210,76,100.0000
0.250000,210,77,104.7435
0.250000,210,78,102.0540
0.250000,210,79,100.0000
0.250000,210,80,102.8437
0.250000,210,81,100.0000
0.250000,210,82,100.0000
0.250000,210,83,100.0000
0.250000,210,84,100.0000
0.250000,210,85,100.0000
0.250000,210,86,100.0000
0.250000,210,87,102.3333
0.250000,210,88,100.0000
0.250000,210,89,100.0000
0.250000,210,90,120.1302
0.250000,210,91,109.4292
0.250000,210,92,101.2054
0.250000,210,93,101.9261
0.250000,210,94,109.2044
0.250000,210,95,106.2672
0.250000,210,96,100.0000
0.250000,210,97,108.1488
0.250000,210,98,108.2821
0.250000,210,99,113.5139
0.250000,240,0,100.0000
0.250000,240,1,100.0000
0.250000,240,2,100.0000
0.250000,240,3,100.0000
0.250000,240,4,117.9816
0.250000,240,5,116.9862
0.250000,240,6,100.0000
0.250000,240,7,100.0000
0.250000,240,8,104.5982
0.250000,240,9,105.7295
0.250000,240,10,119.9990
0.250000,240,11,100.0000
0.250000,240,12,113.3574
0.250000,240,13,100.0000
0.250000,240,14,100.0000
0.250000,240,15,100.0000
0.250000,240,16,103.8213
0.250000,240,17,102.8671
0.250000,240,18,100.0000
0.250000,240,19,100.0000
0.250000,240,20,100.0000
0.250000,240,21,100.0000
0.250000,240,22,100.0000
0.250000,240,23,100.0000
0.250000,240,24,100.0000
0.250000,240,25,100.0000
0.250000,240,26,103.8767
0.250000,240,27,109.7553
0.250000,240,28,100.0000
0.250000,240,29,100.0000
0.250000,240,30,100.0000
0.250000,240,31,100.0000
0.250000,240,32,100.0000
0.250000,240,33,101.2870
0.250000,240,34,104.2354
0.250000,240,35,100.0000
0.250000,240,36,100.0000
0.250000,240,37,111.7632
0.250000,240,38,104.9620
0.250000,240,39,100.0000
0.250000,240,40,100.0000
0.250000,240,41,100.0000
0.250000,240,42,100.0000
0.250000,240,43,100.0000
0.250000,240,44,100.0000
0.250000,240,45,112.2321
0.250000,240,46,100.0000
0.250000,240,47,100.0000
0.250000,240,48,100.0000
0.250000,240,49,119.7437
0.250000,240,50,113.4930
0.250000,240,51,100.0000
0.250000,240,52,103.3583
0.250000,240,53,100.0000
0.250000,240,54,100.0000
0.250000,240,55,100.0000
0.250000,240,56,100.0000
0.250000,240,57,113.5711
0.250000,240,58,100.0000
0.250000,240,59,100.0000
0.250000,240,60,100.0000
0.250000,240,61,100.0000
0.250000,240,62,100.0000
0.250000,240,63,100.9618
0.250000,240,64,100.0000
0.250000,240,65,100.0000
0.250000,240,66,100.0000
0.250000,240,67,111.1939
0.250000,240,68,100.0000
0.250000,240,69,100.0000
0.250000,240,70,100.0000
0.250000,240,71,126.3444
0.250000,240,72,100.0000
0.250000,240,73,106.9880
0.250000,240,74,100.0000
0.250000,240,75,100.0000
0.250000,240,76,100.0000
0.250000,240,77,104.0810
0.250000,240,78,102.2626
0.250000,240,79,100.0000
0.250000,240,80,109.6554
0.250000,240,81,100.0000
0.250000,240,82,101.2681
0.250000,240,83,112.2616
0.250000,240,84,100.0000
0.250000,240,85,100.0000
0.250000,240,86,101.5186
0.250000,240,87,102.6664
0.250000,240,88,100.0000
0.250000,240,89,100.0000
0.250000,240,90,126.6015
0.250000,240,91,110.9519
0.250000,240,92,100.0000
0.250000,240,93,103.8112
0.250000,240,94,110.0224
0.250000,240,95,108.3151
0.250000,240,96,100.0000
0.250000,240,97,110.7092
0.250000,240,98,111.8600
0.250000,240,99,126.0667
0.250000,270,0,100.0000
0.250000,270,1,100.9500
0.250000,270,2,100.0000
0.250000,270,3,100.0000
0.250000,270,4,122.5300
0.250000,270,5,118.5950
0.250000,270,6,100.0000
0.250000,270,7,104.9100
0.250000,270,8,112.9450
0.250000,270,9,104.7250
0.250000,270,10,125.2550
0.250000,270,11,100.0000
0.250000,270,12,111.9250
0.250000,270,13,100.0000
0.250000,270,14,104.8350
0.250000,270,15,100.0000
0.250000,270,16,104.7300
0.250000,270,17,112.5800
0.250000,270,18,100.0000
0.250000,270,19,100.0000
0.250000,270,20,100.0000
0.250000,270,21,100.0000
0.250000,270,22,100.0000
0.250000,270,23,105.6500
0.250000,270,24,103.4400
0.250000,270,25,100.0000
0.250000,270,26,101.2000
0.250000,270,27,107.9100
0.250000,270,28,100.0000
0.250000,270,29,100.0000
0.250000,270,30,100.0000
0.250000,270,31,100.0000
0.250000,270,32,100.0000
0.250000,270,33,105.7700
0.250000,270,34,110.2600
0.250000,270,35,100.0000
0.250000,270,36,100.0000
0.250000,270,37,112.1050
0.250000,270,38,104.0900
0.250000,270,39,100.0000
0.250000,270,40,100.0050
0.250000,270,41,100.0000
0.250000,270,42,100.8850
0.250000,270,43,100.0000
0.250000,270,44,100.0000
0.250000,270,45,112.8600
0.250000,270,46,100.0000
0.250000,270,47,100.0000
0.250000,270,48,100.0000
0.250000,270,49,124.3800
0.250000,270,50,124.9450
0.250000,270,51,100.0000
0.250000,270,52,103.7450
0.250000,270,53,100.0000
0.250000,270,54,100.0000
0.250000,270,55,100.0000
0.250000,270,56,100.0000
0.250000,270,57,116.2450
0.250000,270,58,100.0000
0.250000,270,59,100.0000
0.250000,270,60,100.0000
0.250000,270,61,100.0000
0.250000,270,62,100.0000
0.250000,270,63,101.3300
0.250000,270,64,100.0000
0.250000,270,65,100.0000
0.250000,270,66,100.0000
0.250000,270,67,107.2300
0.250000,270,68,100.0000
0.250000,270,69,100.0000
0.250000,270,70,100.0000
0.250000,270,71,125.8300
0.250000,270,72,100.0000
0.250000,270,73,105.7250
0.250000,270,74,103.6750
0.250000,270,75,100.0000
0.250000,270,76,100.0000
0.250000,270,77,102.3250
0.250000,270,78,101.8650
0.250000,270,79,100.6950
0.250000,270,80,113.8800
0.250000,270,81,101.6600
0.250000,270,82,107.9450
0.250000,270,83,123.2200
0.250000,270,84,100.0000
0.250000,270,85,107.8650
0.250000,270,86,104.5450
0.250000,270,87,102.2850
0.250000,270,88,100.0000
0.250000,270,89,104.9250
0.250000,270,90,125.9450
0.250000,270,91,109.5400
0.250000,270,92,100.0000
0.250000,270,93,104.6750
0.250000,270,94,108.1550
0.250000,270,95,108.1350
0.250000,270,96,100.0000
0.250000,270,97,110.4000
0.250000,270,98,112.2600
0.250000,270,99,131.6350
0.250000,300,0,105.5039
0.250000,300,1,102.1627
0.250000,300,2,100.0000
0.250000,300,3,100.0000
0.250000,300,4,121.0416
0.250000,300,5,115.2212
0.250000,300,6,105.3850
0.250000,300,7,110.3172
0.250000,300,8,117.8232
0.250000,300,9,102.4545
0.250000,300,10,123.7440
0.250000,300,11,100.0000
0.250000,300,12,107.2974
0.250000,300,13,100.0000
0.250000,300,14,110.3297
0.250000,300,15,100.0000
0.250000,300,16,104.3713
0.250000,300,17,118.9221
0.250000,300,18,100.0000
0.250000,300,19,103.5113
0.250000,300,20,100.0000
0.250000,300,21,100.0000
0.250000,300,22,100.0000
0.250000,300,23,111.5905
0.250000,300,24,111.1091
0.250000,300,25,100.0000
0.250000,300,26,100.0000
0.250000,300,27,103.9453
0.250000,300,28,101.4257
0.250000,300,29,104.5410
0.250000,300,30,100.0521
0.250000,300,31,100.0000
0.250000,300,32,100.0000
0.250000,300,33,108.7070
0.250000,300,34,113.5354
0.250000,300,35,100.0000
0.250000,300,36,110.9594
0.250000,300,37,109.2032
0.250000,300,38,102.1220
0.250000,300,39,100.0000
0.250000,300,40,100.0318
0.250000,300,41,100.0000
0.250000,300,42,103.2714
0.250000,300,43,100.0000
0.250000,300,44,101.5603
0.250000,300,45,110.0421
0.250000,300,46,100.0000
0.250000,300,47,102.6617
0.250000,300,48,100.0000
0.250000,300,49,122.4837
0.250000,300,50,129.7130
0.250000,300,51,100.0000
0.250000,300,52,103.1283
0.250000,300,53,100.0000
0.250000,300,54,100.0000
0.250000,300,55,100.0000
0.250000,300,56,115.1770
0.250000,300,57,114.5661
0.250000,300,58,100.0000
0.250000,300,59,100.0000
0.250000,300,60,102.1568
0.250000,300,61,100.0000
0.250000,300,62,100.0000
0.250000,300,63,101.3418
0.250000,300,64,100.0000
0.250000,300,65,100.0000
0.250000,300,66,100.0000
0.250000,300,67,101.3289
0.250000,300,68,100.0000
0.250000,300,69,100.0000
0.250000,300,70,100.0000
0.250000,300,71,118.3944
0.250000,300,72,111.1834
0.250000,300,73,102.9280
0.250000,300,74,106.9176
0.250000,300,75,105.7175
0.250000,300,76,104.1351
0.250000,300,77,100.0000
0.250000,300,78,100.9676
0.250000,300,79,110.3169
0.250000,300,80,114.3854
0.250000,300,81,106.1126
0.250000,300,82,112.4931
0.250000,300,83,127.9566
0.250000,300,84,102.8251
0.250000,300,85,115.6788
0.250000,300,86,106.3536
0.250000,300,87,101.2914
0.250000,300,88,100.0000
0.250000,300,89,110.0727
0.250000,300,90,118.3365
0.250000,300,91,105.5719
0.250000,300,92,100.0000
0.250000,300,93,104.2862
0.250000,300,94,104.1024
0.250000,300,95,105.7751
0.250000,300,96,100.0000
0.250000,300,97,107.3042
0.250000,300,98,109.3750
0.250000,300,99,128.7267
0.250000,330,0,110.1030
0.250000,330,1,102.7959
0.250000,330,2,100.0000
0.250000,330,3,100.0000
0.250000,330,4,113.9150
0.250000,330,5,107.7690
0.250000,330,6,109.8871
0.250000,330,7,112.9599
0.250000,330,8,117.9257
0.250000,330,9,100.0000
0.250000,330,10,115.8708
0.250000,330,11,100.0000
0.250000,330,12,100.7144
0.250000,330,13,100.0000
0.250000,330,14,113.0566
0.250000,330,15,100.0000
0.250000,330,16,102.8413
0.250000,330,17,120.1940
0.250000,330,18,100.0000
0.250000,330,19,114.6568
0.250000,330,20,100.0000
0.250000,330,21,100.0000
0.250000,330,22,109.7837
0.250000,330,23,114.4254
0.250000,330,24,115.8016
0.250000,330,25,101.9139
0.250000,330,26,100.0000
0.250000,330,27,100.0000
0.250000,330,28,106.6544
0.250000,330,29,108.1903
0.250000,330,30,104.6402
0.250000,330,31,103.0145
0.250000,330,32,100.0000
0.250000,330,33,109.3109
0.250000,330,34,113.1840
0.250000,330,35,100.0000
0.250000,330,36,119.1273
0.250000,330,37,103.8355
0.250000,330,38,100.0000
0.250000,330,39,103.6559
0.250000,330,40,100.0501
0.250000,330,41,100.0798
0.250000,330,42,104.7813
0.250000,330,43,103.7895
0.250000,330,44,103.2276
0.250000,330,45,104.5334
0.250000,330,46,100.0000
0.250000,330,47,109.4003
0.250000,330,48,100.0000
0.250000,330,49,114.5629
0.250000,330,50,126.5194
0.250000,330,51,100.0000
0.250000,330,52,101.6733
0.250000,330,53,100.0000
0.250000,330,54,103.3977
0.250000,330,55,100.0000
0.250000,330,56,126.5824
0.250000,330,57,108.9842
0.250000,330,58,100.0000
0.250000,330,59,100.0000
0.250000,330,60,108.3206
0.250000,330,61,100.0000
0.250000,330,62,100.0000
0.250000,330,63,100.9941
0.250000,330,64,100.0000
0.250000,330,65,110.3876
0.250000,330,66,100.0000
0.250000,330,67,100.0000
0.250000,330,68,107.4914
0.250000,330,69,100.0000
0.250000,330,70,107.2077
0.250000,330,71,106.0301
0.250000,330,72,125.9452
0.250000,330,73,100.0000
0.250000,330,74,108.3067
0.250000,330,75,117.2180
0.250000,330,76,109.6071
0.250000,330,77,100.0000
0.250000,330,78,100.0000
0.250000,330,79,117.1744
0.250000,330,80,111.0363
0.250000,330,81,108.9273
0.250000,330,82,113.6936
0.250000,330,83,125.2023
0.250000,330,84,113.6833
0.250000,330,85,119.2915
0.250000,330,86,106.4597
0.250000,330,87,100.0000
0.250000,330,88,100.0000
0.250000,330,89,112.5214
0.250000,330,90,105.8148
0.250000,330,91,100.1108
0.250000,330,92,100.0000
0.250000,330,93,102.7489
0.250000,330,94,100.0000
0.250000,330,95,101.8678
0.250000,330,96,100.0000
0.250000,330,97,102.2512
0.250000,330,98,103.9779
0.250000,330,99,118.1211
0.500000,0,0,111.9950
0.500000,0,1,102.6800
0.500000,0,2,100.0700
0.500000,0,3,100.0000
0.500000,0,4,103.0600
0.500000,0,5,100.0000
0.500000,0,6,111.7400
0.500000,0,7,112.1300
0.500000,0,8,113.2250
0.500000,0,9,100.0000
0.500000,0,10,103.7450
0.500000,0,11,100.0450
0.500000,0,12,100.0000
0.500000,0,13,100.0000
0.500000,0,14,112.2850
0.500000,0,15,100.0000
0.500000,0,16,100.5500
0.500000,0,17,116.0550
0.500000,0,18,108.2600
0.500000,0,19,121.8750
0.500000,0,20,100.0000
0.500000,0,21,101.0600
0.500000,0,22,118.8750
0.500000,0,23,113.3950
0.500000,0,24,116.2600
0.500000,0,25,111.5400
0.500000,0,26,100.0000
0.500000,0,27,100.0000
0.500000,0,28,110.1000
0.500000,0,29,109.6450
0.500000,0,30,107.9850
0.500000,0,31,106.5350
0.500000,0,32,100.0000
0.500000,0,33,107.4200
0.500000,0,34,109.3000
0.500000,0,35,110.9650
0.500000,0,36,122.1700
0.500000,0,37,100.0000
0.500000,0,38,100.0000
0.500000,0,39,113.2050
0.500000,0,40,100.0550
0.500000,0,41,109.2200
0.500000,0,42,105.0100
0.500000,0,43,108.6250
0.500000,0,44,104.0300
0.500000,0,45,100.0000
0.500000,0,46,100.0000
0.500000,0,47,113.6200
0.500000,0,48,100.0000
0.500000,0,49,102.7400
0.500000,0,50,116.2200
0.500000,0,51,100.0000
0.500000,0,52,100.0000
0.500000,0,53,111.3350
0.500000,0,54,108.3400
0.500000,0,55,100.0000
0.500000,0,56,130.8650
0.500000,0,57,100.9950
0.500000,0,58,100.0000
0.500000,0,59,106.2250
0.500000,0,60,112.2550
0.500000,0,61,102.9000
0.500000,0,62,100.0000
0.500000,0,63,100.3800
0.500000,0,64,108.3950
0.500000,0,65,119.3500
0.500000,0,66,100.0000
0.500000,0,67,100.0000
0.500000,0,68,117.6050
0.500000,0,69,100.3250
0.500000,0,70,113.7700
0.500000,0,71,100.0000
0.500000,0,72,133.7550
0.500000,0,73,100.0000
0.500000,0,74,107.4700
0.500000,0,75,124.1050
0.500000,0,76,112.5050
0.500000,0,77,100.0000
0.500000,0,78,100.0000
0.500000,0,79,119.4300
0.500000,0,80,104.7300
0.500000,0,81,109.3500
0.500000,0,82,111.2250
0.500000,0,83,115.6950
0.500000,0,84,120.8750
0.500000,0,85,117.7350
0.500000,0,86,104.8350
0.500000,0,87,100.0000
0.500000,0,88,100.0000
0.500000,0,89,111.6150
0.500000,0,90,100.0000
0.500000,0,91,100.0000
0.500000,0,92,100.0000
0.500000,0,93,100.4750
0.500000,0,94,100.0000
0.500000,0,95,100.0000
0.500000,0,96,100.0000
0.500000,0,97,100.0000
0.500000,0,98,100.0000
0.500000,0,99,102.6600
0.500000,30,0,110.6730
0.500000,30,1,101.8459
0.500000,30,2,113.8556
0.500000,30,3,100.3847
0.500000,30,4,100.0000
0.500000,30,5,100.0000
0.500000,30,6,110.4471
0.500000,30,7,108.0499
0.500000,30,8,104.9807
0.500000,30,9,100.0000
0.500000,30,10,100.0000
0.500000,30,11,100.1165
0.500000,30,12,100.0000
0.500000,30,13,110.7925
0.500000,30,14,108.2216
0.500000,30,15,103.2447
0.500000,30,16,100.0000
0.500000,30,17,107.6140
0.500000,30,18,117.5059
0.500000,30,19,123.2318
0.500000,30,20,108.4063
0.500000,30,21,107.1630
0.500000,30,22,122.9087
0.500000,30,23,108.7754
0.500000,30,24,112.3616
0.500000,30,25,118.0739
0.500000,30,26,100.0000
0.500000,30,27,100.0000
0.500000,30,28,110.8394
0.500000,30,29,108.5153
0.500000,30,30,109.1902
0.500000,30,31,108.3045
0.500000,30,32,100.1265
0.500000,30,33,103.5409
0.500000,30,34,102.9240
0.500000,30,35,121.5985
0.500000,30,36,119.2723
0.500000,30,37,100.0000
0.500000,30,38,100.0000
0.500000,30,39,119.2159
0.500000,30,40,100.0451
0.500000,30,41,115.8898
0.500000,30,42,103.8963
0.500000,30,43,111.1495
0.500000,30,44,103.7526
0.500000,30,45,100.0000
0.500000,30,46,100.0000
0.500000,30,47,114.1903
0.500000,30,48,107.9215
0.500000,30,49,100.0000
0.500000,30,50,101.5744
0.500000,30,51,100.0000
0.500000,30,52,100.0000
0.500000,30,53,127.7864
0.500000,30,54,111.0477
0.500000,30,55,104.1544
0.500000,30,56,126.8774
0.500000,30,57,100.0000
0.500000,30,58,100.0000
0.500000,30,59,122.0985
0.500000,30,60,112.9056
0.500000,30,61,117.9040
0.500000,30,62,108.2413
0.500000,30,63,100.0000
0.500000,30,64,117.2578
0.500000,30,65,123.1276
0.500000,30,66,108.2918
0.500000,30,67,100.0000
0.500000,30,68,123.0014
0.500000,30,69,105.9190
0.500000,30,70,116.6427
0.500000,30,71,100.0000
0.500000,30,72,132.5202
0.500000,30,73,100.0000
0.500000,30,74,104.6317
0.500000,30,75,124.5330
0.500000,30,76,112.0521
0.500000,30,77,100.0000
0.500000,30,78,100.0000
0.500000,30,79,116.4794
0.500000,30,80,100.0000
0.500000,30,81,107.2673
0.500000,30,82,105.7486
0.500000,30,83,101.9823
0.500000,30,84,122.4733
0.500000,30,85,111.4265
0.500000,30,86,101.9147
0.500000,30,87,100.0000
0.500000,30,88,104.9295
0.500000,30,89,107.5964
0.500000,30,90,100.0000
0.500000,30,91,100.0000
0.500000,30,92,100.0000
0.500000,30,93,100.0000
0.500000,30,94,100.0000
0.500000,30,95,100.0000
0.500000,30,96,102.5605
0.500000,30,97,100.0000
0.500000,30,98,100.0000
0.500000,30,99,100.0000
0.500000,60,0,106.4911
0.500000,60,1,100.5173
0.500000,60,2,123.9286
0.500000,60,3,106.2064
0.500000,60,4,100.0000
0.500000,60,5,100.0000
0.500000,60,6,106.3550
0.500000,60,7,101.8128
0.500000,60,8,100.0000
0.500000,60,9,100.0000
0.500000,60,10,100.0000
0.500000,60,11,100.1567
0.500000,60,12,100.0000
0.500000,60,13,120.5031
0.500000,60,14,101.9553
0.500000,60,15,114.9849
0.500000,60,16,100.0000
0.500000,60,17,100.0000
0.500000,60,18,122.0611
0.500000,60,19,118.3637
0.500000,60,20,117.1452
0.500000,60,21,111.3467
0.500000,60,22,120.8041
0.500000,60,23,101.8045
0.500000,60,24,105.1509
0.500000,60,25,119.7650
0.500000,60,26,100.0000
0.500000,60,27,100.0000
0.500000,60,28,108.6743
0.500000,60,29,105.1040
0.500000,60,30,107.9329
0.500000,60,31,107.8488
0.500000,60,32,105.8840
0.500000,60,33,100.0000
0.500000,60,34,100.0000
0.500000,60,35,126.4446
0.500000,60,36,111.2106
0.500000,60,37,100.0000
0.500000,60,38,100.0000
0.500000,60,39,120.0779
0.500000,60,40,100.0232
0.500000,60,41,118.3019
0.500000,60,42,101.7386
0.500000,60,43,110.6864
0.500000,60,44,102.4697
0.500000,60,45,100.0000
0.500000,60,46,104.0718
0.500000,60,47,110.9583
0.500000,60,48,115.2804
0.500000,60,49,100.0000
0.500000,60,50,100.0000
0.500000,60,51,100.1910
0.500000,60,52,100.0000
0.500000,60,53,136.7925
0.500000,60,54,110.7951
0.500000,60,55,114.3006
0.500000,60,56,115.6880
0.500000,60,57,100.0000
0.500000,60,58,102.7402
0.500000,60,59,132.0507
0.500000,60,60,110.0982
0.500000,60,61,128.1106
0.500000,60,62,114.4894
0.500000,60,63,100.0000
0.500000,60,64,121.4964
0.500000,60,65,120.7082
0.500000,60,66,120.7568
0.500000,60,67,100.0000
0.500000,60,68,122.2346
0.500000,60,69,109.9269
0.500000,60,70,115.0559
0.500000,60,71,100.0000
0.500000,60,72,122.5716
0.500000,60,73,100.0000
0.500000,60,74,100.5524
0.500000,60,75,118.3875
0.500000,60,76,108.3699
0.500000,60,77,100.0000
0.500000,60,78,100.0000
0.500000,60,79,109.1131
0.500000,60,80,100.0000
0.500000,60,81,103.2374
0.500000,60,82,100.0000
0.500000,60,83,100.0000
0.500000,60,84,118.0499
0.500000,60,85,102.0562
0.500000,60,86,100.0000
0.500000,60,87,100.0000
0.500000,60,88,111.2032
0.500000,60,89,101.5423
0.500000,60,90,100.0000
0.500000,60,91,100.0000
0.500000,60,92,103.9921
0.500000,60,93,100.0000
0.500000,60,94,100.0000
0.500000,60,95,100.0000
0.500000,60,96,112.4248
0.500000,60,97,100.0000
0.500000,60,98,100.0000
0.500000,60,99,100.0000
0.500000,90,0,100.5700
0.500000,90,1,100.0000
0.500000,90,2,127.5900
0.500000,90,3,110.3650
0.500000,90,4,100.0000
0.500000,90,5,100.0000
0.500000,90,6,100.5600
0.500000,90,7,100.0000
0.500000,90,8,100.0000
0.500000,90,9,100.0000
0.500000,90,10,100.0000
0.500000,90,11,100.1550
0.500000,90,12,100.0000
0.500000,90,13,124.7200
0.500000,90,14,100.0000
0.500000,90,15,122.7100
0.500000,90,16,100.0000
0.500000,90,17,100.0000
0.500000,90,18,120.7050
0.500000,90,19,108.5750
0.500000,90,20,121.2900
0.500000,90,21,112.4900
0.500000,90,22,113.1250
0.500000,90,23,100.0000
0.500000,90,24,100.0000
0.500000,90,25,116.1600
0.500000,90,26,100.0000
0.500000,90,27,100.0000
0.500000,90,28,104.1850
0.500000,90,29,100.3250
0.500000,90,30,104.5500
0.500000,90,31,105.2900
0.500000,90,32,110.0650
0.500000,90,33,100.0000
0.500000,90,34,100.0000
0.500000,90,35,124.2050
0.500000,90,36,100.1450
0.500000,90,37,100.0000
0.500000,90,38,100.0000
0.500000,90,39,115.5600
0.500000,90,40,100.0000
0.500000,90,41,115.8100
0.500000,90,42,100.0000
0.500000,90,43,107.3600
0.500000,90,44,100.5250
0.500000,90,45,100.0000
0.500000,90,46,108.4400
0.500000,90,47,104.7900
0.500000,90,48,118.5450
0.500000,90,49,100.0000
0.500000,90,50,100.0000
0.500000,90,51,102.1200
0.500000,90,52,100.0000
0.500000,90,53,135.9400
0.500000,90,54,107.6500
0.500000,90,55,120.6150
0.500000,90,56,100.2950
0.500000,90,57,100.0000
0.500000,90,58,108.2650
0.500000,90,59,133.4150
0.500000,90,60,104.5850
0.500000,90,61,130.7850
0.500000,90,62,116.8550
0.500000,90,63,100.0000
0.500000,90,64,119.9750
0.500000,90,65,112.7400
0.500000,90,66,127.6600
0.500000,90,67,100.0000
0.500000,90,68,115.5100
0.500000,90,69,111.2750
0.500000,90,70,109.4350
0.500000,90,71,100.0000
0.500000,90,72,106.5750
0.500000,90,73,100.0000
0.500000,90,74,100.0000
0.500000,90,75,107.3150
0.500000,90,76,102.4450
0.500000,90,77,100.0000
0.500000,90,78,100.0000
0.500000,90,79,100.0000
0.500000,90,80,100.0000
0.500000,90,81,100.0000
0.500000,90,82,100.0000
0.500000,90,83,100.0000
0.500000,90,84,108.7900
0.500000,90,85,100.0000
0.500000,90,86,100.0000
0.500000,90,87,100.0000
0.500000,90,88,114.4750
0.500000,90,89,100.0000
0.500000,90,90,100.0000
0.500000,90,91,100.0000
0.500000,90,92,108.1200
0.500000,90,93,100.0000
0.500000,90,94,100.0000
0.500000,90,95,100.0000
0.500000,90,96,118.9600
0.500000,90,97,100.0000
0.500000,90,98,100.0000
0.500000,90,99,100.0000
0.500000,120,0,100.0000
0.500000,120,1,100.0000
0.500000,120,2,123.8586
0.500000,120,3,111.7464
0.500000,120,4,100.0000
0.500000,120,5,100.0000
0.500000,120,6,100.0000
0.500000,120,7,100.0000
0.500000,120,8,100.0000
0.500000,120,9,100.0000
0.500000,120,10,100.0000
0.500000,120,11,100.1117
0.500000,120,12,100.0000
0.500000,120,13,122.3131
0.500000,120,14,100.0000
0.500000,120,15,124.3499
0.500000,120,16,100.0000
0.500000,120,17,100.0000
0.500000,120,18,113.8011
0.500000,120,19,100.0000
0.500000,120,20,119.7302
0.500000,120,21,110.2867
0.500000,120,22,101.9291
0.500000,120,23,100.0000
0.500000,120,24,100.0000
0.500000,120,25,108.2250
0.500000,120,26,101.7983
0.500000,120,27,100.0000
0.500000,120,28,100.0000
0.500000,120,29,100.0000
0.500000,120,30,100.0000
0.500000,120,31,101.3138
0.500000,120,32,111.5490
0.500000,120,33,100.0000
0.500000,120,34,100.0000
0.500000,120,35,115.4796
0.500000,120,36,100.0000
0.500000,120,37,100.0000
0.500000,120,38,100.0000
0.500000,120,39,106.8729
0.500000,120,40,100.0000
0.500000,120,41,109.0819
0.500000,120,42,100.0000
0.500000,120,43,102.0614
0.500000,120,44,100.0000
0.500000,120,45,100.0000
0.500000,120,46,110.5468
0.500000,120,47,100.0000
0.500000,120,48,116.8404
0.500000,120,49,100.0000
0.500000,120,50,100.0000
0.500000,120,51,103.4810
0.500000,120,52,100.0000
0.500000,120,53,125.4575
0.500000,120,54,102.4551
0.500000,120,55,121.4056
0.500000,120,56,100.0000
0.500000,120,57,100.0000
0.500000,120,58,111.5752
0.500000,120,59,125.8257
0.500000,120,60,100.0000
0.500000,120,61,125.2106
0.500000,120,62,114.7044
0.500000,120,63,100.0000
0.500000,120,64,113.1014
0.500000,120,65,101.3582
0.500000,120,66,127.1518
0.500000,120,67,100.0000
0.500000,120,68,104.6296
0.500000,120,69,109.6019
0.500000,120,70,101.2859
0.500000,120,71,100.0000
0.500000,120,72,100.0000
0.500000,120,73,100.0000
0.500000,120,74,100.0000
0.500000,120,75,100.0000
0.500000,120,76,100.0000
0.500000,120,77,100.0540
0.500000,120,78,100.0000
0.500000,120,79,100.0000
0.500000,120,80,100.0000
0.500000,120,81,100.0000
0.500000,120,82,100.0000
0.500000,120,83,100.0000
0.500000,120,84,100.0000
0.500000,120,85,100.0000
0.500000,120,86,100.0000
0.500000,120,87,100.0000
0.500000,120,88,113.8682
0.500000,120,89,100.0000
0.500000,120,90,100.0000
0.500000,120,91,100.0000
0.500000,120,92,110.0721
0.500000,120,93,100.0000
0.500000,120,94,100.0000
0.500000,120,95,100.0000
0.500000,120,96,120.4148
0.500000,120,97,100.0000
0.500000,120,98,100.0000
0.500000,120,99,100.0000
0.500000,150,0,100.0000
0.500000,150,1,100.0000
0.500000,150,2,113.7344
0.500000,150,3,109.9803
0.500000,150,4,100.0000
0.500000,150,5,100.0000
0.500000,150,6,100.0000
0.500000,150,7,100.0000
0.500000,150,8,100.0000
0.500000,150,9,100.4737
0.500000,150,10,100.0000
0.500000,150,11,100.0385
0.500000,150,12,100.0000
0.500000,150,13,113.9275
0.500000,150,14,100.0000
0.500000,150,15,119.4653
0.500000,150,16,100.0000
0.500000,150,17,100.0000
0.500000,150,18,103.1991
0.500000,150,19,100.0000
0.500000,150,20,112.8837
0.500000,150,21,105.3270
0.500000,150,22,100.0000
0.500000,150,23,100.0000
0.500000,150,24,100.0000
0.500000,150,25,100.0000
0.500000,150,26,104.3147
0.500000,150,27,101.0766
0.500000,150,28,100.0000
0.500000,150,29,100.0000
0.500000,150,30,100.0000
0.500000,150,31,100.0000
0.500000,150,32,109.9385
0.500000,150,33,100.0000
0.500000,150,34,100.0000
0.500000,150,35,102.6065
0.500000,150,36,100.0000
0.500000,150,37,100.0000
0.500000,150,38,100.4145
0.500000,150,39,100.0000
0.500000,150,40,100.0000
0.500000,150,41,100.0000
0.500000,150,42,100.0000
0.500000,150,43,100.0000
0.500000,150,44,100.0000
0.500000,150,45,100.0000
0.500000,150,46,109.8275
0.500000,150,47,100.0000
0.500000,150,48,110.6235
0.500000,150,49,100.0000
0.500000,150,50,100.0000
0.500000,150,51,103.9092
0.500000,150,52,100.0000
0.500000,150,53,108.1536
0.500000,150,54,100.0000
0.500000,150,55,116.4606
0.500000,150,56,100.0000
0.500000,150,57,100.0000
0.500000,150,58,111.7838
0.500000,150,59,111.3165
0.500000,150,60,100.0000
0.500000,150,61,112.8810
0.500000,150,62,108.6137
0.500000,150,63,100.0000
0.500000,150,64,102.7172
0.500000,150,65,100.0000
0.500000,150,66,119.3682
0.500000,150,67,104.9283
0.500000,150,68,100.0000
0.500000,150,69,105.3560
0.500000,150,70,100.0000
0.500000,150,71,100.0000
0.500000,150,72,100.0000
0.500000,150,73,100.6536
0.500000,150,74,100.0000
0.500000,150,75,100.0000
0.500000,150,76,100.0000
0.500000,150,77,102.4185
0.500000,150,78,100.1890
0.500000,150,79,100.0000
0.500000,150,80,100.0000
0.500000,150,81,100.0000
0.500000,150,82,100.0000
0.500000,150,83,100.0000
0.500000,150,84,100.0000
0.500000,150,85,100.0000
0.500000,150,86,100.0000
0.500000,150,87,100.0483
0.500000,150,88,109.5455
0.500000,150,89,100.0000
0.500000,150,90,100.0000
0.500000,150,91,100.0000
0.500000,150,92,109.3254
0.500000,150,93,100.0000
0.500000,150,94,101.0494
0.500000,150,95,100.0000
0.500000,150,96,116.3995
0.500000,150,97,100.0000
0.500000,150,98,100.0000
0.500000,150,99,100.0000
0.500000,180,0,100.0000
0.500000,180,1,100.0000
0.500000,180,2,100.0000
0.500000,180,3,105.5400
0.500000,180,4,100.0000
0.500000,180,5,101.7650
0.500000,180,6,100.0000
0.500000,180,7,100.0000
0.500000,180,8,100.0000
0.500000,180,9,103.2750
0.500000,180,10,100.0000
0.500000,180,11,100.0000
0.500000,180,12,106.0600
0.500000,180,13,101.8100
0.500000,180,14,100.0000
0.500000,180,15,109.3650
0.500000,180,16,100.0000
0.500000,180,17,100.0000
0.500000,180,18,100.0000
0.500000,180,19,100.0000
0.500000,180,20,102.5850
0.500000,180,21,100.0000
0.500000,180,22,100.0000
0.500000,180,23,100.0000
0.500000,180,24,100.0000
0.500000,180,25,100.0000
0.500000,180,26,105.6750
0.500000,180,27,105.8100
0.500000,180,28,100.0000
0.500000,180,29,100.0000
0.500000,180,30,100.0000
0.500000,180,31,100.0000
0.500000,180,32,105.6650
0.500000,180,33,100.0000
0.500000,180,34,100.0000
0.500000,180,35,100.0000
0.500000,180,36,100.0000
0.500000,180,37,102.5600
0.500000,180,38,102.8400
0.500000,180,39,100.0000
0.500000,180,40,100.0000
0.500000,180,41,100.0000
0.500000,180,42,100.0000
0.500000,180,43,100.0000
0.500000,180,44,100.0000
0.500000,180,45,102.1900
0.500000,180,46,106.4750
0.500000,180,47,100.0000
0.500000,180,48,101.5600
0.500000,180,49,100.0000
0.500000,180,50,100.0000
0.500000,180,51,103.2900
0.500000,180,52,100.2300
0.500000,180,53,100.0000
0.500000,180,54,100.0000
0.500000,180,55,107.1050
0.500000,180,56,100.0000
0.500000,180,57,100.0000
0.500000,180,58,108.8350
0.500000,180,59,100.0000
0.500000,180,60,100.0000
0.500000,180,61,100.0000
0.500000,180,62,100.2150
0.500000,180,63,100.0000
0.500000,180,64,100.0000
0.500000,180,65,100.0000
0.500000,180,66,106.3950
0.500000,180,67,109.8650
0.500000,180,68,100.0000
0.500000,180,69,100.0000
0.500000,180,70,100.0000
0.500000,180,71,107.9500
0.500000,180,72,100.0000
0.500000,180,73,104.0600
0.500000,180,74,100.0000
0.500000,180,75,100.0000
0.500000,180,76,100.0000
0.500000,180,77,104.1350
0.500000,180,78,101.2950
0.500000,180,79,100.0000
0.500000,180,80,100.0000
0.500000,180,81,100.0000
0.500000,180,82,100.0000
0.500000,180,83,100.0000
0.500000,180,84,100.0000
0.500000,180,85,100.0000
0.500000,180,86,100.0000
0.500000,180,87,101.3750
0.500000,180,88,102.6650
0.500000,180,89,100.0000
0.500000,180,90,108.2650
0.500000,180,91,105.3800
0.500000,180,92,106.0800
0.500000,180,93,100.0000
0.500000,180,94,105.9200
0.500000,180,95,102.5400
0.500000,180,96,107.9900
0.500000,180,97,103.4050
0.500000,180,98,102.4850
0.500000,180,99,100.0000
0.500000,210,0,100.0000
0.500000,210,1,100.0000
0.500000,210,2,100.0000
0.500000,210,3,100.0000
0.500000,210,4,108.6150
0.500000,210,5,110.8260
0.500000,210,6,100.0000
0.500000,210,7,100.0000
0.500000,210,8,100.0000
0.500000,210,9,105.1987
0.500000,210,10,109.3842
0.500000,210,11,100.0000
0.500000,210,12,111.2106
0.500000,210,13,100.0000
0.500000,210,14,100.0000
0.500000,210,15,100.0000
0.500000,210,16,101.8887
0.500000,210,17,100.0000
0.500000,210,18,100.0000
0.500000,210,19,100.0000
0.500000,210,20,100.0000
0.500000,210,21,100.0000
0.500000,210,22,100.0000
0.500000,210,23,100.0000
0.500000,210,24,100.0000
0.500000,210,25,100.0000
0.500000,210,26,105.5147
0.500000,210,27,108.9866
0.500000,210,28,100.0000
0.500000,210,29,100.0000
0.500000,210,30,100.0000
0.500000,210,31,100.0000
0.500000,210,32,100.0000
0.500000,210,33,100.0000
0.500000,210,34,100.0000
0.500000,210,35,100.0000
0.500000,210,36,100.0000
0.500000,210,37,108.2695
0.500000,210,38,104.5045
0.500000,210,39,100.0000
0.500000,210,40,100.0000
0.500000,210,41,100.0000
0.500000,210,42,100.0000
0.500000,210,43,100.0000
0.500000,210,44,100.0000
0.500000,210,45,108.3266
0.500000,210,46,101.3875
0.500000,210,47,100.0000
0.500000,210,48,100.0000
0.500000,210,49,109.8171
0.500000,210,50,100.0000
0.500000,210,51,101.7892
0.500000,210,52,102.0717
0.500000,210,53,100.0000
0.500000,210,54,100.0000
0.500000,210,55,100.0000
0.500000,210,56,100.0000
0.500000,210,57,107.2608
0.500000,210,58,103.5188
0.500000,210,59,100.0000
0.500000,210,60,100.0000
0.500000,210,61,100.0000
0.500000,210,62,100.0000
0.500000,210,63,100.3359
0.500000,210,64,100.0000
0.500000,210,65,100.0000
0.500000,210,66,100.0000
0.500000,210,67,112.1583
0.500000,210,68,100.0000
0.500000,210,69,100.0000
0.500000,210,70,100.0000
0.500000,210,71,119.7999
0.500000,210,72,100.0000
0.500000,210,73,106.3786
0.500000,210,74,100.0000
0.500000,210,75,100.0000
0.500000,210,76,100.0000
0.500000,210,77,104.7435
0.500000,210,78,102.0540
0.500000,210,79,100.0000
0.500000,210,80,102.8437
0.500000,210,81,100.0000
0.500000,210,82,100.0000
0.500000,210,83,100.0000
0.500000,210,84,100.0000
0.500000,210,85,100.0000
0.500000,210,86,100.0000
0.500000,210,87,102.3333
0.500000,210,88,100.0000
0.500000,210,89,100.0000
0.500000,210,90,120.1302
0.500000,210,91,109.4292
0.500000,210,92,101.2054
0.500000,210,93,101.9261
0.500000,210,94,109.2044
0.500000,210,95,106.2672
0.500000,210,96,100.0000
0.500000,210,97,108.1488
0.500000,210,98,108.2821
0.500000,210,99,113.5139
0.500000,240,0,100.0000
0.500000,240,1,100.0000
0.500000,240,2,100.0000
0.500000,240,3,100.0000
0.500000,240,4,117.9816
0.500000,240,5,116.9862
0.500000,240,6,100.0000
0.500000,240,7,100.0000
0.500000,240,8,104.5982
0.500000,240,9,105.7295
0.500000,240,10,119.9990
0.500000,240,11,100.0000
0.500000,240,12,113.3574
0.500000,240,13,100.0000
0.500000,240,14,100.0000
0.500000,240,15,100.0000
0.500000,240,16,103.8213
0.500000,240,17,102.8671
0.500000,240,18,100.0000
0.500000,240,19,100.0000
0.500000,240,20,100.0000
0.500000,240,21,100.0000
0.500000,240,22,100.0000
0.500000,240,23,100.0000
0.500000,240,24,100.0000
0.500000,240,25,100.0000
0.500000,240,26,103.8767
0.500000,240,27,109.7553
0.500000,240,28,100.0000
0.500000,240,29,100.0000
0.500000,240,30,100.0000
0.500000,240,31,100.0000
0.500000,240,32,100.0000
0.500000,240,33,101.2870
0.500000,240,34,104.2354
0.500000,240,35,100.0000
0.500000,240,36,100.0000
0.500000,240,37,111.7632
0.500000,240,38,104.9620
0.500000,240,39,100.0000
0.500000,240,40,100.0000
0.500000,240,41,100.0000
0.500000,240,42,100.0000
0.500000,240,43,100.0000
0.500000,240,44,100.0000
0.500000,240,45,112.2321
0.500000,240,46,100.0000
0.500000,240,47,100.0000
0.500000,240,48,100.0000
0.500000,240,49,119.7437
0.500000,240,50,113.4930
0.500000,240,51,100.0000
0.500000,240,52,103.3583
0.500000,240,53,100.0000
0.500000,240,54,100.0000
0.500000,240,55,100.0000
0.500000,240,56,100.0000
0.500000,240,57,113.5711
0.500000,240,58,100.0000
0.500000,240,59,100.0000
0.500000,240,60,100.0000
0.500000,240,61,100.0000
0.500000,240,62,100.0000
0.500000,240,63,100.9618
0.500000,240,64,100.0000
0.500000,240,65,100.0000
0.500000,240,66,100.0000
0.500000,240,67,111.1939
0.500000,240,68,100.0000
0.500000,240,69,100.0000
0.500000,240,70,100.0000
0.500000,240,71,126.3444
0.500000,240,72,100.0000
0.500000,240,73,106.9880
0.500000,240,74,100.0000
0.500000,240,75,100.0000
0.500000,240,76,100.0000
0.500000,240,77,104.0810
0.500000,240,78,102.2626
0.500000,240,79,100.0000
0.500000,240,80,109.6554
0.500000,240,81,100.0000
0.500000,240,82,101.2681
0.500000,240,83,112.2616
0.500000,240,84,100.0000
0.500000,240,85,100.0000
0.500000,240,86,101.5186
0.500000,240,87,102.6664
0.500000,240,88,100.0000
0.500000,240,89,100.0000
0.500000,240,90,126.6015
0.500000,240,91,110.9519
0.500000,240,92,100.0000
0.500000,240,93,103.8112
0.500000,240,94,110.0224
0.500000,240,95,108.3151
0.500000,240,96,100.0000
0.500000,240,97,110.7092
0.500000,240,98,111.8600
0.500000,240,99,126.0667
0.500000,270,0,100.0000
0.500000,270,1,100.9500
0.500000,270,2,100.0000
0.500000,270,3,100.0000
0.500000,270,4,122.5300
0.500000,270,5,118.5950
0.500000,270,6,100.0000
0.500000,270,7,104.9100
0.500000,270,8,112.9450
0.500000,270,9,104.7250
0.500000,270,10,125.2550
0.500000,270,11,100.0000
0.500000,270,12,111.9250
0.500000,270,13,100.0000
0.500000,270,14,104.8350
0.500000,270,15,100.0000
0.500000,270,16,104.7300
0.500000,270,17,112.5800
0.500000,270,18,100.0000
0.500000,270,19,100.0000
0.500000,270,20,100.0000
0.500000,270,21,100.0000
0.500000,270,22,100.0000
0.500000,270,23,105.6500
0.500000,270,24,103.4400
0.500000,270,25,100.0000
0.500000,270,26,101.2000
0.500000,270,27,107.9100
0.500000,270,28,100.0000
0.500000,270,29,100.0000
0.500000,270,30,100.0000
0.500000,270,31,100.0000
0.500000,270,32,100.0000
0.500000,270,33,105.7700
0.500000,270,34,110.2600
0.500000,270,35,100.0000
0.500000,270,36,100.0000
0.500000,270,37,112.1050
0.500000,270,38,104.0900
0.500000,270,39,100.0000
0.500000,270,40,100.0050
0.500000,270,41,100.0000
0.500000,270,42,100.8850
0.500000,270,43,100.0000
0.500000,270,44,100.0000
0.500000,270,45,112.8600
0.500000,270,46,100.0000
0.500000,270,47,100.0000
0.500000,270,48,100.0000
0.500000,270,49,124.3800
0.500000,270,50,124.9450
0.500000,270,51,100.0000
0.500000,270,52,103.7450
0.500000,270,53,100.0000
0.500000,270,54,100.0000
0.500000,270,55,100.0000
0.500000,270,56,100.0000
0.500000,270,57,116.2450
0.500000,270,58,100.0000
0.500000,270,59,100.0000
0.500000,270,60,100.0000
0.500000,270,61,100.0000
0.500000,270,62,100.0000
0.500000,270,63,101.3300
0.500000,270,64,100.0000
0.500000,270,65,100.0000
0.500000,270,66,100.0000
0.500000,270,67,107.2300
0.500000,270,68,100.0000
0.500000,270,69,100.0000
0.500000,270,70,100.0000
0.500000,270,71,125.8300
0.500000,270,72,100.0000
0.500000,270,73,105.7250
0.500000,270,74,103.6750
0.500000,270,75,100.0000
0.500000,270,76,100.0000
0.500000,270,77,102.3250
0.500000,270,78,101.8650
0.500000,270,79,100.6950
0.500000,270,80,113.8800
0.500000,270,81,101.6600
0.500000,270,82,107.9450
0.500000,270,83,123.2200
0.500000,270,84,100.0000
0.500000,270,85,107.8650
0.500000,270,86,104.5450
0.500000,270,87,102.2850
0.500000,270,88,100.0000
0.500000,270,89,104.9250
0.500000,270,90,125.9450
0.500000,270,91,109.5400
0.500000,270,92,100.0000
0.500000,270,93,104.6750
0.500000,270,94,108.1550
0.500000,270,95,108.1350
0.500000,270,96,100.0000
0.500000,270,97,110.4000
0.500000,270,98,112.2600
0.500000,270,99,131.6350
0.500000,300,0,105.5039
0.500000,300,1,102.1627
0.500000,300,2,100.0000
0.500000,300,3,100.0000
0.500000,300,4,121.0416
0.500000,300,5,115.2212
0.500000,300,6,105.3850
0.500000,300,7,110.3172
0.500000,300,8,117.8232
0.500000,300,9,102.4545
0.500000,300,10,123.7440
0.500000,300,11,100.0000
0.500000,300,12,107.2974
0.500000,300,13,100.0000
0.500000,300,14,110.3297
0.500000,300,15,100.0000
0.500000,300,16,104.3713
0.500000,300,17,118.9221
0.500000,300,18,100.0000
0.500000,300,19,103.5113
0.500000,300,20,100.0000
0.500000,300,21,100.0000
0.500000,300,22,100.0000
0.500000,300,23,111.5905
0.500000,300,24,111.1091
0.500000,300,25,100.0000
0.500000,300,26,100.0000
0.500000,300,27,103.9453
0.500000,300,28,101.4257
0.500000,300,29,104.5410
0.500000,300,30,100.0521
0.500000,300,31,100.0000
0.500000,300,32,100.0000
0.500000,300,33,108.7070
0.500000,300,34,113.5354
0.500000,300,35,100.0000
0.500000,300,36,110.9594
0.500000,300,37,109.2032
0.500000,300,38,102.1220
0.500000,300,39,100.0000
0.500000,300,40,100.0318
0.500000,300,41,100.0000
0.500000,300,42,103.2714
0.500000,300,43,100.0000
0.500000,300,44,101.5603
0.500000,300,45,110.0421
0.500000,300,46,100.0000
0.500000,300,47,102.6617
0.500000,300,48,100.0000
0.500000,300,49,122.4837
0.500000,300,50,129.7130
0.500000,300,51,100.0000
0.500000,300,52,103.1283
0.500000,300,53,100.0000
0.500000,300,54,100.0000
0.500000,300,55,100.0000
0.500000,300,56,115.1770
0.500000,300,57,114.5661
0.500000,300,58,100.0000
0.500000,300,59,100.0000
0.500000,300,60,102.1568
0.500000,300,61,100.0000
0.500000,300,62,100.0000
0.500000,300,63,101.3418
0.500000,300,64,100.0000
0.500000,300,65,100.0000
0.500000,300,66,100.0000
0.500000,300,67,101.3289
0.500000,300,68,100.0000
0.500000,300,69,100.0000
0.500000,300,70,100.0000
0.500000,300,71,118.3944
0.500000,300,72,111.1834
0.500000,300,73,102.9280
0.500000,300,74,106.9176
0.500000,300,75,105.7175
0.500000,300,76,104.1351
0.500000,300,77,100.0000
0.500000,300,78,100.9676
0.500000,300,79,110.3169
0.500000,300,80,114.3854
0.500000,300,81,106.1126
0.500000,300,82,112.4931
0.500000,300,83,127.9566
0.500000,300,84,102.8251
0.500000,300,85,115.6788
0.500000,300,86,106.3536
0.500000,300,87,101.2914
0.500000,300,88,100.0000
0.500000,300,89,110.0727
0.500000,300,90,118.3365
0.500000,300,91,105.5719
0.500000,300,92,100.0000
0.500000,300,93,104.2862
0.500000,300,94,104.1024
0.500000,300,95,105.7751
0.500000,300,96,100.0000
0.500000,300,97,107.3042
0.500000,300,98,109.3750
0.500000,300,99,128.7267
0.500000,330,0,110.1030
0.500000,330,1,102.7959
0.500000,330,2,100.0000
0.500000,330,3,100.0000
0.500000,330,4,113.9150
0.500000,330,5,107.7690
0.500000,330,6,109.8871
0.500000,330,7,112.9599
0.500000,330,8,117.9257
0.500000,330,9,100.0000
0.500000,330,10,115.8708
0.500000,330,11,100.0000
0.500000,330,12,100.7144
0.500000,330,13,100.0000
0.500000,330,14,113.0566
0.500000,330,15,100.0000
0.500000,330,16,102.8413
0.500000,330,17,120.1940
0.500000,330,18,100.0000
0.500000,330,19,114.6568
0.500000,330,20,100.0000
0.500000,330,21,100.0000
0.500000,330,22,109.7837
0.500000,330,23,114.4254
0.500000,330,24,115.8016
0.500000,330,25,101.9139
0.500000,330,26,100.0000
0.500000,330,27,100.0000
0.500000,330,28,106.6544
0.500000,330,29,108.1903
0.500000,330,30,104.6402
0.500000,330,31,103.0145
0.500000,330,32,100.0000
0.500000,330,33,109.3109
0.500000,330,34,113.1840
0.500000,330,35,100.0000
0.500000,330,36,119.1273
0.500000,330,37,103.8355
0.500000,330,38,100.0000
0.500000,330,39,103.6559
0.500000,330,40,100.0501
0.500000,330,41,100.0798
0.500000,330,42,104.7813
0.500000,330,43,103.7895
0.500000,330,44,103.2276
0.500000,330,45,104.5334
0.500000,330,46,100.0000
0.500000,330,47,109.4003
0.500000,330,48,100.0000
0.500000,330,49,114.5629
0.500000,330,50,126.5194
0.500000,330,51,100.0000
0.500000,330,52,101.6733
0.500000,330,53,100.0000
0.500000,330,54,103.3977
0.500000,330,55,100.0000
0.500000,330,56,126.5824
0.500000,330,57,108.9842
0.500000,330,58,100.0000
0.500000,330,59,100.0000
0.500000,330,60,108.3206
0.500000,330,61,100.0000
0.500000,330,62,100.0000
0.500000,330,63,100.9941
0.500000,330,64,100.0000
0.500000,330,65,110.3876
0.500000,330,66,100.0000
0.500000,330,67,100.0000
0.500000,330,68,107.4914
0.500000,330,69,100.0000
0.500000,330,70,107.2077
0.500000,330,71,106.0301
0.500000,330,72,125.9452
0.500000,330,73,100.0000
0.500000,330,74,108.3067
0.500000,330,75,117.2180
0.500000,330,76,109.6071
0.500000,330,77,100.0000
0.500000,330,78,100.0000
0.500000,330,79,117.1744
0.500000,330,80,111.0363
0.500000,330,81,108.9273
0.500000,330,82,113.6936
0.500000,330,83,125.2023
0.500000,330,84,113.6833
0.500000,330,85,119.2915
0.500000,330,86,106.4597
0.500000,330,87,100.0000
0.500000,330,88,100.0000
0.500000,330,89,112.5214
0.500000,330,90,105.8148
0.500000,330,91,100.1108
0.500000,330,92,100.0000
0.500000,330,93,102.7489
0.500000,330,94,100.0000
0.500000,330,95,101.8678
0.500000,330,96,100.0000
0.500000,330,97,102.2512
0.500000,330,98,103.9779
0.500000,330,99,118.1211
1.000000,0,0,111.9950
1.000000,0,1,102.6800
1.000000,0,2,100.0700
1.000000,0,3,100.0000
1.000000,0,4,103.0600
1.000000,0,5,100.0000
1.000000,0,6,111.7400
1.000000,0,7,112.1300
1.000000,0,8,113.2250
1.000000,0,9,100.0000
1.000000,0,10,103.7450
1.000000,0,11,100.0450
1.000000,0,12,100.0000
1.000000,0,13,100.0000
1.000000,0,14,112.2850
1.000000,0,15,100.0000
1.000000,0,16,100.5500
1.000000,0,17,116.0550
1.000000,0,18,108.2600
1.000000,0,19,121.8750
1.000000,0,20,100.0000
1.000000,0,21,101.0600
1.000000,0,22,118.8750
1.000000,0,23,113.3950
1.000000,0,24,116.2600
1.000000,0,25,111.5400
1.000000,0,26,100.0000
1.000000,0,27,100.0000
1.000000,0,28,110.1000
1.000000,0,29,109.6450
1.000000,0,30,107.9850
1.000000,0,31,106.5350
1.000000,0,32,100.0000
1.000000,0,33,107.4200
1.000000,0,34,109.3000
1.000000,0,35,110.9650
1.000000,0,36,122.1700
1.000000,0,37,100.0000
1.000000,0,38,100.0000
1.000000,0,39,113.2050
1.000000,0,40,100.0550
1.000000,0,41,109.2200
1.000000,0,42,105.0100
1.000000,0,43,108.6250
1.000000,0,44,104.0300
1.000000,0,45,100.0000
1.000000,0,46,100.0000
1.000000,0,47,113.6200
1.000000,0,48,100.0000
1.000000,0,49,102.7400
1.000000,0,50,116.2200
1.000000,0,51,100.0000
1.000000,0,52,100.0000
1.000000,0,53,111.3350
1.000000,0,54,108.3400
1.000000,0,55,100.0000
1.000000,0,56,130.8650
1.000000,0,57,100.9950
1.000000,0,58,100.0000
1.000000,0,59,106.2250
1.000000,0,60,112.2550
1.000000,0,61,102.9000
1.000000,0,62,100.0000
1.000000,0,63,100.3800
1.000000,0,64,108.3950
1.000000,0,65,119.3500
1.000000,0,66,100.0000
1.000000,0,67,100.0000
1.000000,0,68,117.6050
1.000000,0,69,100.3250
1.000000,0,70,113.7700
1.000000,0,71,100.0000
1.000000,0,72,133.7550
1.000000,0,73,100.0000
1.000000,0,74,107.4700
1.000000,0,75,124.1050
1.000000,0,76,112.5050
1.000000,0,77,100.0000
1.000000,0,78,100.0000
1.000000,0,79,119.4300
1.000000,0,80,104.7300
1.000000,0,81,109.3500
1.000000,0,82,111.2250
1.000000,0,83,115.6950
1.000000,0,84,120.8750
1.000000,0,85,117.7350
1.000000,0,86,104.8350
1.000000,0,87,100.0000
1.000000,0,88,100.0000
1.000000,0,89,111.6150
1.000000,0,90,100.0000
1.000000,0,91,100.0000
1.000000,0,92,100.0000
1.000000,0,93,100.4750
1.000000,0,94,100.0000
1.000000,0,95,100.0000
1.000000,0,96,100.0000
1.000000,0,97,100.0000
1.000000,0,98,100.0000
1.000000,0,99,102.6600
1.000000,30,0,110.6730
1.000000,30,1,101.8459
1.000000,30,2,113.8556
1.000000,30,3,100.3847
1.000000,30,4,100.0000
1.000000,30,5,100.0000
1.000000,30,6,110.4471
1.000000,30,7,108.0499
1.000000,30,8,104.9807
1.000000,30,9,100.0000
1.000000,30,10,100.0000
1.000000,30,11,100.1165
1.000000,30,12,100.0000
1.000000,30,13,110.7925
1.000000,30,14,108.2216
1.000000,30,15,103.2447
1.000000,30,16,100.0000
1.000000,30,17,107.6140
1.000000,30,18,117.5059
1.000000,30,19,123.2318
1.000000,30,20,108.4063
1.000000,30,21,107.1630
1.000000,30,22,122.9087
1.000000,30,23,108.7754
1.000000,30,24,112.3616
1.000000,30,25,118.0739
1.000000,30,26,100.0000
1.000000,30,27,100.0000
1.000000,30,28,110.8394
1.000000,30,29,108.5153
1.000000,30,30,109.1902
1.000000,30,31,108.3045
1.000000,30,32,100.1265
1.000000,30,33,103.5409
1.000000,30,34,102.9240
1.000000,30,35,121.5985
1.000000,30,36,119.2723
1.000000,30,37,100.0000
1.000000,30,38,100.0000
1.000000,30,39,119.2159
1.000000,30,40,100.0451
1.000000,30,41,115.8898
1.000000,30,42,103.8963
1.000000,30,43,111.1495
1.000000,30,44,103.7526
1.000000,30,45,100.0000
1.000000,30,46,100.0000
1.000000,30,47,114.1903
1.000000,30,48,107.9215
1.000000,30,49,100.0000
1.000000,30,50,101.5744
1.000000,30,51,100.0000
1.000000,30,52,100.0000
1.000000,30,53,127.7864
1.000000,30,54,111.0477
1.000000,30,55,104.1544
1.000000,30,56,126.8774
1.000000,30,57,100.0000
1.000000,30,58,100.0000
1.000000,30,59,122.0985
1.000000,30,60,112.9056
1.000000,30,61,117.9040
1.000000,30,62,108.2413
1.000000,30,63,100.0000
1.000000,30,64,117.2578
1.000000,30,65,123.1276
1.000000,30,66,108.2918
1.000000,30,67,100.0000
1.000000,30,68,123.0014
1.000000,30,69,105.9190
1.000000,30,70,116.6427
1.000000,30,71,100.0000
1.000000,30,72,132.5202
1.000000,30,73,100.0000
1.000000,30,74,104.6317
1.000000,30,75,124.5330
1.000000,30,76,112.0521
1.000000,30,77,100.0000
1.000000,30,78,100.0000
1.000000,30,79,116.4794
1.000000,30,80,100.0000
1.000000,30,81,107.2673
1.000000,30,82,105.7486
1.000000,30,83,101.9823
1.000000,30,84,122.4733
1.000000,30,85,111.4265
1.000000,30,86,101.9147
1.000000,30,87,100.0000
1.000000,30,88,104.9295
1.000000,30,89,107.5964
1.000000,30,90,100.0000
1.000000,30,91,100.0000
1.000000,30,92,100.0000
1.000000,30,93,100.0000
1.000000,30,94,100.0000
1.000000,30,95,100.0000
1.000000,30,96,102.5605
1.000000,30,97,100.0000
1.000000,30,98,100.0000
1.000000,30,99,100.0000
1.000000,60,0,106.4911
1.000000,60,1,100.5173
1.000000,60,2,123.9286
1.000000,60,3,106.2064
1.000000,60,4,100.0000
1.000000,60,5,100.0000
1.000000,60,6,106.3550
1.000000,60,7,101.8128
1.000000,60,8,100.0000
1.000000,60,9,100.0000
1.000000,60,10,100.0000
1.000000,60,11,100.1567
1.000000,60,12,100.0000
1.000000,60,13,120.5031
1.000000,60,14,101.9553
1.000000,60,15,114.9849
1.000000,60,16,100.0000
1.000000,60,17,100.0000
1.000000,60,18,122.0611
1.000000,60,19,118.3637
1.000000,60,20,117.1452
1.000000,60,21,111.3467
1.000000,60,22,120.8041
1.000000,60,23,101.8045
1.000000,60,24,105.1509
1.000000,60,25,119.7650
1.000000,60,26,100.0000
1.000000,60,27,100.0000
1.000000,60,28,108.6743
1.000000,60,29,105.1040
1.000000,60,30,107.9329
1.000000,60,31,107.8488
1.000000,60,32,105.8840
1.000000,60,33,100.0000
1.000000,60,34,100.0000
1.000000,60,35,126.4446
1.000000,60,36,111.2106
1.000000,60,37,100.0000
1.000000,60,38,100.0000
1.000000,60,39,120.0779
1.000000,60,40,100.0232
1.000000,60,41,118.3019
1.000000,60,42,101.7386
1.000000,60,43,110.6864
1.000000,60,44,102.4697
1.000000,60,45,100.0000
1.000000,60,46,104.0718
1.000000,60,47,110.9583
1.000000,60,48,115.2804
1.000000,60,49,100.0000
1.000000,60,50,100.0000
1.000000,60,51,100.1910
1.000000,60,52,100.0000
1.000000,60,53,136.7925
1.000000,60,54,110.7951
1.000000,60,55,114.3006
1.000000,60,56,115.6880
1.000000,60,57,100.0000
1.000000,60,58,102.7402
1.000000,60,59,132.0507
1.000000,60,60,110.0982
1.000000,60,61,128.1106
1.000000,60,62,114.4894
1.000000,60,63,100.0000
1.000000,60,64,121.4964
1.000000,60,65,120.7082
1.000000,60,66,120.7568
1.000000,60,67,100.0000
1.000000,60,68,122.2346
1.000000,60,69,109.9269
1.000000,60,70,115.0559
1.000000,60,71,100.0000
1.000000,60,72,122.5716
1.000000,60,73,100.0000
1.000000,60,74,100.5524
1.000000,60,75,118.3875
1.000000,60,76,108.3699
1.000000,60,77,100.0000
1.000000,60,78,100.0000
1.000000,60,79,109.1131
1.000000,60,80,100.0000
1.000000,60,81,103.2374
1.000000,60,82,100.0000
1.000000,60,83,100.0000
1.000000,60,84,118.0499
1.000000,60,85,102.0562
1.000000,60,86,100.0000
1.000000,60,87,100.0000
1.000000,60,88,111.2032
1.000000,60,89,101.5423
1.000000,60,90,100.0000
1.000000,60,91,100.0000
1.000000,60,92,103.9921
1.000000,60,93,100.0000
1.000000,60,94,100.0000
1.000000,60,95,100.0000
1.000000,60,96,112.4248
1.000000,60,97,100.0000
1.000000,60,98,100.0000
1.000000,60,99,100.0000
1.000000,90,0,100.5700
1.000000,90,1,100.0000
1.000000,90,2,127.5900
1.000000,90,3,110.3650
1.000000,90,4,100.0000
1.000000,90,5,100.0000
1.000000,90,6,100.5600
1.000000,90,7,100.0000
1.000000,90,8,100.0000
1.000000,90,9,100.0000
1.000000,90,10,100.0000
1.000000,90,11,100.1550
1.000000,90,12,100.0000
1.000000,90,13,124.7200
1.000000,90,14,100.0000
1.000000,90,15,122.7100
1.000000,90,16,100.0000
1.000000,90,17,100.0000
1.000000,90,18,120.7050
1.000000,90,19,108.5750
1.000000,90,20,121.2900
1.000000,90,21,112.4900
1.000000,90,22,113.1250
1.000000,90,23,100.0000
1.000000,90,24,100.0000
1.000000,90,25,116.1600
1.000000,90,26,100.0000
1.000000,90,27,100.0000
1.000000,90,28,104.1850
1.000000,90,29,100.3250
1.000000,90,30,104.5500
1.000000,90,31,105.2900
1.000000,90,32,110.0650
1.000000,90,33,100.0000
1.000000,90,34,100.0000
1.000000,90,35,124.2050
1.000000,90,36,100.1450
1.000000,90,37,100.0000
1.000000,90,38,100.0000
1.000000,90,39,115.5600
1.000000,90,40,100.0000
1.000000,90,41,115.8100
1.000000,90,42,100.0000
1.000000,90,43,107.3600
1.000000,90,44,100.5250
1.000000,90,45,100.0000
1.000000,90,46,108.4400
1.000000,90,47,104.7900
1.000000,90,48,118.5450
1.000000,90,49,100.0000
1.000000,90,50,100.0000
1.000000,90,51,102.1200
1.000000,90,52,100.0000
1.000000,90,53,135.9400
1.000000,90,54,107.6500
1.000000,90,55,120.6150
1.000000,90,56,100.2950
1.000000,90,57,100.0000
1.000000,90,58,108.2650
1.000000,90,59,133.4150
1.000000,90,60,104.5850
1.000000,90,61,130.7850
1.000000,90,62,116.8550
1.000000,90,63,100.0000
1.000000,90,64,119.9750
1.000000,90,65,112.7400
1.000000,90,66,127.6600
1.000000,90,67,100.0000
1.000000,90,68,115.5100
1.000000,90,69,111.2750
1.000000,90,70,109.4350
1.000000,90,71,100.0000
1.000000,90,72,106.5750
1.000000,90,73,100.0000
1.000000,90,74,100.0000
1.000000,90,75,107.3150
1.000000,90,76,102.4450
1.000000,90,77,100.0000
1.000000,90,78,100.0000
1.000000,90,79,100.0000
1.000000,90,80,100.0000
1.000000,90,81,100.0000
1.000000,90,82,100.0000
1.000000,90,83,100.0000
1.000000,90,84,108.7900
1.000000,90,85,100.0000
1.000000,90,86,100.0000
1.000000,90,87,100.0000
1.000000,90,88,114.4750
1.000000,90,89,100.0000
1.000000,90,90,100.0000
1.000000,90,91,100.0000
1.000000,90,92,108.1200
1.000000,90,93,100.0000
1.000000,90,94,100.0000
1.000000,90,95,100.0000
1.000000,90,96,118.9600
1.000000,90,97,100.0000
1.000000,90,98,100.0000
1.000000,90,99,100.0000
1.000000,120,0,100.0000
1.000000,120,1,100.0000
1.000000,120,2,123.8586
1.000000,120,3,111.7464
1.000000,120,4,100.0000
1.000000,120,5,100.0000
1.000000,120,6,100.0000
1.000000,120,7,100.0000
1.000000,120,8,100.0000
1.000000,120,9,100.0000
1.000000,120,10,100.0000
1.000000,120,11,100.1117
1.000000,120,12,100.0000
1.000000,120,13,122.3131
1.000000,120,14,100.0000
1.000000,120,15,124.3499
1.000000,120,16,100.0000
1.000000,120,17,100.0000
1.000000,120,18,113.8011
1.000000,120,19,100.0000
1.000000,120,20,119.7302
1.000000,120,21,110.2867
1.000000,120,22,101.9291
1.000000,120,23,100.0000
1.000000,120,24,100.0000
1.000000,120,25,108.2250
1.000000,120,26,101.7983
1.000000,120,27,100.0000
1.000000,120,28,100.0000
1.000000,120,29,100.0000
1.000000,120,30,100.0000
1.000000,120,31,101.3138
1.000000,120,32,111.5490
1.000000,120,33,100.0000
1.000000,120,34,100.0000
1.000000,120,35,115.4796
1.000000,120,36,100.0000
1.000000,120,37,100.0000
1.000000,120,38,100.0000
1.000000,120,39,106.8729
1.000000,120,40,100.0000
1.000000,120,41,109.0819
1.000000,120,42,100.0000
1.000000,120,43,102.0614
1.000000,120,44,100.0000
1.000000,120,45,100.0000
1.000000,120,46,110.5468
1.000000,120,47,100.0000
1.000000,120,48,116.8404
1.000000,120,49,100.0000
1.000000,120,50,100.0000
1.000000,120,51,103.4810
1.000000,120,52,100.0000
1.000000,120,53,125.4575
1.000000,120,54,102.4551
1.000000,120,55,121.4056
1.000000,120,56,100.0000
1.000000,120,57,100.0000
1.000000,120,58,111.5752
1.000000,120,59,125.8257
1.000000,120,60,100.0000
1.000000,120,61,125.2106
1.000000,120,62,114.7044
1.000000,120,63,100.0000
1.000000,120,64,113.1014
1.000000,120,65,101.3582
1.000000,120,66,127.1518
1.000000,120,67,100.0000
1.000000,120,68,104.6296
1.000000,120,69,109.6019
1.000000,120,70,101.2859
1.000000,120,71,100.0000
1.000000,120,72,100.0000
1.000000,120,73,100.0000
1.000000,120,74,100.0000
1.000000,120,75,100.0000
1.000000,120,76,100.0000
1.000000,120,77,100.0540
1.000000,120,78,100.0000
1.000000,120,79,100.0000
1.000000,120,80,100.0000
1.000000,120,81,100.0000
1.000000,120,82,100.0000
1.000000,120,83,100.0000
1.000000,120,84,100.0000
1.000000,120,85,100.0000
1.000000,120,86,100.0000
1.000000,120,87,100.0000
1.000000,120,88,113.8682
1.000000,120,89,100.0000
1.000000,120,90,100.0000
1.000000,120,91,100.0000
1.000000,120,92,110.0721
1.000000,120,93,100.0000
1.000000,120,94,100.0000
1.000000,120,95,100.0000
1.000000,120,96,120.4148
1.000000,120,97,100.0000
1.000000,120,98,100.0000
1.000000,120,99,100.0000
1.000000,150,0,100.0000
1.000000,150,1,100.0000
1.000000,150,2,113.7344
1.000000,150,3,109.9803
1.000000,150,4,100.0000
1.000000,150,5,100.0000
1.000000,150,6,100.0000
1.000000,150,7,100.0000
1.000000,150,8,100.0000
1.000000,150,9,100.4737
1.000000,150,10,100.0000
1.000000,150,11,100.0385
1.000000,150,12,100.0000
1.000000,150,13,113.9275
1.000000,150,14,100.0000
1.000000,150,15,119.4653
1.000000,150,16,100.0000
1.000000,150,17,100.0000
1.000000,150,18,103.1991
1.000000,150,19,100.0000
1.000000,150,20,112.8837
1.000000,150,21,105.3270
1.000000,150,22,100.0000
1.000000,150,23,100.0000
1.000000,150,24,100.0000
1.000000,150,25,100.0000
1.000000,150,26,104.3147
1.000000,150,27,101.0766
1.000000,150,28,100.0000
1.000000,150,29,100.0000
1.000000,150,30,100.0000
1.000000,150,31,100.0000
1.000000,150,32,109.9385
1.000000,150,33,100.0000
1.000000,150,34,100.0000
1.000000,150,35,102.6065
1.000000,150,36,100.0000
1.000000,150,37,100.0000
1.000000,150,38,100.4145
1.000000,150,39,100.0000
1.000000,150,40,100.0000
1.000000,150,41,100.0000
1.000000,150,42,100.0000
1.000000,150,43,100.0000
1.000000,150,44,100.0000
1.000000,150,45,100.0000
1.000000,150,46,109.8275
1.000000,150,47,100.0000
1.000000,150,48,110.6235
1.000000,150,49,100.0000
1.000000,150,50,100.0000
1.000000,150,51,103.9092
1.000000,150,52,100.0000
1.000000,150,53,108.1536
1.000000,150,54,100.0000
1.000000,150,55,116.4606
1.000000,150,56,100.0000
1.000000,150,57,100.0000
1.000000,150,58,111.7838
1.000000,150,59,111.3165
1.000000,150,60,100.0000
1.000000,150,61,112.8810
1.000000,150,62,108.6137
1.000000,150,63,100.0000
1.000000,150,64,102.7172
1.000000,150,65,100.0000
1.000000,150,66,119.3682
1.000000,150,67,104.9283
1.000000,150,68,100.0000
1.000000,150,69,105.3560
1.000000,150,70,100.0000
1.000000,150,71,100.0000
1.000000,150,72,100.0000
1.000000,150,73,100.6536
1.000000,150,74,100.0000
1.000000,150,75,100.0000
1.000000,150,76,100.0000
1.000000,150,77,102.4185
1.000000,150,78,100.1890
1.000000,150,79,100.0000
1.000000,150,80,100.0000
1.000000,150,81,100.0000
1.000000,150,82,100.0000
1.000000,150,83,100.0000
1.000000,150,84,100.0000
1.000000,150,85,100.0000
1.000000,150,86,100.0000
1.000000,150,87,100.0483
1.000000,150,88,109.5455
1.000000,150,89,100.0000
1.000000,150,90,100.0000
1.000000,150,91,100.0000
1.000000,150,92,109.3254
1.000000,150,93,100.0000
1.000000,150,94,101.0494
1.000000,150,95,100.0000
1.000000,150,96,116.3995
1.000000,150,97,100.0000
1.000000,150,98,100.0000
1.000000,150,99,100.0000
1.000000,180,0,100.0000
1.000000,180,1,100.0000
1.000000,180,2,100.0000
1.000000,180,3,105.5400
1.000000,180,4,100.0000
1.000000,180,5,101.7650
1.000000,180,6,100.0000
1.000000,180,7,100.0000
1.000000,180,8,100.0000
1.000000,180,9,103.2750
1.000000,180,10,100.0000
1.000000,180,11,100.0000
1.000000,180,12,106.0600
1.000000,180,13,101.8100
1.000000,180,14,100.0000
1.000000,180,15,109.3650
1.000000,180,16,100.0000
1.000000,180,17,100.0000
1.000000,180,18,100.0000
1.000000,180,19,100.0000
1.000000,180,20,102.5850
1.000000,180,21,100.0000
1.000000,180,22,100.0000
1.000000,180,23,100.0000
1.000000,180,24,100.0000
1.000000,180,25,100.0000
1.000000,180,26,105.6750
1.000000,180,27,105.8100
1.000000,180,28,100.0000
1.000000,180,29,100.0000
1.000000,180,30,100.0000
1.000000,180,31,100.0000
1.000000,180,32,105.6650
1.000000,180,33,100.0000
1.000000,180,34,100.0000
1.000000,180,35,100.0000
1.000000,180,36,100.0000
1.000000,180,37,102.5600
1.000000,180,38,102.8400
1.000000,180,39,100.0000
1.000000,180,40,100.0000
1.000000,180,41,100.0000
1.000000,180,42,100.0000
1.000000,180,43,100.0000
1.000000,180,44,100.0000
1.000000,180,45,102.1900
1.000000,180,46,106.4750
1.000000,180,47,100.0000
1.000000,180,48,101.5600
1.000000,180,49,100.0000
1.000000,180,50,100.0000
1.000000,180,51,103.2900
1.000000,180,52,100.2300
1.000000,180,53,100.0000
1.000000,180,54,100.0000
1.000000,180,55,107.1050
1.000000,180,56,100.0000
1.000000,180,57,100.0000
1.000000,180,58,108.8350
1.000000,180,59,100.0000
1.000000,180,60,100.0000
1.000000,180,61,100.0000
1.000000,180,62,100.2150
1.000000,180,63,100.0000
1.000000,180,64,100.0000
1.000000,180,65,100.0000
1.000000,180,66,106.3950
1.000000,180,67,109.8650
1.000000,180,68,100.0000
1.000000,180,69,100.0000
1.000000,180,70,100.0000
1.000000,180,71,107.9500
1.000000,180,72,100.0000
1.000000,180,73,104.0600
1.000000,180,74,100.0000
1.000000,180,75,100.0000
1.000000,180,76,100.0000
1.000000,180,77,104.1350
1.000000,180,78,101.2950
1.000000,180,79,100.0000
1.000000,180,80,100.0000
1.000000,180,81,100.0000
1.000000,180,82,100.0000
1.000000,180,83,100.0000
1.000000,180,84,100.0000
1.000000,180,85,100.0000
1.000000,180,86,100.0000
1.000000,180,87,101.3750
1.000000,180,88,102.6650
1.000000,180,89,100.0000
1.000000,180,90,108.2650
1.000000,180,91,105.3800
1.000000,180,92,106.0800
1.000000,180,93,100.0000
1.000000,180,94,105.9200
1.000000,180,95,102.5400
1.000000,180,96,107.9900
1.000000,180,97,103.4050
1.000000,180,98,102.4850
1.000000,180,99,100.0000
1.000000,210,0,100.0000
1.000000,210,1,100.0000
1.000000,210,2,100.0000
1.000000,210,3,100.0000
1.000000,210,4,108.6150
1.000000,210,5,110.8260
1.000000,210,6,100.0000
1.000000,210,7,100.0000
1.000000,210,8,100.0000
1.000000,210,9,105.1987
1.000000,210,10,109.3842
1.000000,210,11,100.0000
1.000000,210,12,111.2106
1.000000,210,13,100.0000
1.000000,210,14,100.0000
1.000000,210,15,100.0000
1.000000,210,16,101.8887
1.000000,210,17,100.0000
1.000000,210,18,100.0000
1.000000,210,19,100.0000
1.000000,210,20,100.0000
1.000000,210,21,100.0000
1.000000,210,22,100.0000
1.000000,210,23,100.0000
1.000000,210,24,100.0000
1.000000,210,25,100.0000
1.000000,210,26,105.5147
1.000000,210,27,108.9866
1.000000,210,28,100.0000
1.000000,210,29,100.0000
1.000000,210,30,100.0000
1.000000,210,31,100.0000
1.000000,210,32,100.0000
1.000000,210,33,100.0000
1.000000,210,34,100.0000
1.000000,210,35,100.0000
1.000000,210,36,100.0000
1.000000,210,37,108.2695
1.000000,210,38,104.5045
1.000000,210,39,100.0000
1.000000,210,40,100.0000
1.000000,210,41,100.0000
1.000000,210,42,100.0000
1.000000,210,43,100.0000
1.000000,210,44,100.0000
1.000000,210,45,108.3266
1.000000,210,46,101.3875
1.000000,210,47,100.0000
1.000000,210,48,100.0000
1.000000,210,49,109.8171
1.000000,210,50,100.0000
1.000000,210,51,101.7892
1.000000,210,52,102.0717
1.000000,210,53,100.0000
1.000000,210,54,100.0000
1.000000,210,55,100.0000
1.000000,210,56,100.0000
1.000000,210,57,107.2608
1.000000,210,58,103.5188
1.000000,210,59,100.0000
1.000000,210,60,100.0000
1.000000,210,61,100.0000
1.000000,210,62,100.0000
1.000000,210,63,100.3359
1.000000,210,64,100.0000
1.000000,210,65,100.0000
1.000000,210,66,100.0000
1.000000,210,67,112.1583
1.000000,210,68,100.0000
1.000000,210,69,100.0000
1.000000,210,70,100.0000
1.000000,210,71,119.7999
1.000000,210,72,100.0000
1.000000,210,73,106.3786
1.000000,210,74,100.0000
1.000000,210,75,100.0000
1.000000,210,76,100.0000
1.000000,210,77,104.7435
1.000000,210,78,102.0540
1.000000,210,79,100.0000
1.000000,210,80,102.8437
1.000000,210,81,100.0000
1.000000,210,82,100.0000
1.000000,210,83,100.0000
1.000000,210,84,100.0000
1.000000,210,85,100.0000
1.000000,210,86,100.0000
1.000000,210,87,102.3333
1.000000,210,88,100.0000
1.000000,210,89,100.0000
1.000000,210,90,120.1302
1.000000,210,91,109.4292
1.000000,210,92,101.2054
1.000000,210,93,101.9261
1.000000,210,94,109.2044
1.000000,210,95,106.2672
1.000000,210,96,100.0000
1.000000,210,97,108.1488
1.000000,210,98,108.2821
1.000000,210,99,113.5139
1.000000,240,0,100.0000
1.000000,240,1,100.0000
1.000000,240,2,100.0000
1.000000,240,3,100.0000
1.000000,240,4,117.9816
1.000000,240,5,116.9862
1.000000,240,6,100.0000
1.000000,240,7,100.0000
1.000000,240,8,104.5982
1.000000,240,9,105.7295
1.000000,240,10,119.9990
1.000000,240,11,100.0000
1.000000,240,12,113.3574
1.000000,240,13,100.0000
1.000000,240,14,100.0000
1.000000,240,15,100.0000
1.000000,240,16,103.8213
1.000000,240,17,102.8671
1.000000,240,18,100.0000
1.000000,240,19,100.0000
1.000000,240,20,100.0000
1.000000,240,21,100.0000
1.000000,240,22,100.0000
1.000000,240,23,100.0000
1.000000,240,24,100.0000
1.000000,240,25,100.0000
1.000000,240,26,103.8767
1.000000,240,27,109.7553
1.000000,240,28,100.0000
1.000000,240,29,100.0000
1.000000,240,30,100.0000
1.000000,240,31,100.0000
1.000000,240,32,100.0000
1.000000,240,33,101.2870
1.000000,240,34,104.2354
1.000000,240,35,100.0000
1.000000,240,36,100.0000
1.000000,240,37,111.7632
1.000000,240,38,104.9620
1.000000,240,39,100.0000
1.000000,240,40,100.0000
1.000000,240,41,100.0000
1.000000,240,42,100.0000
1.000000,240,43,100.0000
1.000000,240,44,100.0000
1.000000,240,45,112.2321
1.000000,240,46,100.0000
1.000000,240,47,100.0000
1.000000,240,48,100.0000
1.000000,240,49,119.7437
1.000000,240,50,113.4930
1.000000,240,51,100.0000
1.000000,240,52,103.3583
1.000000,240,53,100.0000
1.000000,240,54,100.0000
1.000000,240,55,100.0000
1.000000,240,56,100.0000
1.000000,240,57,113.5711
1.000000,240,58,100.0000
1.000000,240,59,100.0000
1.000000,240,60,100.0000
1.000000,240,61,100.0000
1.000000,240,62,100.0000
1.000000,240,63,100.9618
1.000000,240,64,100.0000
1.000000,240,65,100.0000
1.000000,240,66,100.0000
1.000000,240,67,111.1939
1.000000,240,68,100.0000
1.000000,240,69,100.0000
1.000000,240,70,100.0000
1.000000,240,71,126.3444
1.000000,240,72,100.0000
1.000000,240,73,106.9880
1.000000,240,74,100.0000
1.000000,240,75,100.0000
1.000000,240,76,100.0000
1.000000,240,77,104.0810
1.000000,240,78,102.2626
1.000000,240,79,100.0000
1.000000,240,80,109.6554
1.000000,240,81,100.0000
1.000000,240,82,101.2681
1.000000,240,83,112.2616
1.000000,240,84,100.0000
1.000000,240,85,100.0000
1.000000,240,86,101.5186
1.000000,240,87,102.6664
1.000000,240,88,100.0000
1.000000,240,89,100.0000
1.000000,240,90,126.6015
1.000000,240,91,110.9519
1.000000,240,92,100.0000
1.000000,240,93,103.8112
1.000000,240,94,110.0224
1.000000,240,95,108.3151
1.000000,240,96,100.0000
1.000000,240,97,110.7092
1.000000,240,98,111.8600
1.000000,240,99,126.0667
1.000000,270,0,100.0000
1.000000,270,1,100.9500
1.000000,270,2,100.0000
1.000000,270,3,100.0000
1.000000,270,4,122.5300
1.000000,270,5,118.5950
1.000000,270,6,100.0000
1.000000,270,7,104.9100
1.000000,270,8,112.9450
1.000000,270,9,104.7250
1.000000,270,10,125.2550
1.000000,270,11,100.0000
1.000000,270,12,111.9250
1.000000,270,13,100.0000
1.000000,270,14,104.8350
1.000000,270,15,100.0000
1.000000,270,16,104.7300
1.000000,270,17,112.5800
1.000000,270,18,100.0000
1.000000,270,19,100.0000
1.000000,270,20,100.0000
1.000000,270,21,100.0000
1.000000,270,22,100.0000
1.000000,270,23,105.6500
1.000000,270,24,103.4400
1.000000,270,25,100.0000
1.000000,270,26,101.2000
1.000000,270,27,107.9100
1.000000,270,28,100.0000
1.000000,270,29,100.0000
1.000000,270,30,100.0000
1.000000,270,31,100.0000
1.000000,270,32,100.0000
1.000000,270,33,105.7700
1.000000,270,34,110.2600
1.000000,270,35,100.0000
1.000000,270,36,100.0000
1.000000,270,37,112.1050
1.000000,270,38,104.0900
1.000000,270,39,100.0000
1.000000,270,40,100.0050
1.000000,270,41,100.0000
1.000000,270,42,100.8850
1.000000,270,43,100.0000
1.000000,270,44,100.0000
1.000000,270,45,112.8600
1.000000,270,46,100.0000
1.000000,270,47,100.0000
1.000000,270,48,100.0000
1.000000,270,49,124.3800
1.000000,270,50,124.9450
1.000000,270,51,100.0000
1.000000,270,52,103.7450
1.000000,270,53,100.0000
1.000000,270,54,100.0000
1.000000,270,55,100.0000
1.000000,270,56,100.0000
1.000000,270,57,116.2450
1.000000,270,58,100.0000
1.000000,270,59,100.0000
1.000000,270,60,100.0000
1.000000,270,61,100.0000
1.000000,270,62,100.0000
1.000000,270,63,101.3300
1.000000,270,64,100.0000
1.000000,270,65,100.0000
1.000000,270,66,100.0000
1.000000,270,67,107.2300
1.000000,270,68,100.0000
1.000000,270,69,100.0000
1.000000,270,70,100.0000
1.000000,270,71,125.8300
1.000000,270,72,100.0000
1.000000,270,73,105.7250
1.000000,270,74,103.6750
1.000000,270,75,100.0000
1.000000,270,76,100.0000
1.000000,270,77,102.3250
1.000000,270,78,101.8650
1.000000,270,79,100.6950
1.000000,270,80,113.8800
1.000000,270,81,101.6600
1.000000,270,82,107.9450
1.000000,270,83,123.2200
1.000000,270,84,100.0000
1.000000,270,85,107.8650
1.000000,270,86,104.5450
1.000000,270,87,102.2850
1.000000,270,88,100.0000
1.000000,270,89,104.9250
1.000000,270,90,125.9450
1.000000,270,91,109.5400
1.000000,270,92,100.0000
1.000000,270,93,104.6750
1.000000,270,94,108.1550
1.000000,270,95,108.1350
1.000000,270,96,100.0000
1.000000,270,97,110.4000
1.000000,270,98,112.2600
1.000000,270,99,131.6350
1.000000,300,0,105.5039
1.000000,300,1,102.1627
1.000000,300,2,100.0000
1.000000,300,3,100.0000
1.000000,300,4,121.0416
1.000000,300,5,115.2212
1.000000,300,6,105.3850
1.000000,300,7,110.3172
1.000000,300,8,117.8232
1.000000,300,9,102.4545
1.000000,300,10,123.7440
1.000000,300,11,100.0000
1.000000,300,12,107.2974
1.000000,300,13,100.0000
1.000000,300,14,110.3297
1.000000,300,15,100.0000
1.000000,300,16,104.3713
1.000000,300,17,118.9221
1.000000,300,18,100.0000
1.000000,300,19,103.5113
1.000000,300,20,100.0000
1.000000,300,21,100.0000
1.000000,300,22,100.0000
1.000000,300,23,111.5905
1.000000,300,24,111.1091
1.000000,300,25,100.0000
1.000000,300,26,100.0000
1.000000,300,27,103.9453
1.000000,300,28,101.4257
1.000000,300,29,104.5410
1.000000,300,30,100.0521
1.000000,300,31,100.0000
1.000000,300,32,100.0000
1.000000,300,33,108.7070
1.000000,300,34,113.5354
1.000000,300,35,100.0000
1.000000,300,36,110.9594
1.000000,300,37,109.2032
1.000000,300,38,102.1220
1.000000,300,39,100.0000
1.000000,300,40,100.0318
1.000000,300,41,100.0000
1.000000,300,42,103.2714
1.000000,300,43,100.0000
1.000000,300,44,101.5603
1.000000,300,45,110.0421
1.000000,300,46,100.0000
1.000000,300,47,102.6617
1.000000,300,48,100.0000
1.000000,300,49,122.4837
1.000000,300,50,129.7130
1.000000,300,51,100.0000
1.000000,300,52,103.1283
1.000000,300,53,100.0000
1.000000,300,54,100.0000
1.000000,300,55,100.0000
1.000000,300,56,115.1770
1.000000,300,57,114.5661
1.000000,300,58,100.0000
1.000000,300,59,100.0000
1.000000,300,60,102.1568
1.000000,300,61,100.0000
1.000000,300,62,100.0000
1.000000,300,63,101.3418
1.000000,300,64,100.0000
1.000000,300,65,100.0000
1.000000,300,66,100.0000
1.000000,300,67,101.3289
1.000000,300,68,100.0000
1.000000,300,69,100.0000
1.000000,300,70,100.0000
1.000000,300,71,118.3944
1.000000,300,72,111.1834
1.000000,300,73,102.9280
1.000000,300,74,106.9176
1.000000,300,75,105.7175
1.000000,300,76,104.1351
1.000000,300,77,100.0000
1.000000,300,78,100.9676
1.000000,300,79,110.3169
1.000000,300,80,114.3854
1.000000,300,81,106.1126
1.000000,300,82,112.4931
1.000000,300,83,127.9566
1.000000,300,84,102.8251
1.000000,300,85,115.6788
1.000000,300,86,106.3536
1.000000,300,87,101.2914
1.000000,300,88,100.0000
1.000000,300,89,110.0727
1.000000,300,90,118.3365
1.000000,300,91,105.5719
1.000000,300,92,100.0000
1.000000,300,93,104.2862
1.000000,300,94,104.1024
1.000000,300,95,105.7751
1.000000,300,96,100.0000
1.000000,300,97,107.3042
1.000000,300,98,109.3750
1.000000,300,99,128.7267
1.000000,330,0,110.1030
1.000000,330,1,102.7959
1.000000,330,2,100.0000
1.000000,330,3,100.0000
1.000000,330,4,113.9150
1.000000,330,5,107.7690
1.000000,330,6,109.8871
1.000000,330,7,112.9599
1.000000,330,8,117.9257
1.000000,330,9,100.0000
1.000000,330,10,115.8708
1.000000,330,11,100.0000
1.000000,330,12,100.7144
1.000000,330,13,100.0000
1.000000,330,14,113.0566
1.000000,330,15,100.0000
1.000000,330,16,102.8413
1.000000,330,17,120.1940
1.000000,330,18,100.0000
1.000000,330,19,114.6568
1.000000,330,20,100.0000
1.000000,330,21,100.0000
1.000000,330,22,109.7837
1.000000,330,23,114.4254
1.000000,330,24,115.8016
1.000000,330,25,101.9139
1.000000,330,26,100.0000
1.000000,330,27,100.0000
1.000000,330,28,106.6544
1.000000,330,29,108.1903
1.000000,330,30,104.6402
1.000000,330,31,103.0145
1.000000,330,32,100.0000
1.000000,330,33,109.3109
1.000000,330,34,113.1840
1.000000,330,35,100.0000
1.000000,330,36,119.1273
1.000000,330,37,103.8355
1.000000,330,38,100.0000
1.000000,330,39,103.6559
1.000000,330,40,100.0501
1.000000,330,41,100.0798
1.000000,330,42,104.7813
1.000000,330,43,103.7895
1.000000,330,44,103.2276
1.000000,330,45,104.5334
1.000000,330,46,100.0000
1.000000,330,47,109.4003
1.000000,330,48,100.0000
1.000000,330,49,114.5629
1.000000,330,50,126.5194
1.000000,330,51,100.0000
1.000000,330,52,101.6733
1.000000,330,53,100.0000
1.000000,330,54,103.3977
1.000000,330,55,100.0000
1.000000,330,56,126.5824
1.000000,330,57,108.9842
1.000000,330,58,100.0000
1.000000,330,59,100.0000
1.000000,330,60,108.3206
1.000000,330,61,100.0000
1.000000,330,62,100.0000
1.000000,330,63,100.9941
1.000000,330,64,100.0000
1.000000,330,65,110.3876
1.000000,330,66,100.0000
1.000000,330,67,100.0000
1.000000,330,68,107.4914
1.000000,330,69,100.0000
1.000000,330,70,107.2077
1.000000,330,71,106.0301
1.000000,330,72,125.9452
1.000000,330,73,100.0000
1.000000,330,74,108.3067
1.000000,330,75,117.2180
1.000000,330,76,109.6071
1.000000,330,77,100.0000
1.000000,330,78,100.0000
1.000000,330,79,117.1744
1.000000,330,80,111.0363
1.000000,330,81,108.9273
1.000000,330,82,113.6936
1.000000,330,83,125.2023
1.000000,330,84,113.6833
1.000000,330,85,119.2915
1.000000,330,86,106.4597
1.000000,330,87,100.0000
1.000000,330,88,100.0000
1.000000,330,89,112.5214
1.000000,330,90,105.8148
1.000000,330,91,100.1108
1.000000,330,92,100.0000
1.000000,330,93,102.7489
1.000000,330,94,100.0000
1.000000,330,95,101.8678
1.000000,330,96,100.0000
1.000000,330,97,102.2512
1.000000,330,98,103.9779
1.000000,330,99,118.1211
