angle_deg,trial_seed,sample_idx,t_ms,voltage_mv
0,1,0,0.0000,-65.0000
0,1,8,0.0699,-64.9855
0,1,16,0.6811,-64.9173
0,1,24,5.5147,-64.6276
0,1,32,14.0905,-64.5433
0,1,40,22.6664,-64.5540
0,1,48,36.8228,-64.5609
0,1,56,100.0000,-64.5618
0,1,64,100.0450,-64.5698
0,1,72,100.0700,-64.5815
0,1,80,100.2443,-64.7725
0,1,88,100.3715,-65.0160
0,1,96,100.4750,-65.2627
0,1,104,100.5500,-65.4613
0,1,112,100.7003,-65.8948
0,1,120,100.9962,-66.8098
0,1,128,101.0948,-67.1149
0,1,136,101.6844,-68.7506
0,1,144,102.6600,-70.4517
0,1,152,102.7271,-70.5270
0,1,160,102.9000,-70.7017
0,1,168,103.0600,-70.8410
0,1,176,103.5247,-71.1472
0,1,184,103.8654,-71.2973
0,1,192,104.1720,-71.3917
0,1,200,104.7602,-71.4981
0,1,208,105.0100,-71.5203
0,1,216,105.9458,-71.5351
0,1,224,106.5350,-71.5087
0,1,232,107.4200,-71.4423
0,1,240,107.7472,-71.4127
0,1,248,108.2600,-71.3633
0,1,256,108.3950,-71.3498
0,1,264,108.7282,-71.3157
0,1,272,109.3000,-71.2555
0,1,280,109.6450,-71.2182
0,1,288,110.1002,-71.1684
0,1,296,110.9655,-71.0719
0,1,304,111.3350,-71.0302
0,1,312,111.5475,-71.0061
0,1,320,111.7458,-70.9836
0,1,328,112.1300,-70.9397
0,1,336,112.2850,-70.9219
0,1,344,112.5309,-70.8937
0,1,352,113.2250,-70.8136
0,1,360,113.6200,-70.7678
0,1,368,113.7771,-70.7496
0,1,376,115.6956,-70.5245
0,1,384,116.0588,-70.4819
0,1,392,116.2600,-70.4583
0,1,400,117.6061,-70.2988
0,1,408,118.1403,-70.2353
0,1,416,119.3500,-70.0909
0,1,424,119.4375,-70.0805
0,1,432,120.9210,-69.9028
0,1,440,121.9879,-69.7749
0,1,448,124.1050,-69.5224
0,1,456,126.4955,-69.2389
0,1,464,130.9007,-68.7205
0,1,472,133.7550,-68.3925
0,1,480,134.8179,-68.2731
0,1,488,136.8872,-68.0447
0,1,496,149.4883,-66.8091
0,1,504,175.4863,-65.3005
0,1,512,194.4354,-64.8629
0,1,520,209.1552,-64.7064
0,1,528,223.8750,-64.6298
0,1,536,243.4808,-64.5866
0,1,544,272.6642,-64.5671
0,1,552,332.2174,-64.5617
0,1,560,444.1681,-64.5611
0,1,568,728.5632,-64.5610
0,2,0,0.0000,-65.0000
0,2,8,0.0699,-64.9855
0,2,16,0.6811,-64.9173
0,2,24,5.5147,-64.6276
0,2,32,14.0905,-64.5433
0,2,40,22.6664,-64.5540
0,2,48,36.8228,-64.5609
0,2,56,100.0000,-64.5618
0,2,64,100.0450,-64.5698
0,2,72,100.0700,-64.5815
0,2,80,100.2443,-64.7725
0,2,88,100.3715,-65.0160
0,2,96,100.4750,-65.2627
0,2,104,100.5500,-65.4613
0,2,112,100.7003,-65.8948
0,2,120,100.9962,-66.8098
0,2,128,101.0948,-67.1149
0,2,136,101.6844,-68.7506
0,2,144,102.6600,-70.4517
0,2,152,102.7271,-70.5270
0,2,160,102.9000,-70.7017
0,2,168,103.0600,-70.8410
0,2,176,103.5247,-71.1472
0,2,184,103.8654,-71.2973
0,2,192,104.1720,-71.3917
0,2,200,104.7602,-71.4981
0,2,208,105.0100,-71.5203
0,2,216,105.9458,-71.5351
0,2,224,106.5350,-71.5087
0,2,232,107.4200,-71.4423
0,2,240,107.7472,-71.4127
0,2,248,108.2600,-71.3633
0,2,256,108.3950,-71.3498
0,2,264,108.7282,-71.3157
0,2,272,109.3000,-71.2555
0,2,280,109.6450,-71.2182
0,2,288,110.1002,-71.1684
0,2,296,110.9655,-71.0719
0,2,304,111.3350,-71.0302
0,2,312,111.5475,-71.0061
0,2,320,111.7458,-70.9836
0,2,328,112.1300,-70.9397
0,2,336,112.2850,-70.9219
0,2,344,112.5309,-70.8937
0,2,352,113.2250,-70.8136
0,2,360,113.6200,-70.7678
0,2,368,113.7771,-70.7496
0,2,376,115.6956,-70.5245
0,2,384,116.0588,-70.4819
0,2,392,116.2600,-70.4583
0,2,400,117.6061,-70.2988
0,2,408,118.1403,-70.2353
0,2,416,119.3500,-70.0909
0,2,424,119.4375,-70.0805
0,2,432,120.9210,-69.9028
0,2,440,121.9879,-69.7749
0,2,448,124.1050,-69.5224
0,2,456,126.4955,-69.2389
0,2,464,130.9007,-68.7205
0,2,472,133.7550,-68.3925
0,2,480,134.8179,-68.2731
0,2,488,136.8872,-68.0447
0,2,496,149.4883,-66.8091
0,2,504,175.4863,-65.3005
0,2,512,194.4354,-64.8629
0,2,520,209.1552,-64.7064
0,2,528,223.8750,-64.6298
0,2,536,243.4808,-64.5866
0,2,544,272.6642,-64.5671
0,2,552,332.2174,-64.5617
0,2,560,444.1681,-64.5611
0,2,568,728.5632,-64.5610
0,3,0,0.0000,-65.0000
0,3,8,0.0699,-64.9855
0,3,16,0.6811,-64.9173
0,3,24,5.5147,-64.6276
0,3,32,14.0905,-64.5433
0,3,40,22.6664,-64.5540
0,3,48,36.8228,-64.5609
0,3,56,100.0000,-64.5618
0,3,64,100.0450,-64.5698
0,3,72,100.0700,-64.5815
0,3,80,100.2443,-64.7725
0,3,88,100.3715,-65.0160
0,3,96,100.4750,-65.2627
0,3,104,100.5500,-65.4613
0,3,112,100.7003,-65.8948
0,3,120,100.9962,-66.8098
0,3,128,101.0948,-67.1149
0,3,136,101.6844,-68.7506
0,3,144,102.6600,-70.4517
0,3,152,102.7271,-70.5270
0,3,160,102.9000,-70.7017
0,3,168,103.0600,-70.8410
0,3,176,103.5247,-71.1472
0,3,184,103.8654,-71.2973
0,3,192,104.1720,-71.3917
0,3,200,104.7602,-71.4981
0,3,208,105.0100,-71.5203
0,3,216,105.9458,-71.5351
0,3,224,106.5350,-71.5087
0,3,232,107.4200,-71.4423
0,3,240,107.7472,-71.4127
0,3,248,108.2600,-71.3633
0,3,256,108.3950,-71.3498
0,3,264,108.7282,-71.3157
0,3,272,109.3000,-71.2555
0,3,280,109.6450,-71.2182
0,3,288,110.1002,-71.1684
0,3,296,110.9655,-71.0719
0,3,304,111.3350,-71.0302
0,3,312,111.5475,-71.0061
0,3,320,111.7458,-70.9836
0,3,328,112.1300,-70.9397
0,3,336,112.2850,-70.9219
0,3,344,112.5309,-70.8937
0,3,352,113.2250,-70.8136
0,3,360,113.6200,-70.7678
0,3,368,113.7771,-70.7496
0,3,376,115.6956,-70.5245
0,3,384,116.0588,-70.4819
0,3,392,116.2600,-70.4583
0,3,400,117.6061,-70.2988
0,3,408,118.1403,-70.2353
0,3,416,119.3500,-70.0909
0,3,424,119.4375,-70.0805
0,3,432,120.9210,-69.9028
0,3,440,121.9879,-69.7749
0,3,448,124.1050,-69.5224
0,3,456,126.4955,-69.2389
0,3,464,130.9007,-68.7205
0,3,472,133.7550,-68.3925
0,3,480,134.8179,-68.2731
0,3,488,136.8872,-68.0447
0,3,496,149.4883,-66.8091
0,3,504,175.4863,-65.3005
0,3,512,194.4354,-64.8629
0,3,520,209.1552,-64.7064
0,3,528,223.8750,-64.6298
0,3,536,243.4808,-64.5866
0,3,544,272.6642,-64.5671
0,3,552,332.2174,-64.5617
0,3,560,444.1681,-64.5611
0,3,568,728.5632,-64.5610
0,4,0,0.0000,-65.0000
0,4,8,0.0699,-64.9855
0,4,16,0.6811,-64.9173
0,4,24,5.5147,-64.6276
0,4,32,14.0905,-64.5433
0,4,40,22.6664,-64.5540
0,4,48,36.8228,-64.5609
0,4,56,100.0000,-64.5618
0,4,64,100.0450,-64.5698
0,4,72,100.0700,-64.5815
0,4,80,100.2443,-64.7725
0,4,88,100.3715,-65.0160
0,4,96,100.4750,-65.2627
0,4,104,100.5500,-65.4613
0,4,112,100.7003,-65.8948
0,4,120,100.9962,-66.8098
0,4,128,101.0948,-67.1149
0,4,136,101.6844,-68.7506
0,4,144,102.6600,-70.4517
0,4,152,102.7271,-70.5270
0,4,160,102.9000,-70.7017
0,4,168,103.0600,-70.8410
0,4,176,103.5247,-71.1472
0,4,184,103.8654,-71.2973
0,4,192,104.1720,-71.3917
0,4,200,104.7602,-71.4981
0,4,208,105.0100,-71.5203
0,4,216,105.9458,-71.5351
0,4,224,106.5350,-71.5087
0,4,232,107.4200,-71.4423
0,4,240,107.7472,-71.4127
0,4,248,108.2600,-71.3633
0,4,256,108.3950,-71.3498
0,4,264,108.7282,-71.3157
0,4,272,109.3000,-71.2555
0,4,280,109.6450,-71.2182
0,4,288,110.1002,-71.1684
0,4,296,110.9655,-71.0719
0,4,304,111.3350,-71.0302
0,4,312,111.5475,-71.0061
0,4,320,111.7458,-70.9836
0,4,328,112.1300,-70.9397
0,4,336,112.2850,-70.9219
0,4,344,112.5309,-70.8937
0,4,352,113.2250,-70.8136
0,4,360,113.6200,-70.7678
0,4,368,113.7771,-70.7496
0,4,376,115.6956,-70.5245
0,4,384,116.0588,-70.4819
0,4,392,116.2600,-70.4583
0,4,400,117.6061,-70.2988
0,4,408,118.1403,-70.2353
0,4,416,119.3500,-70.0909
0,4,424,119.4375,-70.0805
0,4,432,120.9210,-69.9028
0,4,440,121.9879,-69.7749
0,4,448,124.1050,-69.5224
0,4,456,126.4955,-69.2389
0,4,464,130.9007,-68.7205
0,4,472,133.7550,-68.3925
0,4,480,134.8179,-68.2731
0,4,488,136.8872,-68.0447
0,4,496,149.4883,-66.8091
0,4,504,175.4863,-65.3005
0,4,512,194.4354,-64.8629
0,4,520,209.1552,-64.7064
0,4,528,223.8750,-64.6298
0,4,536,243.4808,-64.5866
0,4,544,272.6642,-64.5671
0,4,552,332.2174,-64.5617
0,4,560,444.1681,-64.5611
0,4,568,728.5632,-64.5610
0,5,0,0.0000,-65.0000
0,5,8,0.0699,-64.9855
0,5,16,0.6811,-64.9173
0,5,24,5.5147,-64.6276
0,5,32,14.0905,-64.5433
0,5,40,22.6664,-64.5540
0,5,48,36.8228,-64.5609
0,5,56,100.0000,-64.5618
0,5,64,100.0450,-64.5698
0,5,72,100.0700,-64.5815
0,5,80,100.2443,-64.7725
0,5,88,100.3715,-65.0160
0,5,96,100.4750,-65.2627
0,5,104,100.5500,-65.4613
0,5,112,100.7003,-65.8948
0,5,120,100.9962,-66.8098
0,5,128,101.0948,-67.1149
0,5,136,101.6844,-68.7506
0,5,144,102.6600,-70.4517
0,5,152,102.7271,-70.5270
0,5,160,102.9000,-70.7017
0,5,168,103.0600,-70.8410
0,5,176,103.5247,-71.1472
0,5,184,103.8654,-71.2973
0,5,192,104.1720,-71.3917
0,5,200,104.7602,-71.4981
0,5,208,105.0100,-71.5203
0,5,216,105.9458,-71.5351
0,5,224,106.5350,-71.5087
0,5,232,107.4200,-71.4423
0,5,240,107.7472,-71.4127
0,5,248,108.2600,-71.3633
0,5,256,108.3950,-71.3498
0,5,264,108.7282,-71.3157
0,5,272,109.3000,-71.2555
0,5,280,109.6450,-71.2182
0,5,288,110.1002,-71.1684
0,5,296,110.9655,-71.0719
0,5,304,111.3350,-71.0302
0,5,312,111.5475,-71.0061
0,5,320,111.7458,-70.9836
0,5,328,112.1300,-70.9397
0,5,336,112.2850,-70.9219
0,5,344,112.5309,-70.8937
0,5,352,113.2250,-70.8136
0,5,360,113.6200,-70.7678
0,5,368,113.7771,-70.7496
0,5,376,115.6956,-70.5245
0,5,384,116.0588,-70.4819
0,5,392,116.2600,-70.4583
0,5,400,117.6061,-70.2988
0,5,408,118.1403,-70.2353
0,5,416,119.3500,-70.0909
0,5,424,119.4375,-70.0805
0,5,432,120.9210,-69.9028
0,5,440,121.9879,-69.7749
0,5,448,124.1050,-69.5224
0,5,456,126.4955,-69.2389
0,5,464,130.9007,-68.7205
0,5,472,133.7550,-68.3925
0,5,480,134.8179,-68.2731
0,5,488,136.8872,-68.0447
0,5,496,149.4883,-66.8091
0,5,504,175.4863,-65.3005
0,5,512,194.4354,-64.8629
0,5,520,209.1552,-64.7064
0,5,528,223.8750,-64.6298
0,5,536,243.4808,-64.5866
0,5,544,272.6642,-64.5671
0,5,552,332.2174,-64.5617
0,5,560,444.1681,-64.5611
0,5,568,728.5632,-64.5610
0,6,0,0.0000,-65.0000
0,6,8,0.0699,-64.9855
0,6,16,0.6811,-64.9173
0,6,24,5.5147,-64.6276
0,6,32,14.0905,-64.5433
0,6,40,22.6664,-64.5540
0,6,48,36.8228,-64.5609
0,6,56,100.0000,-64.5618
0,6,64,100.0450,-64.5698
0,6,72,100.0700,-64.5815
0,6,80,100.2443,-64.7725
0,6,88,100.3715,-65.0160
0,6,96,100.4750,-65.2627
0,6,104,100.5500,-65.4613
0,6,112,100.7003,-65.8948
0,6,120,100.9962,-66.8098
0,6,128,101.0948,-67.1149
0,6,136,101.6844,-68.7506
0,6,144,102.6600,-70.4517
0,6,152,102.7271,-70.5270
0,6,160,102.9000,-70.7017
0,6,168,103.0600,-70.8410
0,6,176,103.5247,-71.1472
0,6,184,103.8654,-71.2973
0,6,192,104.1720,-71.3917
0,6,200,104.7602,-71.4981
0,6,208,105.0100,-71.5203
0,6,216,105.9458,-71.5351
0,6,224,106.5350,-71.5087
0,6,232,107.4200,-71.4423
0,6,240,107.7472,-71.4127
0,6,248,108.2600,-71.3633
0,6,256,108.3950,-71.3498
0,6,264,108.7282,-71.3157
0,6,272,109.3000,-71.2555
0,6,280,109.6450,-71.2182
0,6,288,110.1002,-71.1684
0,6,296,110.9655,-71.0719
0,6,304,111.3350,-71.0302
0,6,312,111.5475,-71.0061
0,6,320,111.7458,-70.9836
0,6,328,112.1300,-70.9397
0,6,336,112.2850,-70.9219
0,6,344,112.5309,-70.8937
0,6,352,113.2250,-70.8136
0,6,360,113.6200,-70.7678
0,6,368,113.7771,-70.7496
0,6,376,115.6956,-70.5245
0,6,384,116.0588,-70.4819
0,6,392,116.2600,-70.4583
0,6,400,117.6061,-70.2988
0,6,408,118.1403,-70.2353
0,6,416,119.3500,-70.0909
0,6,424,119.4375,-70.0805
0,6,432,120.9210,-69.9028
0,6,440,121.9879,-69.7749
0,6,448,124.1050,-69.5224
0,6,456,126.4955,-69.2389
0,6,464,130.9007,-68.7205
0,6,472,133.7550,-68.3925
0,6,480,134.8179,-68.2731
0,6,488,136.8872,-68.0447
0,6,496,149.4883,-66.8091
0,6,504,175.4863,-65.3005
0,6,512,194.4354,-64.8629
0,6,520,209.1552,-64.7064
0,6,528,223.8750,-64.6298
0,6,536,243.4808,-64.5866
0,6,544,272.6642,-64.5671
0,6,552,332.2174,-64.5617
0,6,560,444.1681,-64.5611
0,6,568,728.5632,-64.5610
0,7,0,0.0000,-65.0000
0,7,8,0.0699,-64.9855
0,7,16,0.6811,-64.9173
0,7,24,5.5147,-64.6276
0,7,32,14.0905,-64.5433
0,7,40,22.6664,-64.5540
0,7,48,36.8228,-64.5609
0,7,56,100.0000,-64.5618
0,7,64,100.0450,-64.5698
0,7,72,100.0700,-64.5815
0,7,80,100.2443,-64.7725
0,7,88,100.3715,-65.0160
0,7,96,100.4750,-65.2627
0,7,104,100.5500,-65.4613
0,7,112,100.7003,-65.8948
0,7,120,100.9962,-66.8098
0,7,128,101.0948,-67.1149
0,7,136,101.6844,-68.7506
0,7,144,102.6600,-70.4517
0,7,152,102.7271,-70.5270
0,7,160,102.9000,-70.7017
0,7,168,103.0600,-70.8410
0,7,176,103.5247,-71.1472
0,7,184,103.8654,-71.2973
0,7,192,104.1720,-71.3917
0,7,200,104.7602,-71.4981
0,7,208,105.0100,-71.5203
0,7,216,105.9458,-71.5351
0,7,224,106.5350,-71.5087
0,7,232,107.4200,-71.4423
0,7,240,107.7472,-71.4127
0,7,248,108.2600,-71.3633
0,7,256,108.3950,-71.3498
0,7,264,108.7282,-71.3157
0,7,272,109.3000,-71.2555
0,7,280,109.6450,-71.2182
0,7,288,110.1002,-71.1684
0,7,296,110.9655,-71.0719
0,7,304,111.3350,-71.0302
0,7,312,111.5475,-71.0061
0,7,320,111.7458,-70.9836
0,7,328,112.1300,-70.9397
0,7,336,112.2850,-70.9219
0,7,344,112.5309,-70.8937
0,7,352,113.2250,-70.8136
0,7,360,113.6200,-70.7678
0,7,368,113.7771,-70.7496
0,7,376,115.6956,-70.5245
0,7,384,116.0588,-70.4819
0,7,392,116.2600,-70.4583
0,7,400,117.6061,-70.2988
0,7,408,118.1403,-70.2353
0,7,416,119.3500,-70.0909
0,7,424,119.4375,-70.0805
0,7,432,120.9210,-69.9028
0,7,440,121.9879,-69.7749
0,7,448,124.1050,-69.5224
0,7,456,126.4955,-69.2389
0,7,464,130.9007,-68.7205
0,7,472,133.7550,-68.3925
0,7,480,134.8179,-68.2731
0,7,488,136.8872,-68.0447
0,7,496,149.4883,-66.8091
0,7,504,175.4863,-65.3005
0,7,512,194.4354,-64.8629
0,7,520,209.1552,-64.7064
0,7,528,223.8750,-64.6298
0,7,536,243.4808,-64.5866
0,7,544,272.6642,-64.5671
0,7,552,332.2174,-64.5617
0,7,560,444.1681,-64.5611
0,7,568,728.5632,-64.5610
0,8,0,0.0000,-65.0000
0,8,8,0.0699,-64.9855
0,8,16,0.6811,-64.9173
0,8,24,5.5147,-64.6276
0,8,32,14.0905,-64.5433
0,8,40,22.6664,-64.5540
0,8,48,36.8228,-64.5609
0,8,56,100.0000,-64.5618
0,8,64,100.0450,-64.5698
0,8,72,100.0700,-64.5815
0,8,80,100.2443,-64.7725
0,8,88,100.3715,-65.0160
0,8,96,100.4750,-65.2627
0,8,104,100.5500,-65.4613
0,8,112,100.7003,-65.8948
0,8,120,100.9962,-66.8098
0,8,128,101.0948,-67.1149
0,8,136,101.6844,-68.7506
0,8,144,102.6600,-70.4517
0,8,152,102.7271,-70.5270
0,8,160,102.9000,-70.7017
0,8,168,103.0600,-70.8410
0,8,176,103.5247,-71.1472
0,8,184,103.8654,-71.2973
0,8,192,104.1720,-71.3917
0,8,200,104.7602,-71.4981
0,8,208,105.0100,-71.5203
0,8,216,105.9458,-71.5351
0,8,224,106.5350,-71.5087
0,8,232,107.4200,-71.4423
0,8,240,107.7472,-71.4127
0,8,248,108.2600,-71.3633
0,8,256,108.3950,-71.3498
0,8,264,108.7282,-71.3157
0,8,272,109.3000,-71.2555
0,8,280,109.6450,-71.2182
0,8,288,110.1002,-71.1684
0,8,296,110.9655,-71.0719
0,8,304,111.3350,-71.0302
0,8,312,111.5475,-71.0061
0,8,320,111.7458,-70.9836
0,8,328,112.1300,-70.9397
0,8,336,112.2850,-70.9219
0,8,344,112.5309,-70.8937
0,8,352,113.2250,-70.8136
0,8,360,113.6200,-70.7678
0,8,368,113.7771,-70.7496
0,8,376,115.6956,-70.5245
0,8,384,116.0588,-70.4819
0,8,392,116.2600,-70.4583
0,8,400,117.6061,-70.2988
0,8,408,118.1403,-70.2353
0,8,416,119.3500,-70.0909
0,8,424,119.4375,-70.0805
0,8,432,120.9210,-69.9028
0,8,440,121.9879,-69.7749
0,8,448,124.1050,-69.5224
0,8,456,126.4955,-69.2389
0,8,464,130.9007,-68.7205
0,8,472,133.7550,-68.3925
0,8,480,134.8179,-68.2731
0,8,488,136.8872,-68.0447
0,8,496,149.4883,-66.8091
0,8,504,175.4863,-65.3005
0,8,512,194.4354,-64.8629
0,8,520,209.1552,-64.7064
0,8,528,223.8750,-64.6298
0,8,536,243.4808,-64.5866
0,8,544,272.6642,-64.5671
0,8,552,332.2174,-64.5617
0,8,560,444.1681,-64.5611
0,8,568,728.5632,-64.5610
0,9,0,0.0000,-65.0000
0,9,8,0.0699,-64.9855
0,9,16,0.6811,-64.9173
0,9,24,5.5147,-64.6276
0,9,32,14.0905,-64.5433
0,9,40,22.6664,-64.5540
0,9,48,36.8228,-64.5609
0,9,56,100.0000,-64.5618
0,9,64,100.0450,-64.5698
0,9,72,100.0700,-64.5815
0,9,80,100.2443,-64.7725
0,9,88,100.3715,-65.0160
0,9,96,100.4750,-65.2627
0,9,104,100.5500,-65.4613
0,9,112,100.7003,-65.8948
0,9,120,100.9962,-66.8098
0,9,128,101.0948,-67.1149
0,9,136,101.6844,-68.7506
0,9,144,102.6600,-70.4517
0,9,152,102.7271,-70.5270
0,9,160,102.9000,-70.7017
0,9,168,103.0600,-70.8410
0,9,176,103.5247,-71.1472
0,9,184,103.8654,-71.2973
0,9,192,104.1720,-71.3917
0,9,200,104.7602,-71.4981
0,9,208,105.0100,-71.5203
0,9,216,105.9458,-71.5351
0,9,224,106.5350,-71.5087
0,9,232,107.4200,-71.4423
0,9,240,107.7472,-71.4127
0,9,248,108.2600,-71.3633
0,9,256,108.3950,-71.3498
0,9,264,108.7282,-71.3157
0,9,272,109.3000,-71.2555
0,9,280,109.6450,-71.2182
0,9,288,110.1002,-71.1684
0,9,296,110.9655,-71.0719
0,9,304,111.3350,-71.0302
0,9,312,111.5475,-71.0061
0,9,320,111.7458,-70.9836
0,9,328,112.1300,-70.9397
0,9,336,112.2850,-70.9219
0,9,344,112.5309,-70.8937
0,9,352,113.2250,-70.8136
0,9,360,113.6200,-70.7678
0,9,368,113.7771,-70.7496
0,9,376,115.6956,-70.5245
0,9,384,116.0588,-70.4819
0,9,392,116.2600,-70.4583
0,9,400,117.6061,-70.2988
0,9,408,118.1403,-70.2353
0,9,416,119.3500,-70.0909
0,9,424,119.4375,-70.0805
0,9,432,120.9210,-69.9028
0,9,440,121.9879,-69.7749
0,9,448,124.1050,-69.5224
0,9,456,126.4955,-69.2389
0,9,464,130.9007,-68.7205
0,9,472,133.7550,-68.3925
0,9,480,134.8179,-68.2731
0,9,488,136.8872,-68.0447
0,9,496,149.4883,-66.8091
0,9,504,175.4863,-65.3005
0,9,512,194.4354,-64.8629
0,9,520,209.1552,-64.7064
0,9,528,223.8750,-64.6298
0,9,536,243.4808,-64.5866
0,9,544,272.6642,-64.5671
0,9,552,332.2174,-64.5617
0,9,560,444.1681,-64.5611
0,9,568,728.5632,-64.5610
0,10,0,0.0000,-65.0000
0,10,8,0.0699,-64.9855
0,10,16,0.6811,-64.9173
0,10,24,5.5147,-64.6276
0,10,32,14.0905,-64.5433
0,10,40,22.6664,-64.5540
0,10,48,36.8228,-64.5609
0,10,56,100.0000,-64.5618
0,10,64,100.0450,-64.5698
0,10,72,100.0700,-64.5815
0,10,80,100.2443,-64.7725
0,10,88,100.3715,-65.0160
0,10,96,100.4750,-65.2627
0,10,104,100.5500,-65.4613
0,10,112,100.7003,-65.8948
0,10,120,100.9962,-66.8098
0,10,128,101.0948,-67.1149
0,10,136,101.6844,-68.7506
0,10,144,102.6600,-70.4517
0,10,152,102.7271,-70.5270
0,10,160,102.9000,-70.7017
0,10,168,103.0600,-70.8410
0,10,176,103.5247,-71.1472
0,10,184,103.8654,-71.2973
0,10,192,104.1720,-71.3917
0,10,200,104.7602,-71.4981
0,10,208,105.0100,-71.5203
0,10,216,105.9458,-71.5351
0,10,224,106.5350,-71.5087
0,10,232,107.4200,-71.4423
0,10,240,107.7472,-71.4127
0,10,248,108.2600,-71.3633
0,10,256,108.3950,-71.3498
0,10,264,108.7282,-71.3157
0,10,272,109.3000,-71.2555
0,10,280,109.6450,-71.2182
0,10,288,110.1002,-71.1684
0,10,296,110.9655,-71.0719
0,10,304,111.3350,-71.0302
0,10,312,111.5475,-71.0061
0,10,320,111.7458,-70.9836
0,10,328,112.1300,-70.9397
0,10,336,112.2850,-70.9219
0,10,344,112.5309,-70.8937
0,10,352,113.2250,-70.8136
0,10,360,113.6200,-70.7678
0,10,368,113.7771,-70.7496
0,10,376,115.6956,-70.5245
0,10,384,116.0588,-70.4819
0,10,392,116.2600,-70.4583
0,10,400,117.6061,-70.2988
0,10,408,118.1403,-70.2353
0,10,416,119.3500,-70.0909
0,10,424,119.4375,-70.0805
0,10,432,120.9210,-69.9028
0,10,440,121.9879,-69.7749
0,10,448,124.1050,-69.5224
0,10,456,126.4955,-69.2389
0,10,464,130.9007,-68.7205
0,10,472,133.7550,-68.3925
0,10,480,134.8179,-68.2731
0,10,488,136.8872,-68.0447
0,10,496,149.4883,-66.8091
0,10,504,175.4863,-65.3005
0,10,512,194.4354,-64.8629
0,10,520,209.1552,-64.7064
0,10,528,223.8750,-64.6298
0,10,536,243.4808,-64.5866
0,10,544,272.6642,-64.5671
0,10,552,332.2174,-64.5617
0,10,560,444.1681,-64.5611
0,10,568,728.5632,-64.5610
30,1001,0,0.0000,-65.0000
30,1001,8,0.0699,-64.9855
30,1001,16,0.6811,-64.9173
30,1001,24,5.5147,-64.6276
30,1001,32,14.0905,-64.5433
30,1001,40,22.6664,-64.5540
30,1001,48,36.8228,-64.5609
30,1001,56,100.0000,-64.5618
30,1001,64,100.0451,-64.5690
30,1001,72,100.1167,-64.6067
30,1001,80,100.1814,-64.6662
30,1001,88,100.3931,-65.0037
30,1001,96,100.6918,-65.7393
30,1001,104,101.5329,-68.1192
30,1001,112,101.7487,-68.6345
30,1001,120,101.9147,-68.9900
30,1001,128,101.9825,-69.1247
30,1001,136,102.3705,-69.7889
30,1001,144,102.6811,-70.1977
30,1001,152,102.9525,-70.4798
30,1001,160,103.2681,-70.7337
30,1001,168,103.5482,-70.9063
30,1001,176,103.7906,-71.0211
30,1001,184,104.0756,-71.1242
30,1001,192,104.4649,-71.2223
30,1001,200,104.8648,-71.2836
30,1001,208,105.0133,-71.2984
30,1001,216,105.7490,-71.3280
30,1001,224,106.0159,-71.3243
30,1001,232,107.1635,-71.2641
30,1001,240,107.5964,-71.2284
30,1001,248,107.7980,-71.2105
30,1001,256,108.0503,-71.1870
30,1001,264,108.2431,-71.1686
30,1001,272,108.4063,-71.1525
30,1001,280,108.7754,-71.1153
30,1001,288,109.1904,-71.0722
30,1001,296,110.4471,-70.9360
30,1001,304,110.7385,-70.9036
30,1001,312,110.8565,-70.8904
30,1001,320,111.1495,-70.8575
30,1001,328,111.5342,-70.8141
30,1001,336,112.3616,-70.7199
30,1001,344,112.9058,-70.6575
30,1001,352,113.8576,-70.5478
30,1001,360,114.3332,-70.4928
30,1001,368,116.3984,-70.2523
30,1001,376,116.6428,-70.2236
30,1001,384,117.3743,-70.1375
30,1001,392,117.9040,-70.0749
30,1001,400,118.0810,-70.0540
30,1001,408,119.2723,-69.9132
30,1001,416,121.5985,-69.6392
30,1001,424,122.0987,-69.5804
30,1001,432,122.5051,-69.5326
30,1001,440,123.0014,-69.4740
30,1001,448,123.2318,-69.4469
30,1001,456,124.5331,-69.2939
30,1001,464,126.8774,-69.0203
30,1001,472,127.7865,-68.9145
30,1001,480,130.3034,-68.6245
30,1001,488,132.5280,-68.3736
30,1001,496,135.2860,-68.0710
30,1001,504,138.9215,-67.6881
30,1001,512,143.4911,-67.2402
30,1001,520,148.0607,-66.8334
30,1001,528,159.2561,-66.0160
30,1001,536,189.2815,-64.9255
30,1001,544,208.2128,-64.7054
30,1001,552,227.1441,-64.6199
30,1001,560,246.0754,-64.5833
30,1001,568,266.6629,-64.5680
30,1001,576,296.2707,-64.5632
30,1001,584,458.4527,-64.5609
30,1001,592,677.2159,-64.5609
30,1001,600,992.7294,-64.5606
30,1002,0,0.0000,-65.0000
30,1002,8,0.0699,-64.9855
30,1002,16,0.6811,-64.9173
30,1002,24,5.5147,-64.6276
30,1002,32,14.0905,-64.5433
30,1002,40,22.6664,-64.5540
30,1002,48,36.8228,-64.5609
30,1002,56,100.0000,-64.5618
30,1002,64,100.0451,-64.5690
30,1002,72,100.1167,-64.6067
30,1002,80,100.1814,-64.6662
30,1002,88,100.3931,-65.0037
30,1002,96,100.6918,-65.7393
30,1002,104,101.5329,-68.1192
30,1002,112,101.7487,-68.6345
30,1002,120,101.9147,-68.9900
30,1002,128,101.9825,-69.1247
30,1002,136,102.3705,-69.7889
30,1002,144,102.6811,-70.1977
30,1002,152,102.9525,-70.4798
30,1002,160,103.2681,-70.7337
30,1002,168,103.5482,-70.9063
30,1002,176,103.7906,-71.0211
30,1002,184,104.0756,-71.1242
30,1002,192,104.4649,-71.2223
30,1002,200,104.8648,-71.2836
30,1002,208,105.0133,-71.2984
30,1002,216,105.7490,-71.3280
30,1002,224,106.0159,-71.3243
30,1002,232,107.1635,-71.2641
30,1002,240,107.5964,-71.2284
30,1002,248,107.7980,-71.2105
30,1002,256,108.0503,-71.1870
30,1002,264,108.2431,-71.1686
30,1002,272,108.4063,-71.1525
30,1002,280,108.7754,-71.1153
30,1002,288,109.1904,-71.0722
30,1002,296,110.4471,-70.9360
30,1002,304,110.7385,-70.9036
30,1002,312,110.8565,-70.8904
30,1002,320,111.1495,-70.8575
30,1002,328,111.5342,-70.8141
30,1002,336,112.3616,-70.7199
30,1002,344,112.9058,-70.6575
30,1002,352,113.8576,-70.5478
30,1002,360,114.3332,-70.4928
30,1002,368,116.3984,-70.2523
30,1002,376,116.6428,-70.2236
30,1002,384,117.3743,-70.1375
30,1002,392,117.9040,-70.0749
30,1002,400,118.0810,-70.0540
30,1002,408,119.2723,-69.9132
30,1002,416,121.5985,-69.6392
30,1002,424,122.0987,-69.5804
30,1002,432,122.5051,-69.5326
30,1002,440,123.0014,-69.4740
30,1002,448,123.2318,-69.4469
30,1002,456,124.5331,-69.2939
30,1002,464,126.8774,-69.0203
30,1002,472,127.7865,-68.9145
30,1002,480,130.3034,-68.6245
30,1002,488,132.5280,-68.3736
30,1002,496,135.2860,-68.0710
30,1002,504,138.9215,-67.6881
30,1002,512,143.4911,-67.2402
30,1002,520,148.0607,-66.8334
30,1002,528,159.2561,-66.0160
30,1002,536,189.2815,-64.9255
30,1002,544,208.2128,-64.7054
30,1002,552,227.1441,-64.6199
30,1002,560,246.0754,-64.5833
30,1002,568,266.6629,-64.5680
30,1002,576,296.2707,-64.5632
30,1002,584,458.4527,-64.5609
30,1002,592,677.2159,-64.5609
30,1002,600,992.7294,-64.5606
30,1003,0,0.0000,-65.0000
30,1003,8,0.0699,-64.9855
30,1003,16,0.6811,-64.9173
30,1003,24,5.5147,-64.6276
30,1003,32,14.0905,-64.5433
30,1003,40,22.6664,-64.5540
30,1003,48,36.8228,-64.5609
30,1003,56,100.0000,-64.5618
30,1003,64,100.0451,-64.5690
30,1003,72,100.1167,-64.6067
30,1003,80,100.1814,-64.6662
30,1003,88,100.3931,-65.0037
30,1003,96,100.6918,-65.7393
30,1003,104,101.5329,-68.1192
30,1003,112,101.7487,-68.6345
30,1003,120,101.9147,-68.9900
30,1003,128,101.9825,-69.1247
30,1003,136,102.3705,-69.7889
30,1003,144,102.6811,-70.1977
30,1003,152,102.9525,-70.4798
30,1003,160,103.2681,-70.7337
30,1003,168,103.5482,-70.9063
30,1003,176,103.7906,-71.0211
30,1003,184,104.0756,-71.1242
30,1003,192,104.4649,-71.2223
30,1003,200,104.8648,-71.2836
30,1003,208,105.0133,-71.2984
30,1003,216,105.7490,-71.3280
30,1003,224,106.0159,-71.3243
30,1003,232,107.1635,-71.2641
30,1003,240,107.5964,-71.2284
30,1003,248,107.7980,-71.2105
30,1003,256,108.0503,-71.1870
30,1003,264,108.2431,-71.1686
30,1003,272,108.4063,-71.1525
30,1003,280,108.7754,-71.1153
30,1003,288,109.1904,-71.0722
30,1003,296,110.4471,-70.9360
30,1003,304,110.7385,-70.9036
30,1003,312,110.8565,-70.8904
30,1003,320,111.1495,-70.8575
30,1003,328,111.5342,-70.8141
30,1003,336,112.3616,-70.7199
30,1003,344,112.9058,-70.6575
30,1003,352,113.8576,-70.5478
30,1003,360,114.3332,-70.4928
30,1003,368,116.3984,-70.2523
30,1003,376,116.6428,-70.2236
30,1003,384,117.3743,-70.1375
30,1003,392,117.9040,-70.0749
30,1003,400,118.0810,-70.0540
30,1003,408,119.2723,-69.9132
30,1003,416,121.5985,-69.6392
30,1003,424,122.0987,-69.5804
30,1003,432,122.5051,-69.5326
30,1003,440,123.0014,-69.4740
30,1003,448,123.2318,-69.4469
30,1003,456,124.5331,-69.2939
30,1003,464,126.8774,-69.0203
30,1003,472,127.7865,-68.9145
30,1003,480,130.3034,-68.6245
30,1003,488,132.5280,-68.3736
30,1003,496,135.2860,-68.0710
30,1003,504,138.9215,-67.6881
30,1003,512,143.4911,-67.2402
30,1003,520,148.0607,-66.8334
30,1003,528,159.2561,-66.0160
30,1003,536,189.2815,-64.9255
30,1003,544,208.2128,-64.7054
30,1003,552,227.1441,-64.6199
30,1003,560,246.0754,-64.5833
30,1003,568,266.6629,-64.5680
30,1003,576,296.2707,-64.5632
30,1003,584,458.4527,-64.5609
30,1003,592,677.2159,-64.5609
30,1003,600,992.7294,-64.5606
30,1004,0,0.0000,-65.0000
30,1004,8,0.0699,-64.9855
30,1004,16,0.6811,-64.9173
30,1004,24,5.5147,-64.6276
30,1004,32,14.0905,-64.5433
30,1004,40,22.6664,-64.5540
30,1004,48,36.8228,-64.5609
30,1004,56,100.0000,-64.5618
30,1004,64,100.0451,-64.5690
30,1004,72,100.1167,-64.6067
30,1004,80,100.1814,-64.6662
30,1004,88,100.3931,-65.0037
30,1004,96,100.6918,-65.7393
30,1004,104,101.5329,-68.1192
30,1004,112,101.7487,-68.6345
30,1004,120,101.9147,-68.9900
30,1004,128,101.9825,-69.1247
30,1004,136,102.3705,-69.7889
30,1004,144,102.6811,-70.1977
30,1004,152,102.9525,-70.4798
30,1004,160,103.2681,-70.7337
30,1004,168,103.5482,-70.9063
30,1004,176,103.7906,-71.0211
30,1004,184,104.0756,-71.1242
30,1004,192,104.4649,-71.2223
30,1004,200,104.8648,-71.2836
30,1004,208,105.0133,-71.2984
30,1004,216,105.7490,-71.3280
30,1004,224,106.0159,-71.3243
30,1004,232,107.1635,-71.2641
30,1004,240,107.5964,-71.2284
30,1004,248,107.7980,-71.2105
30,1004,256,108.0503,-71.1870
30,1004,264,108.2431,-71.1686
30,1004,272,108.4063,-71.1525
30,1004,280,108.7754,-71.1153
30,1004,288,109.1904,-71.0722
30,1004,296,110.4471,-70.9360
30,1004,304,110.7385,-70.9036
30,1004,312,110.8565,-70.8904
30,1004,320,111.1495,-70.8575
30,1004,328,111.5342,-70.8141
30,1004,336,112.3616,-70.7199
30,1004,344,112.9058,-70.6575
30,1004,352,113.8576,-70.5478
30,1004,360,114.3332,-70.4928
30,1004,368,116.3984,-70.2523
30,1004,376,116.6428,-70.2236
30,1004,384,117.3743,-70.1375
30,1004,392,117.9040,-70.0749
30,1004,400,118.0810,-70.0540
30,1004,408,119.2723,-69.9132
30,1004,416,121.5985,-69.6392
30,1004,424,122.0987,-69.5804
30,1004,432,122.5051,-69.5326
30,1004,440,123.0014,-69.4740
30,1004,448,123.2318,-69.4469
30,1004,456,124.5331,-69.2939
30,1004,464,126.8774,-69.0203
30,1004,472,127.7865,-68.9145
30,1004,480,130.3034,-68.6245
30,1004,488,132.5280,-68.3736
30,1004,496,135.2860,-68.0710
30,1004,504,138.9215,-67.6881
30,1004,512,143.4911,-67.2402
30,1004,520,148.0607,-66.8334
30,1004,528,159.2561,-66.0160
30,1004,536,189.2815,-64.9255
30,1004,544,208.2128,-64.7054
30,1004,552,227.1441,-64.6199
30,1004,560,246.0754,-64.5833
30,1004,568,266.6629,-64.5680
30,1004,576,296.2707,-64.5632
30,1004,584,458.4527,-64.5609
30,1004,592,677.2159,-64.5609
30,1004,600,992.7294,-64.5606
30,1005,0,0.0000,-65.0000
30,1005,8,0.0699,-64.9855
30,1005,16,0.6811,-64.9173
30,1005,24,5.5147,-64.6276
30,1005,32,14.0905,-64.5433
30,1005,40,22.6664,-64.5540
30,1005,48,36.8228,-64.5609
30,1005,56,100.0000,-64.5618
30,1005,64,100.0451,-64.5690
30,1005,72,100.1167,-64.6067
30,1005,80,100.1814,-64.6662
30,1005,88,100.3931,-65.0037
30,1005,96,100.6918,-65.7393
30,1005,104,101.5329,-68.1192
30,1005,112,101.7487,-68.6345
30,1005,120,101.9147,-68.9900
30,1005,128,101.9825,-69.1247
30,1005,136,102.3705,-69.7889
30,1005,144,102.6811,-70.1977
30,1005,152,102.9525,-70.4798
30,1005,160,103.2681,-70.7337
30,1005,168,103.5482,-70.9063
30,1005,176,103.7906,-71.0211
30,1005,184,104.0756,-71.1242
30,1005,192,104.4649,-71.2223
30,1005,200,104.8648,-71.2836
30,1005,208,105.0133,-71.2984
30,1005,216,105.7490,-71.3280
30,1005,224,106.0159,-71.3243
30,1005,232,107.1635,-71.2641
30,1005,240,107.5964,-71.2284
30,1005,248,107.7980,-71.2105
30,1005,256,108.0503,-71.1870
30,1005,264,108.2431,-71.1686
30,1005,272,108.4063,-71.1525
30,1005,280,108.7754,-71.1153
30,1005,288,109.1904,-71.0722
30,1005,296,110.4471,-70.9360
30,1005,304,110.7385,-70.9036
30,1005,312,110.8565,-70.8904
30,1005,320,111.1495,-70.8575
30,1005,328,111.5342,-70.8141
30,1005,336,112.3616,-70.7199
30,1005,344,112.9058,-70.6575
30,1005,352,113.8576,-70.5478
30,1005,360,114.3332,-70.4928
30,1005,368,116.3984,-70.2523
30,1005,376,116.6428,-70.2236
30,1005,384,117.3743,-70.1375
30,1005,392,117.9040,-70.0749
30,1005,400,118.0810,-70.0540
30,1005,408,119.2723,-69.9132
30,1005,416,121.5985,-69.6392
30,1005,424,122.0987,-69.5804
30,1005,432,122.5051,-69.5326
30,1005,440,123.0014,-69.4740
30,1005,448,123.2318,-69.4469
30,1005,456,124.5331,-69.2939
30,1005,464,126.8774,-69.0203
30,1005,472,127.7865,-68.9145
30,1005,480,130.3034,-68.6245
30,1005,488,132.5280,-68.3736
30,1005,496,135.2860,-68.0710
30,1005,504,138.9215,-67.6881
30,1005,512,143.4911,-67.2402
30,1005,520,148.0607,-66.8334
30,1005,528,159.2561,-66.0160
30,1005,536,189.2815,-64.9255
30,1005,544,208.2128,-64.7054
30,1005,552,227.1441,-64.6199
30,1005,560,246.0754,-64.5833
30,1005,568,266.6629,-64.5680
30,1005,576,296.2707,-64.5632
30,1005,584,458.4527,-64.5609
30,1005,592,677.2159,-64.5609
30,1005,600,992.7294,-64.5606
30,1006,0,0.0000,-65.0000
30,1006,8,0.0699,-64.9855
30,1006,16,0.6811,-64.9173
30,1006,24,5.5147,-64.6276
30,1006,32,14.0905,-64.5433
30,1006,40,22.6664,-64.5540
30,1006,48,36.8228,-64.5609
30,1006,56,100.0000,-64.5618
30,1006,64,100.0451,-64.5690
30,1006,72,100.1167,-64.6067
30,1006,80,100.1814,-64.6662
30,1006,88,100.3931,-65.0037
30,1006,96,100.6918,-65.7393
30,1006,104,101.5329,-68.1192
30,1006,112,101.7487,-68.6345
30,1006,120,101.9147,-68.9900
30,1006,128,101.9825,-69.1247
30,1006,136,102.3705,-69.7889
30,1006,144,102.6811,-70.1977
30,1006,152,102.9525,-70.4798
30,1006,160,103.2681,-70.7337
30,1006,168,103.5482,-70.9063
30,1006,176,103.7906,-71.0211
30,1006,184,104.0756,-71.1242
30,1006,192,104.4649,-71.2223
30,1006,200,104.8648,-71.2836
30,1006,208,105.0133,-71.2984
30,1006,216,105.7490,-71.3280
30,1006,224,106.0159,-71.3243
30,1006,232,107.1635,-71.2641
30,1006,240,107.5964,-71.2284
30,1006,248,107.7980,-71.2105
30,1006,256,108.0503,-71.1870
30,1006,264,108.2431,-71.1686
30,1006,272,108.4063,-71.1525
30,1006,280,108.7754,-71.1153
30,1006,288,109.1904,-71.0722
30,1006,296,110.4471,-70.9360
30,1006,304,110.7385,-70.9036
30,1006,312,110.8565,-70.8904
30,1006,320,111.1495,-70.8575
30,1006,328,111.5342,-70.8141
30,1006,336,112.3616,-70.7199
30,1006,344,112.9058,-70.6575
30,1006,352,113.8576,-70.5478
30,1006,360,114.3332,-70.4928
30,1006,368,116.3984,-70.2523
30,1006,376,116.6428,-70.2236
30,1006,384,117.3743,-70.1375
30,1006,392,117.9040,-70.0749
30,1006,400,118.0810,-70.0540
30,1006,408,119.2723,-69.9132
30,1006,416,121.5985,-69.6392
30,1006,424,122.0987,-69.5804
30,1006,432,122.5051,-69.5326
30,1006,440,123.0014,-69.4740
30,1006,448,123.2318,-69.4469
30,1006,456,124.5331,-69.2939
30,1006,464,126.8774,-69.0203
30,1006,472,127.7865,-68.9145
30,1006,480,130.3034,-68.6245
30,1006,488,132.5280,-68.3736
30,1006,496,135.2860,-68.0710
30,1006,504,138.9215,-67.6881
30,1006,512,143.4911,-67.2402
30,1006,520,148.0607,-66.8334
30,1006,528,159.2561,-66.0160
30,1006,536,189.2815,-64.9255
30,1006,544,208.2128,-64.7054
30,1006,552,227.1441,-64.6199
30,1006,560,246.0754,-64.5833
30,1006,568,266.6629,-64.5680
30,1006,576,296.2707,-64.5632
30,1006,584,458.4527,-64.5609
30,1006,592,677.2159,-64.5609
30,1006,600,992.7294,-64.5606
30,1007,0,0.0000,-65.0000
30,1007,8,0.0699,-64.9855
30,1007,16,0.6811,-64.9173
30,1007,24,5.5147,-64.6276
30,1007,32,14.0905,-64.5433
30,1007,40,22.6664,-64.5540
30,1007,48,36.8228,-64.5609
30,1007,56,100.0000,-64.5618
30,1007,64,100.0451,-64.5690
30,1007,72,100.1167,-64.6067
30,1007,80,100.1814,-64.6662
30,1007,88,100.3931,-65.0037
30,1007,96,100.6918,-65.7393
30,1007,104,101.5329,-68.1192
30,1007,112,101.7487,-68.6345
30,1007,120,101.9147,-68.9900
30,1007,128,101.9825,-69.1247
30,1007,136,102.3705,-69.7889
30,1007,144,102.6811,-70.1977
30,1007,152,102.9525,-70.4798
30,1007,160,103.2681,-70.7337
30,1007,168,103.5482,-70.9063
30,1007,176,103.7906,-71.0211
30,1007,184,104.0756,-71.1242
30,1007,192,104.4649,-71.2223
30,1007,200,104.8648,-71.2836
30,1007,208,105.0133,-71.2984
30,1007,216,105.7490,-71.3280
30,1007,224,106.0159,-71.3243
30,1007,232,107.1635,-71.2641
30,1007,240,107.5964,-71.2284
30,1007,248,107.7980,-71.2105
30,1007,256,108.0503,-71.1870
30,1007,264,108.2431,-71.1686
30,1007,272,108.4063,-71.1525
30,1007,280,108.7754,-71.1153
30,1007,288,109.1904,-71.0722
30,1007,296,110.4471,-70.9360
30,1007,304,110.7385,-70.9036
30,1007,312,110.8565,-70.8904
30,1007,320,111.1495,-70.8575
30,1007,328,111.5342,-70.8141
30,1007,336,112.3616,-70.7199
30,1007,344,112.9058,-70.6575
30,1007,352,113.8576,-70.5478
30,1007,360,114.3332,-70.4928
30,1007,368,116.3984,-70.2523
30,1007,376,116.6428,-70.2236
30,1007,384,117.3743,-70.1375
30,1007,392,117.9040,-70.0749
30,1007,400,118.0810,-70.0540
30,1007,408,119.2723,-69.9132
30,1007,416,121.5985,-69.6392
30,1007,424,122.0987,-69.5804
30,1007,432,122.5051,-69.5326
30,1007,440,123.0014,-69.4740
30,1007,448,123.2318,-69.4469
30,1007,456,124.5331,-69.2939
30,1007,464,126.8774,-69.0203
30,1007,472,127.7865,-68.9145
30,1007,480,130.3034,-68.6245
30,1007,488,132.5280,-68.3736
30,1007,496,135.2860,-68.0710
30,1007,504,138.9215,-67.6881
30,1007,512,143.4911,-67.2402
30,1007,520,148.0607,-66.8334
30,1007,528,159.2561,-66.0160
30,1007,536,189.2815,-64.9255
30,1007,544,208.2128,-64.7054
30,1007,552,227.1441,-64.6199
30,1007,560,246.0754,-64.5833
30,1007,568,266.6629,-64.5680
30,1007,576,296.2707,-64.5632
30,1007,584,458.4527,-64.5609
30,1007,592,677.2159,-64.5609
30,1007,600,992.7294,-64.5606
30,1008,0,0.0000,-65.0000
30,1008,8,0.0699,-64.9855
30,1008,16,0.6811,-64.9173
30,1008,24,5.5147,-64.6276
30,1008,32,14.0905,-64.5433
30,1008,40,22.6664,-64.5540
30,1008,48,36.8228,-64.5609
30,1008,56,100.0000,-64.5618
30,1008,64,100.0451,-64.5690
30,1008,72,100.1167,-64.6067
30,1008,80,100.1814,-64.6662
30,1008,88,100.3931,-65.0037
30,1008,96,100.6918,-65.7393
30,1008,104,101.5329,-68.1192
30,1008,112,101.7487,-68.6345
30,1008,120,101.9147,-68.9900
30,1008,128,101.9825,-69.1247
30,1008,136,102.3705,-69.7889
30,1008,144,102.6811,-70.1977
30,1008,152,102.9525,-70.4798
30,1008,160,103.2681,-70.7337
30,1008,168,103.5482,-70.9063
30,1008,176,103.7906,-71.0211
30,1008,184,104.0756,-71.1242
30,1008,192,104.4649,-71.2223
30,1008,200,104.8648,-71.2836
30,1008,208,105.0133,-71.2984
30,1008,216,105.7490,-71.3280
30,1008,224,106.0159,-71.3243
30,1008,232,107.1635,-71.2641
30,1008,240,107.5964,-71.2284
30,1008,248,107.7980,-71.2105
30,1008,256,108.0503,-71.1870
30,1008,264,108.2431,-71.1686
30,1008,272,108.4063,-71.1525
30,1008,280,108.7754,-71.1153
30,1008,288,109.1904,-71.0722
30,1008,296,110.4471,-70.9360
30,1008,304,110.7385,-70.9036
30,1008,312,110.8565,-70.8904
30,1008,320,111.1495,-70.8575
30,1008,328,111.5342,-70.8141
30,1008,336,112.3616,-70.7199
30,1008,344,112.9058,-70.6575
30,1008,352,113.8576,-70.5478
30,1008,360,114.3332,-70.4928
30,1008,368,116.3984,-70.2523
30,1008,376,116.6428,-70.2236
30,1008,384,117.3743,-70.1375
30,1008,392,117.9040,-70.0749
30,1008,400,118.0810,-70.0540
30,1008,408,119.2723,-69.9132
30,1008,416,121.5985,-69.6392
30,1008,424,122.0987,-69.5804
30,1008,432,122.5051,-69.5326
30,1008,440,123.0014,-69.4740
30,1008,448,123.2318,-69.4469
30,1008,456,124.5331,-69.2939
30,1008,464,126.8774,-69.0203
30,1008,472,127.7865,-68.9145
30,1008,480,130.3034,-68.6245
30,1008,488,132.5280,-68.3736
30,1008,496,135.2860,-68.0710
30,1008,504,138.9215,-67.6881
30,1008,512,143.4911,-67.2402
30,1008,520,148.0607,-66.8334
30,1008,528,159.2561,-66.0160
30,1008,536,189.2815,-64.9255
30,1008,544,208.2128,-64.7054
30,1008,552,227.1441,-64.6199
30,1008,560,246.0754,-64.5833
30,1008,568,266.6629,-64.5680
30,1008,576,296.2707,-64.5632
30,1008,584,458.4527,-64.5609
30,1008,592,677.2159,-64.5609
30,1008,600,992.7294,-64.5606
30,1009,0,0.0000,-65.0000
30,1009,8,0.0699,-64.9855
30,1009,16,0.6811,-64.9173
30,1009,24,5.5147,-64.6276
30,1009,32,14.0905,-64.5433
30,1009,40,22.6664,-64.5540
30,1009,48,36.8228,-64.5609
30,1009,56,100.0000,-64.5618
30,1009,64,100.0451,-64.5690
30,1009,72,100.1167,-64.6067
30,1009,80,100.1814,-64.6662
30,1009,88,100.3931,-65.0037
30,1009,96,100.6918,-65.7393
30,1009,104,101.5329,-68.1192
30,1009,112,101.7487,-68.6345
30,1009,120,101.9147,-68.9900
30,1009,128,101.9825,-69.1247
30,1009,136,102.3705,-69.7889
30,1009,144,102.6811,-70.1977
30,1009,152,102.9525,-70.4798
30,1009,160,103.2681,-70.7337
30,1009,168,103.5482,-70.9063
30,1009,176,103.7906,-71.0211
30,1009,184,104.0756,-71.1242
30,1009,192,104.4649,-71.2223
30,1009,200,104.8648,-71.2836
30,1009,208,105.0133,-71.2984
30,1009,216,105.7490,-71.3280
30,1009,224,106.0159,-71.3243
30,1009,232,107.1635,-71.2641
30,1009,240,107.5964,-71.2284
30,1009,248,107.7980,-71.2105
30,1009,256,108.0503,-71.1870
30,1009,264,108.2431,-71.1686
30,1009,272,108.4063,-71.1525
30,1009,280,108.7754,-71.1153
30,1009,288,109.1904,-71.0722
30,1009,296,110.4471,-70.9360
30,1009,304,110.7385,-70.9036
30,1009,312,110.8565,-70.8904
30,1009,320,111.1495,-70.8575
30,1009,328,111.5342,-70.8141
30,1009,336,112.3616,-70.7199
30,1009,344,112.9058,-70.6575
30,1009,352,113.8576,-70.5478
30,1009,360,114.3332,-70.4928
30,1009,368,116.3984,-70.2523
30,1009,376,116.6428,-70.2236
30,1009,384,117.3743,-70.1375
30,1009,392,117.9040,-70.0749
30,1009,400,118.0810,-70.0540
30,1009,408,119.2723,-69.9132
30,1009,416,121.5985,-69.6392
30,1009,424,122.0987,-69.5804
30,1009,432,122.5051,-69.5326
30,1009,440,123.0014,-69.4740
30,1009,448,123.2318,-69.4469
30,1009,456,124.5331,-69.2939
30,1009,464,126.8774,-69.0203
30,1009,472,127.7865,-68.9145
30,1009,480,130.3034,-68.6245
30,1009,488,132.5280,-68.3736
30,1009,496,135.2860,-68.0710
30,1009,504,138.9215,-67.6881
30,1009,512,143.4911,-67.2402
30,1009,520,148.0607,-66.8334
30,1009,528,159.2561,-66.0160
30,1009,536,189.2815,-64.9255
30,1009,544,208.2128,-64.7054
30,1009,552,227.1441,-64.6199
30,1009,560,246.0754,-64.5833
30,1009,568,266.6629,-64.5680
30,1009,576,296.2707,-64.5632
30,1009,584,458.4527,-64.5609
30,1009,592,677.2159,-64.5609
30,1009,600,992.7294,-64.5606
30,1010,0,0.0000,-65.0000
30,1010,8,0.0699,-64.9855
30,1010,16,0.6811,-64.9173
30,1010,24,5.5147,-64.6276
30,1010,32,14.0905,-64.5433
30,1010,40,22.6664,-64.5540
30,1010,48,36.8228,-64.5609
30,1010,56,100.0000,-64.5618
30,1010,64,100.0451,-64.5690
30,1010,72,100.1167,-64.6067
30,1010,80,100.1814,-64.6662
30,1010,88,100.3931,-65.0037
30,1010,96,100.6918,-65.7393
30,1010,104,101.5329,-68.1192
30,1010,112,101.7487,-68.6345
30,1010,120,101.9147,-68.9900
30,1010,128,101.9825,-69.1247
30,1010,136,102.3705,-69.7889
30,1010,144,102.6811,-70.1977
30,1010,152,102.9525,-70.4798
30,1010,160,103.2681,-70.7337
30,1010,168,103.5482,-70.9063
30,1010,176,103.7906,-71.0211
30,1010,184,104.0756,-71.1242
30,1010,192,104.4649,-71.2223
30,1010,200,104.8648,-71.2836
30,1010,208,105.0133,-71.2984
30,1010,216,105.7490,-71.3280
30,1010,224,106.0159,-71.3243
30,1010,232,107.1635,-71.2641
30,1010,240,107.5964,-71.2284
30,1010,248,107.7980,-71.2105
30,1010,256,108.0503,-71.1870
30,1010,264,108.2431,-71.1686
30,1010,272,108.4063,-71.1525
30,1010,280,108.7754,-71.1153
30,1010,288,109.1904,-71.0722
30,1010,296,110.4471,-70.9360
30,1010,304,110.7385,-70.9036
30,1010,312,110.8565,-70.8904
30,1010,320,111.1495,-70.8575
30,1010,328,111.5342,-70.8141
30,1010,336,112.3616,-70.7199
30,1010,344,112.9058,-70.6575
30,1010,352,113.8576,-70.5478
30,1010,360,114.3332,-70.4928
30,1010,368,116.3984,-70.2523
30,1010,376,116.6428,-70.2236
30,1010,384,117.3743,-70.1375
30,1010,392,117.9040,-70.0749
30,1010,400,118.0810,-70.0540
30,1010,408,119.2723,-69.9132
30,1010,416,121.5985,-69.6392
30,1010,424,122.0987,-69.5804
30,1010,432,122.5051,-69.5326
30,1010,440,123.0014,-69.4740
30,1010,448,123.2318,-69.4469
30,1010,456,124.5331,-69.2939
30,1010,464,126.8774,-69.0203
30,1010,472,127.7865,-68.9145
30,1010,480,130.3034,-68.6245
30,1010,488,132.5280,-68.3736
30,1010,496,135.2860,-68.0710
30,1010,504,138.9215,-67.6881
30,1010,512,143.4911,-67.2402
30,1010,520,148.0607,-66.8334
30,1010,528,159.2561,-66.0160
30,1010,536,189.2815,-64.9255
30,1010,544,208.2128,-64.7054
30,1010,552,227.1441,-64.6199
30,1010,560,246.0754,-64.5833
30,1010,568,266.6629,-64.5680
30,1010,576,296.2707,-64.5632
30,1010,584,458.4527,-64.5609
30,1010,592,677.2159,-64.5609
30,1010,600,992.7294,-64.5606
60,2001,0,0.0000,-65.0000
60,2001,8,0.0699,-64.9855
60,2001,16,0.6811,-64.9173
60,2001,24,5.5147,-64.6276
60,2001,32,14.0905,-64.5433
60,2001,40,22.6664,-64.5540
60,2001,48,36.8228,-64.5609
60,2001,56,100.0000,-64.5618
60,2001,64,100.0282,-64.5644
60,2001,72,100.1567,-64.6428
60,2001,80,100.1914,-64.6826
60,2001,88,100.3875,-65.0246
60,2001,96,100.5524,-65.4361
60,2001,104,100.6960,-65.8525
60,2001,112,101.3763,-67.9506
60,2001,120,101.6113,-68.5841
60,2001,128,101.7745,-68.9776
60,2001,136,101.8534,-69.1529
60,2001,144,102.0178,-69.4913
60,2001,152,102.1634,-69.7582
60,2001,160,102.4946,-70.2667
60,2001,168,102.7406,-70.5630
60,2001,176,103.2374,-70.9945
60,2001,184,103.5422,-71.1731
60,2001,192,104.0384,-71.3683
60,2001,200,104.3818,-71.4493
60,2001,208,105.1346,-71.5354
60,2001,216,105.5956,-71.5451
60,2001,224,106.2064,-71.5302
60,2001,232,106.4870,-71.5157
60,2001,240,107.7012,-71.4251
60,2001,248,107.9493,-71.4028
60,2001,256,108.5778,-71.3421
60,2001,264,109.1131,-71.2880
60,2001,272,109.9269,-71.2031
60,2001,280,110.1387,-71.1806
60,2001,288,110.7951,-71.1100
60,2001,296,110.9658,-71.0916
60,2001,304,111.2134,-71.0647
60,2001,312,112.4248,-70.9316
60,2001,320,114.3006,-70.7223
60,2001,328,114.4936,-70.7006
60,2001,336,115.0559,-70.6370
60,2001,344,115.2859,-70.6109
60,2001,352,115.8018,-70.5521
60,2001,360,117.1647,-70.3960
60,2001,368,118.0834,-70.2902
60,2001,376,118.3637,-70.2578
60,2001,384,119.3055,-70.1485
60,2001,392,120.0779,-70.0581
60,2001,400,120.5034,-70.0084
60,2001,408,120.7568,-69.9787
60,2001,416,120.9447,-69.9567
60,2001,424,122.0611,-69.8257
60,2001,432,122.2381,-69.8049
60,2001,440,122.8067,-69.7380
60,2001,448,124.1874,-69.5762
60,2001,456,126.5279,-69.3046
60,2001,464,128.1811,-69.1135
60,2001,472,130.7539,-68.8157
60,2001,480,132.0517,-68.6665
60,2001,488,134.2747,-68.4152
60,2001,496,136.7925,-68.1375
60,2001,504,137.5569,-68.0547
60,2001,512,142.0929,-67.5824
60,2001,520,146.6289,-67.1480
60,2001,528,156.8720,-66.3132
60,2001,536,181.3040,-65.1480
60,2001,544,207.8498,-64.7224
60,2001,552,251.2711,-64.5791
60,2001,560,324.0910,-64.5623
60,2001,568,448.8362,-64.5611
60,2002,0,0.0000,-65.0000
60,2002,8,0.0699,-64.9855
60,2002,16,0.6811,-64.9173
60,2002,24,5.5147,-64.6276
60,2002,32,14.0905,-64.5433
60,2002,40,22.6664,-64.5540
60,2002,48,36.8228,-64.5609
60,2002,56,100.0000,-64.5618
60,2002,64,100.0282,-64.5644
60,2002,72,100.1567,-64.6428
60,2002,80,100.1914,-64.6826
60,2002,88,100.3875,-65.0246
60,2002,96,100.5524,-65.4361
60,2002,104,100.6960,-65.8525
60,2002,112,101.3763,-67.9506
60,2002,120,101.6113,-68.5841
60,2002,128,101.7745,-68.9776
60,2002,136,101.8534,-69.1529
60,2002,144,102.0178,-69.4913
60,2002,152,102.1634,-69.7582
60,2002,160,102.4946,-70.2667
60,2002,168,102.7406,-70.5630
60,2002,176,103.2374,-70.9945
60,2002,184,103.5422,-71.1731
60,2002,192,104.0384,-71.3683
60,2002,200,104.3818,-71.4493
60,2002,208,105.1346,-71.5354
60,2002,216,105.5956,-71.5451
60,2002,224,106.2064,-71.5302
60,2002,232,106.4870,-71.5157
60,2002,240,107.7012,-71.4251
60,2002,248,107.9493,-71.4028
60,2002,256,108.5778,-71.3421
60,2002,264,109.1131,-71.2880
60,2002,272,109.9269,-71.2031
60,2002,280,110.1387,-71.1806
60,2002,288,110.7951,-71.1100
60,2002,296,110.9658,-71.0916
60,2002,304,111.2134,-71.0647
60,2002,312,112.4248,-70.9316
60,2002,320,114.3006,-70.7223
60,2002,328,114.4936,-70.7006
60,2002,336,115.0559,-70.6370
60,2002,344,115.2859,-70.6109
60,2002,352,115.8018,-70.5521
60,2002,360,117.1647,-70.3960
60,2002,368,118.0834,-70.2902
60,2002,376,118.3637,-70.2578
60,2002,384,119.3055,-70.1485
60,2002,392,120.0779,-70.0581
60,2002,400,120.5034,-70.0084
60,2002,408,120.7568,-69.9787
60,2002,416,120.9447,-69.9567
60,2002,424,122.0611,-69.8257
60,2002,432,122.2381,-69.8049
60,2002,440,122.8067,-69.7380
60,2002,448,124.1874,-69.5762
60,2002,456,126.5279,-69.3046
60,2002,464,128.1811,-69.1135
60,2002,472,130.7539,-68.8157
60,2002,480,132.0517,-68.6665
60,2002,488,134.2747,-68.4152
60,2002,496,136.7925,-68.1375
60,2002,504,137.5569,-68.0547
60,2002,512,142.0929,-67.5824
60,2002,520,146.6289,-67.1480
60,2002,528,156.8720,-66.3132
60,2002,536,181.3040,-65.1480
60,2002,544,207.8498,-64.7224
60,2002,552,251.2711,-64.5791
60,2002,560,324.0910,-64.5623
60,2002,568,448.8362,-64.5611
60,2003,0,0.0000,-65.0000
60,2003,8,0.0699,-64.9855
60,2003,16,0.6811,-64.9173
60,2003,24,5.5147,-64.6276
60,2003,32,14.0905,-64.5433
60,2003,40,22.6664,-64.5540
60,2003,48,36.8228,-64.5609
60,2003,56,100.0000,-64.5618
60,2003,64,100.0282,-64.5644
60,2003,72,100.1567,-64.6428
60,2003,80,100.1914,-64.6826
60,2003,88,100.3875,-65.0246
60,2003,96,100.5524,-65.4361
60,2003,104,100.6960,-65.8525
60,2003,112,101.3763,-67.9506
60,2003,120,101.6113,-68.5841
60,2003,128,101.7745,-68.9776
60,2003,136,101.8534,-69.1529
60,2003,144,102.0178,-69.4913
60,2003,152,102.1634,-69.7582
60,2003,160,102.4946,-70.2667
60,2003,168,102.7406,-70.5630
60,2003,176,103.2374,-70.9945
60,2003,184,103.5422,-71.1731
60,2003,192,104.0384,-71.3683
60,2003,200,104.3818,-71.4493
60,2003,208,105.1346,-71.5354
60,2003,216,105.5956,-71.5451
60,2003,224,106.2064,-71.5302
60,2003,232,106.4870,-71.5157
60,2003,240,107.7012,-71.4251
60,2003,248,107.9493,-71.4028
60,2003,256,108.5778,-71.3421
60,2003,264,109.1131,-71.2880
60,2003,272,109.9269,-71.2031
60,2003,280,110.1387,-71.1806
60,2003,288,110.7951,-71.1100
60,2003,296,110.9658,-71.0916
60,2003,304,111.2134,-71.0647
60,2003,312,112.4248,-70.9316
60,2003,320,114.3006,-70.7223
60,2003,328,114.4936,-70.7006
60,2003,336,115.0559,-70.6370
60,2003,344,115.2859,-70.6109
60,2003,352,115.8018,-70.5521
60,2003,360,117.1647,-70.3960
60,2003,368,118.0834,-70.2902
60,2003,376,118.3637,-70.2578
60,2003,384,119.3055,-70.1485
60,2003,392,120.0779,-70.0581
60,2003,400,120.5034,-70.0084
60,2003,408,120.7568,-69.9787
60,2003,416,120.9447,-69.9567
60,2003,424,122.0611,-69.8257
60,2003,432,122.2381,-69.8049
60,2003,440,122.8067,-69.7380
60,2003,448,124.1874,-69.5762
60,2003,456,126.5279,-69.3046
60,2003,464,128.1811,-69.1135
60,2003,472,130.7539,-68.8157
60,2003,480,132.0517,-68.6665
60,2003,488,134.2747,-68.4152
60,2003,496,136.7925,-68.1375
60,2003,504,137.5569,-68.0547
60,2003,512,142.0929,-67.5824
60,2003,520,146.6289,-67.1480
60,2003,528,156.8720,-66.3132
60,2003,536,181.3040,-65.1480
60,2003,544,207.8498,-64.7224
60,2003,552,251.2711,-64.5791
60,2003,560,324.0910,-64.5623
60,2003,568,448.8362,-64.5611
60,2004,0,0.0000,-65.0000
60,2004,8,0.0699,-64.9855
60,2004,16,0.6811,-64.9173
60,2004,24,5.5147,-64.6276
60,2004,32,14.0905,-64.5433
60,2004,40,22.6664,-64.5540
60,2004,48,36.8228,-64.5609
60,2004,56,100.0000,-64.5618
60,2004,64,100.0282,-64.5644
60,2004,72,100.1567,-64.6428
60,2004,80,100.1914,-64.6826
60,2004,88,100.3875,-65.0246
60,2004,96,100.5524,-65.4361
60,2004,104,100.6960,-65.8525
60,2004,112,101.3763,-67.9506
60,2004,120,101.6113,-68.5841
60,2004,128,101.7745,-68.9776
60,2004,136,101.8534,-69.1529
60,2004,144,102.0178,-69.4913
60,2004,152,102.1634,-69.7582
60,2004,160,102.4946,-70.2667
60,2004,168,102.7406,-70.5630
60,2004,176,103.2374,-70.9945
60,2004,184,103.5422,-71.1731
60,2004,192,104.0384,-71.3683
60,2004,200,104.3818,-71.4493
60,2004,208,105.1346,-71.5354
60,2004,216,105.5956,-71.5451
60,2004,224,106.2064,-71.5302
60,2004,232,106.4870,-71.5157
60,2004,240,107.7012,-71.4251
60,2004,248,107.9493,-71.4028
60,2004,256,108.5778,-71.3421
60,2004,264,109.1131,-71.2880
60,2004,272,109.9269,-71.2031
60,2004,280,110.1387,-71.1806
60,2004,288,110.7951,-71.1100
60,2004,296,110.9658,-71.0916
60,2004,304,111.2134,-71.0647
60,2004,312,112.4248,-70.9316
60,2004,320,114.3006,-70.7223
60,2004,328,114.4936,-70.7006
60,2004,336,115.0559,-70.6370
60,2004,344,115.2859,-70.6109
60,2004,352,115.8018,-70.5521
60,2004,360,117.1647,-70.3960
60,2004,368,118.0834,-70.2902
60,2004,376,118.3637,-70.2578
60,2004,384,119.3055,-70.1485
60,2004,392,120.0779,-70.0581
60,2004,400,120.5034,-70.0084
60,2004,408,120.7568,-69.9787
60,2004,416,120.9447,-69.9567
60,2004,424,122.0611,-69.8257
60,2004,432,122.2381,-69.8049
60,2004,440,122.8067,-69.7380
60,2004,448,124.1874,-69.5762
60,2004,456,126.5279,-69.3046
60,2004,464,128.1811,-69.1135
60,2004,472,130.7539,-68.8157
60,2004,480,132.0517,-68.6665
60,2004,488,134.2747,-68.4152
60,2004,496,136.7925,-68.1375
60,2004,504,137.5569,-68.0547
60,2004,512,142.0929,-67.5824
60,2004,520,146.6289,-67.1480
60,2004,528,156.8720,-66.3132
60,2004,536,181.3040,-65.1480
60,2004,544,207.8498,-64.7224
60,2004,552,251.2711,-64.5791
60,2004,560,324.0910,-64.5623
60,2004,568,448.8362,-64.5611
60,2005,0,0.0000,-65.0000
60,2005,8,0.0699,-64.9855
60,2005,16,0.6811,-64.9173
60,2005,24,5.5147,-64.6276
60,2005,32,14.0905,-64.5433
60,2005,40,22.6664,-64.5540
60,2005,48,36.8228,-64.5609
60,2005,56,100.0000,-64.5618
60,2005,64,100.0282,-64.5644
60,2005,72,100.1567,-64.6428
60,2005,80,100.1914,-64.6826
60,2005,88,100.3875,-65.0246
60,2005,96,100.5524,-65.4361
60,2005,104,100.6960,-65.8525
60,2005,112,101.3763,-67.9506
60,2005,120,101.6113,-68.5841
60,2005,128,101.7745,-68.9776
60,2005,136,101.8534,-69.1529
60,2005,144,102.0178,-69.4913
60,2005,152,102.1634,-69.7582
60,2005,160,102.4946,-70.2667
60,2005,168,102.7406,-70.5630
60,2005,176,103.2374,-70.9945
60,2005,184,103.5422,-71.1731
60,2005,192,104.0384,-71.3683
60,2005,200,104.3818,-71.4493
60,2005,208,105.1346,-71.5354
60,2005,216,105.5956,-71.5451
60,2005,224,106.2064,-71.5302
60,2005,232,106.4870,-71.5157
60,2005,240,107.7012,-71.4251
60,2005,248,107.9493,-71.4028
60,2005,256,108.5778,-71.3421
60,2005,264,109.1131,-71.2880
60,2005,272,109.9269,-71.2031
60,2005,280,110.1387,-71.1806
60,2005,288,110.7951,-71.1100
60,2005,296,110.9658,-71.0916
60,2005,304,111.2134,-71.0647
60,2005,312,112.4248,-70.9316
60,2005,320,114.3006,-70.7223
60,2005,328,114.4936,-70.7006
60,2005,336,115.0559,-70.6370
60,2005,344,115.2859,-70.6109
60,2005,352,115.8018,-70.5521
60,2005,360,117.1647,-70.3960
60,2005,368,118.0834,-70.2902
60,2005,376,118.3637,-70.2578
60,2005,384,119.3055,-70.1485
60,2005,392,120.0779,-70.0581
60,2005,400,120.5034,-70.0084
60,2005,408,120.7568,-69.9787
60,2005,416,120.9447,-69.9567
60,2005,424,122.0611,-69.8257
60,2005,432,122.2381,-69.8049
60,2005,440,122.8067,-69.7380
60,2005,448,124.1874,-69.5762
60,2005,456,126.5279,-69.3046
60,2005,464,128.1811,-69.1135
60,2005,472,130.7539,-68.8157
60,2005,480,132.0517,-68.6665
60,2005,488,134.2747,-68.4152
60,2005,496,136.7925,-68.1375
60,2005,504,137.5569,-68.0547
60,2005,512,142.0929,-67.5824
60,2005,520,146.6289,-67.1480
60,2005,528,156.8720,-66.3132
60,2005,536,181.3040,-65.1480
60,2005,544,207.8498,-64.7224
60,2005,552,251.2711,-64.5791
60,2005,560,324.0910,-64.5623
60,2005,568,448.8362,-64.5611
60,2006,0,0.0000,-65.0000
60,2006,8,0.0699,-64.9855
60,2006,16,0.6811,-64.9173
60,2006,24,5.5147,-64.6276
60,2006,32,14.0905,-64.5433
60,2006,40,22.6664,-64.5540
60,2006,48,36.8228,-64.5609
60,2006,56,100.0000,-64.5618
60,2006,64,100.0282,-64.5644
60,2006,72,100.1567,-64.6428
60,2006,80,100.1914,-64.6826
60,2006,88,100.3875,-65.0246
60,2006,96,100.5524,-65.4361
60,2006,104,100.6960,-65.8525
60,2006,112,101.3763,-67.9506
60,2006,120,101.6113,-68.5841
60,2006,128,101.7745,-68.9776
60,2006,136,101.8534,-69.1529
60,2006,144,102.0178,-69.4913
60,2006,152,102.1634,-69.7582
60,2006,160,102.4946,-70.2667
60,2006,168,102.7406,-70.5630
60,2006,176,103.2374,-70.9945
60,2006,184,103.5422,-71.1731
60,2006,192,104.0384,-71.3683
60,2006,200,104.3818,-71.4493
60,2006,208,105.1346,-71.5354
60,2006,216,105.5956,-71.5451
60,2006,224,106.2064,-71.5302
60,2006,232,106.4870,-71.5157
60,2006,240,107.7012,-71.4251
60,2006,248,107.9493,-71.4028
60,2006,256,108.5778,-71.3421
60,2006,264,109.1131,-71.2880
60,2006,272,109.9269,-71.2031
60,2006,280,110.1387,-71.1806
60,2006,288,110.7951,-71.1100
60,2006,296,110.9658,-71.0916
60,2006,304,111.2134,-71.0647
60,2006,312,112.4248,-70.9316
60,2006,320,114.3006,-70.7223
60,2006,328,114.4936,-70.7006
60,2006,336,115.0559,-70.6370
60,2006,344,115.2859,-70.6109
60,2006,352,115.8018,-70.5521
60,2006,360,117.1647,-70.3960
60,2006,368,118.0834,-70.2902
60,2006,376,118.3637,-70.2578
60,2006,384,119.3055,-70.1485
60,2006,392,120.0779,-70.0581
60,2006,400,120.5034,-70.0084
60,2006,408,120.7568,-69.9787
60,2006,416,120.9447,-69.9567
60,2006,424,122.0611,-69.8257
60,2006,432,122.2381,-69.8049
60,2006,440,122.8067,-69.7380
60,2006,448,124.1874,-69.5762
60,2006,456,126.5279,-69.3046
60,2006,464,128.1811,-69.1135
60,2006,472,130.7539,-68.8157
60,2006,480,132.0517,-68.6665
60,2006,488,134.2747,-68.4152
60,2006,496,136.7925,-68.1375
60,2006,504,137.5569,-68.0547
60,2006,512,142.0929,-67.5824
60,2006,520,146.6289,-67.1480
60,2006,528,156.8720,-66.3132
60,2006,536,181.3040,-65.1480
60,2006,544,207.8498,-64.7224
60,2006,552,251.2711,-64.5791
60,2006,560,324.0910,-64.5623
60,2006,568,448.8362,-64.5611
60,2007,0,0.0000,-65.0000
60,2007,8,0.0699,-64.9855
60,2007,16,0.6811,-64.9173
60,2007,24,5.5147,-64.6276
60,2007,32,14.0905,-64.5433
60,2007,40,22.6664,-64.5540
60,2007,48,36.8228,-64.5609
60,2007,56,100.0000,-64.5618
60,2007,64,100.0282,-64.5644
60,2007,72,100.1567,-64.6428
60,2007,80,100.1914,-64.6826
60,2007,88,100.3875,-65.0246
60,2007,96,100.5524,-65.4361
60,2007,104,100.6960,-65.8525
60,2007,112,101.3763,-67.9506
60,2007,120,101.6113,-68.5841
60,2007,128,101.7745,-68.9776
60,2007,136,101.8534,-69.1529
60,2007,144,102.0178,-69.4913
60,2007,152,102.1634,-69.7582
60,2007,160,102.4946,-70.2667
60,2007,168,102.7406,-70.5630
60,2007,176,103.2374,-70.9945
60,2007,184,103.5422,-71.1731
60,2007,192,104.0384,-71.3683
60,2007,200,104.3818,-71.4493
60,2007,208,105.1346,-71.5354
60,2007,216,105.5956,-71.5451
60,2007,224,106.2064,-71.5302
60,2007,232,106.4870,-71.5157
60,2007,240,107.7012,-71.4251
60,2007,248,107.9493,-71.4028
60,2007,256,108.5778,-71.3421
60,2007,264,109.1131,-71.2880
60,2007,272,109.9269,-71.2031
60,2007,280,110.1387,-71.1806
60,2007,288,110.7951,-71.1100
60,2007,296,110.9658,-71.0916
60,2007,304,111.2134,-71.0647
60,2007,312,112.4248,-70.9316
60,2007,320,114.3006,-70.7223
60,2007,328,114.4936,-70.7006
60,2007,336,115.0559,-70.6370
60,2007,344,115.2859,-70.6109
60,2007,352,115.8018,-70.5521
60,2007,360,117.1647,-70.3960
60,2007,368,118.0834,-70.2902
60,2007,376,118.3637,-70.2578
60,2007,384,119.3055,-70.1485
60,2007,392,120.0779,-70.0581
60,2007,400,120.5034,-70.0084
60,2007,408,120.7568,-69.9787
60,2007,416,120.9447,-69.9567
60,2007,424,122.0611,-69.8257
60,2007,432,122.2381,-69.8049
60,2007,440,122.8067,-69.7380
60,2007,448,124.1874,-69.5762
60,2007,456,126.5279,-69.3046
60,2007,464,128.1811,-69.1135
60,2007,472,130.7539,-68.8157
60,2007,480,132.0517,-68.6665
60,2007,488,134.2747,-68.4152
60,2007,496,136.7925,-68.1375
60,2007,504,137.5569,-68.0547
60,2007,512,142.0929,-67.5824
60,2007,520,146.6289,-67.1480
60,2007,528,156.8720,-66.3132
60,2007,536,181.3040,-65.1480
60,2007,544,207.8498,-64.7224
60,2007,552,251.2711,-64.5791
60,2007,560,324.0910,-64.5623
60,2007,568,448.8362,-64.5611
60,2008,0,0.0000,-65.0000
60,2008,8,0.0699,-64.9855
60,2008,16,0.6811,-64.9173
60,2008,24,5.5147,-64.6276
60,2008,32,14.0905,-64.5433
60,2008,40,22.6664,-64.5540
60,2008,48,36.8228,-64.5609
60,2008,56,100.0000,-64.5618
60,2008,64,100.0282,-64.5644
60,2008,72,100.1567,-64.6428
60,2008,80,100.1914,-64.6826
60,2008,88,100.3875,-65.0246
60,2008,96,100.5524,-65.4361
60,2008,104,100.6960,-65.8525
60,2008,112,101.3763,-67.9506
60,2008,120,101.6113,-68.5841
60,2008,128,101.7745,-68.9776
60,2008,136,101.8534,-69.1529
60,2008,144,102.0178,-69.4913
60,2008,152,102.1634,-69.7582
60,2008,160,102.4946,-70.2667
60,2008,168,102.7406,-70.5630
60,2008,176,103.2374,-70.9945
60,2008,184,103.5422,-71.1731
60,2008,192,104.0384,-71.3683
60,2008,200,104.3818,-71.4493
60,2008,208,105.1346,-71.5354
60,2008,216,105.5956,-71.5451
60,2008,224,106.2064,-71.5302
60,2008,232,106.4870,-71.5157
60,2008,240,107.7012,-71.4251
60,2008,248,107.9493,-71.4028
60,2008,256,108.5778,-71.3421
60,2008,264,109.1131,-71.2880
60,2008,272,109.9269,-71.2031
60,2008,280,110.1387,-71.1806
60,2008,288,110.7951,-71.1100
60,2008,296,110.9658,-71.0916
60,2008,304,111.2134,-71.0647
60,2008,312,112.4248,-70.9316
60,2008,320,114.3006,-70.7223
60,2008,328,114.4936,-70.7006
60,2008,336,115.0559,-70.6370
60,2008,344,115.2859,-70.6109
60,2008,352,115.8018,-70.5521
60,2008,360,117.1647,-70.3960
60,2008,368,118.0834,-70.2902
60,2008,376,118.3637,-70.2578
60,2008,384,119.3055,-70.1485
60,2008,392,120.0779,-70.0581
60,2008,400,120.5034,-70.0084
60,2008,408,120.7568,-69.9787
60,2008,416,120.9447,-69.9567
60,2008,424,122.0611,-69.8257
60,2008,432,122.2381,-69.8049
60,2008,440,122.8067,-69.7380
60,2008,448,124.1874,-69.5762
60,2008,456,126.5279,-69.3046
60,2008,464,128.1811,-69.1135
60,2008,472,130.7539,-68.8157
60,2008,480,132.0517,-68.6665
60,2008,488,134.2747,-68.4152
60,2008,496,136.7925,-68.1375
60,2008,504,137.5569,-68.0547
60,2008,512,142.0929,-67.5824
60,2008,520,146.6289,-67.1480
60,2008,528,156.8720,-66.3132
60,2008,536,181.3040,-65.1480
60,2008,544,207.8498,-64.7224
60,2008,552,251.2711,-64.5791
60,2008,560,324.0910,-64.5623
60,2008,568,448.8362,-64.5611
60,2009,0,0.0000,-65.0000
60,2009,8,0.0699,-64.9855
60,2009,16,0.6811,-64.9173
60,2009,24,5.5147,-64.6276
60,2009,32,14.0905,-64.5433
60,2009,40,22.6664,-64.5540
60,2009,48,36.8228,-64.5609
60,2009,56,100.0000,-64.5618
60,2009,64,100.0282,-64.5644
60,2009,72,100.1567,-64.6428
60,2009,80,100.1914,-64.6826
60,2009,88,100.3875,-65.0246
60,2009,96,100.5524,-65.4361
60,2009,104,100.6960,-65.8525
60,2009,112,101.3763,-67.9506
60,2009,120,101.6113,-68.5841
60,2009,128,101.7745,-68.9776
60,2009,136,101.8534,-69.1529
60,2009,144,102.0178,-69.4913
60,2009,152,102.1634,-69.7582
60,2009,160,102.4946,-70.2667
60,2009,168,102.7406,-70.5630
60,2009,176,103.2374,-70.9945
60,2009,184,103.5422,-71.1731
60,2009,192,104.0384,-71.3683
60,2009,200,104.3818,-71.4493
60,2009,208,105.1346,-71.5354
60,2009,216,105.5956,-71.5451
60,2009,224,106.2064,-71.5302
60,2009,232,106.4870,-71.5157
60,2009,240,107.7012,-71.4251
60,2009,248,107.9493,-71.4028
60,2009,256,108.5778,-71.3421
60,2009,264,109.1131,-71.2880
60,2009,272,109.9269,-71.2031
60,2009,280,110.1387,-71.1806
60,2009,288,110.7951,-71.1100
60,2009,296,110.9658,-71.0916
60,2009,304,111.2134,-71.0647
60,2009,312,112.4248,-70.9316
60,2009,320,114.3006,-70.7223
60,2009,328,114.4936,-70.7006
60,2009,336,115.0559,-70.6370
60,2009,344,115.2859,-70.6109
60,2009,352,115.8018,-70.5521
60,2009,360,117.1647,-70.3960
60,2009,368,118.0834,-70.2902
60,2009,376,118.3637,-70.2578
60,2009,384,119.3055,-70.1485
60,2009,392,120.0779,-70.0581
60,2009,400,120.5034,-70.0084
60,2009,408,120.7568,-69.9787
60,2009,416,120.9447,-69.9567
60,2009,424,122.0611,-69.8257
60,2009,432,122.2381,-69.8049
60,2009,440,122.8067,-69.7380
60,2009,448,124.1874,-69.5762
60,2009,456,126.5279,-69.3046
60,2009,464,128.1811,-69.1135
60,2009,472,130.7539,-68.8157
60,2009,480,132.0517,-68.6665
60,2009,488,134.2747,-68.4152
60,2009,496,136.7925,-68.1375
60,2009,504,137.5569,-68.0547
60,2009,512,142.0929,-67.5824
60,2009,520,146.6289,-67.1480
60,2009,528,156.8720,-66.3132
60,2009,536,181.3040,-65.1480
60,2009,544,207.8498,-64.7224
60,2009,552,251.2711,-64.5791
60,2009,560,324.0910,-64.5623
60,2009,568,448.8362,-64.5611
60,2010,0,0.0000,-65.0000
60,2010,8,0.0699,-64.9855
60,2010,16,0.6811,-64.9173
60,2010,24,5.5147,-64.6276
60,2010,32,14.0905,-64.5433
60,2010,40,22.6664,-64.5540
60,2010,48,36.8228,-64.5609
60,2010,56,100.0000,-64.5618
60,2010,64,100.0282,-64.5644
60,2010,72,100.1567,-64.6428
60,2010,80,100.1914,-64.6826
60,2010,88,100.3875,-65.0246
60,2010,96,100.5524,-65.4361
60,2010,104,100.6960,-65.8525
60,2010,112,101.3763,-67.9506
60,2010,120,101.6113,-68.5841
60,2010,128,101.7745,-68.9776
60,2010,136,101.8534,-69.1529
60,2010,144,102.0178,-69.4913
60,2010,152,102.1634,-69.7582
60,2010,160,102.4946,-70.2667
60,2010,168,102.7406,-70.5630
60,2010,176,103.2374,-70.9945
60,2010,184,103.5422,-71.1731
60,2010,192,104.0384,-71.3683
60,2010,200,104.3818,-71.4493
60,2010,208,105.1346,-71.5354
60,2010,216,105.5956,-71.5451
60,2010,224,106.2064,-71.5302
60,2010,232,106.4870,-71.5157
60,2010,240,107.7012,-71.4251
60,2010,248,107.9493,-71.4028
60,2010,256,108.5778,-71.3421
60,2010,264,109.1131,-71.2880
60,2010,272,109.9269,-71.2031
60,2010,280,110.1387,-71.1806
60,2010,288,110.7951,-71.1100
60,2010,296,110.9658,-71.0916
60,2010,304,111.2134,-71.0647
60,2010,312,112.4248,-70.9316
60,2010,320,114.3006,-70.7223
60,2010,328,114.4936,-70.7006
60,2010,336,115.0559,-70.6370
60,2010,344,115.2859,-70.6109
60,2010,352,115.8018,-70.5521
60,2010,360,117.1647,-70.3960
60,2010,368,118.0834,-70.2902
60,2010,376,118.3637,-70.2578
60,2010,384,119.3055,-70.1485
60,2010,392,120.0779,-70.0581
60,2010,400,120.5034,-70.0084
60,2010,408,120.7568,-69.9787
60,2010,416,120.9447,-69.9567
60,2010,424,122.0611,-69.8257
60,2010,432,122.2381,-69.8049
60,2010,440,122.8067,-69.7380
60,2010,448,124.1874,-69.5762
60,2010,456,126.5279,-69.3046
60,2010,464,128.1811,-69.1135
60,2010,472,130.7539,-68.8157
60,2010,480,132.0517,-68.6665
60,2010,488,134.2747,-68.4152
60,2010,496,136.7925,-68.1375
60,2010,504,137.5569,-68.0547
60,2010,512,142.0929,-67.5824
60,2010,520,146.6289,-67.1480
60,2010,528,156.8720,-66.3132
60,2010,536,181.3040,-65.1480
60,2010,544,207.8498,-64.7224
60,2010,552,251.2711,-64.5791
60,2010,560,324.0910,-64.5623
60,2010,568,448.8362,-64.5611
90,3001,0,0.0000,-65.0000
90,3001,8,0.0699,-64.9855
90,3001,16,0.6811,-64.9173
90,3001,24,5.5147,-64.6276
90,3001,32,14.0905,-64.5433
90,3001,40,22.6664,-64.5540
90,3001,48,36.8228,-64.5609
90,3001,56,100.0000,-64.5618
90,3001,64,100.0676,-64.5824
90,3001,72,100.1550,-64.6677
90,3001,80,100.2950,-64.9292
90,3001,88,100.3361,-65.0321
90,3001,96,100.5255,-65.6118
90,3001,104,100.5700,-65.7680
90,3001,112,100.7113,-66.2932
90,3001,120,101.3826,-68.7772
90,3001,128,102.1200,-70.6136
90,3001,136,102.3253,-70.9459
90,3001,144,102.6203,-71.3189
90,3001,152,103.8364,-72.0353
90,3001,160,104.3579,-72.1252
90,3001,168,104.5859,-72.1453
90,3001,176,104.8663,-72.1579
90,3001,184,105.3795,-72.1590
90,3001,192,106.5752,-72.0996
90,3001,200,107.3153,-72.0413
90,3001,208,107.6500,-72.0124
90,3001,216,108.1240,-71.9699
90,3001,224,108.4400,-71.9408
90,3001,232,108.6822,-71.9182
90,3001,240,109.4350,-71.8463
90,3001,248,110.0651,-71.7848
90,3001,256,110.4209,-71.7497
90,3001,264,111.2996,-71.6618
90,3001,272,112.5056,-71.5387
90,3001,280,113.1250,-71.4746
90,3001,288,114.4750,-71.3330
90,3001,296,115.5100,-71.2227
90,3001,304,115.8100,-71.1905
90,3001,312,116.2197,-71.1462
90,3001,320,117.6663,-70.9879
90,3001,328,118.9169,-70.8490
90,3001,336,119.9750,-70.7302
90,3001,344,120.6152,-70.6576
90,3001,352,121.2502,-70.5853
90,3001,360,122.7100,-70.4173
90,3001,368,123.8446,-70.2860
90,3001,376,124.7200,-70.1838
90,3001,384,127.5900,-69.8480
90,3001,392,127.6810,-69.8373
90,3001,400,130.7871,-69.4736
90,3001,408,133.4150,-69.1667
90,3001,416,135.0986,-68.9703
90,3001,424,135.9730,-68.8686
90,3001,432,141.4754,-68.2420
90,3001,440,152.5015,-67.1161
90,3001,448,175.8753,-65.5344
90,3001,456,196.4312,-64.9345
90,3001,464,216.9871,-64.6989
90,3001,472,237.5430,-64.6099
90,3001,480,258.0989,-64.5794
90,3001,488,286.5196,-64.5652
90,3001,496,398.8895,-64.5609
90,3002,0,0.0000,-65.0000
90,3002,8,0.0699,-64.9855
90,3002,16,0.6811,-64.9173
90,3002,24,5.5147,-64.6276
90,3002,32,14.0905,-64.5433
90,3002,40,22.6664,-64.5540
90,3002,48,36.8228,-64.5609
90,3002,56,100.0000,-64.5618
90,3002,64,100.0676,-64.5824
90,3002,72,100.1550,-64.6677
90,3002,80,100.2950,-64.9292
90,3002,88,100.3361,-65.0321
90,3002,96,100.5255,-65.6118
90,3002,104,100.5700,-65.7680
90,3002,112,100.7113,-66.2932
90,3002,120,101.3826,-68.7772
90,3002,128,102.1200,-70.6136
90,3002,136,102.3253,-70.9459
90,3002,144,102.6203,-71.3189
90,3002,152,103.8364,-72.0353
90,3002,160,104.3579,-72.1252
90,3002,168,104.5859,-72.1453
90,3002,176,104.8663,-72.1579
90,3002,184,105.3795,-72.1590
90,3002,192,106.5752,-72.0996
90,3002,200,107.3153,-72.0413
90,3002,208,107.6500,-72.0124
90,3002,216,108.1240,-71.9699
90,3002,224,108.4400,-71.9408
90,3002,232,108.6822,-71.9182
90,3002,240,109.4350,-71.8463
90,3002,248,110.0651,-71.7848
90,3002,256,110.4209,-71.7497
90,3002,264,111.2996,-71.6618
90,3002,272,112.5056,-71.5387
90,3002,280,113.1250,-71.4746
90,3002,288,114.4750,-71.3330
90,3002,296,115.5100,-71.2227
90,3002,304,115.8100,-71.1905
90,3002,312,116.2197,-71.1462
90,3002,320,117.6663,-70.9879
90,3002,328,118.9169,-70.8490
90,3002,336,119.9750,-70.7302
90,3002,344,120.6152,-70.6576
90,3002,352,121.2502,-70.5853
90,3002,360,122.7100,-70.4173
90,3002,368,123.8446,-70.2860
90,3002,376,124.7200,-70.1838
90,3002,384,127.5900,-69.8480
90,3002,392,127.6810,-69.8373
90,3002,400,130.7871,-69.4736
90,3002,408,133.4150,-69.1667
90,3002,416,135.0986,-68.9703
90,3002,424,135.9730,-68.8686
90,3002,432,141.4754,-68.2420
90,3002,440,152.5015,-67.1161
90,3002,448,175.8753,-65.5344
90,3002,456,196.4312,-64.9345
90,3002,464,216.9871,-64.6989
90,3002,472,237.5430,-64.6099
90,3002,480,258.0989,-64.5794
90,3002,488,286.5196,-64.5652
90,3002,496,398.8895,-64.5609
90,3003,0,0.0000,-65.0000
90,3003,8,0.0699,-64.9855
90,3003,16,0.6811,-64.9173
90,3003,24,5.5147,-64.6276
90,3003,32,14.0905,-64.5433
90,3003,40,22.6664,-64.5540
90,3003,48,36.8228,-64.5609
90,3003,56,100.0000,-64.5618
90,3003,64,100.0676,-64.5824
90,3003,72,100.1550,-64.6677
90,3003,80,100.2950,-64.9292
90,3003,88,100.3361,-65.0321
90,3003,96,100.5255,-65.6118
90,3003,104,100.5700,-65.7680
90,3003,112,100.7113,-66.2932
90,3003,120,101.3826,-68.7772
90,3003,128,102.1200,-70.6136
90,3003,136,102.3253,-70.9459
90,3003,144,102.6203,-71.3189
90,3003,152,103.8364,-72.0353
90,3003,160,104.3579,-72.1252
90,3003,168,104.5859,-72.1453
90,3003,176,104.8663,-72.1579
90,3003,184,105.3795,-72.1590
90,3003,192,106.5752,-72.0996
90,3003,200,107.3153,-72.0413
90,3003,208,107.6500,-72.0124
90,3003,216,108.1240,-71.9699
90,3003,224,108.4400,-71.9408
90,3003,232,108.6822,-71.9182
90,3003,240,109.4350,-71.8463
90,3003,248,110.0651,-71.7848
90,3003,256,110.4209,-71.7497
90,3003,264,111.2996,-71.6618
90,3003,272,112.5056,-71.5387
90,3003,280,113.1250,-71.4746
90,3003,288,114.4750,-71.3330
90,3003,296,115.5100,-71.2227
90,3003,304,115.8100,-71.1905
90,3003,312,116.2197,-71.1462
90,3003,320,117.6663,-70.9879
90,3003,328,118.9169,-70.8490
90,3003,336,119.9750,-70.7302
90,3003,344,120.6152,-70.6576
90,3003,352,121.2502,-70.5853
90,3003,360,122.7100,-70.4173
90,3003,368,123.8446,-70.2860
90,3003,376,124.7200,-70.1838
90,3003,384,127.5900,-69.8480
90,3003,392,127.6810,-69.8373
90,3003,400,130.7871,-69.4736
90,3003,408,133.4150,-69.1667
90,3003,416,135.0986,-68.9703
90,3003,424,135.9730,-68.8686
90,3003,432,141.4754,-68.2420
90,3003,440,152.5015,-67.1161
90,3003,448,175.8753,-65.5344
90,3003,456,196.4312,-64.9345
90,3003,464,216.9871,-64.6989
90,3003,472,237.5430,-64.6099
90,3003,480,258.0989,-64.5794
90,3003,488,286.5196,-64.5652
90,3003,496,398.8895,-64.5609
90,3004,0,0.0000,-65.0000
90,3004,8,0.0699,-64.9855
90,3004,16,0.6811,-64.9173
90,3004,24,5.5147,-64.6276
90,3004,32,14.0905,-64.5433
90,3004,40,22.6664,-64.5540
90,3004,48,36.8228,-64.5609
90,3004,56,100.0000,-64.5618
90,3004,64,100.0676,-64.5824
90,3004,72,100.1550,-64.6677
90,3004,80,100.2950,-64.9292
90,3004,88,100.3361,-65.0321
90,3004,96,100.5255,-65.6118
90,3004,104,100.5700,-65.7680
90,3004,112,100.7113,-66.2932
90,3004,120,101.3826,-68.7772
90,3004,128,102.1200,-70.6136
90,3004,136,102.3253,-70.9459
90,3004,144,102.6203,-71.3189
90,3004,152,103.8364,-72.0353
90,3004,160,104.3579,-72.1252
90,3004,168,104.5859,-72.1453
90,3004,176,104.8663,-72.1579
90,3004,184,105.3795,-72.1590
90,3004,192,106.5752,-72.0996
90,3004,200,107.3153,-72.0413
90,3004,208,107.6500,-72.0124
90,3004,216,108.1240,-71.9699
90,3004,224,108.4400,-71.9408
90,3004,232,108.6822,-71.9182
90,3004,240,109.4350,-71.8463
90,3004,248,110.0651,-71.7848
90,3004,256,110.4209,-71.7497
90,3004,264,111.2996,-71.6618
90,3004,272,112.5056,-71.5387
90,3004,280,113.1250,-71.4746
90,3004,288,114.4750,-71.3330
90,3004,296,115.5100,-71.2227
90,3004,304,115.8100,-71.1905
90,3004,312,116.2197,-71.1462
90,3004,320,117.6663,-70.9879
90,3004,328,118.9169,-70.8490
90,3004,336,119.9750,-70.7302
90,3004,344,120.6152,-70.6576
90,3004,352,121.2502,-70.5853
90,3004,360,122.7100,-70.4173
90,3004,368,123.8446,-70.2860
90,3004,376,124.7200,-70.1838
90,3004,384,127.5900,-69.8480
90,3004,392,127.6810,-69.8373
90,3004,400,130.7871,-69.4736
90,3004,408,133.4150,-69.1667
90,3004,416,135.0986,-68.9703
90,3004,424,135.9730,-68.8686
90,3004,432,141.4754,-68.2420
90,3004,440,152.5015,-67.1161
90,3004,448,175.8753,-65.5344
90,3004,456,196.4312,-64.9345
90,3004,464,216.9871,-64.6989
90,3004,472,237.5430,-64.6099
90,3004,480,258.0989,-64.5794
90,3004,488,286.5196,-64.5652
90,3004,496,398.8895,-64.5609
90,3005,0,0.0000,-65.0000
90,3005,8,0.0699,-64.9855
90,3005,16,0.6811,-64.9173
90,3005,24,5.5147,-64.6276
90,3005,32,14.0905,-64.5433
90,3005,40,22.6664,-64.5540
90,3005,48,36.8228,-64.5609
90,3005,56,100.0000,-64.5618
90,3005,64,100.0676,-64.5824
90,3005,72,100.1550,-64.6677
90,3005,80,100.2950,-64.9292
90,3005,88,100.3361,-65.0321
90,3005,96,100.5255,-65.6118
90,3005,104,100.5700,-65.7680
90,3005,112,100.7113,-66.2932
90,3005,120,101.3826,-68.7772
90,3005,128,102.1200,-70.6136
90,3005,136,102.3253,-70.9459
90,3005,144,102.6203,-71.3189
90,3005,152,103.8364,-72.0353
90,3005,160,104.3579,-72.1252
90,3005,168,104.5859,-72.1453
90,3005,176,104.8663,-72.1579
90,3005,184,105.3795,-72.1590
90,3005,192,106.5752,-72.0996
90,3005,200,107.3153,-72.0413
90,3005,208,107.6500,-72.0124
90,3005,216,108.1240,-71.9699
90,3005,224,108.4400,-71.9408
90,3005,232,108.6822,-71.9182
90,3005,240,109.4350,-71.8463
90,3005,248,110.0651,-71.7848
90,3005,256,110.4209,-71.7497
90,3005,264,111.2996,-71.6618
90,3005,272,112.5056,-71.5387
90,3005,280,113.1250,-71.4746
90,3005,288,114.4750,-71.3330
90,3005,296,115.5100,-71.2227
90,3005,304,115.8100,-71.1905
90,3005,312,116.2197,-71.1462
90,3005,320,117.6663,-70.9879
90,3005,328,118.9169,-70.8490
90,3005,336,119.9750,-70.7302
90,3005,344,120.6152,-70.6576
90,3005,352,121.2502,-70.5853
90,3005,360,122.7100,-70.4173
90,3005,368,123.8446,-70.2860
90,3005,376,124.7200,-70.1838
90,3005,384,127.5900,-69.8480
90,3005,392,127.6810,-69.8373
90,3005,400,130.7871,-69.4736
90,3005,408,133.4150,-69.1667
90,3005,416,135.0986,-68.9703
90,3005,424,135.9730,-68.8686
90,3005,432,141.4754,-68.2420
90,3005,440,152.5015,-67.1161
90,3005,448,175.8753,-65.5344
90,3005,456,196.4312,-64.9345
90,3005,464,216.9871,-64.6989
90,3005,472,237.5430,-64.6099
90,3005,480,258.0989,-64.5794
90,3005,488,286.5196,-64.5652
90,3005,496,398.8895,-64.5609
90,3006,0,0.0000,-65.0000
90,3006,8,0.0699,-64.9855
90,3006,16,0.6811,-64.9173
90,3006,24,5.5147,-64.6276
90,3006,32,14.0905,-64.5433
90,3006,40,22.6664,-64.5540
90,3006,48,36.8228,-64.5609
90,3006,56,100.0000,-64.5618
90,3006,64,100.0676,-64.5824
90,3006,72,100.1550,-64.6677
90,3006,80,100.2950,-64.9292
90,3006,88,100.3361,-65.0321
90,3006,96,100.5255,-65.6118
90,3006,104,100.5700,-65.7680
90,3006,112,100.7113,-66.2932
90,3006,120,101.3826,-68.7772
90,3006,128,102.1200,-70.6136
90,3006,136,102.3253,-70.9459
90,3006,144,102.6203,-71.3189
90,3006,152,103.8364,-72.0353
90,3006,160,104.3579,-72.1252
90,3006,168,104.5859,-72.1453
90,3006,176,104.8663,-72.1579
90,3006,184,105.3795,-72.1590
90,3006,192,106.5752,-72.0996
90,3006,200,107.3153,-72.0413
90,3006,208,107.6500,-72.0124
90,3006,216,108.1240,-71.9699
90,3006,224,108.4400,-71.9408
90,3006,232,108.6822,-71.9182
90,3006,240,109.4350,-71.8463
90,3006,248,110.0651,-71.7848
90,3006,256,110.4209,-71.7497
90,3006,264,111.2996,-71.6618
90,3006,272,112.5056,-71.5387
90,3006,280,113.1250,-71.4746
90,3006,288,114.4750,-71.3330
90,3006,296,115.5100,-71.2227
90,3006,304,115.8100,-71.1905
90,3006,312,116.2197,-71.1462
90,3006,320,117.6663,-70.9879
90,3006,328,118.9169,-70.8490
90,3006,336,119.9750,-70.7302
90,3006,344,120.6152,-70.6576
90,3006,352,121.2502,-70.5853
90,3006,360,122.7100,-70.4173
90,3006,368,123.8446,-70.2860
90,3006,376,124.7200,-70.1838
90,3006,384,127.5900,-69.8480
90,3006,392,127.6810,-69.8373
90,3006,400,130.7871,-69.4736
90,3006,408,133.4150,-69.1667
90,3006,416,135.0986,-68.9703
90,3006,424,135.9730,-68.8686
90,3006,432,141.4754,-68.2420
90,3006,440,152.5015,-67.1161
90,3006,448,175.8753,-65.5344
90,3006,456,196.4312,-64.9345
90,3006,464,216.9871,-64.6989
90,3006,472,237.5430,-64.6099
90,3006,480,258.0989,-64.5794
90,3006,488,286.5196,-64.5652
90,3006,496,398.8895,-64.5609
90,3007,0,0.0000,-65.0000
90,3007,8,0.0699,-64.9855
90,3007,16,0.6811,-64.9173
90,3007,24,5.5147,-64.6276
90,3007,32,14.0905,-64.5433
90,3007,40,22.6664,-64.5540
90,3007,48,36.8228,-64.5609
90,3007,56,100.0000,-64.5618
90,3007,64,100.0676,-64.5824
90,3007,72,100.1550,-64.6677
90,3007,80,100.2950,-64.9292
90,3007,88,100.3361,-65.0321
90,3007,96,100.5255,-65.6118
90,3007,104,100.5700,-65.7680
90,3007,112,100.7113,-66.2932
90,3007,120,101.3826,-68.7772
90,3007,128,102.1200,-70.6136
90,3007,136,102.3253,-70.9459
90,3007,144,102.6203,-71.3189
90,3007,152,103.8364,-72.0353
90,3007,160,104.3579,-72.1252
90,3007,168,104.5859,-72.1453
90,3007,176,104.8663,-72.1579
90,3007,184,105.3795,-72.1590
90,3007,192,106.5752,-72.0996
90,3007,200,107.3153,-72.0413
90,3007,208,107.6500,-72.0124
90,3007,216,108.1240,-71.9699
90,3007,224,108.4400,-71.9408
90,3007,232,108.6822,-71.9182
90,3007,240,109.4350,-71.8463
90,3007,248,110.0651,-71.7848
90,3007,256,110.4209,-71.7497
90,3007,264,111.2996,-71.6618
90,3007,272,112.5056,-71.5387
90,3007,280,113.1250,-71.4746
90,3007,288,114.4750,-71.3330
90,3007,296,115.5100,-71.2227
90,3007,304,115.8100,-71.1905
90,3007,312,116.2197,-71.1462
90,3007,320,117.6663,-70.9879
90,3007,328,118.9169,-70.8490
90,3007,336,119.9750,-70.7302
90,3007,344,120.6152,-70.6576
90,3007,352,121.2502,-70.5853
90,3007,360,122.7100,-70.4173
90,3007,368,123.8446,-70.2860
90,3007,376,124.7200,-70.1838
90,3007,384,127.5900,-69.8480
90,3007,392,127.6810,-69.8373
90,3007,400,130.7871,-69.4736
90,3007,408,133.4150,-69.1667
90,3007,416,135.0986,-68.9703
90,3007,424,135.9730,-68.8686
90,3007,432,141.4754,-68.2420
90,3007,440,152.5015,-67.1161
90,3007,448,175.8753,-65.5344
90,3007,456,196.4312,-64.9345
90,3007,464,216.9871,-64.6989
90,3007,472,237.5430,-64.6099
90,3007,480,258.0989,-64.5794
90,3007,488,286.5196,-64.5652
90,3007,496,398.8895,-64.5609
90,3008,0,0.0000,-65.0000
90,3008,8,0.0699,-64.9855
90,3008,16,0.6811,-64.9173
90,3008,24,5.5147,-64.6276
90,3008,32,14.0905,-64.5433
90,3008,40,22.6664,-64.5540
90,3008,48,36.8228,-64.5609
90,3008,56,100.0000,-64.5618
90,3008,64,100.0676,-64.5824
90,3008,72,100.1550,-64.6677
90,3008,80,100.2950,-64.9292
90,3008,88,100.3361,-65.0321
90,3008,96,100.5255,-65.6118
90,3008,104,100.5700,-65.7680
90,3008,112,100.7113,-66.2932
90,3008,120,101.3826,-68.7772
90,3008,128,102.1200,-70.6136
90,3008,136,102.3253,-70.9459
90,3008,144,102.6203,-71.3189
90,3008,152,103.8364,-72.0353
90,3008,160,104.3579,-72.1252
90,3008,168,104.5859,-72.1453
90,3008,176,104.8663,-72.1579
90,3008,184,105.3795,-72.1590
90,3008,192,106.5752,-72.0996
90,3008,200,107.3153,-72.0413
90,3008,208,107.6500,-72.0124
90,3008,216,108.1240,-71.9699
90,3008,224,108.4400,-71.9408
90,3008,232,108.6822,-71.9182
90,3008,240,109.4350,-71.8463
90,3008,248,110.0651,-71.7848
90,3008,256,110.4209,-71.7497
90,3008,264,111.2996,-71.6618
90,3008,272,112.5056,-71.5387
90,3008,280,113.1250,-71.4746
90,3008,288,114.4750,-71.3330
90,3008,296,115.5100,-71.2227
90,3008,304,115.8100,-71.1905
90,3008,312,116.2197,-71.1462
90,3008,320,117.6663,-70.9879
90,3008,328,118.9169,-70.8490
90,3008,336,119.9750,-70.7302
90,3008,344,120.6152,-70.6576
90,3008,352,121.2502,-70.5853
90,3008,360,122.7100,-70.4173
90,3008,368,123.8446,-70.2860
90,3008,376,124.7200,-70.1838
90,3008,384,127.5900,-69.8480
90,3008,392,127.6810,-69.8373
90,3008,400,130.7871,-69.4736
90,3008,408,133.4150,-69.1667
90,3008,416,135.0986,-68.9703
90,3008,424,135.9730,-68.8686
90,3008,432,141.4754,-68.2420
90,3008,440,152.5015,-67.1161
90,3008,448,175.8753,-65.5344
90,3008,456,196.4312,-64.9345
90,3008,464,216.9871,-64.6989
90,3008,472,237.5430,-64.6099
90,3008,480,258.0989,-64.5794
90,3008,488,286.5196,-64.5652
90,3008,496,398.8895,-64.5609
90,3009,0,0.0000,-65.0000
90,3009,8,0.0699,-64.9855
90,3009,16,0.6811,-64.9173
90,3009,24,5.5147,-64.6276
90,3009,32,14.0905,-64.5433
90,3009,40,22.6664,-64.5540
90,3009,48,36.8228,-64.5609
90,3009,56,100.0000,-64.5618
90,3009,64,100.0676,-64.5824
90,3009,72,100.1550,-64.6677
90,3009,80,100.2950,-64.9292
90,3009,88,100.3361,-65.0321
90,3009,96,100.5255,-65.6118
90,3009,104,100.5700,-65.7680
90,3009,112,100.7113,-66.2932
90,3009,120,101.3826,-68.7772
90,3009,128,102.1200,-70.6136
90,3009,136,102.3253,-70.9459
90,3009,144,102.6203,-71.3189
90,3009,152,103.8364,-72.0353
90,3009,160,104.3579,-72.1252
90,3009,168,104.5859,-72.1453
90,3009,176,104.8663,-72.1579
90,3009,184,105.3795,-72.1590
90,3009,192,106.5752,-72.0996
90,3009,200,107.3153,-72.0413
90,3009,208,107.6500,-72.0124
90,3009,216,108.1240,-71.9699
90,3009,224,108.4400,-71.9408
90,3009,232,108.6822,-71.9182
90,3009,240,109.4350,-71.8463
90,3009,248,110.0651,-71.7848
90,3009,256,110.4209,-71.7497
90,3009,264,111.2996,-71.6618
90,3009,272,112.5056,-71.5387
90,3009,280,113.1250,-71.4746
90,3009,288,114.4750,-71.3330
90,3009,296,115.5100,-71.2227
90,3009,304,115.8100,-71.1905
90,3009,312,116.2197,-71.1462
90,3009,320,117.6663,-70.9879
90,3009,328,118.9169,-70.8490
90,3009,336,119.9750,-70.7302
90,3009,344,120.6152,-70.6576
90,3009,352,121.2502,-70.5853
90,3009,360,122.7100,-70.4173
90,3009,368,123.8446,-70.2860
90,3009,376,124.7200,-70.1838
90,3009,384,127.5900,-69.8480
90,3009,392,127.6810,-69.8373
90,3009,400,130.7871,-69.4736
90,3009,408,133.4150,-69.1667
90,3009,416,135.0986,-68.9703
90,3009,424,135.9730,-68.8686
90,3009,432,141.4754,-68.2420
90,3009,440,152.5015,-67.1161
90,3009,448,175.8753,-65.5344
90,3009,456,196.4312,-64.9345
90,3009,464,216.9871,-64.6989
90,3009,472,237.5430,-64.6099
90,3009,480,258.0989,-64.5794
90,3009,488,286.5196,-64.5652
90,3009,496,398.8895,-64.5609
90,3010,0,0.0000,-65.0000
90,3010,8,0.0699,-64.9855
90,3010,16,0.6811,-64.9173
90,3010,24,5.5147,-64.6276
90,3010,32,14.0905,-64.5433
90,3010,40,22.6664,-64.5540
90,3010,48,36.8228,-64.5609
90,3010,56,100.0000,-64.5618
90,3010,64,100.0676,-64.5824
90,3010,72,100.1550,-64.6677
90,3010,80,100.2950,-64.9292
90,3010,88,100.3361,-65.0321
90,3010,96,100.5255,-65.6118
90,3010,104,100.5700,-65.7680
90,3010,112,100.7113,-66.2932
90,3010,120,101.3826,-68.7772
90,3010,128,102.1200,-70.6136
90,3010,136,102.3253,-70.9459
90,3010,144,102.6203,-71.3189
90,3010,152,103.8364,-72.0353
90,3010,160,104.3579,-72.1252
90,3010,168,104.5859,-72.1453
90,3010,176,104.8663,-72.1579
90,3010,184,105.3795,-72.1590
90,3010,192,106.5752,-72.0996
90,3010,200,107.3153,-72.0413
90,3010,208,107.6500,-72.0124
90,3010,216,108.1240,-71.9699
90,3010,224,108.4400,-71.9408
90,3010,232,108.6822,-71.9182
90,3010,240,109.4350,-71.8463
90,3010,248,110.0651,-71.7848
90,3010,256,110.4209,-71.7497
90,3010,264,111.2996,-71.6618
90,3010,272,112.5056,-71.5387
90,3010,280,113.1250,-71.4746
90,3010,288,114.4750,-71.3330
90,3010,296,115.5100,-71.2227
90,3010,304,115.8100,-71.1905
90,3010,312,116.2197,-71.1462
90,3010,320,117.6663,-70.9879
90,3010,328,118.9169,-70.8490
90,3010,336,119.9750,-70.7302
90,3010,344,120.6152,-70.6576
90,3010,352,121.2502,-70.5853
90,3010,360,122.7100,-70.4173
90,3010,368,123.8446,-70.2860
90,3010,376,124.7200,-70.1838
90,3010,384,127.5900,-69.8480
90,3010,392,127.6810,-69.8373
90,3010,400,130.7871,-69.4736
90,3010,408,133.4150,-69.1667
90,3010,416,135.0986,-68.9703
90,3010,424,135.9730,-68.8686
90,3010,432,141.4754,-68.2420
90,3010,440,152.5015,-67.1161
90,3010,448,175.8753,-65.5344
90,3010,456,196.4312,-64.9345
90,3010,464,216.9871,-64.6989
90,3010,472,237.5430,-64.6099
90,3010,480,258.0989,-64.5794
90,3010,488,286.5196,-64.5652
90,3010,496,398.8895,-64.5609
120,4001,0,0.0000,-65.0000
120,4001,8,0.0699,-64.9855
120,4001,16,0.6811,-64.9173
120,4001,24,5.5147,-64.6276
120,4001,32,14.0905,-64.5433
120,4001,40,22.6664,-64.5540
120,4001,48,36.8228,-64.5609
120,4001,56,100.0000,-64.5618
120,4001,64,100.0540,-64.5775
120,4001,72,100.1120,-64.6312
120,4001,80,100.2491,-64.8962
120,4001,88,100.7098,-66.6925
120,4001,96,101.2861,-69.1910
120,4001,104,101.3285,-69.3468
120,4001,112,101.4132,-69.6433
120,4001,120,101.7984,-70.7505
120,4001,128,101.9292,-71.0386
120,4001,136,102.0614,-71.2920
120,4001,144,102.2645,-71.6144
120,4001,152,102.5583,-71.9633
120,4001,160,103.4042,-72.4686
120,4001,168,103.7241,-72.5465
120,4001,176,104.6603,-72.6250
120,4001,184,106.6027,-72.5381
120,4001,192,107.9459,-72.4312
120,4001,200,109.0688,-72.3349
120,4001,208,109.6021,-72.2879
120,4001,216,110.2867,-72.2268
120,4001,224,110.5533,-72.2027
120,4001,232,111.5513,-72.1111
120,4001,240,111.7467,-72.0930
120,4001,248,113.1014,-71.9650
120,4001,256,113.8011,-71.8977
120,4001,264,114.0062,-71.8779
120,4001,272,114.8254,-71.7975
120,4001,280,116.2174,-71.6582
120,4001,288,117.2630,-71.5514
120,4001,296,119.7461,-71.2901
120,4001,304,121.0884,-71.1444
120,4001,312,122.3131,-71.0095
120,4001,320,123.8586,-70.8364
120,4001,328,124.3499,-70.7810
120,4001,336,125.2144,-70.6827
120,4001,344,125.8257,-70.6127
120,4001,352,127.1518,-70.4598
120,4001,360,130.9470,-70.0129
120,4001,368,154.3214,-67.3488
120,4001,376,178.5057,-65.6119
120,4001,384,200.5774,-64.9384
120,4001,392,210.4325,-64.7942
120,4001,400,243.9471,-64.6034
120,4001,408,269.4863,-64.5736
120,4001,416,300.9482,-64.5637
120,4001,424,425.8146,-64.5612
120,4001,432,619.7756,-64.5612
120,4002,0,0.0000,-65.0000
120,4002,8,0.0699,-64.9855
120,4002,16,0.6811,-64.9173
120,4002,24,5.5147,-64.6276
120,4002,32,14.0905,-64.5433
120,4002,40,22.6664,-64.5540
120,4002,48,36.8228,-64.5609
120,4002,56,100.0000,-64.5618
120,4002,64,100.0540,-64.5775
120,4002,72,100.1120,-64.6312
120,4002,80,100.2491,-64.8962
120,4002,88,100.7098,-66.6925
120,4002,96,101.2861,-69.1910
120,4002,104,101.3285,-69.3468
120,4002,112,101.4132,-69.6433
120,4002,120,101.7984,-70.7505
120,4002,128,101.9292,-71.0386
120,4002,136,102.0614,-71.2920
120,4002,144,102.2645,-71.6144
120,4002,152,102.5583,-71.9633
120,4002,160,103.4042,-72.4686
120,4002,168,103.7241,-72.5465
120,4002,176,104.6603,-72.6250
120,4002,184,106.6027,-72.5381
120,4002,192,107.9459,-72.4312
120,4002,200,109.0688,-72.3349
120,4002,208,109.6021,-72.2879
120,4002,216,110.2867,-72.2268
120,4002,224,110.5533,-72.2027
120,4002,232,111.5513,-72.1111
120,4002,240,111.7467,-72.0930
120,4002,248,113.1014,-71.9650
120,4002,256,113.8011,-71.8977
120,4002,264,114.0062,-71.8779
120,4002,272,114.8254,-71.7975
120,4002,280,116.2174,-71.6582
120,4002,288,117.2630,-71.5514
120,4002,296,119.7461,-71.2901
120,4002,304,121.0884,-71.1444
120,4002,312,122.3131,-71.0095
120,4002,320,123.8586,-70.8364
120,4002,328,124.3499,-70.7810
120,4002,336,125.2144,-70.6827
120,4002,344,125.8257,-70.6127
120,4002,352,127.1518,-70.4598
120,4002,360,130.9470,-70.0129
120,4002,368,154.3214,-67.3488
120,4002,376,178.5057,-65.6119
120,4002,384,200.5774,-64.9384
120,4002,392,210.4325,-64.7942
120,4002,400,243.9471,-64.6034
120,4002,408,269.4863,-64.5736
120,4002,416,300.9482,-64.5637
120,4002,424,425.8146,-64.5612
120,4002,432,619.7756,-64.5612
120,4003,0,0.0000,-65.0000
120,4003,8,0.0699,-64.9855
120,4003,16,0.6811,-64.9173
120,4003,24,5.5147,-64.6276
120,4003,32,14.0905,-64.5433
120,4003,40,22.6664,-64.5540
120,4003,48,36.8228,-64.5609
120,4003,56,100.0000,-64.5618
120,4003,64,100.0540,-64.5775
120,4003,72,100.1120,-64.6312
120,4003,80,100.2491,-64.8962
120,4003,88,100.7098,-66.6925
120,4003,96,101.2861,-69.1910
120,4003,104,101.3285,-69.3468
120,4003,112,101.4132,-69.6433
120,4003,120,101.7984,-70.7505
120,4003,128,101.9292,-71.0386
120,4003,136,102.0614,-71.2920
120,4003,144,102.2645,-71.6144
120,4003,152,102.5583,-71.9633
120,4003,160,103.4042,-72.4686
120,4003,168,103.7241,-72.5465
120,4003,176,104.6603,-72.6250
120,4003,184,106.6027,-72.5381
120,4003,192,107.9459,-72.4312
120,4003,200,109.0688,-72.3349
120,4003,208,109.6021,-72.2879
120,4003,216,110.2867,-72.2268
120,4003,224,110.5533,-72.2027
120,4003,232,111.5513,-72.1111
120,4003,240,111.7467,-72.0930
120,4003,248,113.1014,-71.9650
120,4003,256,113.8011,-71.8977
120,4003,264,114.0062,-71.8779
120,4003,272,114.8254,-71.7975
120,4003,280,116.2174,-71.6582
120,4003,288,117.2630,-71.5514
120,4003,296,119.7461,-71.2901
120,4003,304,121.0884,-71.1444
120,4003,312,122.3131,-71.0095
120,4003,320,123.8586,-70.8364
120,4003,328,124.3499,-70.7810
120,4003,336,125.2144,-70.6827
120,4003,344,125.8257,-70.6127
120,4003,352,127.1518,-70.4598
120,4003,360,130.9470,-70.0129
120,4003,368,154.3214,-67.3488
120,4003,376,178.5057,-65.6119
120,4003,384,200.5774,-64.9384
120,4003,392,210.4325,-64.7942
120,4003,400,243.9471,-64.6034
120,4003,408,269.4863,-64.5736
120,4003,416,300.9482,-64.5637
120,4003,424,425.8146,-64.5612
120,4003,432,619.7756,-64.5612
120,4004,0,0.0000,-65.0000
120,4004,8,0.0699,-64.9855
120,4004,16,0.6811,-64.9173
120,4004,24,5.5147,-64.6276
120,4004,32,14.0905,-64.5433
120,4004,40,22.6664,-64.5540
120,4004,48,36.8228,-64.5609
120,4004,56,100.0000,-64.5618
120,4004,64,100.0540,-64.5775
120,4004,72,100.1120,-64.6312
120,4004,80,100.2491,-64.8962
120,4004,88,100.7098,-66.6925
120,4004,96,101.2861,-69.1910
120,4004,104,101.3285,-69.3468
120,4004,112,101.4132,-69.6433
120,4004,120,101.7984,-70.7505
120,4004,128,101.9292,-71.0386
120,4004,136,102.0614,-71.2920
120,4004,144,102.2645,-71.6144
120,4004,152,102.5583,-71.9633
120,4004,160,103.4042,-72.4686
120,4004,168,103.7241,-72.5465
120,4004,176,104.6603,-72.6250
120,4004,184,106.6027,-72.5381
120,4004,192,107.9459,-72.4312
120,4004,200,109.0688,-72.3349
120,4004,208,109.6021,-72.2879
120,4004,216,110.2867,-72.2268
120,4004,224,110.5533,-72.2027
120,4004,232,111.5513,-72.1111
120,4004,240,111.7467,-72.0930
120,4004,248,113.1014,-71.9650
120,4004,256,113.8011,-71.8977
120,4004,264,114.0062,-71.8779
120,4004,272,114.8254,-71.7975
120,4004,280,116.2174,-71.6582
120,4004,288,117.2630,-71.5514
120,4004,296,119.7461,-71.2901
120,4004,304,121.0884,-71.1444
120,4004,312,122.3131,-71.0095
120,4004,320,123.8586,-70.8364
120,4004,328,124.3499,-70.7810
120,4004,336,125.2144,-70.6827
120,4004,344,125.8257,-70.6127
120,4004,352,127.1518,-70.4598
120,4004,360,130.9470,-70.0129
120,4004,368,154.3214,-67.3488
120,4004,376,178.5057,-65.6119
120,4004,384,200.5774,-64.9384
120,4004,392,210.4325,-64.7942
120,4004,400,243.9471,-64.6034
120,4004,408,269.4863,-64.5736
120,4004,416,300.9482,-64.5637
120,4004,424,425.8146,-64.5612
120,4004,432,619.7756,-64.5612
120,4005,0,0.0000,-65.0000
120,4005,8,0.0699,-64.9855
120,4005,16,0.6811,-64.9173
120,4005,24,5.5147,-64.6276
120,4005,32,14.0905,-64.5433
120,4005,40,22.6664,-64.5540
120,4005,48,36.8228,-64.5609
120,4005,56,100.0000,-64.5618
120,4005,64,100.0540,-64.5775
120,4005,72,100.1120,-64.6312
120,4005,80,100.2491,-64.8962
120,4005,88,100.7098,-66.6925
120,4005,96,101.2861,-69.1910
120,4005,104,101.3285,-69.3468
120,4005,112,101.4132,-69.6433
120,4005,120,101.7984,-70.7505
120,4005,128,101.9292,-71.0386
120,4005,136,102.0614,-71.2920
120,4005,144,102.2645,-71.6144
120,4005,152,102.5583,-71.9633
120,4005,160,103.4042,-72.4686
120,4005,168,103.7241,-72.5465
120,4005,176,104.6603,-72.6250
120,4005,184,106.6027,-72.5381
120,4005,192,107.9459,-72.4312
120,4005,200,109.0688,-72.3349
120,4005,208,109.6021,-72.2879
120,4005,216,110.2867,-72.2268
120,4005,224,110.5533,-72.2027
120,4005,232,111.5513,-72.1111
120,4005,240,111.7467,-72.0930
120,4005,248,113.1014,-71.9650
120,4005,256,113.8011,-71.8977
120,4005,264,114.0062,-71.8779
120,4005,272,114.8254,-71.7975
120,4005,280,116.2174,-71.6582
120,4005,288,117.2630,-71.5514
120,4005,296,119.7461,-71.2901
120,4005,304,121.0884,-71.1444
120,4005,312,122.3131,-71.0095
120,4005,320,123.8586,-70.8364
120,4005,328,124.3499,-70.7810
120,4005,336,125.2144,-70.6827
120,4005,344,125.8257,-70.6127
120,4005,352,127.1518,-70.4598
120,4005,360,130.9470,-70.0129
120,4005,368,154.3214,-67.3488
120,4005,376,178.5057,-65.6119
120,4005,384,200.5774,-64.9384
120,4005,392,210.4325,-64.7942
120,4005,400,243.9471,-64.6034
120,4005,408,269.4863,-64.5736
120,4005,416,300.9482,-64.5637
120,4005,424,425.8146,-64.5612
120,4005,432,619.7756,-64.5612
120,4006,0,0.0000,-65.0000
120,4006,8,0.0699,-64.9855
120,4006,16,0.6811,-64.9173
120,4006,24,5.5147,-64.6276
120,4006,32,14.0905,-64.5433
120,4006,40,22.6664,-64.5540
120,4006,48,36.8228,-64.5609
120,4006,56,100.0000,-64.5618
120,4006,64,100.0540,-64.5775
120,4006,72,100.1120,-64.6312
120,4006,80,100.2491,-64.8962
120,4006,88,100.7098,-66.6925
120,4006,96,101.2861,-69.1910
120,4006,104,101.3285,-69.3468
120,4006,112,101.4132,-69.6433
120,4006,120,101.7984,-70.7505
120,4006,128,101.9292,-71.0386
120,4006,136,102.0614,-71.2920
120,4006,144,102.2645,-71.6144
120,4006,152,102.5583,-71.9633
120,4006,160,103.4042,-72.4686
120,4006,168,103.7241,-72.5465
120,4006,176,104.6603,-72.6250
120,4006,184,106.6027,-72.5381
120,4006,192,107.9459,-72.4312
120,4006,200,109.0688,-72.3349
120,4006,208,109.6021,-72.2879
120,4006,216,110.2867,-72.2268
120,4006,224,110.5533,-72.2027
120,4006,232,111.5513,-72.1111
120,4006,240,111.7467,-72.0930
120,4006,248,113.1014,-71.9650
120,4006,256,113.8011,-71.8977
120,4006,264,114.0062,-71.8779
120,4006,272,114.8254,-71.7975
120,4006,280,116.2174,-71.6582
120,4006,288,117.2630,-71.5514
120,4006,296,119.7461,-71.2901
120,4006,304,121.0884,-71.1444
120,4006,312,122.3131,-71.0095
120,4006,320,123.8586,-70.8364
120,4006,328,124.3499,-70.7810
120,4006,336,125.2144,-70.6827
120,4006,344,125.8257,-70.6127
120,4006,352,127.1518,-70.4598
120,4006,360,130.9470,-70.0129
120,4006,368,154.3214,-67.3488
120,4006,376,178.5057,-65.6119
120,4006,384,200.5774,-64.9384
120,4006,392,210.4325,-64.7942
120,4006,400,243.9471,-64.6034
120,4006,408,269.4863,-64.5736
120,4006,416,300.9482,-64.5637
120,4006,424,425.8146,-64.5612
120,4006,432,619.7756,-64.5612
120,4007,0,0.0000,-65.0000
120,4007,8,0.0699,-64.9855
120,4007,16,0.6811,-64.9173
120,4007,24,5.5147,-64.6276
120,4007,32,14.0905,-64.5433
120,4007,40,22.6664,-64.5540
120,4007,48,36.8228,-64.5609
120,4007,56,100.0000,-64.5618
120,4007,64,100.0540,-64.5775
120,4007,72,100.1120,-64.6312
120,4007,80,100.2491,-64.8962
120,4007,88,100.7098,-66.6925
120,4007,96,101.2861,-69.1910
120,4007,104,101.3285,-69.3468
120,4007,112,101.4132,-69.6433
120,4007,120,101.7984,-70.7505
120,4007,128,101.9292,-71.0386
120,4007,136,102.0614,-71.2920
120,4007,144,102.2645,-71.6144
120,4007,152,102.5583,-71.9633
120,4007,160,103.4042,-72.4686
120,4007,168,103.7241,-72.5465
120,4007,176,104.6603,-72.6250
120,4007,184,106.6027,-72.5381
120,4007,192,107.9459,-72.4312
120,4007,200,109.0688,-72.3349
120,4007,208,109.6021,-72.2879
120,4007,216,110.2867,-72.2268
120,4007,224,110.5533,-72.2027
120,4007,232,111.5513,-72.1111
120,4007,240,111.7467,-72.0930
120,4007,248,113.1014,-71.9650
120,4007,256,113.8011,-71.8977
120,4007,264,114.0062,-71.8779
120,4007,272,114.8254,-71.7975
120,4007,280,116.2174,-71.6582
120,4007,288,117.2630,-71.5514
120,4007,296,119.7461,-71.2901
120,4007,304,121.0884,-71.1444
120,4007,312,122.3131,-71.0095
120,4007,320,123.8586,-70.8364
120,4007,328,124.3499,-70.7810
120,4007,336,125.2144,-70.6827
120,4007,344,125.8257,-70.6127
120,4007,352,127.1518,-70.4598
120,4007,360,130.9470,-70.0129
120,4007,368,154.3214,-67.3488
120,4007,376,178.5057,-65.6119
120,4007,384,200.5774,-64.9384
120,4007,392,210.4325,-64.7942
120,4007,400,243.9471,-64.6034
120,4007,408,269.4863,-64.5736
120,4007,416,300.9482,-64.5637
120,4007,424,425.8146,-64.5612
120,4007,432,619.7756,-64.5612
120,4008,0,0.0000,-65.0000
120,4008,8,0.0699,-64.9855
120,4008,16,0.6811,-64.9173
120,4008,24,5.5147,-64.6276
120,4008,32,14.0905,-64.5433
120,4008,40,22.6664,-64.5540
120,4008,48,36.8228,-64.5609
120,4008,56,100.0000,-64.5618
120,4008,64,100.0540,-64.5775
120,4008,72,100.1120,-64.6312
120,4008,80,100.2491,-64.8962
120,4008,88,100.7098,-66.6925
120,4008,96,101.2861,-69.1910
120,4008,104,101.3285,-69.3468
120,4008,112,101.4132,-69.6433
120,4008,120,101.7984,-70.7505
120,4008,128,101.9292,-71.0386
120,4008,136,102.0614,-71.2920
120,4008,144,102.2645,-71.6144
120,4008,152,102.5583,-71.9633
120,4008,160,103.4042,-72.4686
120,4008,168,103.7241,-72.5465
120,4008,176,104.6603,-72.6250
120,4008,184,106.6027,-72.5381
120,4008,192,107.9459,-72.4312
120,4008,200,109.0688,-72.3349
120,4008,208,109.6021,-72.2879
120,4008,216,110.2867,-72.2268
120,4008,224,110.5533,-72.2027
120,4008,232,111.5513,-72.1111
120,4008,240,111.7467,-72.0930
120,4008,248,113.1014,-71.9650
120,4008,256,113.8011,-71.8977
120,4008,264,114.0062,-71.8779
120,4008,272,114.8254,-71.7975
120,4008,280,116.2174,-71.6582
120,4008,288,117.2630,-71.5514
120,4008,296,119.7461,-71.2901
120,4008,304,121.0884,-71.1444
120,4008,312,122.3131,-71.0095
120,4008,320,123.8586,-70.8364
120,4008,328,124.3499,-70.7810
120,4008,336,125.2144,-70.6827
120,4008,344,125.8257,-70.6127
120,4008,352,127.1518,-70.4598
120,4008,360,130.9470,-70.0129
120,4008,368,154.3214,-67.3488
120,4008,376,178.5057,-65.6119
120,4008,384,200.5774,-64.9384
120,4008,392,210.4325,-64.7942
120,4008,400,243.9471,-64.6034
120,4008,408,269.4863,-64.5736
120,4008,416,300.9482,-64.5637
120,4008,424,425.8146,-64.5612
120,4008,432,619.7756,-64.5612
120,4009,0,0.0000,-65.0000
120,4009,8,0.0699,-64.9855
120,4009,16,0.6811,-64.9173
120,4009,24,5.5147,-64.6276
120,4009,32,14.0905,-64.5433
120,4009,40,22.6664,-64.5540
120,4009,48,36.8228,-64.5609
120,4009,56,100.0000,-64.5618
120,4009,64,100.0540,-64.5775
120,4009,72,100.1120,-64.6312
120,4009,80,100.2491,-64.8962
120,4009,88,100.7098,-66.6925
120,4009,96,101.2861,-69.1910
120,4009,104,101.3285,-69.3468
120,4009,112,101.4132,-69.6433
120,4009,120,101.7984,-70.7505
120,4009,128,101.9292,-71.0386
120,4009,136,102.0614,-71.2920
120,4009,144,102.2645,-71.6144
120,4009,152,102.5583,-71.9633
120,4009,160,103.4042,-72.4686
120,4009,168,103.7241,-72.5465
120,4009,176,104.6603,-72.6250
120,4009,184,106.6027,-72.5381
120,4009,192,107.9459,-72.4312
120,4009,200,109.0688,-72.3349
120,4009,208,109.6021,-72.2879
120,4009,216,110.2867,-72.2268
120,4009,224,110.5533,-72.2027
120,4009,232,111.5513,-72.1111
120,4009,240,111.7467,-72.0930
120,4009,248,113.1014,-71.9650
120,4009,256,113.8011,-71.8977
120,4009,264,114.0062,-71.8779
120,4009,272,114.8254,-71.7975
120,4009,280,116.2174,-71.6582
120,4009,288,117.2630,-71.5514
120,4009,296,119.7461,-71.2901
120,4009,304,121.0884,-71.1444
120,4009,312,122.3131,-71.0095
120,4009,320,123.8586,-70.8364
120,4009,328,124.3499,-70.7810
120,4009,336,125.2144,-70.6827
120,4009,344,125.8257,-70.6127
120,4009,352,127.1518,-70.4598
120,4009,360,130.9470,-70.0129
120,4009,368,154.3214,-67.3488
120,4009,376,178.5057,-65.6119
120,4009,384,200.5774,-64.9384
120,4009,392,210.4325,-64.7942
120,4009,400,243.9471,-64.6034
120,4009,408,269.4863,-64.5736
120,4009,416,300.9482,-64.5637
120,4009,424,425.8146,-64.5612
120,4009,432,619.7756,-64.5612
120,4010,0,0.0000,-65.0000
120,4010,8,0.0699,-64.9855
120,4010,16,0.6811,-64.9173
120,4010,24,5.5147,-64.6276
120,4010,32,14.0905,-64.5433
120,4010,40,22.6664,-64.5540
120,4010,48,36.8228,-64.5609
120,4010,56,100.0000,-64.5618
120,4010,64,100.0540,-64.5775
120,4010,72,100.1120,-64.6312
120,4010,80,100.2491,-64.8962
120,4010,88,100.7098,-66.6925
120,4010,96,101.2861,-69.1910
120,4010,104,101.3285,-69.3468
120,4010,112,101.4132,-69.6433
120,4010,120,101.7984,-70.7505
120,4010,128,101.9292,-71.0386
120,4010,136,102.0614,-71.2920
120,4010,144,102.2645,-71.6144
120,4010,152,102.5583,-71.9633
120,4010,160,103.4042,-72.4686
120,4010,168,103.7241,-72.5465
120,4010,176,104.6603,-72.6250
120,4010,184,106.6027,-72.5381
120,4010,192,107.9459,-72.4312
120,4010,200,109.0688,-72.3349
120,4010,208,109.6021,-72.2879
120,4010,216,110.2867,-72.2268
120,4010,224,110.5533,-72.2027
120,4010,232,111.5513,-72.1111
120,4010,240,111.7467,-72.0930
120,4010,248,113.1014,-71.9650
120,4010,256,113.8011,-71.8977
120,4010,264,114.0062,-71.8779
120,4010,272,114.8254,-71.7975
120,4010,280,116.2174,-71.6582
120,4010,288,117.2630,-71.5514
120,4010,296,119.7461,-71.2901
120,4010,304,121.0884,-71.1444
120,4010,312,122.3131,-71.0095
120,4010,320,123.8586,-70.8364
120,4010,328,124.3499,-70.7810
120,4010,336,125.2144,-70.6827
120,4010,344,125.8257,-70.6127
120,4010,352,127.1518,-70.4598
120,4010,360,130.9470,-70.0129
120,4010,368,154.3214,-67.3488
120,4010,376,178.5057,-65.6119
120,4010,384,200.5774,-64.9384
120,4010,392,210.4325,-64.7942
120,4010,400,243.9471,-64.6034
120,4010,408,269.4863,-64.5736
120,4010,416,300.9482,-64.5637
120,4010,424,425.8146,-64.5612
120,4010,432,619.7756,-64.5612
150,5001,0,0.0000,-65.0000
150,5001,8,0.0699,-64.9855
150,5001,16,0.6811,-64.9173
150,5001,24,5.5147,-64.6276
150,5001,32,14.0905,-64.5433
150,5001,40,22.6664,-64.5540
150,5001,48,36.8228,-64.5609
150,5001,56,100.0000,-64.5618
150,5001,64,100.0391,-64.5700
150,5001,72,100.0963,-64.6152
150,5001,80,100.1971,-64.7833
150,5001,88,100.4145,-65.4612
150,5001,96,100.4737,-65.7010
150,5001,104,100.6316,-66.4026
150,5001,112,100.7657,-67.0353
150,5001,120,101.0495,-68.3479
150,5001,128,101.0917,-68.5314
150,5001,136,101.4144,-69.7827
150,5001,144,102.4185,-71.9364
150,5001,152,102.6065,-72.1255
150,5001,160,102.7172,-72.2167
150,5001,168,103.1991,-72.4908
150,5001,176,103.4952,-72.5850
150,5001,184,103.9740,-72.6689
150,5001,192,104.4898,-72.6994
150,5001,200,105.0956,-72.6957
150,5001,208,105.4345,-72.6826
150,5001,216,108.1237,-72.4909
150,5001,224,108.6139,-72.4493
150,5001,232,109.3299,-72.3874
150,5001,240,109.8275,-72.3438
150,5001,248,109.9449,-72.3334
150,5001,256,110.6235,-72.2728
150,5001,264,111.3166,-72.2099
150,5001,272,112.5483,-72.0959
150,5001,280,112.9850,-72.0547
150,5001,288,113.9275,-71.9647
150,5001,296,115.6685,-71.7938
150,5001,304,116.4613,-71.7142
150,5001,312,119.3682,-71.4133
150,5001,320,119.9390,-71.3521
150,5001,328,125.9709,-70.6801
150,5001,336,139.2813,-69.0827
150,5001,344,143.4765,-68.5905
150,5001,352,158.6068,-67.0128
150,5001,360,176.1182,-65.7641
150,5001,368,190.5989,-65.1845
150,5001,376,209.8949,-64.8071
150,5001,384,241.4755,-64.6113
150,5001,392,291.1038,-64.5654
150,5001,400,364.7837,-64.5616
150,5001,408,580.8168,-64.5610
150,5001,416,868.1017,-64.5612
150,5002,0,0.0000,-65.0000
150,5002,8,0.0699,-64.9855
150,5002,16,0.6811,-64.9173
150,5002,24,5.5147,-64.6276
150,5002,32,14.0905,-64.5433
150,5002,40,22.6664,-64.5540
150,5002,48,36.8228,-64.5609
150,5002,56,100.0000,-64.5618
150,5002,64,100.0391,-64.5700
150,5002,72,100.0963,-64.6152
150,5002,80,100.1971,-64.7833
150,5002,88,100.4145,-65.4612
150,5002,96,100.4737,-65.7010
150,5002,104,100.6316,-66.4026
150,5002,112,100.7657,-67.0353
150,5002,120,101.0495,-68.3479
150,5002,128,101.0917,-68.5314
150,5002,136,101.4144,-69.7827
150,5002,144,102.4185,-71.9364
150,5002,152,102.6065,-72.1255
150,5002,160,102.7172,-72.2167
150,5002,168,103.1991,-72.4908
150,5002,176,103.4952,-72.5850
150,5002,184,103.9740,-72.6689
150,5002,192,104.4898,-72.6994
150,5002,200,105.0956,-72.6957
150,5002,208,105.4345,-72.6826
150,5002,216,108.1237,-72.4909
150,5002,224,108.6139,-72.4493
150,5002,232,109.3299,-72.3874
150,5002,240,109.8275,-72.3438
150,5002,248,109.9449,-72.3334
150,5002,256,110.6235,-72.2728
150,5002,264,111.3166,-72.2099
150,5002,272,112.5483,-72.0959
150,5002,280,112.9850,-72.0547
150,5002,288,113.9275,-71.9647
150,5002,296,115.6685,-71.7938
150,5002,304,116.4613,-71.7142
150,5002,312,119.3682,-71.4133
150,5002,320,119.9390,-71.3521
150,5002,328,125.9709,-70.6801
150,5002,336,139.2813,-69.0827
150,5002,344,143.4765,-68.5905
150,5002,352,158.6068,-67.0128
150,5002,360,176.1182,-65.7641
150,5002,368,190.5989,-65.1845
150,5002,376,209.8949,-64.8071
150,5002,384,241.4755,-64.6113
150,5002,392,291.1038,-64.5654
150,5002,400,364.7837,-64.5616
150,5002,408,580.8168,-64.5610
150,5002,416,868.1017,-64.5612
150,5003,0,0.0000,-65.0000
150,5003,8,0.0699,-64.9855
150,5003,16,0.6811,-64.9173
150,5003,24,5.5147,-64.6276
150,5003,32,14.0905,-64.5433
150,5003,40,22.6664,-64.5540
150,5003,48,36.8228,-64.5609
150,5003,56,100.0000,-64.5618
150,5003,64,100.0391,-64.5700
150,5003,72,100.0963,-64.6152
150,5003,80,100.1971,-64.7833
150,5003,88,100.4145,-65.4612
150,5003,96,100.4737,-65.7010
150,5003,104,100.6316,-66.4026
150,5003,112,100.7657,-67.0353
150,5003,120,101.0495,-68.3479
150,5003,128,101.0917,-68.5314
150,5003,136,101.4144,-69.7827
150,5003,144,102.4185,-71.9364
150,5003,152,102.6065,-72.1255
150,5003,160,102.7172,-72.2167
150,5003,168,103.1991,-72.4908
150,5003,176,103.4952,-72.5850
150,5003,184,103.9740,-72.6689
150,5003,192,104.4898,-72.6994
150,5003,200,105.0956,-72.6957
150,5003,208,105.4345,-72.6826
150,5003,216,108.1237,-72.4909
150,5003,224,108.6139,-72.4493
150,5003,232,109.3299,-72.3874
150,5003,240,109.8275,-72.3438
150,5003,248,109.9449,-72.3334
150,5003,256,110.6235,-72.2728
150,5003,264,111.3166,-72.2099
150,5003,272,112.5483,-72.0959
150,5003,280,112.9850,-72.0547
150,5003,288,113.9275,-71.9647
150,5003,296,115.6685,-71.7938
150,5003,304,116.4613,-71.7142
150,5003,312,119.3682,-71.4133
150,5003,320,119.9390,-71.3521
150,5003,328,125.9709,-70.6801
150,5003,336,139.2813,-69.0827
150,5003,344,143.4765,-68.5905
150,5003,352,158.6068,-67.0128
150,5003,360,176.1182,-65.7641
150,5003,368,190.5989,-65.1845
150,5003,376,209.8949,-64.8071
150,5003,384,241.4755,-64.6113
150,5003,392,291.1038,-64.5654
150,5003,400,364.7837,-64.5616
150,5003,408,580.8168,-64.5610
150,5003,416,868.1017,-64.5612
150,5004,0,0.0000,-65.0000
150,5004,8,0.0699,-64.9855
150,5004,16,0.6811,-64.9173
150,5004,24,5.5147,-64.6276
150,5004,32,14.0905,-64.5433
150,5004,40,22.6664,-64.5540
150,5004,48,36.8228,-64.5609
150,5004,56,100.0000,-64.5618
150,5004,64,100.0391,-64.5700
150,5004,72,100.0963,-64.6152
150,5004,80,100.1971,-64.7833
150,5004,88,100.4145,-65.4612
150,5004,96,100.4737,-65.7010
150,5004,104,100.6316,-66.4026
150,5004,112,100.7657,-67.0353
150,5004,120,101.0495,-68.3479
150,5004,128,101.0917,-68.5314
150,5004,136,101.4144,-69.7827
150,5004,144,102.4185,-71.9364
150,5004,152,102.6065,-72.1255
150,5004,160,102.7172,-72.2167
150,5004,168,103.1991,-72.4908
150,5004,176,103.4952,-72.5850
150,5004,184,103.9740,-72.6689
150,5004,192,104.4898,-72.6994
150,5004,200,105.0956,-72.6957
150,5004,208,105.4345,-72.6826
150,5004,216,108.1237,-72.4909
150,5004,224,108.6139,-72.4493
150,5004,232,109.3299,-72.3874
150,5004,240,109.8275,-72.3438
150,5004,248,109.9449,-72.3334
150,5004,256,110.6235,-72.2728
150,5004,264,111.3166,-72.2099
150,5004,272,112.5483,-72.0959
150,5004,280,112.9850,-72.0547
150,5004,288,113.9275,-71.9647
150,5004,296,115.6685,-71.7938
150,5004,304,116.4613,-71.7142
150,5004,312,119.3682,-71.4133
150,5004,320,119.9390,-71.3521
150,5004,328,125.9709,-70.6801
150,5004,336,139.2813,-69.0827
150,5004,344,143.4765,-68.5905
150,5004,352,158.6068,-67.0128
150,5004,360,176.1182,-65.7641
150,5004,368,190.5989,-65.1845
150,5004,376,209.8949,-64.8071
150,5004,384,241.4755,-64.6113
150,5004,392,291.1038,-64.5654
150,5004,400,364.7837,-64.5616
150,5004,408,580.8168,-64.5610
150,5004,416,868.1017,-64.5612
150,5005,0,0.0000,-65.0000
150,5005,8,0.0699,-64.9855
150,5005,16,0.6811,-64.9173
150,5005,24,5.5147,-64.6276
150,5005,32,14.0905,-64.5433
150,5005,40,22.6664,-64.5540
150,5005,48,36.8228,-64.5609
150,5005,56,100.0000,-64.5618
150,5005,64,100.0391,-64.5700
150,5005,72,100.0963,-64.6152
150,5005,80,100.1971,-64.7833
150,5005,88,100.4145,-65.4612
150,5005,96,100.4737,-65.7010
150,5005,104,100.6316,-66.4026
150,5005,112,100.7657,-67.0353
150,5005,120,101.0495,-68.3479
150,5005,128,101.0917,-68.5314
150,5005,136,101.4144,-69.7827
150,5005,144,102.4185,-71.9364
150,5005,152,102.6065,-72.1255
150,5005,160,102.7172,-72.2167
150,5005,168,103.1991,-72.4908
150,5005,176,103.4952,-72.5850
150,5005,184,103.9740,-72.6689
150,5005,192,104.4898,-72.6994
150,5005,200,105.0956,-72.6957
150,5005,208,105.4345,-72.6826
150,5005,216,108.1237,-72.4909
150,5005,224,108.6139,-72.4493
150,5005,232,109.3299,-72.3874
150,5005,240,109.8275,-72.3438
150,5005,248,109.9449,-72.3334
150,5005,256,110.6235,-72.2728
150,5005,264,111.3166,-72.2099
150,5005,272,112.5483,-72.0959
150,5005,280,112.9850,-72.0547
150,5005,288,113.9275,-71.9647
150,5005,296,115.6685,-71.7938
150,5005,304,116.4613,-71.7142
150,5005,312,119.3682,-71.4133
150,5005,320,119.9390,-71.3521
150,5005,328,125.9709,-70.6801
150,5005,336,139.2813,-69.0827
150,5005,344,143.4765,-68.5905
150,5005,352,158.6068,-67.0128
150,5005,360,176.1182,-65.7641
150,5005,368,190.5989,-65.1845
150,5005,376,209.8949,-64.8071
150,5005,384,241.4755,-64.6113
150,5005,392,291.1038,-64.5654
150,5005,400,364.7837,-64.5616
150,5005,408,580.8168,-64.5610
150,5005,416,868.1017,-64.5612
150,5006,0,0.0000,-65.0000
150,5006,8,0.0699,-64.9855
150,5006,16,0.6811,-64.9173
150,5006,24,5.5147,-64.6276
150,5006,32,14.0905,-64.5433
150,5006,40,22.6664,-64.5540
150,5006,48,36.8228,-64.5609
150,5006,56,100.0000,-64.5618
150,5006,64,100.0391,-64.5700
150,5006,72,100.0963,-64.6152
150,5006,80,100.1971,-64.7833
150,5006,88,100.4145,-65.4612
150,5006,96,100.4737,-65.7010
150,5006,104,100.6316,-66.4026
150,5006,112,100.7657,-67.0353
150,5006,120,101.0495,-68.3479
150,5006,128,101.0917,-68.5314
150,5006,136,101.4144,-69.7827
150,5006,144,102.4185,-71.9364
150,5006,152,102.6065,-72.1255
150,5006,160,102.7172,-72.2167
150,5006,168,103.1991,-72.4908
150,5006,176,103.4952,-72.5850
150,5006,184,103.9740,-72.6689
150,5006,192,104.4898,-72.6994
150,5006,200,105.0956,-72.6957
150,5006,208,105.4345,-72.6826
150,5006,216,108.1237,-72.4909
150,5006,224,108.6139,-72.4493
150,5006,232,109.3299,-72.3874
150,5006,240,109.8275,-72.3438
150,5006,248,109.9449,-72.3334
150,5006,256,110.6235,-72.2728
150,5006,264,111.3166,-72.2099
150,5006,272,112.5483,-72.0959
150,5006,280,112.9850,-72.0547
150,5006,288,113.9275,-71.9647
150,5006,296,115.6685,-71.7938
150,5006,304,116.4613,-71.7142
150,5006,312,119.3682,-71.4133
150,5006,320,119.9390,-71.3521
150,5006,328,125.9709,-70.6801
150,5006,336,139.2813,-69.0827
150,5006,344,143.4765,-68.5905
150,5006,352,158.6068,-67.0128
150,5006,360,176.1182,-65.7641
150,5006,368,190.5989,-65.1845
150,5006,376,209.8949,-64.8071
150,5006,384,241.4755,-64.6113
150,5006,392,291.1038,-64.5654
150,5006,400,364.7837,-64.5616
150,5006,408,580.8168,-64.5610
150,5006,416,868.1017,-64.5612
150,5007,0,0.0000,-65.0000
150,5007,8,0.0699,-64.9855
150,5007,16,0.6811,-64.9173
150,5007,24,5.5147,-64.6276
150,5007,32,14.0905,-64.5433
150,5007,40,22.6664,-64.5540
150,5007,48,36.8228,-64.5609
150,5007,56,100.0000,-64.5618
150,5007,64,100.0391,-64.5700
150,5007,72,100.0963,-64.6152
150,5007,80,100.1971,-64.7833
150,5007,88,100.4145,-65.4612
150,5007,96,100.4737,-65.7010
150,5007,104,100.6316,-66.4026
150,5007,112,100.7657,-67.0353
150,5007,120,101.0495,-68.3479
150,5007,128,101.0917,-68.5314
150,5007,136,101.4144,-69.7827
150,5007,144,102.4185,-71.9364
150,5007,152,102.6065,-72.1255
150,5007,160,102.7172,-72.2167
150,5007,168,103.1991,-72.4908
150,5007,176,103.4952,-72.5850
150,5007,184,103.9740,-72.6689
150,5007,192,104.4898,-72.6994
150,5007,200,105.0956,-72.6957
150,5007,208,105.4345,-72.6826
150,5007,216,108.1237,-72.4909
150,5007,224,108.6139,-72.4493
150,5007,232,109.3299,-72.3874
150,5007,240,109.8275,-72.3438
150,5007,248,109.9449,-72.3334
150,5007,256,110.6235,-72.2728
150,5007,264,111.3166,-72.2099
150,5007,272,112.5483,-72.0959
150,5007,280,112.9850,-72.0547
150,5007,288,113.9275,-71.9647
150,5007,296,115.6685,-71.7938
150,5007,304,116.4613,-71.7142
150,5007,312,119.3682,-71.4133
150,5007,320,119.9390,-71.3521
150,5007,328,125.9709,-70.6801
150,5007,336,139.2813,-69.0827
150,5007,344,143.4765,-68.5905
150,5007,352,158.6068,-67.0128
150,5007,360,176.1182,-65.7641
150,5007,368,190.5989,-65.1845
150,5007,376,209.8949,-64.8071
150,5007,384,241.4755,-64.6113
150,5007,392,291.1038,-64.5654
150,5007,400,364.7837,-64.5616
150,5007,408,580.8168,-64.5610
150,5007,416,868.1017,-64.5612
150,5008,0,0.0000,-65.0000
150,5008,8,0.0699,-64.9855
150,5008,16,0.6811,-64.9173
150,5008,24,5.5147,-64.6276
150,5008,32,14.0905,-64.5433
150,5008,40,22.6664,-64.5540
150,5008,48,36.8228,-64.5609
150,5008,56,100.0000,-64.5618
150,5008,64,100.0391,-64.5700
150,5008,72,100.0963,-64.6152
150,5008,80,100.1971,-64.7833
150,5008,88,100.4145,-65.4612
150,5008,96,100.4737,-65.7010
150,5008,104,100.6316,-66.4026
150,5008,112,100.7657,-67.0353
150,5008,120,101.0495,-68.3479
150,5008,128,101.0917,-68.5314
150,5008,136,101.4144,-69.7827
150,5008,144,102.4185,-71.9364
150,5008,152,102.6065,-72.1255
150,5008,160,102.7172,-72.2167
150,5008,168,103.1991,-72.4908
150,5008,176,103.4952,-72.5850
150,5008,184,103.9740,-72.6689
150,5008,192,104.4898,-72.6994
150,5008,200,105.0956,-72.6957
150,5008,208,105.4345,-72.6826
150,5008,216,108.1237,-72.4909
150,5008,224,108.6139,-72.4493
150,5008,232,109.3299,-72.3874
150,5008,240,109.8275,-72.3438
150,5008,248,109.9449,-72.3334
150,5008,256,110.6235,-72.2728
150,5008,264,111.3166,-72.2099
150,5008,272,112.5483,-72.0959
150,5008,280,112.9850,-72.0547
150,5008,288,113.9275,-71.9647
150,5008,296,115.6685,-71.7938
150,5008,304,116.4613,-71.7142
150,5008,312,119.3682,-71.4133
150,5008,320,119.9390,-71.3521
150,5008,328,125.9709,-70.6801
150,5008,336,139.2813,-69.0827
150,5008,344,143.4765,-68.5905
150,5008,352,158.6068,-67.0128
150,5008,360,176.1182,-65.7641
150,5008,368,190.5989,-65.1845
150,5008,376,209.8949,-64.8071
150,5008,384,241.4755,-64.6113
150,5008,392,291.1038,-64.5654
150,5008,400,364.7837,-64.5616
150,5008,408,580.8168,-64.5610
150,5008,416,868.1017,-64.5612
150,5009,0,0.0000,-65.0000
150,5009,8,0.0699,-64.9855
150,5009,16,0.6811,-64.9173
150,5009,24,5.5147,-64.6276
150,5009,32,14.0905,-64.5433
150,5009,40,22.6664,-64.5540
150,5009,48,36.8228,-64.5609
150,5009,56,100.0000,-64.5618
150,5009,64,100.0391,-64.5700
150,5009,72,100.0963,-64.6152
150,5009,80,100.1971,-64.7833
150,5009,88,100.4145,-65.4612
150,5009,96,100.4737,-65.7010
150,5009,104,100.6316,-66.4026
150,5009,112,100.7657,-67.0353
150,5009,120,101.0495,-68.3479
150,5009,128,101.0917,-68.5314
150,5009,136,101.4144,-69.7827
150,5009,144,102.4185,-71.9364
150,5009,152,102.6065,-72.1255
150,5009,160,102.7172,-72.2167
150,5009,168,103.1991,-72.4908
150,5009,176,103.4952,-72.5850
150,5009,184,103.9740,-72.6689
150,5009,192,104.4898,-72.6994
150,5009,200,105.0956,-72.6957
150,5009,208,105.4345,-72.6826
150,5009,216,108.1237,-72.4909
150,5009,224,108.6139,-72.4493
150,5009,232,109.3299,-72.3874
150,5009,240,109.8275,-72.3438
150,5009,248,109.9449,-72.3334
150,5009,256,110.6235,-72.2728
150,5009,264,111.3166,-72.2099
150,5009,272,112.5483,-72.0959
150,5009,280,112.9850,-72.0547
150,5009,288,113.9275,-71.9647
150,5009,296,115.6685,-71.7938
150,5009,304,116.4613,-71.7142
150,5009,312,119.3682,-71.4133
150,5009,320,119.9390,-71.3521
150,5009,328,125.9709,-70.6801
150,5009,336,139.2813,-69.0827
150,5009,344,143.4765,-68.5905
150,5009,352,158.6068,-67.0128
150,5009,360,176.1182,-65.7641
150,5009,368,190.5989,-65.1845
150,5009,376,209.8949,-64.8071
150,5009,384,241.4755,-64.6113
150,5009,392,291.1038,-64.5654
150,5009,400,364.7837,-64.5616
150,5009,408,580.8168,-64.5610
150,5009,416,868.1017,-64.5612
150,5010,0,0.0000,-65.0000
150,5010,8,0.0699,-64.9855
150,5010,16,0.6811,-64.9173
150,5010,24,5.5147,-64.6276
150,5010,32,14.0905,-64.5433
150,5010,40,22.6664,-64.5540
150,5010,48,36.8228,-64.5609
150,5010,56,100.0000,-64.5618
150,5010,64,100.0391,-64.5700
150,5010,72,100.0963,-64.6152
150,5010,80,100.1971,-64.7833
150,5010,88,100.4145,-65.4612
150,5010,96,100.4737,-65.7010
150,5010,104,100.6316,-66.4026
150,5010,112,100.7657,-67.0353
150,5010,120,101.0495,-68.3479
150,5010,128,101.0917,-68.5314
150,5010,136,101.4144,-69.7827
150,5010,144,102.4185,-71.9364
150,5010,152,102.6065,-72.1255
150,5010,160,102.7172,-72.2167
150,5010,168,103.1991,-72.4908
150,5010,176,103.4952,-72.5850
150,5010,184,103.9740,-72.6689
150,5010,192,104.4898,-72.6994
150,5010,200,105.0956,-72.6957
150,5010,208,105.4345,-72.6826
150,5010,216,108.1237,-72.4909
150,5010,224,108.6139,-72.4493
150,5010,232,109.3299,-72.3874
150,5010,240,109.8275,-72.3438
150,5010,248,109.9449,-72.3334
150,5010,256,110.6235,-72.2728
150,5010,264,111.3166,-72.2099
150,5010,272,112.5483,-72.0959
150,5010,280,112.9850,-72.0547
150,5010,288,113.9275,-71.9647
150,5010,296,115.6685,-71.7938
150,5010,304,116.4613,-71.7142
150,5010,312,119.3682,-71.4133
150,5010,320,119.9390,-71.3521
150,5010,328,125.9709,-70.6801
150,5010,336,139.2813,-69.0827
150,5010,344,143.4765,-68.5905
150,5010,352,158.6068,-67.0128
150,5010,360,176.1182,-65.7641
150,5010,368,190.5989,-65.1845
150,5010,376,209.8949,-64.8071
150,5010,384,241.4755,-64.6113
150,5010,392,291.1038,-64.5654
150,5010,400,364.7837,-64.5616
150,5010,408,580.8168,-64.5610
150,5010,416,868.1017,-64.5612
180,6001,0,0.0000,-65.0000
180,6001,8,0.0699,-64.9855
180,6001,16,0.6811,-64.9173
180,6001,24,5.5147,-64.6276
180,6001,32,14.0905,-64.5433
180,6001,40,22.6664,-64.5540
180,6001,48,36.8228,-64.5609
180,6001,56,100.0000,-64.5618
180,6001,64,100.0726,-64.5916
180,6001,72,100.2152,-64.8272
180,6001,80,100.2447,-64.9032
180,6001,88,100.5076,-65.8531
180,6001,96,101.2901,-69.3615
180,6001,104,101.3750,-69.6725
180,6001,112,101.4823,-70.0356
180,6001,120,101.6305,-70.4830
180,6001,128,101.8100,-70.9439
180,6001,136,101.9378,-71.2216
180,6001,144,102.2801,-71.7956
180,6001,152,102.5225,-72.0788
180,6001,160,102.5766,-72.1301
180,6001,168,102.6650,-72.2066
180,6001,176,102.8402,-72.3347
180,6001,184,103.2750,-72.5486
180,6001,192,103.4075,-72.5900
180,6001,200,104.0609,-72.7056
180,6001,208,104.2348,-72.7173
180,6001,216,105.3802,-72.7120
180,6001,224,105.6650,-72.6970
180,6001,232,105.8100,-72.6885
180,6001,240,106.0600,-72.6726
180,6001,248,106.3950,-72.6495
180,6001,256,106.8147,-72.6183
180,6001,264,107.9500,-72.5269
180,6001,272,108.0169,-72.5213
180,6001,280,108.8350,-72.4511
180,6001,288,109.3650,-72.4046
180,6001,296,109.8860,-72.3581
180,6001,304,116.3877,-71.7312
180,6001,312,135.7217,-69.4820
180,6001,320,153.0690,-67.4984
180,6001,328,172.9546,-65.9158
180,6001,336,195.3749,-65.0458
180,6001,344,221.7996,-64.6915
180,6001,352,258.9453,-64.5833
180,6001,360,316.4125,-64.5600
180,6001,368,357.0147,-64.5621
180,6001,376,397.6169,-64.5614
180,6001,384,430.3932,-64.5613
180,6001,392,688.0714,-64.5609
180,6001,400,1479.5523,-64.5612
180,6002,0,0.0000,-65.0000
180,6002,8,0.0699,-64.9855
180,6002,16,0.6811,-64.9173
180,6002,24,5.5147,-64.6276
180,6002,32,14.0905,-64.5433
180,6002,40,22.6664,-64.5540
180,6002,48,36.8228,-64.5609
180,6002,56,100.0000,-64.5618
180,6002,64,100.0726,-64.5916
180,6002,72,100.2152,-64.8272
180,6002,80,100.2447,-64.9032
180,6002,88,100.5076,-65.8531
180,6002,96,101.2901,-69.3615
180,6002,104,101.3750,-69.6725
180,6002,112,101.4823,-70.0356
180,6002,120,101.6305,-70.4830
180,6002,128,101.8100,-70.9439
180,6002,136,101.9378,-71.2216
180,6002,144,102.2801,-71.7956
180,6002,152,102.5225,-72.0788
180,6002,160,102.5766,-72.1301
180,6002,168,102.6650,-72.2066
180,6002,176,102.8402,-72.3347
180,6002,184,103.2750,-72.5486
180,6002,192,103.4075,-72.5900
180,6002,200,104.0609,-72.7056
180,6002,208,104.2348,-72.7173
180,6002,216,105.3802,-72.7120
180,6002,224,105.6650,-72.6970
180,6002,232,105.8100,-72.6885
180,6002,240,106.0600,-72.6726
180,6002,248,106.3950,-72.6495
180,6002,256,106.8147,-72.6183
180,6002,264,107.9500,-72.5269
180,6002,272,108.0169,-72.5213
180,6002,280,108.8350,-72.4511
180,6002,288,109.3650,-72.4046
180,6002,296,109.8860,-72.3581
180,6002,304,116.3877,-71.7312
180,6002,312,135.7217,-69.4820
180,6002,320,153.0690,-67.4984
180,6002,328,172.9546,-65.9158
180,6002,336,195.3749,-65.0458
180,6002,344,221.7996,-64.6915
180,6002,352,258.9453,-64.5833
180,6002,360,316.4125,-64.5600
180,6002,368,357.0147,-64.5621
180,6002,376,397.6169,-64.5614
180,6002,384,430.3932,-64.5613
180,6002,392,688.0714,-64.5609
180,6002,400,1479.5523,-64.5612
180,6003,0,0.0000,-65.0000
180,6003,8,0.0699,-64.9855
180,6003,16,0.6811,-64.9173
180,6003,24,5.5147,-64.6276
180,6003,32,14.0905,-64.5433
180,6003,40,22.6664,-64.5540
180,6003,48,36.8228,-64.5609
180,6003,56,100.0000,-64.5618
180,6003,64,100.0726,-64.5916
180,6003,72,100.2152,-64.8272
180,6003,80,100.2447,-64.9032
180,6003,88,100.5076,-65.8531
180,6003,96,101.2901,-69.3615
180,6003,104,101.3750,-69.6725
180,6003,112,101.4823,-70.0356
180,6003,120,101.6305,-70.4830
180,6003,128,101.8100,-70.9439
180,6003,136,101.9378,-71.2216
180,6003,144,102.2801,-71.7956
180,6003,152,102.5225,-72.0788
180,6003,160,102.5766,-72.1301
180,6003,168,102.6650,-72.2066
180,6003,176,102.8402,-72.3347
180,6003,184,103.2750,-72.5486
180,6003,192,103.4075,-72.5900
180,6003,200,104.0609,-72.7056
180,6003,208,104.2348,-72.7173
180,6003,216,105.3802,-72.7120
180,6003,224,105.6650,-72.6970
180,6003,232,105.8100,-72.6885
180,6003,240,106.0600,-72.6726
180,6003,248,106.3950,-72.6495
180,6003,256,106.8147,-72.6183
180,6003,264,107.9500,-72.5269
180,6003,272,108.0169,-72.5213
180,6003,280,108.8350,-72.4511
180,6003,288,109.3650,-72.4046
180,6003,296,109.8860,-72.3581
180,6003,304,116.3877,-71.7312
180,6003,312,135.7217,-69.4820
180,6003,320,153.0690,-67.4984
180,6003,328,172.9546,-65.9158
180,6003,336,195.3749,-65.0458
180,6003,344,221.7996,-64.6915
180,6003,352,258.9453,-64.5833
180,6003,360,316.4125,-64.5600
180,6003,368,357.0147,-64.5621
180,6003,376,397.6169,-64.5614
180,6003,384,430.3932,-64.5613
180,6003,392,688.0714,-64.5609
180,6003,400,1479.5523,-64.5612
180,6004,0,0.0000,-65.0000
180,6004,8,0.0699,-64.9855
180,6004,16,0.6811,-64.9173
180,6004,24,5.5147,-64.6276
180,6004,32,14.0905,-64.5433
180,6004,40,22.6664,-64.5540
180,6004,48,36.8228,-64.5609
180,6004,56,100.0000,-64.5618
180,6004,64,100.0726,-64.5916
180,6004,72,100.2152,-64.8272
180,6004,80,100.2447,-64.9032
180,6004,88,100.5076,-65.8531
180,6004,96,101.2901,-69.3615
180,6004,104,101.3750,-69.6725
180,6004,112,101.4823,-70.0356
180,6004,120,101.6305,-70.4830
180,6004,128,101.8100,-70.9439
180,6004,136,101.9378,-71.2216
180,6004,144,102.2801,-71.7956
180,6004,152,102.5225,-72.0788
180,6004,160,102.5766,-72.1301
180,6004,168,102.6650,-72.2066
180,6004,176,102.8402,-72.3347
180,6004,184,103.2750,-72.5486
180,6004,192,103.4075,-72.5900
180,6004,200,104.0609,-72.7056
180,6004,208,104.2348,-72.7173
180,6004,216,105.3802,-72.7120
180,6004,224,105.6650,-72.6970
180,6004,232,105.8100,-72.6885
180,6004,240,106.0600,-72.6726
180,6004,248,106.3950,-72.6495
180,6004,256,106.8147,-72.6183
180,6004,264,107.9500,-72.5269
180,6004,272,108.0169,-72.5213
180,6004,280,108.8350,-72.4511
180,6004,288,109.3650,-72.4046
180,6004,296,109.8860,-72.3581
180,6004,304,116.3877,-71.7312
180,6004,312,135.7217,-69.4820
180,6004,320,153.0690,-67.4984
180,6004,328,172.9546,-65.9158
180,6004,336,195.3749,-65.0458
180,6004,344,221.7996,-64.6915
180,6004,352,258.9453,-64.5833
180,6004,360,316.4125,-64.5600
180,6004,368,357.0147,-64.5621
180,6004,376,397.6169,-64.5614
180,6004,384,430.3932,-64.5613
180,6004,392,688.0714,-64.5609
180,6004,400,1479.5523,-64.5612
180,6005,0,0.0000,-65.0000
180,6005,8,0.0699,-64.9855
180,6005,16,0.6811,-64.9173
180,6005,24,5.5147,-64.6276
180,6005,32,14.0905,-64.5433
180,6005,40,22.6664,-64.5540
180,6005,48,36.8228,-64.5609
180,6005,56,100.0000,-64.5618
180,6005,64,100.0726,-64.5916
180,6005,72,100.2152,-64.8272
180,6005,80,100.2447,-64.9032
180,6005,88,100.5076,-65.8531
180,6005,96,101.2901,-69.3615
180,6005,104,101.3750,-69.6725
180,6005,112,101.4823,-70.0356
180,6005,120,101.6305,-70.4830
180,6005,128,101.8100,-70.9439
180,6005,136,101.9378,-71.2216
180,6005,144,102.2801,-71.7956
180,6005,152,102.5225,-72.0788
180,6005,160,102.5766,-72.1301
180,6005,168,102.6650,-72.2066
180,6005,176,102.8402,-72.3347
180,6005,184,103.2750,-72.5486
180,6005,192,103.4075,-72.5900
180,6005,200,104.0609,-72.7056
180,6005,208,104.2348,-72.7173
180,6005,216,105.3802,-72.7120
180,6005,224,105.6650,-72.6970
180,6005,232,105.8100,-72.6885
180,6005,240,106.0600,-72.6726
180,6005,248,106.3950,-72.6495
180,6005,256,106.8147,-72.6183
180,6005,264,107.9500,-72.5269
180,6005,272,108.0169,-72.5213
180,6005,280,108.8350,-72.4511
180,6005,288,109.3650,-72.4046
180,6005,296,109.8860,-72.3581
180,6005,304,116.3877,-71.7312
180,6005,312,135.7217,-69.4820
180,6005,320,153.0690,-67.4984
180,6005,328,172.9546,-65.9158
180,6005,336,195.3749,-65.0458
180,6005,344,221.7996,-64.6915
180,6005,352,258.9453,-64.5833
180,6005,360,316.4125,-64.5600
180,6005,368,357.0147,-64.5621
180,6005,376,397.6169,-64.5614
180,6005,384,430.3932,-64.5613
180,6005,392,688.0714,-64.5609
180,6005,400,1479.5523,-64.5612
180,6006,0,0.0000,-65.0000
180,6006,8,0.0699,-64.9855
180,6006,16,0.6811,-64.9173
180,6006,24,5.5147,-64.6276
180,6006,32,14.0905,-64.5433
180,6006,40,22.6664,-64.5540
180,6006,48,36.8228,-64.5609
180,6006,56,100.0000,-64.5618
180,6006,64,100.0726,-64.5916
180,6006,72,100.2152,-64.8272
180,6006,80,100.2447,-64.9032
180,6006,88,100.5076,-65.8531
180,6006,96,101.2901,-69.3615
180,6006,104,101.3750,-69.6725
180,6006,112,101.4823,-70.0356
180,6006,120,101.6305,-70.4830
180,6006,128,101.8100,-70.9439
180,6006,136,101.9378,-71.2216
180,6006,144,102.2801,-71.7956
180,6006,152,102.5225,-72.0788
180,6006,160,102.5766,-72.1301
180,6006,168,102.6650,-72.2066
180,6006,176,102.8402,-72.3347
180,6006,184,103.2750,-72.5486
180,6006,192,103.4075,-72.5900
180,6006,200,104.0609,-72.7056
180,6006,208,104.2348,-72.7173
180,6006,216,105.3802,-72.7120
180,6006,224,105.6650,-72.6970
180,6006,232,105.8100,-72.6885
180,6006,240,106.0600,-72.6726
180,6006,248,106.3950,-72.6495
180,6006,256,106.8147,-72.6183
180,6006,264,107.9500,-72.5269
180,6006,272,108.0169,-72.5213
180,6006,280,108.8350,-72.4511
180,6006,288,109.3650,-72.4046
180,6006,296,109.8860,-72.3581
180,6006,304,116.3877,-71.7312
180,6006,312,135.7217,-69.4820
180,6006,320,153.0690,-67.4984
180,6006,328,172.9546,-65.9158
180,6006,336,195.3749,-65.0458
180,6006,344,221.7996,-64.6915
180,6006,352,258.9453,-64.5833
180,6006,360,316.4125,-64.5600
180,6006,368,357.0147,-64.5621
180,6006,376,397.6169,-64.5614
180,6006,384,430.3932,-64.5613
180,6006,392,688.0714,-64.5609
180,6006,400,1479.5523,-64.5612
180,6007,0,0.0000,-65.0000
180,6007,8,0.0699,-64.9855
180,6007,16,0.6811,-64.9173
180,6007,24,5.5147,-64.6276
180,6007,32,14.0905,-64.5433
180,6007,40,22.6664,-64.5540
180,6007,48,36.8228,-64.5609
180,6007,56,100.0000,-64.5618
180,6007,64,100.0726,-64.5916
180,6007,72,100.2152,-64.8272
180,6007,80,100.2447,-64.9032
180,6007,88,100.5076,-65.8531
180,6007,96,101.2901,-69.3615
180,6007,104,101.3750,-69.6725
180,6007,112,101.4823,-70.0356
180,6007,120,101.6305,-70.4830
180,6007,128,101.8100,-70.9439
180,6007,136,101.9378,-71.2216
180,6007,144,102.2801,-71.7956
180,6007,152,102.5225,-72.0788
180,6007,160,102.5766,-72.1301
180,6007,168,102.6650,-72.2066
180,6007,176,102.8402,-72.3347
180,6007,184,103.2750,-72.5486
180,6007,192,103.4075,-72.5900
180,6007,200,104.0609,-72.7056
180,6007,208,104.2348,-72.7173
180,6007,216,105.3802,-72.7120
180,6007,224,105.6650,-72.6970
180,6007,232,105.8100,-72.6885
180,6007,240,106.0600,-72.6726
180,6007,248,106.3950,-72.6495
180,6007,256,106.8147,-72.6183
180,6007,264,107.9500,-72.5269
180,6007,272,108.0169,-72.5213
180,6007,280,108.8350,-72.4511
180,6007,288,109.3650,-72.4046
180,6007,296,109.8860,-72.3581
180,6007,304,116.3877,-71.7312
180,6007,312,135.7217,-69.4820
180,6007,320,153.0690,-67.4984
180,6007,328,172.9546,-65.9158
180,6007,336,195.3749,-65.0458
180,6007,344,221.7996,-64.6915
180,6007,352,258.9453,-64.5833
180,6007,360,316.4125,-64.5600
180,6007,368,357.0147,-64.5621
180,6007,376,397.6169,-64.5614
180,6007,384,430.3932,-64.5613
180,6007,392,688.0714,-64.5609
180,6007,400,1479.5523,-64.5612
180,6008,0,0.0000,-65.0000
180,6008,8,0.0699,-64.9855
180,6008,16,0.6811,-64.9173
180,6008,24,5.5147,-64.6276
180,6008,32,14.0905,-64.5433
180,6008,40,22.6664,-64.5540
180,6008,48,36.8228,-64.5609
180,6008,56,100.0000,-64.5618
180,6008,64,100.0726,-64.5916
180,6008,72,100.2152,-64.8272
180,6008,80,100.2447,-64.9032
180,6008,88,100.5076,-65.8531
180,6008,96,101.2901,-69.3615
180,6008,104,101.3750,-69.6725
180,6008,112,101.4823,-70.0356
180,6008,120,101.6305,-70.4830
180,6008,128,101.8100,-70.9439
180,6008,136,101.9378,-71.2216
180,6008,144,102.2801,-71.7956
180,6008,152,102.5225,-72.0788
180,6008,160,102.5766,-72.1301
180,6008,168,102.6650,-72.2066
180,6008,176,102.8402,-72.3347
180,6008,184,103.2750,-72.5486
180,6008,192,103.4075,-72.5900
180,6008,200,104.0609,-72.7056
180,6008,208,104.2348,-72.7173
180,6008,216,105.3802,-72.7120
180,6008,224,105.6650,-72.6970
180,6008,232,105.8100,-72.6885
180,6008,240,106.0600,-72.6726
180,6008,248,106.3950,-72.6495
180,6008,256,106.8147,-72.6183
180,6008,264,107.9500,-72.5269
180,6008,272,108.0169,-72.5213
180,6008,280,108.8350,-72.4511
180,6008,288,109.3650,-72.4046
180,6008,296,109.8860,-72.3581
180,6008,304,116.3877,-71.7312
180,6008,312,135.7217,-69.4820
180,6008,320,153.0690,-67.4984
180,6008,328,172.9546,-65.9158
180,6008,336,195.3749,-65.0458
180,6008,344,221.7996,-64.6915
180,6008,352,258.9453,-64.5833
180,6008,360,316.4125,-64.5600
180,6008,368,357.0147,-64.5621
180,6008,376,397.6169,-64.5614
180,6008,384,430.3932,-64.5613
180,6008,392,688.0714,-64.5609
180,6008,400,1479.5523,-64.5612
180,6009,0,0.0000,-65.0000
180,6009,8,0.0699,-64.9855
180,6009,16,0.6811,-64.9173
180,6009,24,5.5147,-64.6276
180,6009,32,14.0905,-64.5433
180,6009,40,22.6664,-64.5540
180,6009,48,36.8228,-64.5609
180,6009,56,100.0000,-64.5618
180,6009,64,100.0726,-64.5916
180,6009,72,100.2152,-64.8272
180,6009,80,100.2447,-64.9032
180,6009,88,100.5076,-65.8531
180,6009,96,101.2901,-69.3615
180,6009,104,101.3750,-69.6725
180,6009,112,101.4823,-70.0356
180,6009,120,101.6305,-70.4830
180,6009,128,101.8100,-70.9439
180,6009,136,101.9378,-71.2216
180,6009,144,102.2801,-71.7956
180,6009,152,102.5225,-72.0788
180,6009,160,102.5766,-72.1301
180,6009,168,102.6650,-72.2066
180,6009,176,102.8402,-72.3347
180,6009,184,103.2750,-72.5486
180,6009,192,103.4075,-72.5900
180,6009,200,104.0609,-72.7056
180,6009,208,104.2348,-72.7173
180,6009,216,105.3802,-72.7120
180,6009,224,105.6650,-72.6970
180,6009,232,105.8100,-72.6885
180,6009,240,106.0600,-72.6726
180,6009,248,106.3950,-72.6495
180,6009,256,106.8147,-72.6183
180,6009,264,107.9500,-72.5269
180,6009,272,108.0169,-72.5213
180,6009,280,108.8350,-72.4511
180,6009,288,109.3650,-72.4046
180,6009,296,109.8860,-72.3581
180,6009,304,116.3877,-71.7312
180,6009,312,135.7217,-69.4820
180,6009,320,153.0690,-67.4984
180,6009,328,172.9546,-65.9158
180,6009,336,195.3749,-65.0458
180,6009,344,221.7996,-64.6915
180,6009,352,258.9453,-64.5833
180,6009,360,316.4125,-64.5600
180,6009,368,357.0147,-64.5621
180,6009,376,397.6169,-64.5614
180,6009,384,430.3932,-64.5613
180,6009,392,688.0714,-64.5609
180,6009,400,1479.5523,-64.5612
180,6010,0,0.0000,-65.0000
180,6010,8,0.0699,-64.9855
180,6010,16,0.6811,-64.9173
180,6010,24,5.5147,-64.6276
180,6010,32,14.0905,-64.5433
180,6010,40,22.6664,-64.5540
180,6010,48,36.8228,-64.5609
180,6010,56,100.0000,-64.5618
180,6010,64,100.0726,-64.5916
180,6010,72,100.2152,-64.8272
180,6010,80,100.2447,-64.9032
180,6010,88,100.5076,-65.8531
180,6010,96,101.2901,-69.3615
180,6010,104,101.3750,-69.6725
180,6010,112,101.4823,-70.0356
180,6010,120,101.6305,-70.4830
180,6010,128,101.8100,-70.9439
180,6010,136,101.9378,-71.2216
180,6010,144,102.2801,-71.7956
180,6010,152,102.5225,-72.0788
180,6010,160,102.5766,-72.1301
180,6010,168,102.6650,-72.2066
180,6010,176,102.8402,-72.3347
180,6010,184,103.2750,-72.5486
180,6010,192,103.4075,-72.5900
180,6010,200,104.0609,-72.7056
180,6010,208,104.2348,-72.7173
180,6010,216,105.3802,-72.7120
180,6010,224,105.6650,-72.6970
180,6010,232,105.8100,-72.6885
180,6010,240,106.0600,-72.6726
180,6010,248,106.3950,-72.6495
180,6010,256,106.8147,-72.6183
180,6010,264,107.9500,-72.5269
180,6010,272,108.0169,-72.5213
180,6010,280,108.8350,-72.4511
180,6010,288,109.3650,-72.4046
180,6010,296,109.8860,-72.3581
180,6010,304,116.3877,-71.7312
180,6010,312,135.7217,-69.4820
180,6010,320,153.0690,-67.4984
180,6010,328,172.9546,-65.9158
180,6010,336,195.3749,-65.0458
180,6010,344,221.7996,-64.6915
180,6010,352,258.9453,-64.5833
180,6010,360,316.4125,-64.5600
180,6010,368,357.0147,-64.5621
180,6010,376,397.6169,-64.5614
180,6010,384,430.3932,-64.5613
180,6010,392,688.0714,-64.5609
180,6010,400,1479.5523,-64.5612
210,7001,0,0.0000,-65.0000
210,7001,8,0.0699,-64.9855
210,7001,16,0.6811,-64.9173
210,7001,24,5.5147,-64.6276
210,7001,32,14.0905,-64.5433
210,7001,40,22.6664,-64.5540
210,7001,48,36.8228,-64.5609
210,7001,56,100.0000,-64.5618
210,7001,64,100.0715,-64.5931
210,7001,72,100.3359,-65.2286
210,7001,80,100.4071,-65.5034
210,7001,88,100.9320,-67.9815
210,7001,96,101.2814,-69.4968
210,7001,104,101.4090,-69.9627
210,7001,112,101.7892,-71.0631
210,7001,120,101.8887,-71.2843
210,7001,128,101.9325,-71.3739
210,7001,136,102.0700,-71.6266
210,7001,144,102.2461,-71.8960
210,7001,152,102.4900,-72.1825
210,7001,160,102.8662,-72.4788
210,7001,168,103.5188,-72.7307
210,7001,176,104.1597,-72.8128
210,7001,184,104.7435,-72.8240
210,7001,192,105.1987,-72.8111
210,7001,200,105.5273,-72.7953
210,7001,208,106.2794,-72.7485
210,7001,216,107.2608,-72.6745
210,7001,224,108.1488,-72.6017
210,7001,232,108.2821,-72.5905
210,7001,240,108.6150,-72.5621
210,7001,248,108.9868,-72.5301
210,7001,256,109.3842,-72.4955
210,7001,264,109.7020,-72.4675
210,7001,272,110.6821,-72.3796
210,7001,280,111.2109,-72.3314
210,7001,288,112.1605,-72.2432
210,7001,296,113.5140,-72.1143
210,7001,304,116.9140,-71.7747
210,7001,312,119.8755,-71.4607
210,7001,320,120.7976,-71.3592
210,7001,328,129.5449,-70.3536
210,7001,336,149.9131,-67.9217
210,7001,344,169.9122,-66.1504
210,7001,352,188.2410,-65.2602
210,7001,360,212.8724,-64.7733
210,7001,368,243.3157,-64.6069
210,7001,376,287.8009,-64.5663
210,7001,384,498.8749,-64.5613
210,7002,0,0.0000,-65.0000
210,7002,8,0.0699,-64.9855
210,7002,16,0.6811,-64.9173
210,7002,24,5.5147,-64.6276
210,7002,32,14.0905,-64.5433
210,7002,40,22.6664,-64.5540
210,7002,48,36.8228,-64.5609
210,7002,56,100.0000,-64.5618
210,7002,64,100.0715,-64.5931
210,7002,72,100.3359,-65.2286
210,7002,80,100.4071,-65.5034
210,7002,88,100.9320,-67.9815
210,7002,96,101.2814,-69.4968
210,7002,104,101.4090,-69.9627
210,7002,112,101.7892,-71.0631
210,7002,120,101.8887,-71.2843
210,7002,128,101.9325,-71.3739
210,7002,136,102.0700,-71.6266
210,7002,144,102.2461,-71.8960
210,7002,152,102.4900,-72.1825
210,7002,160,102.8662,-72.4788
210,7002,168,103.5188,-72.7307
210,7002,176,104.1597,-72.8128
210,7002,184,104.7435,-72.8240
210,7002,192,105.1987,-72.8111
210,7002,200,105.5273,-72.7953
210,7002,208,106.2794,-72.7485
210,7002,216,107.2608,-72.6745
210,7002,224,108.1488,-72.6017
210,7002,232,108.2821,-72.5905
210,7002,240,108.6150,-72.5621
210,7002,248,108.9868,-72.5301
210,7002,256,109.3842,-72.4955
210,7002,264,109.7020,-72.4675
210,7002,272,110.6821,-72.3796
210,7002,280,111.2109,-72.3314
210,7002,288,112.1605,-72.2432
210,7002,296,113.5140,-72.1143
210,7002,304,116.9140,-71.7747
210,7002,312,119.8755,-71.4607
210,7002,320,120.7976,-71.3592
210,7002,328,129.5449,-70.3536
210,7002,336,149.9131,-67.9217
210,7002,344,169.9122,-66.1504
210,7002,352,188.2410,-65.2602
210,7002,360,212.8724,-64.7733
210,7002,368,243.3157,-64.6069
210,7002,376,287.8009,-64.5663
210,7002,384,498.8749,-64.5613
210,7003,0,0.0000,-65.0000
210,7003,8,0.0699,-64.9855
210,7003,16,0.6811,-64.9173
210,7003,24,5.5147,-64.6276
210,7003,32,14.0905,-64.5433
210,7003,40,22.6664,-64.5540
210,7003,48,36.8228,-64.5609
210,7003,56,100.0000,-64.5618
210,7003,64,100.0715,-64.5931
210,7003,72,100.3359,-65.2286
210,7003,80,100.4071,-65.5034
210,7003,88,100.9320,-67.9815
210,7003,96,101.2814,-69.4968
210,7003,104,101.4090,-69.9627
210,7003,112,101.7892,-71.0631
210,7003,120,101.8887,-71.2843
210,7003,128,101.9325,-71.3739
210,7003,136,102.0700,-71.6266
210,7003,144,102.2461,-71.8960
210,7003,152,102.4900,-72.1825
210,7003,160,102.8662,-72.4788
210,7003,168,103.5188,-72.7307
210,7003,176,104.1597,-72.8128
210,7003,184,104.7435,-72.8240
210,7003,192,105.1987,-72.8111
210,7003,200,105.5273,-72.7953
210,7003,208,106.2794,-72.7485
210,7003,216,107.2608,-72.6745
210,7003,224,108.1488,-72.6017
210,7003,232,108.2821,-72.5905
210,7003,240,108.6150,-72.5621
210,7003,248,108.9868,-72.5301
210,7003,256,109.3842,-72.4955
210,7003,264,109.7020,-72.4675
210,7003,272,110.6821,-72.3796
210,7003,280,111.2109,-72.3314
210,7003,288,112.1605,-72.2432
210,7003,296,113.5140,-72.1143
210,7003,304,116.9140,-71.7747
210,7003,312,119.8755,-71.4607
210,7003,320,120.7976,-71.3592
210,7003,328,129.5449,-70.3536
210,7003,336,149.9131,-67.9217
210,7003,344,169.9122,-66.1504
210,7003,352,188.2410,-65.2602
210,7003,360,212.8724,-64.7733
210,7003,368,243.3157,-64.6069
210,7003,376,287.8009,-64.5663
210,7003,384,498.8749,-64.5613
210,7004,0,0.0000,-65.0000
210,7004,8,0.0699,-64.9855
210,7004,16,0.6811,-64.9173
210,7004,24,5.5147,-64.6276
210,7004,32,14.0905,-64.5433
210,7004,40,22.6664,-64.5540
210,7004,48,36.8228,-64.5609
210,7004,56,100.0000,-64.5618
210,7004,64,100.0715,-64.5931
210,7004,72,100.3359,-65.2286
210,7004,80,100.4071,-65.5034
210,7004,88,100.9320,-67.9815
210,7004,96,101.2814,-69.4968
210,7004,104,101.4090,-69.9627
210,7004,112,101.7892,-71.0631
210,7004,120,101.8887,-71.2843
210,7004,128,101.9325,-71.3739
210,7004,136,102.0700,-71.6266
210,7004,144,102.2461,-71.8960
210,7004,152,102.4900,-72.1825
210,7004,160,102.8662,-72.4788
210,7004,168,103.5188,-72.7307
210,7004,176,104.1597,-72.8128
210,7004,184,104.7435,-72.8240
210,7004,192,105.1987,-72.8111
210,7004,200,105.5273,-72.7953
210,7004,208,106.2794,-72.7485
210,7004,216,107.2608,-72.6745
210,7004,224,108.1488,-72.6017
210,7004,232,108.2821,-72.5905
210,7004,240,108.6150,-72.5621
210,7004,248,108.9868,-72.5301
210,7004,256,109.3842,-72.4955
210,7004,264,109.7020,-72.4675
210,7004,272,110.6821,-72.3796
210,7004,280,111.2109,-72.3314
210,7004,288,112.1605,-72.2432
210,7004,296,113.5140,-72.1143
210,7004,304,116.9140,-71.7747
210,7004,312,119.8755,-71.4607
210,7004,320,120.7976,-71.3592
210,7004,328,129.5449,-70.3536
210,7004,336,149.9131,-67.9217
210,7004,344,169.9122,-66.1504
210,7004,352,188.2410,-65.2602
210,7004,360,212.8724,-64.7733
210,7004,368,243.3157,-64.6069
210,7004,376,287.8009,-64.5663
210,7004,384,498.8749,-64.5613
210,7005,0,0.0000,-65.0000
210,7005,8,0.0699,-64.9855
210,7005,16,0.6811,-64.9173
210,7005,24,5.5147,-64.6276
210,7005,32,14.0905,-64.5433
210,7005,40,22.6664,-64.5540
210,7005,48,36.8228,-64.5609
210,7005,56,100.0000,-64.5618
210,7005,64,100.0715,-64.5931
210,7005,72,100.3359,-65.2286
210,7005,80,100.4071,-65.5034
210,7005,88,100.9320,-67.9815
210,7005,96,101.2814,-69.4968
210,7005,104,101.4090,-69.9627
210,7005,112,101.7892,-71.0631
210,7005,120,101.8887,-71.2843
210,7005,128,101.9325,-71.3739
210,7005,136,102.0700,-71.6266
210,7005,144,102.2461,-71.8960
210,7005,152,102.4900,-72.1825
210,7005,160,102.8662,-72.4788
210,7005,168,103.5188,-72.7307
210,7005,176,104.1597,-72.8128
210,7005,184,104.7435,-72.8240
210,7005,192,105.1987,-72.8111
210,7005,200,105.5273,-72.7953
210,7005,208,106.2794,-72.7485
210,7005,216,107.2608,-72.6745
210,7005,224,108.1488,-72.6017
210,7005,232,108.2821,-72.5905
210,7005,240,108.6150,-72.5621
210,7005,248,108.9868,-72.5301
210,7005,256,109.3842,-72.4955
210,7005,264,109.7020,-72.4675
210,7005,272,110.6821,-72.3796
210,7005,280,111.2109,-72.3314
210,7005,288,112.1605,-72.2432
210,7005,296,113.5140,-72.1143
210,7005,304,116.9140,-71.7747
210,7005,312,119.8755,-71.4607
210,7005,320,120.7976,-71.3592
210,7005,328,129.5449,-70.3536
210,7005,336,149.9131,-67.9217
210,7005,344,169.9122,-66.1504
210,7005,352,188.2410,-65.2602
210,7005,360,212.8724,-64.7733
210,7005,368,243.3157,-64.6069
210,7005,376,287.8009,-64.5663
210,7005,384,498.8749,-64.5613
210,7006,0,0.0000,-65.0000
210,7006,8,0.0699,-64.9855
210,7006,16,0.6811,-64.9173
210,7006,24,5.5147,-64.6276
210,7006,32,14.0905,-64.5433
210,7006,40,22.6664,-64.5540
210,7006,48,36.8228,-64.5609
210,7006,56,100.0000,-64.5618
210,7006,64,100.0715,-64.5931
210,7006,72,100.3359,-65.2286
210,7006,80,100.4071,-65.5034
210,7006,88,100.9320,-67.9815
210,7006,96,101.2814,-69.4968
210,7006,104,101.4090,-69.9627
210,7006,112,101.7892,-71.0631
210,7006,120,101.8887,-71.2843
210,7006,128,101.9325,-71.3739
210,7006,136,102.0700,-71.6266
210,7006,144,102.2461,-71.8960
210,7006,152,102.4900,-72.1825
210,7006,160,102.8662,-72.4788
210,7006,168,103.5188,-72.7307
210,7006,176,104.1597,-72.8128
210,7006,184,104.7435,-72.8240
210,7006,192,105.1987,-72.8111
210,7006,200,105.5273,-72.7953
210,7006,208,106.2794,-72.7485
210,7006,216,107.2608,-72.6745
210,7006,224,108.1488,-72.6017
210,7006,232,108.2821,-72.5905
210,7006,240,108.6150,-72.5621
210,7006,248,108.9868,-72.5301
210,7006,256,109.3842,-72.4955
210,7006,264,109.7020,-72.4675
210,7006,272,110.6821,-72.3796
210,7006,280,111.2109,-72.3314
210,7006,288,112.1605,-72.2432
210,7006,296,113.5140,-72.1143
210,7006,304,116.9140,-71.7747
210,7006,312,119.8755,-71.4607
210,7006,320,120.7976,-71.3592
210,7006,328,129.5449,-70.3536
210,7006,336,149.9131,-67.9217
210,7006,344,169.9122,-66.1504
210,7006,352,188.2410,-65.2602
210,7006,360,212.8724,-64.7733
210,7006,368,243.3157,-64.6069
210,7006,376,287.8009,-64.5663
210,7006,384,498.8749,-64.5613
210,7007,0,0.0000,-65.0000
210,7007,8,0.0699,-64.9855
210,7007,16,0.6811,-64.9173
210,7007,24,5.5147,-64.6276
210,7007,32,14.0905,-64.5433
210,7007,40,22.6664,-64.5540
210,7007,48,36.8228,-64.5609
210,7007,56,100.0000,-64.5618
210,7007,64,100.0715,-64.5931
210,7007,72,100.3359,-65.2286
210,7007,80,100.4071,-65.5034
210,7007,88,100.9320,-67.9815
210,7007,96,101.2814,-69.4968
210,7007,104,101.4090,-69.9627
210,7007,112,101.7892,-71.0631
210,7007,120,101.8887,-71.2843
210,7007,128,101.9325,-71.3739
210,7007,136,102.0700,-71.6266
210,7007,144,102.2461,-71.8960
210,7007,152,102.4900,-72.1825
210,7007,160,102.8662,-72.4788
210,7007,168,103.5188,-72.7307
210,7007,176,104.1597,-72.8128
210,7007,184,104.7435,-72.8240
210,7007,192,105.1987,-72.8111
210,7007,200,105.5273,-72.7953
210,7007,208,106.2794,-72.7485
210,7007,216,107.2608,-72.6745
210,7007,224,108.1488,-72.6017
210,7007,232,108.2821,-72.5905
210,7007,240,108.6150,-72.5621
210,7007,248,108.9868,-72.5301
210,7007,256,109.3842,-72.4955
210,7007,264,109.7020,-72.4675
210,7007,272,110.6821,-72.3796
210,7007,280,111.2109,-72.3314
210,7007,288,112.1605,-72.2432
210,7007,296,113.5140,-72.1143
210,7007,304,116.9140,-71.7747
210,7007,312,119.8755,-71.4607
210,7007,320,120.7976,-71.3592
210,7007,328,129.5449,-70.3536
210,7007,336,149.9131,-67.9217
210,7007,344,169.9122,-66.1504
210,7007,352,188.2410,-65.2602
210,7007,360,212.8724,-64.7733
210,7007,368,243.3157,-64.6069
210,7007,376,287.8009,-64.5663
210,7007,384,498.8749,-64.5613
210,7008,0,0.0000,-65.0000
210,7008,8,0.0699,-64.9855
210,7008,16,0.6811,-64.9173
210,7008,24,5.5147,-64.6276
210,7008,32,14.0905,-64.5433
210,7008,40,22.6664,-64.5540
210,7008,48,36.8228,-64.5609
210,7008,56,100.0000,-64.5618
210,7008,64,100.0715,-64.5931
210,7008,72,100.3359,-65.2286
210,7008,80,100.4071,-65.5034
210,7008,88,100.9320,-67.9815
210,7008,96,101.2814,-69.4968
210,7008,104,101.4090,-69.9627
210,7008,112,101.7892,-71.0631
210,7008,120,101.8887,-71.2843
210,7008,128,101.9325,-71.3739
210,7008,136,102.0700,-71.6266
210,7008,144,102.2461,-71.8960
210,7008,152,102.4900,-72.1825
210,7008,160,102.8662,-72.4788
210,7008,168,103.5188,-72.7307
210,7008,176,104.1597,-72.8128
210,7008,184,104.7435,-72.8240
210,7008,192,105.1987,-72.8111
210,7008,200,105.5273,-72.7953
210,7008,208,106.2794,-72.7485
210,7008,216,107.2608,-72.6745
210,7008,224,108.1488,-72.6017
210,7008,232,108.2821,-72.5905
210,7008,240,108.6150,-72.5621
210,7008,248,108.9868,-72.5301
210,7008,256,109.3842,-72.4955
210,7008,264,109.7020,-72.4675
210,7008,272,110.6821,-72.3796
210,7008,280,111.2109,-72.3314
210,7008,288,112.1605,-72.2432
210,7008,296,113.5140,-72.1143
210,7008,304,116.9140,-71.7747
210,7008,312,119.8755,-71.4607
210,7008,320,120.7976,-71.3592
210,7008,328,129.5449,-70.3536
210,7008,336,149.9131,-67.9217
210,7008,344,169.9122,-66.1504
210,7008,352,188.2410,-65.2602
210,7008,360,212.8724,-64.7733
210,7008,368,243.3157,-64.6069
210,7008,376,287.8009,-64.5663
210,7008,384,498.8749,-64.5613
210,7009,0,0.0000,-65.0000
210,7009,8,0.0699,-64.9855
210,7009,16,0.6811,-64.9173
210,7009,24,5.5147,-64.6276
210,7009,32,14.0905,-64.5433
210,7009,40,22.6664,-64.5540
210,7009,48,36.8228,-64.5609
210,7009,56,100.0000,-64.5618
210,7009,64,100.0715,-64.5931
210,7009,72,100.3359,-65.2286
210,7009,80,100.4071,-65.5034
210,7009,88,100.9320,-67.9815
210,7009,96,101.2814,-69.4968
210,7009,104,101.4090,-69.9627
210,7009,112,101.7892,-71.0631
210,7009,120,101.8887,-71.2843
210,7009,128,101.9325,-71.3739
210,7009,136,102.0700,-71.6266
210,7009,144,102.2461,-71.8960
210,7009,152,102.4900,-72.1825
210,7009,160,102.8662,-72.4788
210,7009,168,103.5188,-72.7307
210,7009,176,104.1597,-72.8128
210,7009,184,104.7435,-72.8240
210,7009,192,105.1987,-72.8111
210,7009,200,105.5273,-72.7953
210,7009,208,106.2794,-72.7485
210,7009,216,107.2608,-72.6745
210,7009,224,108.1488,-72.6017
210,7009,232,108.2821,-72.5905
210,7009,240,108.6150,-72.5621
210,7009,248,108.9868,-72.5301
210,7009,256,109.3842,-72.4955
210,7009,264,109.7020,-72.4675
210,7009,272,110.6821,-72.3796
210,7009,280,111.2109,-72.3314
210,7009,288,112.1605,-72.2432
210,7009,296,113.5140,-72.1143
210,7009,304,116.9140,-71.7747
210,7009,312,119.8755,-71.4607
210,7009,320,120.7976,-71.3592
210,7009,328,129.5449,-70.3536
210,7009,336,149.9131,-67.9217
210,7009,344,169.9122,-66.1504
210,7009,352,188.2410,-65.2602
210,7009,360,212.8724,-64.7733
210,7009,368,243.3157,-64.6069
210,7009,376,287.8009,-64.5663
210,7009,384,498.8749,-64.5613
210,7010,0,0.0000,-65.0000
210,7010,8,0.0699,-64.9855
210,7010,16,0.6811,-64.9173
210,7010,24,5.5147,-64.6276
210,7010,32,14.0905,-64.5433
210,7010,40,22.6664,-64.5540
210,7010,48,36.8228,-64.5609
210,7010,56,100.0000,-64.5618
210,7010,64,100.0715,-64.5931
210,7010,72,100.3359,-65.2286
210,7010,80,100.4071,-65.5034
210,7010,88,100.9320,-67.9815
210,7010,96,101.2814,-69.4968
210,7010,104,101.4090,-69.9627
210,7010,112,101.7892,-71.0631
210,7010,120,101.8887,-71.2843
210,7010,128,101.9325,-71.3739
210,7010,136,102.0700,-71.6266
210,7010,144,102.2461,-71.8960
210,7010,152,102.4900,-72.1825
210,7010,160,102.8662,-72.4788
210,7010,168,103.5188,-72.7307
210,7010,176,104.1597,-72.8128
210,7010,184,104.7435,-72.8240
210,7010,192,105.1987,-72.8111
210,7010,200,105.5273,-72.7953
210,7010,208,106.2794,-72.7485
210,7010,216,107.2608,-72.6745
210,7010,224,108.1488,-72.6017
210,7010,232,108.2821,-72.5905
210,7010,240,108.6150,-72.5621
210,7010,248,108.9868,-72.5301
210,7010,256,109.3842,-72.4955
210,7010,264,109.7020,-72.4675
210,7010,272,110.6821,-72.3796
210,7010,280,111.2109,-72.3314
210,7010,288,112.1605,-72.2432
210,7010,296,113.5140,-72.1143
210,7010,304,116.9140,-71.7747
210,7010,312,119.8755,-71.4607
210,7010,320,120.7976,-71.3592
210,7010,328,129.5449,-70.3536
210,7010,336,149.9131,-67.9217
210,7010,344,169.9122,-66.1504
210,7010,352,188.2410,-65.2602
210,7010,360,212.8724,-64.7733
210,7010,368,243.3157,-64.6069
210,7010,376,287.8009,-64.5663
210,7010,384,498.8749,-64.5613
240,8001,0,0.0000,-65.0000
240,8001,8,0.0699,-64.9855
240,8001,16,0.6811,-64.9173
240,8001,24,5.5147,-64.6276
240,8001,32,14.0905,-64.5433
240,8001,40,22.6664,-64.5540
240,8001,48,36.8228,-64.5609
240,8001,56,100.0000,-64.5618
240,8001,64,100.0769,-64.5987
240,8001,72,100.3307,-65.1861
240,8001,80,100.9618,-67.9716
240,8001,88,101.1459,-68.7665
240,8001,96,101.2870,-69.3213
240,8001,104,101.4022,-69.7336
240,8001,112,101.5711,-70.2710
240,8001,120,102.1878,-71.6212
240,8001,128,102.3983,-71.9040
240,8001,136,102.6990,-72.2004
240,8001,144,102.9105,-72.3481
240,8001,152,103.3851,-72.5611
240,8001,160,103.8213,-72.6598
240,8001,168,104.0099,-72.6831
240,8001,176,104.2354,-72.7013
240,8001,184,104.5982,-72.7140
240,8001,192,104.9627,-72.7121
240,8001,200,105.7297,-72.6812
240,8001,208,106.9880,-72.5933
240,8001,216,108.3151,-72.4820
240,8001,224,109.6554,-72.3619
240,8001,232,109.7556,-72.3527
240,8001,240,110.3839,-72.2949
240,8001,248,110.9519,-72.2418
240,8001,256,111.2019,-72.2182
240,8001,264,111.8600,-72.1556
240,8001,272,112.2616,-72.1170
240,8001,280,113.3574,-72.0097
240,8001,288,113.5024,-71.9954
240,8001,296,114.6834,-71.8771
240,8001,304,117.3996,-71.5960
240,8001,312,118.3173,-71.4980
240,8001,320,119.7851,-71.3382
240,8001,328,121.2552,-71.1746
240,8001,336,126.1303,-70.6123
240,8001,344,126.6018,-70.5563
240,8001,352,132.8197,-69.8179
240,8001,360,147.9505,-68.0450
240,8001,368,170.2299,-66.0688
240,8001,376,190.8960,-65.1531
240,8001,384,216.0552,-64.7337
240,8001,392,258.1764,-64.5819
240,8001,400,314.9245,-64.5624
240,8001,408,723.6568,-64.5611
240,8002,0,0.0000,-65.0000
240,8002,8,0.0699,-64.9855
240,8002,16,0.6811,-64.9173
240,8002,24,5.5147,-64.6276
240,8002,32,14.0905,-64.5433
240,8002,40,22.6664,-64.5540
240,8002,48,36.8228,-64.5609
240,8002,56,100.0000,-64.5618
240,8002,64,100.0769,-64.5987
240,8002,72,100.3307,-65.1861
240,8002,80,100.9618,-67.9716
240,8002,88,101.1459,-68.7665
240,8002,96,101.2870,-69.3213
240,8002,104,101.4022,-69.7336
240,8002,112,101.5711,-70.2710
240,8002,120,102.1878,-71.6212
240,8002,128,102.3983,-71.9040
240,8002,136,102.6990,-72.2004
240,8002,144,102.9105,-72.3481
240,8002,152,103.3851,-72.5611
240,8002,160,103.8213,-72.6598
240,8002,168,104.0099,-72.6831
240,8002,176,104.2354,-72.7013
240,8002,184,104.5982,-72.7140
240,8002,192,104.9627,-72.7121
240,8002,200,105.7297,-72.6812
240,8002,208,106.9880,-72.5933
240,8002,216,108.3151,-72.4820
240,8002,224,109.6554,-72.3619
240,8002,232,109.7556,-72.3527
240,8002,240,110.3839,-72.2949
240,8002,248,110.9519,-72.2418
240,8002,256,111.2019,-72.2182
240,8002,264,111.8600,-72.1556
240,8002,272,112.2616,-72.1170
240,8002,280,113.3574,-72.0097
240,8002,288,113.5024,-71.9954
240,8002,296,114.6834,-71.8771
240,8002,304,117.3996,-71.5960
240,8002,312,118.3173,-71.4980
240,8002,320,119.7851,-71.3382
240,8002,328,121.2552,-71.1746
240,8002,336,126.1303,-70.6123
240,8002,344,126.6018,-70.5563
240,8002,352,132.8197,-69.8179
240,8002,360,147.9505,-68.0450
240,8002,368,170.2299,-66.0688
240,8002,376,190.8960,-65.1531
240,8002,384,216.0552,-64.7337
240,8002,392,258.1764,-64.5819
240,8002,400,314.9245,-64.5624
240,8002,408,723.6568,-64.5611
240,8003,0,0.0000,-65.0000
240,8003,8,0.0699,-64.9855
240,8003,16,0.6811,-64.9173
240,8003,24,5.5147,-64.6276
240,8003,32,14.0905,-64.5433
240,8003,40,22.6664,-64.5540
240,8003,48,36.8228,-64.5609
240,8003,56,100.0000,-64.5618
240,8003,64,100.0769,-64.5987
240,8003,72,100.3307,-65.1861
240,8003,80,100.9618,-67.9716
240,8003,88,101.1459,-68.7665
240,8003,96,101.2870,-69.3213
240,8003,104,101.4022,-69.7336
240,8003,112,101.5711,-70.2710
240,8003,120,102.1878,-71.6212
240,8003,128,102.3983,-71.9040
240,8003,136,102.6990,-72.2004
240,8003,144,102.9105,-72.3481
240,8003,152,103.3851,-72.5611
240,8003,160,103.8213,-72.6598
240,8003,168,104.0099,-72.6831
240,8003,176,104.2354,-72.7013
240,8003,184,104.5982,-72.7140
240,8003,192,104.9627,-72.7121
240,8003,200,105.7297,-72.6812
240,8003,208,106.9880,-72.5933
240,8003,216,108.3151,-72.4820
240,8003,224,109.6554,-72.3619
240,8003,232,109.7556,-72.3527
240,8003,240,110.3839,-72.2949
240,8003,248,110.9519,-72.2418
240,8003,256,111.2019,-72.2182
240,8003,264,111.8600,-72.1556
240,8003,272,112.2616,-72.1170
240,8003,280,113.3574,-72.0097
240,8003,288,113.5024,-71.9954
240,8003,296,114.6834,-71.8771
240,8003,304,117.3996,-71.5960
240,8003,312,118.3173,-71.4980
240,8003,320,119.7851,-71.3382
240,8003,328,121.2552,-71.1746
240,8003,336,126.1303,-70.6123
240,8003,344,126.6018,-70.5563
240,8003,352,132.8197,-69.8179
240,8003,360,147.9505,-68.0450
240,8003,368,170.2299,-66.0688
240,8003,376,190.8960,-65.1531
240,8003,384,216.0552,-64.7337
240,8003,392,258.1764,-64.5819
240,8003,400,314.9245,-64.5624
240,8003,408,723.6568,-64.5611
240,8004,0,0.0000,-65.0000
240,8004,8,0.0699,-64.9855
240,8004,16,0.6811,-64.9173
240,8004,24,5.5147,-64.6276
240,8004,32,14.0905,-64.5433
240,8004,40,22.6664,-64.5540
240,8004,48,36.8228,-64.5609
240,8004,56,100.0000,-64.5618
240,8004,64,100.0769,-64.5987
240,8004,72,100.3307,-65.1861
240,8004,80,100.9618,-67.9716
240,8004,88,101.1459,-68.7665
240,8004,96,101.2870,-69.3213
240,8004,104,101.4022,-69.7336
240,8004,112,101.5711,-70.2710
240,8004,120,102.1878,-71.6212
240,8004,128,102.3983,-71.9040
240,8004,136,102.6990,-72.2004
240,8004,144,102.9105,-72.3481
240,8004,152,103.3851,-72.5611
240,8004,160,103.8213,-72.6598
240,8004,168,104.0099,-72.6831
240,8004,176,104.2354,-72.7013
240,8004,184,104.5982,-72.7140
240,8004,192,104.9627,-72.7121
240,8004,200,105.7297,-72.6812
240,8004,208,106.9880,-72.5933
240,8004,216,108.3151,-72.4820
240,8004,224,109.6554,-72.3619
240,8004,232,109.7556,-72.3527
240,8004,240,110.3839,-72.2949
240,8004,248,110.9519,-72.2418
240,8004,256,111.2019,-72.2182
240,8004,264,111.8600,-72.1556
240,8004,272,112.2616,-72.1170
240,8004,280,113.3574,-72.0097
240,8004,288,113.5024,-71.9954
240,8004,296,114.6834,-71.8771
240,8004,304,117.3996,-71.5960
240,8004,312,118.3173,-71.4980
240,8004,320,119.7851,-71.3382
240,8004,328,121.2552,-71.1746
240,8004,336,126.1303,-70.6123
240,8004,344,126.6018,-70.5563
240,8004,352,132.8197,-69.8179
240,8004,360,147.9505,-68.0450
240,8004,368,170.2299,-66.0688
240,8004,376,190.8960,-65.1531
240,8004,384,216.0552,-64.7337
240,8004,392,258.1764,-64.5819
240,8004,400,314.9245,-64.5624
240,8004,408,723.6568,-64.5611
240,8005,0,0.0000,-65.0000
240,8005,8,0.0699,-64.9855
240,8005,16,0.6811,-64.9173
240,8005,24,5.5147,-64.6276
240,8005,32,14.0905,-64.5433
240,8005,40,22.6664,-64.5540
240,8005,48,36.8228,-64.5609
240,8005,56,100.0000,-64.5618
240,8005,64,100.0769,-64.5987
240,8005,72,100.3307,-65.1861
240,8005,80,100.9618,-67.9716
240,8005,88,101.1459,-68.7665
240,8005,96,101.2870,-69.3213
240,8005,104,101.4022,-69.7336
240,8005,112,101.5711,-70.2710
240,8005,120,102.1878,-71.6212
240,8005,128,102.3983,-71.9040
240,8005,136,102.6990,-72.2004
240,8005,144,102.9105,-72.3481
240,8005,152,103.3851,-72.5611
240,8005,160,103.8213,-72.6598
240,8005,168,104.0099,-72.6831
240,8005,176,104.2354,-72.7013
240,8005,184,104.5982,-72.7140
240,8005,192,104.9627,-72.7121
240,8005,200,105.7297,-72.6812
240,8005,208,106.9880,-72.5933
240,8005,216,108.3151,-72.4820
240,8005,224,109.6554,-72.3619
240,8005,232,109.7556,-72.3527
240,8005,240,110.3839,-72.2949
240,8005,248,110.9519,-72.2418
240,8005,256,111.2019,-72.2182
240,8005,264,111.8600,-72.1556
240,8005,272,112.2616,-72.1170
240,8005,280,113.3574,-72.0097
240,8005,288,113.5024,-71.9954
240,8005,296,114.6834,-71.8771
240,8005,304,117.3996,-71.5960
240,8005,312,118.3173,-71.4980
240,8005,320,119.7851,-71.3382
240,8005,328,121.2552,-71.1746
240,8005,336,126.1303,-70.6123
240,8005,344,126.6018,-70.5563
240,8005,352,132.8197,-69.8179
240,8005,360,147.9505,-68.0450
240,8005,368,170.2299,-66.0688
240,8005,376,190.8960,-65.1531
240,8005,384,216.0552,-64.7337
240,8005,392,258.1764,-64.5819
240,8005,400,314.9245,-64.5624
240,8005,408,723.6568,-64.5611
240,8006,0,0.0000,-65.0000
240,8006,8,0.0699,-64.9855
240,8006,16,0.6811,-64.9173
240,8006,24,5.5147,-64.6276
240,8006,32,14.0905,-64.5433
240,8006,40,22.6664,-64.5540
240,8006,48,36.8228,-64.5609
240,8006,56,100.0000,-64.5618
240,8006,64,100.0769,-64.5987
240,8006,72,100.3307,-65.1861
240,8006,80,100.9618,-67.9716
240,8006,88,101.1459,-68.7665
240,8006,96,101.2870,-69.3213
240,8006,104,101.4022,-69.7336
240,8006,112,101.5711,-70.2710
240,8006,120,102.1878,-71.6212
240,8006,128,102.3983,-71.9040
240,8006,136,102.6990,-72.2004
240,8006,144,102.9105,-72.3481
240,8006,152,103.3851,-72.5611
240,8006,160,103.8213,-72.6598
240,8006,168,104.0099,-72.6831
240,8006,176,104.2354,-72.7013
240,8006,184,104.5982,-72.7140
240,8006,192,104.9627,-72.7121
240,8006,200,105.7297,-72.6812
240,8006,208,106.9880,-72.5933
240,8006,216,108.3151,-72.4820
240,8006,224,109.6554,-72.3619
240,8006,232,109.7556,-72.3527
240,8006,240,110.3839,-72.2949
240,8006,248,110.9519,-72.2418
240,8006,256,111.2019,-72.2182
240,8006,264,111.8600,-72.1556
240,8006,272,112.2616,-72.1170
240,8006,280,113.3574,-72.0097
240,8006,288,113.5024,-71.9954
240,8006,296,114.6834,-71.8771
240,8006,304,117.3996,-71.5960
240,8006,312,118.3173,-71.4980
240,8006,320,119.7851,-71.3382
240,8006,328,121.2552,-71.1746
240,8006,336,126.1303,-70.6123
240,8006,344,126.6018,-70.5563
240,8006,352,132.8197,-69.8179
240,8006,360,147.9505,-68.0450
240,8006,368,170.2299,-66.0688
240,8006,376,190.8960,-65.1531
240,8006,384,216.0552,-64.7337
240,8006,392,258.1764,-64.5819
240,8006,400,314.9245,-64.5624
240,8006,408,723.6568,-64.5611
240,8007,0,0.0000,-65.0000
240,8007,8,0.0699,-64.9855
240,8007,16,0.6811,-64.9173
240,8007,24,5.5147,-64.6276
240,8007,32,14.0905,-64.5433
240,8007,40,22.6664,-64.5540
240,8007,48,36.8228,-64.5609
240,8007,56,100.0000,-64.5618
240,8007,64,100.0769,-64.5987
240,8007,72,100.3307,-65.1861
240,8007,80,100.9618,-67.9716
240,8007,88,101.1459,-68.7665
240,8007,96,101.2870,-69.3213
240,8007,104,101.4022,-69.7336
240,8007,112,101.5711,-70.2710
240,8007,120,102.1878,-71.6212
240,8007,128,102.3983,-71.9040
240,8007,136,102.6990,-72.2004
240,8007,144,102.9105,-72.3481
240,8007,152,103.3851,-72.5611
240,8007,160,103.8213,-72.6598
240,8007,168,104.0099,-72.6831
240,8007,176,104.2354,-72.7013
240,8007,184,104.5982,-72.7140
240,8007,192,104.9627,-72.7121
240,8007,200,105.7297,-72.6812
240,8007,208,106.9880,-72.5933
240,8007,216,108.3151,-72.4820
240,8007,224,109.6554,-72.3619
240,8007,232,109.7556,-72.3527
240,8007,240,110.3839,-72.2949
240,8007,248,110.9519,-72.2418
240,8007,256,111.2019,-72.2182
240,8007,264,111.8600,-72.1556
240,8007,272,112.2616,-72.1170
240,8007,280,113.3574,-72.0097
240,8007,288,113.5024,-71.9954
240,8007,296,114.6834,-71.8771
240,8007,304,117.3996,-71.5960
240,8007,312,118.3173,-71.4980
240,8007,320,119.7851,-71.3382
240,8007,328,121.2552,-71.1746
240,8007,336,126.1303,-70.6123
240,8007,344,126.6018,-70.5563
240,8007,352,132.8197,-69.8179
240,8007,360,147.9505,-68.0450
240,8007,368,170.2299,-66.0688
240,8007,376,190.8960,-65.1531
240,8007,384,216.0552,-64.7337
240,8007,392,258.1764,-64.5819
240,8007,400,314.9245,-64.5624
240,8007,408,723.6568,-64.5611
240,8008,0,0.0000,-65.0000
240,8008,8,0.0699,-64.9855
240,8008,16,0.6811,-64.9173
240,8008,24,5.5147,-64.6276
240,8008,32,14.0905,-64.5433
240,8008,40,22.6664,-64.5540
240,8008,48,36.8228,-64.5609
240,8008,56,100.0000,-64.5618
240,8008,64,100.0769,-64.5987
240,8008,72,100.3307,-65.1861
240,8008,80,100.9618,-67.9716
240,8008,88,101.1459,-68.7665
240,8008,96,101.2870,-69.3213
240,8008,104,101.4022,-69.7336
240,8008,112,101.5711,-70.2710
240,8008,120,102.1878,-71.6212
240,8008,128,102.3983,-71.9040
240,8008,136,102.6990,-72.2004
240,8008,144,102.9105,-72.3481
240,8008,152,103.3851,-72.5611
240,8008,160,103.8213,-72.6598
240,8008,168,104.0099,-72.6831
240,8008,176,104.2354,-72.7013
240,8008,184,104.5982,-72.7140
240,8008,192,104.9627,-72.7121
240,8008,200,105.7297,-72.6812
240,8008,208,106.9880,-72.5933
240,8008,216,108.3151,-72.4820
240,8008,224,109.6554,-72.3619
240,8008,232,109.7556,-72.3527
240,8008,240,110.3839,-72.2949
240,8008,248,110.9519,-72.2418
240,8008,256,111.2019,-72.2182
240,8008,264,111.8600,-72.1556
240,8008,272,112.2616,-72.1170
240,8008,280,113.3574,-72.0097
240,8008,288,113.5024,-71.9954
240,8008,296,114.6834,-71.8771
240,8008,304,117.3996,-71.5960
240,8008,312,118.3173,-71.4980
240,8008,320,119.7851,-71.3382
240,8008,328,121.2552,-71.1746
240,8008,336,126.1303,-70.6123
240,8008,344,126.6018,-70.5563
240,8008,352,132.8197,-69.8179
240,8008,360,147.9505,-68.0450
240,8008,368,170.2299,-66.0688
240,8008,376,190.8960,-65.1531
240,8008,384,216.0552,-64.7337
240,8008,392,258.1764,-64.5819
240,8008,400,314.9245,-64.5624
240,8008,408,723.6568,-64.5611
240,8009,0,0.0000,-65.0000
240,8009,8,0.0699,-64.9855
240,8009,16,0.6811,-64.9173
240,8009,24,5.5147,-64.6276
240,8009,32,14.0905,-64.5433
240,8009,40,22.6664,-64.5540
240,8009,48,36.8228,-64.5609
240,8009,56,100.0000,-64.5618
240,8009,64,100.0769,-64.5987
240,8009,72,100.3307,-65.1861
240,8009,80,100.9618,-67.9716
240,8009,88,101.1459,-68.7665
240,8009,96,101.2870,-69.3213
240,8009,104,101.4022,-69.7336
240,8009,112,101.5711,-70.2710
240,8009,120,102.1878,-71.6212
240,8009,128,102.3983,-71.9040
240,8009,136,102.6990,-72.2004
240,8009,144,102.9105,-72.3481
240,8009,152,103.3851,-72.5611
240,8009,160,103.8213,-72.6598
240,8009,168,104.0099,-72.6831
240,8009,176,104.2354,-72.7013
240,8009,184,104.5982,-72.7140
240,8009,192,104.9627,-72.7121
240,8009,200,105.7297,-72.6812
240,8009,208,106.9880,-72.5933
240,8009,216,108.3151,-72.4820
240,8009,224,109.6554,-72.3619
240,8009,232,109.7556,-72.3527
240,8009,240,110.3839,-72.2949
240,8009,248,110.9519,-72.2418
240,8009,256,111.2019,-72.2182
240,8009,264,111.8600,-72.1556
240,8009,272,112.2616,-72.1170
240,8009,280,113.3574,-72.0097
240,8009,288,113.5024,-71.9954
240,8009,296,114.6834,-71.8771
240,8009,304,117.3996,-71.5960
240,8009,312,118.3173,-71.4980
240,8009,320,119.7851,-71.3382
240,8009,328,121.2552,-71.1746
240,8009,336,126.1303,-70.6123
240,8009,344,126.6018,-70.5563
240,8009,352,132.8197,-69.8179
240,8009,360,147.9505,-68.0450
240,8009,368,170.2299,-66.0688
240,8009,376,190.8960,-65.1531
240,8009,384,216.0552,-64.7337
240,8009,392,258.1764,-64.5819
240,8009,400,314.9245,-64.5624
240,8009,408,723.6568,-64.5611
240,8010,0,0.0000,-65.0000
240,8010,8,0.0699,-64.9855
240,8010,16,0.6811,-64.9173
240,8010,24,5.5147,-64.6276
240,8010,32,14.0905,-64.5433
240,8010,40,22.6664,-64.5540
240,8010,48,36.8228,-64.5609
240,8010,56,100.0000,-64.5618
240,8010,64,100.0769,-64.5987
240,8010,72,100.3307,-65.1861
240,8010,80,100.9618,-67.9716
240,8010,88,101.1459,-68.7665
240,8010,96,101.2870,-69.3213
240,8010,104,101.4022,-69.7336
240,8010,112,101.5711,-70.2710
240,8010,120,102.1878,-71.6212
240,8010,128,102.3983,-71.9040
240,8010,136,102.6990,-72.2004
240,8010,144,102.9105,-72.3481
240,8010,152,103.3851,-72.5611
240,8010,160,103.8213,-72.6598
240,8010,168,104.0099,-72.6831
240,8010,176,104.2354,-72.7013
240,8010,184,104.5982,-72.7140
240,8010,192,104.9627,-72.7121
240,8010,200,105.7297,-72.6812
240,8010,208,106.9880,-72.5933
240,8010,216,108.3151,-72.4820
240,8010,224,109.6554,-72.3619
240,8010,232,109.7556,-72.3527
240,8010,240,110.3839,-72.2949
240,8010,248,110.9519,-72.2418
240,8010,256,111.2019,-72.2182
240,8010,264,111.8600,-72.1556
240,8010,272,112.2616,-72.1170
240,8010,280,113.3574,-72.0097
240,8010,288,113.5024,-71.9954
240,8010,296,114.6834,-71.8771
240,8010,304,117.3996,-71.5960
240,8010,312,118.3173,-71.4980
240,8010,320,119.7851,-71.3382
240,8010,328,121.2552,-71.1746
240,8010,336,126.1303,-70.6123
240,8010,344,126.6018,-70.5563
240,8010,352,132.8197,-69.8179
240,8010,360,147.9505,-68.0450
240,8010,368,170.2299,-66.0688
240,8010,376,190.8960,-65.1531
240,8010,384,216.0552,-64.7337
240,8010,392,258.1764,-64.5819
240,8010,400,314.9245,-64.5624
240,8010,408,723.6568,-64.5611
270,9001,0,0.0000,-65.0000
270,9001,8,0.0699,-64.9855
270,9001,16,0.6811,-64.9173
270,9001,24,5.5147,-64.6276
270,9001,32,14.0905,-64.5433
270,9001,40,22.6664,-64.5540
270,9001,48,36.8228,-64.5609
270,9001,56,100.0000,-64.5618
270,9001,64,100.0291,-64.5659
270,9001,72,100.2384,-64.8429
270,9001,80,100.6950,-66.3606
270,9001,88,100.8850,-67.1183
270,9001,96,100.9507,-67.3783
270,9001,104,101.2000,-68.3216
270,9001,112,101.3300,-68.7717
270,9001,120,101.5338,-69.4097
270,9001,128,101.7411,-69.9685
270,9001,136,101.9016,-70.3407
270,9001,144,102.2856,-71.0409
270,9001,152,102.3596,-71.1474
270,9001,160,103.2120,-71.9273
270,9001,168,103.6750,-72.1184
270,9001,176,103.8783,-72.1707
270,9001,184,104.2257,-72.2317
270,9001,192,104.6750,-72.2709
270,9001,200,104.7340,-72.2733
270,9001,208,104.9155,-72.2779
270,9001,216,105.6500,-72.2671
270,9001,224,105.7700,-72.2616
270,9001,232,107.1230,-72.1686
270,9001,240,107.8650,-72.1030
270,9001,248,107.9450,-72.0957
270,9001,256,108.1550,-72.0762
270,9001,264,109.5402,-71.9425
270,9001,272,110.2620,-71.8702
270,9001,280,110.7851,-71.8172
270,9001,288,111.9433,-71.6976
270,9001,296,112.2600,-71.6646
270,9001,304,112.6709,-71.6215
270,9001,312,112.9454,-71.5926
270,9001,320,113.8815,-71.4927
270,9001,328,116.2450,-71.2349
270,9001,336,118.1805,-71.0171
270,9001,344,119.0290,-70.9205
270,9001,352,122.5311,-70.5152
270,9001,360,123.2254,-70.4341
270,9001,368,124.4407,-70.2906
270,9001,376,125.2550,-70.1935
270,9001,384,125.8306,-70.1247
270,9001,392,127.1985,-69.9605
270,9001,400,131.6350,-69.4276
270,9001,408,132.7750,-69.2917
270,9001,416,135.7504,-68.9376
270,9001,424,141.7097,-68.2488
270,9001,432,153.3046,-67.0584
270,9001,440,175.8626,-65.5367
270,9001,448,193.5056,-64.9883
270,9001,456,215.3378,-64.7066
270,9001,464,261.1064,-64.5746
270,9001,472,309.0295,-64.5627
270,9001,480,471.1785,-64.5609
270,9001,488,804.6515,-64.5610
270,9002,0,0.0000,-65.0000
270,9002,8,0.0699,-64.9855
270,9002,16,0.6811,-64.9173
270,9002,24,5.5147,-64.6276
270,9002,32,14.0905,-64.5433
270,9002,40,22.6664,-64.5540
270,9002,48,36.8228,-64.5609
270,9002,56,100.0000,-64.5618
270,9002,64,100.0291,-64.5659
270,9002,72,100.2384,-64.8429
270,9002,80,100.6950,-66.3606
270,9002,88,100.8850,-67.1183
270,9002,96,100.9507,-67.3783
270,9002,104,101.2000,-68.3216
270,9002,112,101.3300,-68.7717
270,9002,120,101.5338,-69.4097
270,9002,128,101.7411,-69.9685
270,9002,136,101.9016,-70.3407
270,9002,144,102.2856,-71.0409
270,9002,152,102.3596,-71.1474
270,9002,160,103.2120,-71.9273
270,9002,168,103.6750,-72.1184
270,9002,176,103.8783,-72.1707
270,9002,184,104.2257,-72.2317
270,9002,192,104.6750,-72.2709
270,9002,200,104.7340,-72.2733
270,9002,208,104.9155,-72.2779
270,9002,216,105.6500,-72.2671
270,9002,224,105.7700,-72.2616
270,9002,232,107.1230,-72.1686
270,9002,240,107.8650,-72.1030
270,9002,248,107.9450,-72.0957
270,9002,256,108.1550,-72.0762
270,9002,264,109.5402,-71.9425
270,9002,272,110.2620,-71.8702
270,9002,280,110.7851,-71.8172
270,9002,288,111.9433,-71.6976
270,9002,296,112.2600,-71.6646
270,9002,304,112.6709,-71.6215
270,9002,312,112.9454,-71.5926
270,9002,320,113.8815,-71.4927
270,9002,328,116.2450,-71.2349
270,9002,336,118.1805,-71.0171
270,9002,344,119.0290,-70.9205
270,9002,352,122.5311,-70.5152
270,9002,360,123.2254,-70.4341
270,9002,368,124.4407,-70.2906
270,9002,376,125.2550,-70.1935
270,9002,384,125.8306,-70.1247
270,9002,392,127.1985,-69.9605
270,9002,400,131.6350,-69.4276
270,9002,408,132.7750,-69.2917
270,9002,416,135.7504,-68.9376
270,9002,424,141.7097,-68.2488
270,9002,432,153.3046,-67.0584
270,9002,440,175.8626,-65.5367
270,9002,448,193.5056,-64.9883
270,9002,456,215.3378,-64.7066
270,9002,464,261.1064,-64.5746
270,9002,472,309.0295,-64.5627
270,9002,480,471.1785,-64.5609
270,9002,488,804.6515,-64.5610
270,9003,0,0.0000,-65.0000
270,9003,8,0.0699,-64.9855
270,9003,16,0.6811,-64.9173
270,9003,24,5.5147,-64.6276
270,9003,32,14.0905,-64.5433
270,9003,40,22.6664,-64.5540
270,9003,48,36.8228,-64.5609
270,9003,56,100.0000,-64.5618
270,9003,64,100.0291,-64.5659
270,9003,72,100.2384,-64.8429
270,9003,80,100.6950,-66.3606
270,9003,88,100.8850,-67.1183
270,9003,96,100.9507,-67.3783
270,9003,104,101.2000,-68.3216
270,9003,112,101.3300,-68.7717
270,9003,120,101.5338,-69.4097
270,9003,128,101.7411,-69.9685
270,9003,136,101.9016,-70.3407
270,9003,144,102.2856,-71.0409
270,9003,152,102.3596,-71.1474
270,9003,160,103.2120,-71.9273
270,9003,168,103.6750,-72.1184
270,9003,176,103.8783,-72.1707
270,9003,184,104.2257,-72.2317
270,9003,192,104.6750,-72.2709
270,9003,200,104.7340,-72.2733
270,9003,208,104.9155,-72.2779
270,9003,216,105.6500,-72.2671
270,9003,224,105.7700,-72.2616
270,9003,232,107.1230,-72.1686
270,9003,240,107.8650,-72.1030
270,9003,248,107.9450,-72.0957
270,9003,256,108.1550,-72.0762
270,9003,264,109.5402,-71.9425
270,9003,272,110.2620,-71.8702
270,9003,280,110.7851,-71.8172
270,9003,288,111.9433,-71.6976
270,9003,296,112.2600,-71.6646
270,9003,304,112.6709,-71.6215
270,9003,312,112.9454,-71.5926
270,9003,320,113.8815,-71.4927
270,9003,328,116.2450,-71.2349
270,9003,336,118.1805,-71.0171
270,9003,344,119.0290,-70.9205
270,9003,352,122.5311,-70.5152
270,9003,360,123.2254,-70.4341
270,9003,368,124.4407,-70.2906
270,9003,376,125.2550,-70.1935
270,9003,384,125.8306,-70.1247
270,9003,392,127.1985,-69.9605
270,9003,400,131.6350,-69.4276
270,9003,408,132.7750,-69.2917
270,9003,416,135.7504,-68.9376
270,9003,424,141.7097,-68.2488
270,9003,432,153.3046,-67.0584
270,9003,440,175.8626,-65.5367
270,9003,448,193.5056,-64.9883
270,9003,456,215.3378,-64.7066
270,9003,464,261.1064,-64.5746
270,9003,472,309.0295,-64.5627
270,9003,480,471.1785,-64.5609
270,9003,488,804.6515,-64.5610
270,9004,0,0.0000,-65.0000
270,9004,8,0.0699,-64.9855
270,9004,16,0.6811,-64.9173
270,9004,24,5.5147,-64.6276
270,9004,32,14.0905,-64.5433
270,9004,40,22.6664,-64.5540
270,9004,48,36.8228,-64.5609
270,9004,56,100.0000,-64.5618
270,9004,64,100.0291,-64.5659
270,9004,72,100.2384,-64.8429
270,9004,80,100.6950,-66.3606
270,9004,88,100.8850,-67.1183
270,9004,96,100.9507,-67.3783
270,9004,104,101.2000,-68.3216
270,9004,112,101.3300,-68.7717
270,9004,120,101.5338,-69.4097
270,9004,128,101.7411,-69.9685
270,9004,136,101.9016,-70.3407
270,9004,144,102.2856,-71.0409
270,9004,152,102.3596,-71.1474
270,9004,160,103.2120,-71.9273
270,9004,168,103.6750,-72.1184
270,9004,176,103.8783,-72.1707
270,9004,184,104.2257,-72.2317
270,9004,192,104.6750,-72.2709
270,9004,200,104.7340,-72.2733
270,9004,208,104.9155,-72.2779
270,9004,216,105.6500,-72.2671
270,9004,224,105.7700,-72.2616
270,9004,232,107.1230,-72.1686
270,9004,240,107.8650,-72.1030
270,9004,248,107.9450,-72.0957
270,9004,256,108.1550,-72.0762
270,9004,264,109.5402,-71.9425
270,9004,272,110.2620,-71.8702
270,9004,280,110.7851,-71.8172
270,9004,288,111.9433,-71.6976
270,9004,296,112.2600,-71.6646
270,9004,304,112.6709,-71.6215
270,9004,312,112.9454,-71.5926
270,9004,320,113.8815,-71.4927
270,9004,328,116.2450,-71.2349
270,9004,336,118.1805,-71.0171
270,9004,344,119.0290,-70.9205
270,9004,352,122.5311,-70.5152
270,9004,360,123.2254,-70.4341
270,9004,368,124.4407,-70.2906
270,9004,376,125.2550,-70.1935
270,9004,384,125.8306,-70.1247
270,9004,392,127.1985,-69.9605
270,9004,400,131.6350,-69.4276
270,9004,408,132.7750,-69.2917
270,9004,416,135.7504,-68.9376
270,9004,424,141.7097,-68.2488
270,9004,432,153.3046,-67.0584
270,9004,440,175.8626,-65.5367
270,9004,448,193.5056,-64.9883
270,9004,456,215.3378,-64.7066
270,9004,464,261.1064,-64.5746
270,9004,472,309.0295,-64.5627
270,9004,480,471.1785,-64.5609
270,9004,488,804.6515,-64.5610
270,9005,0,0.0000,-65.0000
270,9005,8,0.0699,-64.9855
270,9005,16,0.6811,-64.9173
270,9005,24,5.5147,-64.6276
270,9005,32,14.0905,-64.5433
270,9005,40,22.6664,-64.5540
270,9005,48,36.8228,-64.5609
270,9005,56,100.0000,-64.5618
270,9005,64,100.0291,-64.5659
270,9005,72,100.2384,-64.8429
270,9005,80,100.6950,-66.3606
270,9005,88,100.8850,-67.1183
270,9005,96,100.9507,-67.3783
270,9005,104,101.2000,-68.3216
270,9005,112,101.3300,-68.7717
270,9005,120,101.5338,-69.4097
270,9005,128,101.7411,-69.9685
270,9005,136,101.9016,-70.3407
270,9005,144,102.2856,-71.0409
270,9005,152,102.3596,-71.1474
270,9005,160,103.2120,-71.9273
270,9005,168,103.6750,-72.1184
270,9005,176,103.8783,-72.1707
270,9005,184,104.2257,-72.2317
270,9005,192,104.6750,-72.2709
270,9005,200,104.7340,-72.2733
270,9005,208,104.9155,-72.2779
270,9005,216,105.6500,-72.2671
270,9005,224,105.7700,-72.2616
270,9005,232,107.1230,-72.1686
270,9005,240,107.8650,-72.1030
270,9005,248,107.9450,-72.0957
270,9005,256,108.1550,-72.0762
270,9005,264,109.5402,-71.9425
270,9005,272,110.2620,-71.8702
270,9005,280,110.7851,-71.8172
270,9005,288,111.9433,-71.6976
270,9005,296,112.2600,-71.6646
270,9005,304,112.6709,-71.6215
270,9005,312,112.9454,-71.5926
270,9005,320,113.8815,-71.4927
270,9005,328,116.2450,-71.2349
270,9005,336,118.1805,-71.0171
270,9005,344,119.0290,-70.9205
270,9005,352,122.5311,-70.5152
270,9005,360,123.2254,-70.4341
270,9005,368,124.4407,-70.2906
270,9005,376,125.2550,-70.1935
270,9005,384,125.8306,-70.1247
270,9005,392,127.1985,-69.9605
270,9005,400,131.6350,-69.4276
270,9005,408,132.7750,-69.2917
270,9005,416,135.7504,-68.9376
270,9005,424,141.7097,-68.2488
270,9005,432,153.3046,-67.0584
270,9005,440,175.8626,-65.5367
270,9005,448,193.5056,-64.9883
270,9005,456,215.3378,-64.7066
270,9005,464,261.1064,-64.5746
270,9005,472,309.0295,-64.5627
270,9005,480,471.1785,-64.5609
270,9005,488,804.6515,-64.5610
270,9006,0,0.0000,-65.0000
270,9006,8,0.0699,-64.9855
270,9006,16,0.6811,-64.9173
270,9006,24,5.5147,-64.6276
270,9006,32,14.0905,-64.5433
270,9006,40,22.6664,-64.5540
270,9006,48,36.8228,-64.5609
270,9006,56,100.0000,-64.5618
270,9006,64,100.0291,-64.5659
270,9006,72,100.2384,-64.8429
270,9006,80,100.6950,-66.3606
270,9006,88,100.8850,-67.1183
270,9006,96,100.9507,-67.3783
270,9006,104,101.2000,-68.3216
270,9006,112,101.3300,-68.7717
270,9006,120,101.5338,-69.4097
270,9006,128,101.7411,-69.9685
270,9006,136,101.9016,-70.3407
270,9006,144,102.2856,-71.0409
270,9006,152,102.3596,-71.1474
270,9006,160,103.2120,-71.9273
270,9006,168,103.6750,-72.1184
270,9006,176,103.8783,-72.1707
270,9006,184,104.2257,-72.2317
270,9006,192,104.6750,-72.2709
270,9006,200,104.7340,-72.2733
270,9006,208,104.9155,-72.2779
270,9006,216,105.6500,-72.2671
270,9006,224,105.7700,-72.2616
270,9006,232,107.1230,-72.1686
270,9006,240,107.8650,-72.1030
270,9006,248,107.9450,-72.0957
270,9006,256,108.1550,-72.0762
270,9006,264,109.5402,-71.9425
270,9006,272,110.2620,-71.8702
270,9006,280,110.7851,-71.8172
270,9006,288,111.9433,-71.6976
270,9006,296,112.2600,-71.6646
270,9006,304,112.6709,-71.6215
270,9006,312,112.9454,-71.5926
270,9006,320,113.8815,-71.4927
270,9006,328,116.2450,-71.2349
270,9006,336,118.1805,-71.0171
270,9006,344,119.0290,-70.9205
270,9006,352,122.5311,-70.5152
270,9006,360,123.2254,-70.4341
270,9006,368,124.4407,-70.2906
270,9006,376,125.2550,-70.1935
270,9006,384,125.8306,-70.1247
270,9006,392,127.1985,-69.9605
270,9006,400,131.6350,-69.4276
270,9006,408,132.7750,-69.2917
270,9006,416,135.7504,-68.9376
270,9006,424,141.7097,-68.2488
270,9006,432,153.3046,-67.0584
270,9006,440,175.8626,-65.5367
270,9006,448,193.5056,-64.9883
270,9006,456,215.3378,-64.7066
270,9006,464,261.1064,-64.5746
270,9006,472,309.0295,-64.5627
270,9006,480,471.1785,-64.5609
270,9006,488,804.6515,-64.5610
270,9007,0,0.0000,-65.0000
270,9007,8,0.0699,-64.9855
270,9007,16,0.6811,-64.9173
270,9007,24,5.5147,-64.6276
270,9007,32,14.0905,-64.5433
270,9007,40,22.6664,-64.5540
270,9007,48,36.8228,-64.5609
270,9007,56,100.0000,-64.5618
270,9007,64,100.0291,-64.5659
270,9007,72,100.2384,-64.8429
270,9007,80,100.6950,-66.3606
270,9007,88,100.8850,-67.1183
270,9007,96,100.9507,-67.3783
270,9007,104,101.2000,-68.3216
270,9007,112,101.3300,-68.7717
270,9007,120,101.5338,-69.4097
270,9007,128,101.7411,-69.9685
270,9007,136,101.9016,-70.3407
270,9007,144,102.2856,-71.0409
270,9007,152,102.3596,-71.1474
270,9007,160,103.2120,-71.9273
270,9007,168,103.6750,-72.1184
270,9007,176,103.8783,-72.1707
270,9007,184,104.2257,-72.2317
270,9007,192,104.6750,-72.2709
270,9007,200,104.7340,-72.2733
270,9007,208,104.9155,-72.2779
270,9007,216,105.6500,-72.2671
270,9007,224,105.7700,-72.2616
270,9007,232,107.1230,-72.1686
270,9007,240,107.8650,-72.1030
270,9007,248,107.9450,-72.0957
270,9007,256,108.1550,-72.0762
270,9007,264,109.5402,-71.9425
270,9007,272,110.2620,-71.8702
270,9007,280,110.7851,-71.8172
270,9007,288,111.9433,-71.6976
270,9007,296,112.2600,-71.6646
270,9007,304,112.6709,-71.6215
270,9007,312,112.9454,-71.5926
270,9007,320,113.8815,-71.4927
270,9007,328,116.2450,-71.2349
270,9007,336,118.1805,-71.0171
270,9007,344,119.0290,-70.9205
270,9007,352,122.5311,-70.5152
270,9007,360,123.2254,-70.4341
270,9007,368,124.4407,-70.2906
270,9007,376,125.2550,-70.1935
270,9007,384,125.8306,-70.1247
270,9007,392,127.1985,-69.9605
270,9007,400,131.6350,-69.4276
270,9007,408,132.7750,-69.2917
270,9007,416,135.7504,-68.9376
270,9007,424,141.7097,-68.2488
270,9007,432,153.3046,-67.0584
270,9007,440,175.8626,-65.5367
270,9007,448,193.5056,-64.9883
270,9007,456,215.3378,-64.7066
270,9007,464,261.1064,-64.5746
270,9007,472,309.0295,-64.5627
270,9007,480,471.1785,-64.5609
270,9007,488,804.6515,-64.5610
270,9008,0,0.0000,-65.0000
270,9008,8,0.0699,-64.9855
270,9008,16,0.6811,-64.9173
270,9008,24,5.5147,-64.6276
270,9008,32,14.0905,-64.5433
270,9008,40,22.6664,-64.5540
270,9008,48,36.8228,-64.5609
270,9008,56,100.0000,-64.5618
270,9008,64,100.0291,-64.5659
270,9008,72,100.2384,-64.8429
270,9008,80,100.6950,-66.3606
270,9008,88,100.8850,-67.1183
270,9008,96,100.9507,-67.3783
270,9008,104,101.2000,-68.3216
270,9008,112,101.3300,-68.7717
270,9008,120,101.5338,-69.4097
270,9008,128,101.7411,-69.9685
270,9008,136,101.9016,-70.3407
270,9008,144,102.2856,-71.0409
270,9008,152,102.3596,-71.1474
270,9008,160,103.2120,-71.9273
270,9008,168,103.6750,-72.1184
270,9008,176,103.8783,-72.1707
270,9008,184,104.2257,-72.2317
270,9008,192,104.6750,-72.2709
270,9008,200,104.7340,-72.2733
270,9008,208,104.9155,-72.2779
270,9008,216,105.6500,-72.2671
270,9008,224,105.7700,-72.2616
270,9008,232,107.1230,-72.1686
270,9008,240,107.8650,-72.1030
270,9008,248,107.9450,-72.0957
270,9008,256,108.1550,-72.0762
270,9008,264,109.5402,-71.9425
270,9008,272,110.2620,-71.8702
270,9008,280,110.7851,-71.8172
270,9008,288,111.9433,-71.6976
270,9008,296,112.2600,-71.6646
270,9008,304,112.6709,-71.6215
270,9008,312,112.9454,-71.5926
270,9008,320,113.8815,-71.4927
270,9008,328,116.2450,-71.2349
270,9008,336,118.1805,-71.0171
270,9008,344,119.0290,-70.9205
270,9008,352,122.5311,-70.5152
270,9008,360,123.2254,-70.4341
270,9008,368,124.4407,-70.2906
270,9008,376,125.2550,-70.1935
270,9008,384,125.8306,-70.1247
270,9008,392,127.1985,-69.9605
270,9008,400,131.6350,-69.4276
270,9008,408,132.7750,-69.2917
270,9008,416,135.7504,-68.9376
270,9008,424,141.7097,-68.2488
270,9008,432,153.3046,-67.0584
270,9008,440,175.8626,-65.5367
270,9008,448,193.5056,-64.9883
270,9008,456,215.3378,-64.7066
270,9008,464,261.1064,-64.5746
270,9008,472,309.0295,-64.5627
270,9008,480,471.1785,-64.5609
270,9008,488,804.6515,-64.5610
270,9009,0,0.0000,-65.0000
270,9009,8,0.0699,-64.9855
270,9009,16,0.6811,-64.9173
270,9009,24,5.5147,-64.6276
270,9009,32,14.0905,-64.5433
270,9009,40,22.6664,-64.5540
270,9009,48,36.8228,-64.5609
270,9009,56,100.0000,-64.5618
270,9009,64,100.0291,-64.5659
270,9009,72,100.2384,-64.8429
270,9009,80,100.6950,-66.3606
270,9009,88,100.8850,-67.1183
270,9009,96,100.9507,-67.3783
270,9009,104,101.2000,-68.3216
270,9009,112,101.3300,-68.7717
270,9009,120,101.5338,-69.4097
270,9009,128,101.7411,-69.9685
270,9009,136,101.9016,-70.3407
270,9009,144,102.2856,-71.0409
270,9009,152,102.3596,-71.1474
270,9009,160,103.2120,-71.9273
270,9009,168,103.6750,-72.1184
270,9009,176,103.8783,-72.1707
270,9009,184,104.2257,-72.2317
270,9009,192,104.6750,-72.2709
270,9009,200,104.7340,-72.2733
270,9009,208,104.9155,-72.2779
270,9009,216,105.6500,-72.2671
270,9009,224,105.7700,-72.2616
270,9009,232,107.1230,-72.1686
270,9009,240,107.8650,-72.1030
270,9009,248,107.9450,-72.0957
270,9009,256,108.1550,-72.0762
270,9009,264,109.5402,-71.9425
270,9009,272,110.2620,-71.8702
270,9009,280,110.7851,-71.8172
270,9009,288,111.9433,-71.6976
270,9009,296,112.2600,-71.6646
270,9009,304,112.6709,-71.6215
270,9009,312,112.9454,-71.5926
270,9009,320,113.8815,-71.4927
270,9009,328,116.2450,-71.2349
270,9009,336,118.1805,-71.0171
270,9009,344,119.0290,-70.9205
270,9009,352,122.5311,-70.5152
270,9009,360,123.2254,-70.4341
270,9009,368,124.4407,-70.2906
270,9009,376,125.2550,-70.1935
270,9009,384,125.8306,-70.1247
270,9009,392,127.1985,-69.9605
270,9009,400,131.6350,-69.4276
270,9009,408,132.7750,-69.2917
270,9009,416,135.7504,-68.9376
270,9009,424,141.7097,-68.2488
270,9009,432,153.3046,-67.0584
270,9009,440,175.8626,-65.5367
270,9009,448,193.5056,-64.9883
270,9009,456,215.3378,-64.7066
270,9009,464,261.1064,-64.5746
270,9009,472,309.0295,-64.5627
270,9009,480,471.1785,-64.5609
270,9009,488,804.6515,-64.5610
270,9010,0,0.0000,-65.0000
270,9010,8,0.0699,-64.9855
270,9010,16,0.6811,-64.9173
270,9010,24,5.5147,-64.6276
270,9010,32,14.0905,-64.5433
270,9010,40,22.6664,-64.5540
270,9010,48,36.8228,-64.5609
270,9010,56,100.0000,-64.5618
270,9010,64,100.0291,-64.5659
270,9010,72,100.2384,-64.8429
270,9010,80,100.6950,-66.3606
270,9010,88,100.8850,-67.1183
270,9010,96,100.9507,-67.3783
270,9010,104,101.2000,-68.3216
270,9010,112,101.3300,-68.7717
270,9010,120,101.5338,-69.4097
270,9010,128,101.7411,-69.9685
270,9010,136,101.9016,-70.3407
270,9010,144,102.2856,-71.0409
270,9010,152,102.3596,-71.1474
270,9010,160,103.2120,-71.9273
270,9010,168,103.6750,-72.1184
270,9010,176,103.8783,-72.1707
270,9010,184,104.2257,-72.2317
270,9010,192,104.6750,-72.2709
270,9010,200,104.7340,-72.2733
270,9010,208,104.9155,-72.2779
270,9010,216,105.6500,-72.2671
270,9010,224,105.7700,-72.2616
270,9010,232,107.1230,-72.1686
270,9010,240,107.8650,-72.1030
270,9010,248,107.9450,-72.0957
270,9010,256,108.1550,-72.0762
270,9010,264,109.5402,-71.9425
270,9010,272,110.2620,-71.8702
270,9010,280,110.7851,-71.8172
270,9010,288,111.9433,-71.6976
270,9010,296,112.2600,-71.6646
270,9010,304,112.6709,-71.6215
270,9010,312,112.9454,-71.5926
270,9010,320,113.8815,-71.4927
270,9010,328,116.2450,-71.2349
270,9010,336,118.1805,-71.0171
270,9010,344,119.0290,-70.9205
270,9010,352,122.5311,-70.5152
270,9010,360,123.2254,-70.4341
270,9010,368,124.4407,-70.2906
270,9010,376,125.2550,-70.1935
270,9010,384,125.8306,-70.1247
270,9010,392,127.1985,-69.9605
270,9010,400,131.6350,-69.4276
270,9010,408,132.7750,-69.2917
270,9010,416,135.7504,-68.9376
270,9010,424,141.7097,-68.2488
270,9010,432,153.3046,-67.0584
270,9010,440,175.8626,-65.5367
270,9010,448,193.5056,-64.9883
270,9010,456,215.3378,-64.7066
270,9010,464,261.1064,-64.5746
270,9010,472,309.0295,-64.5627
270,9010,480,471.1785,-64.5609
270,9010,488,804.6515,-64.5610
300,10001,0,0.0000,-65.0000
300,10001,8,0.0699,-64.9855
300,10001,16,0.6811,-64.9173
300,10001,24,5.5147,-64.6276
300,10001,32,14.0905,-64.5433
300,10001,40,22.6664,-64.5540
300,10001,48,36.8228,-64.5609
300,10001,56,100.0000,-64.5618
300,10001,64,100.0318,-64.5660
300,10001,72,100.0543,-64.5745
300,10001,80,100.2219,-64.7534
300,10001,88,100.7090,-65.9855
300,10001,96,100.9993,-66.8984
300,10001,104,101.2918,-67.7854
300,10001,112,101.3418,-67.9284
300,10001,120,101.4288,-68.1694
300,10001,128,101.5771,-68.5576
300,10001,136,102.1220,-69.7226
300,10001,144,102.1627,-69.7928
300,10001,152,102.2906,-70.0003
300,10001,160,102.4940,-70.2915
300,10001,168,102.7155,-70.5570
300,10001,176,102.8775,-70.7216
300,10001,184,103.1283,-70.9324
300,10001,192,103.2714,-71.0325
300,10001,200,103.5118,-71.1739
300,10001,208,103.9453,-71.3558
300,10001,216,104.1351,-71.4118
300,10001,224,104.2866,-71.4480
300,10001,232,104.4174,-71.4745
300,10001,240,104.7617,-71.5249
300,10001,248,105.4442,-71.5678
300,10001,256,105.5769,-71.5690
300,10001,264,105.7786,-71.5676
300,10001,272,106.3133,-71.5505
300,10001,280,106.9176,-71.5140
300,10001,288,107.2977,-71.4847
300,10001,296,108.7070,-71.3546
300,10001,304,109.2034,-71.3031
300,10001,312,109.7581,-71.2440
300,10001,320,110.0734,-71.2099
300,10001,328,110.3297,-71.1820
300,10001,336,110.9787,-71.1103
300,10001,344,111.1839,-71.0876
300,10001,352,111.9232,-71.0047
300,10001,360,113.0803,-70.8735
300,10001,368,114.3854,-70.7238
300,10001,376,114.5663,-70.7029
300,10001,384,115.2212,-70.6271
300,10001,392,115.6813,-70.5736
300,10001,400,117.8244,-70.3232
300,10001,408,118.3944,-70.2565
300,10001,416,118.9304,-70.1934
300,10001,424,121.0422,-69.9419
300,10001,432,122.4837,-69.7704
300,10001,440,123.7440,-69.6202
300,10001,448,125.3003,-69.4345
300,10001,456,127.9672,-69.1190
300,10001,464,129.1829,-68.9759
300,10001,472,130.0677,-68.8721
300,10001,480,134.0209,-68.4175
300,10001,488,137.5927,-68.0235
300,10001,496,143.4165,-67.4230
300,10001,504,162.4970,-65.9214
300,10001,512,182.5168,-65.1063
300,10001,520,208.5884,-64.7116
300,10001,528,242.6898,-64.5881
300,10001,536,311.2498,-64.5627
300,10001,544,487.9858,-64.5605
300,10001,552,1211.9705,-64.5614
300,10002,0,0.0000,-65.0000
300,10002,8,0.0699,-64.9855
300,10002,16,0.6811,-64.9173
300,10002,24,5.5147,-64.6276
300,10002,32,14.0905,-64.5433
300,10002,40,22.6664,-64.5540
300,10002,48,36.8228,-64.5609
300,10002,56,100.0000,-64.5618
300,10002,64,100.0318,-64.5660
300,10002,72,100.0543,-64.5745
300,10002,80,100.2219,-64.7534
300,10002,88,100.7090,-65.9855
300,10002,96,100.9993,-66.8984
300,10002,104,101.2918,-67.7854
300,10002,112,101.3418,-67.9284
300,10002,120,101.4288,-68.1694
300,10002,128,101.5771,-68.5576
300,10002,136,102.1220,-69.7226
300,10002,144,102.1627,-69.7928
300,10002,152,102.2906,-70.0003
300,10002,160,102.4940,-70.2915
300,10002,168,102.7155,-70.5570
300,10002,176,102.8775,-70.7216
300,10002,184,103.1283,-70.9324
300,10002,192,103.2714,-71.0325
300,10002,200,103.5118,-71.1739
300,10002,208,103.9453,-71.3558
300,10002,216,104.1351,-71.4118
300,10002,224,104.2866,-71.4480
300,10002,232,104.4174,-71.4745
300,10002,240,104.7617,-71.5249
300,10002,248,105.4442,-71.5678
300,10002,256,105.5769,-71.5690
300,10002,264,105.7786,-71.5676
300,10002,272,106.3133,-71.5505
300,10002,280,106.9176,-71.5140
300,10002,288,107.2977,-71.4847
300,10002,296,108.7070,-71.3546
300,10002,304,109.2034,-71.3031
300,10002,312,109.7581,-71.2440
300,10002,320,110.0734,-71.2099
300,10002,328,110.3297,-71.1820
300,10002,336,110.9787,-71.1103
300,10002,344,111.1839,-71.0876
300,10002,352,111.9232,-71.0047
300,10002,360,113.0803,-70.8735
300,10002,368,114.3854,-70.7238
300,10002,376,114.5663,-70.7029
300,10002,384,115.2212,-70.6271
300,10002,392,115.6813,-70.5736
300,10002,400,117.8244,-70.3232
300,10002,408,118.3944,-70.2565
300,10002,416,118.9304,-70.1934
300,10002,424,121.0422,-69.9419
300,10002,432,122.4837,-69.7704
300,10002,440,123.7440,-69.6202
300,10002,448,125.3003,-69.4345
300,10002,456,127.9672,-69.1190
300,10002,464,129.1829,-68.9759
300,10002,472,130.0677,-68.8721
300,10002,480,134.0209,-68.4175
300,10002,488,137.5927,-68.0235
300,10002,496,143.4165,-67.4230
300,10002,504,162.4970,-65.9214
300,10002,512,182.5168,-65.1063
300,10002,520,208.5884,-64.7116
300,10002,528,242.6898,-64.5881
300,10002,536,311.2498,-64.5627
300,10002,544,487.9858,-64.5605
300,10002,552,1211.9705,-64.5614
300,10003,0,0.0000,-65.0000
300,10003,8,0.0699,-64.9855
300,10003,16,0.6811,-64.9173
300,10003,24,5.5147,-64.6276
300,10003,32,14.0905,-64.5433
300,10003,40,22.6664,-64.5540
300,10003,48,36.8228,-64.5609
300,10003,56,100.0000,-64.5618
300,10003,64,100.0318,-64.5660
300,10003,72,100.0543,-64.5745
300,10003,80,100.2219,-64.7534
300,10003,88,100.7090,-65.9855
300,10003,96,100.9993,-66.8984
300,10003,104,101.2918,-67.7854
300,10003,112,101.3418,-67.9284
300,10003,120,101.4288,-68.1694
300,10003,128,101.5771,-68.5576
300,10003,136,102.1220,-69.7226
300,10003,144,102.1627,-69.7928
300,10003,152,102.2906,-70.0003
300,10003,160,102.4940,-70.2915
300,10003,168,102.7155,-70.5570
300,10003,176,102.8775,-70.7216
300,10003,184,103.1283,-70.9324
300,10003,192,103.2714,-71.0325
300,10003,200,103.5118,-71.1739
300,10003,208,103.9453,-71.3558
300,10003,216,104.1351,-71.4118
300,10003,224,104.2866,-71.4480
300,10003,232,104.4174,-71.4745
300,10003,240,104.7617,-71.5249
300,10003,248,105.4442,-71.5678
300,10003,256,105.5769,-71.5690
300,10003,264,105.7786,-71.5676
300,10003,272,106.3133,-71.5505
300,10003,280,106.9176,-71.5140
300,10003,288,107.2977,-71.4847
300,10003,296,108.7070,-71.3546
300,10003,304,109.2034,-71.3031
300,10003,312,109.7581,-71.2440
300,10003,320,110.0734,-71.2099
300,10003,328,110.3297,-71.1820
300,10003,336,110.9787,-71.1103
300,10003,344,111.1839,-71.0876
300,10003,352,111.9232,-71.0047
300,10003,360,113.0803,-70.8735
300,10003,368,114.3854,-70.7238
300,10003,376,114.5663,-70.7029
300,10003,384,115.2212,-70.6271
300,10003,392,115.6813,-70.5736
300,10003,400,117.8244,-70.3232
300,10003,408,118.3944,-70.2565
300,10003,416,118.9304,-70.1934
300,10003,424,121.0422,-69.9419
300,10003,432,122.4837,-69.7704
300,10003,440,123.7440,-69.6202
300,10003,448,125.3003,-69.4345
300,10003,456,127.9672,-69.1190
300,10003,464,129.1829,-68.9759
300,10003,472,130.0677,-68.8721
300,10003,480,134.0209,-68.4175
300,10003,488,137.5927,-68.0235
300,10003,496,143.4165,-67.4230
300,10003,504,162.4970,-65.9214
300,10003,512,182.5168,-65.1063
300,10003,520,208.5884,-64.7116
300,10003,528,242.6898,-64.5881
300,10003,536,311.2498,-64.5627
300,10003,544,487.9858,-64.5605
300,10003,552,1211.9705,-64.5614
300,10004,0,0.0000,-65.0000
300,10004,8,0.0699,-64.9855
300,10004,16,0.6811,-64.9173
300,10004,24,5.5147,-64.6276
300,10004,32,14.0905,-64.5433
300,10004,40,22.6664,-64.5540
300,10004,48,36.8228,-64.5609
300,10004,56,100.0000,-64.5618
300,10004,64,100.0318,-64.5660
300,10004,72,100.0543,-64.5745
300,10004,80,100.2219,-64.7534
300,10004,88,100.7090,-65.9855
300,10004,96,100.9993,-66.8984
300,10004,104,101.2918,-67.7854
300,10004,112,101.3418,-67.9284
300,10004,120,101.4288,-68.1694
300,10004,128,101.5771,-68.5576
300,10004,136,102.1220,-69.7226
300,10004,144,102.1627,-69.7928
300,10004,152,102.2906,-70.0003
300,10004,160,102.4940,-70.2915
300,10004,168,102.7155,-70.5570
300,10004,176,102.8775,-70.7216
300,10004,184,103.1283,-70.9324
300,10004,192,103.2714,-71.0325
300,10004,200,103.5118,-71.1739
300,10004,208,103.9453,-71.3558
300,10004,216,104.1351,-71.4118
300,10004,224,104.2866,-71.4480
300,10004,232,104.4174,-71.4745
300,10004,240,104.7617,-71.5249
300,10004,248,105.4442,-71.5678
300,10004,256,105.5769,-71.5690
300,10004,264,105.7786,-71.5676
300,10004,272,106.3133,-71.5505
300,10004,280,106.9176,-71.5140
300,10004,288,107.2977,-71.4847
300,10004,296,108.7070,-71.3546
300,10004,304,109.2034,-71.3031
300,10004,312,109.7581,-71.2440
300,10004,320,110.0734,-71.2099
300,10004,328,110.3297,-71.1820
300,10004,336,110.9787,-71.1103
300,10004,344,111.1839,-71.0876
300,10004,352,111.9232,-71.0047
300,10004,360,113.0803,-70.8735
300,10004,368,114.3854,-70.7238
300,10004,376,114.5663,-70.7029
300,10004,384,115.2212,-70.6271
300,10004,392,115.6813,-70.5736
300,10004,400,117.8244,-70.3232
300,10004,408,118.3944,-70.2565
300,10004,416,118.9304,-70.1934
300,10004,424,121.0422,-69.9419
300,10004,432,122.4837,-69.7704
300,10004,440,123.7440,-69.6202
300,10004,448,125.3003,-69.4345
300,10004,456,127.9672,-69.1190
300,10004,464,129.1829,-68.9759
300,10004,472,130.0677,-68.8721
300,10004,480,134.0209,-68.4175
300,10004,488,137.5927,-68.0235
300,10004,496,143.4165,-67.4230
300,10004,504,162.4970,-65.9214
300,10004,512,182.5168,-65.1063
300,10004,520,208.5884,-64.7116
300,10004,528,242.6898,-64.5881
300,10004,536,311.2498,-64.5627
300,10004,544,487.9858,-64.5605
300,10004,552,1211.9705,-64.5614
300,10005,0,0.0000,-65.0000
300,10005,8,0.0699,-64.9855
300,10005,16,0.6811,-64.9173
300,10005,24,5.5147,-64.6276
300,10005,32,14.0905,-64.5433
300,10005,40,22.6664,-64.5540
300,10005,48,36.8228,-64.5609
300,10005,56,100.0000,-64.5618
300,10005,64,100.0318,-64.5660
300,10005,72,100.0543,-64.5745
300,10005,80,100.2219,-64.7534
300,10005,88,100.7090,-65.9855
300,10005,96,100.9993,-66.8984
300,10005,104,101.2918,-67.7854
300,10005,112,101.3418,-67.9284
300,10005,120,101.4288,-68.1694
300,10005,128,101.5771,-68.5576
300,10005,136,102.1220,-69.7226
300,10005,144,102.1627,-69.7928
300,10005,152,102.2906,-70.0003
300,10005,160,102.4940,-70.2915
300,10005,168,102.7155,-70.5570
300,10005,176,102.8775,-70.7216
300,10005,184,103.1283,-70.9324
300,10005,192,103.2714,-71.0325
300,10005,200,103.5118,-71.1739
300,10005,208,103.9453,-71.3558
300,10005,216,104.1351,-71.4118
300,10005,224,104.2866,-71.4480
300,10005,232,104.4174,-71.4745
300,10005,240,104.7617,-71.5249
300,10005,248,105.4442,-71.5678
300,10005,256,105.5769,-71.5690
300,10005,264,105.7786,-71.5676
300,10005,272,106.3133,-71.5505
300,10005,280,106.9176,-71.5140
300,10005,288,107.2977,-71.4847
300,10005,296,108.7070,-71.3546
300,10005,304,109.2034,-71.3031
300,10005,312,109.7581,-71.2440
300,10005,320,110.0734,-71.2099
300,10005,328,110.3297,-71.1820
300,10005,336,110.9787,-71.1103
300,10005,344,111.1839,-71.0876
300,10005,352,111.9232,-71.0047
300,10005,360,113.0803,-70.8735
300,10005,368,114.3854,-70.7238
300,10005,376,114.5663,-70.7029
300,10005,384,115.2212,-70.6271
300,10005,392,115.6813,-70.5736
300,10005,400,117.8244,-70.3232
300,10005,408,118.3944,-70.2565
300,10005,416,118.9304,-70.1934
300,10005,424,121.0422,-69.9419
300,10005,432,122.4837,-69.7704
300,10005,440,123.7440,-69.6202
300,10005,448,125.3003,-69.4345
300,10005,456,127.9672,-69.1190
300,10005,464,129.1829,-68.9759
300,10005,472,130.0677,-68.8721
300,10005,480,134.0209,-68.4175
300,10005,488,137.5927,-68.0235
300,10005,496,143.4165,-67.4230
300,10005,504,162.4970,-65.9214
300,10005,512,182.5168,-65.1063
300,10005,520,208.5884,-64.7116
300,10005,528,242.6898,-64.5881
300,10005,536,311.2498,-64.5627
300,10005,544,487.9858,-64.5605
300,10005,552,1211.9705,-64.5614
300,10006,0,0.0000,-65.0000
300,10006,8,0.0699,-64.9855
300,10006,16,0.6811,-64.9173
300,10006,24,5.5147,-64.6276
300,10006,32,14.0905,-64.5433
300,10006,40,22.6664,-64.5540
300,10006,48,36.8228,-64.5609
300,10006,56,100.0000,-64.5618
300,10006,64,100.0318,-64.5660
300,10006,72,100.0543,-64.5745
300,10006,80,100.2219,-64.7534
300,10006,88,100.7090,-65.9855
300,10006,96,100.9993,-66.8984
300,10006,104,101.2918,-67.7854
300,10006,112,101.3418,-67.9284
300,10006,120,101.4288,-68.1694
300,10006,128,101.5771,-68.5576
300,10006,136,102.1220,-69.7226
300,10006,144,102.1627,-69.7928
300,10006,152,102.2906,-70.0003
300,10006,160,102.4940,-70.2915
300,10006,168,102.7155,-70.5570
300,10006,176,102.8775,-70.7216
300,10006,184,103.1283,-70.9324
300,10006,192,103.2714,-71.0325
300,10006,200,103.5118,-71.1739
300,10006,208,103.9453,-71.3558
300,10006,216,104.1351,-71.4118
300,10006,224,104.2866,-71.4480
300,10006,232,104.4174,-71.4745
300,10006,240,104.7617,-71.5249
300,10006,248,105.4442,-71.5678
300,10006,256,105.5769,-71.5690
300,10006,264,105.7786,-71.5676
300,10006,272,106.3133,-71.5505
300,10006,280,106.9176,-71.5140
300,10006,288,107.2977,-71.4847
300,10006,296,108.7070,-71.3546
300,10006,304,109.2034,-71.3031
300,10006,312,109.7581,-71.2440
300,10006,320,110.0734,-71.2099
300,10006,328,110.3297,-71.1820
300,10006,336,110.9787,-71.1103
300,10006,344,111.1839,-71.0876
300,10006,352,111.9232,-71.0047
300,10006,360,113.0803,-70.8735
300,10006,368,114.3854,-70.7238
300,10006,376,114.5663,-70.7029
300,10006,384,115.2212,-70.6271
300,10006,392,115.6813,-70.5736
300,10006,400,117.8244,-70.3232
300,10006,408,118.3944,-70.2565
300,10006,416,118.9304,-70.1934
300,10006,424,121.0422,-69.9419
300,10006,432,122.4837,-69.7704
300,10006,440,123.7440,-69.6202
300,10006,448,125.3003,-69.4345
300,10006,456,127.9672,-69.1190
300,10006,464,129.1829,-68.9759
300,10006,472,130.0677,-68.8721
300,10006,480,134.0209,-68.4175
300,10006,488,137.5927,-68.0235
300,10006,496,143.4165,-67.4230
300,10006,504,162.4970,-65.9214
300,10006,512,182.5168,-65.1063
300,10006,520,208.5884,-64.7116
300,10006,528,242.6898,-64.5881
300,10006,536,311.2498,-64.5627
300,10006,544,487.9858,-64.5605
300,10006,552,1211.9705,-64.5614
300,10007,0,0.0000,-65.0000
300,10007,8,0.0699,-64.9855
300,10007,16,0.6811,-64.9173
300,10007,24,5.5147,-64.6276
300,10007,32,14.0905,-64.5433
300,10007,40,22.6664,-64.5540
300,10007,48,36.8228,-64.5609
300,10007,56,100.0000,-64.5618
300,10007,64,100.0318,-64.5660
300,10007,72,100.0543,-64.5745
300,10007,80,100.2219,-64.7534
300,10007,88,100.7090,-65.9855
300,10007,96,100.9993,-66.8984
300,10007,104,101.2918,-67.7854
300,10007,112,101.3418,-67.9284
300,10007,120,101.4288,-68.1694
300,10007,128,101.5771,-68.5576
300,10007,136,102.1220,-69.7226
300,10007,144,102.1627,-69.7928
300,10007,152,102.2906,-70.0003
300,10007,160,102.4940,-70.2915
300,10007,168,102.7155,-70.5570
300,10007,176,102.8775,-70.7216
300,10007,184,103.1283,-70.9324
300,10007,192,103.2714,-71.0325
300,10007,200,103.5118,-71.1739
300,10007,208,103.9453,-71.3558
300,10007,216,104.1351,-71.4118
300,10007,224,104.2866,-71.4480
300,10007,232,104.4174,-71.4745
300,10007,240,104.7617,-71.5249
300,10007,248,105.4442,-71.5678
300,10007,256,105.5769,-71.5690
300,10007,264,105.7786,-71.5676
300,10007,272,106.3133,-71.5505
300,10007,280,106.9176,-71.5140
300,10007,288,107.2977,-71.4847
300,10007,296,108.7070,-71.3546
300,10007,304,109.2034,-71.3031
300,10007,312,109.7581,-71.2440
300,10007,320,110.0734,-71.2099
300,10007,328,110.3297,-71.1820
300,10007,336,110.9787,-71.1103
300,10007,344,111.1839,-71.0876
300,10007,352,111.9232,-71.0047
300,10007,360,113.0803,-70.8735
300,10007,368,114.3854,-70.7238
300,10007,376,114.5663,-70.7029
300,10007,384,115.2212,-70.6271
300,10007,392,115.6813,-70.5736
300,10007,400,117.8244,-70.3232
300,10007,408,118.3944,-70.2565
300,10007,416,118.9304,-70.1934
300,10007,424,121.0422,-69.9419
300,10007,432,122.4837,-69.7704
300,10007,440,123.7440,-69.6202
300,10007,448,125.3003,-69.4345
300,10007,456,127.9672,-69.1190
300,10007,464,129.1829,-68.9759
300,10007,472,130.0677,-68.8721
300,10007,480,134.0209,-68.4175
300,10007,488,137.5927,-68.0235
300,10007,496,143.4165,-67.4230
300,10007,504,162.4970,-65.9214
300,10007,512,182.5168,-65.1063
300,10007,520,208.5884,-64.7116
300,10007,528,242.6898,-64.5881
300,10007,536,311.2498,-64.5627
300,10007,544,487.9858,-64.5605
300,10007,552,1211.9705,-64.5614
300,10008,0,0.0000,-65.0000
300,10008,8,0.0699,-64.9855
300,10008,16,0.6811,-64.9173
300,10008,24,5.5147,-64.6276
300,10008,32,14.0905,-64.5433
300,10008,40,22.6664,-64.5540
300,10008,48,36.8228,-64.5609
300,10008,56,100.0000,-64.5618
300,10008,64,100.0318,-64.5660
300,10008,72,100.0543,-64.5745
300,10008,80,100.2219,-64.7534
300,10008,88,100.7090,-65.9855
300,10008,96,100.9993,-66.8984
300,10008,104,101.2918,-67.7854
300,10008,112,101.3418,-67.9284
300,10008,120,101.4288,-68.1694
300,10008,128,101.5771,-68.5576
300,10008,136,102.1220,-69.7226
300,10008,144,102.1627,-69.7928
300,10008,152,102.2906,-70.0003
300,10008,160,102.4940,-70.2915
300,10008,168,102.7155,-70.5570
300,10008,176,102.8775,-70.7216
300,10008,184,103.1283,-70.9324
300,10008,192,103.2714,-71.0325
300,10008,200,103.5118,-71.1739
300,10008,208,103.9453,-71.3558
300,10008,216,104.1351,-71.4118
300,10008,224,104.2866,-71.4480
300,10008,232,104.4174,-71.4745
300,10008,240,104.7617,-71.5249
300,10008,248,105.4442,-71.5678
300,10008,256,105.5769,-71.5690
300,10008,264,105.7786,-71.5676
300,10008,272,106.3133,-71.5505
300,10008,280,106.9176,-71.5140
300,10008,288,107.2977,-71.4847
300,10008,296,108.7070,-71.3546
300,10008,304,109.2034,-71.3031
300,10008,312,109.7581,-71.2440
300,10008,320,110.0734,-71.2099
300,10008,328,110.3297,-71.1820
300,10008,336,110.9787,-71.1103
300,10008,344,111.1839,-71.0876
300,10008,352,111.9232,-71.0047
300,10008,360,113.0803,-70.8735
300,10008,368,114.3854,-70.7238
300,10008,376,114.5663,-70.7029
300,10008,384,115.2212,-70.6271
300,10008,392,115.6813,-70.5736
300,10008,400,117.8244,-70.3232
300,10008,408,118.3944,-70.2565
300,10008,416,118.9304,-70.1934
300,10008,424,121.0422,-69.9419
300,10008,432,122.4837,-69.7704
300,10008,440,123.7440,-69.6202
300,10008,448,125.3003,-69.4345
300,10008,456,127.9672,-69.1190
300,10008,464,129.1829,-68.9759
300,10008,472,130.0677,-68.8721
300,10008,480,134.0209,-68.4175
300,10008,488,137.5927,-68.0235
300,10008,496,143.4165,-67.4230
300,10008,504,162.4970,-65.9214
300,10008,512,182.5168,-65.1063
300,10008,520,208.5884,-64.7116
300,10008,528,242.6898,-64.5881
300,10008,536,311.2498,-64.5627
300,10008,544,487.9858,-64.5605
300,10008,552,1211.9705,-64.5614
300,10009,0,0.0000,-65.0000
300,10009,8,0.0699,-64.9855
300,10009,16,0.6811,-64.9173
300,10009,24,5.5147,-64.6276
300,10009,32,14.0905,-64.5433
300,10009,40,22.6664,-64.5540
300,10009,48,36.8228,-64.5609
300,10009,56,100.0000,-64.5618
300,10009,64,100.0318,-64.5660
300,10009,72,100.0543,-64.5745
300,10009,80,100.2219,-64.7534
300,10009,88,100.7090,-65.9855
300,10009,96,100.9993,-66.8984
300,10009,104,101.2918,-67.7854
300,10009,112,101.3418,-67.9284
300,10009,120,101.4288,-68.1694
300,10009,128,101.5771,-68.5576
300,10009,136,102.1220,-69.7226
300,10009,144,102.1627,-69.7928
300,10009,152,102.2906,-70.0003
300,10009,160,102.4940,-70.2915
300,10009,168,102.7155,-70.5570
300,10009,176,102.8775,-70.7216
300,10009,184,103.1283,-70.9324
300,10009,192,103.2714,-71.0325
300,10009,200,103.5118,-71.1739
300,10009,208,103.9453,-71.3558
300,10009,216,104.1351,-71.4118
300,10009,224,104.2866,-71.4480
300,10009,232,104.4174,-71.4745
300,10009,240,104.7617,-71.5249
300,10009,248,105.4442,-71.5678
300,10009,256,105.5769,-71.5690
300,10009,264,105.7786,-71.5676
300,10009,272,106.3133,-71.5505
300,10009,280,106.9176,-71.5140
300,10009,288,107.2977,-71.4847
300,10009,296,108.7070,-71.3546
300,10009,304,109.2034,-71.3031
300,10009,312,109.7581,-71.2440
300,10009,320,110.0734,-71.2099
300,10009,328,110.3297,-71.1820
300,10009,336,110.9787,-71.1103
300,10009,344,111.1839,-71.0876
300,10009,352,111.9232,-71.0047
300,10009,360,113.0803,-70.8735
300,10009,368,114.3854,-70.7238
300,10009,376,114.5663,-70.7029
300,10009,384,115.2212,-70.6271
300,10009,392,115.6813,-70.5736
300,10009,400,117.8244,-70.3232
300,10009,408,118.3944,-70.2565
300,10009,416,118.9304,-70.1934
300,10009,424,121.0422,-69.9419
300,10009,432,122.4837,-69.7704
300,10009,440,123.7440,-69.6202
300,10009,448,125.3003,-69.4345
300,10009,456,127.9672,-69.1190
300,10009,464,129.1829,-68.9759
300,10009,472,130.0677,-68.8721
300,10009,480,134.0209,-68.4175
300,10009,488,137.5927,-68.0235
300,10009,496,143.4165,-67.4230
300,10009,504,162.4970,-65.9214
300,10009,512,182.5168,-65.1063
300,10009,520,208.5884,-64.7116
300,10009,528,242.6898,-64.5881
300,10009,536,311.2498,-64.5627
300,10009,544,487.9858,-64.5605
300,10009,552,1211.9705,-64.5614
300,10010,0,0.0000,-65.0000
300,10010,8,0.0699,-64.9855
300,10010,16,0.6811,-64.9173
300,10010,24,5.5147,-64.6276
300,10010,32,14.0905,-64.5433
300,10010,40,22.6664,-64.5540
300,10010,48,36.8228,-64.5609
300,10010,56,100.0000,-64.5618
300,10010,64,100.0318,-64.5660
300,10010,72,100.0543,-64.5745
300,10010,80,100.2219,-64.7534
300,10010,88,100.7090,-65.9855
300,10010,96,100.9993,-66.8984
300,10010,104,101.2918,-67.7854
300,10010,112,101.3418,-67.9284
300,10010,120,101.4288,-68.1694
300,10010,128,101.5771,-68.5576
300,10010,136,102.1220,-69.7226
300,10010,144,102.1627,-69.7928
300,10010,152,102.2906,-70.0003
300,10010,160,102.4940,-70.2915
300,10010,168,102.7155,-70.5570
300,10010,176,102.8775,-70.7216
300,10010,184,103.1283,-70.9324
300,10010,192,103.2714,-71.0325
300,10010,200,103.5118,-71.1739
300,10010,208,103.9453,-71.3558
300,10010,216,104.1351,-71.4118
300,10010,224,104.2866,-71.4480
300,10010,232,104.4174,-71.4745
300,10010,240,104.7617,-71.5249
300,10010,248,105.4442,-71.5678
300,10010,256,105.5769,-71.5690
300,10010,264,105.7786,-71.5676
300,10010,272,106.3133,-71.5505
300,10010,280,106.9176,-71.5140
300,10010,288,107.2977,-71.4847
300,10010,296,108.7070,-71.3546
300,10010,304,109.2034,-71.3031
300,10010,312,109.7581,-71.2440
300,10010,320,110.0734,-71.2099
300,10010,328,110.3297,-71.1820
300,10010,336,110.9787,-71.1103
300,10010,344,111.1839,-71.0876
300,10010,352,111.9232,-71.0047
300,10010,360,113.0803,-70.8735
300,10010,368,114.3854,-70.7238
300,10010,376,114.5663,-70.7029
300,10010,384,115.2212,-70.6271
300,10010,392,115.6813,-70.5736
300,10010,400,117.8244,-70.3232
300,10010,408,118.3944,-70.2565
300,10010,416,118.9304,-70.1934
300,10010,424,121.0422,-69.9419
300,10010,432,122.4837,-69.7704
300,10010,440,123.7440,-69.6202
300,10010,448,125.3003,-69.4345
300,10010,456,127.9672,-69.1190
300,10010,464,129.1829,-68.9759
300,10010,472,130.0677,-68.8721
300,10010,480,134.0209,-68.4175
300,10010,488,137.5927,-68.0235
300,10010,496,143.4165,-67.4230
300,10010,504,162.4970,-65.9214
300,10010,512,182.5168,-65.1063
300,10010,520,208.5884,-64.7116
300,10010,528,242.6898,-64.5881
300,10010,536,311.2498,-64.5627
300,10010,544,487.9858,-64.5605
300,10010,552,1211.9705,-64.5614
330,11001,0,0.0000,-65.0000
330,11001,8,0.0699,-64.9855
330,11001,16,0.6811,-64.9173
330,11001,24,5.5147,-64.6276
330,11001,32,14.0905,-64.5433
330,11001,40,22.6664,-64.5540
330,11001,48,36.8228,-64.5609
330,11001,56,100.0000,-64.5618
330,11001,64,100.0501,-64.5720
330,11001,72,100.0800,-64.5880
330,11001,80,100.1235,-64.6225
330,11001,88,100.3424,-64.9602
330,11001,96,100.7159,-65.9302
330,11001,104,100.9941,-66.7668
330,11001,112,101.3052,-67.6758
330,11001,120,101.7031,-68.6934
330,11001,128,101.8818,-69.0817
330,11001,136,101.9896,-69.2954
330,11001,144,102.2733,-69.7895
330,11001,152,102.7498,-70.4152
330,11001,160,102.8423,-70.5097
330,11001,168,103.0350,-70.6855
330,11001,176,103.2623,-70.8580
330,11001,184,103.4625,-70.9817
330,11001,192,103.7134,-71.1071
330,11001,200,103.8360,-71.1576
330,11001,208,104.0166,-71.2212
330,11001,216,104.5655,-71.3535
330,11001,224,104.7340,-71.3783
330,11001,232,105.1581,-71.4179
330,11001,240,106.0301,-71.4308
330,11001,248,106.4787,-71.4127
330,11001,256,106.8580,-71.3897
330,11001,264,107.4914,-71.3409
330,11001,272,107.7697,-71.3165
330,11001,280,108.2355,-71.2728
330,11001,288,108.5833,-71.2384
330,11001,296,108.9842,-71.1974
330,11001,304,109.3528,-71.1586
330,11001,312,109.6074,-71.1314
330,11001,320,109.8871,-71.1012
330,11001,328,110.1090,-71.0770
330,11001,336,111.0363,-70.9740
330,11001,344,112.2931,-70.8314
330,11001,352,112.9599,-70.7548
330,11001,360,113.0626,-70.7429
330,11001,368,113.6833,-70.6712
330,11001,376,113.9150,-70.6443
330,11001,384,114.4255,-70.5848
330,11001,392,114.6156,-70.5626
330,11001,400,115.8016,-70.4237
330,11001,408,115.8840,-70.4140
330,11001,416,117.2115,-70.2579
330,11001,424,117.9257,-70.1734
330,11001,432,118.1552,-70.1462
330,11001,440,119.2030,-70.0219
330,11001,448,120.1940,-69.9038
330,11001,456,121.1159,-69.7937
330,11001,464,125.2169,-69.3090
330,11001,472,126.5194,-69.1559
330,11001,480,126.8019,-69.1227
330,11001,488,131.1592,-68.6142
330,11001,496,144.0016,-67.2430
330,11001,504,165.3814,-65.6845
330,11001,512,185.9040,-64.9945
330,11001,520,222.2654,-64.6329
330,11001,528,269.6239,-64.5679
330,11001,536,316.9825,-64.5626
330,11001,544,364.3410,-64.5611
330,11001,552,411.6996,-64.5618
330,11001,560,459.0581,-64.5611
330,11001,568,521.7288,-64.5605
330,11001,576,1004.5504,-64.5612
330,11002,0,0.0000,-65.0000
330,11002,8,0.0699,-64.9855
330,11002,16,0.6811,-64.9173
330,11002,24,5.5147,-64.6276
330,11002,32,14.0905,-64.5433
330,11002,40,22.6664,-64.5540
330,11002,48,36.8228,-64.5609
330,11002,56,100.0000,-64.5618
330,11002,64,100.0501,-64.5720
330,11002,72,100.0800,-64.5880
330,11002,80,100.1235,-64.6225
330,11002,88,100.3424,-64.9602
330,11002,96,100.7159,-65.9302
330,11002,104,100.9941,-66.7668
330,11002,112,101.3052,-67.6758
330,11002,120,101.7031,-68.6934
330,11002,128,101.8818,-69.0817
330,11002,136,101.9896,-69.2954
330,11002,144,102.2733,-69.7895
330,11002,152,102.7498,-70.4152
330,11002,160,102.8423,-70.5097
330,11002,168,103.0350,-70.6855
330,11002,176,103.2623,-70.8580
330,11002,184,103.4625,-70.9817
330,11002,192,103.7134,-71.1071
330,11002,200,103.8360,-71.1576
330,11002,208,104.0166,-71.2212
330,11002,216,104.5655,-71.3535
330,11002,224,104.7340,-71.3783
330,11002,232,105.1581,-71.4179
330,11002,240,106.0301,-71.4308
330,11002,248,106.4787,-71.4127
330,11002,256,106.8580,-71.3897
330,11002,264,107.4914,-71.3409
330,11002,272,107.7697,-71.3165
330,11002,280,108.2355,-71.2728
330,11002,288,108.5833,-71.2384
330,11002,296,108.9842,-71.1974
330,11002,304,109.3528,-71.1586
330,11002,312,109.6074,-71.1314
330,11002,320,109.8871,-71.1012
330,11002,328,110.1090,-71.0770
330,11002,336,111.0363,-70.9740
330,11002,344,112.2931,-70.8314
330,11002,352,112.9599,-70.7548
330,11002,360,113.0626,-70.7429
330,11002,368,113.6833,-70.6712
330,11002,376,113.9150,-70.6443
330,11002,384,114.4255,-70.5848
330,11002,392,114.6156,-70.5626
330,11002,400,115.8016,-70.4237
330,11002,408,115.8840,-70.4140
330,11002,416,117.2115,-70.2579
330,11002,424,117.9257,-70.1734
330,11002,432,118.1552,-70.1462
330,11002,440,119.2030,-70.0219
330,11002,448,120.1940,-69.9038
330,11002,456,121.1159,-69.7937
330,11002,464,125.2169,-69.3090
330,11002,472,126.5194,-69.1559
330,11002,480,126.8019,-69.1227
330,11002,488,131.1592,-68.6142
330,11002,496,144.0016,-67.2430
330,11002,504,165.3814,-65.6845
330,11002,512,185.9040,-64.9945
330,11002,520,222.2654,-64.6329
330,11002,528,269.6239,-64.5679
330,11002,536,316.9825,-64.5626
330,11002,544,364.3410,-64.5611
330,11002,552,411.6996,-64.5618
330,11002,560,459.0581,-64.5611
330,11002,568,521.7288,-64.5605
330,11002,576,1004.5504,-64.5612
330,11003,0,0.0000,-65.0000
330,11003,8,0.0699,-64.9855
330,11003,16,0.6811,-64.9173
330,11003,24,5.5147,-64.6276
330,11003,32,14.0905,-64.5433
330,11003,40,22.6664,-64.5540
330,11003,48,36.8228,-64.5609
330,11003,56,100.0000,-64.5618
330,11003,64,100.0501,-64.5720
330,11003,72,100.0800,-64.5880
330,11003,80,100.1235,-64.6225
330,11003,88,100.3424,-64.9602
330,11003,96,100.7159,-65.9302
330,11003,104,100.9941,-66.7668
330,11003,112,101.3052,-67.6758
330,11003,120,101.7031,-68.6934
330,11003,128,101.8818,-69.0817
330,11003,136,101.9896,-69.2954
330,11003,144,102.2733,-69.7895
330,11003,152,102.7498,-70.4152
330,11003,160,102.8423,-70.5097
330,11003,168,103.0350,-70.6855
330,11003,176,103.2623,-70.8580
330,11003,184,103.4625,-70.9817
330,11003,192,103.7134,-71.1071
330,11003,200,103.8360,-71.1576
330,11003,208,104.0166,-71.2212
330,11003,216,104.5655,-71.3535
330,11003,224,104.7340,-71.3783
330,11003,232,105.1581,-71.4179
330,11003,240,106.0301,-71.4308
330,11003,248,106.4787,-71.4127
330,11003,256,106.8580,-71.3897
330,11003,264,107.4914,-71.3409
330,11003,272,107.7697,-71.3165
330,11003,280,108.2355,-71.2728
330,11003,288,108.5833,-71.2384
330,11003,296,108.9842,-71.1974
330,11003,304,109.3528,-71.1586
330,11003,312,109.6074,-71.1314
330,11003,320,109.8871,-71.1012
330,11003,328,110.1090,-71.0770
330,11003,336,111.0363,-70.9740
330,11003,344,112.2931,-70.8314
330,11003,352,112.9599,-70.7548
330,11003,360,113.0626,-70.7429
330,11003,368,113.6833,-70.6712
330,11003,376,113.9150,-70.6443
330,11003,384,114.4255,-70.5848
330,11003,392,114.6156,-70.5626
330,11003,400,115.8016,-70.4237
330,11003,408,115.8840,-70.4140
330,11003,416,117.2115,-70.2579
330,11003,424,117.9257,-70.1734
330,11003,432,118.1552,-70.1462
330,11003,440,119.2030,-70.0219
330,11003,448,120.1940,-69.9038
330,11003,456,121.1159,-69.7937
330,11003,464,125.2169,-69.3090
330,11003,472,126.5194,-69.1559
330,11003,480,126.8019,-69.1227
330,11003,488,131.1592,-68.6142
330,11003,496,144.0016,-67.2430
330,11003,504,165.3814,-65.6845
330,11003,512,185.9040,-64.9945
330,11003,520,222.2654,-64.6329
330,11003,528,269.6239,-64.5679
330,11003,536,316.9825,-64.5626
330,11003,544,364.3410,-64.5611
330,11003,552,411.6996,-64.5618
330,11003,560,459.0581,-64.5611
330,11003,568,521.7288,-64.5605
330,11003,576,1004.5504,-64.5612
330,11004,0,0.0000,-65.0000
330,11004,8,0.0699,-64.9855
330,11004,16,0.6811,-64.9173
330,11004,24,5.5147,-64.6276
330,11004,32,14.0905,-64.5433
330,11004,40,22.6664,-64.5540
330,11004,48,36.8228,-64.5609
330,11004,56,100.0000,-64.5618
330,11004,64,100.0501,-64.5720
330,11004,72,100.0800,-64.5880
330,11004,80,100.1235,-64.6225
330,11004,88,100.3424,-64.9602
330,11004,96,100.7159,-65.9302
330,11004,104,100.9941,-66.7668
330,11004,112,101.3052,-67.6758
330,11004,120,101.7031,-68.6934
330,11004,128,101.8818,-69.0817
330,11004,136,101.9896,-69.2954
330,11004,144,102.2733,-69.7895
330,11004,152,102.7498,-70.4152
330,11004,160,102.8423,-70.5097
330,11004,168,103.0350,-70.6855
330,11004,176,103.2623,-70.8580
330,11004,184,103.4625,-70.9817
330,11004,192,103.7134,-71.1071
330,11004,200,103.8360,-71.1576
330,11004,208,104.0166,-71.2212
330,11004,216,104.5655,-71.3535
330,11004,224,104.7340,-71.3783
330,11004,232,105.1581,-71.4179
330,11004,240,106.0301,-71.4308
330,11004,248,106.4787,-71.4127
330,11004,256,106.8580,-71.3897
330,11004,264,107.4914,-71.3409
330,11004,272,107.7697,-71.3165
330,11004,280,108.2355,-71.2728
330,11004,288,108.5833,-71.2384
330,11004,296,108.9842,-71.1974
330,11004,304,109.3528,-71.1586
330,11004,312,109.6074,-71.1314
330,11004,320,109.8871,-71.1012
330,11004,328,110.1090,-71.0770
330,11004,336,111.0363,-70.9740
330,11004,344,112.2931,-70.8314
330,11004,352,112.9599,-70.7548
330,11004,360,113.0626,-70.7429
330,11004,368,113.6833,-70.6712
330,11004,376,113.9150,-70.6443
330,11004,384,114.4255,-70.5848
330,11004,392,114.6156,-70.5626
330,11004,400,115.8016,-70.4237
330,11004,408,115.8840,-70.4140
330,11004,416,117.2115,-70.2579
330,11004,424,117.9257,-70.1734
330,11004,432,118.1552,-70.1462
330,11004,440,119.2030,-70.0219
330,11004,448,120.1940,-69.9038
330,11004,456,121.1159,-69.7937
330,11004,464,125.2169,-69.3090
330,11004,472,126.5194,-69.1559
330,11004,480,126.8019,-69.1227
330,11004,488,131.1592,-68.6142
330,11004,496,144.0016,-67.2430
330,11004,504,165.3814,-65.6845
330,11004,512,185.9040,-64.9945
330,11004,520,222.2654,-64.6329
330,11004,528,269.6239,-64.5679
330,11004,536,316.9825,-64.5626
330,11004,544,364.3410,-64.5611
330,11004,552,411.6996,-64.5618
330,11004,560,459.0581,-64.5611
330,11004,568,521.7288,-64.5605
330,11004,576,1004.5504,-64.5612
330,11005,0,0.0000,-65.0000
330,11005,8,0.0699,-64.9855
330,11005,16,0.6811,-64.9173
330,11005,24,5.5147,-64.6276
330,11005,32,14.0905,-64.5433
330,11005,40,22.6664,-64.5540
330,11005,48,36.8228,-64.5609
330,11005,56,100.0000,-64.5618
330,11005,64,100.0501,-64.5720
330,11005,72,100.0800,-64.5880
330,11005,80,100.1235,-64.6225
330,11005,88,100.3424,-64.9602
330,11005,96,100.7159,-65.9302
330,11005,104,100.9941,-66.7668
330,11005,112,101.3052,-67.6758
330,11005,120,101.7031,-68.6934
330,11005,128,101.8818,-69.0817
330,11005,136,101.9896,-69.2954
330,11005,144,102.2733,-69.7895
330,11005,152,102.7498,-70.4152
330,11005,160,102.8423,-70.5097
330,11005,168,103.0350,-70.6855
330,11005,176,103.2623,-70.8580
330,11005,184,103.4625,-70.9817
330,11005,192,103.7134,-71.1071
330,11005,200,103.8360,-71.1576
330,11005,208,104.0166,-71.2212
330,11005,216,104.5655,-71.3535
330,11005,224,104.7340,-71.3783
330,11005,232,105.1581,-71.4179
330,11005,240,106.0301,-71.4308
330,11005,248,106.4787,-71.4127
330,11005,256,106.8580,-71.3897
330,11005,264,107.4914,-71.3409
330,11005,272,107.7697,-71.3165
330,11005,280,108.2355,-71.2728
330,11005,288,108.5833,-71.2384
330,11005,296,108.9842,-71.1974
330,11005,304,109.3528,-71.1586
330,11005,312,109.6074,-71.1314
330,11005,320,109.8871,-71.1012
330,11005,328,110.1090,-71.0770
330,11005,336,111.0363,-70.9740
330,11005,344,112.2931,-70.8314
330,11005,352,112.9599,-70.7548
330,11005,360,113.0626,-70.7429
330,11005,368,113.6833,-70.6712
330,11005,376,113.9150,-70.6443
330,11005,384,114.4255,-70.5848
330,11005,392,114.6156,-70.5626
330,11005,400,115.8016,-70.4237
330,11005,408,115.8840,-70.4140
330,11005,416,117.2115,-70.2579
330,11005,424,117.9257,-70.1734
330,11005,432,118.1552,-70.1462
330,11005,440,119.2030,-70.0219
330,11005,448,120.1940,-69.9038
330,11005,456,121.1159,-69.7937
330,11005,464,125.2169,-69.3090
330,11005,472,126.5194,-69.1559
330,11005,480,126.8019,-69.1227
330,11005,488,131.1592,-68.6142
330,11005,496,144.0016,-67.2430
330,11005,504,165.3814,-65.6845
330,11005,512,185.9040,-64.9945
330,11005,520,222.2654,-64.6329
330,11005,528,269.6239,-64.5679
330,11005,536,316.9825,-64.5626
330,11005,544,364.3410,-64.5611
330,11005,552,411.6996,-64.5618
330,11005,560,459.0581,-64.5611
330,11005,568,521.7288,-64.5605
330,11005,576,1004.5504,-64.5612
330,11006,0,0.0000,-65.0000
330,11006,8,0.0699,-64.9855
330,11006,16,0.6811,-64.9173
330,11006,24,5.5147,-64.6276
330,11006,32,14.0905,-64.5433
330,11006,40,22.6664,-64.5540
330,11006,48,36.8228,-64.5609
330,11006,56,100.0000,-64.5618
330,11006,64,100.0501,-64.5720
330,11006,72,100.0800,-64.5880
330,11006,80,100.1235,-64.6225
330,11006,88,100.3424,-64.9602
330,11006,96,100.7159,-65.9302
330,11006,104,100.9941,-66.7668
330,11006,112,101.3052,-67.6758
330,11006,120,101.7031,-68.6934
330,11006,128,101.8818,-69.0817
330,11006,136,101.9896,-69.2954
330,11006,144,102.2733,-69.7895
330,11006,152,102.7498,-70.4152
330,11006,160,102.8423,-70.5097
330,11006,168,103.0350,-70.6855
330,11006,176,103.2623,-70.8580
330,11006,184,103.4625,-70.9817
330,11006,192,103.7134,-71.1071
330,11006,200,103.8360,-71.1576
330,11006,208,104.0166,-71.2212
330,11006,216,104.5655,-71.3535
330,11006,224,104.7340,-71.3783
330,11006,232,105.1581,-71.4179
330,11006,240,106.0301,-71.4308
330,11006,248,106.4787,-71.4127
330,11006,256,106.8580,-71.3897
330,11006,264,107.4914,-71.3409
330,11006,272,107.7697,-71.3165
330,11006,280,108.2355,-71.2728
330,11006,288,108.5833,-71.2384
330,11006,296,108.9842,-71.1974
330,11006,304,109.3528,-71.1586
330,11006,312,109.6074,-71.1314
330,11006,320,109.8871,-71.1012
330,11006,328,110.1090,-71.0770
330,11006,336,111.0363,-70.9740
330,11006,344,112.2931,-70.8314
330,11006,352,112.9599,-70.7548
330,11006,360,113.0626,-70.7429
330,11006,368,113.6833,-70.6712
330,11006,376,113.9150,-70.6443
330,11006,384,114.4255,-70.5848
330,11006,392,114.6156,-70.5626
330,11006,400,115.8016,-70.4237
330,11006,408,115.8840,-70.4140
330,11006,416,117.2115,-70.2579
330,11006,424,117.9257,-70.1734
330,11006,432,118.1552,-70.1462
330,11006,440,119.2030,-70.0219
330,11006,448,120.1940,-69.9038
330,11006,456,121.1159,-69.7937
330,11006,464,125.2169,-69.3090
330,11006,472,126.5194,-69.1559
330,11006,480,126.8019,-69.1227
330,11006,488,131.1592,-68.6142
330,11006,496,144.0016,-67.2430
330,11006,504,165.3814,-65.6845
330,11006,512,185.9040,-64.9945
330,11006,520,222.2654,-64.6329
330,11006,528,269.6239,-64.5679
330,11006,536,316.9825,-64.5626
330,11006,544,364.3410,-64.5611
330,11006,552,411.6996,-64.5618
330,11006,560,459.0581,-64.5611
330,11006,568,521.7288,-64.5605
330,11006,576,1004.5504,-64.5612
330,11007,0,0.0000,-65.0000
330,11007,8,0.0699,-64.9855
330,11007,16,0.6811,-64.9173
330,11007,24,5.5147,-64.6276
330,11007,32,14.0905,-64.5433
330,11007,40,22.6664,-64.5540
330,11007,48,36.8228,-64.5609
330,11007,56,100.0000,-64.5618
330,11007,64,100.0501,-64.5720
330,11007,72,100.0800,-64.5880
330,11007,80,100.1235,-64.6225
330,11007,88,100.3424,-64.9602
330,11007,96,100.7159,-65.9302
330,11007,104,100.9941,-66.7668
330,11007,112,101.3052,-67.6758
330,11007,120,101.7031,-68.6934
330,11007,128,101.8818,-69.0817
330,11007,136,101.9896,-69.2954
330,11007,144,102.2733,-69.7895
330,11007,152,102.7498,-70.4152
330,11007,160,102.8423,-70.5097
330,11007,168,103.0350,-70.6855
330,11007,176,103.2623,-70.8580
330,11007,184,103.4625,-70.9817
330,11007,192,103.7134,-71.1071
330,11007,200,103.8360,-71.1576
330,11007,208,104.0166,-71.2212
330,11007,216,104.5655,-71.3535
330,11007,224,104.7340,-71.3783
330,11007,232,105.1581,-71.4179
330,11007,240,106.0301,-71.4308
330,11007,248,106.4787,-71.4127
330,11007,256,106.8580,-71.3897
330,11007,264,107.4914,-71.3409
330,11007,272,107.7697,-71.3165
330,11007,280,108.2355,-71.2728
330,11007,288,108.5833,-71.2384
330,11007,296,108.9842,-71.1974
330,11007,304,109.3528,-71.1586
330,11007,312,109.6074,-71.1314
330,11007,320,109.8871,-71.1012
330,11007,328,110.1090,-71.0770
330,11007,336,111.0363,-70.9740
330,11007,344,112.2931,-70.8314
330,11007,352,112.9599,-70.7548
330,11007,360,113.0626,-70.7429
330,11007,368,113.6833,-70.6712
330,11007,376,113.9150,-70.6443
330,11007,384,114.4255,-70.5848
330,11007,392,114.6156,-70.5626
330,11007,400,115.8016,-70.4237
330,11007,408,115.8840,-70.4140
330,11007,416,117.2115,-70.2579
330,11007,424,117.9257,-70.1734
330,11007,432,118.1552,-70.1462
330,11007,440,119.2030,-70.0219
330,11007,448,120.1940,-69.9038
330,11007,456,121.1159,-69.7937
330,11007,464,125.2169,-69.3090
330,11007,472,126.5194,-69.1559
330,11007,480,126.8019,-69.1227
330,11007,488,131.1592,-68.6142
330,11007,496,144.0016,-67.2430
330,11007,504,165.3814,-65.6845
330,11007,512,185.9040,-64.9945
330,11007,520,222.2654,-64.6329
330,11007,528,269.6239,-64.5679
330,11007,536,316.9825,-64.5626
330,11007,544,364.3410,-64.5611
330,11007,552,411.6996,-64.5618
330,11007,560,459.0581,-64.5611
330,11007,568,521.7288,-64.5605
330,11007,576,1004.5504,-64.5612
330,11008,0,0.0000,-65.0000
330,11008,8,0.0699,-64.9855
330,11008,16,0.6811,-64.9173
330,11008,24,5.5147,-64.6276
330,11008,32,14.0905,-64.5433
330,11008,40,22.6664,-64.5540
330,11008,48,36.8228,-64.5609
330,11008,56,100.0000,-64.5618
330,11008,64,100.0501,-64.5720
330,11008,72,100.0800,-64.5880
330,11008,80,100.1235,-64.6225
330,11008,88,100.3424,-64.9602
330,11008,96,100.7159,-65.9302
330,11008,104,100.9941,-66.7668
330,11008,112,101.3052,-67.6758
330,11008,120,101.7031,-68.6934
330,11008,128,101.8818,-69.0817
330,11008,136,101.9896,-69.2954
330,11008,144,102.2733,-69.7895
330,11008,152,102.7498,-70.4152
330,11008,160,102.8423,-70.5097
330,11008,168,103.0350,-70.6855
330,11008,176,103.2623,-70.8580
330,11008,184,103.4625,-70.9817
330,11008,192,103.7134,-71.1071
330,11008,200,103.8360,-71.1576
330,11008,208,104.0166,-71.2212
330,11008,216,104.5655,-71.3535
330,11008,224,104.7340,-71.3783
330,11008,232,105.1581,-71.4179
330,11008,240,106.0301,-71.4308
330,11008,248,106.4787,-71.4127
330,11008,256,106.8580,-71.3897
330,11008,264,107.4914,-71.3409
330,11008,272,107.7697,-71.3165
330,11008,280,108.2355,-71.2728
330,11008,288,108.5833,-71.2384
330,11008,296,108.9842,-71.1974
330,11008,304,109.3528,-71.1586
330,11008,312,109.6074,-71.1314
330,11008,320,109.8871,-71.1012
330,11008,328,110.1090,-71.0770
330,11008,336,111.0363,-70.9740
330,11008,344,112.2931,-70.8314
330,11008,352,112.9599,-70.7548
330,11008,360,113.0626,-70.7429
330,11008,368,113.6833,-70.6712
330,11008,376,113.9150,-70.6443
330,11008,384,114.4255,-70.5848
330,11008,392,114.6156,-70.5626
330,11008,400,115.8016,-70.4237
330,11008,408,115.8840,-70.4140
330,11008,416,117.2115,-70.2579
330,11008,424,117.9257,-70.1734
330,11008,432,118.1552,-70.1462
330,11008,440,119.2030,-70.0219
330,11008,448,120.1940,-69.9038
330,11008,456,121.1159,-69.7937
330,11008,464,125.2169,-69.3090
330,11008,472,126.5194,-69.1559
330,11008,480,126.8019,-69.1227
330,11008,488,131.1592,-68.6142
330,11008,496,144.0016,-67.2430
330,11008,504,165.3814,-65.6845
330,11008,512,185.9040,-64.9945
330,11008,520,222.2654,-64.6329
330,11008,528,269.6239,-64.5679
330,11008,536,316.9825,-64.5626
330,11008,544,364.3410,-64.5611
330,11008,552,411.6996,-64.5618
330,11008,560,459.0581,-64.5611
330,11008,568,521.7288,-64.5605
330,11008,576,1004.5504,-64.5612
330,11009,0,0.0000,-65.0000
330,11009,8,0.0699,-64.9855
330,11009,16,0.6811,-64.9173
330,11009,24,5.5147,-64.6276
330,11009,32,14.0905,-64.5433
330,11009,40,22.6664,-64.5540
330,11009,48,36.8228,-64.5609
330,11009,56,100.0000,-64.5618
330,11009,64,100.0501,-64.5720
330,11009,72,100.0800,-64.5880
330,11009,80,100.1235,-64.6225
330,11009,88,100.3424,-64.9602
330,11009,96,100.7159,-65.9302
330,11009,104,100.9941,-66.7668
330,11009,112,101.3052,-67.6758
330,11009,120,101.7031,-68.6934
330,11009,128,101.8818,-69.0817
330,11009,136,101.9896,-69.2954
330,11009,144,102.2733,-69.7895
330,11009,152,102.7498,-70.4152
330,11009,160,102.8423,-70.5097
330,11009,168,103.0350,-70.6855
330,11009,176,103.2623,-70.8580
330,11009,184,103.4625,-70.9817
330,11009,192,103.7134,-71.1071
330,11009,200,103.8360,-71.1576
330,11009,208,104.0166,-71.2212
330,11009,216,104.5655,-71.3535
330,11009,224,104.7340,-71.3783
330,11009,232,105.1581,-71.4179
330,11009,240,106.0301,-71.4308
330,11009,248,106.4787,-71.4127
330,11009,256,106.8580,-71.3897
330,11009,264,107.4914,-71.3409
330,11009,272,107.7697,-71.3165
330,11009,280,108.2355,-71.2728
330,11009,288,108.5833,-71.2384
330,11009,296,108.9842,-71.1974
330,11009,304,109.3528,-71.1586
330,11009,312,109.6074,-71.1314
330,11009,320,109.8871,-71.1012
330,11009,328,110.1090,-71.0770
330,11009,336,111.0363,-70.9740
330,11009,344,112.2931,-70.8314
330,11009,352,112.9599,-70.7548
330,11009,360,113.0626,-70.7429
330,11009,368,113.6833,-70.6712
330,11009,376,113.9150,-70.6443
330,11009,384,114.4255,-70.5848
330,11009,392,114.6156,-70.5626
330,11009,400,115.8016,-70.4237
330,11009,408,115.8840,-70.4140
330,11009,416,117.2115,-70.2579
330,11009,424,117.9257,-70.1734
330,11009,432,118.1552,-70.1462
330,11009,440,119.2030,-70.0219
330,11009,448,120.1940,-69.9038
330,11009,456,121.1159,-69.7937
330,11009,464,125.2169,-69.3090
330,11009,472,126.5194,-69.1559
330,11009,480,126.8019,-69.1227
330,11009,488,131.1592,-68.6142
330,11009,496,144.0016,-67.2430
330,11009,504,165.3814,-65.6845
330,11009,512,185.9040,-64.9945
330,11009,520,222.2654,-64.6329
330,11009,528,269.6239,-64.5679
330,11009,536,316.9825,-64.5626
330,11009,544,364.3410,-64.5611
330,11009,552,411.6996,-64.5618
330,11009,560,459.0581,-64.5611
330,11009,568,521.7288,-64.5605
330,11009,576,1004.5504,-64.5612
330,11010,0,0.0000,-65.0000
330,11010,8,0.0699,-64.9855
330,11010,16,0.6811,-64.9173
330,11010,24,5.5147,-64.6276
330,11010,32,14.0905,-64.5433
330,11010,40,22.6664,-64.5540
330,11010,48,36.8228,-64.5609
330,11010,56,100.0000,-64.5618
330,11010,64,100.0501,-64.5720
330,11010,72,100.0800,-64.5880
330,11010,80,100.1235,-64.6225
330,11010,88,100.3424,-64.9602
330,11010,96,100.7159,-65.9302
330,11010,104,100.9941,-66.7668
330,11010,112,101.3052,-67.6758
330,11010,120,101.7031,-68.6934
330,11010,128,101.8818,-69.0817
330,11010,136,101.9896,-69.2954
330,11010,144,102.2733,-69.7895
330,11010,152,102.7498,-70.4152
330,11010,160,102.8423,-70.5097
330,11010,168,103.0350,-70.6855
330,11010,176,103.2623,-70.8580
330,11010,184,103.4625,-70.9817
330,11010,192,103.7134,-71.1071
330,11010,200,103.8360,-71.1576
330,11010,208,104.0166,-71.2212
330,11010,216,104.5655,-71.3535
330,11010,224,104.7340,-71.3783
330,11010,232,105.1581,-71.4179
330,11010,240,106.0301,-71.4308
330,11010,248,106.4787,-71.4127
330,11010,256,106.8580,-71.3897
330,11010,264,107.4914,-71.3409
330,11010,272,107.7697,-71.3165
330,11010,280,108.2355,-71.2728
330,11010,288,108.5833,-71.2384
330,11010,296,108.9842,-71.1974
330,11010,304,109.3528,-71.1586
330,11010,312,109.6074,-71.1314
330,11010,320,109.8871,-71.1012
330,11010,328,110.1090,-71.0770
330,11010,336,111.0363,-70.9740
330,11010,344,112.2931,-70.8314
330,11010,352,112.9599,-70.7548
330,11010,360,113.0626,-70.7429
330,11010,368,113.6833,-70.6712
330,11010,376,113.9150,-70.6443
330,11010,384,114.4255,-70.5848
330,11010,392,114.6156,-70.5626
330,11010,400,115.8016,-70.4237
330,11010,408,115.8840,-70.4140
330,11010,416,117.2115,-70.2579
330,11010,424,117.9257,-70.1734
330,11010,432,118.1552,-70.1462
330,11010,440,119.2030,-70.0219
330,11010,448,120.1940,-69.9038
330,11010,456,121.1159,-69.7937
330,11010,464,125.2169,-69.3090
330,11010,472,126.5194,-69.1559
330,11010,480,126.8019,-69.1227
330,11010,488,131.1592,-68.6142
330,11010,496,144.0016,-67.2430
330,11010,504,165.3814,-65.6845
330,11010,512,185.9040,-64.9945
330,11010,520,222.2654,-64.6329
330,11010,528,269.6239,-64.5679
330,11010,536,316.9825,-64.5626
330,11010,544,364.3410,-64.5611
330,11010,552,411.6996,-64.5618
330,11010,560,459.0581,-64.5611
330,11010,568,521.7288,-64.5605
330,11010,576,1004.5504,-64.5612
