angle_deg,trial_seed,sample_idx,t_ms,voltage_mv
0,1,0,0.0000,-65.0000
0,1,8,0.0699,-64.9855
0,1,16,0.6811,-64.9173
0,1,24,5.5147,-64.6276
0,1,32,14.0905,-64.5433
0,1,40,22.6664,-64.5540
0,1,48,36.8228,-64.5609
0,1,56,100.0000,-64.5618
0,1,64,100.0412,-64.5428
0,1,72,100.0551,-64.5274
0,1,80,100.0747,-64.4975
0,1,88,100.1992,-64.1532
0,1,96,100.3367,-63.5582
0,1,104,100.3873,-63.3080
0,1,112,100.4762,-62.8447
0,1,120,100.5500,-62.4516
0,1,128,100.6417,-61.9666
0,1,136,100.9950,-60.3467
0,1,144,101.0600,-60.1156
0,1,152,101.1068,-59.9623
0,1,160,101.5486,-59.0039
0,1,168,102.1938,-59.0442
0,1,176,102.6646,-59.8334
0,1,184,102.7038,-59.9177
0,1,192,102.7619,-60.0430
0,1,200,102.9001,-60.3423
0,1,208,102.9841,-60.5227
0,1,216,103.0794,-60.7225
0,1,224,103.3297,-61.2247
0,1,232,103.7451,-62.0314
0,1,240,103.8606,-62.2564
0,1,248,104.0342,-62.5877
0,1,256,104.3258,-63.0920
0,1,264,104.7363,-63.7612
0,1,272,104.8350,-63.9197
0,1,280,104.9024,-64.0247
0,1,288,105.0182,-64.1963
0,1,296,105.3170,-64.5744
0,1,304,106.1338,-65.4577
0,1,312,106.2468,-65.5840
0,1,320,106.4425,-65.7944
0,1,328,106.5534,-65.9058
0,1,336,106.8683,-66.1687
0,1,344,107.4201,-66.5913
0,1,352,107.4701,-66.6307
0,1,360,107.6567,-66.7539
0,1,368,107.9856,-66.9141
0,1,376,108.1584,-66.9852
0,1,384,108.2728,-67.0258
0,1,392,108.3405,-67.0443
0,1,400,108.3971,-67.0540
0,1,408,108.5684,-67.0446
0,1,416,108.6516,-67.0272
0,1,424,108.9807,-66.9045
0,1,432,109.2304,-66.8211
0,1,440,109.3004,-66.8005
0,1,448,109.3500,-66.7845
0,1,456,109.4801,-66.7264
0,1,464,109.6498,-66.6349
0,1,472,109.8869,-66.5036
0,1,480,110.1175,-66.3912
0,1,488,110.3906,-66.2870
0,1,496,110.9651,-66.2089
0,1,504,111.0668,-66.2150
0,1,512,111.2261,-66.2258
0,1,520,111.3351,-66.2329
0,1,528,111.4218,-66.2347
0,1,536,111.5406,-66.2298
0,1,544,111.6150,-66.2210
0,1,552,111.7297,-66.1964
0,1,560,111.8027,-66.1750
0,1,568,111.9956,-66.0987
0,1,576,112.1300,-66.0344
0,1,584,112.2321,-65.9798
0,1,592,112.2850,-65.9488
0,1,600,112.4022,-65.8667
0,1,608,112.5239,-65.7671
0,1,616,112.8127,-65.5021
0,1,624,113.2072,-65.1919
0,1,632,113.2414,-65.1713
0,1,640,113.3951,-65.0709
0,1,648,113.5304,-64.9798
0,1,656,113.6513,-64.9002
0,1,664,113.7760,-64.8201
0,1,672,113.9831,-64.6870
0,1,680,114.6998,-64.4039
0,1,688,115.6950,-64.7596
0,1,696,115.7517,-64.7992
0,1,704,116.0550,-65.0093
0,1,712,116.1126,-65.0473
0,1,720,116.2258,-65.1145
0,1,728,116.2687,-65.1378
0,1,736,116.4408,-65.2121
0,1,744,117.0449,-65.3342
0,1,752,117.6055,-65.4983
0,1,760,117.7350,-65.5446
0,1,768,117.8253,-65.5720
0,1,776,118.3272,-65.6758
0,1,784,118.8753,-65.8188
0,1,792,119.0016,-65.8626
0,1,800,119.3500,-65.9702
0,1,808,119.4270,-65.9926
0,1,816,119.4950,-66.0087
0,1,824,119.9158,-66.0250
0,1,832,120.8745,-66.1098
0,1,840,120.9254,-66.1219
0,1,848,121.3522,-66.1929
0,1,856,121.8789,-66.3034
0,1,864,122.1153,-66.3497
0,1,872,122.2074,-66.3623
0,1,880,122.5887,-66.3610
0,1,888,123.5917,-66.4187
0,1,896,124.1181,-66.5540
0,1,904,124.3631,-66.6081
0,1,912,125.2042,-66.7414
0,1,920,127.0869,-67.2650
0,1,928,130.8650,-68.0462
0,1,936,130.9139,-68.0497
0,1,944,131.3072,-68.0171
0,1,952,132.3414,-67.8372
0,1,960,133.7550,-67.7248
0,1,968,133.8179,-67.7211
0,1,976,134.2816,-67.6277
0,1,984,135.4142,-67.3800
0,1,992,138.1047,-67.2752
0,1,1000,143.3190,-67.1966
0,1,1008,148.7932,-66.8285
0,1,1016,154.2673,-66.4071
0,1,1024,167.6786,-65.6001
0,1,1032,184.5071,-65.0355
0,1,1040,214.0515,-64.6715
0,1,1048,251.4998,-64.5783
0,1,1056,288.9481,-64.5638
0,1,1064,326.3964,-64.5616
0,1,1072,383.6556,-64.5608
0,1,1080,652.3598,-64.5611
0,2,0,0.0000,-65.0000
0,2,8,0.0699,-64.9855
0,2,16,0.6811,-64.9173
0,2,24,5.5147,-64.6276
0,2,32,14.0905,-64.5433
0,2,40,22.6664,-64.5540
0,2,48,36.8228,-64.5609
0,2,56,100.0000,-64.5618
0,2,64,100.0412,-64.5428
0,2,72,100.0551,-64.5274
0,2,80,100.0747,-64.4975
0,2,88,100.1992,-64.1532
0,2,96,100.3367,-63.5582
0,2,104,100.3873,-63.3080
0,2,112,100.4762,-62.8447
0,2,120,100.5500,-62.4516
0,2,128,100.6417,-61.9666
0,2,136,100.9950,-60.3467
0,2,144,101.0600,-60.1156
0,2,152,101.1068,-59.9623
0,2,160,101.5486,-59.0039
0,2,168,102.1938,-59.0442
0,2,176,102.6646,-59.8334
0,2,184,102.7038,-59.9177
0,2,192,102.7619,-60.0430
0,2,200,102.9001,-60.3423
0,2,208,102.9841,-60.5227
0,2,216,103.0794,-60.7225
0,2,224,103.3297,-61.2247
0,2,232,103.7451,-62.0314
0,2,240,103.8606,-62.2564
0,2,248,104.0342,-62.5877
0,2,256,104.3258,-63.0920
0,2,264,104.7363,-63.7612
0,2,272,104.8350,-63.9197
0,2,280,104.9024,-64.0247
0,2,288,105.0182,-64.1963
0,2,296,105.3170,-64.5744
0,2,304,106.1338,-65.4577
0,2,312,106.2468,-65.5840
0,2,320,106.4425,-65.7944
0,2,328,106.5534,-65.9058
0,2,336,106.8683,-66.1687
0,2,344,107.4201,-66.5913
0,2,352,107.4701,-66.6307
0,2,360,107.6567,-66.7539
0,2,368,107.9856,-66.9141
0,2,376,108.1584,-66.9852
0,2,384,108.2728,-67.0258
0,2,392,108.3405,-67.0443
0,2,400,108.3971,-67.0540
0,2,408,108.5684,-67.0446
0,2,416,108.6516,-67.0272
0,2,424,108.9807,-66.9045
0,2,432,109.2304,-66.8211
0,2,440,109.3004,-66.8005
0,2,448,109.3500,-66.7845
0,2,456,109.4801,-66.7264
0,2,464,109.6498,-66.6349
0,2,472,109.8869,-66.5036
0,2,480,110.1175,-66.3912
0,2,488,110.3906,-66.2870
0,2,496,110.9651,-66.2089
0,2,504,111.0668,-66.2150
0,2,512,111.2261,-66.2258
0,2,520,111.3351,-66.2329
0,2,528,111.4218,-66.2347
0,2,536,111.5406,-66.2298
0,2,544,111.6150,-66.2210
0,2,552,111.7297,-66.1964
0,2,560,111.8027,-66.1750
0,2,568,111.9956,-66.0987
0,2,576,112.1300,-66.0344
0,2,584,112.2321,-65.9798
0,2,592,112.2850,-65.9488
0,2,600,112.4022,-65.8667
0,2,608,112.5239,-65.7671
0,2,616,112.8127,-65.5021
0,2,624,113.2072,-65.1919
0,2,632,113.2414,-65.1713
0,2,640,113.3951,-65.0709
0,2,648,113.5304,-64.9798
0,2,656,113.6513,-64.9002
0,2,664,113.7760,-64.8201
0,2,672,113.9831,-64.6870
0,2,680,114.6998,-64.4039
0,2,688,115.6950,-64.7596
0,2,696,115.7517,-64.7992
0,2,704,116.0550,-65.0093
0,2,712,116.1126,-65.0473
0,2,720,116.2258,-65.1145
0,2,728,116.2687,-65.1378
0,2,736,116.4408,-65.2121
0,2,744,117.0449,-65.3342
0,2,752,117.6055,-65.4983
0,2,760,117.7350,-65.5446
0,2,768,117.8253,-65.5720
0,2,776,118.3272,-65.6758
0,2,784,118.8753,-65.8188
0,2,792,119.0016,-65.8626
0,2,800,119.3500,-65.9702
0,2,808,119.4270,-65.9926
0,2,816,119.4950,-66.0087
0,2,824,119.9158,-66.0250
0,2,832,120.8745,-66.1098
0,2,840,120.9254,-66.1219
0,2,848,121.3522,-66.1929
0,2,856,121.8789,-66.3034
0,2,864,122.1153,-66.3497
0,2,872,122.2074,-66.3623
0,2,880,122.5887,-66.3610
0,2,888,123.5917,-66.4187
0,2,896,124.1181,-66.5540
0,2,904,124.3631,-66.6081
0,2,912,125.2042,-66.7414
0,2,920,127.0869,-67.2650
0,2,928,130.8650,-68.0462
0,2,936,130.9139,-68.0497
0,2,944,131.3072,-68.0171
0,2,952,132.3414,-67.8372
0,2,960,133.7550,-67.7248
0,2,968,133.8179,-67.7211
0,2,976,134.2816,-67.6277
0,2,984,135.4142,-67.3800
0,2,992,138.1047,-67.2752
0,2,1000,143.3190,-67.1966
0,2,1008,148.7932,-66.8285
0,2,1016,154.2673,-66.4071
0,2,1024,167.6786,-65.6001
0,2,1032,184.5071,-65.0355
0,2,1040,214.0515,-64.6715
0,2,1048,251.4998,-64.5783
0,2,1056,288.9481,-64.5638
0,2,1064,326.3964,-64.5616
0,2,1072,383.6556,-64.5608
0,2,1080,652.3598,-64.5611
0,3,0,0.0000,-65.0000
0,3,8,0.0699,-64.9855
0,3,16,0.6811,-64.9173
0,3,24,5.5147,-64.6276
0,3,32,14.0905,-64.5433
0,3,40,22.6664,-64.5540
0,3,48,36.8228,-64.5609
0,3,56,100.0000,-64.5618
0,3,64,100.0412,-64.5428
0,3,72,100.0551,-64.5274
0,3,80,100.0747,-64.4975
0,3,88,100.1992,-64.1532
0,3,96,100.3367,-63.5582
0,3,104,100.3873,-63.3080
0,3,112,100.4762,-62.8447
0,3,120,100.5500,-62.4516
0,3,128,100.6417,-61.9666
0,3,136,100.9950,-60.3467
0,3,144,101.0600,-60.1156
0,3,152,101.1068,-59.9623
0,3,160,101.5486,-59.0039
0,3,168,102.1938,-59.0442
0,3,176,102.6646,-59.8334
0,3,184,102.7038,-59.9177
0,3,192,102.7619,-60.0430
0,3,200,102.9001,-60.3423
0,3,208,102.9841,-60.5227
0,3,216,103.0794,-60.7225
0,3,224,103.3297,-61.2247
0,3,232,103.7451,-62.0314
0,3,240,103.8606,-62.2564
0,3,248,104.0342,-62.5877
0,3,256,104.3258,-63.0920
0,3,264,104.7363,-63.7612
0,3,272,104.8350,-63.9197
0,3,280,104.9024,-64.0247
0,3,288,105.0182,-64.1963
0,3,296,105.3170,-64.5744
0,3,304,106.1338,-65.4577
0,3,312,106.2468,-65.5840
0,3,320,106.4425,-65.7944
0,3,328,106.5534,-65.9058
0,3,336,106.8683,-66.1687
0,3,344,107.4201,-66.5913
0,3,352,107.4701,-66.6307
0,3,360,107.6567,-66.7539
0,3,368,107.9856,-66.9141
0,3,376,108.1584,-66.9852
0,3,384,108.2728,-67.0258
0,3,392,108.3405,-67.0443
0,3,400,108.3971,-67.0540
0,3,408,108.5684,-67.0446
0,3,416,108.6516,-67.0272
0,3,424,108.9807,-66.9045
0,3,432,109.2304,-66.8211
0,3,440,109.3004,-66.8005
0,3,448,109.3500,-66.7845
0,3,456,109.4801,-66.7264
0,3,464,109.6498,-66.6349
0,3,472,109.8869,-66.5036
0,3,480,110.1175,-66.3912
0,3,488,110.3906,-66.2870
0,3,496,110.9651,-66.2089
0,3,504,111.0668,-66.2150
0,3,512,111.2261,-66.2258
0,3,520,111.3351,-66.2329
0,3,528,111.4218,-66.2347
0,3,536,111.5406,-66.2298
0,3,544,111.6150,-66.2210
0,3,552,111.7297,-66.1964
0,3,560,111.8027,-66.1750
0,3,568,111.9956,-66.0987
0,3,576,112.1300,-66.0344
0,3,584,112.2321,-65.9798
0,3,592,112.2850,-65.9488
0,3,600,112.4022,-65.8667
0,3,608,112.5239,-65.7671
0,3,616,112.8127,-65.5021
0,3,624,113.2072,-65.1919
0,3,632,113.2414,-65.1713
0,3,640,113.3951,-65.0709
0,3,648,113.5304,-64.9798
0,3,656,113.6513,-64.9002
0,3,664,113.7760,-64.8201
0,3,672,113.9831,-64.6870
0,3,680,114.6998,-64.4039
0,3,688,115.6950,-64.7596
0,3,696,115.7517,-64.7992
0,3,704,116.0550,-65.0093
0,3,712,116.1126,-65.0473
0,3,720,116.2258,-65.1145
0,3,728,116.2687,-65.1378
0,3,736,116.4408,-65.2121
0,3,744,117.0449,-65.3342
0,3,752,117.6055,-65.4983
0,3,760,117.7350,-65.5446
0,3,768,117.8253,-65.5720
0,3,776,118.3272,-65.6758
0,3,784,118.8753,-65.8188
0,3,792,119.0016,-65.8626
0,3,800,119.3500,-65.9702
0,3,808,119.4270,-65.9926
0,3,816,119.4950,-66.0087
0,3,824,119.9158,-66.0250
0,3,832,120.8745,-66.1098
0,3,840,120.9254,-66.1219
0,3,848,121.3522,-66.1929
0,3,856,121.8789,-66.3034
0,3,864,122.1153,-66.3497
0,3,872,122.2074,-66.3623
0,3,880,122.5887,-66.3610
0,3,888,123.5917,-66.4187
0,3,896,124.1181,-66.5540
0,3,904,124.3631,-66.6081
0,3,912,125.2042,-66.7414
0,3,920,127.0869,-67.2650
0,3,928,130.8650,-68.0462
0,3,936,130.9139,-68.0497
0,3,944,131.3072,-68.0171
0,3,952,132.3414,-67.8372
0,3,960,133.7550,-67.7248
0,3,968,133.8179,-67.7211
0,3,976,134.2816,-67.6277
0,3,984,135.4142,-67.3800
0,3,992,138.1047,-67.2752
0,3,1000,143.3190,-67.1966
0,3,1008,148.7932,-66.8285
0,3,1016,154.2673,-66.4071
0,3,1024,167.6786,-65.6001
0,3,1032,184.5071,-65.0355
0,3,1040,214.0515,-64.6715
0,3,1048,251.4998,-64.5783
0,3,1056,288.9481,-64.5638
0,3,1064,326.3964,-64.5616
0,3,1072,383.6556,-64.5608
0,3,1080,652.3598,-64.5611
0,4,0,0.0000,-65.0000
0,4,8,0.0699,-64.9855
0,4,16,0.6811,-64.9173
0,4,24,5.5147,-64.6276
0,4,32,14.0905,-64.5433
0,4,40,22.6664,-64.5540
0,4,48,36.8228,-64.5609
0,4,56,100.0000,-64.5618
0,4,64,100.0412,-64.5428
0,4,72,100.0551,-64.5274
0,4,80,100.0747,-64.4975
0,4,88,100.1992,-64.1532
0,4,96,100.3367,-63.5582
0,4,104,100.3873,-63.3080
0,4,112,100.4762,-62.8447
0,4,120,100.5500,-62.4516
0,4,128,100.6417,-61.9666
0,4,136,100.9950,-60.3467
0,4,144,101.0600,-60.1156
0,4,152,101.1068,-59.9623
0,4,160,101.5486,-59.0039
0,4,168,102.1938,-59.0442
0,4,176,102.6646,-59.8334
0,4,184,102.7038,-59.9177
0,4,192,102.7619,-60.0430
0,4,200,102.9001,-60.3423
0,4,208,102.9841,-60.5227
0,4,216,103.0794,-60.7225
0,4,224,103.3297,-61.2247
0,4,232,103.7451,-62.0314
0,4,240,103.8606,-62.2564
0,4,248,104.0342,-62.5877
0,4,256,104.3258,-63.0920
0,4,264,104.7363,-63.7612
0,4,272,104.8350,-63.9197
0,4,280,104.9024,-64.0247
0,4,288,105.0182,-64.1963
0,4,296,105.3170,-64.5744
0,4,304,106.1338,-65.4577
0,4,312,106.2468,-65.5840
0,4,320,106.4425,-65.7944
0,4,328,106.5534,-65.9058
0,4,336,106.8683,-66.1687
0,4,344,107.4201,-66.5913
0,4,352,107.4701,-66.6307
0,4,360,107.6567,-66.7539
0,4,368,107.9856,-66.9141
0,4,376,108.1584,-66.9852
0,4,384,108.2728,-67.0258
0,4,392,108.3405,-67.0443
0,4,400,108.3971,-67.0540
0,4,408,108.5684,-67.0446
0,4,416,108.6516,-67.0272
0,4,424,108.9807,-66.9045
0,4,432,109.2304,-66.8211
0,4,440,109.3004,-66.8005
0,4,448,109.3500,-66.7845
0,4,456,109.4801,-66.7264
0,4,464,109.6498,-66.6349
0,4,472,109.8869,-66.5036
0,4,480,110.1175,-66.3912
0,4,488,110.3906,-66.2870
0,4,496,110.9651,-66.2089
0,4,504,111.0668,-66.2150
0,4,512,111.2261,-66.2258
0,4,520,111.3351,-66.2329
0,4,528,111.4218,-66.2347
0,4,536,111.5406,-66.2298
0,4,544,111.6150,-66.2210
0,4,552,111.7297,-66.1964
0,4,560,111.8027,-66.1750
0,4,568,111.9956,-66.0987
0,4,576,112.1300,-66.0344
0,4,584,112.2321,-65.9798
0,4,592,112.2850,-65.9488
0,4,600,112.4022,-65.8667
0,4,608,112.5239,-65.7671
0,4,616,112.8127,-65.5021
0,4,624,113.2072,-65.1919
0,4,632,113.2414,-65.1713
0,4,640,113.3951,-65.0709
0,4,648,113.5304,-64.9798
0,4,656,113.6513,-64.9002
0,4,664,113.7760,-64.8201
0,4,672,113.9831,-64.6870
0,4,680,114.6998,-64.4039
0,4,688,115.6950,-64.7596
0,4,696,115.7517,-64.7992
0,4,704,116.0550,-65.0093
0,4,712,116.1126,-65.0473
0,4,720,116.2258,-65.1145
0,4,728,116.2687,-65.1378
0,4,736,116.4408,-65.2121
0,4,744,117.0449,-65.3342
0,4,752,117.6055,-65.4983
0,4,760,117.7350,-65.5446
0,4,768,117.8253,-65.5720
0,4,776,118.3272,-65.6758
0,4,784,118.8753,-65.8188
0,4,792,119.0016,-65.8626
0,4,800,119.3500,-65.9702
0,4,808,119.4270,-65.9926
0,4,816,119.4950,-66.0087
0,4,824,119.9158,-66.0250
0,4,832,120.8745,-66.1098
0,4,840,120.9254,-66.1219
0,4,848,121.3522,-66.1929
0,4,856,121.8789,-66.3034
0,4,864,122.1153,-66.3497
0,4,872,122.2074,-66.3623
0,4,880,122.5887,-66.3610
0,4,888,123.5917,-66.4187
0,4,896,124.1181,-66.5540
0,4,904,124.3631,-66.6081
0,4,912,125.2042,-66.7414
0,4,920,127.0869,-67.2650
0,4,928,130.8650,-68.0462
0,4,936,130.9139,-68.0497
0,4,944,131.3072,-68.0171
0,4,952,132.3414,-67.8372
0,4,960,133.7550,-67.7248
0,4,968,133.8179,-67.7211
0,4,976,134.2816,-67.6277
0,4,984,135.4142,-67.3800
0,4,992,138.1047,-67.2752
0,4,1000,143.3190,-67.1966
0,4,1008,148.7932,-66.8285
0,4,1016,154.2673,-66.4071
0,4,1024,167.6786,-65.6001
0,4,1032,184.5071,-65.0355
0,4,1040,214.0515,-64.6715
0,4,1048,251.4998,-64.5783
0,4,1056,288.9481,-64.5638
0,4,1064,326.3964,-64.5616
0,4,1072,383.6556,-64.5608
0,4,1080,652.3598,-64.5611
0,5,0,0.0000,-65.0000
0,5,8,0.0699,-64.9855
0,5,16,0.6811,-64.9173
0,5,24,5.5147,-64.6276
0,5,32,14.0905,-64.5433
0,5,40,22.6664,-64.5540
0,5,48,36.8228,-64.5609
0,5,56,100.0000,-64.5618
0,5,64,100.0412,-64.5428
0,5,72,100.0551,-64.5274
0,5,80,100.0747,-64.4975
0,5,88,100.1992,-64.1532
0,5,96,100.3367,-63.5582
0,5,104,100.3873,-63.3080
0,5,112,100.4762,-62.8447
0,5,120,100.5500,-62.4516
0,5,128,100.6417,-61.9666
0,5,136,100.9950,-60.3467
0,5,144,101.0600,-60.1156
0,5,152,101.1068,-59.9623
0,5,160,101.5486,-59.0039
0,5,168,102.1938,-59.0442
0,5,176,102.6646,-59.8334
0,5,184,102.7038,-59.9177
0,5,192,102.7619,-60.0430
0,5,200,102.9001,-60.3423
0,5,208,102.9841,-60.5227
0,5,216,103.0794,-60.7225
0,5,224,103.3297,-61.2247
0,5,232,103.7451,-62.0314
0,5,240,103.8606,-62.2564
0,5,248,104.0342,-62.5877
0,5,256,104.3258,-63.0920
0,5,264,104.7363,-63.7612
0,5,272,104.8350,-63.9197
0,5,280,104.9024,-64.0247
0,5,288,105.0182,-64.1963
0,5,296,105.3170,-64.5744
0,5,304,106.1338,-65.4577
0,5,312,106.2468,-65.5840
0,5,320,106.4425,-65.7944
0,5,328,106.5534,-65.9058
0,5,336,106.8683,-66.1687
0,5,344,107.4201,-66.5913
0,5,352,107.4701,-66.6307
0,5,360,107.6567,-66.7539
0,5,368,107.9856,-66.9141
0,5,376,108.1584,-66.9852
0,5,384,108.2728,-67.0258
0,5,392,108.3405,-67.0443
0,5,400,108.3971,-67.0540
0,5,408,108.5684,-67.0446
0,5,416,108.6516,-67.0272
0,5,424,108.9807,-66.9045
0,5,432,109.2304,-66.8211
0,5,440,109.3004,-66.8005
0,5,448,109.3500,-66.7845
0,5,456,109.4801,-66.7264
0,5,464,109.6498,-66.6349
0,5,472,109.8869,-66.5036
0,5,480,110.1175,-66.3912
0,5,488,110.3906,-66.2870
0,5,496,110.9651,-66.2089
0,5,504,111.0668,-66.2150
0,5,512,111.2261,-66.2258
0,5,520,111.3351,-66.2329
0,5,528,111.4218,-66.2347
0,5,536,111.5406,-66.2298
0,5,544,111.6150,-66.2210
0,5,552,111.7297,-66.1964
0,5,560,111.8027,-66.1750
0,5,568,111.9956,-66.0987
0,5,576,112.1300,-66.0344
0,5,584,112.2321,-65.9798
0,5,592,112.2850,-65.9488
0,5,600,112.4022,-65.8667
0,5,608,112.5239,-65.7671
0,5,616,112.8127,-65.5021
0,5,624,113.2072,-65.1919
0,5,632,113.2414,-65.1713
0,5,640,113.3951,-65.0709
0,5,648,113.5304,-64.9798
0,5,656,113.6513,-64.9002
0,5,664,113.7760,-64.8201
0,5,672,113.9831,-64.6870
0,5,680,114.6998,-64.4039
0,5,688,115.6950,-64.7596
0,5,696,115.7517,-64.7992
0,5,704,116.0550,-65.0093
0,5,712,116.1126,-65.0473
0,5,720,116.2258,-65.1145
0,5,728,116.2687,-65.1378
0,5,736,116.4408,-65.2121
0,5,744,117.0449,-65.3342
0,5,752,117.6055,-65.4983
0,5,760,117.7350,-65.5446
0,5,768,117.8253,-65.5720
0,5,776,118.3272,-65.6758
0,5,784,118.8753,-65.8188
0,5,792,119.0016,-65.8626
0,5,800,119.3500,-65.9702
0,5,808,119.4270,-65.9926
0,5,816,119.4950,-66.0087
0,5,824,119.9158,-66.0250
0,5,832,120.8745,-66.1098
0,5,840,120.9254,-66.1219
0,5,848,121.3522,-66.1929
0,5,856,121.8789,-66.3034
0,5,864,122.1153,-66.3497
0,5,872,122.2074,-66.3623
0,5,880,122.5887,-66.3610
0,5,888,123.5917,-66.4187
0,5,896,124.1181,-66.5540
0,5,904,124.3631,-66.6081
0,5,912,125.2042,-66.7414
0,5,920,127.0869,-67.2650
0,5,928,130.8650,-68.0462
0,5,936,130.9139,-68.0497
0,5,944,131.3072,-68.0171
0,5,952,132.3414,-67.8372
0,5,960,133.7550,-67.7248
0,5,968,133.8179,-67.7211
0,5,976,134.2816,-67.6277
0,5,984,135.4142,-67.3800
0,5,992,138.1047,-67.2752
0,5,1000,143.3190,-67.1966
0,5,1008,148.7932,-66.8285
0,5,1016,154.2673,-66.4071
0,5,1024,167.6786,-65.6001
0,5,1032,184.5071,-65.0355
0,5,1040,214.0515,-64.6715
0,5,1048,251.4998,-64.5783
0,5,1056,288.9481,-64.5638
0,5,1064,326.3964,-64.5616
0,5,1072,383.6556,-64.5608
0,5,1080,652.3598,-64.5611
0,6,0,0.0000,-65.0000
0,6,8,0.0699,-64.9855
0,6,16,0.6811,-64.9173
0,6,24,5.5147,-64.6276
0,6,32,14.0905,-64.5433
0,6,40,22.6664,-64.5540
0,6,48,36.8228,-64.5609
0,6,56,100.0000,-64.5618
0,6,64,100.0412,-64.5428
0,6,72,100.0551,-64.5274
0,6,80,100.0747,-64.4975
0,6,88,100.1992,-64.1532
0,6,96,100.3367,-63.5582
0,6,104,100.3873,-63.3080
0,6,112,100.4762,-62.8447
0,6,120,100.5500,-62.4516
0,6,128,100.6417,-61.9666
0,6,136,100.9950,-60.3467
0,6,144,101.0600,-60.1156
0,6,152,101.1068,-59.9623
0,6,160,101.5486,-59.0039
0,6,168,102.1938,-59.0442
0,6,176,102.6646,-59.8334
0,6,184,102.7038,-59.9177
0,6,192,102.7619,-60.0430
0,6,200,102.9001,-60.3423
0,6,208,102.9841,-60.5227
0,6,216,103.0794,-60.7225
0,6,224,103.3297,-61.2247
0,6,232,103.7451,-62.0314
0,6,240,103.8606,-62.2564
0,6,248,104.0342,-62.5877
0,6,256,104.3258,-63.0920
0,6,264,104.7363,-63.7612
0,6,272,104.8350,-63.9197
0,6,280,104.9024,-64.0247
0,6,288,105.0182,-64.1963
0,6,296,105.3170,-64.5744
0,6,304,106.1338,-65.4577
0,6,312,106.2468,-65.5840
0,6,320,106.4425,-65.7944
0,6,328,106.5534,-65.9058
0,6,336,106.8683,-66.1687
0,6,344,107.4201,-66.5913
0,6,352,107.4701,-66.6307
0,6,360,107.6567,-66.7539
0,6,368,107.9856,-66.9141
0,6,376,108.1584,-66.9852
0,6,384,108.2728,-67.0258
0,6,392,108.3405,-67.0443
0,6,400,108.3971,-67.0540
0,6,408,108.5684,-67.0446
0,6,416,108.6516,-67.0272
0,6,424,108.9807,-66.9045
0,6,432,109.2304,-66.8211
0,6,440,109.3004,-66.8005
0,6,448,109.3500,-66.7845
0,6,456,109.4801,-66.7264
0,6,464,109.6498,-66.6349
0,6,472,109.8869,-66.5036
0,6,480,110.1175,-66.3912
0,6,488,110.3906,-66.2870
0,6,496,110.9651,-66.2089
0,6,504,111.0668,-66.2150
0,6,512,111.2261,-66.2258
0,6,520,111.3351,-66.2329
0,6,528,111.4218,-66.2347
0,6,536,111.5406,-66.2298
0,6,544,111.6150,-66.2210
0,6,552,111.7297,-66.1964
0,6,560,111.8027,-66.1750
0,6,568,111.9956,-66.0987
0,6,576,112.1300,-66.0344
0,6,584,112.2321,-65.9798
0,6,592,112.2850,-65.9488
0,6,600,112.4022,-65.8667
0,6,608,112.5239,-65.7671
0,6,616,112.8127,-65.5021
0,6,624,113.2072,-65.1919
0,6,632,113.2414,-65.1713
0,6,640,113.3951,-65.0709
0,6,648,113.5304,-64.9798
0,6,656,113.6513,-64.9002
0,6,664,113.7760,-64.8201
0,6,672,113.9831,-64.6870
0,6,680,114.6998,-64.4039
0,6,688,115.6950,-64.7596
0,6,696,115.7517,-64.7992
0,6,704,116.0550,-65.0093
0,6,712,116.1126,-65.0473
0,6,720,116.2258,-65.1145
0,6,728,116.2687,-65.1378
0,6,736,116.4408,-65.2121
0,6,744,117.0449,-65.3342
0,6,752,117.6055,-65.4983
0,6,760,117.7350,-65.5446
0,6,768,117.8253,-65.5720
0,6,776,118.3272,-65.6758
0,6,784,118.8753,-65.8188
0,6,792,119.0016,-65.8626
0,6,800,119.3500,-65.9702
0,6,808,119.4270,-65.9926
0,6,816,119.4950,-66.0087
0,6,824,119.9158,-66.0250
0,6,832,120.8745,-66.1098
0,6,840,120.9254,-66.1219
0,6,848,121.3522,-66.1929
0,6,856,121.8789,-66.3034
0,6,864,122.1153,-66.3497
0,6,872,122.2074,-66.3623
0,6,880,122.5887,-66.3610
0,6,888,123.5917,-66.4187
0,6,896,124.1181,-66.5540
0,6,904,124.3631,-66.6081
0,6,912,125.2042,-66.7414
0,6,920,127.0869,-67.2650
0,6,928,130.8650,-68.0462
0,6,936,130.9139,-68.0497
0,6,944,131.3072,-68.0171
0,6,952,132.3414,-67.8372
0,6,960,133.7550,-67.7248
0,6,968,133.8179,-67.7211
0,6,976,134.2816,-67.6277
0,6,984,135.4142,-67.3800
0,6,992,138.1047,-67.2752
0,6,1000,143.3190,-67.1966
0,6,1008,148.7932,-66.8285
0,6,1016,154.2673,-66.4071
0,6,1024,167.6786,-65.6001
0,6,1032,184.5071,-65.0355
0,6,1040,214.0515,-64.6715
0,6,1048,251.4998,-64.5783
0,6,1056,288.9481,-64.5638
0,6,1064,326.3964,-64.5616
0,6,1072,383.6556,-64.5608
0,6,1080,652.3598,-64.5611
0,7,0,0.0000,-65.0000
0,7,8,0.0699,-64.9855
0,7,16,0.6811,-64.9173
0,7,24,5.5147,-64.6276
0,7,32,14.0905,-64.5433
0,7,40,22.6664,-64.5540
0,7,48,36.8228,-64.5609
0,7,56,100.0000,-64.5618
0,7,64,100.0412,-64.5428
0,7,72,100.0551,-64.5274
0,7,80,100.0747,-64.4975
0,7,88,100.1992,-64.1532
0,7,96,100.3367,-63.5582
0,7,104,100.3873,-63.3080
0,7,112,100.4762,-62.8447
0,7,120,100.5500,-62.4516
0,7,128,100.6417,-61.9666
0,7,136,100.9950,-60.3467
0,7,144,101.0600,-60.1156
0,7,152,101.1068,-59.9623
0,7,160,101.5486,-59.0039
0,7,168,102.1938,-59.0442
0,7,176,102.6646,-59.8334
0,7,184,102.7038,-59.9177
0,7,192,102.7619,-60.0430
0,7,200,102.9001,-60.3423
0,7,208,102.9841,-60.5227
0,7,216,103.0794,-60.7225
0,7,224,103.3297,-61.2247
0,7,232,103.7451,-62.0314
0,7,240,103.8606,-62.2564
0,7,248,104.0342,-62.5877
0,7,256,104.3258,-63.0920
0,7,264,104.7363,-63.7612
0,7,272,104.8350,-63.9197
0,7,280,104.9024,-64.0247
0,7,288,105.0182,-64.1963
0,7,296,105.3170,-64.5744
0,7,304,106.1338,-65.4577
0,7,312,106.2468,-65.5840
0,7,320,106.4425,-65.7944
0,7,328,106.5534,-65.9058
0,7,336,106.8683,-66.1687
0,7,344,107.4201,-66.5913
0,7,352,107.4701,-66.6307
0,7,360,107.6567,-66.7539
0,7,368,107.9856,-66.9141
0,7,376,108.1584,-66.9852
0,7,384,108.2728,-67.0258
0,7,392,108.3405,-67.0443
0,7,400,108.3971,-67.0540
0,7,408,108.5684,-67.0446
0,7,416,108.6516,-67.0272
0,7,424,108.9807,-66.9045
0,7,432,109.2304,-66.8211
0,7,440,109.3004,-66.8005
0,7,448,109.3500,-66.7845
0,7,456,109.4801,-66.7264
0,7,464,109.6498,-66.6349
0,7,472,109.8869,-66.5036
0,7,480,110.1175,-66.3912
0,7,488,110.3906,-66.2870
0,7,496,110.9651,-66.2089
0,7,504,111.0668,-66.2150
0,7,512,111.2261,-66.2258
0,7,520,111.3351,-66.2329
0,7,528,111.4218,-66.2347
0,7,536,111.5406,-66.2298
0,7,544,111.6150,-66.2210
0,7,552,111.7297,-66.1964
0,7,560,111.8027,-66.1750
0,7,568,111.9956,-66.0987
0,7,576,112.1300,-66.0344
0,7,584,112.2321,-65.9798
0,7,592,112.2850,-65.9488
0,7,600,112.4022,-65.8667
0,7,608,112.5239,-65.7671
0,7,616,112.8127,-65.5021
0,7,624,113.2072,-65.1919
0,7,632,113.2414,-65.1713
0,7,640,113.3951,-65.0709
0,7,648,113.5304,-64.9798
0,7,656,113.6513,-64.9002
0,7,664,113.7760,-64.8201
0,7,672,113.9831,-64.6870
0,7,680,114.6998,-64.4039
0,7,688,115.6950,-64.7596
0,7,696,115.7517,-64.7992
0,7,704,116.0550,-65.0093
0,7,712,116.1126,-65.0473
0,7,720,116.2258,-65.1145
0,7,728,116.2687,-65.1378
0,7,736,116.4408,-65.2121
0,7,744,117.0449,-65.3342
0,7,752,117.6055,-65.4983
0,7,760,117.7350,-65.5446
0,7,768,117.8253,-65.5720
0,7,776,118.3272,-65.6758
0,7,784,118.8753,-65.8188
0,7,792,119.0016,-65.8626
0,7,800,119.3500,-65.9702
0,7,808,119.4270,-65.9926
0,7,816,119.4950,-66.0087
0,7,824,119.9158,-66.0250
0,7,832,120.8745,-66.1098
0,7,840,120.9254,-66.1219
0,7,848,121.3522,-66.1929
0,7,856,121.8789,-66.3034
0,7,864,122.1153,-66.3497
0,7,872,122.2074,-66.3623
0,7,880,122.5887,-66.3610
0,7,888,123.5917,-66.4187
0,7,896,124.1181,-66.5540
0,7,904,124.3631,-66.6081
0,7,912,125.2042,-66.7414
0,7,920,127.0869,-67.2650
0,7,928,130.8650,-68.0462
0,7,936,130.9139,-68.0497
0,7,944,131.3072,-68.0171
0,7,952,132.3414,-67.8372
0,7,960,133.7550,-67.7248
0,7,968,133.8179,-67.7211
0,7,976,134.2816,-67.6277
0,7,984,135.4142,-67.3800
0,7,992,138.1047,-67.2752
0,7,1000,143.3190,-67.1966
0,7,1008,148.7932,-66.8285
0,7,1016,154.2673,-66.4071
0,7,1024,167.6786,-65.6001
0,7,1032,184.5071,-65.0355
0,7,1040,214.0515,-64.6715
0,7,1048,251.4998,-64.5783
0,7,1056,288.9481,-64.5638
0,7,1064,326.3964,-64.5616
0,7,1072,383.6556,-64.5608
0,7,1080,652.3598,-64.5611
0,8,0,0.0000,-65.0000
0,8,8,0.0699,-64.9855
0,8,16,0.6811,-64.9173
0,8,24,5.5147,-64.6276
0,8,32,14.0905,-64.5433
0,8,40,22.6664,-64.5540
0,8,48,36.8228,-64.5609
0,8,56,100.0000,-64.5618
0,8,64,100.0412,-64.5428
0,8,72,100.0551,-64.5274
0,8,80,100.0747,-64.4975
0,8,88,100.1992,-64.1532
0,8,96,100.3367,-63.5582
0,8,104,100.3873,-63.3080
0,8,112,100.4762,-62.8447
0,8,120,100.5500,-62.4516
0,8,128,100.6417,-61.9666
0,8,136,100.9950,-60.3467
0,8,144,101.0600,-60.1156
0,8,152,101.1068,-59.9623
0,8,160,101.5486,-59.0039
0,8,168,102.1938,-59.0442
0,8,176,102.6646,-59.8334
0,8,184,102.7038,-59.9177
0,8,192,102.7619,-60.0430
0,8,200,102.9001,-60.3423
0,8,208,102.9841,-60.5227
0,8,216,103.0794,-60.7225
0,8,224,103.3297,-61.2247
0,8,232,103.7451,-62.0314
0,8,240,103.8606,-62.2564
0,8,248,104.0342,-62.5877
0,8,256,104.3258,-63.0920
0,8,264,104.7363,-63.7612
0,8,272,104.8350,-63.9197
0,8,280,104.9024,-64.0247
0,8,288,105.0182,-64.1963
0,8,296,105.3170,-64.5744
0,8,304,106.1338,-65.4577
0,8,312,106.2468,-65.5840
0,8,320,106.4425,-65.7944
0,8,328,106.5534,-65.9058
0,8,336,106.8683,-66.1687
0,8,344,107.4201,-66.5913
0,8,352,107.4701,-66.6307
0,8,360,107.6567,-66.7539
0,8,368,107.9856,-66.9141
0,8,376,108.1584,-66.9852
0,8,384,108.2728,-67.0258
0,8,392,108.3405,-67.0443
0,8,400,108.3971,-67.0540
0,8,408,108.5684,-67.0446
0,8,416,108.6516,-67.0272
0,8,424,108.9807,-66.9045
0,8,432,109.2304,-66.8211
0,8,440,109.3004,-66.8005
0,8,448,109.3500,-66.7845
0,8,456,109.4801,-66.7264
0,8,464,109.6498,-66.6349
0,8,472,109.8869,-66.5036
0,8,480,110.1175,-66.3912
0,8,488,110.3906,-66.2870
0,8,496,110.9651,-66.2089
0,8,504,111.0668,-66.2150
0,8,512,111.2261,-66.2258
0,8,520,111.3351,-66.2329
0,8,528,111.4218,-66.2347
0,8,536,111.5406,-66.2298
0,8,544,111.6150,-66.2210
0,8,552,111.7297,-66.1964
0,8,560,111.8027,-66.1750
0,8,568,111.9956,-66.0987
0,8,576,112.1300,-66.0344
0,8,584,112.2321,-65.9798
0,8,592,112.2850,-65.9488
0,8,600,112.4022,-65.8667
0,8,608,112.5239,-65.7671
0,8,616,112.8127,-65.5021
0,8,624,113.2072,-65.1919
0,8,632,113.2414,-65.1713
0,8,640,113.3951,-65.0709
0,8,648,113.5304,-64.9798
0,8,656,113.6513,-64.9002
0,8,664,113.7760,-64.8201
0,8,672,113.9831,-64.6870
0,8,680,114.6998,-64.4039
0,8,688,115.6950,-64.7596
0,8,696,115.7517,-64.7992
0,8,704,116.0550,-65.0093
0,8,712,116.1126,-65.0473
0,8,720,116.2258,-65.1145
0,8,728,116.2687,-65.1378
0,8,736,116.4408,-65.2121
0,8,744,117.0449,-65.3342
0,8,752,117.6055,-65.4983
0,8,760,117.7350,-65.5446
0,8,768,117.8253,-65.5720
0,8,776,118.3272,-65.6758
0,8,784,118.8753,-65.8188
0,8,792,119.0016,-65.8626
0,8,800,119.3500,-65.9702
0,8,808,119.4270,-65.9926
0,8,816,119.4950,-66.0087
0,8,824,119.9158,-66.0250
0,8,832,120.8745,-66.1098
0,8,840,120.9254,-66.1219
0,8,848,121.3522,-66.1929
0,8,856,121.8789,-66.3034
0,8,864,122.1153,-66.3497
0,8,872,122.2074,-66.3623
0,8,880,122.5887,-66.3610
0,8,888,123.5917,-66.4187
0,8,896,124.1181,-66.5540
0,8,904,124.3631,-66.6081
0,8,912,125.2042,-66.7414
0,8,920,127.0869,-67.2650
0,8,928,130.8650,-68.0462
0,8,936,130.9139,-68.0497
0,8,944,131.3072,-68.0171
0,8,952,132.3414,-67.8372
0,8,960,133.7550,-67.7248
0,8,968,133.8179,-67.7211
0,8,976,134.2816,-67.6277
0,8,984,135.4142,-67.3800
0,8,992,138.1047,-67.2752
0,8,1000,143.3190,-67.1966
0,8,1008,148.7932,-66.8285
0,8,1016,154.2673,-66.4071
0,8,1024,167.6786,-65.6001
0,8,1032,184.5071,-65.0355
0,8,1040,214.0515,-64.6715
0,8,1048,251.4998,-64.5783
0,8,1056,288.9481,-64.5638
0,8,1064,326.3964,-64.5616
0,8,1072,383.6556,-64.5608
0,8,1080,652.3598,-64.5611
0,9,0,0.0000,-65.0000
0,9,8,0.0699,-64.9855
0,9,16,0.6811,-64.9173
0,9,24,5.5147,-64.6276
0,9,32,14.0905,-64.5433
0,9,40,22.6664,-64.5540
0,9,48,36.8228,-64.5609
0,9,56,100.0000,-64.5618
0,9,64,100.0412,-64.5428
0,9,72,100.0551,-64.5274
0,9,80,100.0747,-64.4975
0,9,88,100.1992,-64.1532
0,9,96,100.3367,-63.5582
0,9,104,100.3873,-63.3080
0,9,112,100.4762,-62.8447
0,9,120,100.5500,-62.4516
0,9,128,100.6417,-61.9666
0,9,136,100.9950,-60.3467
0,9,144,101.0600,-60.1156
0,9,152,101.1068,-59.9623
0,9,160,101.5486,-59.0039
0,9,168,102.1938,-59.0442
0,9,176,102.6646,-59.8334
0,9,184,102.7038,-59.9177
0,9,192,102.7619,-60.0430
0,9,200,102.9001,-60.3423
0,9,208,102.9841,-60.5227
0,9,216,103.0794,-60.7225
0,9,224,103.3297,-61.2247
0,9,232,103.7451,-62.0314
0,9,240,103.8606,-62.2564
0,9,248,104.0342,-62.5877
0,9,256,104.3258,-63.0920
0,9,264,104.7363,-63.7612
0,9,272,104.8350,-63.9197
0,9,280,104.9024,-64.0247
0,9,288,105.0182,-64.1963
0,9,296,105.3170,-64.5744
0,9,304,106.1338,-65.4577
0,9,312,106.2468,-65.5840
0,9,320,106.4425,-65.7944
0,9,328,106.5534,-65.9058
0,9,336,106.8683,-66.1687
0,9,344,107.4201,-66.5913
0,9,352,107.4701,-66.6307
0,9,360,107.6567,-66.7539
0,9,368,107.9856,-66.9141
0,9,376,108.1584,-66.9852
0,9,384,108.2728,-67.0258
0,9,392,108.3405,-67.0443
0,9,400,108.3971,-67.0540
0,9,408,108.5684,-67.0446
0,9,416,108.6516,-67.0272
0,9,424,108.9807,-66.9045
0,9,432,109.2304,-66.8211
0,9,440,109.3004,-66.8005
0,9,448,109.3500,-66.7845
0,9,456,109.4801,-66.7264
0,9,464,109.6498,-66.6349
0,9,472,109.8869,-66.5036
0,9,480,110.1175,-66.3912
0,9,488,110.3906,-66.2870
0,9,496,110.9651,-66.2089
0,9,504,111.0668,-66.2150
0,9,512,111.2261,-66.2258
0,9,520,111.3351,-66.2329
0,9,528,111.4218,-66.2347
0,9,536,111.5406,-66.2298
0,9,544,111.6150,-66.2210
0,9,552,111.7297,-66.1964
0,9,560,111.8027,-66.1750
0,9,568,111.9956,-66.0987
0,9,576,112.1300,-66.0344
0,9,584,112.2321,-65.9798
0,9,592,112.2850,-65.9488
0,9,600,112.4022,-65.8667
0,9,608,112.5239,-65.7671
0,9,616,112.8127,-65.5021
0,9,624,113.2072,-65.1919
0,9,632,113.2414,-65.1713
0,9,640,113.3951,-65.0709
0,9,648,113.5304,-64.9798
0,9,656,113.6513,-64.9002
0,9,664,113.7760,-64.8201
0,9,672,113.9831,-64.6870
0,9,680,114.6998,-64.4039
0,9,688,115.6950,-64.7596
0,9,696,115.7517,-64.7992
0,9,704,116.0550,-65.0093
0,9,712,116.1126,-65.0473
0,9,720,116.2258,-65.1145
0,9,728,116.2687,-65.1378
0,9,736,116.4408,-65.2121
0,9,744,117.0449,-65.3342
0,9,752,117.6055,-65.4983
0,9,760,117.7350,-65.5446
0,9,768,117.8253,-65.5720
0,9,776,118.3272,-65.6758
0,9,784,118.8753,-65.8188
0,9,792,119.0016,-65.8626
0,9,800,119.3500,-65.9702
0,9,808,119.4270,-65.9926
0,9,816,119.4950,-66.0087
0,9,824,119.9158,-66.0250
0,9,832,120.8745,-66.1098
0,9,840,120.9254,-66.1219
0,9,848,121.3522,-66.1929
0,9,856,121.8789,-66.3034
0,9,864,122.1153,-66.3497
0,9,872,122.2074,-66.3623
0,9,880,122.5887,-66.3610
0,9,888,123.5917,-66.4187
0,9,896,124.1181,-66.5540
0,9,904,124.3631,-66.6081
0,9,912,125.2042,-66.7414
0,9,920,127.0869,-67.2650
0,9,928,130.8650,-68.0462
0,9,936,130.9139,-68.0497
0,9,944,131.3072,-68.0171
0,9,952,132.3414,-67.8372
0,9,960,133.7550,-67.7248
0,9,968,133.8179,-67.7211
0,9,976,134.2816,-67.6277
0,9,984,135.4142,-67.3800
0,9,992,138.1047,-67.2752
0,9,1000,143.3190,-67.1966
0,9,1008,148.7932,-66.8285
0,9,1016,154.2673,-66.4071
0,9,1024,167.6786,-65.6001
0,9,1032,184.5071,-65.0355
0,9,1040,214.0515,-64.6715
0,9,1048,251.4998,-64.5783
0,9,1056,288.9481,-64.5638
0,9,1064,326.3964,-64.5616
0,9,1072,383.6556,-64.5608
0,9,1080,652.3598,-64.5611
0,10,0,0.0000,-65.0000
0,10,8,0.0699,-64.9855
0,10,16,0.6811,-64.9173
0,10,24,5.5147,-64.6276
0,10,32,14.0905,-64.5433
0,10,40,22.6664,-64.5540
0,10,48,36.8228,-64.5609
0,10,56,100.0000,-64.5618
0,10,64,100.0412,-64.5428
0,10,72,100.0551,-64.5274
0,10,80,100.0747,-64.4975
0,10,88,100.1992,-64.1532
0,10,96,100.3367,-63.5582
0,10,104,100.3873,-63.3080
0,10,112,100.4762,-62.8447
0,10,120,100.5500,-62.4516
0,10,128,100.6417,-61.9666
0,10,136,100.9950,-60.3467
0,10,144,101.0600,-60.1156
0,10,152,101.1068,-59.9623
0,10,160,101.5486,-59.0039
0,10,168,102.1938,-59.0442
0,10,176,102.6646,-59.8334
0,10,184,102.7038,-59.9177
0,10,192,102.7619,-60.0430
0,10,200,102.9001,-60.3423
0,10,208,102.9841,-60.5227
0,10,216,103.0794,-60.7225
0,10,224,103.3297,-61.2247
0,10,232,103.7451,-62.0314
0,10,240,103.8606,-62.2564
0,10,248,104.0342,-62.5877
0,10,256,104.3258,-63.0920
0,10,264,104.7363,-63.7612
0,10,272,104.8350,-63.9197
0,10,280,104.9024,-64.0247
0,10,288,105.0182,-64.1963
0,10,296,105.3170,-64.5744
0,10,304,106.1338,-65.4577
0,10,312,106.2468,-65.5840
0,10,320,106.4425,-65.7944
0,10,328,106.5534,-65.9058
0,10,336,106.8683,-66.1687
0,10,344,107.4201,-66.5913
0,10,352,107.4701,-66.6307
0,10,360,107.6567,-66.7539
0,10,368,107.9856,-66.9141
0,10,376,108.1584,-66.9852
0,10,384,108.2728,-67.0258
0,10,392,108.3405,-67.0443
0,10,400,108.3971,-67.0540
0,10,408,108.5684,-67.0446
0,10,416,108.6516,-67.0272
0,10,424,108.9807,-66.9045
0,10,432,109.2304,-66.8211
0,10,440,109.3004,-66.8005
0,10,448,109.3500,-66.7845
0,10,456,109.4801,-66.7264
0,10,464,109.6498,-66.6349
0,10,472,109.8869,-66.5036
0,10,480,110.1175,-66.3912
0,10,488,110.3906,-66.2870
0,10,496,110.9651,-66.2089
0,10,504,111.0668,-66.2150
0,10,512,111.2261,-66.2258
0,10,520,111.3351,-66.2329
0,10,528,111.4218,-66.2347
0,10,536,111.5406,-66.2298
0,10,544,111.6150,-66.2210
0,10,552,111.7297,-66.1964
0,10,560,111.8027,-66.1750
0,10,568,111.9956,-66.0987
0,10,576,112.1300,-66.0344
0,10,584,112.2321,-65.9798
0,10,592,112.2850,-65.9488
0,10,600,112.4022,-65.8667
0,10,608,112.5239,-65.7671
0,10,616,112.8127,-65.5021
0,10,624,113.2072,-65.1919
0,10,632,113.2414,-65.1713
0,10,640,113.3951,-65.0709
0,10,648,113.5304,-64.9798
0,10,656,113.6513,-64.9002
0,10,664,113.7760,-64.8201
0,10,672,113.9831,-64.6870
0,10,680,114.6998,-64.4039
0,10,688,115.6950,-64.7596
0,10,696,115.7517,-64.7992
0,10,704,116.0550,-65.0093
0,10,712,116.1126,-65.0473
0,10,720,116.2258,-65.1145
0,10,728,116.2687,-65.1378
0,10,736,116.4408,-65.2121
0,10,744,117.0449,-65.3342
0,10,752,117.6055,-65.4983
0,10,760,117.7350,-65.5446
0,10,768,117.8253,-65.5720
0,10,776,118.3272,-65.6758
0,10,784,118.8753,-65.8188
0,10,792,119.0016,-65.8626
0,10,800,119.3500,-65.9702
0,10,808,119.4270,-65.9926
0,10,816,119.4950,-66.0087
0,10,824,119.9158,-66.0250
0,10,832,120.8745,-66.1098
0,10,840,120.9254,-66.1219
0,10,848,121.3522,-66.1929
0,10,856,121.8789,-66.3034
0,10,864,122.1153,-66.3497
0,10,872,122.2074,-66.3623
0,10,880,122.5887,-66.3610
0,10,888,123.5917,-66.4187
0,10,896,124.1181,-66.5540
0,10,904,124.3631,-66.6081
0,10,912,125.2042,-66.7414
0,10,920,127.0869,-67.2650
0,10,928,130.8650,-68.0462
0,10,936,130.9139,-68.0497
0,10,944,131.3072,-68.0171
0,10,952,132.3414,-67.8372
0,10,960,133.7550,-67.7248
0,10,968,133.8179,-67.7211
0,10,976,134.2816,-67.6277
0,10,984,135.4142,-67.3800
0,10,992,138.1047,-67.2752
0,10,1000,143.3190,-67.1966
0,10,1008,148.7932,-66.8285
0,10,1016,154.2673,-66.4071
0,10,1024,167.6786,-65.6001
0,10,1032,184.5071,-65.0355
0,10,1040,214.0515,-64.6715
0,10,1048,251.4998,-64.5783
0,10,1056,288.9481,-64.5638
0,10,1064,326.3964,-64.5616
0,10,1072,383.6556,-64.5608
0,10,1080,652.3598,-64.5611
30,1001,0,0.0000,-65.0000
30,1001,8,0.0699,-64.9855
30,1001,16,0.6811,-64.9173
30,1001,24,5.5147,-64.6276
30,1001,32,14.0905,-64.5433
30,1001,40,22.6664,-64.5540
30,1001,48,36.8228,-64.5609
30,1001,56,100.0000,-64.5618
30,1001,64,100.0421,-64.5440
30,1001,72,100.0793,-64.4999
30,1001,80,100.1265,-64.4135
30,1001,88,100.1826,-64.2660
30,1001,96,100.3848,-63.4723
30,1001,104,100.5233,-62.8090
30,1001,112,100.9441,-60.9582
30,1001,120,101.5744,-59.7205
30,1001,128,101.6345,-59.6970
30,1001,136,101.8460,-59.7081
30,1001,144,101.9148,-59.7362
30,1001,152,101.9823,-59.7722
30,1001,160,102.0248,-59.7988
30,1001,168,102.3057,-60.0346
30,1001,176,102.5637,-60.3469
30,1001,184,102.6913,-60.5310
30,1001,192,102.9245,-60.8980
30,1001,200,103.0916,-61.1777
30,1001,208,103.2574,-61.4613
30,1001,216,103.5026,-61.8813
30,1001,224,103.5984,-62.0444
30,1001,232,103.7598,-62.3146
30,1001,240,103.8989,-62.5306
30,1001,248,104.1544,-62.8901
30,1001,256,104.1965,-62.9456
30,1001,264,104.5612,-63.3821
30,1001,272,104.6886,-63.5272
30,1001,280,104.9300,-63.7834
30,1001,288,104.9811,-63.8358
30,1001,296,105.1337,-63.9755
30,1001,304,105.6992,-64.4187
30,1001,312,105.8058,-64.5093
30,1001,320,105.9342,-64.6141
30,1001,328,106.2004,-64.8052
30,1001,336,107.0172,-65.4289
30,1001,344,107.1811,-65.5798
30,1001,352,107.2675,-65.6587
30,1001,360,107.4113,-65.7719
30,1001,368,107.6100,-65.9039
30,1001,376,107.6480,-65.9269
30,1001,384,107.9215,-66.0427
30,1001,392,107.9696,-66.0564
30,1001,400,108.0688,-66.0778
30,1001,408,108.2217,-66.0940
30,1001,416,108.2523,-66.0950
30,1001,424,108.3045,-66.0936
30,1001,432,108.3716,-66.0808
30,1001,440,108.4680,-66.0396
30,1001,448,108.5656,-65.9744
30,1001,456,108.7757,-65.7824
30,1001,464,108.9652,-65.5847
30,1001,472,109.1910,-65.3557
30,1001,480,109.3637,-65.2022
30,1001,488,110.0726,-64.8650
30,1001,496,110.4588,-64.9190
30,1001,504,110.6730,-64.9978
30,1001,512,110.7887,-65.0435
30,1001,520,110.8394,-65.0622
30,1001,528,110.9207,-65.0868
30,1001,536,111.0605,-65.1125
30,1001,544,111.1526,-65.1156
30,1001,552,111.3681,-65.0751
30,1001,560,111.4586,-65.0492
30,1001,568,111.8093,-64.9387
30,1001,576,112.0690,-64.8832
30,1001,584,112.3259,-64.8608
30,1001,592,112.3905,-64.8590
30,1001,600,112.7092,-64.8590
30,1001,608,112.9410,-64.8788
30,1001,616,113.3524,-64.9267
30,1001,624,113.8624,-65.0864
30,1001,632,114.0918,-65.1850
30,1001,640,114.2251,-65.2407
30,1001,648,114.5613,-65.3660
30,1001,656,115.5880,-65.8376
30,1001,664,115.9061,-66.0373
30,1001,672,116.0759,-66.1339
30,1001,680,116.4795,-66.3338
30,1001,688,116.5960,-66.3839
30,1001,696,116.6805,-66.4141
30,1001,704,116.9998,-66.4828
30,1001,712,117.2673,-66.5140
30,1001,720,117.5059,-66.5166
30,1001,728,117.5624,-66.5122
30,1001,736,117.9040,-66.4513
30,1001,744,117.9228,-66.4476
30,1001,752,118.0739,-66.4129
30,1001,760,118.1227,-66.3983
30,1001,768,118.5141,-66.2344
30,1001,776,119.2159,-66.0573
30,1001,784,119.2723,-66.0534
30,1001,792,119.3230,-66.0473
30,1001,800,119.6885,-65.9601
30,1001,808,120.6988,-65.9047
30,1001,816,121.5992,-66.1969
30,1001,824,121.7743,-66.2601
30,1001,832,122.0987,-66.3508
30,1001,840,122.1879,-66.3727
30,1001,848,122.4733,-66.4138
30,1001,856,122.5286,-66.4172
30,1001,864,122.9087,-66.3903
30,1001,872,122.9668,-66.3835
30,1001,880,123.0428,-66.3718
30,1001,888,123.1338,-66.3477
30,1001,896,123.2319,-66.3118
30,1001,904,123.3712,-66.2361
30,1001,912,123.9625,-65.7872
30,1001,920,124.5348,-65.4885
30,1001,928,124.7586,-65.4120
30,1001,936,125.6209,-65.2687
30,1001,944,126.8774,-65.5957
30,1001,952,126.9766,-65.6340
30,1001,960,127.4828,-65.7707
30,1001,968,127.7921,-65.8472
30,1001,976,127.9097,-65.8756
30,1001,984,128.3057,-65.9278
30,1001,992,129.5978,-66.1369
30,1001,1000,131.3334,-66.6515
30,1001,1008,132.5271,-66.9843
30,1001,1016,132.7054,-67.0134
30,1001,1024,133.5196,-67.0022
30,1001,1032,135.0995,-67.0188
30,1001,1040,138.4208,-67.2203
30,1001,1048,145.2320,-67.0073
30,1001,1056,153.0558,-66.4105
30,1001,1064,172.1894,-65.3593
30,1001,1072,189.0224,-64.9202
30,1001,1080,218.0036,-64.6454
30,1001,1088,247.7240,-64.5803
30,1001,1096,274.4242,-64.5663
30,1001,1104,445.4201,-64.5611
30,1001,1112,795.8988,-64.5613
30,1002,0,0.0000,-65.0000
30,1002,8,0.0699,-64.9855
30,1002,16,0.6811,-64.9173
30,1002,24,5.5147,-64.6276
30,1002,32,14.0905,-64.5433
30,1002,40,22.6664,-64.5540
30,1002,48,36.8228,-64.5609
30,1002,56,100.0000,-64.5618
30,1002,64,100.0421,-64.5440
30,1002,72,100.0793,-64.4999
30,1002,80,100.1265,-64.4135
30,1002,88,100.1826,-64.2660
30,1002,96,100.3848,-63.4723
30,1002,104,100.5233,-62.8090
30,1002,112,100.9441,-60.9582
30,1002,120,101.5744,-59.7205
30,1002,128,101.6345,-59.6970
30,1002,136,101.8460,-59.7081
30,1002,144,101.9148,-59.7362
30,1002,152,101.9823,-59.7722
30,1002,160,102.0248,-59.7988
30,1002,168,102.3057,-60.0346
30,1002,176,102.5637,-60.3469
30,1002,184,102.6913,-60.5310
30,1002,192,102.9245,-60.8980
30,1002,200,103.0916,-61.1777
30,1002,208,103.2574,-61.4613
30,1002,216,103.5026,-61.8813
30,1002,224,103.5984,-62.0444
30,1002,232,103.7598,-62.3146
30,1002,240,103.8989,-62.5306
30,1002,248,104.1544,-62.8901
30,1002,256,104.1965,-62.9456
30,1002,264,104.5612,-63.3821
30,1002,272,104.6886,-63.5272
30,1002,280,104.9300,-63.7834
30,1002,288,104.9811,-63.8358
30,1002,296,105.1337,-63.9755
30,1002,304,105.6992,-64.4187
30,1002,312,105.8058,-64.5093
30,1002,320,105.9342,-64.6141
30,1002,328,106.2004,-64.8052
30,1002,336,107.0172,-65.4289
30,1002,344,107.1811,-65.5798
30,1002,352,107.2675,-65.6587
30,1002,360,107.4113,-65.7719
30,1002,368,107.6100,-65.9039
30,1002,376,107.6480,-65.9269
30,1002,384,107.9215,-66.0427
30,1002,392,107.9696,-66.0564
30,1002,400,108.0688,-66.0778
30,1002,408,108.2217,-66.0940
30,1002,416,108.2523,-66.0950
30,1002,424,108.3045,-66.0936
30,1002,432,108.3716,-66.0808
30,1002,440,108.4680,-66.0396
30,1002,448,108.5656,-65.9744
30,1002,456,108.7757,-65.7824
30,1002,464,108.9652,-65.5847
30,1002,472,109.1910,-65.3557
30,1002,480,109.3637,-65.2022
30,1002,488,110.0726,-64.8650
30,1002,496,110.4588,-64.9190
30,1002,504,110.6730,-64.9978
30,1002,512,110.7887,-65.0435
30,1002,520,110.8394,-65.0622
30,1002,528,110.9207,-65.0868
30,1002,536,111.0605,-65.1125
30,1002,544,111.1526,-65.1156
30,1002,552,111.3681,-65.0751
30,1002,560,111.4586,-65.0492
30,1002,568,111.8093,-64.9387
30,1002,576,112.0690,-64.8832
30,1002,584,112.3259,-64.8608
30,1002,592,112.3905,-64.8590
30,1002,600,112.7092,-64.8590
30,1002,608,112.9410,-64.8788
30,1002,616,113.3524,-64.9267
30,1002,624,113.8624,-65.0864
30,1002,632,114.0918,-65.1850
30,1002,640,114.2251,-65.2407
30,1002,648,114.5613,-65.3660
30,1002,656,115.5880,-65.8376
30,1002,664,115.9061,-66.0373
30,1002,672,116.0759,-66.1339
30,1002,680,116.4795,-66.3338
30,1002,688,116.5960,-66.3839
30,1002,696,116.6805,-66.4141
30,1002,704,116.9998,-66.4828
30,1002,712,117.2673,-66.5140
30,1002,720,117.5059,-66.5166
30,1002,728,117.5624,-66.5122
30,1002,736,117.9040,-66.4513
30,1002,744,117.9228,-66.4476
30,1002,752,118.0739,-66.4129
30,1002,760,118.1227,-66.3983
30,1002,768,118.5141,-66.2344
30,1002,776,119.2159,-66.0573
30,1002,784,119.2723,-66.0534
30,1002,792,119.3230,-66.0473
30,1002,800,119.6885,-65.9601
30,1002,808,120.6988,-65.9047
30,1002,816,121.5992,-66.1969
30,1002,824,121.7743,-66.2601
30,1002,832,122.0987,-66.3508
30,1002,840,122.1879,-66.3727
30,1002,848,122.4733,-66.4138
30,1002,856,122.5286,-66.4172
30,1002,864,122.9087,-66.3903
30,1002,872,122.9668,-66.3835
30,1002,880,123.0428,-66.3718
30,1002,888,123.1338,-66.3477
30,1002,896,123.2319,-66.3118
30,1002,904,123.3712,-66.2361
30,1002,912,123.9625,-65.7872
30,1002,920,124.5348,-65.4885
30,1002,928,124.7586,-65.4120
30,1002,936,125.6209,-65.2687
30,1002,944,126.8774,-65.5957
30,1002,952,126.9766,-65.6340
30,1002,960,127.4828,-65.7707
30,1002,968,127.7921,-65.8472
30,1002,976,127.9097,-65.8756
30,1002,984,128.3057,-65.9278
30,1002,992,129.5978,-66.1369
30,1002,1000,131.3334,-66.6515
30,1002,1008,132.5271,-66.9843
30,1002,1016,132.7054,-67.0134
30,1002,1024,133.5196,-67.0022
30,1002,1032,135.0995,-67.0188
30,1002,1040,138.4208,-67.2203
30,1002,1048,145.2320,-67.0073
30,1002,1056,153.0558,-66.4105
30,1002,1064,172.1894,-65.3593
30,1002,1072,189.0224,-64.9202
30,1002,1080,218.0036,-64.6454
30,1002,1088,247.7240,-64.5803
30,1002,1096,274.4242,-64.5663
30,1002,1104,445.4201,-64.5611
30,1002,1112,795.8988,-64.5613
30,1003,0,0.0000,-65.0000
30,1003,8,0.0699,-64.9855
30,1003,16,0.6811,-64.9173
30,1003,24,5.5147,-64.6276
30,1003,32,14.0905,-64.5433
30,1003,40,22.6664,-64.5540
30,1003,48,36.8228,-64.5609
30,1003,56,100.0000,-64.5618
30,1003,64,100.0421,-64.5440
30,1003,72,100.0793,-64.4999
30,1003,80,100.1265,-64.4135
30,1003,88,100.1826,-64.2660
30,1003,96,100.3848,-63.4723
30,1003,104,100.5233,-62.8090
30,1003,112,100.9441,-60.9582
30,1003,120,101.5744,-59.7205
30,1003,128,101.6345,-59.6970
30,1003,136,101.8460,-59.7081
30,1003,144,101.9148,-59.7362
30,1003,152,101.9823,-59.7722
30,1003,160,102.0248,-59.7988
30,1003,168,102.3057,-60.0346
30,1003,176,102.5637,-60.3469
30,1003,184,102.6913,-60.5310
30,1003,192,102.9245,-60.8980
30,1003,200,103.0916,-61.1777
30,1003,208,103.2574,-61.4613
30,1003,216,103.5026,-61.8813
30,1003,224,103.5984,-62.0444
30,1003,232,103.7598,-62.3146
30,1003,240,103.8989,-62.5306
30,1003,248,104.1544,-62.8901
30,1003,256,104.1965,-62.9456
30,1003,264,104.5612,-63.3821
30,1003,272,104.6886,-63.5272
30,1003,280,104.9300,-63.7834
30,1003,288,104.9811,-63.8358
30,1003,296,105.1337,-63.9755
30,1003,304,105.6992,-64.4187
30,1003,312,105.8058,-64.5093
30,1003,320,105.9342,-64.6141
30,1003,328,106.2004,-64.8052
30,1003,336,107.0172,-65.4289
30,1003,344,107.1811,-65.5798
30,1003,352,107.2675,-65.6587
30,1003,360,107.4113,-65.7719
30,1003,368,107.6100,-65.9039
30,1003,376,107.6480,-65.9269
30,1003,384,107.9215,-66.0427
30,1003,392,107.9696,-66.0564
30,1003,400,108.0688,-66.0778
30,1003,408,108.2217,-66.0940
30,1003,416,108.2523,-66.0950
30,1003,424,108.3045,-66.0936
30,1003,432,108.3716,-66.0808
30,1003,440,108.4680,-66.0396
30,1003,448,108.5656,-65.9744
30,1003,456,108.7757,-65.7824
30,1003,464,108.9652,-65.5847
30,1003,472,109.1910,-65.3557
30,1003,480,109.3637,-65.2022
30,1003,488,110.0726,-64.8650
30,1003,496,110.4588,-64.9190
30,1003,504,110.6730,-64.9978
30,1003,512,110.7887,-65.0435
30,1003,520,110.8394,-65.0622
30,1003,528,110.9207,-65.0868
30,1003,536,111.0605,-65.1125
30,1003,544,111.1526,-65.1156
30,1003,552,111.3681,-65.0751
30,1003,560,111.4586,-65.0492
30,1003,568,111.8093,-64.9387
30,1003,576,112.0690,-64.8832
30,1003,584,112.3259,-64.8608
30,1003,592,112.3905,-64.8590
30,1003,600,112.7092,-64.8590
30,1003,608,112.9410,-64.8788
30,1003,616,113.3524,-64.9267
30,1003,624,113.8624,-65.0864
30,1003,632,114.0918,-65.1850
30,1003,640,114.2251,-65.2407
30,1003,648,114.5613,-65.3660
30,1003,656,115.5880,-65.8376
30,1003,664,115.9061,-66.0373
30,1003,672,116.0759,-66.1339
30,1003,680,116.4795,-66.3338
30,1003,688,116.5960,-66.3839
30,1003,696,116.6805,-66.4141
30,1003,704,116.9998,-66.4828
30,1003,712,117.2673,-66.5140
30,1003,720,117.5059,-66.5166
30,1003,728,117.5624,-66.5122
30,1003,736,117.9040,-66.4513
30,1003,744,117.9228,-66.4476
30,1003,752,118.0739,-66.4129
30,1003,760,118.1227,-66.3983
30,1003,768,118.5141,-66.2344
30,1003,776,119.2159,-66.0573
30,1003,784,119.2723,-66.0534
30,1003,792,119.3230,-66.0473
30,1003,800,119.6885,-65.9601
30,1003,808,120.6988,-65.9047
30,1003,816,121.5992,-66.1969
30,1003,824,121.7743,-66.2601
30,1003,832,122.0987,-66.3508
30,1003,840,122.1879,-66.3727
30,1003,848,122.4733,-66.4138
30,1003,856,122.5286,-66.4172
30,1003,864,122.9087,-66.3903
30,1003,872,122.9668,-66.3835
30,1003,880,123.0428,-66.3718
30,1003,888,123.1338,-66.3477
30,1003,896,123.2319,-66.3118
30,1003,904,123.3712,-66.2361
30,1003,912,123.9625,-65.7872
30,1003,920,124.5348,-65.4885
30,1003,928,124.7586,-65.4120
30,1003,936,125.6209,-65.2687
30,1003,944,126.8774,-65.5957
30,1003,952,126.9766,-65.6340
30,1003,960,127.4828,-65.7707
30,1003,968,127.7921,-65.8472
30,1003,976,127.9097,-65.8756
30,1003,984,128.3057,-65.9278
30,1003,992,129.5978,-66.1369
30,1003,1000,131.3334,-66.6515
30,1003,1008,132.5271,-66.9843
30,1003,1016,132.7054,-67.0134
30,1003,1024,133.5196,-67.0022
30,1003,1032,135.0995,-67.0188
30,1003,1040,138.4208,-67.2203
30,1003,1048,145.2320,-67.0073
30,1003,1056,153.0558,-66.4105
30,1003,1064,172.1894,-65.3593
30,1003,1072,189.0224,-64.9202
30,1003,1080,218.0036,-64.6454
30,1003,1088,247.7240,-64.5803
30,1003,1096,274.4242,-64.5663
30,1003,1104,445.4201,-64.5611
30,1003,1112,795.8988,-64.5613
30,1004,0,0.0000,-65.0000
30,1004,8,0.0699,-64.9855
30,1004,16,0.6811,-64.9173
30,1004,24,5.5147,-64.6276
30,1004,32,14.0905,-64.5433
30,1004,40,22.6664,-64.5540
30,1004,48,36.8228,-64.5609
30,1004,56,100.0000,-64.5618
30,1004,64,100.0421,-64.5440
30,1004,72,100.0793,-64.4999
30,1004,80,100.1265,-64.4135
30,1004,88,100.1826,-64.2660
30,1004,96,100.3848,-63.4723
30,1004,104,100.5233,-62.8090
30,1004,112,100.9441,-60.9582
30,1004,120,101.5744,-59.7205
30,1004,128,101.6345,-59.6970
30,1004,136,101.8460,-59.7081
30,1004,144,101.9148,-59.7362
30,1004,152,101.9823,-59.7722
30,1004,160,102.0248,-59.7988
30,1004,168,102.3057,-60.0346
30,1004,176,102.5637,-60.3469
30,1004,184,102.6913,-60.5310
30,1004,192,102.9245,-60.8980
30,1004,200,103.0916,-61.1777
30,1004,208,103.2574,-61.4613
30,1004,216,103.5026,-61.8813
30,1004,224,103.5984,-62.0444
30,1004,232,103.7598,-62.3146
30,1004,240,103.8989,-62.5306
30,1004,248,104.1544,-62.8901
30,1004,256,104.1965,-62.9456
30,1004,264,104.5612,-63.3821
30,1004,272,104.6886,-63.5272
30,1004,280,104.9300,-63.7834
30,1004,288,104.9811,-63.8358
30,1004,296,105.1337,-63.9755
30,1004,304,105.6992,-64.4187
30,1004,312,105.8058,-64.5093
30,1004,320,105.9342,-64.6141
30,1004,328,106.2004,-64.8052
30,1004,336,107.0172,-65.4289
30,1004,344,107.1811,-65.5798
30,1004,352,107.2675,-65.6587
30,1004,360,107.4113,-65.7719
30,1004,368,107.6100,-65.9039
30,1004,376,107.6480,-65.9269
30,1004,384,107.9215,-66.0427
30,1004,392,107.9696,-66.0564
30,1004,400,108.0688,-66.0778
30,1004,408,108.2217,-66.0940
30,1004,416,108.2523,-66.0950
30,1004,424,108.3045,-66.0936
30,1004,432,108.3716,-66.0808
30,1004,440,108.4680,-66.0396
30,1004,448,108.5656,-65.9744
30,1004,456,108.7757,-65.7824
30,1004,464,108.9652,-65.5847
30,1004,472,109.1910,-65.3557
30,1004,480,109.3637,-65.2022
30,1004,488,110.0726,-64.8650
30,1004,496,110.4588,-64.9190
30,1004,504,110.6730,-64.9978
30,1004,512,110.7887,-65.0435
30,1004,520,110.8394,-65.0622
30,1004,528,110.9207,-65.0868
30,1004,536,111.0605,-65.1125
30,1004,544,111.1526,-65.1156
30,1004,552,111.3681,-65.0751
30,1004,560,111.4586,-65.0492
30,1004,568,111.8093,-64.9387
30,1004,576,112.0690,-64.8832
30,1004,584,112.3259,-64.8608
30,1004,592,112.3905,-64.8590
30,1004,600,112.7092,-64.8590
30,1004,608,112.9410,-64.8788
30,1004,616,113.3524,-64.9267
30,1004,624,113.8624,-65.0864
30,1004,632,114.0918,-65.1850
30,1004,640,114.2251,-65.2407
30,1004,648,114.5613,-65.3660
30,1004,656,115.5880,-65.8376
30,1004,664,115.9061,-66.0373
30,1004,672,116.0759,-66.1339
30,1004,680,116.4795,-66.3338
30,1004,688,116.5960,-66.3839
30,1004,696,116.6805,-66.4141
30,1004,704,116.9998,-66.4828
30,1004,712,117.2673,-66.5140
30,1004,720,117.5059,-66.5166
30,1004,728,117.5624,-66.5122
30,1004,736,117.9040,-66.4513
30,1004,744,117.9228,-66.4476
30,1004,752,118.0739,-66.4129
30,1004,760,118.1227,-66.3983
30,1004,768,118.5141,-66.2344
30,1004,776,119.2159,-66.0573
30,1004,784,119.2723,-66.0534
30,1004,792,119.3230,-66.0473
30,1004,800,119.6885,-65.9601
30,1004,808,120.6988,-65.9047
30,1004,816,121.5992,-66.1969
30,1004,824,121.7743,-66.2601
30,1004,832,122.0987,-66.3508
30,1004,840,122.1879,-66.3727
30,1004,848,122.4733,-66.4138
30,1004,856,122.5286,-66.4172
30,1004,864,122.9087,-66.3903
30,1004,872,122.9668,-66.3835
30,1004,880,123.0428,-66.3718
30,1004,888,123.1338,-66.3477
30,1004,896,123.2319,-66.3118
30,1004,904,123.3712,-66.2361
30,1004,912,123.9625,-65.7872
30,1004,920,124.5348,-65.4885
30,1004,928,124.7586,-65.4120
30,1004,936,125.6209,-65.2687
30,1004,944,126.8774,-65.5957
30,1004,952,126.9766,-65.6340
30,1004,960,127.4828,-65.7707
30,1004,968,127.7921,-65.8472
30,1004,976,127.9097,-65.8756
30,1004,984,128.3057,-65.9278
30,1004,992,129.5978,-66.1369
30,1004,1000,131.3334,-66.6515
30,1004,1008,132.5271,-66.9843
30,1004,1016,132.7054,-67.0134
30,1004,1024,133.5196,-67.0022
30,1004,1032,135.0995,-67.0188
30,1004,1040,138.4208,-67.2203
30,1004,1048,145.2320,-67.0073
30,1004,1056,153.0558,-66.4105
30,1004,1064,172.1894,-65.3593
30,1004,1072,189.0224,-64.9202
30,1004,1080,218.0036,-64.6454
30,1004,1088,247.7240,-64.5803
30,1004,1096,274.4242,-64.5663
30,1004,1104,445.4201,-64.5611
30,1004,1112,795.8988,-64.5613
30,1005,0,0.0000,-65.0000
30,1005,8,0.0699,-64.9855
30,1005,16,0.6811,-64.9173
30,1005,24,5.5147,-64.6276
30,1005,32,14.0905,-64.5433
30,1005,40,22.6664,-64.5540
30,1005,48,36.8228,-64.5609
30,1005,56,100.0000,-64.5618
30,1005,64,100.0421,-64.5440
30,1005,72,100.0793,-64.4999
30,1005,80,100.1265,-64.4135
30,1005,88,100.1826,-64.2660
30,1005,96,100.3848,-63.4723
30,1005,104,100.5233,-62.8090
30,1005,112,100.9441,-60.9582
30,1005,120,101.5744,-59.7205
30,1005,128,101.6345,-59.6970
30,1005,136,101.8460,-59.7081
30,1005,144,101.9148,-59.7362
30,1005,152,101.9823,-59.7722
30,1005,160,102.0248,-59.7988
30,1005,168,102.3057,-60.0346
30,1005,176,102.5637,-60.3469
30,1005,184,102.6913,-60.5310
30,1005,192,102.9245,-60.8980
30,1005,200,103.0916,-61.1777
30,1005,208,103.2574,-61.4613
30,1005,216,103.5026,-61.8813
30,1005,224,103.5984,-62.0444
30,1005,232,103.7598,-62.3146
30,1005,240,103.8989,-62.5306
30,1005,248,104.1544,-62.8901
30,1005,256,104.1965,-62.9456
30,1005,264,104.5612,-63.3821
30,1005,272,104.6886,-63.5272
30,1005,280,104.9300,-63.7834
30,1005,288,104.9811,-63.8358
30,1005,296,105.1337,-63.9755
30,1005,304,105.6992,-64.4187
30,1005,312,105.8058,-64.5093
30,1005,320,105.9342,-64.6141
30,1005,328,106.2004,-64.8052
30,1005,336,107.0172,-65.4289
30,1005,344,107.1811,-65.5798
30,1005,352,107.2675,-65.6587
30,1005,360,107.4113,-65.7719
30,1005,368,107.6100,-65.9039
30,1005,376,107.6480,-65.9269
30,1005,384,107.9215,-66.0427
30,1005,392,107.9696,-66.0564
30,1005,400,108.0688,-66.0778
30,1005,408,108.2217,-66.0940
30,1005,416,108.2523,-66.0950
30,1005,424,108.3045,-66.0936
30,1005,432,108.3716,-66.0808
30,1005,440,108.4680,-66.0396
30,1005,448,108.5656,-65.9744
30,1005,456,108.7757,-65.7824
30,1005,464,108.9652,-65.5847
30,1005,472,109.1910,-65.3557
30,1005,480,109.3637,-65.2022
30,1005,488,110.0726,-64.8650
30,1005,496,110.4588,-64.9190
30,1005,504,110.6730,-64.9978
30,1005,512,110.7887,-65.0435
30,1005,520,110.8394,-65.0622
30,1005,528,110.9207,-65.0868
30,1005,536,111.0605,-65.1125
30,1005,544,111.1526,-65.1156
30,1005,552,111.3681,-65.0751
30,1005,560,111.4586,-65.0492
30,1005,568,111.8093,-64.9387
30,1005,576,112.0690,-64.8832
30,1005,584,112.3259,-64.8608
30,1005,592,112.3905,-64.8590
30,1005,600,112.7092,-64.8590
30,1005,608,112.9410,-64.8788
30,1005,616,113.3524,-64.9267
30,1005,624,113.8624,-65.0864
30,1005,632,114.0918,-65.1850
30,1005,640,114.2251,-65.2407
30,1005,648,114.5613,-65.3660
30,1005,656,115.5880,-65.8376
30,1005,664,115.9061,-66.0373
30,1005,672,116.0759,-66.1339
30,1005,680,116.4795,-66.3338
30,1005,688,116.5960,-66.3839
30,1005,696,116.6805,-66.4141
30,1005,704,116.9998,-66.4828
30,1005,712,117.2673,-66.5140
30,1005,720,117.5059,-66.5166
30,1005,728,117.5624,-66.5122
30,1005,736,117.9040,-66.4513
30,1005,744,117.9228,-66.4476
30,1005,752,118.0739,-66.4129
30,1005,760,118.1227,-66.3983
30,1005,768,118.5141,-66.2344
30,1005,776,119.2159,-66.0573
30,1005,784,119.2723,-66.0534
30,1005,792,119.3230,-66.0473
30,1005,800,119.6885,-65.9601
30,1005,808,120.6988,-65.9047
30,1005,816,121.5992,-66.1969
30,1005,824,121.7743,-66.2601
30,1005,832,122.0987,-66.3508
30,1005,840,122.1879,-66.3727
30,1005,848,122.4733,-66.4138
30,1005,856,122.5286,-66.4172
30,1005,864,122.9087,-66.3903
30,1005,872,122.9668,-66.3835
30,1005,880,123.0428,-66.3718
30,1005,888,123.1338,-66.3477
30,1005,896,123.2319,-66.3118
30,1005,904,123.3712,-66.2361
30,1005,912,123.9625,-65.7872
30,1005,920,124.5348,-65.4885
30,1005,928,124.7586,-65.4120
30,1005,936,125.6209,-65.2687
30,1005,944,126.8774,-65.5957
30,1005,952,126.9766,-65.6340
30,1005,960,127.4828,-65.7707
30,1005,968,127.7921,-65.8472
30,1005,976,127.9097,-65.8756
30,1005,984,128.3057,-65.9278
30,1005,992,129.5978,-66.1369
30,1005,1000,131.3334,-66.6515
30,1005,1008,132.5271,-66.9843
30,1005,1016,132.7054,-67.0134
30,1005,1024,133.5196,-67.0022
30,1005,1032,135.0995,-67.0188
30,1005,1040,138.4208,-67.2203
30,1005,1048,145.2320,-67.0073
30,1005,1056,153.0558,-66.4105
30,1005,1064,172.1894,-65.3593
30,1005,1072,189.0224,-64.9202
30,1005,1080,218.0036,-64.6454
30,1005,1088,247.7240,-64.5803
30,1005,1096,274.4242,-64.5663
30,1005,1104,445.4201,-64.5611
30,1005,1112,795.8988,-64.5613
30,1006,0,0.0000,-65.0000
30,1006,8,0.0699,-64.9855
30,1006,16,0.6811,-64.9173
30,1006,24,5.5147,-64.6276
30,1006,32,14.0905,-64.5433
30,1006,40,22.6664,-64.5540
30,1006,48,36.8228,-64.5609
30,1006,56,100.0000,-64.5618
30,1006,64,100.0421,-64.5440
30,1006,72,100.0793,-64.4999
30,1006,80,100.1265,-64.4135
30,1006,88,100.1826,-64.2660
30,1006,96,100.3848,-63.4723
30,1006,104,100.5233,-62.8090
30,1006,112,100.9441,-60.9582
30,1006,120,101.5744,-59.7205
30,1006,128,101.6345,-59.6970
30,1006,136,101.8460,-59.7081
30,1006,144,101.9148,-59.7362
30,1006,152,101.9823,-59.7722
30,1006,160,102.0248,-59.7988
30,1006,168,102.3057,-60.0346
30,1006,176,102.5637,-60.3469
30,1006,184,102.6913,-60.5310
30,1006,192,102.9245,-60.8980
30,1006,200,103.0916,-61.1777
30,1006,208,103.2574,-61.4613
30,1006,216,103.5026,-61.8813
30,1006,224,103.5984,-62.0444
30,1006,232,103.7598,-62.3146
30,1006,240,103.8989,-62.5306
30,1006,248,104.1544,-62.8901
30,1006,256,104.1965,-62.9456
30,1006,264,104.5612,-63.3821
30,1006,272,104.6886,-63.5272
30,1006,280,104.9300,-63.7834
30,1006,288,104.9811,-63.8358
30,1006,296,105.1337,-63.9755
30,1006,304,105.6992,-64.4187
30,1006,312,105.8058,-64.5093
30,1006,320,105.9342,-64.6141
30,1006,328,106.2004,-64.8052
30,1006,336,107.0172,-65.4289
30,1006,344,107.1811,-65.5798
30,1006,352,107.2675,-65.6587
30,1006,360,107.4113,-65.7719
30,1006,368,107.6100,-65.9039
30,1006,376,107.6480,-65.9269
30,1006,384,107.9215,-66.0427
30,1006,392,107.9696,-66.0564
30,1006,400,108.0688,-66.0778
30,1006,408,108.2217,-66.0940
30,1006,416,108.2523,-66.0950
30,1006,424,108.3045,-66.0936
30,1006,432,108.3716,-66.0808
30,1006,440,108.4680,-66.0396
30,1006,448,108.5656,-65.9744
30,1006,456,108.7757,-65.7824
30,1006,464,108.9652,-65.5847
30,1006,472,109.1910,-65.3557
30,1006,480,109.3637,-65.2022
30,1006,488,110.0726,-64.8650
30,1006,496,110.4588,-64.9190
30,1006,504,110.6730,-64.9978
30,1006,512,110.7887,-65.0435
30,1006,520,110.8394,-65.0622
30,1006,528,110.9207,-65.0868
30,1006,536,111.0605,-65.1125
30,1006,544,111.1526,-65.1156
30,1006,552,111.3681,-65.0751
30,1006,560,111.4586,-65.0492
30,1006,568,111.8093,-64.9387
30,1006,576,112.0690,-64.8832
30,1006,584,112.3259,-64.8608
30,1006,592,112.3905,-64.8590
30,1006,600,112.7092,-64.8590
30,1006,608,112.9410,-64.8788
30,1006,616,113.3524,-64.9267
30,1006,624,113.8624,-65.0864
30,1006,632,114.0918,-65.1850
30,1006,640,114.2251,-65.2407
30,1006,648,114.5613,-65.3660
30,1006,656,115.5880,-65.8376
30,1006,664,115.9061,-66.0373
30,1006,672,116.0759,-66.1339
30,1006,680,116.4795,-66.3338
30,1006,688,116.5960,-66.3839
30,1006,696,116.6805,-66.4141
30,1006,704,116.9998,-66.4828
30,1006,712,117.2673,-66.5140
30,1006,720,117.5059,-66.5166
30,1006,728,117.5624,-66.5122
30,1006,736,117.9040,-66.4513
30,1006,744,117.9228,-66.4476
30,1006,752,118.0739,-66.4129
30,1006,760,118.1227,-66.3983
30,1006,768,118.5141,-66.2344
30,1006,776,119.2159,-66.0573
30,1006,784,119.2723,-66.0534
30,1006,792,119.3230,-66.0473
30,1006,800,119.6885,-65.9601
30,1006,808,120.6988,-65.9047
30,1006,816,121.5992,-66.1969
30,1006,824,121.7743,-66.2601
30,1006,832,122.0987,-66.3508
30,1006,840,122.1879,-66.3727
30,1006,848,122.4733,-66.4138
30,1006,856,122.5286,-66.4172
30,1006,864,122.9087,-66.3903
30,1006,872,122.9668,-66.3835
30,1006,880,123.0428,-66.3718
30,1006,888,123.1338,-66.3477
30,1006,896,123.2319,-66.3118
30,1006,904,123.3712,-66.2361
30,1006,912,123.9625,-65.7872
30,1006,920,124.5348,-65.4885
30,1006,928,124.7586,-65.4120
30,1006,936,125.6209,-65.2687
30,1006,944,126.8774,-65.5957
30,1006,952,126.9766,-65.6340
30,1006,960,127.4828,-65.7707
30,1006,968,127.7921,-65.8472
30,1006,976,127.9097,-65.8756
30,1006,984,128.3057,-65.9278
30,1006,992,129.5978,-66.1369
30,1006,1000,131.3334,-66.6515
30,1006,1008,132.5271,-66.9843
30,1006,1016,132.7054,-67.0134
30,1006,1024,133.5196,-67.0022
30,1006,1032,135.0995,-67.0188
30,1006,1040,138.4208,-67.2203
30,1006,1048,145.2320,-67.0073
30,1006,1056,153.0558,-66.4105
30,1006,1064,172.1894,-65.3593
30,1006,1072,189.0224,-64.9202
30,1006,1080,218.0036,-64.6454
30,1006,1088,247.7240,-64.5803
30,1006,1096,274.4242,-64.5663
30,1006,1104,445.4201,-64.5611
30,1006,1112,795.8988,-64.5613
30,1007,0,0.0000,-65.0000
30,1007,8,0.0699,-64.9855
30,1007,16,0.6811,-64.9173
30,1007,24,5.5147,-64.6276
30,1007,32,14.0905,-64.5433
30,1007,40,22.6664,-64.5540
30,1007,48,36.8228,-64.5609
30,1007,56,100.0000,-64.5618
30,1007,64,100.0421,-64.5440
30,1007,72,100.0793,-64.4999
30,1007,80,100.1265,-64.4135
30,1007,88,100.1826,-64.2660
30,1007,96,100.3848,-63.4723
30,1007,104,100.5233,-62.8090
30,1007,112,100.9441,-60.9582
30,1007,120,101.5744,-59.7205
30,1007,128,101.6345,-59.6970
30,1007,136,101.8460,-59.7081
30,1007,144,101.9148,-59.7362
30,1007,152,101.9823,-59.7722
30,1007,160,102.0248,-59.7988
30,1007,168,102.3057,-60.0346
30,1007,176,102.5637,-60.3469
30,1007,184,102.6913,-60.5310
30,1007,192,102.9245,-60.8980
30,1007,200,103.0916,-61.1777
30,1007,208,103.2574,-61.4613
30,1007,216,103.5026,-61.8813
30,1007,224,103.5984,-62.0444
30,1007,232,103.7598,-62.3146
30,1007,240,103.8989,-62.5306
30,1007,248,104.1544,-62.8901
30,1007,256,104.1965,-62.9456
30,1007,264,104.5612,-63.3821
30,1007,272,104.6886,-63.5272
30,1007,280,104.9300,-63.7834
30,1007,288,104.9811,-63.8358
30,1007,296,105.1337,-63.9755
30,1007,304,105.6992,-64.4187
30,1007,312,105.8058,-64.5093
30,1007,320,105.9342,-64.6141
30,1007,328,106.2004,-64.8052
30,1007,336,107.0172,-65.4289
30,1007,344,107.1811,-65.5798
30,1007,352,107.2675,-65.6587
30,1007,360,107.4113,-65.7719
30,1007,368,107.6100,-65.9039
30,1007,376,107.6480,-65.9269
30,1007,384,107.9215,-66.0427
30,1007,392,107.9696,-66.0564
30,1007,400,108.0688,-66.0778
30,1007,408,108.2217,-66.0940
30,1007,416,108.2523,-66.0950
30,1007,424,108.3045,-66.0936
30,1007,432,108.3716,-66.0808
30,1007,440,108.4680,-66.0396
30,1007,448,108.5656,-65.9744
30,1007,456,108.7757,-65.7824
30,1007,464,108.9652,-65.5847
30,1007,472,109.1910,-65.3557
30,1007,480,109.3637,-65.2022
30,1007,488,110.0726,-64.8650
30,1007,496,110.4588,-64.9190
30,1007,504,110.6730,-64.9978
30,1007,512,110.7887,-65.0435
30,1007,520,110.8394,-65.0622
30,1007,528,110.9207,-65.0868
30,1007,536,111.0605,-65.1125
30,1007,544,111.1526,-65.1156
30,1007,552,111.3681,-65.0751
30,1007,560,111.4586,-65.0492
30,1007,568,111.8093,-64.9387
30,1007,576,112.0690,-64.8832
30,1007,584,112.3259,-64.8608
30,1007,592,112.3905,-64.8590
30,1007,600,112.7092,-64.8590
30,1007,608,112.9410,-64.8788
30,1007,616,113.3524,-64.9267
30,1007,624,113.8624,-65.0864
30,1007,632,114.0918,-65.1850
30,1007,640,114.2251,-65.2407
30,1007,648,114.5613,-65.3660
30,1007,656,115.5880,-65.8376
30,1007,664,115.9061,-66.0373
30,1007,672,116.0759,-66.1339
30,1007,680,116.4795,-66.3338
30,1007,688,116.5960,-66.3839
30,1007,696,116.6805,-66.4141
30,1007,704,116.9998,-66.4828
30,1007,712,117.2673,-66.5140
30,1007,720,117.5059,-66.5166
30,1007,728,117.5624,-66.5122
30,1007,736,117.9040,-66.4513
30,1007,744,117.9228,-66.4476
30,1007,752,118.0739,-66.4129
30,1007,760,118.1227,-66.3983
30,1007,768,118.5141,-66.2344
30,1007,776,119.2159,-66.0573
30,1007,784,119.2723,-66.0534
30,1007,792,119.3230,-66.0473
30,1007,800,119.6885,-65.9601
30,1007,808,120.6988,-65.9047
30,1007,816,121.5992,-66.1969
30,1007,824,121.7743,-66.2601
30,1007,832,122.0987,-66.3508
30,1007,840,122.1879,-66.3727
30,1007,848,122.4733,-66.4138
30,1007,856,122.5286,-66.4172
30,1007,864,122.9087,-66.3903
30,1007,872,122.9668,-66.3835
30,1007,880,123.0428,-66.3718
30,1007,888,123.1338,-66.3477
30,1007,896,123.2319,-66.3118
30,1007,904,123.3712,-66.2361
30,1007,912,123.9625,-65.7872
30,1007,920,124.5348,-65.4885
30,1007,928,124.7586,-65.4120
30,1007,936,125.6209,-65.2687
30,1007,944,126.8774,-65.5957
30,1007,952,126.9766,-65.6340
30,1007,960,127.4828,-65.7707
30,1007,968,127.7921,-65.8472
30,1007,976,127.9097,-65.8756
30,1007,984,128.3057,-65.9278
30,1007,992,129.5978,-66.1369
30,1007,1000,131.3334,-66.6515
30,1007,1008,132.5271,-66.9843
30,1007,1016,132.7054,-67.0134
30,1007,1024,133.5196,-67.0022
30,1007,1032,135.0995,-67.0188
30,1007,1040,138.4208,-67.2203
30,1007,1048,145.2320,-67.0073
30,1007,1056,153.0558,-66.4105
30,1007,1064,172.1894,-65.3593
30,1007,1072,189.0224,-64.9202
30,1007,1080,218.0036,-64.6454
30,1007,1088,247.7240,-64.5803
30,1007,1096,274.4242,-64.5663
30,1007,1104,445.4201,-64.5611
30,1007,1112,795.8988,-64.5613
30,1008,0,0.0000,-65.0000
30,1008,8,0.0699,-64.9855
30,1008,16,0.6811,-64.9173
30,1008,24,5.5147,-64.6276
30,1008,32,14.0905,-64.5433
30,1008,40,22.6664,-64.5540
30,1008,48,36.8228,-64.5609
30,1008,56,100.0000,-64.5618
30,1008,64,100.0421,-64.5440
30,1008,72,100.0793,-64.4999
30,1008,80,100.1265,-64.4135
30,1008,88,100.1826,-64.2660
30,1008,96,100.3848,-63.4723
30,1008,104,100.5233,-62.8090
30,1008,112,100.9441,-60.9582
30,1008,120,101.5744,-59.7205
30,1008,128,101.6345,-59.6970
30,1008,136,101.8460,-59.7081
30,1008,144,101.9148,-59.7362
30,1008,152,101.9823,-59.7722
30,1008,160,102.0248,-59.7988
30,1008,168,102.3057,-60.0346
30,1008,176,102.5637,-60.3469
30,1008,184,102.6913,-60.5310
30,1008,192,102.9245,-60.8980
30,1008,200,103.0916,-61.1777
30,1008,208,103.2574,-61.4613
30,1008,216,103.5026,-61.8813
30,1008,224,103.5984,-62.0444
30,1008,232,103.7598,-62.3146
30,1008,240,103.8989,-62.5306
30,1008,248,104.1544,-62.8901
30,1008,256,104.1965,-62.9456
30,1008,264,104.5612,-63.3821
30,1008,272,104.6886,-63.5272
30,1008,280,104.9300,-63.7834
30,1008,288,104.9811,-63.8358
30,1008,296,105.1337,-63.9755
30,1008,304,105.6992,-64.4187
30,1008,312,105.8058,-64.5093
30,1008,320,105.9342,-64.6141
30,1008,328,106.2004,-64.8052
30,1008,336,107.0172,-65.4289
30,1008,344,107.1811,-65.5798
30,1008,352,107.2675,-65.6587
30,1008,360,107.4113,-65.7719
30,1008,368,107.6100,-65.9039
30,1008,376,107.6480,-65.9269
30,1008,384,107.9215,-66.0427
30,1008,392,107.9696,-66.0564
30,1008,400,108.0688,-66.0778
30,1008,408,108.2217,-66.0940
30,1008,416,108.2523,-66.0950
30,1008,424,108.3045,-66.0936
30,1008,432,108.3716,-66.0808
30,1008,440,108.4680,-66.0396
30,1008,448,108.5656,-65.9744
30,1008,456,108.7757,-65.7824
30,1008,464,108.9652,-65.5847
30,1008,472,109.1910,-65.3557
30,1008,480,109.3637,-65.2022
30,1008,488,110.0726,-64.8650
30,1008,496,110.4588,-64.9190
30,1008,504,110.6730,-64.9978
30,1008,512,110.7887,-65.0435
30,1008,520,110.8394,-65.0622
30,1008,528,110.9207,-65.0868
30,1008,536,111.0605,-65.1125
30,1008,544,111.1526,-65.1156
30,1008,552,111.3681,-65.0751
30,1008,560,111.4586,-65.0492
30,1008,568,111.8093,-64.9387
30,1008,576,112.0690,-64.8832
30,1008,584,112.3259,-64.8608
30,1008,592,112.3905,-64.8590
30,1008,600,112.7092,-64.8590
30,1008,608,112.9410,-64.8788
30,1008,616,113.3524,-64.9267
30,1008,624,113.8624,-65.0864
30,1008,632,114.0918,-65.1850
30,1008,640,114.2251,-65.2407
30,1008,648,114.5613,-65.3660
30,1008,656,115.5880,-65.8376
30,1008,664,115.9061,-66.0373
30,1008,672,116.0759,-66.1339
30,1008,680,116.4795,-66.3338
30,1008,688,116.5960,-66.3839
30,1008,696,116.6805,-66.4141
30,1008,704,116.9998,-66.4828
30,1008,712,117.2673,-66.5140
30,1008,720,117.5059,-66.5166
30,1008,728,117.5624,-66.5122
30,1008,736,117.9040,-66.4513
30,1008,744,117.9228,-66.4476
30,1008,752,118.0739,-66.4129
30,1008,760,118.1227,-66.3983
30,1008,768,118.5141,-66.2344
30,1008,776,119.2159,-66.0573
30,1008,784,119.2723,-66.0534
30,1008,792,119.3230,-66.0473
30,1008,800,119.6885,-65.9601
30,1008,808,120.6988,-65.9047
30,1008,816,121.5992,-66.1969
30,1008,824,121.7743,-66.2601
30,1008,832,122.0987,-66.3508
30,1008,840,122.1879,-66.3727
30,1008,848,122.4733,-66.4138
30,1008,856,122.5286,-66.4172
30,1008,864,122.9087,-66.3903
30,1008,872,122.9668,-66.3835
30,1008,880,123.0428,-66.3718
30,1008,888,123.1338,-66.3477
30,1008,896,123.2319,-66.3118
30,1008,904,123.3712,-66.2361
30,1008,912,123.9625,-65.7872
30,1008,920,124.5348,-65.4885
30,1008,928,124.7586,-65.4120
30,1008,936,125.6209,-65.2687
30,1008,944,126.8774,-65.5957
30,1008,952,126.9766,-65.6340
30,1008,960,127.4828,-65.7707
30,1008,968,127.7921,-65.8472
30,1008,976,127.9097,-65.8756
30,1008,984,128.3057,-65.9278
30,1008,992,129.5978,-66.1369
30,1008,1000,131.3334,-66.6515
30,1008,1008,132.5271,-66.9843
30,1008,1016,132.7054,-67.0134
30,1008,1024,133.5196,-67.0022
30,1008,1032,135.0995,-67.0188
30,1008,1040,138.4208,-67.2203
30,1008,1048,145.2320,-67.0073
30,1008,1056,153.0558,-66.4105
30,1008,1064,172.1894,-65.3593
30,1008,1072,189.0224,-64.9202
30,1008,1080,218.0036,-64.6454
30,1008,1088,247.7240,-64.5803
30,1008,1096,274.4242,-64.5663
30,1008,1104,445.4201,-64.5611
30,1008,1112,795.8988,-64.5613
30,1009,0,0.0000,-65.0000
30,1009,8,0.0699,-64.9855
30,1009,16,0.6811,-64.9173
30,1009,24,5.5147,-64.6276
30,1009,32,14.0905,-64.5433
30,1009,40,22.6664,-64.5540
30,1009,48,36.8228,-64.5609
30,1009,56,100.0000,-64.5618
30,1009,64,100.0421,-64.5440
30,1009,72,100.0793,-64.4999
30,1009,80,100.1265,-64.4135
30,1009,88,100.1826,-64.2660
30,1009,96,100.3848,-63.4723
30,1009,104,100.5233,-62.8090
30,1009,112,100.9441,-60.9582
30,1009,120,101.5744,-59.7205
30,1009,128,101.6345,-59.6970
30,1009,136,101.8460,-59.7081
30,1009,144,101.9148,-59.7362
30,1009,152,101.9823,-59.7722
30,1009,160,102.0248,-59.7988
30,1009,168,102.3057,-60.0346
30,1009,176,102.5637,-60.3469
30,1009,184,102.6913,-60.5310
30,1009,192,102.9245,-60.8980
30,1009,200,103.0916,-61.1777
30,1009,208,103.2574,-61.4613
30,1009,216,103.5026,-61.8813
30,1009,224,103.5984,-62.0444
30,1009,232,103.7598,-62.3146
30,1009,240,103.8989,-62.5306
30,1009,248,104.1544,-62.8901
30,1009,256,104.1965,-62.9456
30,1009,264,104.5612,-63.3821
30,1009,272,104.6886,-63.5272
30,1009,280,104.9300,-63.7834
30,1009,288,104.9811,-63.8358
30,1009,296,105.1337,-63.9755
30,1009,304,105.6992,-64.4187
30,1009,312,105.8058,-64.5093
30,1009,320,105.9342,-64.6141
30,1009,328,106.2004,-64.8052
30,1009,336,107.0172,-65.4289
30,1009,344,107.1811,-65.5798
30,1009,352,107.2675,-65.6587
30,1009,360,107.4113,-65.7719
30,1009,368,107.6100,-65.9039
30,1009,376,107.6480,-65.9269
30,1009,384,107.9215,-66.0427
30,1009,392,107.9696,-66.0564
30,1009,400,108.0688,-66.0778
30,1009,408,108.2217,-66.0940
30,1009,416,108.2523,-66.0950
30,1009,424,108.3045,-66.0936
30,1009,432,108.3716,-66.0808
30,1009,440,108.4680,-66.0396
30,1009,448,108.5656,-65.9744
30,1009,456,108.7757,-65.7824
30,1009,464,108.9652,-65.5847
30,1009,472,109.1910,-65.3557
30,1009,480,109.3637,-65.2022
30,1009,488,110.0726,-64.8650
30,1009,496,110.4588,-64.9190
30,1009,504,110.6730,-64.9978
30,1009,512,110.7887,-65.0435
30,1009,520,110.8394,-65.0622
30,1009,528,110.9207,-65.0868
30,1009,536,111.0605,-65.1125
30,1009,544,111.1526,-65.1156
30,1009,552,111.3681,-65.0751
30,1009,560,111.4586,-65.0492
30,1009,568,111.8093,-64.9387
30,1009,576,112.0690,-64.8832
30,1009,584,112.3259,-64.8608
30,1009,592,112.3905,-64.8590
30,1009,600,112.7092,-64.8590
30,1009,608,112.9410,-64.8788
30,1009,616,113.3524,-64.9267
30,1009,624,113.8624,-65.0864
30,1009,632,114.0918,-65.1850
30,1009,640,114.2251,-65.2407
30,1009,648,114.5613,-65.3660
30,1009,656,115.5880,-65.8376
30,1009,664,115.9061,-66.0373
30,1009,672,116.0759,-66.1339
30,1009,680,116.4795,-66.3338
30,1009,688,116.5960,-66.3839
30,1009,696,116.6805,-66.4141
30,1009,704,116.9998,-66.4828
30,1009,712,117.2673,-66.5140
30,1009,720,117.5059,-66.5166
30,1009,728,117.5624,-66.5122
30,1009,736,117.9040,-66.4513
30,1009,744,117.9228,-66.4476
30,1009,752,118.0739,-66.4129
30,1009,760,118.1227,-66.3983
30,1009,768,118.5141,-66.2344
30,1009,776,119.2159,-66.0573
30,1009,784,119.2723,-66.0534
30,1009,792,119.3230,-66.0473
30,1009,800,119.6885,-65.9601
30,1009,808,120.6988,-65.9047
30,1009,816,121.5992,-66.1969
30,1009,824,121.7743,-66.2601
30,1009,832,122.0987,-66.3508
30,1009,840,122.1879,-66.3727
30,1009,848,122.4733,-66.4138
30,1009,856,122.5286,-66.4172
30,1009,864,122.9087,-66.3903
30,1009,872,122.9668,-66.3835
30,1009,880,123.0428,-66.3718
30,1009,888,123.1338,-66.3477
30,1009,896,123.2319,-66.3118
30,1009,904,123.3712,-66.2361
30,1009,912,123.9625,-65.7872
30,1009,920,124.5348,-65.4885
30,1009,928,124.7586,-65.4120
30,1009,936,125.6209,-65.2687
30,1009,944,126.8774,-65.5957
30,1009,952,126.9766,-65.6340
30,1009,960,127.4828,-65.7707
30,1009,968,127.7921,-65.8472
30,1009,976,127.9097,-65.8756
30,1009,984,128.3057,-65.9278
30,1009,992,129.5978,-66.1369
30,1009,1000,131.3334,-66.6515
30,1009,1008,132.5271,-66.9843
30,1009,1016,132.7054,-67.0134
30,1009,1024,133.5196,-67.0022
30,1009,1032,135.0995,-67.0188
30,1009,1040,138.4208,-67.2203
30,1009,1048,145.2320,-67.0073
30,1009,1056,153.0558,-66.4105
30,1009,1064,172.1894,-65.3593
30,1009,1072,189.0224,-64.9202
30,1009,1080,218.0036,-64.6454
30,1009,1088,247.7240,-64.5803
30,1009,1096,274.4242,-64.5663
30,1009,1104,445.4201,-64.5611
30,1009,1112,795.8988,-64.5613
30,1010,0,0.0000,-65.0000
30,1010,8,0.0699,-64.9855
30,1010,16,0.6811,-64.9173
30,1010,24,5.5147,-64.6276
30,1010,32,14.0905,-64.5433
30,1010,40,22.6664,-64.5540
30,1010,48,36.8228,-64.5609
30,1010,56,100.0000,-64.5618
30,1010,64,100.0421,-64.5440
30,1010,72,100.0793,-64.4999
30,1010,80,100.1265,-64.4135
30,1010,88,100.1826,-64.2660
30,1010,96,100.3848,-63.4723
30,1010,104,100.5233,-62.8090
30,1010,112,100.9441,-60.9582
30,1010,120,101.5744,-59.7205
30,1010,128,101.6345,-59.6970
30,1010,136,101.8460,-59.7081
30,1010,144,101.9148,-59.7362
30,1010,152,101.9823,-59.7722
30,1010,160,102.0248,-59.7988
30,1010,168,102.3057,-60.0346
30,1010,176,102.5637,-60.3469
30,1010,184,102.6913,-60.5310
30,1010,192,102.9245,-60.8980
30,1010,200,103.0916,-61.1777
30,1010,208,103.2574,-61.4613
30,1010,216,103.5026,-61.8813
30,1010,224,103.5984,-62.0444
30,1010,232,103.7598,-62.3146
30,1010,240,103.8989,-62.5306
30,1010,248,104.1544,-62.8901
30,1010,256,104.1965,-62.9456
30,1010,264,104.5612,-63.3821
30,1010,272,104.6886,-63.5272
30,1010,280,104.9300,-63.7834
30,1010,288,104.9811,-63.8358
30,1010,296,105.1337,-63.9755
30,1010,304,105.6992,-64.4187
30,1010,312,105.8058,-64.5093
30,1010,320,105.9342,-64.6141
30,1010,328,106.2004,-64.8052
30,1010,336,107.0172,-65.4289
30,1010,344,107.1811,-65.5798
30,1010,352,107.2675,-65.6587
30,1010,360,107.4113,-65.7719
30,1010,368,107.6100,-65.9039
30,1010,376,107.6480,-65.9269
30,1010,384,107.9215,-66.0427
30,1010,392,107.9696,-66.0564
30,1010,400,108.0688,-66.0778
30,1010,408,108.2217,-66.0940
30,1010,416,108.2523,-66.0950
30,1010,424,108.3045,-66.0936
30,1010,432,108.3716,-66.0808
30,1010,440,108.4680,-66.0396
30,1010,448,108.5656,-65.9744
30,1010,456,108.7757,-65.7824
30,1010,464,108.9652,-65.5847
30,1010,472,109.1910,-65.3557
30,1010,480,109.3637,-65.2022
30,1010,488,110.0726,-64.8650
30,1010,496,110.4588,-64.9190
30,1010,504,110.6730,-64.9978
30,1010,512,110.7887,-65.0435
30,1010,520,110.8394,-65.0622
30,1010,528,110.9207,-65.0868
30,1010,536,111.0605,-65.1125
30,1010,544,111.1526,-65.1156
30,1010,552,111.3681,-65.0751
30,1010,560,111.4586,-65.0492
30,1010,568,111.8093,-64.9387
30,1010,576,112.0690,-64.8832
30,1010,584,112.3259,-64.8608
30,1010,592,112.3905,-64.8590
30,1010,600,112.7092,-64.8590
30,1010,608,112.9410,-64.8788
30,1010,616,113.3524,-64.9267
30,1010,624,113.8624,-65.0864
30,1010,632,114.0918,-65.1850
30,1010,640,114.2251,-65.2407
30,1010,648,114.5613,-65.3660
30,1010,656,115.5880,-65.8376
30,1010,664,115.9061,-66.0373
30,1010,672,116.0759,-66.1339
30,1010,680,116.4795,-66.3338
30,1010,688,116.5960,-66.3839
30,1010,696,116.6805,-66.4141
30,1010,704,116.9998,-66.4828
30,1010,712,117.2673,-66.5140
30,1010,720,117.5059,-66.5166
30,1010,728,117.5624,-66.5122
30,1010,736,117.9040,-66.4513
30,1010,744,117.9228,-66.4476
30,1010,752,118.0739,-66.4129
30,1010,760,118.1227,-66.3983
30,1010,768,118.5141,-66.2344
30,1010,776,119.2159,-66.0573
30,1010,784,119.2723,-66.0534
30,1010,792,119.3230,-66.0473
30,1010,800,119.6885,-65.9601
30,1010,808,120.6988,-65.9047
30,1010,816,121.5992,-66.1969
30,1010,824,121.7743,-66.2601
30,1010,832,122.0987,-66.3508
30,1010,840,122.1879,-66.3727
30,1010,848,122.4733,-66.4138
30,1010,856,122.5286,-66.4172
30,1010,864,122.9087,-66.3903
30,1010,872,122.9668,-66.3835
30,1010,880,123.0428,-66.3718
30,1010,888,123.1338,-66.3477
30,1010,896,123.2319,-66.3118
30,1010,904,123.3712,-66.2361
30,1010,912,123.9625,-65.7872
30,1010,920,124.5348,-65.4885
30,1010,928,124.7586,-65.4120
30,1010,936,125.6209,-65.2687
30,1010,944,126.8774,-65.5957
30,1010,952,126.9766,-65.6340
30,1010,960,127.4828,-65.7707
30,1010,968,127.7921,-65.8472
30,1010,976,127.9097,-65.8756
30,1010,984,128.3057,-65.9278
30,1010,992,129.5978,-66.1369
30,1010,1000,131.3334,-66.6515
30,1010,1008,132.5271,-66.9843
30,1010,1016,132.7054,-67.0134
30,1010,1024,133.5196,-67.0022
30,1010,1032,135.0995,-67.0188
30,1010,1040,138.4208,-67.2203
30,1010,1048,145.2320,-67.0073
30,1010,1056,153.0558,-66.4105
30,1010,1064,172.1894,-65.3593
30,1010,1072,189.0224,-64.9202
30,1010,1080,218.0036,-64.6454
30,1010,1088,247.7240,-64.5803
30,1010,1096,274.4242,-64.5663
30,1010,1104,445.4201,-64.5611
30,1010,1112,795.8988,-64.5613
60,2001,0,0.0000,-65.0000
60,2001,8,0.0699,-64.9855
60,2001,16,0.6811,-64.9173
60,2001,24,5.5147,-64.6276
60,2001,32,14.0905,-64.5433
60,2001,40,22.6664,-64.5540
60,2001,48,36.8228,-64.5609
60,2001,56,100.0000,-64.5618
60,2001,64,100.0232,-64.5570
60,2001,72,100.1039,-64.4569
60,2001,80,100.1795,-64.2663
60,2001,88,100.2313,-64.0873
60,2001,96,100.5078,-62.7788
60,2001,104,100.5524,-62.5474
60,2001,112,100.6536,-62.0222
60,2001,120,101.1141,-60.1060
60,2001,128,101.5441,-59.3381
60,2001,136,101.7357,-59.2734
60,2001,144,101.8045,-59.2817
60,2001,152,101.8287,-59.2878
60,2001,160,101.9554,-59.3370
60,2001,168,102.0562,-59.3950
60,2001,176,102.1940,-59.4941
60,2001,184,102.4724,-59.7631
60,2001,192,102.7402,-60.0971
60,2001,200,102.7958,-60.1752
60,2001,208,103.1599,-60.7372
60,2001,216,103.2935,-60.9692
60,2001,224,103.8991,-62.0894
60,2001,232,104.0215,-62.3319
60,2001,240,104.0902,-62.4659
60,2001,248,104.3744,-62.9762
60,2001,256,105.1040,-64.1867
60,2001,264,105.1510,-64.2640
60,2001,272,105.2484,-64.4189
60,2001,280,105.7460,-65.0949
60,2001,288,105.9280,-65.3187
60,2001,296,106.2065,-65.6238
60,2001,304,106.3550,-65.7658
60,2001,312,106.4911,-65.8783
60,2001,320,106.6001,-65.9547
60,2001,328,107.1453,-66.2302
60,2001,336,107.8489,-66.6466
60,2001,344,107.9330,-66.7016
60,2001,352,108.0600,-66.7750
60,2001,360,108.3700,-66.9187
60,2001,368,108.4935,-66.9679
60,2001,376,108.6787,-67.0307
60,2001,384,108.8901,-67.0861
60,2001,392,109.1373,-67.1353
60,2001,400,109.4617,-67.1680
60,2001,408,109.9440,-67.2386
60,2001,416,110.0983,-67.2704
60,2001,424,110.3198,-67.2880
60,2001,432,110.6866,-67.2969
60,2001,440,110.7951,-67.2984
60,2001,448,110.8636,-67.2935
60,2001,456,110.9809,-67.2762
60,2001,464,111.2032,-67.2224
60,2001,472,111.2308,-67.2141
60,2001,480,111.3479,-67.1649
60,2001,488,111.4713,-67.0913
60,2001,496,112.0371,-66.6941
60,2001,504,112.4387,-66.5425
60,2001,512,112.6507,-66.5044
60,2001,520,113.3256,-66.5183
60,2001,528,114.3006,-66.9332
60,2001,536,114.3691,-66.9719
60,2001,544,114.4941,-67.0359
60,2001,552,114.7003,-67.1126
60,2001,560,114.9893,-67.1791
60,2001,568,115.0565,-67.1910
60,2001,576,115.2056,-67.2019
60,2001,584,115.2969,-67.1985
60,2001,592,115.4879,-67.1622
60,2001,600,115.6967,-67.0977
60,2001,608,115.8649,-67.0327
60,2001,616,116.4612,-66.8149
60,2001,624,117.1452,-66.7965
60,2001,632,117.2813,-66.8159
60,2001,640,117.8061,-66.8804
60,2001,648,118.0697,-66.9321
60,2001,656,118.3019,-66.9675
60,2001,664,118.3637,-66.9720
60,2001,672,118.3878,-66.9722
60,2001,680,118.5350,-66.9460
60,2001,688,119.0489,-66.7083
60,2001,696,119.7650,-66.5110
60,2001,704,119.8424,-66.5039
60,2001,712,120.0799,-66.4760
60,2001,720,120.2742,-66.4423
60,2001,728,120.5166,-66.3940
60,2001,736,120.7082,-66.3515
60,2001,744,120.7568,-66.3391
60,2001,752,120.8042,-66.3254
60,2001,760,120.8922,-66.2925
60,2001,768,121.2237,-66.0915
60,2001,776,121.5049,-65.9020
60,2001,784,121.6958,-65.7736
60,2001,792,122.0611,-65.5587
60,2001,800,122.1669,-65.5050
60,2001,808,122.2405,-65.4675
60,2001,816,122.3982,-65.3797
60,2001,824,122.5770,-65.2795
60,2001,832,122.7535,-65.1794
60,2001,840,123.4372,-64.8899
60,2001,848,123.9337,-64.8753
60,2001,856,124.1570,-64.9019
60,2001,864,124.8546,-65.0333
60,2001,872,126.4446,-65.8112
60,2001,880,126.5151,-65.8500
60,2001,888,127.0450,-66.0652
60,2001,896,128.1106,-66.4508
60,2001,904,128.1619,-66.4702
60,2001,912,128.4653,-66.5521
60,2001,920,129.3669,-66.7022
60,2001,928,131.0744,-67.0972
60,2001,936,132.0589,-67.3303
60,2001,944,132.1991,-67.3551
60,2001,952,132.6503,-67.3625
60,2001,960,133.6111,-67.3170
60,2001,968,135.6136,-67.3915
60,2001,976,136.8015,-67.4632
60,2001,984,136.9433,-67.4653
60,2001,992,137.4511,-67.3918
60,2001,1000,138.5818,-67.1943
60,2001,1008,140.7735,-67.0964
60,2001,1016,145.3586,-67.0451
60,2001,1024,156.5430,-66.3097
60,2001,1032,169.5330,-65.5554
60,2001,1040,178.8254,-65.2122
60,2001,1048,188.1178,-64.9795
60,2001,1056,197.4102,-64.8273
60,2001,1064,207.8757,-64.7225
60,2001,1072,221.8606,-64.6404
60,2001,1080,235.8455,-64.5992
60,2001,1088,294.4206,-64.5636
60,2001,1096,427.0670,-64.5605
60,2001,1104,1102.7593,-64.5614
60,2002,0,0.0000,-65.0000
60,2002,8,0.0699,-64.9855
60,2002,16,0.6811,-64.9173
60,2002,24,5.5147,-64.6276
60,2002,32,14.0905,-64.5433
60,2002,40,22.6664,-64.5540
60,2002,48,36.8228,-64.5609
60,2002,56,100.0000,-64.5618
60,2002,64,100.0232,-64.5570
60,2002,72,100.1039,-64.4569
60,2002,80,100.1795,-64.2663
60,2002,88,100.2313,-64.0873
60,2002,96,100.5078,-62.7788
60,2002,104,100.5524,-62.5474
60,2002,112,100.6536,-62.0222
60,2002,120,101.1141,-60.1060
60,2002,128,101.5441,-59.3381
60,2002,136,101.7357,-59.2734
60,2002,144,101.8045,-59.2817
60,2002,152,101.8287,-59.2878
60,2002,160,101.9554,-59.3370
60,2002,168,102.0562,-59.3950
60,2002,176,102.1940,-59.4941
60,2002,184,102.4724,-59.7631
60,2002,192,102.7402,-60.0971
60,2002,200,102.7958,-60.1752
60,2002,208,103.1599,-60.7372
60,2002,216,103.2935,-60.9692
60,2002,224,103.8991,-62.0894
60,2002,232,104.0215,-62.3319
60,2002,240,104.0902,-62.4659
60,2002,248,104.3744,-62.9762
60,2002,256,105.1040,-64.1867
60,2002,264,105.1510,-64.2640
60,2002,272,105.2484,-64.4189
60,2002,280,105.7460,-65.0949
60,2002,288,105.9280,-65.3187
60,2002,296,106.2065,-65.6238
60,2002,304,106.3550,-65.7658
60,2002,312,106.4911,-65.8783
60,2002,320,106.6001,-65.9547
60,2002,328,107.1453,-66.2302
60,2002,336,107.8489,-66.6466
60,2002,344,107.9330,-66.7016
60,2002,352,108.0600,-66.7750
60,2002,360,108.3700,-66.9187
60,2002,368,108.4935,-66.9679
60,2002,376,108.6787,-67.0307
60,2002,384,108.8901,-67.0861
60,2002,392,109.1373,-67.1353
60,2002,400,109.4617,-67.1680
60,2002,408,109.9440,-67.2386
60,2002,416,110.0983,-67.2704
60,2002,424,110.3198,-67.2880
60,2002,432,110.6866,-67.2969
60,2002,440,110.7951,-67.2984
60,2002,448,110.8636,-67.2935
60,2002,456,110.9809,-67.2762
60,2002,464,111.2032,-67.2224
60,2002,472,111.2308,-67.2141
60,2002,480,111.3479,-67.1649
60,2002,488,111.4713,-67.0913
60,2002,496,112.0371,-66.6941
60,2002,504,112.4387,-66.5425
60,2002,512,112.6507,-66.5044
60,2002,520,113.3256,-66.5183
60,2002,528,114.3006,-66.9332
60,2002,536,114.3691,-66.9719
60,2002,544,114.4941,-67.0359
60,2002,552,114.7003,-67.1126
60,2002,560,114.9893,-67.1791
60,2002,568,115.0565,-67.1910
60,2002,576,115.2056,-67.2019
60,2002,584,115.2969,-67.1985
60,2002,592,115.4879,-67.1622
60,2002,600,115.6967,-67.0977
60,2002,608,115.8649,-67.0327
60,2002,616,116.4612,-66.8149
60,2002,624,117.1452,-66.7965
60,2002,632,117.2813,-66.8159
60,2002,640,117.8061,-66.8804
60,2002,648,118.0697,-66.9321
60,2002,656,118.3019,-66.9675
60,2002,664,118.3637,-66.9720
60,2002,672,118.3878,-66.9722
60,2002,680,118.5350,-66.9460
60,2002,688,119.0489,-66.7083
60,2002,696,119.7650,-66.5110
60,2002,704,119.8424,-66.5039
60,2002,712,120.0799,-66.4760
60,2002,720,120.2742,-66.4423
60,2002,728,120.5166,-66.3940
60,2002,736,120.7082,-66.3515
60,2002,744,120.7568,-66.3391
60,2002,752,120.8042,-66.3254
60,2002,760,120.8922,-66.2925
60,2002,768,121.2237,-66.0915
60,2002,776,121.5049,-65.9020
60,2002,784,121.6958,-65.7736
60,2002,792,122.0611,-65.5587
60,2002,800,122.1669,-65.5050
60,2002,808,122.2405,-65.4675
60,2002,816,122.3982,-65.3797
60,2002,824,122.5770,-65.2795
60,2002,832,122.7535,-65.1794
60,2002,840,123.4372,-64.8899
60,2002,848,123.9337,-64.8753
60,2002,856,124.1570,-64.9019
60,2002,864,124.8546,-65.0333
60,2002,872,126.4446,-65.8112
60,2002,880,126.5151,-65.8500
60,2002,888,127.0450,-66.0652
60,2002,896,128.1106,-66.4508
60,2002,904,128.1619,-66.4702
60,2002,912,128.4653,-66.5521
60,2002,920,129.3669,-66.7022
60,2002,928,131.0744,-67.0972
60,2002,936,132.0589,-67.3303
60,2002,944,132.1991,-67.3551
60,2002,952,132.6503,-67.3625
60,2002,960,133.6111,-67.3170
60,2002,968,135.6136,-67.3915
60,2002,976,136.8015,-67.4632
60,2002,984,136.9433,-67.4653
60,2002,992,137.4511,-67.3918
60,2002,1000,138.5818,-67.1943
60,2002,1008,140.7735,-67.0964
60,2002,1016,145.3586,-67.0451
60,2002,1024,156.5430,-66.3097
60,2002,1032,169.5330,-65.5554
60,2002,1040,178.8254,-65.2122
60,2002,1048,188.1178,-64.9795
60,2002,1056,197.4102,-64.8273
60,2002,1064,207.8757,-64.7225
60,2002,1072,221.8606,-64.6404
60,2002,1080,235.8455,-64.5992
60,2002,1088,294.4206,-64.5636
60,2002,1096,427.0670,-64.5605
60,2002,1104,1102.7593,-64.5614
60,2003,0,0.0000,-65.0000
60,2003,8,0.0699,-64.9855
60,2003,16,0.6811,-64.9173
60,2003,24,5.5147,-64.6276
60,2003,32,14.0905,-64.5433
60,2003,40,22.6664,-64.5540
60,2003,48,36.8228,-64.5609
60,2003,56,100.0000,-64.5618
60,2003,64,100.0232,-64.5570
60,2003,72,100.1039,-64.4569
60,2003,80,100.1795,-64.2663
60,2003,88,100.2313,-64.0873
60,2003,96,100.5078,-62.7788
60,2003,104,100.5524,-62.5474
60,2003,112,100.6536,-62.0222
60,2003,120,101.1141,-60.1060
60,2003,128,101.5441,-59.3381
60,2003,136,101.7357,-59.2734
60,2003,144,101.8045,-59.2817
60,2003,152,101.8287,-59.2878
60,2003,160,101.9554,-59.3370
60,2003,168,102.0562,-59.3950
60,2003,176,102.1940,-59.4941
60,2003,184,102.4724,-59.7631
60,2003,192,102.7402,-60.0971
60,2003,200,102.7958,-60.1752
60,2003,208,103.1599,-60.7372
60,2003,216,103.2935,-60.9692
60,2003,224,103.8991,-62.0894
60,2003,232,104.0215,-62.3319
60,2003,240,104.0902,-62.4659
60,2003,248,104.3744,-62.9762
60,2003,256,105.1040,-64.1867
60,2003,264,105.1510,-64.2640
60,2003,272,105.2484,-64.4189
60,2003,280,105.7460,-65.0949
60,2003,288,105.9280,-65.3187
60,2003,296,106.2065,-65.6238
60,2003,304,106.3550,-65.7658
60,2003,312,106.4911,-65.8783
60,2003,320,106.6001,-65.9547
60,2003,328,107.1453,-66.2302
60,2003,336,107.8489,-66.6466
60,2003,344,107.9330,-66.7016
60,2003,352,108.0600,-66.7750
60,2003,360,108.3700,-66.9187
60,2003,368,108.4935,-66.9679
60,2003,376,108.6787,-67.0307
60,2003,384,108.8901,-67.0861
60,2003,392,109.1373,-67.1353
60,2003,400,109.4617,-67.1680
60,2003,408,109.9440,-67.2386
60,2003,416,110.0983,-67.2704
60,2003,424,110.3198,-67.2880
60,2003,432,110.6866,-67.2969
60,2003,440,110.7951,-67.2984
60,2003,448,110.8636,-67.2935
60,2003,456,110.9809,-67.2762
60,2003,464,111.2032,-67.2224
60,2003,472,111.2308,-67.2141
60,2003,480,111.3479,-67.1649
60,2003,488,111.4713,-67.0913
60,2003,496,112.0371,-66.6941
60,2003,504,112.4387,-66.5425
60,2003,512,112.6507,-66.5044
60,2003,520,113.3256,-66.5183
60,2003,528,114.3006,-66.9332
60,2003,536,114.3691,-66.9719
60,2003,544,114.4941,-67.0359
60,2003,552,114.7003,-67.1126
60,2003,560,114.9893,-67.1791
60,2003,568,115.0565,-67.1910
60,2003,576,115.2056,-67.2019
60,2003,584,115.2969,-67.1985
60,2003,592,115.4879,-67.1622
60,2003,600,115.6967,-67.0977
60,2003,608,115.8649,-67.0327
60,2003,616,116.4612,-66.8149
60,2003,624,117.1452,-66.7965
60,2003,632,117.2813,-66.8159
60,2003,640,117.8061,-66.8804
60,2003,648,118.0697,-66.9321
60,2003,656,118.3019,-66.9675
60,2003,664,118.3637,-66.9720
60,2003,672,118.3878,-66.9722
60,2003,680,118.5350,-66.9460
60,2003,688,119.0489,-66.7083
60,2003,696,119.7650,-66.5110
60,2003,704,119.8424,-66.5039
60,2003,712,120.0799,-66.4760
60,2003,720,120.2742,-66.4423
60,2003,728,120.5166,-66.3940
60,2003,736,120.7082,-66.3515
60,2003,744,120.7568,-66.3391
60,2003,752,120.8042,-66.3254
60,2003,760,120.8922,-66.2925
60,2003,768,121.2237,-66.0915
60,2003,776,121.5049,-65.9020
60,2003,784,121.6958,-65.7736
60,2003,792,122.0611,-65.5587
60,2003,800,122.1669,-65.5050
60,2003,808,122.2405,-65.4675
60,2003,816,122.3982,-65.3797
60,2003,824,122.5770,-65.2795
60,2003,832,122.7535,-65.1794
60,2003,840,123.4372,-64.8899
60,2003,848,123.9337,-64.8753
60,2003,856,124.1570,-64.9019
60,2003,864,124.8546,-65.0333
60,2003,872,126.4446,-65.8112
60,2003,880,126.5151,-65.8500
60,2003,888,127.0450,-66.0652
60,2003,896,128.1106,-66.4508
60,2003,904,128.1619,-66.4702
60,2003,912,128.4653,-66.5521
60,2003,920,129.3669,-66.7022
60,2003,928,131.0744,-67.0972
60,2003,936,132.0589,-67.3303
60,2003,944,132.1991,-67.3551
60,2003,952,132.6503,-67.3625
60,2003,960,133.6111,-67.3170
60,2003,968,135.6136,-67.3915
60,2003,976,136.8015,-67.4632
60,2003,984,136.9433,-67.4653
60,2003,992,137.4511,-67.3918
60,2003,1000,138.5818,-67.1943
60,2003,1008,140.7735,-67.0964
60,2003,1016,145.3586,-67.0451
60,2003,1024,156.5430,-66.3097
60,2003,1032,169.5330,-65.5554
60,2003,1040,178.8254,-65.2122
60,2003,1048,188.1178,-64.9795
60,2003,1056,197.4102,-64.8273
60,2003,1064,207.8757,-64.7225
60,2003,1072,221.8606,-64.6404
60,2003,1080,235.8455,-64.5992
60,2003,1088,294.4206,-64.5636
60,2003,1096,427.0670,-64.5605
60,2003,1104,1102.7593,-64.5614
60,2004,0,0.0000,-65.0000
60,2004,8,0.0699,-64.9855
60,2004,16,0.6811,-64.9173
60,2004,24,5.5147,-64.6276
60,2004,32,14.0905,-64.5433
60,2004,40,22.6664,-64.5540
60,2004,48,36.8228,-64.5609
60,2004,56,100.0000,-64.5618
60,2004,64,100.0232,-64.5570
60,2004,72,100.1039,-64.4569
60,2004,80,100.1795,-64.2663
60,2004,88,100.2313,-64.0873
60,2004,96,100.5078,-62.7788
60,2004,104,100.5524,-62.5474
60,2004,112,100.6536,-62.0222
60,2004,120,101.1141,-60.1060
60,2004,128,101.5441,-59.3381
60,2004,136,101.7357,-59.2734
60,2004,144,101.8045,-59.2817
60,2004,152,101.8287,-59.2878
60,2004,160,101.9554,-59.3370
60,2004,168,102.0562,-59.3950
60,2004,176,102.1940,-59.4941
60,2004,184,102.4724,-59.7631
60,2004,192,102.7402,-60.0971
60,2004,200,102.7958,-60.1752
60,2004,208,103.1599,-60.7372
60,2004,216,103.2935,-60.9692
60,2004,224,103.8991,-62.0894
60,2004,232,104.0215,-62.3319
60,2004,240,104.0902,-62.4659
60,2004,248,104.3744,-62.9762
60,2004,256,105.1040,-64.1867
60,2004,264,105.1510,-64.2640
60,2004,272,105.2484,-64.4189
60,2004,280,105.7460,-65.0949
60,2004,288,105.9280,-65.3187
60,2004,296,106.2065,-65.6238
60,2004,304,106.3550,-65.7658
60,2004,312,106.4911,-65.8783
60,2004,320,106.6001,-65.9547
60,2004,328,107.1453,-66.2302
60,2004,336,107.8489,-66.6466
60,2004,344,107.9330,-66.7016
60,2004,352,108.0600,-66.7750
60,2004,360,108.3700,-66.9187
60,2004,368,108.4935,-66.9679
60,2004,376,108.6787,-67.0307
60,2004,384,108.8901,-67.0861
60,2004,392,109.1373,-67.1353
60,2004,400,109.4617,-67.1680
60,2004,408,109.9440,-67.2386
60,2004,416,110.0983,-67.2704
60,2004,424,110.3198,-67.2880
60,2004,432,110.6866,-67.2969
60,2004,440,110.7951,-67.2984
60,2004,448,110.8636,-67.2935
60,2004,456,110.9809,-67.2762
60,2004,464,111.2032,-67.2224
60,2004,472,111.2308,-67.2141
60,2004,480,111.3479,-67.1649
60,2004,488,111.4713,-67.0913
60,2004,496,112.0371,-66.6941
60,2004,504,112.4387,-66.5425
60,2004,512,112.6507,-66.5044
60,2004,520,113.3256,-66.5183
60,2004,528,114.3006,-66.9332
60,2004,536,114.3691,-66.9719
60,2004,544,114.4941,-67.0359
60,2004,552,114.7003,-67.1126
60,2004,560,114.9893,-67.1791
60,2004,568,115.0565,-67.1910
60,2004,576,115.2056,-67.2019
60,2004,584,115.2969,-67.1985
60,2004,592,115.4879,-67.1622
60,2004,600,115.6967,-67.0977
60,2004,608,115.8649,-67.0327
60,2004,616,116.4612,-66.8149
60,2004,624,117.1452,-66.7965
60,2004,632,117.2813,-66.8159
60,2004,640,117.8061,-66.8804
60,2004,648,118.0697,-66.9321
60,2004,656,118.3019,-66.9675
60,2004,664,118.3637,-66.9720
60,2004,672,118.3878,-66.9722
60,2004,680,118.5350,-66.9460
60,2004,688,119.0489,-66.7083
60,2004,696,119.7650,-66.5110
60,2004,704,119.8424,-66.5039
60,2004,712,120.0799,-66.4760
60,2004,720,120.2742,-66.4423
60,2004,728,120.5166,-66.3940
60,2004,736,120.7082,-66.3515
60,2004,744,120.7568,-66.3391
60,2004,752,120.8042,-66.3254
60,2004,760,120.8922,-66.2925
60,2004,768,121.2237,-66.0915
60,2004,776,121.5049,-65.9020
60,2004,784,121.6958,-65.7736
60,2004,792,122.0611,-65.5587
60,2004,800,122.1669,-65.5050
60,2004,808,122.2405,-65.4675
60,2004,816,122.3982,-65.3797
60,2004,824,122.5770,-65.2795
60,2004,832,122.7535,-65.1794
60,2004,840,123.4372,-64.8899
60,2004,848,123.9337,-64.8753
60,2004,856,124.1570,-64.9019
60,2004,864,124.8546,-65.0333
60,2004,872,126.4446,-65.8112
60,2004,880,126.5151,-65.8500
60,2004,888,127.0450,-66.0652
60,2004,896,128.1106,-66.4508
60,2004,904,128.1619,-66.4702
60,2004,912,128.4653,-66.5521
60,2004,920,129.3669,-66.7022
60,2004,928,131.0744,-67.0972
60,2004,936,132.0589,-67.3303
60,2004,944,132.1991,-67.3551
60,2004,952,132.6503,-67.3625
60,2004,960,133.6111,-67.3170
60,2004,968,135.6136,-67.3915
60,2004,976,136.8015,-67.4632
60,2004,984,136.9433,-67.4653
60,2004,992,137.4511,-67.3918
60,2004,1000,138.5818,-67.1943
60,2004,1008,140.7735,-67.0964
60,2004,1016,145.3586,-67.0451
60,2004,1024,156.5430,-66.3097
60,2004,1032,169.5330,-65.5554
60,2004,1040,178.8254,-65.2122
60,2004,1048,188.1178,-64.9795
60,2004,1056,197.4102,-64.8273
60,2004,1064,207.8757,-64.7225
60,2004,1072,221.8606,-64.6404
60,2004,1080,235.8455,-64.5992
60,2004,1088,294.4206,-64.5636
60,2004,1096,427.0670,-64.5605
60,2004,1104,1102.7593,-64.5614
60,2005,0,0.0000,-65.0000
60,2005,8,0.0699,-64.9855
60,2005,16,0.6811,-64.9173
60,2005,24,5.5147,-64.6276
60,2005,32,14.0905,-64.5433
60,2005,40,22.6664,-64.5540
60,2005,48,36.8228,-64.5609
60,2005,56,100.0000,-64.5618
60,2005,64,100.0232,-64.5570
60,2005,72,100.1039,-64.4569
60,2005,80,100.1795,-64.2663
60,2005,88,100.2313,-64.0873
60,2005,96,100.5078,-62.7788
60,2005,104,100.5524,-62.5474
60,2005,112,100.6536,-62.0222
60,2005,120,101.1141,-60.1060
60,2005,128,101.5441,-59.3381
60,2005,136,101.7357,-59.2734
60,2005,144,101.8045,-59.2817
60,2005,152,101.8287,-59.2878
60,2005,160,101.9554,-59.3370
60,2005,168,102.0562,-59.3950
60,2005,176,102.1940,-59.4941
60,2005,184,102.4724,-59.7631
60,2005,192,102.7402,-60.0971
60,2005,200,102.7958,-60.1752
60,2005,208,103.1599,-60.7372
60,2005,216,103.2935,-60.9692
60,2005,224,103.8991,-62.0894
60,2005,232,104.0215,-62.3319
60,2005,240,104.0902,-62.4659
60,2005,248,104.3744,-62.9762
60,2005,256,105.1040,-64.1867
60,2005,264,105.1510,-64.2640
60,2005,272,105.2484,-64.4189
60,2005,280,105.7460,-65.0949
60,2005,288,105.9280,-65.3187
60,2005,296,106.2065,-65.6238
60,2005,304,106.3550,-65.7658
60,2005,312,106.4911,-65.8783
60,2005,320,106.6001,-65.9547
60,2005,328,107.1453,-66.2302
60,2005,336,107.8489,-66.6466
60,2005,344,107.9330,-66.7016
60,2005,352,108.0600,-66.7750
60,2005,360,108.3700,-66.9187
60,2005,368,108.4935,-66.9679
60,2005,376,108.6787,-67.0307
60,2005,384,108.8901,-67.0861
60,2005,392,109.1373,-67.1353
60,2005,400,109.4617,-67.1680
60,2005,408,109.9440,-67.2386
60,2005,416,110.0983,-67.2704
60,2005,424,110.3198,-67.2880
60,2005,432,110.6866,-67.2969
60,2005,440,110.7951,-67.2984
60,2005,448,110.8636,-67.2935
60,2005,456,110.9809,-67.2762
60,2005,464,111.2032,-67.2224
60,2005,472,111.2308,-67.2141
60,2005,480,111.3479,-67.1649
60,2005,488,111.4713,-67.0913
60,2005,496,112.0371,-66.6941
60,2005,504,112.4387,-66.5425
60,2005,512,112.6507,-66.5044
60,2005,520,113.3256,-66.5183
60,2005,528,114.3006,-66.9332
60,2005,536,114.3691,-66.9719
60,2005,544,114.4941,-67.0359
60,2005,552,114.7003,-67.1126
60,2005,560,114.9893,-67.1791
60,2005,568,115.0565,-67.1910
60,2005,576,115.2056,-67.2019
60,2005,584,115.2969,-67.1985
60,2005,592,115.4879,-67.1622
60,2005,600,115.6967,-67.0977
60,2005,608,115.8649,-67.0327
60,2005,616,116.4612,-66.8149
60,2005,624,117.1452,-66.7965
60,2005,632,117.2813,-66.8159
60,2005,640,117.8061,-66.8804
60,2005,648,118.0697,-66.9321
60,2005,656,118.3019,-66.9675
60,2005,664,118.3637,-66.9720
60,2005,672,118.3878,-66.9722
60,2005,680,118.5350,-66.9460
60,2005,688,119.0489,-66.7083
60,2005,696,119.7650,-66.5110
60,2005,704,119.8424,-66.5039
60,2005,712,120.0799,-66.4760
60,2005,720,120.2742,-66.4423
60,2005,728,120.5166,-66.3940
60,2005,736,120.7082,-66.3515
60,2005,744,120.7568,-66.3391
60,2005,752,120.8042,-66.3254
60,2005,760,120.8922,-66.2925
60,2005,768,121.2237,-66.0915
60,2005,776,121.5049,-65.9020
60,2005,784,121.6958,-65.7736
60,2005,792,122.0611,-65.5587
60,2005,800,122.1669,-65.5050
60,2005,808,122.2405,-65.4675
60,2005,816,122.3982,-65.3797
60,2005,824,122.5770,-65.2795
60,2005,832,122.7535,-65.1794
60,2005,840,123.4372,-64.8899
60,2005,848,123.9337,-64.8753
60,2005,856,124.1570,-64.9019
60,2005,864,124.8546,-65.0333
60,2005,872,126.4446,-65.8112
60,2005,880,126.5151,-65.8500
60,2005,888,127.0450,-66.0652
60,2005,896,128.1106,-66.4508
60,2005,904,128.1619,-66.4702
60,2005,912,128.4653,-66.5521
60,2005,920,129.3669,-66.7022
60,2005,928,131.0744,-67.0972
60,2005,936,132.0589,-67.3303
60,2005,944,132.1991,-67.3551
60,2005,952,132.6503,-67.3625
60,2005,960,133.6111,-67.3170
60,2005,968,135.6136,-67.3915
60,2005,976,136.8015,-67.4632
60,2005,984,136.9433,-67.4653
60,2005,992,137.4511,-67.3918
60,2005,1000,138.5818,-67.1943
60,2005,1008,140.7735,-67.0964
60,2005,1016,145.3586,-67.0451
60,2005,1024,156.5430,-66.3097
60,2005,1032,169.5330,-65.5554
60,2005,1040,178.8254,-65.2122
60,2005,1048,188.1178,-64.9795
60,2005,1056,197.4102,-64.8273
60,2005,1064,207.8757,-64.7225
60,2005,1072,221.8606,-64.6404
60,2005,1080,235.8455,-64.5992
60,2005,1088,294.4206,-64.5636
60,2005,1096,427.0670,-64.5605
60,2005,1104,1102.7593,-64.5614
60,2006,0,0.0000,-65.0000
60,2006,8,0.0699,-64.9855
60,2006,16,0.6811,-64.9173
60,2006,24,5.5147,-64.6276
60,2006,32,14.0905,-64.5433
60,2006,40,22.6664,-64.5540
60,2006,48,36.8228,-64.5609
60,2006,56,100.0000,-64.5618
60,2006,64,100.0232,-64.5570
60,2006,72,100.1039,-64.4569
60,2006,80,100.1795,-64.2663
60,2006,88,100.2313,-64.0873
60,2006,96,100.5078,-62.7788
60,2006,104,100.5524,-62.5474
60,2006,112,100.6536,-62.0222
60,2006,120,101.1141,-60.1060
60,2006,128,101.5441,-59.3381
60,2006,136,101.7357,-59.2734
60,2006,144,101.8045,-59.2817
60,2006,152,101.8287,-59.2878
60,2006,160,101.9554,-59.3370
60,2006,168,102.0562,-59.3950
60,2006,176,102.1940,-59.4941
60,2006,184,102.4724,-59.7631
60,2006,192,102.7402,-60.0971
60,2006,200,102.7958,-60.1752
60,2006,208,103.1599,-60.7372
60,2006,216,103.2935,-60.9692
60,2006,224,103.8991,-62.0894
60,2006,232,104.0215,-62.3319
60,2006,240,104.0902,-62.4659
60,2006,248,104.3744,-62.9762
60,2006,256,105.1040,-64.1867
60,2006,264,105.1510,-64.2640
60,2006,272,105.2484,-64.4189
60,2006,280,105.7460,-65.0949
60,2006,288,105.9280,-65.3187
60,2006,296,106.2065,-65.6238
60,2006,304,106.3550,-65.7658
60,2006,312,106.4911,-65.8783
60,2006,320,106.6001,-65.9547
60,2006,328,107.1453,-66.2302
60,2006,336,107.8489,-66.6466
60,2006,344,107.9330,-66.7016
60,2006,352,108.0600,-66.7750
60,2006,360,108.3700,-66.9187
60,2006,368,108.4935,-66.9679
60,2006,376,108.6787,-67.0307
60,2006,384,108.8901,-67.0861
60,2006,392,109.1373,-67.1353
60,2006,400,109.4617,-67.1680
60,2006,408,109.9440,-67.2386
60,2006,416,110.0983,-67.2704
60,2006,424,110.3198,-67.2880
60,2006,432,110.6866,-67.2969
60,2006,440,110.7951,-67.2984
60,2006,448,110.8636,-67.2935
60,2006,456,110.9809,-67.2762
60,2006,464,111.2032,-67.2224
60,2006,472,111.2308,-67.2141
60,2006,480,111.3479,-67.1649
60,2006,488,111.4713,-67.0913
60,2006,496,112.0371,-66.6941
60,2006,504,112.4387,-66.5425
60,2006,512,112.6507,-66.5044
60,2006,520,113.3256,-66.5183
60,2006,528,114.3006,-66.9332
60,2006,536,114.3691,-66.9719
60,2006,544,114.4941,-67.0359
60,2006,552,114.7003,-67.1126
60,2006,560,114.9893,-67.1791
60,2006,568,115.0565,-67.1910
60,2006,576,115.2056,-67.2019
60,2006,584,115.2969,-67.1985
60,2006,592,115.4879,-67.1622
60,2006,600,115.6967,-67.0977
60,2006,608,115.8649,-67.0327
60,2006,616,116.4612,-66.8149
60,2006,624,117.1452,-66.7965
60,2006,632,117.2813,-66.8159
60,2006,640,117.8061,-66.8804
60,2006,648,118.0697,-66.9321
60,2006,656,118.3019,-66.9675
60,2006,664,118.3637,-66.9720
60,2006,672,118.3878,-66.9722
60,2006,680,118.5350,-66.9460
60,2006,688,119.0489,-66.7083
60,2006,696,119.7650,-66.5110
60,2006,704,119.8424,-66.5039
60,2006,712,120.0799,-66.4760
60,2006,720,120.2742,-66.4423
60,2006,728,120.5166,-66.3940
60,2006,736,120.7082,-66.3515
60,2006,744,120.7568,-66.3391
60,2006,752,120.8042,-66.3254
60,2006,760,120.8922,-66.2925
60,2006,768,121.2237,-66.0915
60,2006,776,121.5049,-65.9020
60,2006,784,121.6958,-65.7736
60,2006,792,122.0611,-65.5587
60,2006,800,122.1669,-65.5050
60,2006,808,122.2405,-65.4675
60,2006,816,122.3982,-65.3797
60,2006,824,122.5770,-65.2795
60,2006,832,122.7535,-65.1794
60,2006,840,123.4372,-64.8899
60,2006,848,123.9337,-64.8753
60,2006,856,124.1570,-64.9019
60,2006,864,124.8546,-65.0333
60,2006,872,126.4446,-65.8112
60,2006,880,126.5151,-65.8500
60,2006,888,127.0450,-66.0652
60,2006,896,128.1106,-66.4508
60,2006,904,128.1619,-66.4702
60,2006,912,128.4653,-66.5521
60,2006,920,129.3669,-66.7022
60,2006,928,131.0744,-67.0972
60,2006,936,132.0589,-67.3303
60,2006,944,132.1991,-67.3551
60,2006,952,132.6503,-67.3625
60,2006,960,133.6111,-67.3170
60,2006,968,135.6136,-67.3915
60,2006,976,136.8015,-67.4632
60,2006,984,136.9433,-67.4653
60,2006,992,137.4511,-67.3918
60,2006,1000,138.5818,-67.1943
60,2006,1008,140.7735,-67.0964
60,2006,1016,145.3586,-67.0451
60,2006,1024,156.5430,-66.3097
60,2006,1032,169.5330,-65.5554
60,2006,1040,178.8254,-65.2122
60,2006,1048,188.1178,-64.9795
60,2006,1056,197.4102,-64.8273
60,2006,1064,207.8757,-64.7225
60,2006,1072,221.8606,-64.6404
60,2006,1080,235.8455,-64.5992
60,2006,1088,294.4206,-64.5636
60,2006,1096,427.0670,-64.5605
60,2006,1104,1102.7593,-64.5614
60,2007,0,0.0000,-65.0000
60,2007,8,0.0699,-64.9855
60,2007,16,0.6811,-64.9173
60,2007,24,5.5147,-64.6276
60,2007,32,14.0905,-64.5433
60,2007,40,22.6664,-64.5540
60,2007,48,36.8228,-64.5609
60,2007,56,100.0000,-64.5618
60,2007,64,100.0232,-64.5570
60,2007,72,100.1039,-64.4569
60,2007,80,100.1795,-64.2663
60,2007,88,100.2313,-64.0873
60,2007,96,100.5078,-62.7788
60,2007,104,100.5524,-62.5474
60,2007,112,100.6536,-62.0222
60,2007,120,101.1141,-60.1060
60,2007,128,101.5441,-59.3381
60,2007,136,101.7357,-59.2734
60,2007,144,101.8045,-59.2817
60,2007,152,101.8287,-59.2878
60,2007,160,101.9554,-59.3370
60,2007,168,102.0562,-59.3950
60,2007,176,102.1940,-59.4941
60,2007,184,102.4724,-59.7631
60,2007,192,102.7402,-60.0971
60,2007,200,102.7958,-60.1752
60,2007,208,103.1599,-60.7372
60,2007,216,103.2935,-60.9692
60,2007,224,103.8991,-62.0894
60,2007,232,104.0215,-62.3319
60,2007,240,104.0902,-62.4659
60,2007,248,104.3744,-62.9762
60,2007,256,105.1040,-64.1867
60,2007,264,105.1510,-64.2640
60,2007,272,105.2484,-64.4189
60,2007,280,105.7460,-65.0949
60,2007,288,105.9280,-65.3187
60,2007,296,106.2065,-65.6238
60,2007,304,106.3550,-65.7658
60,2007,312,106.4911,-65.8783
60,2007,320,106.6001,-65.9547
60,2007,328,107.1453,-66.2302
60,2007,336,107.8489,-66.6466
60,2007,344,107.9330,-66.7016
60,2007,352,108.0600,-66.7750
60,2007,360,108.3700,-66.9187
60,2007,368,108.4935,-66.9679
60,2007,376,108.6787,-67.0307
60,2007,384,108.8901,-67.0861
60,2007,392,109.1373,-67.1353
60,2007,400,109.4617,-67.1680
60,2007,408,109.9440,-67.2386
60,2007,416,110.0983,-67.2704
60,2007,424,110.3198,-67.2880
60,2007,432,110.6866,-67.2969
60,2007,440,110.7951,-67.2984
60,2007,448,110.8636,-67.2935
60,2007,456,110.9809,-67.2762
60,2007,464,111.2032,-67.2224
60,2007,472,111.2308,-67.2141
60,2007,480,111.3479,-67.1649
60,2007,488,111.4713,-67.0913
60,2007,496,112.0371,-66.6941
60,2007,504,112.4387,-66.5425
60,2007,512,112.6507,-66.5044
60,2007,520,113.3256,-66.5183
60,2007,528,114.3006,-66.9332
60,2007,536,114.3691,-66.9719
60,2007,544,114.4941,-67.0359
60,2007,552,114.7003,-67.1126
60,2007,560,114.9893,-67.1791
60,2007,568,115.0565,-67.1910
60,2007,576,115.2056,-67.2019
60,2007,584,115.2969,-67.1985
60,2007,592,115.4879,-67.1622
60,2007,600,115.6967,-67.0977
60,2007,608,115.8649,-67.0327
60,2007,616,116.4612,-66.8149
60,2007,624,117.1452,-66.7965
60,2007,632,117.2813,-66.8159
60,2007,640,117.8061,-66.8804
60,2007,648,118.0697,-66.9321
60,2007,656,118.3019,-66.9675
60,2007,664,118.3637,-66.9720
60,2007,672,118.3878,-66.9722
60,2007,680,118.5350,-66.9460
60,2007,688,119.0489,-66.7083
60,2007,696,119.7650,-66.5110
60,2007,704,119.8424,-66.5039
60,2007,712,120.0799,-66.4760
60,2007,720,120.2742,-66.4423
60,2007,728,120.5166,-66.3940
60,2007,736,120.7082,-66.3515
60,2007,744,120.7568,-66.3391
60,2007,752,120.8042,-66.3254
60,2007,760,120.8922,-66.2925
60,2007,768,121.2237,-66.0915
60,2007,776,121.5049,-65.9020
60,2007,784,121.6958,-65.7736
60,2007,792,122.0611,-65.5587
60,2007,800,122.1669,-65.5050
60,2007,808,122.2405,-65.4675
60,2007,816,122.3982,-65.3797
60,2007,824,122.5770,-65.2795
60,2007,832,122.7535,-65.1794
60,2007,840,123.4372,-64.8899
60,2007,848,123.9337,-64.8753
60,2007,856,124.1570,-64.9019
60,2007,864,124.8546,-65.0333
60,2007,872,126.4446,-65.8112
60,2007,880,126.5151,-65.8500
60,2007,888,127.0450,-66.0652
60,2007,896,128.1106,-66.4508
60,2007,904,128.1619,-66.4702
60,2007,912,128.4653,-66.5521
60,2007,920,129.3669,-66.7022
60,2007,928,131.0744,-67.0972
60,2007,936,132.0589,-67.3303
60,2007,944,132.1991,-67.3551
60,2007,952,132.6503,-67.3625
60,2007,960,133.6111,-67.3170
60,2007,968,135.6136,-67.3915
60,2007,976,136.8015,-67.4632
60,2007,984,136.9433,-67.4653
60,2007,992,137.4511,-67.3918
60,2007,1000,138.5818,-67.1943
60,2007,1008,140.7735,-67.0964
60,2007,1016,145.3586,-67.0451
60,2007,1024,156.5430,-66.3097
60,2007,1032,169.5330,-65.5554
60,2007,1040,178.8254,-65.2122
60,2007,1048,188.1178,-64.9795
60,2007,1056,197.4102,-64.8273
60,2007,1064,207.8757,-64.7225
60,2007,1072,221.8606,-64.6404
60,2007,1080,235.8455,-64.5992
60,2007,1088,294.4206,-64.5636
60,2007,1096,427.0670,-64.5605
60,2007,1104,1102.7593,-64.5614
60,2008,0,0.0000,-65.0000
60,2008,8,0.0699,-64.9855
60,2008,16,0.6811,-64.9173
60,2008,24,5.5147,-64.6276
60,2008,32,14.0905,-64.5433
60,2008,40,22.6664,-64.5540
60,2008,48,36.8228,-64.5609
60,2008,56,100.0000,-64.5618
60,2008,64,100.0232,-64.5570
60,2008,72,100.1039,-64.4569
60,2008,80,100.1795,-64.2663
60,2008,88,100.2313,-64.0873
60,2008,96,100.5078,-62.7788
60,2008,104,100.5524,-62.5474
60,2008,112,100.6536,-62.0222
60,2008,120,101.1141,-60.1060
60,2008,128,101.5441,-59.3381
60,2008,136,101.7357,-59.2734
60,2008,144,101.8045,-59.2817
60,2008,152,101.8287,-59.2878
60,2008,160,101.9554,-59.3370
60,2008,168,102.0562,-59.3950
60,2008,176,102.1940,-59.4941
60,2008,184,102.4724,-59.7631
60,2008,192,102.7402,-60.0971
60,2008,200,102.7958,-60.1752
60,2008,208,103.1599,-60.7372
60,2008,216,103.2935,-60.9692
60,2008,224,103.8991,-62.0894
60,2008,232,104.0215,-62.3319
60,2008,240,104.0902,-62.4659
60,2008,248,104.3744,-62.9762
60,2008,256,105.1040,-64.1867
60,2008,264,105.1510,-64.2640
60,2008,272,105.2484,-64.4189
60,2008,280,105.7460,-65.0949
60,2008,288,105.9280,-65.3187
60,2008,296,106.2065,-65.6238
60,2008,304,106.3550,-65.7658
60,2008,312,106.4911,-65.8783
60,2008,320,106.6001,-65.9547
60,2008,328,107.1453,-66.2302
60,2008,336,107.8489,-66.6466
60,2008,344,107.9330,-66.7016
60,2008,352,108.0600,-66.7750
60,2008,360,108.3700,-66.9187
60,2008,368,108.4935,-66.9679
60,2008,376,108.6787,-67.0307
60,2008,384,108.8901,-67.0861
60,2008,392,109.1373,-67.1353
60,2008,400,109.4617,-67.1680
60,2008,408,109.9440,-67.2386
60,2008,416,110.0983,-67.2704
60,2008,424,110.3198,-67.2880
60,2008,432,110.6866,-67.2969
60,2008,440,110.7951,-67.2984
60,2008,448,110.8636,-67.2935
60,2008,456,110.9809,-67.2762
60,2008,464,111.2032,-67.2224
60,2008,472,111.2308,-67.2141
60,2008,480,111.3479,-67.1649
60,2008,488,111.4713,-67.0913
60,2008,496,112.0371,-66.6941
60,2008,504,112.4387,-66.5425
60,2008,512,112.6507,-66.5044
60,2008,520,113.3256,-66.5183
60,2008,528,114.3006,-66.9332
60,2008,536,114.3691,-66.9719
60,2008,544,114.4941,-67.0359
60,2008,552,114.7003,-67.1126
60,2008,560,114.9893,-67.1791
60,2008,568,115.0565,-67.1910
60,2008,576,115.2056,-67.2019
60,2008,584,115.2969,-67.1985
60,2008,592,115.4879,-67.1622
60,2008,600,115.6967,-67.0977
60,2008,608,115.8649,-67.0327
60,2008,616,116.4612,-66.8149
60,2008,624,117.1452,-66.7965
60,2008,632,117.2813,-66.8159
60,2008,640,117.8061,-66.8804
60,2008,648,118.0697,-66.9321
60,2008,656,118.3019,-66.9675
60,2008,664,118.3637,-66.9720
60,2008,672,118.3878,-66.9722
60,2008,680,118.5350,-66.9460
60,2008,688,119.0489,-66.7083
60,2008,696,119.7650,-66.5110
60,2008,704,119.8424,-66.5039
60,2008,712,120.0799,-66.4760
60,2008,720,120.2742,-66.4423
60,2008,728,120.5166,-66.3940
60,2008,736,120.7082,-66.3515
60,2008,744,120.7568,-66.3391
60,2008,752,120.8042,-66.3254
60,2008,760,120.8922,-66.2925
60,2008,768,121.2237,-66.0915
60,2008,776,121.5049,-65.9020
60,2008,784,121.6958,-65.7736
60,2008,792,122.0611,-65.5587
60,2008,800,122.1669,-65.5050
60,2008,808,122.2405,-65.4675
60,2008,816,122.3982,-65.3797
60,2008,824,122.5770,-65.2795
60,2008,832,122.7535,-65.1794
60,2008,840,123.4372,-64.8899
60,2008,848,123.9337,-64.8753
60,2008,856,124.1570,-64.9019
60,2008,864,124.8546,-65.0333
60,2008,872,126.4446,-65.8112
60,2008,880,126.5151,-65.8500
60,2008,888,127.0450,-66.0652
60,2008,896,128.1106,-66.4508
60,2008,904,128.1619,-66.4702
60,2008,912,128.4653,-66.5521
60,2008,920,129.3669,-66.7022
60,2008,928,131.0744,-67.0972
60,2008,936,132.0589,-67.3303
60,2008,944,132.1991,-67.3551
60,2008,952,132.6503,-67.3625
60,2008,960,133.6111,-67.3170
60,2008,968,135.6136,-67.3915
60,2008,976,136.8015,-67.4632
60,2008,984,136.9433,-67.4653
60,2008,992,137.4511,-67.3918
60,2008,1000,138.5818,-67.1943
60,2008,1008,140.7735,-67.0964
60,2008,1016,145.3586,-67.0451
60,2008,1024,156.5430,-66.3097
60,2008,1032,169.5330,-65.5554
60,2008,1040,178.8254,-65.2122
60,2008,1048,188.1178,-64.9795
60,2008,1056,197.4102,-64.8273
60,2008,1064,207.8757,-64.7225
60,2008,1072,221.8606,-64.6404
60,2008,1080,235.8455,-64.5992
60,2008,1088,294.4206,-64.5636
60,2008,1096,427.0670,-64.5605
60,2008,1104,1102.7593,-64.5614
60,2009,0,0.0000,-65.0000
60,2009,8,0.0699,-64.9855
60,2009,16,0.6811,-64.9173
60,2009,24,5.5147,-64.6276
60,2009,32,14.0905,-64.5433
60,2009,40,22.6664,-64.5540
60,2009,48,36.8228,-64.5609
60,2009,56,100.0000,-64.5618
60,2009,64,100.0232,-64.5570
60,2009,72,100.1039,-64.4569
60,2009,80,100.1795,-64.2663
60,2009,88,100.2313,-64.0873
60,2009,96,100.5078,-62.7788
60,2009,104,100.5524,-62.5474
60,2009,112,100.6536,-62.0222
60,2009,120,101.1141,-60.1060
60,2009,128,101.5441,-59.3381
60,2009,136,101.7357,-59.2734
60,2009,144,101.8045,-59.2817
60,2009,152,101.8287,-59.2878
60,2009,160,101.9554,-59.3370
60,2009,168,102.0562,-59.3950
60,2009,176,102.1940,-59.4941
60,2009,184,102.4724,-59.7631
60,2009,192,102.7402,-60.0971
60,2009,200,102.7958,-60.1752
60,2009,208,103.1599,-60.7372
60,2009,216,103.2935,-60.9692
60,2009,224,103.8991,-62.0894
60,2009,232,104.0215,-62.3319
60,2009,240,104.0902,-62.4659
60,2009,248,104.3744,-62.9762
60,2009,256,105.1040,-64.1867
60,2009,264,105.1510,-64.2640
60,2009,272,105.2484,-64.4189
60,2009,280,105.7460,-65.0949
60,2009,288,105.9280,-65.3187
60,2009,296,106.2065,-65.6238
60,2009,304,106.3550,-65.7658
60,2009,312,106.4911,-65.8783
60,2009,320,106.6001,-65.9547
60,2009,328,107.1453,-66.2302
60,2009,336,107.8489,-66.6466
60,2009,344,107.9330,-66.7016
60,2009,352,108.0600,-66.7750
60,2009,360,108.3700,-66.9187
60,2009,368,108.4935,-66.9679
60,2009,376,108.6787,-67.0307
60,2009,384,108.8901,-67.0861
60,2009,392,109.1373,-67.1353
60,2009,400,109.4617,-67.1680
60,2009,408,109.9440,-67.2386
60,2009,416,110.0983,-67.2704
60,2009,424,110.3198,-67.2880
60,2009,432,110.6866,-67.2969
60,2009,440,110.7951,-67.2984
60,2009,448,110.8636,-67.2935
60,2009,456,110.9809,-67.2762
60,2009,464,111.2032,-67.2224
60,2009,472,111.2308,-67.2141
60,2009,480,111.3479,-67.1649
60,2009,488,111.4713,-67.0913
60,2009,496,112.0371,-66.6941
60,2009,504,112.4387,-66.5425
60,2009,512,112.6507,-66.5044
60,2009,520,113.3256,-66.5183
60,2009,528,114.3006,-66.9332
60,2009,536,114.3691,-66.9719
60,2009,544,114.4941,-67.0359
60,2009,552,114.7003,-67.1126
60,2009,560,114.9893,-67.1791
60,2009,568,115.0565,-67.1910
60,2009,576,115.2056,-67.2019
60,2009,584,115.2969,-67.1985
60,2009,592,115.4879,-67.1622
60,2009,600,115.6967,-67.0977
60,2009,608,115.8649,-67.0327
60,2009,616,116.4612,-66.8149
60,2009,624,117.1452,-66.7965
60,2009,632,117.2813,-66.8159
60,2009,640,117.8061,-66.8804
60,2009,648,118.0697,-66.9321
60,2009,656,118.3019,-66.9675
60,2009,664,118.3637,-66.9720
60,2009,672,118.3878,-66.9722
60,2009,680,118.5350,-66.9460
60,2009,688,119.0489,-66.7083
60,2009,696,119.7650,-66.5110
60,2009,704,119.8424,-66.5039
60,2009,712,120.0799,-66.4760
60,2009,720,120.2742,-66.4423
60,2009,728,120.5166,-66.3940
60,2009,736,120.7082,-66.3515
60,2009,744,120.7568,-66.3391
60,2009,752,120.8042,-66.3254
60,2009,760,120.8922,-66.2925
60,2009,768,121.2237,-66.0915
60,2009,776,121.5049,-65.9020
60,2009,784,121.6958,-65.7736
60,2009,792,122.0611,-65.5587
60,2009,800,122.1669,-65.5050
60,2009,808,122.2405,-65.4675
60,2009,816,122.3982,-65.3797
60,2009,824,122.5770,-65.2795
60,2009,832,122.7535,-65.1794
60,2009,840,123.4372,-64.8899
60,2009,848,123.9337,-64.8753
60,2009,856,124.1570,-64.9019
60,2009,864,124.8546,-65.0333
60,2009,872,126.4446,-65.8112
60,2009,880,126.5151,-65.8500
60,2009,888,127.0450,-66.0652
60,2009,896,128.1106,-66.4508
60,2009,904,128.1619,-66.4702
60,2009,912,128.4653,-66.5521
60,2009,920,129.3669,-66.7022
60,2009,928,131.0744,-67.0972
60,2009,936,132.0589,-67.3303
60,2009,944,132.1991,-67.3551
60,2009,952,132.6503,-67.3625
60,2009,960,133.6111,-67.3170
60,2009,968,135.6136,-67.3915
60,2009,976,136.8015,-67.4632
60,2009,984,136.9433,-67.4653
60,2009,992,137.4511,-67.3918
60,2009,1000,138.5818,-67.1943
60,2009,1008,140.7735,-67.0964
60,2009,1016,145.3586,-67.0451
60,2009,1024,156.5430,-66.3097
60,2009,1032,169.5330,-65.5554
60,2009,1040,178.8254,-65.2122
60,2009,1048,188.1178,-64.9795
60,2009,1056,197.4102,-64.8273
60,2009,1064,207.8757,-64.7225
60,2009,1072,221.8606,-64.6404
60,2009,1080,235.8455,-64.5992
60,2009,1088,294.4206,-64.5636
60,2009,1096,427.0670,-64.5605
60,2009,1104,1102.7593,-64.5614
60,2010,0,0.0000,-65.0000
60,2010,8,0.0699,-64.9855
60,2010,16,0.6811,-64.9173
60,2010,24,5.5147,-64.6276
60,2010,32,14.0905,-64.5433
60,2010,40,22.6664,-64.5540
60,2010,48,36.8228,-64.5609
60,2010,56,100.0000,-64.5618
60,2010,64,100.0232,-64.5570
60,2010,72,100.1039,-64.4569
60,2010,80,100.1795,-64.2663
60,2010,88,100.2313,-64.0873
60,2010,96,100.5078,-62.7788
60,2010,104,100.5524,-62.5474
60,2010,112,100.6536,-62.0222
60,2010,120,101.1141,-60.1060
60,2010,128,101.5441,-59.3381
60,2010,136,101.7357,-59.2734
60,2010,144,101.8045,-59.2817
60,2010,152,101.8287,-59.2878
60,2010,160,101.9554,-59.3370
60,2010,168,102.0562,-59.3950
60,2010,176,102.1940,-59.4941
60,2010,184,102.4724,-59.7631
60,2010,192,102.7402,-60.0971
60,2010,200,102.7958,-60.1752
60,2010,208,103.1599,-60.7372
60,2010,216,103.2935,-60.9692
60,2010,224,103.8991,-62.0894
60,2010,232,104.0215,-62.3319
60,2010,240,104.0902,-62.4659
60,2010,248,104.3744,-62.9762
60,2010,256,105.1040,-64.1867
60,2010,264,105.1510,-64.2640
60,2010,272,105.2484,-64.4189
60,2010,280,105.7460,-65.0949
60,2010,288,105.9280,-65.3187
60,2010,296,106.2065,-65.6238
60,2010,304,106.3550,-65.7658
60,2010,312,106.4911,-65.8783
60,2010,320,106.6001,-65.9547
60,2010,328,107.1453,-66.2302
60,2010,336,107.8489,-66.6466
60,2010,344,107.9330,-66.7016
60,2010,352,108.0600,-66.7750
60,2010,360,108.3700,-66.9187
60,2010,368,108.4935,-66.9679
60,2010,376,108.6787,-67.0307
60,2010,384,108.8901,-67.0861
60,2010,392,109.1373,-67.1353
60,2010,400,109.4617,-67.1680
60,2010,408,109.9440,-67.2386
60,2010,416,110.0983,-67.2704
60,2010,424,110.3198,-67.2880
60,2010,432,110.6866,-67.2969
60,2010,440,110.7951,-67.2984
60,2010,448,110.8636,-67.2935
60,2010,456,110.9809,-67.2762
60,2010,464,111.2032,-67.2224
60,2010,472,111.2308,-67.2141
60,2010,480,111.3479,-67.1649
60,2010,488,111.4713,-67.0913
60,2010,496,112.0371,-66.6941
60,2010,504,112.4387,-66.5425
60,2010,512,112.6507,-66.5044
60,2010,520,113.3256,-66.5183
60,2010,528,114.3006,-66.9332
60,2010,536,114.3691,-66.9719
60,2010,544,114.4941,-67.0359
60,2010,552,114.7003,-67.1126
60,2010,560,114.9893,-67.1791
60,2010,568,115.0565,-67.1910
60,2010,576,115.2056,-67.2019
60,2010,584,115.2969,-67.1985
60,2010,592,115.4879,-67.1622
60,2010,600,115.6967,-67.0977
60,2010,608,115.8649,-67.0327
60,2010,616,116.4612,-66.8149
60,2010,624,117.1452,-66.7965
60,2010,632,117.2813,-66.8159
60,2010,640,117.8061,-66.8804
60,2010,648,118.0697,-66.9321
60,2010,656,118.3019,-66.9675
60,2010,664,118.3637,-66.9720
60,2010,672,118.3878,-66.9722
60,2010,680,118.5350,-66.9460
60,2010,688,119.0489,-66.7083
60,2010,696,119.7650,-66.5110
60,2010,704,119.8424,-66.5039
60,2010,712,120.0799,-66.4760
60,2010,720,120.2742,-66.4423
60,2010,728,120.5166,-66.3940
60,2010,736,120.7082,-66.3515
60,2010,744,120.7568,-66.3391
60,2010,752,120.8042,-66.3254
60,2010,760,120.8922,-66.2925
60,2010,768,121.2237,-66.0915
60,2010,776,121.5049,-65.9020
60,2010,784,121.6958,-65.7736
60,2010,792,122.0611,-65.5587
60,2010,800,122.1669,-65.5050
60,2010,808,122.2405,-65.4675
60,2010,816,122.3982,-65.3797
60,2010,824,122.5770,-65.2795
60,2010,832,122.7535,-65.1794
60,2010,840,123.4372,-64.8899
60,2010,848,123.9337,-64.8753
60,2010,856,124.1570,-64.9019
60,2010,864,124.8546,-65.0333
60,2010,872,126.4446,-65.8112
60,2010,880,126.5151,-65.8500
60,2010,888,127.0450,-66.0652
60,2010,896,128.1106,-66.4508
60,2010,904,128.1619,-66.4702
60,2010,912,128.4653,-66.5521
60,2010,920,129.3669,-66.7022
60,2010,928,131.0744,-67.0972
60,2010,936,132.0589,-67.3303
60,2010,944,132.1991,-67.3551
60,2010,952,132.6503,-67.3625
60,2010,960,133.6111,-67.3170
60,2010,968,135.6136,-67.3915
60,2010,976,136.8015,-67.4632
60,2010,984,136.9433,-67.4653
60,2010,992,137.4511,-67.3918
60,2010,1000,138.5818,-67.1943
60,2010,1008,140.7735,-67.0964
60,2010,1016,145.3586,-67.0451
60,2010,1024,156.5430,-66.3097
60,2010,1032,169.5330,-65.5554
60,2010,1040,178.8254,-65.2122
60,2010,1048,188.1178,-64.9795
60,2010,1056,197.4102,-64.8273
60,2010,1064,207.8757,-64.7225
60,2010,1072,221.8606,-64.6404
60,2010,1080,235.8455,-64.5992
60,2010,1088,294.4206,-64.5636
60,2010,1096,427.0670,-64.5605
60,2010,1104,1102.7593,-64.5614
90,3001,0,0.0000,-65.0000
90,3001,8,0.0699,-64.9855
90,3001,16,0.6811,-64.9173
90,3001,24,5.5147,-64.6276
90,3001,32,14.0905,-64.5433
90,3001,40,22.6664,-64.5540
90,3001,48,36.8228,-64.5609
90,3001,56,100.0000,-64.5618
90,3001,64,100.0373,-64.5435
90,3001,72,100.1450,-64.3121
90,3001,80,100.1606,-64.2590
90,3001,88,100.2950,-63.6419
90,3001,96,100.3250,-63.4750
90,3001,104,100.3883,-63.0999
90,3001,112,100.5266,-62.2290
90,3001,120,100.5700,-61.9527
90,3001,128,100.6424,-61.4994
90,3001,136,100.9670,-59.7651
90,3001,144,101.8126,-58.5323
90,3001,152,102.1397,-59.0087
90,3001,160,102.4450,-59.6978
90,3001,168,102.5865,-60.0701
90,3001,176,103.2937,-62.1228
90,3001,184,104.1997,-64.6376
90,3001,192,104.4787,-65.2830
90,3001,200,104.5850,-65.5063
90,3001,208,104.7121,-65.7469
90,3001,216,104.8218,-65.9303
90,3001,224,105.1778,-66.4062
90,3001,232,105.3182,-66.5631
90,3001,240,105.6931,-66.9019
90,3001,248,106.5750,-67.6682
90,3001,256,106.6948,-67.7733
90,3001,264,107.2274,-68.1711
90,3001,272,107.3449,-68.2548
90,3001,280,107.3916,-68.2852
90,3001,288,107.6500,-68.3991
90,3001,296,107.7731,-68.4297
90,3001,304,108.1200,-68.4748
90,3001,312,108.2195,-68.4830
90,3001,320,108.3067,-68.4860
90,3001,328,108.4481,-68.4774
90,3001,336,108.5750,-68.4547
90,3001,344,108.7045,-68.4145
90,3001,352,108.8061,-68.3738
90,3001,360,109.0882,-68.2306
90,3001,368,109.4395,-68.0848
90,3001,376,109.6420,-68.0358
90,3001,384,110.0651,-67.9946
90,3001,392,110.3295,-67.9992
90,3001,400,110.4400,-68.0013
90,3001,408,110.9916,-68.0056
90,3001,416,111.2868,-68.0549
90,3001,424,111.5671,-68.1118
90,3001,432,112.4900,-68.3852
90,3001,440,112.5366,-68.4045
90,3001,448,112.7402,-68.4759
90,3001,456,112.8445,-68.5058
90,3001,464,113.1250,-68.5587
90,3001,472,113.2069,-68.5692
90,3001,480,113.5548,-68.5844
90,3001,488,114.4184,-68.6714
90,3001,496,114.5377,-68.6983
90,3001,504,115.1500,-68.7801
90,3001,512,115.5151,-68.8420
90,3001,520,115.5679,-68.8511
90,3001,528,115.7823,-68.8472
90,3001,536,115.8342,-68.8402
90,3001,544,116.1074,-68.7590
90,3001,552,116.1893,-68.7288
90,3001,560,116.4875,-68.5873
90,3001,568,116.8566,-68.4318
90,3001,576,117.0768,-68.3539
90,3001,584,117.8506,-68.1838
90,3001,592,118.5474,-68.2601
90,3001,600,118.6891,-68.2877
90,3001,608,118.9607,-68.3215
90,3001,616,119.0912,-68.3296
90,3001,624,119.6985,-68.3030
90,3001,632,119.9907,-68.3065
90,3001,640,120.3059,-68.2908
90,3001,648,120.6153,-68.2726
90,3001,656,120.7050,-68.2680
90,3001,664,120.7637,-68.2601
90,3001,672,121.1616,-68.1392
90,3001,680,121.3438,-68.0782
90,3001,688,121.7281,-67.9303
90,3001,696,122.7100,-67.7610
90,3001,704,122.7820,-67.7636
90,3001,712,123.2757,-67.7525
90,3001,720,124.2050,-67.8347
90,3001,728,124.2820,-67.8463
90,3001,736,124.7200,-67.8692
90,3001,744,124.7610,-67.8701
90,3001,752,125.2313,-67.8266
90,3001,760,126.4410,-67.8228
90,3001,768,127.5909,-68.0586
90,3001,776,127.6601,-68.0740
90,3001,784,127.7954,-68.0885
90,3001,792,128.3157,-68.0059
90,3001,800,129.4848,-67.8540
90,3001,808,130.7854,-67.9758
90,3001,816,130.8740,-67.9878
90,3001,824,131.3120,-67.9859
90,3001,832,132.4048,-67.9386
90,3001,840,133.4155,-67.9887
90,3001,848,133.5047,-67.9945
90,3001,856,133.8354,-67.9760
90,3001,864,134.6048,-67.8730
90,3001,872,135.9400,-67.8219
90,3001,880,135.9888,-67.8228
90,3001,888,136.2309,-67.8076
90,3001,896,136.8507,-67.7008
90,3001,904,138.2269,-67.5677
90,3001,912,141.3189,-67.6588
90,3001,920,146.2392,-67.5624
90,3001,928,156.5069,-66.7325
90,3001,936,171.4277,-65.7332
90,3001,944,187.1038,-65.1311
90,3001,952,202.7798,-64.8282
90,3001,960,218.4559,-64.6853
90,3001,968,230.4455,-64.6299
90,3001,976,278.8456,-64.5662
90,3001,984,389.0811,-64.5608
90,3001,992,617.2576,-64.5590
90,3001,1000,737.3427,-64.5611
90,3001,1008,843.7639,-64.5612
90,3001,1016,1190.9213,-64.5611
90,3002,0,0.0000,-65.0000
90,3002,8,0.0699,-64.9855
90,3002,16,0.6811,-64.9173
90,3002,24,5.5147,-64.6276
90,3002,32,14.0905,-64.5433
90,3002,40,22.6664,-64.5540
90,3002,48,36.8228,-64.5609
90,3002,56,100.0000,-64.5618
90,3002,64,100.0373,-64.5435
90,3002,72,100.1450,-64.3121
90,3002,80,100.1606,-64.2590
90,3002,88,100.2950,-63.6419
90,3002,96,100.3250,-63.4750
90,3002,104,100.3883,-63.0999
90,3002,112,100.5266,-62.2290
90,3002,120,100.5700,-61.9527
90,3002,128,100.6424,-61.4994
90,3002,136,100.9670,-59.7651
90,3002,144,101.8126,-58.5323
90,3002,152,102.1397,-59.0087
90,3002,160,102.4450,-59.6978
90,3002,168,102.5865,-60.0701
90,3002,176,103.2937,-62.1228
90,3002,184,104.1997,-64.6376
90,3002,192,104.4787,-65.2830
90,3002,200,104.5850,-65.5063
90,3002,208,104.7121,-65.7469
90,3002,216,104.8218,-65.9303
90,3002,224,105.1778,-66.4062
90,3002,232,105.3182,-66.5631
90,3002,240,105.6931,-66.9019
90,3002,248,106.5750,-67.6682
90,3002,256,106.6948,-67.7733
90,3002,264,107.2274,-68.1711
90,3002,272,107.3449,-68.2548
90,3002,280,107.3916,-68.2852
90,3002,288,107.6500,-68.3991
90,3002,296,107.7731,-68.4297
90,3002,304,108.1200,-68.4748
90,3002,312,108.2195,-68.4830
90,3002,320,108.3067,-68.4860
90,3002,328,108.4481,-68.4774
90,3002,336,108.5750,-68.4547
90,3002,344,108.7045,-68.4145
90,3002,352,108.8061,-68.3738
90,3002,360,109.0882,-68.2306
90,3002,368,109.4395,-68.0848
90,3002,376,109.6420,-68.0358
90,3002,384,110.0651,-67.9946
90,3002,392,110.3295,-67.9992
90,3002,400,110.4400,-68.0013
90,3002,408,110.9916,-68.0056
90,3002,416,111.2868,-68.0549
90,3002,424,111.5671,-68.1118
90,3002,432,112.4900,-68.3852
90,3002,440,112.5366,-68.4045
90,3002,448,112.7402,-68.4759
90,3002,456,112.8445,-68.5058
90,3002,464,113.1250,-68.5587
90,3002,472,113.2069,-68.5692
90,3002,480,113.5548,-68.5844
90,3002,488,114.4184,-68.6714
90,3002,496,114.5377,-68.6983
90,3002,504,115.1500,-68.7801
90,3002,512,115.5151,-68.8420
90,3002,520,115.5679,-68.8511
90,3002,528,115.7823,-68.8472
90,3002,536,115.8342,-68.8402
90,3002,544,116.1074,-68.7590
90,3002,552,116.1893,-68.7288
90,3002,560,116.4875,-68.5873
90,3002,568,116.8566,-68.4318
90,3002,576,117.0768,-68.3539
90,3002,584,117.8506,-68.1838
90,3002,592,118.5474,-68.2601
90,3002,600,118.6891,-68.2877
90,3002,608,118.9607,-68.3215
90,3002,616,119.0912,-68.3296
90,3002,624,119.6985,-68.3030
90,3002,632,119.9907,-68.3065
90,3002,640,120.3059,-68.2908
90,3002,648,120.6153,-68.2726
90,3002,656,120.7050,-68.2680
90,3002,664,120.7637,-68.2601
90,3002,672,121.1616,-68.1392
90,3002,680,121.3438,-68.0782
90,3002,688,121.7281,-67.9303
90,3002,696,122.7100,-67.7610
90,3002,704,122.7820,-67.7636
90,3002,712,123.2757,-67.7525
90,3002,720,124.2050,-67.8347
90,3002,728,124.2820,-67.8463
90,3002,736,124.7200,-67.8692
90,3002,744,124.7610,-67.8701
90,3002,752,125.2313,-67.8266
90,3002,760,126.4410,-67.8228
90,3002,768,127.5909,-68.0586
90,3002,776,127.6601,-68.0740
90,3002,784,127.7954,-68.0885
90,3002,792,128.3157,-68.0059
90,3002,800,129.4848,-67.8540
90,3002,808,130.7854,-67.9758
90,3002,816,130.8740,-67.9878
90,3002,824,131.3120,-67.9859
90,3002,832,132.4048,-67.9386
90,3002,840,133.4155,-67.9887
90,3002,848,133.5047,-67.9945
90,3002,856,133.8354,-67.9760
90,3002,864,134.6048,-67.8730
90,3002,872,135.9400,-67.8219
90,3002,880,135.9888,-67.8228
90,3002,888,136.2309,-67.8076
90,3002,896,136.8507,-67.7008
90,3002,904,138.2269,-67.5677
90,3002,912,141.3189,-67.6588
90,3002,920,146.2392,-67.5624
90,3002,928,156.5069,-66.7325
90,3002,936,171.4277,-65.7332
90,3002,944,187.1038,-65.1311
90,3002,952,202.7798,-64.8282
90,3002,960,218.4559,-64.6853
90,3002,968,230.4455,-64.6299
90,3002,976,278.8456,-64.5662
90,3002,984,389.0811,-64.5608
90,3002,992,617.2576,-64.5590
90,3002,1000,737.3427,-64.5611
90,3002,1008,843.7639,-64.5612
90,3002,1016,1190.9213,-64.5611
90,3003,0,0.0000,-65.0000
90,3003,8,0.0699,-64.9855
90,3003,16,0.6811,-64.9173
90,3003,24,5.5147,-64.6276
90,3003,32,14.0905,-64.5433
90,3003,40,22.6664,-64.5540
90,3003,48,36.8228,-64.5609
90,3003,56,100.0000,-64.5618
90,3003,64,100.0373,-64.5435
90,3003,72,100.1450,-64.3121
90,3003,80,100.1606,-64.2590
90,3003,88,100.2950,-63.6419
90,3003,96,100.3250,-63.4750
90,3003,104,100.3883,-63.0999
90,3003,112,100.5266,-62.2290
90,3003,120,100.5700,-61.9527
90,3003,128,100.6424,-61.4994
90,3003,136,100.9670,-59.7651
90,3003,144,101.8126,-58.5323
90,3003,152,102.1397,-59.0087
90,3003,160,102.4450,-59.6978
90,3003,168,102.5865,-60.0701
90,3003,176,103.2937,-62.1228
90,3003,184,104.1997,-64.6376
90,3003,192,104.4787,-65.2830
90,3003,200,104.5850,-65.5063
90,3003,208,104.7121,-65.7469
90,3003,216,104.8218,-65.9303
90,3003,224,105.1778,-66.4062
90,3003,232,105.3182,-66.5631
90,3003,240,105.6931,-66.9019
90,3003,248,106.5750,-67.6682
90,3003,256,106.6948,-67.7733
90,3003,264,107.2274,-68.1711
90,3003,272,107.3449,-68.2548
90,3003,280,107.3916,-68.2852
90,3003,288,107.6500,-68.3991
90,3003,296,107.7731,-68.4297
90,3003,304,108.1200,-68.4748
90,3003,312,108.2195,-68.4830
90,3003,320,108.3067,-68.4860
90,3003,328,108.4481,-68.4774
90,3003,336,108.5750,-68.4547
90,3003,344,108.7045,-68.4145
90,3003,352,108.8061,-68.3738
90,3003,360,109.0882,-68.2306
90,3003,368,109.4395,-68.0848
90,3003,376,109.6420,-68.0358
90,3003,384,110.0651,-67.9946
90,3003,392,110.3295,-67.9992
90,3003,400,110.4400,-68.0013
90,3003,408,110.9916,-68.0056
90,3003,416,111.2868,-68.0549
90,3003,424,111.5671,-68.1118
90,3003,432,112.4900,-68.3852
90,3003,440,112.5366,-68.4045
90,3003,448,112.7402,-68.4759
90,3003,456,112.8445,-68.5058
90,3003,464,113.1250,-68.5587
90,3003,472,113.2069,-68.5692
90,3003,480,113.5548,-68.5844
90,3003,488,114.4184,-68.6714
90,3003,496,114.5377,-68.6983
90,3003,504,115.1500,-68.7801
90,3003,512,115.5151,-68.8420
90,3003,520,115.5679,-68.8511
90,3003,528,115.7823,-68.8472
90,3003,536,115.8342,-68.8402
90,3003,544,116.1074,-68.7590
90,3003,552,116.1893,-68.7288
90,3003,560,116.4875,-68.5873
90,3003,568,116.8566,-68.4318
90,3003,576,117.0768,-68.3539
90,3003,584,117.8506,-68.1838
90,3003,592,118.5474,-68.2601
90,3003,600,118.6891,-68.2877
90,3003,608,118.9607,-68.3215
90,3003,616,119.0912,-68.3296
90,3003,624,119.6985,-68.3030
90,3003,632,119.9907,-68.3065
90,3003,640,120.3059,-68.2908
90,3003,648,120.6153,-68.2726
90,3003,656,120.7050,-68.2680
90,3003,664,120.7637,-68.2601
90,3003,672,121.1616,-68.1392
90,3003,680,121.3438,-68.0782
90,3003,688,121.7281,-67.9303
90,3003,696,122.7100,-67.7610
90,3003,704,122.7820,-67.7636
90,3003,712,123.2757,-67.7525
90,3003,720,124.2050,-67.8347
90,3003,728,124.2820,-67.8463
90,3003,736,124.7200,-67.8692
90,3003,744,124.7610,-67.8701
90,3003,752,125.2313,-67.8266
90,3003,760,126.4410,-67.8228
90,3003,768,127.5909,-68.0586
90,3003,776,127.6601,-68.0740
90,3003,784,127.7954,-68.0885
90,3003,792,128.3157,-68.0059
90,3003,800,129.4848,-67.8540
90,3003,808,130.7854,-67.9758
90,3003,816,130.8740,-67.9878
90,3003,824,131.3120,-67.9859
90,3003,832,132.4048,-67.9386
90,3003,840,133.4155,-67.9887
90,3003,848,133.5047,-67.9945
90,3003,856,133.8354,-67.9760
90,3003,864,134.6048,-67.8730
90,3003,872,135.9400,-67.8219
90,3003,880,135.9888,-67.8228
90,3003,888,136.2309,-67.8076
90,3003,896,136.8507,-67.7008
90,3003,904,138.2269,-67.5677
90,3003,912,141.3189,-67.6588
90,3003,920,146.2392,-67.5624
90,3003,928,156.5069,-66.7325
90,3003,936,171.4277,-65.7332
90,3003,944,187.1038,-65.1311
90,3003,952,202.7798,-64.8282
90,3003,960,218.4559,-64.6853
90,3003,968,230.4455,-64.6299
90,3003,976,278.8456,-64.5662
90,3003,984,389.0811,-64.5608
90,3003,992,617.2576,-64.5590
90,3003,1000,737.3427,-64.5611
90,3003,1008,843.7639,-64.5612
90,3003,1016,1190.9213,-64.5611
90,3004,0,0.0000,-65.0000
90,3004,8,0.0699,-64.9855
90,3004,16,0.6811,-64.9173
90,3004,24,5.5147,-64.6276
90,3004,32,14.0905,-64.5433
90,3004,40,22.6664,-64.5540
90,3004,48,36.8228,-64.5609
90,3004,56,100.0000,-64.5618
90,3004,64,100.0373,-64.5435
90,3004,72,100.1450,-64.3121
90,3004,80,100.1606,-64.2590
90,3004,88,100.2950,-63.6419
90,3004,96,100.3250,-63.4750
90,3004,104,100.3883,-63.0999
90,3004,112,100.5266,-62.2290
90,3004,120,100.5700,-61.9527
90,3004,128,100.6424,-61.4994
90,3004,136,100.9670,-59.7651
90,3004,144,101.8126,-58.5323
90,3004,152,102.1397,-59.0087
90,3004,160,102.4450,-59.6978
90,3004,168,102.5865,-60.0701
90,3004,176,103.2937,-62.1228
90,3004,184,104.1997,-64.6376
90,3004,192,104.4787,-65.2830
90,3004,200,104.5850,-65.5063
90,3004,208,104.7121,-65.7469
90,3004,216,104.8218,-65.9303
90,3004,224,105.1778,-66.4062
90,3004,232,105.3182,-66.5631
90,3004,240,105.6931,-66.9019
90,3004,248,106.5750,-67.6682
90,3004,256,106.6948,-67.7733
90,3004,264,107.2274,-68.1711
90,3004,272,107.3449,-68.2548
90,3004,280,107.3916,-68.2852
90,3004,288,107.6500,-68.3991
90,3004,296,107.7731,-68.4297
90,3004,304,108.1200,-68.4748
90,3004,312,108.2195,-68.4830
90,3004,320,108.3067,-68.4860
90,3004,328,108.4481,-68.4774
90,3004,336,108.5750,-68.4547
90,3004,344,108.7045,-68.4145
90,3004,352,108.8061,-68.3738
90,3004,360,109.0882,-68.2306
90,3004,368,109.4395,-68.0848
90,3004,376,109.6420,-68.0358
90,3004,384,110.0651,-67.9946
90,3004,392,110.3295,-67.9992
90,3004,400,110.4400,-68.0013
90,3004,408,110.9916,-68.0056
90,3004,416,111.2868,-68.0549
90,3004,424,111.5671,-68.1118
90,3004,432,112.4900,-68.3852
90,3004,440,112.5366,-68.4045
90,3004,448,112.7402,-68.4759
90,3004,456,112.8445,-68.5058
90,3004,464,113.1250,-68.5587
90,3004,472,113.2069,-68.5692
90,3004,480,113.5548,-68.5844
90,3004,488,114.4184,-68.6714
90,3004,496,114.5377,-68.6983
90,3004,504,115.1500,-68.7801
90,3004,512,115.5151,-68.8420
90,3004,520,115.5679,-68.8511
90,3004,528,115.7823,-68.8472
90,3004,536,115.8342,-68.8402
90,3004,544,116.1074,-68.7590
90,3004,552,116.1893,-68.7288
90,3004,560,116.4875,-68.5873
90,3004,568,116.8566,-68.4318
90,3004,576,117.0768,-68.3539
90,3004,584,117.8506,-68.1838
90,3004,592,118.5474,-68.2601
90,3004,600,118.6891,-68.2877
90,3004,608,118.9607,-68.3215
90,3004,616,119.0912,-68.3296
90,3004,624,119.6985,-68.3030
90,3004,632,119.9907,-68.3065
90,3004,640,120.3059,-68.2908
90,3004,648,120.6153,-68.2726
90,3004,656,120.7050,-68.2680
90,3004,664,120.7637,-68.2601
90,3004,672,121.1616,-68.1392
90,3004,680,121.3438,-68.0782
90,3004,688,121.7281,-67.9303
90,3004,696,122.7100,-67.7610
90,3004,704,122.7820,-67.7636
90,3004,712,123.2757,-67.7525
90,3004,720,124.2050,-67.8347
90,3004,728,124.2820,-67.8463
90,3004,736,124.7200,-67.8692
90,3004,744,124.7610,-67.8701
90,3004,752,125.2313,-67.8266
90,3004,760,126.4410,-67.8228
90,3004,768,127.5909,-68.0586
90,3004,776,127.6601,-68.0740
90,3004,784,127.7954,-68.0885
90,3004,792,128.3157,-68.0059
90,3004,800,129.4848,-67.8540
90,3004,808,130.7854,-67.9758
90,3004,816,130.8740,-67.9878
90,3004,824,131.3120,-67.9859
90,3004,832,132.4048,-67.9386
90,3004,840,133.4155,-67.9887
90,3004,848,133.5047,-67.9945
90,3004,856,133.8354,-67.9760
90,3004,864,134.6048,-67.8730
90,3004,872,135.9400,-67.8219
90,3004,880,135.9888,-67.8228
90,3004,888,136.2309,-67.8076
90,3004,896,136.8507,-67.7008
90,3004,904,138.2269,-67.5677
90,3004,912,141.3189,-67.6588
90,3004,920,146.2392,-67.5624
90,3004,928,156.5069,-66.7325
90,3004,936,171.4277,-65.7332
90,3004,944,187.1038,-65.1311
90,3004,952,202.7798,-64.8282
90,3004,960,218.4559,-64.6853
90,3004,968,230.4455,-64.6299
90,3004,976,278.8456,-64.5662
90,3004,984,389.0811,-64.5608
90,3004,992,617.2576,-64.5590
90,3004,1000,737.3427,-64.5611
90,3004,1008,843.7639,-64.5612
90,3004,1016,1190.9213,-64.5611
90,3005,0,0.0000,-65.0000
90,3005,8,0.0699,-64.9855
90,3005,16,0.6811,-64.9173
90,3005,24,5.5147,-64.6276
90,3005,32,14.0905,-64.5433
90,3005,40,22.6664,-64.5540
90,3005,48,36.8228,-64.5609
90,3005,56,100.0000,-64.5618
90,3005,64,100.0373,-64.5435
90,3005,72,100.1450,-64.3121
90,3005,80,100.1606,-64.2590
90,3005,88,100.2950,-63.6419
90,3005,96,100.3250,-63.4750
90,3005,104,100.3883,-63.0999
90,3005,112,100.5266,-62.2290
90,3005,120,100.5700,-61.9527
90,3005,128,100.6424,-61.4994
90,3005,136,100.9670,-59.7651
90,3005,144,101.8126,-58.5323
90,3005,152,102.1397,-59.0087
90,3005,160,102.4450,-59.6978
90,3005,168,102.5865,-60.0701
90,3005,176,103.2937,-62.1228
90,3005,184,104.1997,-64.6376
90,3005,192,104.4787,-65.2830
90,3005,200,104.5850,-65.5063
90,3005,208,104.7121,-65.7469
90,3005,216,104.8218,-65.9303
90,3005,224,105.1778,-66.4062
90,3005,232,105.3182,-66.5631
90,3005,240,105.6931,-66.9019
90,3005,248,106.5750,-67.6682
90,3005,256,106.6948,-67.7733
90,3005,264,107.2274,-68.1711
90,3005,272,107.3449,-68.2548
90,3005,280,107.3916,-68.2852
90,3005,288,107.6500,-68.3991
90,3005,296,107.7731,-68.4297
90,3005,304,108.1200,-68.4748
90,3005,312,108.2195,-68.4830
90,3005,320,108.3067,-68.4860
90,3005,328,108.4481,-68.4774
90,3005,336,108.5750,-68.4547
90,3005,344,108.7045,-68.4145
90,3005,352,108.8061,-68.3738
90,3005,360,109.0882,-68.2306
90,3005,368,109.4395,-68.0848
90,3005,376,109.6420,-68.0358
90,3005,384,110.0651,-67.9946
90,3005,392,110.3295,-67.9992
90,3005,400,110.4400,-68.0013
90,3005,408,110.9916,-68.0056
90,3005,416,111.2868,-68.0549
90,3005,424,111.5671,-68.1118
90,3005,432,112.4900,-68.3852
90,3005,440,112.5366,-68.4045
90,3005,448,112.7402,-68.4759
90,3005,456,112.8445,-68.5058
90,3005,464,113.1250,-68.5587
90,3005,472,113.2069,-68.5692
90,3005,480,113.5548,-68.5844
90,3005,488,114.4184,-68.6714
90,3005,496,114.5377,-68.6983
90,3005,504,115.1500,-68.7801
90,3005,512,115.5151,-68.8420
90,3005,520,115.5679,-68.8511
90,3005,528,115.7823,-68.8472
90,3005,536,115.8342,-68.8402
90,3005,544,116.1074,-68.7590
90,3005,552,116.1893,-68.7288
90,3005,560,116.4875,-68.5873
90,3005,568,116.8566,-68.4318
90,3005,576,117.0768,-68.3539
90,3005,584,117.8506,-68.1838
90,3005,592,118.5474,-68.2601
90,3005,600,118.6891,-68.2877
90,3005,608,118.9607,-68.3215
90,3005,616,119.0912,-68.3296
90,3005,624,119.6985,-68.3030
90,3005,632,119.9907,-68.3065
90,3005,640,120.3059,-68.2908
90,3005,648,120.6153,-68.2726
90,3005,656,120.7050,-68.2680
90,3005,664,120.7637,-68.2601
90,3005,672,121.1616,-68.1392
90,3005,680,121.3438,-68.0782
90,3005,688,121.7281,-67.9303
90,3005,696,122.7100,-67.7610
90,3005,704,122.7820,-67.7636
90,3005,712,123.2757,-67.7525
90,3005,720,124.2050,-67.8347
90,3005,728,124.2820,-67.8463
90,3005,736,124.7200,-67.8692
90,3005,744,124.7610,-67.8701
90,3005,752,125.2313,-67.8266
90,3005,760,126.4410,-67.8228
90,3005,768,127.5909,-68.0586
90,3005,776,127.6601,-68.0740
90,3005,784,127.7954,-68.0885
90,3005,792,128.3157,-68.0059
90,3005,800,129.4848,-67.8540
90,3005,808,130.7854,-67.9758
90,3005,816,130.8740,-67.9878
90,3005,824,131.3120,-67.9859
90,3005,832,132.4048,-67.9386
90,3005,840,133.4155,-67.9887
90,3005,848,133.5047,-67.9945
90,3005,856,133.8354,-67.9760
90,3005,864,134.6048,-67.8730
90,3005,872,135.9400,-67.8219
90,3005,880,135.9888,-67.8228
90,3005,888,136.2309,-67.8076
90,3005,896,136.8507,-67.7008
90,3005,904,138.2269,-67.5677
90,3005,912,141.3189,-67.6588
90,3005,920,146.2392,-67.5624
90,3005,928,156.5069,-66.7325
90,3005,936,171.4277,-65.7332
90,3005,944,187.1038,-65.1311
90,3005,952,202.7798,-64.8282
90,3005,960,218.4559,-64.6853
90,3005,968,230.4455,-64.6299
90,3005,976,278.8456,-64.5662
90,3005,984,389.0811,-64.5608
90,3005,992,617.2576,-64.5590
90,3005,1000,737.3427,-64.5611
90,3005,1008,843.7639,-64.5612
90,3005,1016,1190.9213,-64.5611
90,3006,0,0.0000,-65.0000
90,3006,8,0.0699,-64.9855
90,3006,16,0.6811,-64.9173
90,3006,24,5.5147,-64.6276
90,3006,32,14.0905,-64.5433
90,3006,40,22.6664,-64.5540
90,3006,48,36.8228,-64.5609
90,3006,56,100.0000,-64.5618
90,3006,64,100.0373,-64.5435
90,3006,72,100.1450,-64.3121
90,3006,80,100.1606,-64.2590
90,3006,88,100.2950,-63.6419
90,3006,96,100.3250,-63.4750
90,3006,104,100.3883,-63.0999
90,3006,112,100.5266,-62.2290
90,3006,120,100.5700,-61.9527
90,3006,128,100.6424,-61.4994
90,3006,136,100.9670,-59.7651
90,3006,144,101.8126,-58.5323
90,3006,152,102.1397,-59.0087
90,3006,160,102.4450,-59.6978
90,3006,168,102.5865,-60.0701
90,3006,176,103.2937,-62.1228
90,3006,184,104.1997,-64.6376
90,3006,192,104.4787,-65.2830
90,3006,200,104.5850,-65.5063
90,3006,208,104.7121,-65.7469
90,3006,216,104.8218,-65.9303
90,3006,224,105.1778,-66.4062
90,3006,232,105.3182,-66.5631
90,3006,240,105.6931,-66.9019
90,3006,248,106.5750,-67.6682
90,3006,256,106.6948,-67.7733
90,3006,264,107.2274,-68.1711
90,3006,272,107.3449,-68.2548
90,3006,280,107.3916,-68.2852
90,3006,288,107.6500,-68.3991
90,3006,296,107.7731,-68.4297
90,3006,304,108.1200,-68.4748
90,3006,312,108.2195,-68.4830
90,3006,320,108.3067,-68.4860
90,3006,328,108.4481,-68.4774
90,3006,336,108.5750,-68.4547
90,3006,344,108.7045,-68.4145
90,3006,352,108.8061,-68.3738
90,3006,360,109.0882,-68.2306
90,3006,368,109.4395,-68.0848
90,3006,376,109.6420,-68.0358
90,3006,384,110.0651,-67.9946
90,3006,392,110.3295,-67.9992
90,3006,400,110.4400,-68.0013
90,3006,408,110.9916,-68.0056
90,3006,416,111.2868,-68.0549
90,3006,424,111.5671,-68.1118
90,3006,432,112.4900,-68.3852
90,3006,440,112.5366,-68.4045
90,3006,448,112.7402,-68.4759
90,3006,456,112.8445,-68.5058
90,3006,464,113.1250,-68.5587
90,3006,472,113.2069,-68.5692
90,3006,480,113.5548,-68.5844
90,3006,488,114.4184,-68.6714
90,3006,496,114.5377,-68.6983
90,3006,504,115.1500,-68.7801
90,3006,512,115.5151,-68.8420
90,3006,520,115.5679,-68.8511
90,3006,528,115.7823,-68.8472
90,3006,536,115.8342,-68.8402
90,3006,544,116.1074,-68.7590
90,3006,552,116.1893,-68.7288
90,3006,560,116.4875,-68.5873
90,3006,568,116.8566,-68.4318
90,3006,576,117.0768,-68.3539
90,3006,584,117.8506,-68.1838
90,3006,592,118.5474,-68.2601
90,3006,600,118.6891,-68.2877
90,3006,608,118.9607,-68.3215
90,3006,616,119.0912,-68.3296
90,3006,624,119.6985,-68.3030
90,3006,632,119.9907,-68.3065
90,3006,640,120.3059,-68.2908
90,3006,648,120.6153,-68.2726
90,3006,656,120.7050,-68.2680
90,3006,664,120.7637,-68.2601
90,3006,672,121.1616,-68.1392
90,3006,680,121.3438,-68.0782
90,3006,688,121.7281,-67.9303
90,3006,696,122.7100,-67.7610
90,3006,704,122.7820,-67.7636
90,3006,712,123.2757,-67.7525
90,3006,720,124.2050,-67.8347
90,3006,728,124.2820,-67.8463
90,3006,736,124.7200,-67.8692
90,3006,744,124.7610,-67.8701
90,3006,752,125.2313,-67.8266
90,3006,760,126.4410,-67.8228
90,3006,768,127.5909,-68.0586
90,3006,776,127.6601,-68.0740
90,3006,784,127.7954,-68.0885
90,3006,792,128.3157,-68.0059
90,3006,800,129.4848,-67.8540
90,3006,808,130.7854,-67.9758
90,3006,816,130.8740,-67.9878
90,3006,824,131.3120,-67.9859
90,3006,832,132.4048,-67.9386
90,3006,840,133.4155,-67.9887
90,3006,848,133.5047,-67.9945
90,3006,856,133.8354,-67.9760
90,3006,864,134.6048,-67.8730
90,3006,872,135.9400,-67.8219
90,3006,880,135.9888,-67.8228
90,3006,888,136.2309,-67.8076
90,3006,896,136.8507,-67.7008
90,3006,904,138.2269,-67.5677
90,3006,912,141.3189,-67.6588
90,3006,920,146.2392,-67.5624
90,3006,928,156.5069,-66.7325
90,3006,936,171.4277,-65.7332
90,3006,944,187.1038,-65.1311
90,3006,952,202.7798,-64.8282
90,3006,960,218.4559,-64.6853
90,3006,968,230.4455,-64.6299
90,3006,976,278.8456,-64.5662
90,3006,984,389.0811,-64.5608
90,3006,992,617.2576,-64.5590
90,3006,1000,737.3427,-64.5611
90,3006,1008,843.7639,-64.5612
90,3006,1016,1190.9213,-64.5611
90,3007,0,0.0000,-65.0000
90,3007,8,0.0699,-64.9855
90,3007,16,0.6811,-64.9173
90,3007,24,5.5147,-64.6276
90,3007,32,14.0905,-64.5433
90,3007,40,22.6664,-64.5540
90,3007,48,36.8228,-64.5609
90,3007,56,100.0000,-64.5618
90,3007,64,100.0373,-64.5435
90,3007,72,100.1450,-64.3121
90,3007,80,100.1606,-64.2590
90,3007,88,100.2950,-63.6419
90,3007,96,100.3250,-63.4750
90,3007,104,100.3883,-63.0999
90,3007,112,100.5266,-62.2290
90,3007,120,100.5700,-61.9527
90,3007,128,100.6424,-61.4994
90,3007,136,100.9670,-59.7651
90,3007,144,101.8126,-58.5323
90,3007,152,102.1397,-59.0087
90,3007,160,102.4450,-59.6978
90,3007,168,102.5865,-60.0701
90,3007,176,103.2937,-62.1228
90,3007,184,104.1997,-64.6376
90,3007,192,104.4787,-65.2830
90,3007,200,104.5850,-65.5063
90,3007,208,104.7121,-65.7469
90,3007,216,104.8218,-65.9303
90,3007,224,105.1778,-66.4062
90,3007,232,105.3182,-66.5631
90,3007,240,105.6931,-66.9019
90,3007,248,106.5750,-67.6682
90,3007,256,106.6948,-67.7733
90,3007,264,107.2274,-68.1711
90,3007,272,107.3449,-68.2548
90,3007,280,107.3916,-68.2852
90,3007,288,107.6500,-68.3991
90,3007,296,107.7731,-68.4297
90,3007,304,108.1200,-68.4748
90,3007,312,108.2195,-68.4830
90,3007,320,108.3067,-68.4860
90,3007,328,108.4481,-68.4774
90,3007,336,108.5750,-68.4547
90,3007,344,108.7045,-68.4145
90,3007,352,108.8061,-68.3738
90,3007,360,109.0882,-68.2306
90,3007,368,109.4395,-68.0848
90,3007,376,109.6420,-68.0358
90,3007,384,110.0651,-67.9946
90,3007,392,110.3295,-67.9992
90,3007,400,110.4400,-68.0013
90,3007,408,110.9916,-68.0056
90,3007,416,111.2868,-68.0549
90,3007,424,111.5671,-68.1118
90,3007,432,112.4900,-68.3852
90,3007,440,112.5366,-68.4045
90,3007,448,112.7402,-68.4759
90,3007,456,112.8445,-68.5058
90,3007,464,113.1250,-68.5587
90,3007,472,113.2069,-68.5692
90,3007,480,113.5548,-68.5844
90,3007,488,114.4184,-68.6714
90,3007,496,114.5377,-68.6983
90,3007,504,115.1500,-68.7801
90,3007,512,115.5151,-68.8420
90,3007,520,115.5679,-68.8511
90,3007,528,115.7823,-68.8472
90,3007,536,115.8342,-68.8402
90,3007,544,116.1074,-68.7590
90,3007,552,116.1893,-68.7288
90,3007,560,116.4875,-68.5873
90,3007,568,116.8566,-68.4318
90,3007,576,117.0768,-68.3539
90,3007,584,117.8506,-68.1838
90,3007,592,118.5474,-68.2601
90,3007,600,118.6891,-68.2877
90,3007,608,118.9607,-68.3215
90,3007,616,119.0912,-68.3296
90,3007,624,119.6985,-68.3030
90,3007,632,119.9907,-68.3065
90,3007,640,120.3059,-68.2908
90,3007,648,120.6153,-68.2726
90,3007,656,120.7050,-68.2680
90,3007,664,120.7637,-68.2601
90,3007,672,121.1616,-68.1392
90,3007,680,121.3438,-68.0782
90,3007,688,121.7281,-67.9303
90,3007,696,122.7100,-67.7610
90,3007,704,122.7820,-67.7636
90,3007,712,123.2757,-67.7525
90,3007,720,124.2050,-67.8347
90,3007,728,124.2820,-67.8463
90,3007,736,124.7200,-67.8692
90,3007,744,124.7610,-67.8701
90,3007,752,125.2313,-67.8266
90,3007,760,126.4410,-67.8228
90,3007,768,127.5909,-68.0586
90,3007,776,127.6601,-68.0740
90,3007,784,127.7954,-68.0885
90,3007,792,128.3157,-68.0059
90,3007,800,129.4848,-67.8540
90,3007,808,130.7854,-67.9758
90,3007,816,130.8740,-67.9878
90,3007,824,131.3120,-67.9859
90,3007,832,132.4048,-67.9386
90,3007,840,133.4155,-67.9887
90,3007,848,133.5047,-67.9945
90,3007,856,133.8354,-67.9760
90,3007,864,134.6048,-67.8730
90,3007,872,135.9400,-67.8219
90,3007,880,135.9888,-67.8228
90,3007,888,136.2309,-67.8076
90,3007,896,136.8507,-67.7008
90,3007,904,138.2269,-67.5677
90,3007,912,141.3189,-67.6588
90,3007,920,146.2392,-67.5624
90,3007,928,156.5069,-66.7325
90,3007,936,171.4277,-65.7332
90,3007,944,187.1038,-65.1311
90,3007,952,202.7798,-64.8282
90,3007,960,218.4559,-64.6853
90,3007,968,230.4455,-64.6299
90,3007,976,278.8456,-64.5662
90,3007,984,389.0811,-64.5608
90,3007,992,617.2576,-64.5590
90,3007,1000,737.3427,-64.5611
90,3007,1008,843.7639,-64.5612
90,3007,1016,1190.9213,-64.5611
90,3008,0,0.0000,-65.0000
90,3008,8,0.0699,-64.9855
90,3008,16,0.6811,-64.9173
90,3008,24,5.5147,-64.6276
90,3008,32,14.0905,-64.5433
90,3008,40,22.6664,-64.5540
90,3008,48,36.8228,-64.5609
90,3008,56,100.0000,-64.5618
90,3008,64,100.0373,-64.5435
90,3008,72,100.1450,-64.3121
90,3008,80,100.1606,-64.2590
90,3008,88,100.2950,-63.6419
90,3008,96,100.3250,-63.4750
90,3008,104,100.3883,-63.0999
90,3008,112,100.5266,-62.2290
90,3008,120,100.5700,-61.9527
90,3008,128,100.6424,-61.4994
90,3008,136,100.9670,-59.7651
90,3008,144,101.8126,-58.5323
90,3008,152,102.1397,-59.0087
90,3008,160,102.4450,-59.6978
90,3008,168,102.5865,-60.0701
90,3008,176,103.2937,-62.1228
90,3008,184,104.1997,-64.6376
90,3008,192,104.4787,-65.2830
90,3008,200,104.5850,-65.5063
90,3008,208,104.7121,-65.7469
90,3008,216,104.8218,-65.9303
90,3008,224,105.1778,-66.4062
90,3008,232,105.3182,-66.5631
90,3008,240,105.6931,-66.9019
90,3008,248,106.5750,-67.6682
90,3008,256,106.6948,-67.7733
90,3008,264,107.2274,-68.1711
90,3008,272,107.3449,-68.2548
90,3008,280,107.3916,-68.2852
90,3008,288,107.6500,-68.3991
90,3008,296,107.7731,-68.4297
90,3008,304,108.1200,-68.4748
90,3008,312,108.2195,-68.4830
90,3008,320,108.3067,-68.4860
90,3008,328,108.4481,-68.4774
90,3008,336,108.5750,-68.4547
90,3008,344,108.7045,-68.4145
90,3008,352,108.8061,-68.3738
90,3008,360,109.0882,-68.2306
90,3008,368,109.4395,-68.0848
90,3008,376,109.6420,-68.0358
90,3008,384,110.0651,-67.9946
90,3008,392,110.3295,-67.9992
90,3008,400,110.4400,-68.0013
90,3008,408,110.9916,-68.0056
90,3008,416,111.2868,-68.0549
90,3008,424,111.5671,-68.1118
90,3008,432,112.4900,-68.3852
90,3008,440,112.5366,-68.4045
90,3008,448,112.7402,-68.4759
90,3008,456,112.8445,-68.5058
90,3008,464,113.1250,-68.5587
90,3008,472,113.2069,-68.5692
90,3008,480,113.5548,-68.5844
90,3008,488,114.4184,-68.6714
90,3008,496,114.5377,-68.6983
90,3008,504,115.1500,-68.7801
90,3008,512,115.5151,-68.8420
90,3008,520,115.5679,-68.8511
90,3008,528,115.7823,-68.8472
90,3008,536,115.8342,-68.8402
90,3008,544,116.1074,-68.7590
90,3008,552,116.1893,-68.7288
90,3008,560,116.4875,-68.5873
90,3008,568,116.8566,-68.4318
90,3008,576,117.0768,-68.3539
90,3008,584,117.8506,-68.1838
90,3008,592,118.5474,-68.2601
90,3008,600,118.6891,-68.2877
90,3008,608,118.9607,-68.3215
90,3008,616,119.0912,-68.3296
90,3008,624,119.6985,-68.3030
90,3008,632,119.9907,-68.3065
90,3008,640,120.3059,-68.2908
90,3008,648,120.6153,-68.2726
90,3008,656,120.7050,-68.2680
90,3008,664,120.7637,-68.2601
90,3008,672,121.1616,-68.1392
90,3008,680,121.3438,-68.0782
90,3008,688,121.7281,-67.9303
90,3008,696,122.7100,-67.7610
90,3008,704,122.7820,-67.7636
90,3008,712,123.2757,-67.7525
90,3008,720,124.2050,-67.8347
90,3008,728,124.2820,-67.8463
90,3008,736,124.7200,-67.8692
90,3008,744,124.7610,-67.8701
90,3008,752,125.2313,-67.8266
90,3008,760,126.4410,-67.8228
90,3008,768,127.5909,-68.0586
90,3008,776,127.6601,-68.0740
90,3008,784,127.7954,-68.0885
90,3008,792,128.3157,-68.0059
90,3008,800,129.4848,-67.8540
90,3008,808,130.7854,-67.9758
90,3008,816,130.8740,-67.9878
90,3008,824,131.3120,-67.9859
90,3008,832,132.4048,-67.9386
90,3008,840,133.4155,-67.9887
90,3008,848,133.5047,-67.9945
90,3008,856,133.8354,-67.9760
90,3008,864,134.6048,-67.8730
90,3008,872,135.9400,-67.8219
90,3008,880,135.9888,-67.8228
90,3008,888,136.2309,-67.8076
90,3008,896,136.8507,-67.7008
90,3008,904,138.2269,-67.5677
90,3008,912,141.3189,-67.6588
90,3008,920,146.2392,-67.5624
90,3008,928,156.5069,-66.7325
90,3008,936,171.4277,-65.7332
90,3008,944,187.1038,-65.1311
90,3008,952,202.7798,-64.8282
90,3008,960,218.4559,-64.6853
90,3008,968,230.4455,-64.6299
90,3008,976,278.8456,-64.5662
90,3008,984,389.0811,-64.5608
90,3008,992,617.2576,-64.5590
90,3008,1000,737.3427,-64.5611
90,3008,1008,843.7639,-64.5612
90,3008,1016,1190.9213,-64.5611
90,3009,0,0.0000,-65.0000
90,3009,8,0.0699,-64.9855
90,3009,16,0.6811,-64.9173
90,3009,24,5.5147,-64.6276
90,3009,32,14.0905,-64.5433
90,3009,40,22.6664,-64.5540
90,3009,48,36.8228,-64.5609
90,3009,56,100.0000,-64.5618
90,3009,64,100.0373,-64.5435
90,3009,72,100.1450,-64.3121
90,3009,80,100.1606,-64.2590
90,3009,88,100.2950,-63.6419
90,3009,96,100.3250,-63.4750
90,3009,104,100.3883,-63.0999
90,3009,112,100.5266,-62.2290
90,3009,120,100.5700,-61.9527
90,3009,128,100.6424,-61.4994
90,3009,136,100.9670,-59.7651
90,3009,144,101.8126,-58.5323
90,3009,152,102.1397,-59.0087
90,3009,160,102.4450,-59.6978
90,3009,168,102.5865,-60.0701
90,3009,176,103.2937,-62.1228
90,3009,184,104.1997,-64.6376
90,3009,192,104.4787,-65.2830
90,3009,200,104.5850,-65.5063
90,3009,208,104.7121,-65.7469
90,3009,216,104.8218,-65.9303
90,3009,224,105.1778,-66.4062
90,3009,232,105.3182,-66.5631
90,3009,240,105.6931,-66.9019
90,3009,248,106.5750,-67.6682
90,3009,256,106.6948,-67.7733
90,3009,264,107.2274,-68.1711
90,3009,272,107.3449,-68.2548
90,3009,280,107.3916,-68.2852
90,3009,288,107.6500,-68.3991
90,3009,296,107.7731,-68.4297
90,3009,304,108.1200,-68.4748
90,3009,312,108.2195,-68.4830
90,3009,320,108.3067,-68.4860
90,3009,328,108.4481,-68.4774
90,3009,336,108.5750,-68.4547
90,3009,344,108.7045,-68.4145
90,3009,352,108.8061,-68.3738
90,3009,360,109.0882,-68.2306
90,3009,368,109.4395,-68.0848
90,3009,376,109.6420,-68.0358
90,3009,384,110.0651,-67.9946
90,3009,392,110.3295,-67.9992
90,3009,400,110.4400,-68.0013
90,3009,408,110.9916,-68.0056
90,3009,416,111.2868,-68.0549
90,3009,424,111.5671,-68.1118
90,3009,432,112.4900,-68.3852
90,3009,440,112.5366,-68.4045
90,3009,448,112.7402,-68.4759
90,3009,456,112.8445,-68.5058
90,3009,464,113.1250,-68.5587
90,3009,472,113.2069,-68.5692
90,3009,480,113.5548,-68.5844
90,3009,488,114.4184,-68.6714
90,3009,496,114.5377,-68.6983
90,3009,504,115.1500,-68.7801
90,3009,512,115.5151,-68.8420
90,3009,520,115.5679,-68.8511
90,3009,528,115.7823,-68.8472
90,3009,536,115.8342,-68.8402
90,3009,544,116.1074,-68.7590
90,3009,552,116.1893,-68.7288
90,3009,560,116.4875,-68.5873
90,3009,568,116.8566,-68.4318
90,3009,576,117.0768,-68.3539
90,3009,584,117.8506,-68.1838
90,3009,592,118.5474,-68.2601
90,3009,600,118.6891,-68.2877
90,3009,608,118.9607,-68.3215
90,3009,616,119.0912,-68.3296
90,3009,624,119.6985,-68.3030
90,3009,632,119.9907,-68.3065
90,3009,640,120.3059,-68.2908
90,3009,648,120.6153,-68.2726
90,3009,656,120.7050,-68.2680
90,3009,664,120.7637,-68.2601
90,3009,672,121.1616,-68.1392
90,3009,680,121.3438,-68.0782
90,3009,688,121.7281,-67.9303
90,3009,696,122.7100,-67.7610
90,3009,704,122.7820,-67.7636
90,3009,712,123.2757,-67.7525
90,3009,720,124.2050,-67.8347
90,3009,728,124.2820,-67.8463
90,3009,736,124.7200,-67.8692
90,3009,744,124.7610,-67.8701
90,3009,752,125.2313,-67.8266
90,3009,760,126.4410,-67.8228
90,3009,768,127.5909,-68.0586
90,3009,776,127.6601,-68.0740
90,3009,784,127.7954,-68.0885
90,3009,792,128.3157,-68.0059
90,3009,800,129.4848,-67.8540
90,3009,808,130.7854,-67.9758
90,3009,816,130.8740,-67.9878
90,3009,824,131.3120,-67.9859
90,3009,832,132.4048,-67.9386
90,3009,840,133.4155,-67.9887
90,3009,848,133.5047,-67.9945
90,3009,856,133.8354,-67.9760
90,3009,864,134.6048,-67.8730
90,3009,872,135.9400,-67.8219
90,3009,880,135.9888,-67.8228
90,3009,888,136.2309,-67.8076
90,3009,896,136.8507,-67.7008
90,3009,904,138.2269,-67.5677
90,3009,912,141.3189,-67.6588
90,3009,920,146.2392,-67.5624
90,3009,928,156.5069,-66.7325
90,3009,936,171.4277,-65.7332
90,3009,944,187.1038,-65.1311
90,3009,952,202.7798,-64.8282
90,3009,960,218.4559,-64.6853
90,3009,968,230.4455,-64.6299
90,3009,976,278.8456,-64.5662
90,3009,984,389.0811,-64.5608
90,3009,992,617.2576,-64.5590
90,3009,1000,737.3427,-64.5611
90,3009,1008,843.7639,-64.5612
90,3009,1016,1190.9213,-64.5611
90,3010,0,0.0000,-65.0000
90,3010,8,0.0699,-64.9855
90,3010,16,0.6811,-64.9173
90,3010,24,5.5147,-64.6276
90,3010,32,14.0905,-64.5433
90,3010,40,22.6664,-64.5540
90,3010,48,36.8228,-64.5609
90,3010,56,100.0000,-64.5618
90,3010,64,100.0373,-64.5435
90,3010,72,100.1450,-64.3121
90,3010,80,100.1606,-64.2590
90,3010,88,100.2950,-63.6419
90,3010,96,100.3250,-63.4750
90,3010,104,100.3883,-63.0999
90,3010,112,100.5266,-62.2290
90,3010,120,100.5700,-61.9527
90,3010,128,100.6424,-61.4994
90,3010,136,100.9670,-59.7651
90,3010,144,101.8126,-58.5323
90,3010,152,102.1397,-59.0087
90,3010,160,102.4450,-59.6978
90,3010,168,102.5865,-60.0701
90,3010,176,103.2937,-62.1228
90,3010,184,104.1997,-64.6376
90,3010,192,104.4787,-65.2830
90,3010,200,104.5850,-65.5063
90,3010,208,104.7121,-65.7469
90,3010,216,104.8218,-65.9303
90,3010,224,105.1778,-66.4062
90,3010,232,105.3182,-66.5631
90,3010,240,105.6931,-66.9019
90,3010,248,106.5750,-67.6682
90,3010,256,106.6948,-67.7733
90,3010,264,107.2274,-68.1711
90,3010,272,107.3449,-68.2548
90,3010,280,107.3916,-68.2852
90,3010,288,107.6500,-68.3991
90,3010,296,107.7731,-68.4297
90,3010,304,108.1200,-68.4748
90,3010,312,108.2195,-68.4830
90,3010,320,108.3067,-68.4860
90,3010,328,108.4481,-68.4774
90,3010,336,108.5750,-68.4547
90,3010,344,108.7045,-68.4145
90,3010,352,108.8061,-68.3738
90,3010,360,109.0882,-68.2306
90,3010,368,109.4395,-68.0848
90,3010,376,109.6420,-68.0358
90,3010,384,110.0651,-67.9946
90,3010,392,110.3295,-67.9992
90,3010,400,110.4400,-68.0013
90,3010,408,110.9916,-68.0056
90,3010,416,111.2868,-68.0549
90,3010,424,111.5671,-68.1118
90,3010,432,112.4900,-68.3852
90,3010,440,112.5366,-68.4045
90,3010,448,112.7402,-68.4759
90,3010,456,112.8445,-68.5058
90,3010,464,113.1250,-68.5587
90,3010,472,113.2069,-68.5692
90,3010,480,113.5548,-68.5844
90,3010,488,114.4184,-68.6714
90,3010,496,114.5377,-68.6983
90,3010,504,115.1500,-68.7801
90,3010,512,115.5151,-68.8420
90,3010,520,115.5679,-68.8511
90,3010,528,115.7823,-68.8472
90,3010,536,115.8342,-68.8402
90,3010,544,116.1074,-68.7590
90,3010,552,116.1893,-68.7288
90,3010,560,116.4875,-68.5873
90,3010,568,116.8566,-68.4318
90,3010,576,117.0768,-68.3539
90,3010,584,117.8506,-68.1838
90,3010,592,118.5474,-68.2601
90,3010,600,118.6891,-68.2877
90,3010,608,118.9607,-68.3215
90,3010,616,119.0912,-68.3296
90,3010,624,119.6985,-68.3030
90,3010,632,119.9907,-68.3065
90,3010,640,120.3059,-68.2908
90,3010,648,120.6153,-68.2726
90,3010,656,120.7050,-68.2680
90,3010,664,120.7637,-68.2601
90,3010,672,121.1616,-68.1392
90,3010,680,121.3438,-68.0782
90,3010,688,121.7281,-67.9303
90,3010,696,122.7100,-67.7610
90,3010,704,122.7820,-67.7636
90,3010,712,123.2757,-67.7525
90,3010,720,124.2050,-67.8347
90,3010,728,124.2820,-67.8463
90,3010,736,124.7200,-67.8692
90,3010,744,124.7610,-67.8701
90,3010,752,125.2313,-67.8266
90,3010,760,126.4410,-67.8228
90,3010,768,127.5909,-68.0586
90,3010,776,127.6601,-68.0740
90,3010,784,127.7954,-68.0885
90,3010,792,128.3157,-68.0059
90,3010,800,129.4848,-67.8540
90,3010,808,130.7854,-67.9758
90,3010,816,130.8740,-67.9878
90,3010,824,131.3120,-67.9859
90,3010,832,132.4048,-67.9386
90,3010,840,133.4155,-67.9887
90,3010,848,133.5047,-67.9945
90,3010,856,133.8354,-67.9760
90,3010,864,134.6048,-67.8730
90,3010,872,135.9400,-67.8219
90,3010,880,135.9888,-67.8228
90,3010,888,136.2309,-67.8076
90,3010,896,136.8507,-67.7008
90,3010,904,138.2269,-67.5677
90,3010,912,141.3189,-67.6588
90,3010,920,146.2392,-67.5624
90,3010,928,156.5069,-66.7325
90,3010,936,171.4277,-65.7332
90,3010,944,187.1038,-65.1311
90,3010,952,202.7798,-64.8282
90,3010,960,218.4559,-64.6853
90,3010,968,230.4455,-64.6299
90,3010,976,278.8456,-64.5662
90,3010,984,389.0811,-64.5608
90,3010,992,617.2576,-64.5590
90,3010,1000,737.3427,-64.5611
90,3010,1008,843.7639,-64.5612
90,3010,1016,1190.9213,-64.5611
120,4001,0,0.0000,-65.0000
120,4001,8,0.0699,-64.9855
120,4001,16,0.6811,-64.9173
120,4001,24,5.5147,-64.6276
120,4001,32,14.0905,-64.5433
120,4001,40,22.6664,-64.5540
120,4001,48,36.8228,-64.5609
120,4001,56,100.0000,-64.5618
120,4001,64,100.0357,-64.5424
120,4001,72,100.0751,-64.4749
120,4001,80,100.1204,-64.3402
120,4001,88,100.2693,-63.5619
120,4001,96,100.6251,-61.0094
120,4001,104,101.2859,-58.5461
120,4001,112,101.3140,-58.5263
120,4001,120,101.3614,-58.5031
120,4001,128,101.4684,-58.4930
120,4001,136,101.7983,-58.7935
120,4001,144,101.8475,-58.8753
120,4001,152,101.9401,-59.0470
120,4001,160,102.0614,-59.3060
120,4001,168,102.1969,-59.6242
120,4001,176,102.4612,-60.3151
120,4001,184,102.6527,-60.8518
120,4001,192,103.4342,-63.1289
120,4001,200,103.5219,-63.3770
120,4001,208,104.0286,-64.6599
120,4001,216,104.6318,-65.9705
120,4001,224,104.8309,-66.3422
120,4001,232,105.5034,-67.3904
120,4001,240,106.8729,-69.0618
120,4001,248,106.9193,-69.1075
120,4001,256,107.2783,-69.3943
120,4001,264,108.2250,-69.9801
120,4001,272,108.2696,-70.0044
120,4001,280,108.6229,-70.1453
120,4001,288,109.0833,-70.2915
120,4001,296,109.1983,-70.3202
120,4001,304,109.6019,-70.3788
120,4001,312,109.7301,-70.3897
120,4001,320,110.0821,-70.3862
120,4001,328,110.2867,-70.3656
120,4001,336,110.3776,-70.3492
120,4001,344,110.5543,-70.3012
120,4001,352,110.7650,-70.2185
120,4001,360,111.5490,-69.9733
120,4001,368,111.5755,-69.9704
120,4001,376,111.6984,-69.9472
120,4001,384,111.7882,-69.9216
120,4001,392,112.1660,-69.7533
120,4001,400,113.1014,-69.5607
120,4001,408,113.1527,-69.5626
120,4001,416,113.4286,-69.5607
120,4001,424,113.8012,-69.5766
120,4001,432,113.8683,-69.5803
120,4001,440,113.9931,-69.5741
120,4001,448,114.5690,-69.4735
120,4001,456,114.7281,-69.4576
120,4001,464,115.0979,-69.4134
120,4001,472,115.4804,-69.3893
120,4001,480,115.5957,-69.3836
120,4001,488,116.2273,-69.3506
120,4001,496,116.8407,-69.4248
120,4001,504,116.9425,-69.4430
120,4001,512,117.4627,-69.4892
120,4001,520,118.7599,-69.7166
120,4001,528,119.7310,-69.9660
120,4001,536,119.8709,-69.9929
120,4001,544,120.4148,-70.0096
120,4001,552,120.4920,-70.0066
120,4001,560,120.9007,-69.9389
120,4001,568,121.4058,-69.8467
120,4001,576,121.5049,-69.8312
120,4001,584,121.9355,-69.7280
120,4001,592,122.3147,-69.6474
120,4001,600,122.5222,-69.6029
120,4001,608,123.2281,-69.4296
120,4001,616,123.8594,-69.3738
120,4001,624,124.0293,-69.3651
120,4001,632,124.3502,-69.3223
120,4001,640,124.5328,-69.2849
120,4001,648,125.1804,-69.1002
120,4001,656,125.2284,-69.0893
120,4001,664,125.4435,-69.0324
120,4001,672,125.4797,-69.0214
120,4001,680,125.6567,-68.9563
120,4001,688,125.8286,-68.8793
120,4001,696,125.9434,-68.8232
120,4001,704,126.3673,-68.5858
120,4001,712,127.1518,-68.3021
120,4001,720,127.2193,-68.2901
120,4001,728,127.6448,-68.1972
120,4001,736,128.7607,-68.1403
120,4001,744,131.5398,-68.7368
120,4001,752,136.0332,-69.0933
120,4001,760,143.0853,-68.5334
120,4001,768,150.1374,-67.7710
120,4001,776,157.1894,-67.0756
120,4001,784,163.6466,-66.5300
120,4001,792,168.0942,-66.1998
120,4001,800,170.9681,-66.0121
120,4001,808,173.8420,-65.8425
120,4001,816,176.7159,-65.6937
120,4001,824,179.5897,-65.5584
120,4001,832,182.4636,-65.4384
120,4001,840,185.3375,-65.3317
120,4001,848,188.2114,-65.2358
120,4001,856,191.0853,-65.1486
120,4001,864,193.9592,-65.0770
120,4001,872,196.8331,-65.0127
120,4001,880,199.7070,-64.9518
120,4001,888,201.7064,-64.9167
120,4001,896,203.3077,-64.8877
120,4001,904,204.6702,-64.8668
120,4001,912,206.0327,-64.8481
120,4001,920,207.3952,-64.8294
120,4001,928,209.4826,-64.8039
120,4001,936,217.8289,-64.7214
120,4001,944,227.5803,-64.6604
120,4001,952,257.8977,-64.5831
120,4001,960,328.7713,-64.5613
120,4001,968,582.3042,-64.5615
120,4001,976,1350.8696,-64.5607
120,4002,0,0.0000,-65.0000
120,4002,8,0.0699,-64.9855
120,4002,16,0.6811,-64.9173
120,4002,24,5.5147,-64.6276
120,4002,32,14.0905,-64.5433
120,4002,40,22.6664,-64.5540
120,4002,48,36.8228,-64.5609
120,4002,56,100.0000,-64.5618
120,4002,64,100.0357,-64.5424
120,4002,72,100.0751,-64.4749
120,4002,80,100.1204,-64.3402
120,4002,88,100.2693,-63.5619
120,4002,96,100.6251,-61.0094
120,4002,104,101.2859,-58.5461
120,4002,112,101.3140,-58.5263
120,4002,120,101.3614,-58.5031
120,4002,128,101.4684,-58.4930
120,4002,136,101.7983,-58.7935
120,4002,144,101.8475,-58.8753
120,4002,152,101.9401,-59.0470
120,4002,160,102.0614,-59.3060
120,4002,168,102.1969,-59.6242
120,4002,176,102.4612,-60.3151
120,4002,184,102.6527,-60.8518
120,4002,192,103.4342,-63.1289
120,4002,200,103.5219,-63.3770
120,4002,208,104.0286,-64.6599
120,4002,216,104.6318,-65.9705
120,4002,224,104.8309,-66.3422
120,4002,232,105.5034,-67.3904
120,4002,240,106.8729,-69.0618
120,4002,248,106.9193,-69.1075
120,4002,256,107.2783,-69.3943
120,4002,264,108.2250,-69.9801
120,4002,272,108.2696,-70.0044
120,4002,280,108.6229,-70.1453
120,4002,288,109.0833,-70.2915
120,4002,296,109.1983,-70.3202
120,4002,304,109.6019,-70.3788
120,4002,312,109.7301,-70.3897
120,4002,320,110.0821,-70.3862
120,4002,328,110.2867,-70.3656
120,4002,336,110.3776,-70.3492
120,4002,344,110.5543,-70.3012
120,4002,352,110.7650,-70.2185
120,4002,360,111.5490,-69.9733
120,4002,368,111.5755,-69.9704
120,4002,376,111.6984,-69.9472
120,4002,384,111.7882,-69.9216
120,4002,392,112.1660,-69.7533
120,4002,400,113.1014,-69.5607
120,4002,408,113.1527,-69.5626
120,4002,416,113.4286,-69.5607
120,4002,424,113.8012,-69.5766
120,4002,432,113.8683,-69.5803
120,4002,440,113.9931,-69.5741
120,4002,448,114.5690,-69.4735
120,4002,456,114.7281,-69.4576
120,4002,464,115.0979,-69.4134
120,4002,472,115.4804,-69.3893
120,4002,480,115.5957,-69.3836
120,4002,488,116.2273,-69.3506
120,4002,496,116.8407,-69.4248
120,4002,504,116.9425,-69.4430
120,4002,512,117.4627,-69.4892
120,4002,520,118.7599,-69.7166
120,4002,528,119.7310,-69.9660
120,4002,536,119.8709,-69.9929
120,4002,544,120.4148,-70.0096
120,4002,552,120.4920,-70.0066
120,4002,560,120.9007,-69.9389
120,4002,568,121.4058,-69.8467
120,4002,576,121.5049,-69.8312
120,4002,584,121.9355,-69.7280
120,4002,592,122.3147,-69.6474
120,4002,600,122.5222,-69.6029
120,4002,608,123.2281,-69.4296
120,4002,616,123.8594,-69.3738
120,4002,624,124.0293,-69.3651
120,4002,632,124.3502,-69.3223
120,4002,640,124.5328,-69.2849
120,4002,648,125.1804,-69.1002
120,4002,656,125.2284,-69.0893
120,4002,664,125.4435,-69.0324
120,4002,672,125.4797,-69.0214
120,4002,680,125.6567,-68.9563
120,4002,688,125.8286,-68.8793
120,4002,696,125.9434,-68.8232
120,4002,704,126.3673,-68.5858
120,4002,712,127.1518,-68.3021
120,4002,720,127.2193,-68.2901
120,4002,728,127.6448,-68.1972
120,4002,736,128.7607,-68.1403
120,4002,744,131.5398,-68.7368
120,4002,752,136.0332,-69.0933
120,4002,760,143.0853,-68.5334
120,4002,768,150.1374,-67.7710
120,4002,776,157.1894,-67.0756
120,4002,784,163.6466,-66.5300
120,4002,792,168.0942,-66.1998
120,4002,800,170.9681,-66.0121
120,4002,808,173.8420,-65.8425
120,4002,816,176.7159,-65.6937
120,4002,824,179.5897,-65.5584
120,4002,832,182.4636,-65.4384
120,4002,840,185.3375,-65.3317
120,4002,848,188.2114,-65.2358
120,4002,856,191.0853,-65.1486
120,4002,864,193.9592,-65.0770
120,4002,872,196.8331,-65.0127
120,4002,880,199.7070,-64.9518
120,4002,888,201.7064,-64.9167
120,4002,896,203.3077,-64.8877
120,4002,904,204.6702,-64.8668
120,4002,912,206.0327,-64.8481
120,4002,920,207.3952,-64.8294
120,4002,928,209.4826,-64.8039
120,4002,936,217.8289,-64.7214
120,4002,944,227.5803,-64.6604
120,4002,952,257.8977,-64.5831
120,4002,960,328.7713,-64.5613
120,4002,968,582.3042,-64.5615
120,4002,976,1350.8696,-64.5607
120,4003,0,0.0000,-65.0000
120,4003,8,0.0699,-64.9855
120,4003,16,0.6811,-64.9173
120,4003,24,5.5147,-64.6276
120,4003,32,14.0905,-64.5433
120,4003,40,22.6664,-64.5540
120,4003,48,36.8228,-64.5609
120,4003,56,100.0000,-64.5618
120,4003,64,100.0357,-64.5424
120,4003,72,100.0751,-64.4749
120,4003,80,100.1204,-64.3402
120,4003,88,100.2693,-63.5619
120,4003,96,100.6251,-61.0094
120,4003,104,101.2859,-58.5461
120,4003,112,101.3140,-58.5263
120,4003,120,101.3614,-58.5031
120,4003,128,101.4684,-58.4930
120,4003,136,101.7983,-58.7935
120,4003,144,101.8475,-58.8753
120,4003,152,101.9401,-59.0470
120,4003,160,102.0614,-59.3060
120,4003,168,102.1969,-59.6242
120,4003,176,102.4612,-60.3151
120,4003,184,102.6527,-60.8518
120,4003,192,103.4342,-63.1289
120,4003,200,103.5219,-63.3770
120,4003,208,104.0286,-64.6599
120,4003,216,104.6318,-65.9705
120,4003,224,104.8309,-66.3422
120,4003,232,105.5034,-67.3904
120,4003,240,106.8729,-69.0618
120,4003,248,106.9193,-69.1075
120,4003,256,107.2783,-69.3943
120,4003,264,108.2250,-69.9801
120,4003,272,108.2696,-70.0044
120,4003,280,108.6229,-70.1453
120,4003,288,109.0833,-70.2915
120,4003,296,109.1983,-70.3202
120,4003,304,109.6019,-70.3788
120,4003,312,109.7301,-70.3897
120,4003,320,110.0821,-70.3862
120,4003,328,110.2867,-70.3656
120,4003,336,110.3776,-70.3492
120,4003,344,110.5543,-70.3012
120,4003,352,110.7650,-70.2185
120,4003,360,111.5490,-69.9733
120,4003,368,111.5755,-69.9704
120,4003,376,111.6984,-69.9472
120,4003,384,111.7882,-69.9216
120,4003,392,112.1660,-69.7533
120,4003,400,113.1014,-69.5607
120,4003,408,113.1527,-69.5626
120,4003,416,113.4286,-69.5607
120,4003,424,113.8012,-69.5766
120,4003,432,113.8683,-69.5803
120,4003,440,113.9931,-69.5741
120,4003,448,114.5690,-69.4735
120,4003,456,114.7281,-69.4576
120,4003,464,115.0979,-69.4134
120,4003,472,115.4804,-69.3893
120,4003,480,115.5957,-69.3836
120,4003,488,116.2273,-69.3506
120,4003,496,116.8407,-69.4248
120,4003,504,116.9425,-69.4430
120,4003,512,117.4627,-69.4892
120,4003,520,118.7599,-69.7166
120,4003,528,119.7310,-69.9660
120,4003,536,119.8709,-69.9929
120,4003,544,120.4148,-70.0096
120,4003,552,120.4920,-70.0066
120,4003,560,120.9007,-69.9389
120,4003,568,121.4058,-69.8467
120,4003,576,121.5049,-69.8312
120,4003,584,121.9355,-69.7280
120,4003,592,122.3147,-69.6474
120,4003,600,122.5222,-69.6029
120,4003,608,123.2281,-69.4296
120,4003,616,123.8594,-69.3738
120,4003,624,124.0293,-69.3651
120,4003,632,124.3502,-69.3223
120,4003,640,124.5328,-69.2849
120,4003,648,125.1804,-69.1002
120,4003,656,125.2284,-69.0893
120,4003,664,125.4435,-69.0324
120,4003,672,125.4797,-69.0214
120,4003,680,125.6567,-68.9563
120,4003,688,125.8286,-68.8793
120,4003,696,125.9434,-68.8232
120,4003,704,126.3673,-68.5858
120,4003,712,127.1518,-68.3021
120,4003,720,127.2193,-68.2901
120,4003,728,127.6448,-68.1972
120,4003,736,128.7607,-68.1403
120,4003,744,131.5398,-68.7368
120,4003,752,136.0332,-69.0933
120,4003,760,143.0853,-68.5334
120,4003,768,150.1374,-67.7710
120,4003,776,157.1894,-67.0756
120,4003,784,163.6466,-66.5300
120,4003,792,168.0942,-66.1998
120,4003,800,170.9681,-66.0121
120,4003,808,173.8420,-65.8425
120,4003,816,176.7159,-65.6937
120,4003,824,179.5897,-65.5584
120,4003,832,182.4636,-65.4384
120,4003,840,185.3375,-65.3317
120,4003,848,188.2114,-65.2358
120,4003,856,191.0853,-65.1486
120,4003,864,193.9592,-65.0770
120,4003,872,196.8331,-65.0127
120,4003,880,199.7070,-64.9518
120,4003,888,201.7064,-64.9167
120,4003,896,203.3077,-64.8877
120,4003,904,204.6702,-64.8668
120,4003,912,206.0327,-64.8481
120,4003,920,207.3952,-64.8294
120,4003,928,209.4826,-64.8039
120,4003,936,217.8289,-64.7214
120,4003,944,227.5803,-64.6604
120,4003,952,257.8977,-64.5831
120,4003,960,328.7713,-64.5613
120,4003,968,582.3042,-64.5615
120,4003,976,1350.8696,-64.5607
120,4004,0,0.0000,-65.0000
120,4004,8,0.0699,-64.9855
120,4004,16,0.6811,-64.9173
120,4004,24,5.5147,-64.6276
120,4004,32,14.0905,-64.5433
120,4004,40,22.6664,-64.5540
120,4004,48,36.8228,-64.5609
120,4004,56,100.0000,-64.5618
120,4004,64,100.0357,-64.5424
120,4004,72,100.0751,-64.4749
120,4004,80,100.1204,-64.3402
120,4004,88,100.2693,-63.5619
120,4004,96,100.6251,-61.0094
120,4004,104,101.2859,-58.5461
120,4004,112,101.3140,-58.5263
120,4004,120,101.3614,-58.5031
120,4004,128,101.4684,-58.4930
120,4004,136,101.7983,-58.7935
120,4004,144,101.8475,-58.8753
120,4004,152,101.9401,-59.0470
120,4004,160,102.0614,-59.3060
120,4004,168,102.1969,-59.6242
120,4004,176,102.4612,-60.3151
120,4004,184,102.6527,-60.8518
120,4004,192,103.4342,-63.1289
120,4004,200,103.5219,-63.3770
120,4004,208,104.0286,-64.6599
120,4004,216,104.6318,-65.9705
120,4004,224,104.8309,-66.3422
120,4004,232,105.5034,-67.3904
120,4004,240,106.8729,-69.0618
120,4004,248,106.9193,-69.1075
120,4004,256,107.2783,-69.3943
120,4004,264,108.2250,-69.9801
120,4004,272,108.2696,-70.0044
120,4004,280,108.6229,-70.1453
120,4004,288,109.0833,-70.2915
120,4004,296,109.1983,-70.3202
120,4004,304,109.6019,-70.3788
120,4004,312,109.7301,-70.3897
120,4004,320,110.0821,-70.3862
120,4004,328,110.2867,-70.3656
120,4004,336,110.3776,-70.3492
120,4004,344,110.5543,-70.3012
120,4004,352,110.7650,-70.2185
120,4004,360,111.5490,-69.9733
120,4004,368,111.5755,-69.9704
120,4004,376,111.6984,-69.9472
120,4004,384,111.7882,-69.9216
120,4004,392,112.1660,-69.7533
120,4004,400,113.1014,-69.5607
120,4004,408,113.1527,-69.5626
120,4004,416,113.4286,-69.5607
120,4004,424,113.8012,-69.5766
120,4004,432,113.8683,-69.5803
120,4004,440,113.9931,-69.5741
120,4004,448,114.5690,-69.4735
120,4004,456,114.7281,-69.4576
120,4004,464,115.0979,-69.4134
120,4004,472,115.4804,-69.3893
120,4004,480,115.5957,-69.3836
120,4004,488,116.2273,-69.3506
120,4004,496,116.8407,-69.4248
120,4004,504,116.9425,-69.4430
120,4004,512,117.4627,-69.4892
120,4004,520,118.7599,-69.7166
120,4004,528,119.7310,-69.9660
120,4004,536,119.8709,-69.9929
120,4004,544,120.4148,-70.0096
120,4004,552,120.4920,-70.0066
120,4004,560,120.9007,-69.9389
120,4004,568,121.4058,-69.8467
120,4004,576,121.5049,-69.8312
120,4004,584,121.9355,-69.7280
120,4004,592,122.3147,-69.6474
120,4004,600,122.5222,-69.6029
120,4004,608,123.2281,-69.4296
120,4004,616,123.8594,-69.3738
120,4004,624,124.0293,-69.3651
120,4004,632,124.3502,-69.3223
120,4004,640,124.5328,-69.2849
120,4004,648,125.1804,-69.1002
120,4004,656,125.2284,-69.0893
120,4004,664,125.4435,-69.0324
120,4004,672,125.4797,-69.0214
120,4004,680,125.6567,-68.9563
120,4004,688,125.8286,-68.8793
120,4004,696,125.9434,-68.8232
120,4004,704,126.3673,-68.5858
120,4004,712,127.1518,-68.3021
120,4004,720,127.2193,-68.2901
120,4004,728,127.6448,-68.1972
120,4004,736,128.7607,-68.1403
120,4004,744,131.5398,-68.7368
120,4004,752,136.0332,-69.0933
120,4004,760,143.0853,-68.5334
120,4004,768,150.1374,-67.7710
120,4004,776,157.1894,-67.0756
120,4004,784,163.6466,-66.5300
120,4004,792,168.0942,-66.1998
120,4004,800,170.9681,-66.0121
120,4004,808,173.8420,-65.8425
120,4004,816,176.7159,-65.6937
120,4004,824,179.5897,-65.5584
120,4004,832,182.4636,-65.4384
120,4004,840,185.3375,-65.3317
120,4004,848,188.2114,-65.2358
120,4004,856,191.0853,-65.1486
120,4004,864,193.9592,-65.0770
120,4004,872,196.8331,-65.0127
120,4004,880,199.7070,-64.9518
120,4004,888,201.7064,-64.9167
120,4004,896,203.3077,-64.8877
120,4004,904,204.6702,-64.8668
120,4004,912,206.0327,-64.8481
120,4004,920,207.3952,-64.8294
120,4004,928,209.4826,-64.8039
120,4004,936,217.8289,-64.7214
120,4004,944,227.5803,-64.6604
120,4004,952,257.8977,-64.5831
120,4004,960,328.7713,-64.5613
120,4004,968,582.3042,-64.5615
120,4004,976,1350.8696,-64.5607
120,4005,0,0.0000,-65.0000
120,4005,8,0.0699,-64.9855
120,4005,16,0.6811,-64.9173
120,4005,24,5.5147,-64.6276
120,4005,32,14.0905,-64.5433
120,4005,40,22.6664,-64.5540
120,4005,48,36.8228,-64.5609
120,4005,56,100.0000,-64.5618
120,4005,64,100.0357,-64.5424
120,4005,72,100.0751,-64.4749
120,4005,80,100.1204,-64.3402
120,4005,88,100.2693,-63.5619
120,4005,96,100.6251,-61.0094
120,4005,104,101.2859,-58.5461
120,4005,112,101.3140,-58.5263
120,4005,120,101.3614,-58.5031
120,4005,128,101.4684,-58.4930
120,4005,136,101.7983,-58.7935
120,4005,144,101.8475,-58.8753
120,4005,152,101.9401,-59.0470
120,4005,160,102.0614,-59.3060
120,4005,168,102.1969,-59.6242
120,4005,176,102.4612,-60.3151
120,4005,184,102.6527,-60.8518
120,4005,192,103.4342,-63.1289
120,4005,200,103.5219,-63.3770
120,4005,208,104.0286,-64.6599
120,4005,216,104.6318,-65.9705
120,4005,224,104.8309,-66.3422
120,4005,232,105.5034,-67.3904
120,4005,240,106.8729,-69.0618
120,4005,248,106.9193,-69.1075
120,4005,256,107.2783,-69.3943
120,4005,264,108.2250,-69.9801
120,4005,272,108.2696,-70.0044
120,4005,280,108.6229,-70.1453
120,4005,288,109.0833,-70.2915
120,4005,296,109.1983,-70.3202
120,4005,304,109.6019,-70.3788
120,4005,312,109.7301,-70.3897
120,4005,320,110.0821,-70.3862
120,4005,328,110.2867,-70.3656
120,4005,336,110.3776,-70.3492
120,4005,344,110.5543,-70.3012
120,4005,352,110.7650,-70.2185
120,4005,360,111.5490,-69.9733
120,4005,368,111.5755,-69.9704
120,4005,376,111.6984,-69.9472
120,4005,384,111.7882,-69.9216
120,4005,392,112.1660,-69.7533
120,4005,400,113.1014,-69.5607
120,4005,408,113.1527,-69.5626
120,4005,416,113.4286,-69.5607
120,4005,424,113.8012,-69.5766
120,4005,432,113.8683,-69.5803
120,4005,440,113.9931,-69.5741
120,4005,448,114.5690,-69.4735
120,4005,456,114.7281,-69.4576
120,4005,464,115.0979,-69.4134
120,4005,472,115.4804,-69.3893
120,4005,480,115.5957,-69.3836
120,4005,488,116.2273,-69.3506
120,4005,496,116.8407,-69.4248
120,4005,504,116.9425,-69.4430
120,4005,512,117.4627,-69.4892
120,4005,520,118.7599,-69.7166
120,4005,528,119.7310,-69.9660
120,4005,536,119.8709,-69.9929
120,4005,544,120.4148,-70.0096
120,4005,552,120.4920,-70.0066
120,4005,560,120.9007,-69.9389
120,4005,568,121.4058,-69.8467
120,4005,576,121.5049,-69.8312
120,4005,584,121.9355,-69.7280
120,4005,592,122.3147,-69.6474
120,4005,600,122.5222,-69.6029
120,4005,608,123.2281,-69.4296
120,4005,616,123.8594,-69.3738
120,4005,624,124.0293,-69.3651
120,4005,632,124.3502,-69.3223
120,4005,640,124.5328,-69.2849
120,4005,648,125.1804,-69.1002
120,4005,656,125.2284,-69.0893
120,4005,664,125.4435,-69.0324
120,4005,672,125.4797,-69.0214
120,4005,680,125.6567,-68.9563
120,4005,688,125.8286,-68.8793
120,4005,696,125.9434,-68.8232
120,4005,704,126.3673,-68.5858
120,4005,712,127.1518,-68.3021
120,4005,720,127.2193,-68.2901
120,4005,728,127.6448,-68.1972
120,4005,736,128.7607,-68.1403
120,4005,744,131.5398,-68.7368
120,4005,752,136.0332,-69.0933
120,4005,760,143.0853,-68.5334
120,4005,768,150.1374,-67.7710
120,4005,776,157.1894,-67.0756
120,4005,784,163.6466,-66.5300
120,4005,792,168.0942,-66.1998
120,4005,800,170.9681,-66.0121
120,4005,808,173.8420,-65.8425
120,4005,816,176.7159,-65.6937
120,4005,824,179.5897,-65.5584
120,4005,832,182.4636,-65.4384
120,4005,840,185.3375,-65.3317
120,4005,848,188.2114,-65.2358
120,4005,856,191.0853,-65.1486
120,4005,864,193.9592,-65.0770
120,4005,872,196.8331,-65.0127
120,4005,880,199.7070,-64.9518
120,4005,888,201.7064,-64.9167
120,4005,896,203.3077,-64.8877
120,4005,904,204.6702,-64.8668
120,4005,912,206.0327,-64.8481
120,4005,920,207.3952,-64.8294
120,4005,928,209.4826,-64.8039
120,4005,936,217.8289,-64.7214
120,4005,944,227.5803,-64.6604
120,4005,952,257.8977,-64.5831
120,4005,960,328.7713,-64.5613
120,4005,968,582.3042,-64.5615
120,4005,976,1350.8696,-64.5607
120,4006,0,0.0000,-65.0000
120,4006,8,0.0699,-64.9855
120,4006,16,0.6811,-64.9173
120,4006,24,5.5147,-64.6276
120,4006,32,14.0905,-64.5433
120,4006,40,22.6664,-64.5540
120,4006,48,36.8228,-64.5609
120,4006,56,100.0000,-64.5618
120,4006,64,100.0357,-64.5424
120,4006,72,100.0751,-64.4749
120,4006,80,100.1204,-64.3402
120,4006,88,100.2693,-63.5619
120,4006,96,100.6251,-61.0094
120,4006,104,101.2859,-58.5461
120,4006,112,101.3140,-58.5263
120,4006,120,101.3614,-58.5031
120,4006,128,101.4684,-58.4930
120,4006,136,101.7983,-58.7935
120,4006,144,101.8475,-58.8753
120,4006,152,101.9401,-59.0470
120,4006,160,102.0614,-59.3060
120,4006,168,102.1969,-59.6242
120,4006,176,102.4612,-60.3151
120,4006,184,102.6527,-60.8518
120,4006,192,103.4342,-63.1289
120,4006,200,103.5219,-63.3770
120,4006,208,104.0286,-64.6599
120,4006,216,104.6318,-65.9705
120,4006,224,104.8309,-66.3422
120,4006,232,105.5034,-67.3904
120,4006,240,106.8729,-69.0618
120,4006,248,106.9193,-69.1075
120,4006,256,107.2783,-69.3943
120,4006,264,108.2250,-69.9801
120,4006,272,108.2696,-70.0044
120,4006,280,108.6229,-70.1453
120,4006,288,109.0833,-70.2915
120,4006,296,109.1983,-70.3202
120,4006,304,109.6019,-70.3788
120,4006,312,109.7301,-70.3897
120,4006,320,110.0821,-70.3862
120,4006,328,110.2867,-70.3656
120,4006,336,110.3776,-70.3492
120,4006,344,110.5543,-70.3012
120,4006,352,110.7650,-70.2185
120,4006,360,111.5490,-69.9733
120,4006,368,111.5755,-69.9704
120,4006,376,111.6984,-69.9472
120,4006,384,111.7882,-69.9216
120,4006,392,112.1660,-69.7533
120,4006,400,113.1014,-69.5607
120,4006,408,113.1527,-69.5626
120,4006,416,113.4286,-69.5607
120,4006,424,113.8012,-69.5766
120,4006,432,113.8683,-69.5803
120,4006,440,113.9931,-69.5741
120,4006,448,114.5690,-69.4735
120,4006,456,114.7281,-69.4576
120,4006,464,115.0979,-69.4134
120,4006,472,115.4804,-69.3893
120,4006,480,115.5957,-69.3836
120,4006,488,116.2273,-69.3506
120,4006,496,116.8407,-69.4248
120,4006,504,116.9425,-69.4430
120,4006,512,117.4627,-69.4892
120,4006,520,118.7599,-69.7166
120,4006,528,119.7310,-69.9660
120,4006,536,119.8709,-69.9929
120,4006,544,120.4148,-70.0096
120,4006,552,120.4920,-70.0066
120,4006,560,120.9007,-69.9389
120,4006,568,121.4058,-69.8467
120,4006,576,121.5049,-69.8312
120,4006,584,121.9355,-69.7280
120,4006,592,122.3147,-69.6474
120,4006,600,122.5222,-69.6029
120,4006,608,123.2281,-69.4296
120,4006,616,123.8594,-69.3738
120,4006,624,124.0293,-69.3651
120,4006,632,124.3502,-69.3223
120,4006,640,124.5328,-69.2849
120,4006,648,125.1804,-69.1002
120,4006,656,125.2284,-69.0893
120,4006,664,125.4435,-69.0324
120,4006,672,125.4797,-69.0214
120,4006,680,125.6567,-68.9563
120,4006,688,125.8286,-68.8793
120,4006,696,125.9434,-68.8232
120,4006,704,126.3673,-68.5858
120,4006,712,127.1518,-68.3021
120,4006,720,127.2193,-68.2901
120,4006,728,127.6448,-68.1972
120,4006,736,128.7607,-68.1403
120,4006,744,131.5398,-68.7368
120,4006,752,136.0332,-69.0933
120,4006,760,143.0853,-68.5334
120,4006,768,150.1374,-67.7710
120,4006,776,157.1894,-67.0756
120,4006,784,163.6466,-66.5300
120,4006,792,168.0942,-66.1998
120,4006,800,170.9681,-66.0121
120,4006,808,173.8420,-65.8425
120,4006,816,176.7159,-65.6937
120,4006,824,179.5897,-65.5584
120,4006,832,182.4636,-65.4384
120,4006,840,185.3375,-65.3317
120,4006,848,188.2114,-65.2358
120,4006,856,191.0853,-65.1486
120,4006,864,193.9592,-65.0770
120,4006,872,196.8331,-65.0127
120,4006,880,199.7070,-64.9518
120,4006,888,201.7064,-64.9167
120,4006,896,203.3077,-64.8877
120,4006,904,204.6702,-64.8668
120,4006,912,206.0327,-64.8481
120,4006,920,207.3952,-64.8294
120,4006,928,209.4826,-64.8039
120,4006,936,217.8289,-64.7214
120,4006,944,227.5803,-64.6604
120,4006,952,257.8977,-64.5831
120,4006,960,328.7713,-64.5613
120,4006,968,582.3042,-64.5615
120,4006,976,1350.8696,-64.5607
120,4007,0,0.0000,-65.0000
120,4007,8,0.0699,-64.9855
120,4007,16,0.6811,-64.9173
120,4007,24,5.5147,-64.6276
120,4007,32,14.0905,-64.5433
120,4007,40,22.6664,-64.5540
120,4007,48,36.8228,-64.5609
120,4007,56,100.0000,-64.5618
120,4007,64,100.0357,-64.5424
120,4007,72,100.0751,-64.4749
120,4007,80,100.1204,-64.3402
120,4007,88,100.2693,-63.5619
120,4007,96,100.6251,-61.0094
120,4007,104,101.2859,-58.5461
120,4007,112,101.3140,-58.5263
120,4007,120,101.3614,-58.5031
120,4007,128,101.4684,-58.4930
120,4007,136,101.7983,-58.7935
120,4007,144,101.8475,-58.8753
120,4007,152,101.9401,-59.0470
120,4007,160,102.0614,-59.3060
120,4007,168,102.1969,-59.6242
120,4007,176,102.4612,-60.3151
120,4007,184,102.6527,-60.8518
120,4007,192,103.4342,-63.1289
120,4007,200,103.5219,-63.3770
120,4007,208,104.0286,-64.6599
120,4007,216,104.6318,-65.9705
120,4007,224,104.8309,-66.3422
120,4007,232,105.5034,-67.3904
120,4007,240,106.8729,-69.0618
120,4007,248,106.9193,-69.1075
120,4007,256,107.2783,-69.3943
120,4007,264,108.2250,-69.9801
120,4007,272,108.2696,-70.0044
120,4007,280,108.6229,-70.1453
120,4007,288,109.0833,-70.2915
120,4007,296,109.1983,-70.3202
120,4007,304,109.6019,-70.3788
120,4007,312,109.7301,-70.3897
120,4007,320,110.0821,-70.3862
120,4007,328,110.2867,-70.3656
120,4007,336,110.3776,-70.3492
120,4007,344,110.5543,-70.3012
120,4007,352,110.7650,-70.2185
120,4007,360,111.5490,-69.9733
120,4007,368,111.5755,-69.9704
120,4007,376,111.6984,-69.9472
120,4007,384,111.7882,-69.9216
120,4007,392,112.1660,-69.7533
120,4007,400,113.1014,-69.5607
120,4007,408,113.1527,-69.5626
120,4007,416,113.4286,-69.5607
120,4007,424,113.8012,-69.5766
120,4007,432,113.8683,-69.5803
120,4007,440,113.9931,-69.5741
120,4007,448,114.5690,-69.4735
120,4007,456,114.7281,-69.4576
120,4007,464,115.0979,-69.4134
120,4007,472,115.4804,-69.3893
120,4007,480,115.5957,-69.3836
120,4007,488,116.2273,-69.3506
120,4007,496,116.8407,-69.4248
120,4007,504,116.9425,-69.4430
120,4007,512,117.4627,-69.4892
120,4007,520,118.7599,-69.7166
120,4007,528,119.7310,-69.9660
120,4007,536,119.8709,-69.9929
120,4007,544,120.4148,-70.0096
120,4007,552,120.4920,-70.0066
120,4007,560,120.9007,-69.9389
120,4007,568,121.4058,-69.8467
120,4007,576,121.5049,-69.8312
120,4007,584,121.9355,-69.7280
120,4007,592,122.3147,-69.6474
120,4007,600,122.5222,-69.6029
120,4007,608,123.2281,-69.4296
120,4007,616,123.8594,-69.3738
120,4007,624,124.0293,-69.3651
120,4007,632,124.3502,-69.3223
120,4007,640,124.5328,-69.2849
120,4007,648,125.1804,-69.1002
120,4007,656,125.2284,-69.0893
120,4007,664,125.4435,-69.0324
120,4007,672,125.4797,-69.0214
120,4007,680,125.6567,-68.9563
120,4007,688,125.8286,-68.8793
120,4007,696,125.9434,-68.8232
120,4007,704,126.3673,-68.5858
120,4007,712,127.1518,-68.3021
120,4007,720,127.2193,-68.2901
120,4007,728,127.6448,-68.1972
120,4007,736,128.7607,-68.1403
120,4007,744,131.5398,-68.7368
120,4007,752,136.0332,-69.0933
120,4007,760,143.0853,-68.5334
120,4007,768,150.1374,-67.7710
120,4007,776,157.1894,-67.0756
120,4007,784,163.6466,-66.5300
120,4007,792,168.0942,-66.1998
120,4007,800,170.9681,-66.0121
120,4007,808,173.8420,-65.8425
120,4007,816,176.7159,-65.6937
120,4007,824,179.5897,-65.5584
120,4007,832,182.4636,-65.4384
120,4007,840,185.3375,-65.3317
120,4007,848,188.2114,-65.2358
120,4007,856,191.0853,-65.1486
120,4007,864,193.9592,-65.0770
120,4007,872,196.8331,-65.0127
120,4007,880,199.7070,-64.9518
120,4007,888,201.7064,-64.9167
120,4007,896,203.3077,-64.8877
120,4007,904,204.6702,-64.8668
120,4007,912,206.0327,-64.8481
120,4007,920,207.3952,-64.8294
120,4007,928,209.4826,-64.8039
120,4007,936,217.8289,-64.7214
120,4007,944,227.5803,-64.6604
120,4007,952,257.8977,-64.5831
120,4007,960,328.7713,-64.5613
120,4007,968,582.3042,-64.5615
120,4007,976,1350.8696,-64.5607
120,4008,0,0.0000,-65.0000
120,4008,8,0.0699,-64.9855
120,4008,16,0.6811,-64.9173
120,4008,24,5.5147,-64.6276
120,4008,32,14.0905,-64.5433
120,4008,40,22.6664,-64.5540
120,4008,48,36.8228,-64.5609
120,4008,56,100.0000,-64.5618
120,4008,64,100.0357,-64.5424
120,4008,72,100.0751,-64.4749
120,4008,80,100.1204,-64.3402
120,4008,88,100.2693,-63.5619
120,4008,96,100.6251,-61.0094
120,4008,104,101.2859,-58.5461
120,4008,112,101.3140,-58.5263
120,4008,120,101.3614,-58.5031
120,4008,128,101.4684,-58.4930
120,4008,136,101.7983,-58.7935
120,4008,144,101.8475,-58.8753
120,4008,152,101.9401,-59.0470
120,4008,160,102.0614,-59.3060
120,4008,168,102.1969,-59.6242
120,4008,176,102.4612,-60.3151
120,4008,184,102.6527,-60.8518
120,4008,192,103.4342,-63.1289
120,4008,200,103.5219,-63.3770
120,4008,208,104.0286,-64.6599
120,4008,216,104.6318,-65.9705
120,4008,224,104.8309,-66.3422
120,4008,232,105.5034,-67.3904
120,4008,240,106.8729,-69.0618
120,4008,248,106.9193,-69.1075
120,4008,256,107.2783,-69.3943
120,4008,264,108.2250,-69.9801
120,4008,272,108.2696,-70.0044
120,4008,280,108.6229,-70.1453
120,4008,288,109.0833,-70.2915
120,4008,296,109.1983,-70.3202
120,4008,304,109.6019,-70.3788
120,4008,312,109.7301,-70.3897
120,4008,320,110.0821,-70.3862
120,4008,328,110.2867,-70.3656
120,4008,336,110.3776,-70.3492
120,4008,344,110.5543,-70.3012
120,4008,352,110.7650,-70.2185
120,4008,360,111.5490,-69.9733
120,4008,368,111.5755,-69.9704
120,4008,376,111.6984,-69.9472
120,4008,384,111.7882,-69.9216
120,4008,392,112.1660,-69.7533
120,4008,400,113.1014,-69.5607
120,4008,408,113.1527,-69.5626
120,4008,416,113.4286,-69.5607
120,4008,424,113.8012,-69.5766
120,4008,432,113.8683,-69.5803
120,4008,440,113.9931,-69.5741
120,4008,448,114.5690,-69.4735
120,4008,456,114.7281,-69.4576
120,4008,464,115.0979,-69.4134
120,4008,472,115.4804,-69.3893
120,4008,480,115.5957,-69.3836
120,4008,488,116.2273,-69.3506
120,4008,496,116.8407,-69.4248
120,4008,504,116.9425,-69.4430
120,4008,512,117.4627,-69.4892
120,4008,520,118.7599,-69.7166
120,4008,528,119.7310,-69.9660
120,4008,536,119.8709,-69.9929
120,4008,544,120.4148,-70.0096
120,4008,552,120.4920,-70.0066
120,4008,560,120.9007,-69.9389
120,4008,568,121.4058,-69.8467
120,4008,576,121.5049,-69.8312
120,4008,584,121.9355,-69.7280
120,4008,592,122.3147,-69.6474
120,4008,600,122.5222,-69.6029
120,4008,608,123.2281,-69.4296
120,4008,616,123.8594,-69.3738
120,4008,624,124.0293,-69.3651
120,4008,632,124.3502,-69.3223
120,4008,640,124.5328,-69.2849
120,4008,648,125.1804,-69.1002
120,4008,656,125.2284,-69.0893
120,4008,664,125.4435,-69.0324
120,4008,672,125.4797,-69.0214
120,4008,680,125.6567,-68.9563
120,4008,688,125.8286,-68.8793
120,4008,696,125.9434,-68.8232
120,4008,704,126.3673,-68.5858
120,4008,712,127.1518,-68.3021
120,4008,720,127.2193,-68.2901
120,4008,728,127.6448,-68.1972
120,4008,736,128.7607,-68.1403
120,4008,744,131.5398,-68.7368
120,4008,752,136.0332,-69.0933
120,4008,760,143.0853,-68.5334
120,4008,768,150.1374,-67.7710
120,4008,776,157.1894,-67.0756
120,4008,784,163.6466,-66.5300
120,4008,792,168.0942,-66.1998
120,4008,800,170.9681,-66.0121
120,4008,808,173.8420,-65.8425
120,4008,816,176.7159,-65.6937
120,4008,824,179.5897,-65.5584
120,4008,832,182.4636,-65.4384
120,4008,840,185.3375,-65.3317
120,4008,848,188.2114,-65.2358
120,4008,856,191.0853,-65.1486
120,4008,864,193.9592,-65.0770
120,4008,872,196.8331,-65.0127
120,4008,880,199.7070,-64.9518
120,4008,888,201.7064,-64.9167
120,4008,896,203.3077,-64.8877
120,4008,904,204.6702,-64.8668
120,4008,912,206.0327,-64.8481
120,4008,920,207.3952,-64.8294
120,4008,928,209.4826,-64.8039
120,4008,936,217.8289,-64.7214
120,4008,944,227.5803,-64.6604
120,4008,952,257.8977,-64.5831
120,4008,960,328.7713,-64.5613
120,4008,968,582.3042,-64.5615
120,4008,976,1350.8696,-64.5607
120,4009,0,0.0000,-65.0000
120,4009,8,0.0699,-64.9855
120,4009,16,0.6811,-64.9173
120,4009,24,5.5147,-64.6276
120,4009,32,14.0905,-64.5433
120,4009,40,22.6664,-64.5540
120,4009,48,36.8228,-64.5609
120,4009,56,100.0000,-64.5618
120,4009,64,100.0357,-64.5424
120,4009,72,100.0751,-64.4749
120,4009,80,100.1204,-64.3402
120,4009,88,100.2693,-63.5619
120,4009,96,100.6251,-61.0094
120,4009,104,101.2859,-58.5461
120,4009,112,101.3140,-58.5263
120,4009,120,101.3614,-58.5031
120,4009,128,101.4684,-58.4930
120,4009,136,101.7983,-58.7935
120,4009,144,101.8475,-58.8753
120,4009,152,101.9401,-59.0470
120,4009,160,102.0614,-59.3060
120,4009,168,102.1969,-59.6242
120,4009,176,102.4612,-60.3151
120,4009,184,102.6527,-60.8518
120,4009,192,103.4342,-63.1289
120,4009,200,103.5219,-63.3770
120,4009,208,104.0286,-64.6599
120,4009,216,104.6318,-65.9705
120,4009,224,104.8309,-66.3422
120,4009,232,105.5034,-67.3904
120,4009,240,106.8729,-69.0618
120,4009,248,106.9193,-69.1075
120,4009,256,107.2783,-69.3943
120,4009,264,108.2250,-69.9801
120,4009,272,108.2696,-70.0044
120,4009,280,108.6229,-70.1453
120,4009,288,109.0833,-70.2915
120,4009,296,109.1983,-70.3202
120,4009,304,109.6019,-70.3788
120,4009,312,109.7301,-70.3897
120,4009,320,110.0821,-70.3862
120,4009,328,110.2867,-70.3656
120,4009,336,110.3776,-70.3492
120,4009,344,110.5543,-70.3012
120,4009,352,110.7650,-70.2185
120,4009,360,111.5490,-69.9733
120,4009,368,111.5755,-69.9704
120,4009,376,111.6984,-69.9472
120,4009,384,111.7882,-69.9216
120,4009,392,112.1660,-69.7533
120,4009,400,113.1014,-69.5607
120,4009,408,113.1527,-69.5626
120,4009,416,113.4286,-69.5607
120,4009,424,113.8012,-69.5766
120,4009,432,113.8683,-69.5803
120,4009,440,113.9931,-69.5741
120,4009,448,114.5690,-69.4735
120,4009,456,114.7281,-69.4576
120,4009,464,115.0979,-69.4134
120,4009,472,115.4804,-69.3893
120,4009,480,115.5957,-69.3836
120,4009,488,116.2273,-69.3506
120,4009,496,116.8407,-69.4248
120,4009,504,116.9425,-69.4430
120,4009,512,117.4627,-69.4892
120,4009,520,118.7599,-69.7166
120,4009,528,119.7310,-69.9660
120,4009,536,119.8709,-69.9929
120,4009,544,120.4148,-70.0096
120,4009,552,120.4920,-70.0066
120,4009,560,120.9007,-69.9389
120,4009,568,121.4058,-69.8467
120,4009,576,121.5049,-69.8312
120,4009,584,121.9355,-69.7280
120,4009,592,122.3147,-69.6474
120,4009,600,122.5222,-69.6029
120,4009,608,123.2281,-69.4296
120,4009,616,123.8594,-69.3738
120,4009,624,124.0293,-69.3651
120,4009,632,124.3502,-69.3223
120,4009,640,124.5328,-69.2849
120,4009,648,125.1804,-69.1002
120,4009,656,125.2284,-69.0893
120,4009,664,125.4435,-69.0324
120,4009,672,125.4797,-69.0214
120,4009,680,125.6567,-68.9563
120,4009,688,125.8286,-68.8793
120,4009,696,125.9434,-68.8232
120,4009,704,126.3673,-68.5858
120,4009,712,127.1518,-68.3021
120,4009,720,127.2193,-68.2901
120,4009,728,127.6448,-68.1972
120,4009,736,128.7607,-68.1403
120,4009,744,131.5398,-68.7368
120,4009,752,136.0332,-69.0933
120,4009,760,143.0853,-68.5334
120,4009,768,150.1374,-67.7710
120,4009,776,157.1894,-67.0756
120,4009,784,163.6466,-66.5300
120,4009,792,168.0942,-66.1998
120,4009,800,170.9681,-66.0121
120,4009,808,173.8420,-65.8425
120,4009,816,176.7159,-65.6937
120,4009,824,179.5897,-65.5584
120,4009,832,182.4636,-65.4384
120,4009,840,185.3375,-65.3317
120,4009,848,188.2114,-65.2358
120,4009,856,191.0853,-65.1486
120,4009,864,193.9592,-65.0770
120,4009,872,196.8331,-65.0127
120,4009,880,199.7070,-64.9518
120,4009,888,201.7064,-64.9167
120,4009,896,203.3077,-64.8877
120,4009,904,204.6702,-64.8668
120,4009,912,206.0327,-64.8481
120,4009,920,207.3952,-64.8294
120,4009,928,209.4826,-64.8039
120,4009,936,217.8289,-64.7214
120,4009,944,227.5803,-64.6604
120,4009,952,257.8977,-64.5831
120,4009,960,328.7713,-64.5613
120,4009,968,582.3042,-64.5615
120,4009,976,1350.8696,-64.5607
120,4010,0,0.0000,-65.0000
120,4010,8,0.0699,-64.9855
120,4010,16,0.6811,-64.9173
120,4010,24,5.5147,-64.6276
120,4010,32,14.0905,-64.5433
120,4010,40,22.6664,-64.5540
120,4010,48,36.8228,-64.5609
120,4010,56,100.0000,-64.5618
120,4010,64,100.0357,-64.5424
120,4010,72,100.0751,-64.4749
120,4010,80,100.1204,-64.3402
120,4010,88,100.2693,-63.5619
120,4010,96,100.6251,-61.0094
120,4010,104,101.2859,-58.5461
120,4010,112,101.3140,-58.5263
120,4010,120,101.3614,-58.5031
120,4010,128,101.4684,-58.4930
120,4010,136,101.7983,-58.7935
120,4010,144,101.8475,-58.8753
120,4010,152,101.9401,-59.0470
120,4010,160,102.0614,-59.3060
120,4010,168,102.1969,-59.6242
120,4010,176,102.4612,-60.3151
120,4010,184,102.6527,-60.8518
120,4010,192,103.4342,-63.1289
120,4010,200,103.5219,-63.3770
120,4010,208,104.0286,-64.6599
120,4010,216,104.6318,-65.9705
120,4010,224,104.8309,-66.3422
120,4010,232,105.5034,-67.3904
120,4010,240,106.8729,-69.0618
120,4010,248,106.9193,-69.1075
120,4010,256,107.2783,-69.3943
120,4010,264,108.2250,-69.9801
120,4010,272,108.2696,-70.0044
120,4010,280,108.6229,-70.1453
120,4010,288,109.0833,-70.2915
120,4010,296,109.1983,-70.3202
120,4010,304,109.6019,-70.3788
120,4010,312,109.7301,-70.3897
120,4010,320,110.0821,-70.3862
120,4010,328,110.2867,-70.3656
120,4010,336,110.3776,-70.3492
120,4010,344,110.5543,-70.3012
120,4010,352,110.7650,-70.2185
120,4010,360,111.5490,-69.9733
120,4010,368,111.5755,-69.9704
120,4010,376,111.6984,-69.9472
120,4010,384,111.7882,-69.9216
120,4010,392,112.1660,-69.7533
120,4010,400,113.1014,-69.5607
120,4010,408,113.1527,-69.5626
120,4010,416,113.4286,-69.5607
120,4010,424,113.8012,-69.5766
120,4010,432,113.8683,-69.5803
120,4010,440,113.9931,-69.5741
120,4010,448,114.5690,-69.4735
120,4010,456,114.7281,-69.4576
120,4010,464,115.0979,-69.4134
120,4010,472,115.4804,-69.3893
120,4010,480,115.5957,-69.3836
120,4010,488,116.2273,-69.3506
120,4010,496,116.8407,-69.4248
120,4010,504,116.9425,-69.4430
120,4010,512,117.4627,-69.4892
120,4010,520,118.7599,-69.7166
120,4010,528,119.7310,-69.9660
120,4010,536,119.8709,-69.9929
120,4010,544,120.4148,-70.0096
120,4010,552,120.4920,-70.0066
120,4010,560,120.9007,-69.9389
120,4010,568,121.4058,-69.8467
120,4010,576,121.5049,-69.8312
120,4010,584,121.9355,-69.7280
120,4010,592,122.3147,-69.6474
120,4010,600,122.5222,-69.6029
120,4010,608,123.2281,-69.4296
120,4010,616,123.8594,-69.3738
120,4010,624,124.0293,-69.3651
120,4010,632,124.3502,-69.3223
120,4010,640,124.5328,-69.2849
120,4010,648,125.1804,-69.1002
120,4010,656,125.2284,-69.0893
120,4010,664,125.4435,-69.0324
120,4010,672,125.4797,-69.0214
120,4010,680,125.6567,-68.9563
120,4010,688,125.8286,-68.8793
120,4010,696,125.9434,-68.8232
120,4010,704,126.3673,-68.5858
120,4010,712,127.1518,-68.3021
120,4010,720,127.2193,-68.2901
120,4010,728,127.6448,-68.1972
120,4010,736,128.7607,-68.1403
120,4010,744,131.5398,-68.7368
120,4010,752,136.0332,-69.0933
120,4010,760,143.0853,-68.5334
120,4010,768,150.1374,-67.7710
120,4010,776,157.1894,-67.0756
120,4010,784,163.6466,-66.5300
120,4010,792,168.0942,-66.1998
120,4010,800,170.9681,-66.0121
120,4010,808,173.8420,-65.8425
120,4010,816,176.7159,-65.6937
120,4010,824,179.5897,-65.5584
120,4010,832,182.4636,-65.4384
120,4010,840,185.3375,-65.3317
120,4010,848,188.2114,-65.2358
120,4010,856,191.0853,-65.1486
120,4010,864,193.9592,-65.0770
120,4010,872,196.8331,-65.0127
120,4010,880,199.7070,-64.9518
120,4010,888,201.7064,-64.9167
120,4010,896,203.3077,-64.8877
120,4010,904,204.6702,-64.8668
120,4010,912,206.0327,-64.8481
120,4010,920,207.3952,-64.8294
120,4010,928,209.4826,-64.8039
120,4010,936,217.8289,-64.7214
120,4010,944,227.5803,-64.6604
120,4010,952,257.8977,-64.5831
120,4010,960,328.7713,-64.5613
120,4010,968,582.3042,-64.5615
120,4010,976,1350.8696,-64.5607
150,5001,0,0.0000,-65.0000
150,5001,8,0.0699,-64.9855
150,5001,16,0.6811,-64.9173
150,5001,24,5.5147,-64.6276
150,5001,32,14.0905,-64.5433
150,5001,40,22.6664,-64.5540
150,5001,48,36.8228,-64.5609
150,5001,56,100.0000,-64.5618
150,5001,64,100.0385,-64.5394
150,5001,72,100.0491,-64.5242
150,5001,80,100.1305,-64.2874
150,5001,88,100.1989,-63.9528
150,5001,96,100.3688,-62.7826
150,5001,104,100.4310,-62.2993
150,5001,112,100.4796,-61.9178
150,5001,120,100.6049,-60.9602
150,5001,128,100.6845,-60.3980
150,5001,136,100.9321,-58.9887
150,5001,144,101.0626,-58.4868
150,5001,152,101.1208,-58.3134
150,5001,160,101.4271,-57.8204
150,5001,168,102.4185,-59.6727
150,5001,176,102.4540,-59.7954
150,5001,184,102.6090,-60.3406
150,5001,192,102.7172,-60.7231
150,5001,200,102.8006,-61.0110
150,5001,208,103.1991,-62.3121
150,5001,216,103.2675,-62.5218
150,5001,224,103.8013,-63.9961
150,5001,232,103.9486,-64.3648
150,5001,240,104.3147,-65.1763
150,5001,248,104.3969,-65.3397
150,5001,256,104.9283,-66.2697
150,5001,264,104.9668,-66.3316
150,5001,272,105.2914,-66.8127
150,5001,280,105.3518,-66.8962
150,5001,288,105.4064,-66.9681
150,5001,296,105.7870,-67.3628
150,5001,304,106.7692,-68.2714
150,5001,312,108.1536,-69.5568
150,5001,320,108.2121,-69.6043
150,5001,328,108.4464,-69.7661
150,5001,336,108.6235,-69.8656
150,5001,344,108.8744,-69.9673
150,5001,352,109.3260,-70.0880
150,5001,360,109.5440,-70.1273
150,5001,368,109.6097,-70.1335
150,5001,376,109.8279,-70.1307
150,5001,384,109.9385,-70.1170
150,5001,392,109.9803,-70.1085
150,5001,400,110.1207,-70.0573
150,5001,408,110.6235,-69.7857
150,5001,416,110.6675,-69.7655
150,5001,424,110.8912,-69.6646
150,5001,432,111.2161,-69.5587
150,5001,440,111.3268,-69.5374
150,5001,448,111.4881,-69.5132
150,5001,456,111.7839,-69.4775
150,5001,464,111.8780,-69.4684
150,5001,472,112.4008,-69.4239
150,5001,480,112.8826,-69.4737
150,5001,488,112.9330,-69.4834
150,5001,496,113.2108,-69.4923
150,5001,504,113.7345,-69.4704
150,5001,512,113.8846,-69.4708
150,5001,520,113.9648,-69.4678
150,5001,528,114.4000,-69.3990
150,5001,536,115.4782,-69.4426
150,5001,544,116.4077,-69.7431
150,5001,552,116.4662,-69.7632
150,5001,560,116.6228,-69.7959
150,5001,568,117.1889,-69.7757
150,5001,576,118.4872,-69.8673
150,5001,584,119.3741,-70.0609
150,5001,592,119.4655,-70.0788
150,5001,600,119.6185,-70.0871
150,5001,608,120.1581,-69.9836
150,5001,616,121.4473,-69.8676
150,5001,624,123.6513,-70.1260
150,5001,632,128.2247,-70.2238
150,5001,640,136.1612,-69.4456
150,5001,648,149.2542,-67.9369
150,5001,656,163.0837,-66.6188
150,5001,664,176.9133,-65.7203
150,5001,672,189.6758,-65.2084
150,5001,680,199.2372,-64.9746
150,5001,688,208.7985,-64.8173
150,5001,696,218.3599,-64.7210
150,5001,704,225.3498,-64.6823
150,5001,712,231.9724,-64.6453
150,5001,720,238.5949,-64.6194
150,5001,728,243.3239,-64.6012
150,5001,736,247.7823,-64.5997
150,5001,744,252.2407,-64.5922
150,5001,752,258.6174,-64.5854
150,5001,760,270.5674,-64.5732
150,5001,768,365.2627,-64.5616
150,5001,776,589.2498,-64.5607
150,5001,784,1096.3069,-64.5601
150,5002,0,0.0000,-65.0000
150,5002,8,0.0699,-64.9855
150,5002,16,0.6811,-64.9173
150,5002,24,5.5147,-64.6276
150,5002,32,14.0905,-64.5433
150,5002,40,22.6664,-64.5540
150,5002,48,36.8228,-64.5609
150,5002,56,100.0000,-64.5618
150,5002,64,100.0385,-64.5394
150,5002,72,100.0491,-64.5242
150,5002,80,100.1305,-64.2874
150,5002,88,100.1989,-63.9528
150,5002,96,100.3688,-62.7826
150,5002,104,100.4310,-62.2993
150,5002,112,100.4796,-61.9178
150,5002,120,100.6049,-60.9602
150,5002,128,100.6845,-60.3980
150,5002,136,100.9321,-58.9887
150,5002,144,101.0626,-58.4868
150,5002,152,101.1208,-58.3134
150,5002,160,101.4271,-57.8204
150,5002,168,102.4185,-59.6727
150,5002,176,102.4540,-59.7954
150,5002,184,102.6090,-60.3406
150,5002,192,102.7172,-60.7231
150,5002,200,102.8006,-61.0110
150,5002,208,103.1991,-62.3121
150,5002,216,103.2675,-62.5218
150,5002,224,103.8013,-63.9961
150,5002,232,103.9486,-64.3648
150,5002,240,104.3147,-65.1763
150,5002,248,104.3969,-65.3397
150,5002,256,104.9283,-66.2697
150,5002,264,104.9668,-66.3316
150,5002,272,105.2914,-66.8127
150,5002,280,105.3518,-66.8962
150,5002,288,105.4064,-66.9681
150,5002,296,105.7870,-67.3628
150,5002,304,106.7692,-68.2714
150,5002,312,108.1536,-69.5568
150,5002,320,108.2121,-69.6043
150,5002,328,108.4464,-69.7661
150,5002,336,108.6235,-69.8656
150,5002,344,108.8744,-69.9673
150,5002,352,109.3260,-70.0880
150,5002,360,109.5440,-70.1273
150,5002,368,109.6097,-70.1335
150,5002,376,109.8279,-70.1307
150,5002,384,109.9385,-70.1170
150,5002,392,109.9803,-70.1085
150,5002,400,110.1207,-70.0573
150,5002,408,110.6235,-69.7857
150,5002,416,110.6675,-69.7655
150,5002,424,110.8912,-69.6646
150,5002,432,111.2161,-69.5587
150,5002,440,111.3268,-69.5374
150,5002,448,111.4881,-69.5132
150,5002,456,111.7839,-69.4775
150,5002,464,111.8780,-69.4684
150,5002,472,112.4008,-69.4239
150,5002,480,112.8826,-69.4737
150,5002,488,112.9330,-69.4834
150,5002,496,113.2108,-69.4923
150,5002,504,113.7345,-69.4704
150,5002,512,113.8846,-69.4708
150,5002,520,113.9648,-69.4678
150,5002,528,114.4000,-69.3990
150,5002,536,115.4782,-69.4426
150,5002,544,116.4077,-69.7431
150,5002,552,116.4662,-69.7632
150,5002,560,116.6228,-69.7959
150,5002,568,117.1889,-69.7757
150,5002,576,118.4872,-69.8673
150,5002,584,119.3741,-70.0609
150,5002,592,119.4655,-70.0788
150,5002,600,119.6185,-70.0871
150,5002,608,120.1581,-69.9836
150,5002,616,121.4473,-69.8676
150,5002,624,123.6513,-70.1260
150,5002,632,128.2247,-70.2238
150,5002,640,136.1612,-69.4456
150,5002,648,149.2542,-67.9369
150,5002,656,163.0837,-66.6188
150,5002,664,176.9133,-65.7203
150,5002,672,189.6758,-65.2084
150,5002,680,199.2372,-64.9746
150,5002,688,208.7985,-64.8173
150,5002,696,218.3599,-64.7210
150,5002,704,225.3498,-64.6823
150,5002,712,231.9724,-64.6453
150,5002,720,238.5949,-64.6194
150,5002,728,243.3239,-64.6012
150,5002,736,247.7823,-64.5997
150,5002,744,252.2407,-64.5922
150,5002,752,258.6174,-64.5854
150,5002,760,270.5674,-64.5732
150,5002,768,365.2627,-64.5616
150,5002,776,589.2498,-64.5607
150,5002,784,1096.3069,-64.5601
150,5003,0,0.0000,-65.0000
150,5003,8,0.0699,-64.9855
150,5003,16,0.6811,-64.9173
150,5003,24,5.5147,-64.6276
150,5003,32,14.0905,-64.5433
150,5003,40,22.6664,-64.5540
150,5003,48,36.8228,-64.5609
150,5003,56,100.0000,-64.5618
150,5003,64,100.0385,-64.5394
150,5003,72,100.0491,-64.5242
150,5003,80,100.1305,-64.2874
150,5003,88,100.1989,-63.9528
150,5003,96,100.3688,-62.7826
150,5003,104,100.4310,-62.2993
150,5003,112,100.4796,-61.9178
150,5003,120,100.6049,-60.9602
150,5003,128,100.6845,-60.3980
150,5003,136,100.9321,-58.9887
150,5003,144,101.0626,-58.4868
150,5003,152,101.1208,-58.3134
150,5003,160,101.4271,-57.8204
150,5003,168,102.4185,-59.6727
150,5003,176,102.4540,-59.7954
150,5003,184,102.6090,-60.3406
150,5003,192,102.7172,-60.7231
150,5003,200,102.8006,-61.0110
150,5003,208,103.1991,-62.3121
150,5003,216,103.2675,-62.5218
150,5003,224,103.8013,-63.9961
150,5003,232,103.9486,-64.3648
150,5003,240,104.3147,-65.1763
150,5003,248,104.3969,-65.3397
150,5003,256,104.9283,-66.2697
150,5003,264,104.9668,-66.3316
150,5003,272,105.2914,-66.8127
150,5003,280,105.3518,-66.8962
150,5003,288,105.4064,-66.9681
150,5003,296,105.7870,-67.3628
150,5003,304,106.7692,-68.2714
150,5003,312,108.1536,-69.5568
150,5003,320,108.2121,-69.6043
150,5003,328,108.4464,-69.7661
150,5003,336,108.6235,-69.8656
150,5003,344,108.8744,-69.9673
150,5003,352,109.3260,-70.0880
150,5003,360,109.5440,-70.1273
150,5003,368,109.6097,-70.1335
150,5003,376,109.8279,-70.1307
150,5003,384,109.9385,-70.1170
150,5003,392,109.9803,-70.1085
150,5003,400,110.1207,-70.0573
150,5003,408,110.6235,-69.7857
150,5003,416,110.6675,-69.7655
150,5003,424,110.8912,-69.6646
150,5003,432,111.2161,-69.5587
150,5003,440,111.3268,-69.5374
150,5003,448,111.4881,-69.5132
150,5003,456,111.7839,-69.4775
150,5003,464,111.8780,-69.4684
150,5003,472,112.4008,-69.4239
150,5003,480,112.8826,-69.4737
150,5003,488,112.9330,-69.4834
150,5003,496,113.2108,-69.4923
150,5003,504,113.7345,-69.4704
150,5003,512,113.8846,-69.4708
150,5003,520,113.9648,-69.4678
150,5003,528,114.4000,-69.3990
150,5003,536,115.4782,-69.4426
150,5003,544,116.4077,-69.7431
150,5003,552,116.4662,-69.7632
150,5003,560,116.6228,-69.7959
150,5003,568,117.1889,-69.7757
150,5003,576,118.4872,-69.8673
150,5003,584,119.3741,-70.0609
150,5003,592,119.4655,-70.0788
150,5003,600,119.6185,-70.0871
150,5003,608,120.1581,-69.9836
150,5003,616,121.4473,-69.8676
150,5003,624,123.6513,-70.1260
150,5003,632,128.2247,-70.2238
150,5003,640,136.1612,-69.4456
150,5003,648,149.2542,-67.9369
150,5003,656,163.0837,-66.6188
150,5003,664,176.9133,-65.7203
150,5003,672,189.6758,-65.2084
150,5003,680,199.2372,-64.9746
150,5003,688,208.7985,-64.8173
150,5003,696,218.3599,-64.7210
150,5003,704,225.3498,-64.6823
150,5003,712,231.9724,-64.6453
150,5003,720,238.5949,-64.6194
150,5003,728,243.3239,-64.6012
150,5003,736,247.7823,-64.5997
150,5003,744,252.2407,-64.5922
150,5003,752,258.6174,-64.5854
150,5003,760,270.5674,-64.5732
150,5003,768,365.2627,-64.5616
150,5003,776,589.2498,-64.5607
150,5003,784,1096.3069,-64.5601
150,5004,0,0.0000,-65.0000
150,5004,8,0.0699,-64.9855
150,5004,16,0.6811,-64.9173
150,5004,24,5.5147,-64.6276
150,5004,32,14.0905,-64.5433
150,5004,40,22.6664,-64.5540
150,5004,48,36.8228,-64.5609
150,5004,56,100.0000,-64.5618
150,5004,64,100.0385,-64.5394
150,5004,72,100.0491,-64.5242
150,5004,80,100.1305,-64.2874
150,5004,88,100.1989,-63.9528
150,5004,96,100.3688,-62.7826
150,5004,104,100.4310,-62.2993
150,5004,112,100.4796,-61.9178
150,5004,120,100.6049,-60.9602
150,5004,128,100.6845,-60.3980
150,5004,136,100.9321,-58.9887
150,5004,144,101.0626,-58.4868
150,5004,152,101.1208,-58.3134
150,5004,160,101.4271,-57.8204
150,5004,168,102.4185,-59.6727
150,5004,176,102.4540,-59.7954
150,5004,184,102.6090,-60.3406
150,5004,192,102.7172,-60.7231
150,5004,200,102.8006,-61.0110
150,5004,208,103.1991,-62.3121
150,5004,216,103.2675,-62.5218
150,5004,224,103.8013,-63.9961
150,5004,232,103.9486,-64.3648
150,5004,240,104.3147,-65.1763
150,5004,248,104.3969,-65.3397
150,5004,256,104.9283,-66.2697
150,5004,264,104.9668,-66.3316
150,5004,272,105.2914,-66.8127
150,5004,280,105.3518,-66.8962
150,5004,288,105.4064,-66.9681
150,5004,296,105.7870,-67.3628
150,5004,304,106.7692,-68.2714
150,5004,312,108.1536,-69.5568
150,5004,320,108.2121,-69.6043
150,5004,328,108.4464,-69.7661
150,5004,336,108.6235,-69.8656
150,5004,344,108.8744,-69.9673
150,5004,352,109.3260,-70.0880
150,5004,360,109.5440,-70.1273
150,5004,368,109.6097,-70.1335
150,5004,376,109.8279,-70.1307
150,5004,384,109.9385,-70.1170
150,5004,392,109.9803,-70.1085
150,5004,400,110.1207,-70.0573
150,5004,408,110.6235,-69.7857
150,5004,416,110.6675,-69.7655
150,5004,424,110.8912,-69.6646
150,5004,432,111.2161,-69.5587
150,5004,440,111.3268,-69.5374
150,5004,448,111.4881,-69.5132
150,5004,456,111.7839,-69.4775
150,5004,464,111.8780,-69.4684
150,5004,472,112.4008,-69.4239
150,5004,480,112.8826,-69.4737
150,5004,488,112.9330,-69.4834
150,5004,496,113.2108,-69.4923
150,5004,504,113.7345,-69.4704
150,5004,512,113.8846,-69.4708
150,5004,520,113.9648,-69.4678
150,5004,528,114.4000,-69.3990
150,5004,536,115.4782,-69.4426
150,5004,544,116.4077,-69.7431
150,5004,552,116.4662,-69.7632
150,5004,560,116.6228,-69.7959
150,5004,568,117.1889,-69.7757
150,5004,576,118.4872,-69.8673
150,5004,584,119.3741,-70.0609
150,5004,592,119.4655,-70.0788
150,5004,600,119.6185,-70.0871
150,5004,608,120.1581,-69.9836
150,5004,616,121.4473,-69.8676
150,5004,624,123.6513,-70.1260
150,5004,632,128.2247,-70.2238
150,5004,640,136.1612,-69.4456
150,5004,648,149.2542,-67.9369
150,5004,656,163.0837,-66.6188
150,5004,664,176.9133,-65.7203
150,5004,672,189.6758,-65.2084
150,5004,680,199.2372,-64.9746
150,5004,688,208.7985,-64.8173
150,5004,696,218.3599,-64.7210
150,5004,704,225.3498,-64.6823
150,5004,712,231.9724,-64.6453
150,5004,720,238.5949,-64.6194
150,5004,728,243.3239,-64.6012
150,5004,736,247.7823,-64.5997
150,5004,744,252.2407,-64.5922
150,5004,752,258.6174,-64.5854
150,5004,760,270.5674,-64.5732
150,5004,768,365.2627,-64.5616
150,5004,776,589.2498,-64.5607
150,5004,784,1096.3069,-64.5601
150,5005,0,0.0000,-65.0000
150,5005,8,0.0699,-64.9855
150,5005,16,0.6811,-64.9173
150,5005,24,5.5147,-64.6276
150,5005,32,14.0905,-64.5433
150,5005,40,22.6664,-64.5540
150,5005,48,36.8228,-64.5609
150,5005,56,100.0000,-64.5618
150,5005,64,100.0385,-64.5394
150,5005,72,100.0491,-64.5242
150,5005,80,100.1305,-64.2874
150,5005,88,100.1989,-63.9528
150,5005,96,100.3688,-62.7826
150,5005,104,100.4310,-62.2993
150,5005,112,100.4796,-61.9178
150,5005,120,100.6049,-60.9602
150,5005,128,100.6845,-60.3980
150,5005,136,100.9321,-58.9887
150,5005,144,101.0626,-58.4868
150,5005,152,101.1208,-58.3134
150,5005,160,101.4271,-57.8204
150,5005,168,102.4185,-59.6727
150,5005,176,102.4540,-59.7954
150,5005,184,102.6090,-60.3406
150,5005,192,102.7172,-60.7231
150,5005,200,102.8006,-61.0110
150,5005,208,103.1991,-62.3121
150,5005,216,103.2675,-62.5218
150,5005,224,103.8013,-63.9961
150,5005,232,103.9486,-64.3648
150,5005,240,104.3147,-65.1763
150,5005,248,104.3969,-65.3397
150,5005,256,104.9283,-66.2697
150,5005,264,104.9668,-66.3316
150,5005,272,105.2914,-66.8127
150,5005,280,105.3518,-66.8962
150,5005,288,105.4064,-66.9681
150,5005,296,105.7870,-67.3628
150,5005,304,106.7692,-68.2714
150,5005,312,108.1536,-69.5568
150,5005,320,108.2121,-69.6043
150,5005,328,108.4464,-69.7661
150,5005,336,108.6235,-69.8656
150,5005,344,108.8744,-69.9673
150,5005,352,109.3260,-70.0880
150,5005,360,109.5440,-70.1273
150,5005,368,109.6097,-70.1335
150,5005,376,109.8279,-70.1307
150,5005,384,109.9385,-70.1170
150,5005,392,109.9803,-70.1085
150,5005,400,110.1207,-70.0573
150,5005,408,110.6235,-69.7857
150,5005,416,110.6675,-69.7655
150,5005,424,110.8912,-69.6646
150,5005,432,111.2161,-69.5587
150,5005,440,111.3268,-69.5374
150,5005,448,111.4881,-69.5132
150,5005,456,111.7839,-69.4775
150,5005,464,111.8780,-69.4684
150,5005,472,112.4008,-69.4239
150,5005,480,112.8826,-69.4737
150,5005,488,112.9330,-69.4834
150,5005,496,113.2108,-69.4923
150,5005,504,113.7345,-69.4704
150,5005,512,113.8846,-69.4708
150,5005,520,113.9648,-69.4678
150,5005,528,114.4000,-69.3990
150,5005,536,115.4782,-69.4426
150,5005,544,116.4077,-69.7431
150,5005,552,116.4662,-69.7632
150,5005,560,116.6228,-69.7959
150,5005,568,117.1889,-69.7757
150,5005,576,118.4872,-69.8673
150,5005,584,119.3741,-70.0609
150,5005,592,119.4655,-70.0788
150,5005,600,119.6185,-70.0871
150,5005,608,120.1581,-69.9836
150,5005,616,121.4473,-69.8676
150,5005,624,123.6513,-70.1260
150,5005,632,128.2247,-70.2238
150,5005,640,136.1612,-69.4456
150,5005,648,149.2542,-67.9369
150,5005,656,163.0837,-66.6188
150,5005,664,176.9133,-65.7203
150,5005,672,189.6758,-65.2084
150,5005,680,199.2372,-64.9746
150,5005,688,208.7985,-64.8173
150,5005,696,218.3599,-64.7210
150,5005,704,225.3498,-64.6823
150,5005,712,231.9724,-64.6453
150,5005,720,238.5949,-64.6194
150,5005,728,243.3239,-64.6012
150,5005,736,247.7823,-64.5997
150,5005,744,252.2407,-64.5922
150,5005,752,258.6174,-64.5854
150,5005,760,270.5674,-64.5732
150,5005,768,365.2627,-64.5616
150,5005,776,589.2498,-64.5607
150,5005,784,1096.3069,-64.5601
150,5006,0,0.0000,-65.0000
150,5006,8,0.0699,-64.9855
150,5006,16,0.6811,-64.9173
150,5006,24,5.5147,-64.6276
150,5006,32,14.0905,-64.5433
150,5006,40,22.6664,-64.5540
150,5006,48,36.8228,-64.5609
150,5006,56,100.0000,-64.5618
150,5006,64,100.0385,-64.5394
150,5006,72,100.0491,-64.5242
150,5006,80,100.1305,-64.2874
150,5006,88,100.1989,-63.9528
150,5006,96,100.3688,-62.7826
150,5006,104,100.4310,-62.2993
150,5006,112,100.4796,-61.9178
150,5006,120,100.6049,-60.9602
150,5006,128,100.6845,-60.3980
150,5006,136,100.9321,-58.9887
150,5006,144,101.0626,-58.4868
150,5006,152,101.1208,-58.3134
150,5006,160,101.4271,-57.8204
150,5006,168,102.4185,-59.6727
150,5006,176,102.4540,-59.7954
150,5006,184,102.6090,-60.3406
150,5006,192,102.7172,-60.7231
150,5006,200,102.8006,-61.0110
150,5006,208,103.1991,-62.3121
150,5006,216,103.2675,-62.5218
150,5006,224,103.8013,-63.9961
150,5006,232,103.9486,-64.3648
150,5006,240,104.3147,-65.1763
150,5006,248,104.3969,-65.3397
150,5006,256,104.9283,-66.2697
150,5006,264,104.9668,-66.3316
150,5006,272,105.2914,-66.8127
150,5006,280,105.3518,-66.8962
150,5006,288,105.4064,-66.9681
150,5006,296,105.7870,-67.3628
150,5006,304,106.7692,-68.2714
150,5006,312,108.1536,-69.5568
150,5006,320,108.2121,-69.6043
150,5006,328,108.4464,-69.7661
150,5006,336,108.6235,-69.8656
150,5006,344,108.8744,-69.9673
150,5006,352,109.3260,-70.0880
150,5006,360,109.5440,-70.1273
150,5006,368,109.6097,-70.1335
150,5006,376,109.8279,-70.1307
150,5006,384,109.9385,-70.1170
150,5006,392,109.9803,-70.1085
150,5006,400,110.1207,-70.0573
150,5006,408,110.6235,-69.7857
150,5006,416,110.6675,-69.7655
150,5006,424,110.8912,-69.6646
150,5006,432,111.2161,-69.5587
150,5006,440,111.3268,-69.5374
150,5006,448,111.4881,-69.5132
150,5006,456,111.7839,-69.4775
150,5006,464,111.8780,-69.4684
150,5006,472,112.4008,-69.4239
150,5006,480,112.8826,-69.4737
150,5006,488,112.9330,-69.4834
150,5006,496,113.2108,-69.4923
150,5006,504,113.7345,-69.4704
150,5006,512,113.8846,-69.4708
150,5006,520,113.9648,-69.4678
150,5006,528,114.4000,-69.3990
150,5006,536,115.4782,-69.4426
150,5006,544,116.4077,-69.7431
150,5006,552,116.4662,-69.7632
150,5006,560,116.6228,-69.7959
150,5006,568,117.1889,-69.7757
150,5006,576,118.4872,-69.8673
150,5006,584,119.3741,-70.0609
150,5006,592,119.4655,-70.0788
150,5006,600,119.6185,-70.0871
150,5006,608,120.1581,-69.9836
150,5006,616,121.4473,-69.8676
150,5006,624,123.6513,-70.1260
150,5006,632,128.2247,-70.2238
150,5006,640,136.1612,-69.4456
150,5006,648,149.2542,-67.9369
150,5006,656,163.0837,-66.6188
150,5006,664,176.9133,-65.7203
150,5006,672,189.6758,-65.2084
150,5006,680,199.2372,-64.9746
150,5006,688,208.7985,-64.8173
150,5006,696,218.3599,-64.7210
150,5006,704,225.3498,-64.6823
150,5006,712,231.9724,-64.6453
150,5006,720,238.5949,-64.6194
150,5006,728,243.3239,-64.6012
150,5006,736,247.7823,-64.5997
150,5006,744,252.2407,-64.5922
150,5006,752,258.6174,-64.5854
150,5006,760,270.5674,-64.5732
150,5006,768,365.2627,-64.5616
150,5006,776,589.2498,-64.5607
150,5006,784,1096.3069,-64.5601
150,5007,0,0.0000,-65.0000
150,5007,8,0.0699,-64.9855
150,5007,16,0.6811,-64.9173
150,5007,24,5.5147,-64.6276
150,5007,32,14.0905,-64.5433
150,5007,40,22.6664,-64.5540
150,5007,48,36.8228,-64.5609
150,5007,56,100.0000,-64.5618
150,5007,64,100.0385,-64.5394
150,5007,72,100.0491,-64.5242
150,5007,80,100.1305,-64.2874
150,5007,88,100.1989,-63.9528
150,5007,96,100.3688,-62.7826
150,5007,104,100.4310,-62.2993
150,5007,112,100.4796,-61.9178
150,5007,120,100.6049,-60.9602
150,5007,128,100.6845,-60.3980
150,5007,136,100.9321,-58.9887
150,5007,144,101.0626,-58.4868
150,5007,152,101.1208,-58.3134
150,5007,160,101.4271,-57.8204
150,5007,168,102.4185,-59.6727
150,5007,176,102.4540,-59.7954
150,5007,184,102.6090,-60.3406
150,5007,192,102.7172,-60.7231
150,5007,200,102.8006,-61.0110
150,5007,208,103.1991,-62.3121
150,5007,216,103.2675,-62.5218
150,5007,224,103.8013,-63.9961
150,5007,232,103.9486,-64.3648
150,5007,240,104.3147,-65.1763
150,5007,248,104.3969,-65.3397
150,5007,256,104.9283,-66.2697
150,5007,264,104.9668,-66.3316
150,5007,272,105.2914,-66.8127
150,5007,280,105.3518,-66.8962
150,5007,288,105.4064,-66.9681
150,5007,296,105.7870,-67.3628
150,5007,304,106.7692,-68.2714
150,5007,312,108.1536,-69.5568
150,5007,320,108.2121,-69.6043
150,5007,328,108.4464,-69.7661
150,5007,336,108.6235,-69.8656
150,5007,344,108.8744,-69.9673
150,5007,352,109.3260,-70.0880
150,5007,360,109.5440,-70.1273
150,5007,368,109.6097,-70.1335
150,5007,376,109.8279,-70.1307
150,5007,384,109.9385,-70.1170
150,5007,392,109.9803,-70.1085
150,5007,400,110.1207,-70.0573
150,5007,408,110.6235,-69.7857
150,5007,416,110.6675,-69.7655
150,5007,424,110.8912,-69.6646
150,5007,432,111.2161,-69.5587
150,5007,440,111.3268,-69.5374
150,5007,448,111.4881,-69.5132
150,5007,456,111.7839,-69.4775
150,5007,464,111.8780,-69.4684
150,5007,472,112.4008,-69.4239
150,5007,480,112.8826,-69.4737
150,5007,488,112.9330,-69.4834
150,5007,496,113.2108,-69.4923
150,5007,504,113.7345,-69.4704
150,5007,512,113.8846,-69.4708
150,5007,520,113.9648,-69.4678
150,5007,528,114.4000,-69.3990
150,5007,536,115.4782,-69.4426
150,5007,544,116.4077,-69.7431
150,5007,552,116.4662,-69.7632
150,5007,560,116.6228,-69.7959
150,5007,568,117.1889,-69.7757
150,5007,576,118.4872,-69.8673
150,5007,584,119.3741,-70.0609
150,5007,592,119.4655,-70.0788
150,5007,600,119.6185,-70.0871
150,5007,608,120.1581,-69.9836
150,5007,616,121.4473,-69.8676
150,5007,624,123.6513,-70.1260
150,5007,632,128.2247,-70.2238
150,5007,640,136.1612,-69.4456
150,5007,648,149.2542,-67.9369
150,5007,656,163.0837,-66.6188
150,5007,664,176.9133,-65.7203
150,5007,672,189.6758,-65.2084
150,5007,680,199.2372,-64.9746
150,5007,688,208.7985,-64.8173
150,5007,696,218.3599,-64.7210
150,5007,704,225.3498,-64.6823
150,5007,712,231.9724,-64.6453
150,5007,720,238.5949,-64.6194
150,5007,728,243.3239,-64.6012
150,5007,736,247.7823,-64.5997
150,5007,744,252.2407,-64.5922
150,5007,752,258.6174,-64.5854
150,5007,760,270.5674,-64.5732
150,5007,768,365.2627,-64.5616
150,5007,776,589.2498,-64.5607
150,5007,784,1096.3069,-64.5601
150,5008,0,0.0000,-65.0000
150,5008,8,0.0699,-64.9855
150,5008,16,0.6811,-64.9173
150,5008,24,5.5147,-64.6276
150,5008,32,14.0905,-64.5433
150,5008,40,22.6664,-64.5540
150,5008,48,36.8228,-64.5609
150,5008,56,100.0000,-64.5618
150,5008,64,100.0385,-64.5394
150,5008,72,100.0491,-64.5242
150,5008,80,100.1305,-64.2874
150,5008,88,100.1989,-63.9528
150,5008,96,100.3688,-62.7826
150,5008,104,100.4310,-62.2993
150,5008,112,100.4796,-61.9178
150,5008,120,100.6049,-60.9602
150,5008,128,100.6845,-60.3980
150,5008,136,100.9321,-58.9887
150,5008,144,101.0626,-58.4868
150,5008,152,101.1208,-58.3134
150,5008,160,101.4271,-57.8204
150,5008,168,102.4185,-59.6727
150,5008,176,102.4540,-59.7954
150,5008,184,102.6090,-60.3406
150,5008,192,102.7172,-60.7231
150,5008,200,102.8006,-61.0110
150,5008,208,103.1991,-62.3121
150,5008,216,103.2675,-62.5218
150,5008,224,103.8013,-63.9961
150,5008,232,103.9486,-64.3648
150,5008,240,104.3147,-65.1763
150,5008,248,104.3969,-65.3397
150,5008,256,104.9283,-66.2697
150,5008,264,104.9668,-66.3316
150,5008,272,105.2914,-66.8127
150,5008,280,105.3518,-66.8962
150,5008,288,105.4064,-66.9681
150,5008,296,105.7870,-67.3628
150,5008,304,106.7692,-68.2714
150,5008,312,108.1536,-69.5568
150,5008,320,108.2121,-69.6043
150,5008,328,108.4464,-69.7661
150,5008,336,108.6235,-69.8656
150,5008,344,108.8744,-69.9673
150,5008,352,109.3260,-70.0880
150,5008,360,109.5440,-70.1273
150,5008,368,109.6097,-70.1335
150,5008,376,109.8279,-70.1307
150,5008,384,109.9385,-70.1170
150,5008,392,109.9803,-70.1085
150,5008,400,110.1207,-70.0573
150,5008,408,110.6235,-69.7857
150,5008,416,110.6675,-69.7655
150,5008,424,110.8912,-69.6646
150,5008,432,111.2161,-69.5587
150,5008,440,111.3268,-69.5374
150,5008,448,111.4881,-69.5132
150,5008,456,111.7839,-69.4775
150,5008,464,111.8780,-69.4684
150,5008,472,112.4008,-69.4239
150,5008,480,112.8826,-69.4737
150,5008,488,112.9330,-69.4834
150,5008,496,113.2108,-69.4923
150,5008,504,113.7345,-69.4704
150,5008,512,113.8846,-69.4708
150,5008,520,113.9648,-69.4678
150,5008,528,114.4000,-69.3990
150,5008,536,115.4782,-69.4426
150,5008,544,116.4077,-69.7431
150,5008,552,116.4662,-69.7632
150,5008,560,116.6228,-69.7959
150,5008,568,117.1889,-69.7757
150,5008,576,118.4872,-69.8673
150,5008,584,119.3741,-70.0609
150,5008,592,119.4655,-70.0788
150,5008,600,119.6185,-70.0871
150,5008,608,120.1581,-69.9836
150,5008,616,121.4473,-69.8676
150,5008,624,123.6513,-70.1260
150,5008,632,128.2247,-70.2238
150,5008,640,136.1612,-69.4456
150,5008,648,149.2542,-67.9369
150,5008,656,163.0837,-66.6188
150,5008,664,176.9133,-65.7203
150,5008,672,189.6758,-65.2084
150,5008,680,199.2372,-64.9746
150,5008,688,208.7985,-64.8173
150,5008,696,218.3599,-64.7210
150,5008,704,225.3498,-64.6823
150,5008,712,231.9724,-64.6453
150,5008,720,238.5949,-64.6194
150,5008,728,243.3239,-64.6012
150,5008,736,247.7823,-64.5997
150,5008,744,252.2407,-64.5922
150,5008,752,258.6174,-64.5854
150,5008,760,270.5674,-64.5732
150,5008,768,365.2627,-64.5616
150,5008,776,589.2498,-64.5607
150,5008,784,1096.3069,-64.5601
150,5009,0,0.0000,-65.0000
150,5009,8,0.0699,-64.9855
150,5009,16,0.6811,-64.9173
150,5009,24,5.5147,-64.6276
150,5009,32,14.0905,-64.5433
150,5009,40,22.6664,-64.5540
150,5009,48,36.8228,-64.5609
150,5009,56,100.0000,-64.5618
150,5009,64,100.0385,-64.5394
150,5009,72,100.0491,-64.5242
150,5009,80,100.1305,-64.2874
150,5009,88,100.1989,-63.9528
150,5009,96,100.3688,-62.7826
150,5009,104,100.4310,-62.2993
150,5009,112,100.4796,-61.9178
150,5009,120,100.6049,-60.9602
150,5009,128,100.6845,-60.3980
150,5009,136,100.9321,-58.9887
150,5009,144,101.0626,-58.4868
150,5009,152,101.1208,-58.3134
150,5009,160,101.4271,-57.8204
150,5009,168,102.4185,-59.6727
150,5009,176,102.4540,-59.7954
150,5009,184,102.6090,-60.3406
150,5009,192,102.7172,-60.7231
150,5009,200,102.8006,-61.0110
150,5009,208,103.1991,-62.3121
150,5009,216,103.2675,-62.5218
150,5009,224,103.8013,-63.9961
150,5009,232,103.9486,-64.3648
150,5009,240,104.3147,-65.1763
150,5009,248,104.3969,-65.3397
150,5009,256,104.9283,-66.2697
150,5009,264,104.9668,-66.3316
150,5009,272,105.2914,-66.8127
150,5009,280,105.3518,-66.8962
150,5009,288,105.4064,-66.9681
150,5009,296,105.7870,-67.3628
150,5009,304,106.7692,-68.2714
150,5009,312,108.1536,-69.5568
150,5009,320,108.2121,-69.6043
150,5009,328,108.4464,-69.7661
150,5009,336,108.6235,-69.8656
150,5009,344,108.8744,-69.9673
150,5009,352,109.3260,-70.0880
150,5009,360,109.5440,-70.1273
150,5009,368,109.6097,-70.1335
150,5009,376,109.8279,-70.1307
150,5009,384,109.9385,-70.1170
150,5009,392,109.9803,-70.1085
150,5009,400,110.1207,-70.0573
150,5009,408,110.6235,-69.7857
150,5009,416,110.6675,-69.7655
150,5009,424,110.8912,-69.6646
150,5009,432,111.2161,-69.5587
150,5009,440,111.3268,-69.5374
150,5009,448,111.4881,-69.5132
150,5009,456,111.7839,-69.4775
150,5009,464,111.8780,-69.4684
150,5009,472,112.4008,-69.4239
150,5009,480,112.8826,-69.4737
150,5009,488,112.9330,-69.4834
150,5009,496,113.2108,-69.4923
150,5009,504,113.7345,-69.4704
150,5009,512,113.8846,-69.4708
150,5009,520,113.9648,-69.4678
150,5009,528,114.4000,-69.3990
150,5009,536,115.4782,-69.4426
150,5009,544,116.4077,-69.7431
150,5009,552,116.4662,-69.7632
150,5009,560,116.6228,-69.7959
150,5009,568,117.1889,-69.7757
150,5009,576,118.4872,-69.8673
150,5009,584,119.3741,-70.0609
150,5009,592,119.4655,-70.0788
150,5009,600,119.6185,-70.0871
150,5009,608,120.1581,-69.9836
150,5009,616,121.4473,-69.8676
150,5009,624,123.6513,-70.1260
150,5009,632,128.2247,-70.2238
150,5009,640,136.1612,-69.4456
150,5009,648,149.2542,-67.9369
150,5009,656,163.0837,-66.6188
150,5009,664,176.9133,-65.7203
150,5009,672,189.6758,-65.2084
150,5009,680,199.2372,-64.9746
150,5009,688,208.7985,-64.8173
150,5009,696,218.3599,-64.7210
150,5009,704,225.3498,-64.6823
150,5009,712,231.9724,-64.6453
150,5009,720,238.5949,-64.6194
150,5009,728,243.3239,-64.6012
150,5009,736,247.7823,-64.5997
150,5009,744,252.2407,-64.5922
150,5009,752,258.6174,-64.5854
150,5009,760,270.5674,-64.5732
150,5009,768,365.2627,-64.5616
150,5009,776,589.2498,-64.5607
150,5009,784,1096.3069,-64.5601
150,5010,0,0.0000,-65.0000
150,5010,8,0.0699,-64.9855
150,5010,16,0.6811,-64.9173
150,5010,24,5.5147,-64.6276
150,5010,32,14.0905,-64.5433
150,5010,40,22.6664,-64.5540
150,5010,48,36.8228,-64.5609
150,5010,56,100.0000,-64.5618
150,5010,64,100.0385,-64.5394
150,5010,72,100.0491,-64.5242
150,5010,80,100.1305,-64.2874
150,5010,88,100.1989,-63.9528
150,5010,96,100.3688,-62.7826
150,5010,104,100.4310,-62.2993
150,5010,112,100.4796,-61.9178
150,5010,120,100.6049,-60.9602
150,5010,128,100.6845,-60.3980
150,5010,136,100.9321,-58.9887
150,5010,144,101.0626,-58.4868
150,5010,152,101.1208,-58.3134
150,5010,160,101.4271,-57.8204
150,5010,168,102.4185,-59.6727
150,5010,176,102.4540,-59.7954
150,5010,184,102.6090,-60.3406
150,5010,192,102.7172,-60.7231
150,5010,200,102.8006,-61.0110
150,5010,208,103.1991,-62.3121
150,5010,216,103.2675,-62.5218
150,5010,224,103.8013,-63.9961
150,5010,232,103.9486,-64.3648
150,5010,240,104.3147,-65.1763
150,5010,248,104.3969,-65.3397
150,5010,256,104.9283,-66.2697
150,5010,264,104.9668,-66.3316
150,5010,272,105.2914,-66.8127
150,5010,280,105.3518,-66.8962
150,5010,288,105.4064,-66.9681
150,5010,296,105.7870,-67.3628
150,5010,304,106.7692,-68.2714
150,5010,312,108.1536,-69.5568
150,5010,320,108.2121,-69.6043
150,5010,328,108.4464,-69.7661
150,5010,336,108.6235,-69.8656
150,5010,344,108.8744,-69.9673
150,5010,352,109.3260,-70.0880
150,5010,360,109.5440,-70.1273
150,5010,368,109.6097,-70.1335
150,5010,376,109.8279,-70.1307
150,5010,384,109.9385,-70.1170
150,5010,392,109.9803,-70.1085
150,5010,400,110.1207,-70.0573
150,5010,408,110.6235,-69.7857
150,5010,416,110.6675,-69.7655
150,5010,424,110.8912,-69.6646
150,5010,432,111.2161,-69.5587
150,5010,440,111.3268,-69.5374
150,5010,448,111.4881,-69.5132
150,5010,456,111.7839,-69.4775
150,5010,464,111.8780,-69.4684
150,5010,472,112.4008,-69.4239
150,5010,480,112.8826,-69.4737
150,5010,488,112.9330,-69.4834
150,5010,496,113.2108,-69.4923
150,5010,504,113.7345,-69.4704
150,5010,512,113.8846,-69.4708
150,5010,520,113.9648,-69.4678
150,5010,528,114.4000,-69.3990
150,5010,536,115.4782,-69.4426
150,5010,544,116.4077,-69.7431
150,5010,552,116.4662,-69.7632
150,5010,560,116.6228,-69.7959
150,5010,568,117.1889,-69.7757
150,5010,576,118.4872,-69.8673
150,5010,584,119.3741,-70.0609
150,5010,592,119.4655,-70.0788
150,5010,600,119.6185,-70.0871
150,5010,608,120.1581,-69.9836
150,5010,616,121.4473,-69.8676
150,5010,624,123.6513,-70.1260
150,5010,632,128.2247,-70.2238
150,5010,640,136.1612,-69.4456
150,5010,648,149.2542,-67.9369
150,5010,656,163.0837,-66.6188
150,5010,664,176.9133,-65.7203
150,5010,672,189.6758,-65.2084
150,5010,680,199.2372,-64.9746
150,5010,688,208.7985,-64.8173
150,5010,696,218.3599,-64.7210
150,5010,704,225.3498,-64.6823
150,5010,712,231.9724,-64.6453
150,5010,720,238.5949,-64.6194
150,5010,728,243.3239,-64.6012
150,5010,736,247.7823,-64.5997
150,5010,744,252.2407,-64.5922
150,5010,752,258.6174,-64.5854
150,5010,760,270.5674,-64.5732
150,5010,768,365.2627,-64.5616
150,5010,776,589.2498,-64.5607
150,5010,784,1096.3069,-64.5601
180,6001,0,0.0000,-65.0000
180,6001,8,0.0699,-64.9855
180,6001,16,0.6811,-64.9173
180,6001,24,5.5147,-64.6276
180,6001,32,14.0905,-64.5433
180,6001,40,22.6664,-64.5540
180,6001,48,36.8228,-64.5609
180,6001,56,100.0000,-64.5618
180,6001,64,100.0403,-64.5369
180,6001,72,100.1740,-64.0974
180,6001,80,100.2300,-63.7878
180,6001,88,100.2833,-63.4462
180,6001,96,100.5371,-61.5686
180,6001,104,101.0366,-58.9020
180,6001,112,101.3045,-58.4461
180,6001,120,101.3786,-58.4186
180,6001,128,101.5600,-58.4824
180,6001,136,101.6008,-58.5202
180,6001,144,101.7653,-58.7373
180,6001,152,101.8134,-58.8198
180,6001,160,102.0279,-59.2540
180,6001,168,102.1948,-59.6597
180,6001,176,102.4227,-60.2847
180,6001,184,102.5159,-60.5565
180,6001,192,102.5600,-60.6866
180,6001,200,102.5851,-60.7597
180,6001,208,102.6651,-60.9868
180,6001,216,102.8365,-61.4370
180,6001,224,102.8718,-61.5240
180,6001,232,103.2407,-62.3682
180,6001,240,103.2900,-62.4770
180,6001,248,103.3852,-62.6770
180,6001,256,103.4430,-62.7924
180,6001,264,103.8400,-63.5076
180,6001,272,104.0822,-63.9376
180,6001,280,104.1475,-64.0515
180,6001,288,104.4838,-64.5876
180,6001,296,105.3630,-65.9946
180,6001,304,105.3931,-66.0438
180,6001,312,105.5437,-66.2769
180,6001,320,105.6651,-66.4497
180,6001,328,105.7071,-66.5041
180,6001,336,105.8185,-66.6288
180,6001,344,105.9240,-66.7221
180,6001,352,106.0600,-66.8101
180,6001,360,106.0895,-66.8256
180,6001,368,106.3488,-66.9078
180,6001,376,106.4434,-66.9256
180,6001,384,106.5325,-66.9367
180,6001,392,107.0456,-66.9714
180,6001,400,107.1279,-66.9921
180,6001,408,107.4220,-67.0881
180,6001,416,107.9500,-67.3862
180,6001,424,107.9848,-67.4117
180,6001,432,108.0195,-67.4370
180,6001,440,108.2650,-67.5926
180,6001,448,108.2929,-67.6085
180,6001,456,108.5177,-67.7217
180,6001,464,108.8352,-67.8740
180,6001,472,108.9398,-67.9238
180,6001,480,109.3650,-68.1168
180,6001,488,109.4428,-68.1544
180,6001,496,109.8650,-68.3404
180,6001,504,109.9056,-68.3589
180,6001,512,110.2352,-68.4940
180,6001,520,111.0019,-68.8625
180,6001,528,113.0397,-70.0857
180,6001,536,116.2118,-71.0599
180,6001,544,121.5821,-71.0681
180,6001,552,131.2763,-70.0291
180,6001,560,146.7923,-68.1829
180,6001,568,165.1304,-66.4385
180,6001,576,194.8027,-65.0636
180,6001,584,220.4161,-64.7066
180,6001,592,240.5385,-64.6153
180,6001,600,257.3768,-64.5844
180,6001,608,361.9874,-64.5595
180,6001,616,447.3965,-64.5614
180,6001,624,501.7623,-64.5610
180,6001,632,556.1280,-64.5604
180,6001,640,610.4937,-64.5609
180,6001,648,664.8594,-64.5607
180,6001,656,726.7036,-64.5617
180,6001,664,840.8973,-64.5606
180,6001,672,967.1328,-64.5610
180,6002,0,0.0000,-65.0000
180,6002,8,0.0699,-64.9855
180,6002,16,0.6811,-64.9173
180,6002,24,5.5147,-64.6276
180,6002,32,14.0905,-64.5433
180,6002,40,22.6664,-64.5540
180,6002,48,36.8228,-64.5609
180,6002,56,100.0000,-64.5618
180,6002,64,100.0403,-64.5369
180,6002,72,100.1740,-64.0974
180,6002,80,100.2300,-63.7878
180,6002,88,100.2833,-63.4462
180,6002,96,100.5371,-61.5686
180,6002,104,101.0366,-58.9020
180,6002,112,101.3045,-58.4461
180,6002,120,101.3786,-58.4186
180,6002,128,101.5600,-58.4824
180,6002,136,101.6008,-58.5202
180,6002,144,101.7653,-58.7373
180,6002,152,101.8134,-58.8198
180,6002,160,102.0279,-59.2540
180,6002,168,102.1948,-59.6597
180,6002,176,102.4227,-60.2847
180,6002,184,102.5159,-60.5565
180,6002,192,102.5600,-60.6866
180,6002,200,102.5851,-60.7597
180,6002,208,102.6651,-60.9868
180,6002,216,102.8365,-61.4370
180,6002,224,102.8718,-61.5240
180,6002,232,103.2407,-62.3682
180,6002,240,103.2900,-62.4770
180,6002,248,103.3852,-62.6770
180,6002,256,103.4430,-62.7924
180,6002,264,103.8400,-63.5076
180,6002,272,104.0822,-63.9376
180,6002,280,104.1475,-64.0515
180,6002,288,104.4838,-64.5876
180,6002,296,105.3630,-65.9946
180,6002,304,105.3931,-66.0438
180,6002,312,105.5437,-66.2769
180,6002,320,105.6651,-66.4497
180,6002,328,105.7071,-66.5041
180,6002,336,105.8185,-66.6288
180,6002,344,105.9240,-66.7221
180,6002,352,106.0600,-66.8101
180,6002,360,106.0895,-66.8256
180,6002,368,106.3488,-66.9078
180,6002,376,106.4434,-66.9256
180,6002,384,106.5325,-66.9367
180,6002,392,107.0456,-66.9714
180,6002,400,107.1279,-66.9921
180,6002,408,107.4220,-67.0881
180,6002,416,107.9500,-67.3862
180,6002,424,107.9848,-67.4117
180,6002,432,108.0195,-67.4370
180,6002,440,108.2650,-67.5926
180,6002,448,108.2929,-67.6085
180,6002,456,108.5177,-67.7217
180,6002,464,108.8352,-67.8740
180,6002,472,108.9398,-67.9238
180,6002,480,109.3650,-68.1168
180,6002,488,109.4428,-68.1544
180,6002,496,109.8650,-68.3404
180,6002,504,109.9056,-68.3589
180,6002,512,110.2352,-68.4940
180,6002,520,111.0019,-68.8625
180,6002,528,113.0397,-70.0857
180,6002,536,116.2118,-71.0599
180,6002,544,121.5821,-71.0681
180,6002,552,131.2763,-70.0291
180,6002,560,146.7923,-68.1829
180,6002,568,165.1304,-66.4385
180,6002,576,194.8027,-65.0636
180,6002,584,220.4161,-64.7066
180,6002,592,240.5385,-64.6153
180,6002,600,257.3768,-64.5844
180,6002,608,361.9874,-64.5595
180,6002,616,447.3965,-64.5614
180,6002,624,501.7623,-64.5610
180,6002,632,556.1280,-64.5604
180,6002,640,610.4937,-64.5609
180,6002,648,664.8594,-64.5607
180,6002,656,726.7036,-64.5617
180,6002,664,840.8973,-64.5606
180,6002,672,967.1328,-64.5610
180,6003,0,0.0000,-65.0000
180,6003,8,0.0699,-64.9855
180,6003,16,0.6811,-64.9173
180,6003,24,5.5147,-64.6276
180,6003,32,14.0905,-64.5433
180,6003,40,22.6664,-64.5540
180,6003,48,36.8228,-64.5609
180,6003,56,100.0000,-64.5618
180,6003,64,100.0403,-64.5369
180,6003,72,100.1740,-64.0974
180,6003,80,100.2300,-63.7878
180,6003,88,100.2833,-63.4462
180,6003,96,100.5371,-61.5686
180,6003,104,101.0366,-58.9020
180,6003,112,101.3045,-58.4461
180,6003,120,101.3786,-58.4186
180,6003,128,101.5600,-58.4824
180,6003,136,101.6008,-58.5202
180,6003,144,101.7653,-58.7373
180,6003,152,101.8134,-58.8198
180,6003,160,102.0279,-59.2540
180,6003,168,102.1948,-59.6597
180,6003,176,102.4227,-60.2847
180,6003,184,102.5159,-60.5565
180,6003,192,102.5600,-60.6866
180,6003,200,102.5851,-60.7597
180,6003,208,102.6651,-60.9868
180,6003,216,102.8365,-61.4370
180,6003,224,102.8718,-61.5240
180,6003,232,103.2407,-62.3682
180,6003,240,103.2900,-62.4770
180,6003,248,103.3852,-62.6770
180,6003,256,103.4430,-62.7924
180,6003,264,103.8400,-63.5076
180,6003,272,104.0822,-63.9376
180,6003,280,104.1475,-64.0515
180,6003,288,104.4838,-64.5876
180,6003,296,105.3630,-65.9946
180,6003,304,105.3931,-66.0438
180,6003,312,105.5437,-66.2769
180,6003,320,105.6651,-66.4497
180,6003,328,105.7071,-66.5041
180,6003,336,105.8185,-66.6288
180,6003,344,105.9240,-66.7221
180,6003,352,106.0600,-66.8101
180,6003,360,106.0895,-66.8256
180,6003,368,106.3488,-66.9078
180,6003,376,106.4434,-66.9256
180,6003,384,106.5325,-66.9367
180,6003,392,107.0456,-66.9714
180,6003,400,107.1279,-66.9921
180,6003,408,107.4220,-67.0881
180,6003,416,107.9500,-67.3862
180,6003,424,107.9848,-67.4117
180,6003,432,108.0195,-67.4370
180,6003,440,108.2650,-67.5926
180,6003,448,108.2929,-67.6085
180,6003,456,108.5177,-67.7217
180,6003,464,108.8352,-67.8740
180,6003,472,108.9398,-67.9238
180,6003,480,109.3650,-68.1168
180,6003,488,109.4428,-68.1544
180,6003,496,109.8650,-68.3404
180,6003,504,109.9056,-68.3589
180,6003,512,110.2352,-68.4940
180,6003,520,111.0019,-68.8625
180,6003,528,113.0397,-70.0857
180,6003,536,116.2118,-71.0599
180,6003,544,121.5821,-71.0681
180,6003,552,131.2763,-70.0291
180,6003,560,146.7923,-68.1829
180,6003,568,165.1304,-66.4385
180,6003,576,194.8027,-65.0636
180,6003,584,220.4161,-64.7066
180,6003,592,240.5385,-64.6153
180,6003,600,257.3768,-64.5844
180,6003,608,361.9874,-64.5595
180,6003,616,447.3965,-64.5614
180,6003,624,501.7623,-64.5610
180,6003,632,556.1280,-64.5604
180,6003,640,610.4937,-64.5609
180,6003,648,664.8594,-64.5607
180,6003,656,726.7036,-64.5617
180,6003,664,840.8973,-64.5606
180,6003,672,967.1328,-64.5610
180,6004,0,0.0000,-65.0000
180,6004,8,0.0699,-64.9855
180,6004,16,0.6811,-64.9173
180,6004,24,5.5147,-64.6276
180,6004,32,14.0905,-64.5433
180,6004,40,22.6664,-64.5540
180,6004,48,36.8228,-64.5609
180,6004,56,100.0000,-64.5618
180,6004,64,100.0403,-64.5369
180,6004,72,100.1740,-64.0974
180,6004,80,100.2300,-63.7878
180,6004,88,100.2833,-63.4462
180,6004,96,100.5371,-61.5686
180,6004,104,101.0366,-58.9020
180,6004,112,101.3045,-58.4461
180,6004,120,101.3786,-58.4186
180,6004,128,101.5600,-58.4824
180,6004,136,101.6008,-58.5202
180,6004,144,101.7653,-58.7373
180,6004,152,101.8134,-58.8198
180,6004,160,102.0279,-59.2540
180,6004,168,102.1948,-59.6597
180,6004,176,102.4227,-60.2847
180,6004,184,102.5159,-60.5565
180,6004,192,102.5600,-60.6866
180,6004,200,102.5851,-60.7597
180,6004,208,102.6651,-60.9868
180,6004,216,102.8365,-61.4370
180,6004,224,102.8718,-61.5240
180,6004,232,103.2407,-62.3682
180,6004,240,103.2900,-62.4770
180,6004,248,103.3852,-62.6770
180,6004,256,103.4430,-62.7924
180,6004,264,103.8400,-63.5076
180,6004,272,104.0822,-63.9376
180,6004,280,104.1475,-64.0515
180,6004,288,104.4838,-64.5876
180,6004,296,105.3630,-65.9946
180,6004,304,105.3931,-66.0438
180,6004,312,105.5437,-66.2769
180,6004,320,105.6651,-66.4497
180,6004,328,105.7071,-66.5041
180,6004,336,105.8185,-66.6288
180,6004,344,105.9240,-66.7221
180,6004,352,106.0600,-66.8101
180,6004,360,106.0895,-66.8256
180,6004,368,106.3488,-66.9078
180,6004,376,106.4434,-66.9256
180,6004,384,106.5325,-66.9367
180,6004,392,107.0456,-66.9714
180,6004,400,107.1279,-66.9921
180,6004,408,107.4220,-67.0881
180,6004,416,107.9500,-67.3862
180,6004,424,107.9848,-67.4117
180,6004,432,108.0195,-67.4370
180,6004,440,108.2650,-67.5926
180,6004,448,108.2929,-67.6085
180,6004,456,108.5177,-67.7217
180,6004,464,108.8352,-67.8740
180,6004,472,108.9398,-67.9238
180,6004,480,109.3650,-68.1168
180,6004,488,109.4428,-68.1544
180,6004,496,109.8650,-68.3404
180,6004,504,109.9056,-68.3589
180,6004,512,110.2352,-68.4940
180,6004,520,111.0019,-68.8625
180,6004,528,113.0397,-70.0857
180,6004,536,116.2118,-71.0599
180,6004,544,121.5821,-71.0681
180,6004,552,131.2763,-70.0291
180,6004,560,146.7923,-68.1829
180,6004,568,165.1304,-66.4385
180,6004,576,194.8027,-65.0636
180,6004,584,220.4161,-64.7066
180,6004,592,240.5385,-64.6153
180,6004,600,257.3768,-64.5844
180,6004,608,361.9874,-64.5595
180,6004,616,447.3965,-64.5614
180,6004,624,501.7623,-64.5610
180,6004,632,556.1280,-64.5604
180,6004,640,610.4937,-64.5609
180,6004,648,664.8594,-64.5607
180,6004,656,726.7036,-64.5617
180,6004,664,840.8973,-64.5606
180,6004,672,967.1328,-64.5610
180,6005,0,0.0000,-65.0000
180,6005,8,0.0699,-64.9855
180,6005,16,0.6811,-64.9173
180,6005,24,5.5147,-64.6276
180,6005,32,14.0905,-64.5433
180,6005,40,22.6664,-64.5540
180,6005,48,36.8228,-64.5609
180,6005,56,100.0000,-64.5618
180,6005,64,100.0403,-64.5369
180,6005,72,100.1740,-64.0974
180,6005,80,100.2300,-63.7878
180,6005,88,100.2833,-63.4462
180,6005,96,100.5371,-61.5686
180,6005,104,101.0366,-58.9020
180,6005,112,101.3045,-58.4461
180,6005,120,101.3786,-58.4186
180,6005,128,101.5600,-58.4824
180,6005,136,101.6008,-58.5202
180,6005,144,101.7653,-58.7373
180,6005,152,101.8134,-58.8198
180,6005,160,102.0279,-59.2540
180,6005,168,102.1948,-59.6597
180,6005,176,102.4227,-60.2847
180,6005,184,102.5159,-60.5565
180,6005,192,102.5600,-60.6866
180,6005,200,102.5851,-60.7597
180,6005,208,102.6651,-60.9868
180,6005,216,102.8365,-61.4370
180,6005,224,102.8718,-61.5240
180,6005,232,103.2407,-62.3682
180,6005,240,103.2900,-62.4770
180,6005,248,103.3852,-62.6770
180,6005,256,103.4430,-62.7924
180,6005,264,103.8400,-63.5076
180,6005,272,104.0822,-63.9376
180,6005,280,104.1475,-64.0515
180,6005,288,104.4838,-64.5876
180,6005,296,105.3630,-65.9946
180,6005,304,105.3931,-66.0438
180,6005,312,105.5437,-66.2769
180,6005,320,105.6651,-66.4497
180,6005,328,105.7071,-66.5041
180,6005,336,105.8185,-66.6288
180,6005,344,105.9240,-66.7221
180,6005,352,106.0600,-66.8101
180,6005,360,106.0895,-66.8256
180,6005,368,106.3488,-66.9078
180,6005,376,106.4434,-66.9256
180,6005,384,106.5325,-66.9367
180,6005,392,107.0456,-66.9714
180,6005,400,107.1279,-66.9921
180,6005,408,107.4220,-67.0881
180,6005,416,107.9500,-67.3862
180,6005,424,107.9848,-67.4117
180,6005,432,108.0195,-67.4370
180,6005,440,108.2650,-67.5926
180,6005,448,108.2929,-67.6085
180,6005,456,108.5177,-67.7217
180,6005,464,108.8352,-67.8740
180,6005,472,108.9398,-67.9238
180,6005,480,109.3650,-68.1168
180,6005,488,109.4428,-68.1544
180,6005,496,109.8650,-68.3404
180,6005,504,109.9056,-68.3589
180,6005,512,110.2352,-68.4940
180,6005,520,111.0019,-68.8625
180,6005,528,113.0397,-70.0857
180,6005,536,116.2118,-71.0599
180,6005,544,121.5821,-71.0681
180,6005,552,131.2763,-70.0291
180,6005,560,146.7923,-68.1829
180,6005,568,165.1304,-66.4385
180,6005,576,194.8027,-65.0636
180,6005,584,220.4161,-64.7066
180,6005,592,240.5385,-64.6153
180,6005,600,257.3768,-64.5844
180,6005,608,361.9874,-64.5595
180,6005,616,447.3965,-64.5614
180,6005,624,501.7623,-64.5610
180,6005,632,556.1280,-64.5604
180,6005,640,610.4937,-64.5609
180,6005,648,664.8594,-64.5607
180,6005,656,726.7036,-64.5617
180,6005,664,840.8973,-64.5606
180,6005,672,967.1328,-64.5610
180,6006,0,0.0000,-65.0000
180,6006,8,0.0699,-64.9855
180,6006,16,0.6811,-64.9173
180,6006,24,5.5147,-64.6276
180,6006,32,14.0905,-64.5433
180,6006,40,22.6664,-64.5540
180,6006,48,36.8228,-64.5609
180,6006,56,100.0000,-64.5618
180,6006,64,100.0403,-64.5369
180,6006,72,100.1740,-64.0974
180,6006,80,100.2300,-63.7878
180,6006,88,100.2833,-63.4462
180,6006,96,100.5371,-61.5686
180,6006,104,101.0366,-58.9020
180,6006,112,101.3045,-58.4461
180,6006,120,101.3786,-58.4186
180,6006,128,101.5600,-58.4824
180,6006,136,101.6008,-58.5202
180,6006,144,101.7653,-58.7373
180,6006,152,101.8134,-58.8198
180,6006,160,102.0279,-59.2540
180,6006,168,102.1948,-59.6597
180,6006,176,102.4227,-60.2847
180,6006,184,102.5159,-60.5565
180,6006,192,102.5600,-60.6866
180,6006,200,102.5851,-60.7597
180,6006,208,102.6651,-60.9868
180,6006,216,102.8365,-61.4370
180,6006,224,102.8718,-61.5240
180,6006,232,103.2407,-62.3682
180,6006,240,103.2900,-62.4770
180,6006,248,103.3852,-62.6770
180,6006,256,103.4430,-62.7924
180,6006,264,103.8400,-63.5076
180,6006,272,104.0822,-63.9376
180,6006,280,104.1475,-64.0515
180,6006,288,104.4838,-64.5876
180,6006,296,105.3630,-65.9946
180,6006,304,105.3931,-66.0438
180,6006,312,105.5437,-66.2769
180,6006,320,105.6651,-66.4497
180,6006,328,105.7071,-66.5041
180,6006,336,105.8185,-66.6288
180,6006,344,105.9240,-66.7221
180,6006,352,106.0600,-66.8101
180,6006,360,106.0895,-66.8256
180,6006,368,106.3488,-66.9078
180,6006,376,106.4434,-66.9256
180,6006,384,106.5325,-66.9367
180,6006,392,107.0456,-66.9714
180,6006,400,107.1279,-66.9921
180,6006,408,107.4220,-67.0881
180,6006,416,107.9500,-67.3862
180,6006,424,107.9848,-67.4117
180,6006,432,108.0195,-67.4370
180,6006,440,108.2650,-67.5926
180,6006,448,108.2929,-67.6085
180,6006,456,108.5177,-67.7217
180,6006,464,108.8352,-67.8740
180,6006,472,108.9398,-67.9238
180,6006,480,109.3650,-68.1168
180,6006,488,109.4428,-68.1544
180,6006,496,109.8650,-68.3404
180,6006,504,109.9056,-68.3589
180,6006,512,110.2352,-68.4940
180,6006,520,111.0019,-68.8625
180,6006,528,113.0397,-70.0857
180,6006,536,116.2118,-71.0599
180,6006,544,121.5821,-71.0681
180,6006,552,131.2763,-70.0291
180,6006,560,146.7923,-68.1829
180,6006,568,165.1304,-66.4385
180,6006,576,194.8027,-65.0636
180,6006,584,220.4161,-64.7066
180,6006,592,240.5385,-64.6153
180,6006,600,257.3768,-64.5844
180,6006,608,361.9874,-64.5595
180,6006,616,447.3965,-64.5614
180,6006,624,501.7623,-64.5610
180,6006,632,556.1280,-64.5604
180,6006,640,610.4937,-64.5609
180,6006,648,664.8594,-64.5607
180,6006,656,726.7036,-64.5617
180,6006,664,840.8973,-64.5606
180,6006,672,967.1328,-64.5610
180,6007,0,0.0000,-65.0000
180,6007,8,0.0699,-64.9855
180,6007,16,0.6811,-64.9173
180,6007,24,5.5147,-64.6276
180,6007,32,14.0905,-64.5433
180,6007,40,22.6664,-64.5540
180,6007,48,36.8228,-64.5609
180,6007,56,100.0000,-64.5618
180,6007,64,100.0403,-64.5369
180,6007,72,100.1740,-64.0974
180,6007,80,100.2300,-63.7878
180,6007,88,100.2833,-63.4462
180,6007,96,100.5371,-61.5686
180,6007,104,101.0366,-58.9020
180,6007,112,101.3045,-58.4461
180,6007,120,101.3786,-58.4186
180,6007,128,101.5600,-58.4824
180,6007,136,101.6008,-58.5202
180,6007,144,101.7653,-58.7373
180,6007,152,101.8134,-58.8198
180,6007,160,102.0279,-59.2540
180,6007,168,102.1948,-59.6597
180,6007,176,102.4227,-60.2847
180,6007,184,102.5159,-60.5565
180,6007,192,102.5600,-60.6866
180,6007,200,102.5851,-60.7597
180,6007,208,102.6651,-60.9868
180,6007,216,102.8365,-61.4370
180,6007,224,102.8718,-61.5240
180,6007,232,103.2407,-62.3682
180,6007,240,103.2900,-62.4770
180,6007,248,103.3852,-62.6770
180,6007,256,103.4430,-62.7924
180,6007,264,103.8400,-63.5076
180,6007,272,104.0822,-63.9376
180,6007,280,104.1475,-64.0515
180,6007,288,104.4838,-64.5876
180,6007,296,105.3630,-65.9946
180,6007,304,105.3931,-66.0438
180,6007,312,105.5437,-66.2769
180,6007,320,105.6651,-66.4497
180,6007,328,105.7071,-66.5041
180,6007,336,105.8185,-66.6288
180,6007,344,105.9240,-66.7221
180,6007,352,106.0600,-66.8101
180,6007,360,106.0895,-66.8256
180,6007,368,106.3488,-66.9078
180,6007,376,106.4434,-66.9256
180,6007,384,106.5325,-66.9367
180,6007,392,107.0456,-66.9714
180,6007,400,107.1279,-66.9921
180,6007,408,107.4220,-67.0881
180,6007,416,107.9500,-67.3862
180,6007,424,107.9848,-67.4117
180,6007,432,108.0195,-67.4370
180,6007,440,108.2650,-67.5926
180,6007,448,108.2929,-67.6085
180,6007,456,108.5177,-67.7217
180,6007,464,108.8352,-67.8740
180,6007,472,108.9398,-67.9238
180,6007,480,109.3650,-68.1168
180,6007,488,109.4428,-68.1544
180,6007,496,109.8650,-68.3404
180,6007,504,109.9056,-68.3589
180,6007,512,110.2352,-68.4940
180,6007,520,111.0019,-68.8625
180,6007,528,113.0397,-70.0857
180,6007,536,116.2118,-71.0599
180,6007,544,121.5821,-71.0681
180,6007,552,131.2763,-70.0291
180,6007,560,146.7923,-68.1829
180,6007,568,165.1304,-66.4385
180,6007,576,194.8027,-65.0636
180,6007,584,220.4161,-64.7066
180,6007,592,240.5385,-64.6153
180,6007,600,257.3768,-64.5844
180,6007,608,361.9874,-64.5595
180,6007,616,447.3965,-64.5614
180,6007,624,501.7623,-64.5610
180,6007,632,556.1280,-64.5604
180,6007,640,610.4937,-64.5609
180,6007,648,664.8594,-64.5607
180,6007,656,726.7036,-64.5617
180,6007,664,840.8973,-64.5606
180,6007,672,967.1328,-64.5610
180,6008,0,0.0000,-65.0000
180,6008,8,0.0699,-64.9855
180,6008,16,0.6811,-64.9173
180,6008,24,5.5147,-64.6276
180,6008,32,14.0905,-64.5433
180,6008,40,22.6664,-64.5540
180,6008,48,36.8228,-64.5609
180,6008,56,100.0000,-64.5618
180,6008,64,100.0403,-64.5369
180,6008,72,100.1740,-64.0974
180,6008,80,100.2300,-63.7878
180,6008,88,100.2833,-63.4462
180,6008,96,100.5371,-61.5686
180,6008,104,101.0366,-58.9020
180,6008,112,101.3045,-58.4461
180,6008,120,101.3786,-58.4186
180,6008,128,101.5600,-58.4824
180,6008,136,101.6008,-58.5202
180,6008,144,101.7653,-58.7373
180,6008,152,101.8134,-58.8198
180,6008,160,102.0279,-59.2540
180,6008,168,102.1948,-59.6597
180,6008,176,102.4227,-60.2847
180,6008,184,102.5159,-60.5565
180,6008,192,102.5600,-60.6866
180,6008,200,102.5851,-60.7597
180,6008,208,102.6651,-60.9868
180,6008,216,102.8365,-61.4370
180,6008,224,102.8718,-61.5240
180,6008,232,103.2407,-62.3682
180,6008,240,103.2900,-62.4770
180,6008,248,103.3852,-62.6770
180,6008,256,103.4430,-62.7924
180,6008,264,103.8400,-63.5076
180,6008,272,104.0822,-63.9376
180,6008,280,104.1475,-64.0515
180,6008,288,104.4838,-64.5876
180,6008,296,105.3630,-65.9946
180,6008,304,105.3931,-66.0438
180,6008,312,105.5437,-66.2769
180,6008,320,105.6651,-66.4497
180,6008,328,105.7071,-66.5041
180,6008,336,105.8185,-66.6288
180,6008,344,105.9240,-66.7221
180,6008,352,106.0600,-66.8101
180,6008,360,106.0895,-66.8256
180,6008,368,106.3488,-66.9078
180,6008,376,106.4434,-66.9256
180,6008,384,106.5325,-66.9367
180,6008,392,107.0456,-66.9714
180,6008,400,107.1279,-66.9921
180,6008,408,107.4220,-67.0881
180,6008,416,107.9500,-67.3862
180,6008,424,107.9848,-67.4117
180,6008,432,108.0195,-67.4370
180,6008,440,108.2650,-67.5926
180,6008,448,108.2929,-67.6085
180,6008,456,108.5177,-67.7217
180,6008,464,108.8352,-67.8740
180,6008,472,108.9398,-67.9238
180,6008,480,109.3650,-68.1168
180,6008,488,109.4428,-68.1544
180,6008,496,109.8650,-68.3404
180,6008,504,109.9056,-68.3589
180,6008,512,110.2352,-68.4940
180,6008,520,111.0019,-68.8625
180,6008,528,113.0397,-70.0857
180,6008,536,116.2118,-71.0599
180,6008,544,121.5821,-71.0681
180,6008,552,131.2763,-70.0291
180,6008,560,146.7923,-68.1829
180,6008,568,165.1304,-66.4385
180,6008,576,194.8027,-65.0636
180,6008,584,220.4161,-64.7066
180,6008,592,240.5385,-64.6153
180,6008,600,257.3768,-64.5844
180,6008,608,361.9874,-64.5595
180,6008,616,447.3965,-64.5614
180,6008,624,501.7623,-64.5610
180,6008,632,556.1280,-64.5604
180,6008,640,610.4937,-64.5609
180,6008,648,664.8594,-64.5607
180,6008,656,726.7036,-64.5617
180,6008,664,840.8973,-64.5606
180,6008,672,967.1328,-64.5610
180,6009,0,0.0000,-65.0000
180,6009,8,0.0699,-64.9855
180,6009,16,0.6811,-64.9173
180,6009,24,5.5147,-64.6276
180,6009,32,14.0905,-64.5433
180,6009,40,22.6664,-64.5540
180,6009,48,36.8228,-64.5609
180,6009,56,100.0000,-64.5618
180,6009,64,100.0403,-64.5369
180,6009,72,100.1740,-64.0974
180,6009,80,100.2300,-63.7878
180,6009,88,100.2833,-63.4462
180,6009,96,100.5371,-61.5686
180,6009,104,101.0366,-58.9020
180,6009,112,101.3045,-58.4461
180,6009,120,101.3786,-58.4186
180,6009,128,101.5600,-58.4824
180,6009,136,101.6008,-58.5202
180,6009,144,101.7653,-58.7373
180,6009,152,101.8134,-58.8198
180,6009,160,102.0279,-59.2540
180,6009,168,102.1948,-59.6597
180,6009,176,102.4227,-60.2847
180,6009,184,102.5159,-60.5565
180,6009,192,102.5600,-60.6866
180,6009,200,102.5851,-60.7597
180,6009,208,102.6651,-60.9868
180,6009,216,102.8365,-61.4370
180,6009,224,102.8718,-61.5240
180,6009,232,103.2407,-62.3682
180,6009,240,103.2900,-62.4770
180,6009,248,103.3852,-62.6770
180,6009,256,103.4430,-62.7924
180,6009,264,103.8400,-63.5076
180,6009,272,104.0822,-63.9376
180,6009,280,104.1475,-64.0515
180,6009,288,104.4838,-64.5876
180,6009,296,105.3630,-65.9946
180,6009,304,105.3931,-66.0438
180,6009,312,105.5437,-66.2769
180,6009,320,105.6651,-66.4497
180,6009,328,105.7071,-66.5041
180,6009,336,105.8185,-66.6288
180,6009,344,105.9240,-66.7221
180,6009,352,106.0600,-66.8101
180,6009,360,106.0895,-66.8256
180,6009,368,106.3488,-66.9078
180,6009,376,106.4434,-66.9256
180,6009,384,106.5325,-66.9367
180,6009,392,107.0456,-66.9714
180,6009,400,107.1279,-66.9921
180,6009,408,107.4220,-67.0881
180,6009,416,107.9500,-67.3862
180,6009,424,107.9848,-67.4117
180,6009,432,108.0195,-67.4370
180,6009,440,108.2650,-67.5926
180,6009,448,108.2929,-67.6085
180,6009,456,108.5177,-67.7217
180,6009,464,108.8352,-67.8740
180,6009,472,108.9398,-67.9238
180,6009,480,109.3650,-68.1168
180,6009,488,109.4428,-68.1544
180,6009,496,109.8650,-68.3404
180,6009,504,109.9056,-68.3589
180,6009,512,110.2352,-68.4940
180,6009,520,111.0019,-68.8625
180,6009,528,113.0397,-70.0857
180,6009,536,116.2118,-71.0599
180,6009,544,121.5821,-71.0681
180,6009,552,131.2763,-70.0291
180,6009,560,146.7923,-68.1829
180,6009,568,165.1304,-66.4385
180,6009,576,194.8027,-65.0636
180,6009,584,220.4161,-64.7066
180,6009,592,240.5385,-64.6153
180,6009,600,257.3768,-64.5844
180,6009,608,361.9874,-64.5595
180,6009,616,447.3965,-64.5614
180,6009,624,501.7623,-64.5610
180,6009,632,556.1280,-64.5604
180,6009,640,610.4937,-64.5609
180,6009,648,664.8594,-64.5607
180,6009,656,726.7036,-64.5617
180,6009,664,840.8973,-64.5606
180,6009,672,967.1328,-64.5610
180,6010,0,0.0000,-65.0000
180,6010,8,0.0699,-64.9855
180,6010,16,0.6811,-64.9173
180,6010,24,5.5147,-64.6276
180,6010,32,14.0905,-64.5433
180,6010,40,22.6664,-64.5540
180,6010,48,36.8228,-64.5609
180,6010,56,100.0000,-64.5618
180,6010,64,100.0403,-64.5369
180,6010,72,100.1740,-64.0974
180,6010,80,100.2300,-63.7878
180,6010,88,100.2833,-63.4462
180,6010,96,100.5371,-61.5686
180,6010,104,101.0366,-58.9020
180,6010,112,101.3045,-58.4461
180,6010,120,101.3786,-58.4186
180,6010,128,101.5600,-58.4824
180,6010,136,101.6008,-58.5202
180,6010,144,101.7653,-58.7373
180,6010,152,101.8134,-58.8198
180,6010,160,102.0279,-59.2540
180,6010,168,102.1948,-59.6597
180,6010,176,102.4227,-60.2847
180,6010,184,102.5159,-60.5565
180,6010,192,102.5600,-60.6866
180,6010,200,102.5851,-60.7597
180,6010,208,102.6651,-60.9868
180,6010,216,102.8365,-61.4370
180,6010,224,102.8718,-61.5240
180,6010,232,103.2407,-62.3682
180,6010,240,103.2900,-62.4770
180,6010,248,103.3852,-62.6770
180,6010,256,103.4430,-62.7924
180,6010,264,103.8400,-63.5076
180,6010,272,104.0822,-63.9376
180,6010,280,104.1475,-64.0515
180,6010,288,104.4838,-64.5876
180,6010,296,105.3630,-65.9946
180,6010,304,105.3931,-66.0438
180,6010,312,105.5437,-66.2769
180,6010,320,105.6651,-66.4497
180,6010,328,105.7071,-66.5041
180,6010,336,105.8185,-66.6288
180,6010,344,105.9240,-66.7221
180,6010,352,106.0600,-66.8101
180,6010,360,106.0895,-66.8256
180,6010,368,106.3488,-66.9078
180,6010,376,106.4434,-66.9256
180,6010,384,106.5325,-66.9367
180,6010,392,107.0456,-66.9714
180,6010,400,107.1279,-66.9921
180,6010,408,107.4220,-67.0881
180,6010,416,107.9500,-67.3862
180,6010,424,107.9848,-67.4117
180,6010,432,108.0195,-67.4370
180,6010,440,108.2650,-67.5926
180,6010,448,108.2929,-67.6085
180,6010,456,108.5177,-67.7217
180,6010,464,108.8352,-67.8740
180,6010,472,108.9398,-67.9238
180,6010,480,109.3650,-68.1168
180,6010,488,109.4428,-68.1544
180,6010,496,109.8650,-68.3404
180,6010,504,109.9056,-68.3589
180,6010,512,110.2352,-68.4940
180,6010,520,111.0019,-68.8625
180,6010,528,113.0397,-70.0857
180,6010,536,116.2118,-71.0599
180,6010,544,121.5821,-71.0681
180,6010,552,131.2763,-70.0291
180,6010,560,146.7923,-68.1829
180,6010,568,165.1304,-66.4385
180,6010,576,194.8027,-65.0636
180,6010,584,220.4161,-64.7066
180,6010,592,240.5385,-64.6153
180,6010,600,257.3768,-64.5844
180,6010,608,361.9874,-64.5595
180,6010,616,447.3965,-64.5614
180,6010,624,501.7623,-64.5610
180,6010,632,556.1280,-64.5604
180,6010,640,610.4937,-64.5609
180,6010,648,664.8594,-64.5607
180,6010,656,726.7036,-64.5617
180,6010,664,840.8973,-64.5606
180,6010,672,967.1328,-64.5610
210,7001,0,0.0000,-65.0000
210,7001,8,0.0699,-64.9855
210,7001,16,0.6811,-64.9173
210,7001,24,5.5147,-64.6276
210,7001,32,14.0905,-64.5433
210,7001,40,22.6664,-64.5540
210,7001,48,36.8228,-64.5609
210,7001,56,100.0000,-64.5618
210,7001,64,100.0395,-64.5361
210,7001,72,100.1640,-64.1096
210,7001,80,100.3378,-62.9651
210,7001,88,100.5276,-61.5117
210,7001,96,100.8014,-59.7561
210,7001,104,101.2054,-58.5218
210,7001,112,101.3093,-58.4448
210,7001,120,101.4224,-58.4449
210,7001,128,101.7638,-58.8534
210,7001,136,101.8371,-59.0065
210,7001,144,101.9165,-59.1889
210,7001,152,101.9658,-59.3101
210,7001,160,102.0717,-59.5835
210,7001,168,102.1444,-59.7752
210,7001,176,102.3333,-60.2844
210,7001,184,102.5240,-60.8109
210,7001,192,102.8438,-61.7145
210,7001,200,102.8899,-61.8464
210,7001,208,103.3476,-63.1109
210,7001,216,103.5406,-63.6208
210,7001,224,103.8593,-64.3971
210,7001,232,104.5045,-65.7925
210,7001,240,104.5480,-65.8793
210,7001,248,104.7439,-66.2481
210,7001,256,104.9435,-66.5751
210,7001,264,105.2005,-66.9481
210,7001,272,105.3516,-67.1466
210,7001,280,105.5251,-67.3560
210,7001,288,105.8275,-67.6610
210,7001,296,106.2672,-68.0660
210,7001,304,106.3778,-68.1615
210,7001,312,106.4550,-68.2201
210,7001,320,107.0161,-68.5671
210,7001,328,107.2762,-68.7343
210,7001,336,107.5413,-68.9039
210,7001,344,108.1488,-69.2675
210,7001,352,108.2011,-69.2979
210,7001,360,108.2749,-69.3370
210,7001,368,108.3266,-69.3615
210,7001,376,108.4148,-69.3918
210,7001,384,108.6176,-69.4151
210,7001,392,108.8144,-69.4005
210,7001,400,108.9938,-69.3714
210,7001,408,109.1782,-69.3266
210,7001,416,109.2594,-69.3038
210,7001,424,109.3899,-69.2605
210,7001,432,109.4328,-69.2460
210,7001,440,109.6570,-69.1461
210,7001,448,109.8283,-69.0653
210,7001,456,110.0705,-68.9644
210,7001,464,110.8260,-68.8746
210,7001,472,110.9131,-68.8900
210,7001,480,111.2107,-68.9488
210,7001,488,111.3429,-68.9782
210,7001,496,111.9435,-69.1106
210,7001,504,112.1726,-69.1826
210,7001,512,112.4114,-69.2558
210,7001,520,113.1100,-69.4667
210,7001,528,113.5202,-69.6257
210,7001,536,113.6456,-69.6765
210,7001,544,114.1815,-69.8388
210,7001,552,115.4783,-70.2244
210,7001,560,118.4105,-70.9163
210,7001,568,119.8126,-71.0292
210,7001,576,119.9820,-71.0263
210,7001,584,120.1377,-71.0096
210,7001,592,120.2777,-70.9812
210,7001,600,120.9224,-70.7450
210,7001,608,122.4208,-70.4442
210,7001,616,125.1873,-70.4517
210,7001,624,131.3008,-70.0734
210,7001,632,137.4143,-69.3737
210,7001,640,143.5277,-68.6415
210,7001,648,149.6412,-67.9529
210,7001,656,155.7547,-67.3146
210,7001,664,161.8682,-66.7584
210,7001,672,167.9816,-66.2864
210,7001,680,174.0951,-65.8953
210,7001,688,180.2086,-65.5792
210,7001,696,186.0272,-65.3425
210,7001,704,192.7153,-65.1317
210,7001,712,209.0813,-64.8237
210,7001,720,225.4473,-64.6769
210,7001,728,247.2529,-64.5983
210,7001,736,285.3768,-64.5669
210,7001,744,323.5008,-64.5627
210,7001,752,384.9954,-64.5608
210,7001,760,1486.7547,-64.5610
210,7002,0,0.0000,-65.0000
210,7002,8,0.0699,-64.9855
210,7002,16,0.6811,-64.9173
210,7002,24,5.5147,-64.6276
210,7002,32,14.0905,-64.5433
210,7002,40,22.6664,-64.5540
210,7002,48,36.8228,-64.5609
210,7002,56,100.0000,-64.5618
210,7002,64,100.0395,-64.5361
210,7002,72,100.1640,-64.1096
210,7002,80,100.3378,-62.9651
210,7002,88,100.5276,-61.5117
210,7002,96,100.8014,-59.7561
210,7002,104,101.2054,-58.5218
210,7002,112,101.3093,-58.4448
210,7002,120,101.4224,-58.4449
210,7002,128,101.7638,-58.8534
210,7002,136,101.8371,-59.0065
210,7002,144,101.9165,-59.1889
210,7002,152,101.9658,-59.3101
210,7002,160,102.0717,-59.5835
210,7002,168,102.1444,-59.7752
210,7002,176,102.3333,-60.2844
210,7002,184,102.5240,-60.8109
210,7002,192,102.8438,-61.7145
210,7002,200,102.8899,-61.8464
210,7002,208,103.3476,-63.1109
210,7002,216,103.5406,-63.6208
210,7002,224,103.8593,-64.3971
210,7002,232,104.5045,-65.7925
210,7002,240,104.5480,-65.8793
210,7002,248,104.7439,-66.2481
210,7002,256,104.9435,-66.5751
210,7002,264,105.2005,-66.9481
210,7002,272,105.3516,-67.1466
210,7002,280,105.5251,-67.3560
210,7002,288,105.8275,-67.6610
210,7002,296,106.2672,-68.0660
210,7002,304,106.3778,-68.1615
210,7002,312,106.4550,-68.2201
210,7002,320,107.0161,-68.5671
210,7002,328,107.2762,-68.7343
210,7002,336,107.5413,-68.9039
210,7002,344,108.1488,-69.2675
210,7002,352,108.2011,-69.2979
210,7002,360,108.2749,-69.3370
210,7002,368,108.3266,-69.3615
210,7002,376,108.4148,-69.3918
210,7002,384,108.6176,-69.4151
210,7002,392,108.8144,-69.4005
210,7002,400,108.9938,-69.3714
210,7002,408,109.1782,-69.3266
210,7002,416,109.2594,-69.3038
210,7002,424,109.3899,-69.2605
210,7002,432,109.4328,-69.2460
210,7002,440,109.6570,-69.1461
210,7002,448,109.8283,-69.0653
210,7002,456,110.0705,-68.9644
210,7002,464,110.8260,-68.8746
210,7002,472,110.9131,-68.8900
210,7002,480,111.2107,-68.9488
210,7002,488,111.3429,-68.9782
210,7002,496,111.9435,-69.1106
210,7002,504,112.1726,-69.1826
210,7002,512,112.4114,-69.2558
210,7002,520,113.1100,-69.4667
210,7002,528,113.5202,-69.6257
210,7002,536,113.6456,-69.6765
210,7002,544,114.1815,-69.8388
210,7002,552,115.4783,-70.2244
210,7002,560,118.4105,-70.9163
210,7002,568,119.8126,-71.0292
210,7002,576,119.9820,-71.0263
210,7002,584,120.1377,-71.0096
210,7002,592,120.2777,-70.9812
210,7002,600,120.9224,-70.7450
210,7002,608,122.4208,-70.4442
210,7002,616,125.1873,-70.4517
210,7002,624,131.3008,-70.0734
210,7002,632,137.4143,-69.3737
210,7002,640,143.5277,-68.6415
210,7002,648,149.6412,-67.9529
210,7002,656,155.7547,-67.3146
210,7002,664,161.8682,-66.7584
210,7002,672,167.9816,-66.2864
210,7002,680,174.0951,-65.8953
210,7002,688,180.2086,-65.5792
210,7002,696,186.0272,-65.3425
210,7002,704,192.7153,-65.1317
210,7002,712,209.0813,-64.8237
210,7002,720,225.4473,-64.6769
210,7002,728,247.2529,-64.5983
210,7002,736,285.3768,-64.5669
210,7002,744,323.5008,-64.5627
210,7002,752,384.9954,-64.5608
210,7002,760,1486.7547,-64.5610
210,7003,0,0.0000,-65.0000
210,7003,8,0.0699,-64.9855
210,7003,16,0.6811,-64.9173
210,7003,24,5.5147,-64.6276
210,7003,32,14.0905,-64.5433
210,7003,40,22.6664,-64.5540
210,7003,48,36.8228,-64.5609
210,7003,56,100.0000,-64.5618
210,7003,64,100.0395,-64.5361
210,7003,72,100.1640,-64.1096
210,7003,80,100.3378,-62.9651
210,7003,88,100.5276,-61.5117
210,7003,96,100.8014,-59.7561
210,7003,104,101.2054,-58.5218
210,7003,112,101.3093,-58.4448
210,7003,120,101.4224,-58.4449
210,7003,128,101.7638,-58.8534
210,7003,136,101.8371,-59.0065
210,7003,144,101.9165,-59.1889
210,7003,152,101.9658,-59.3101
210,7003,160,102.0717,-59.5835
210,7003,168,102.1444,-59.7752
210,7003,176,102.3333,-60.2844
210,7003,184,102.5240,-60.8109
210,7003,192,102.8438,-61.7145
210,7003,200,102.8899,-61.8464
210,7003,208,103.3476,-63.1109
210,7003,216,103.5406,-63.6208
210,7003,224,103.8593,-64.3971
210,7003,232,104.5045,-65.7925
210,7003,240,104.5480,-65.8793
210,7003,248,104.7439,-66.2481
210,7003,256,104.9435,-66.5751
210,7003,264,105.2005,-66.9481
210,7003,272,105.3516,-67.1466
210,7003,280,105.5251,-67.3560
210,7003,288,105.8275,-67.6610
210,7003,296,106.2672,-68.0660
210,7003,304,106.3778,-68.1615
210,7003,312,106.4550,-68.2201
210,7003,320,107.0161,-68.5671
210,7003,328,107.2762,-68.7343
210,7003,336,107.5413,-68.9039
210,7003,344,108.1488,-69.2675
210,7003,352,108.2011,-69.2979
210,7003,360,108.2749,-69.3370
210,7003,368,108.3266,-69.3615
210,7003,376,108.4148,-69.3918
210,7003,384,108.6176,-69.4151
210,7003,392,108.8144,-69.4005
210,7003,400,108.9938,-69.3714
210,7003,408,109.1782,-69.3266
210,7003,416,109.2594,-69.3038
210,7003,424,109.3899,-69.2605
210,7003,432,109.4328,-69.2460
210,7003,440,109.6570,-69.1461
210,7003,448,109.8283,-69.0653
210,7003,456,110.0705,-68.9644
210,7003,464,110.8260,-68.8746
210,7003,472,110.9131,-68.8900
210,7003,480,111.2107,-68.9488
210,7003,488,111.3429,-68.9782
210,7003,496,111.9435,-69.1106
210,7003,504,112.1726,-69.1826
210,7003,512,112.4114,-69.2558
210,7003,520,113.1100,-69.4667
210,7003,528,113.5202,-69.6257
210,7003,536,113.6456,-69.6765
210,7003,544,114.1815,-69.8388
210,7003,552,115.4783,-70.2244
210,7003,560,118.4105,-70.9163
210,7003,568,119.8126,-71.0292
210,7003,576,119.9820,-71.0263
210,7003,584,120.1377,-71.0096
210,7003,592,120.2777,-70.9812
210,7003,600,120.9224,-70.7450
210,7003,608,122.4208,-70.4442
210,7003,616,125.1873,-70.4517
210,7003,624,131.3008,-70.0734
210,7003,632,137.4143,-69.3737
210,7003,640,143.5277,-68.6415
210,7003,648,149.6412,-67.9529
210,7003,656,155.7547,-67.3146
210,7003,664,161.8682,-66.7584
210,7003,672,167.9816,-66.2864
210,7003,680,174.0951,-65.8953
210,7003,688,180.2086,-65.5792
210,7003,696,186.0272,-65.3425
210,7003,704,192.7153,-65.1317
210,7003,712,209.0813,-64.8237
210,7003,720,225.4473,-64.6769
210,7003,728,247.2529,-64.5983
210,7003,736,285.3768,-64.5669
210,7003,744,323.5008,-64.5627
210,7003,752,384.9954,-64.5608
210,7003,760,1486.7547,-64.5610
210,7004,0,0.0000,-65.0000
210,7004,8,0.0699,-64.9855
210,7004,16,0.6811,-64.9173
210,7004,24,5.5147,-64.6276
210,7004,32,14.0905,-64.5433
210,7004,40,22.6664,-64.5540
210,7004,48,36.8228,-64.5609
210,7004,56,100.0000,-64.5618
210,7004,64,100.0395,-64.5361
210,7004,72,100.1640,-64.1096
210,7004,80,100.3378,-62.9651
210,7004,88,100.5276,-61.5117
210,7004,96,100.8014,-59.7561
210,7004,104,101.2054,-58.5218
210,7004,112,101.3093,-58.4448
210,7004,120,101.4224,-58.4449
210,7004,128,101.7638,-58.8534
210,7004,136,101.8371,-59.0065
210,7004,144,101.9165,-59.1889
210,7004,152,101.9658,-59.3101
210,7004,160,102.0717,-59.5835
210,7004,168,102.1444,-59.7752
210,7004,176,102.3333,-60.2844
210,7004,184,102.5240,-60.8109
210,7004,192,102.8438,-61.7145
210,7004,200,102.8899,-61.8464
210,7004,208,103.3476,-63.1109
210,7004,216,103.5406,-63.6208
210,7004,224,103.8593,-64.3971
210,7004,232,104.5045,-65.7925
210,7004,240,104.5480,-65.8793
210,7004,248,104.7439,-66.2481
210,7004,256,104.9435,-66.5751
210,7004,264,105.2005,-66.9481
210,7004,272,105.3516,-67.1466
210,7004,280,105.5251,-67.3560
210,7004,288,105.8275,-67.6610
210,7004,296,106.2672,-68.0660
210,7004,304,106.3778,-68.1615
210,7004,312,106.4550,-68.2201
210,7004,320,107.0161,-68.5671
210,7004,328,107.2762,-68.7343
210,7004,336,107.5413,-68.9039
210,7004,344,108.1488,-69.2675
210,7004,352,108.2011,-69.2979
210,7004,360,108.2749,-69.3370
210,7004,368,108.3266,-69.3615
210,7004,376,108.4148,-69.3918
210,7004,384,108.6176,-69.4151
210,7004,392,108.8144,-69.4005
210,7004,400,108.9938,-69.3714
210,7004,408,109.1782,-69.3266
210,7004,416,109.2594,-69.3038
210,7004,424,109.3899,-69.2605
210,7004,432,109.4328,-69.2460
210,7004,440,109.6570,-69.1461
210,7004,448,109.8283,-69.0653
210,7004,456,110.0705,-68.9644
210,7004,464,110.8260,-68.8746
210,7004,472,110.9131,-68.8900
210,7004,480,111.2107,-68.9488
210,7004,488,111.3429,-68.9782
210,7004,496,111.9435,-69.1106
210,7004,504,112.1726,-69.1826
210,7004,512,112.4114,-69.2558
210,7004,520,113.1100,-69.4667
210,7004,528,113.5202,-69.6257
210,7004,536,113.6456,-69.6765
210,7004,544,114.1815,-69.8388
210,7004,552,115.4783,-70.2244
210,7004,560,118.4105,-70.9163
210,7004,568,119.8126,-71.0292
210,7004,576,119.9820,-71.0263
210,7004,584,120.1377,-71.0096
210,7004,592,120.2777,-70.9812
210,7004,600,120.9224,-70.7450
210,7004,608,122.4208,-70.4442
210,7004,616,125.1873,-70.4517
210,7004,624,131.3008,-70.0734
210,7004,632,137.4143,-69.3737
210,7004,640,143.5277,-68.6415
210,7004,648,149.6412,-67.9529
210,7004,656,155.7547,-67.3146
210,7004,664,161.8682,-66.7584
210,7004,672,167.9816,-66.2864
210,7004,680,174.0951,-65.8953
210,7004,688,180.2086,-65.5792
210,7004,696,186.0272,-65.3425
210,7004,704,192.7153,-65.1317
210,7004,712,209.0813,-64.8237
210,7004,720,225.4473,-64.6769
210,7004,728,247.2529,-64.5983
210,7004,736,285.3768,-64.5669
210,7004,744,323.5008,-64.5627
210,7004,752,384.9954,-64.5608
210,7004,760,1486.7547,-64.5610
210,7005,0,0.0000,-65.0000
210,7005,8,0.0699,-64.9855
210,7005,16,0.6811,-64.9173
210,7005,24,5.5147,-64.6276
210,7005,32,14.0905,-64.5433
210,7005,40,22.6664,-64.5540
210,7005,48,36.8228,-64.5609
210,7005,56,100.0000,-64.5618
210,7005,64,100.0395,-64.5361
210,7005,72,100.1640,-64.1096
210,7005,80,100.3378,-62.9651
210,7005,88,100.5276,-61.5117
210,7005,96,100.8014,-59.7561
210,7005,104,101.2054,-58.5218
210,7005,112,101.3093,-58.4448
210,7005,120,101.4224,-58.4449
210,7005,128,101.7638,-58.8534
210,7005,136,101.8371,-59.0065
210,7005,144,101.9165,-59.1889
210,7005,152,101.9658,-59.3101
210,7005,160,102.0717,-59.5835
210,7005,168,102.1444,-59.7752
210,7005,176,102.3333,-60.2844
210,7005,184,102.5240,-60.8109
210,7005,192,102.8438,-61.7145
210,7005,200,102.8899,-61.8464
210,7005,208,103.3476,-63.1109
210,7005,216,103.5406,-63.6208
210,7005,224,103.8593,-64.3971
210,7005,232,104.5045,-65.7925
210,7005,240,104.5480,-65.8793
210,7005,248,104.7439,-66.2481
210,7005,256,104.9435,-66.5751
210,7005,264,105.2005,-66.9481
210,7005,272,105.3516,-67.1466
210,7005,280,105.5251,-67.3560
210,7005,288,105.8275,-67.6610
210,7005,296,106.2672,-68.0660
210,7005,304,106.3778,-68.1615
210,7005,312,106.4550,-68.2201
210,7005,320,107.0161,-68.5671
210,7005,328,107.2762,-68.7343
210,7005,336,107.5413,-68.9039
210,7005,344,108.1488,-69.2675
210,7005,352,108.2011,-69.2979
210,7005,360,108.2749,-69.3370
210,7005,368,108.3266,-69.3615
210,7005,376,108.4148,-69.3918
210,7005,384,108.6176,-69.4151
210,7005,392,108.8144,-69.4005
210,7005,400,108.9938,-69.3714
210,7005,408,109.1782,-69.3266
210,7005,416,109.2594,-69.3038
210,7005,424,109.3899,-69.2605
210,7005,432,109.4328,-69.2460
210,7005,440,109.6570,-69.1461
210,7005,448,109.8283,-69.0653
210,7005,456,110.0705,-68.9644
210,7005,464,110.8260,-68.8746
210,7005,472,110.9131,-68.8900
210,7005,480,111.2107,-68.9488
210,7005,488,111.3429,-68.9782
210,7005,496,111.9435,-69.1106
210,7005,504,112.1726,-69.1826
210,7005,512,112.4114,-69.2558
210,7005,520,113.1100,-69.4667
210,7005,528,113.5202,-69.6257
210,7005,536,113.6456,-69.6765
210,7005,544,114.1815,-69.8388
210,7005,552,115.4783,-70.2244
210,7005,560,118.4105,-70.9163
210,7005,568,119.8126,-71.0292
210,7005,576,119.9820,-71.0263
210,7005,584,120.1377,-71.0096
210,7005,592,120.2777,-70.9812
210,7005,600,120.9224,-70.7450
210,7005,608,122.4208,-70.4442
210,7005,616,125.1873,-70.4517
210,7005,624,131.3008,-70.0734
210,7005,632,137.4143,-69.3737
210,7005,640,143.5277,-68.6415
210,7005,648,149.6412,-67.9529
210,7005,656,155.7547,-67.3146
210,7005,664,161.8682,-66.7584
210,7005,672,167.9816,-66.2864
210,7005,680,174.0951,-65.8953
210,7005,688,180.2086,-65.5792
210,7005,696,186.0272,-65.3425
210,7005,704,192.7153,-65.1317
210,7005,712,209.0813,-64.8237
210,7005,720,225.4473,-64.6769
210,7005,728,247.2529,-64.5983
210,7005,736,285.3768,-64.5669
210,7005,744,323.5008,-64.5627
210,7005,752,384.9954,-64.5608
210,7005,760,1486.7547,-64.5610
210,7006,0,0.0000,-65.0000
210,7006,8,0.0699,-64.9855
210,7006,16,0.6811,-64.9173
210,7006,24,5.5147,-64.6276
210,7006,32,14.0905,-64.5433
210,7006,40,22.6664,-64.5540
210,7006,48,36.8228,-64.5609
210,7006,56,100.0000,-64.5618
210,7006,64,100.0395,-64.5361
210,7006,72,100.1640,-64.1096
210,7006,80,100.3378,-62.9651
210,7006,88,100.5276,-61.5117
210,7006,96,100.8014,-59.7561
210,7006,104,101.2054,-58.5218
210,7006,112,101.3093,-58.4448
210,7006,120,101.4224,-58.4449
210,7006,128,101.7638,-58.8534
210,7006,136,101.8371,-59.0065
210,7006,144,101.9165,-59.1889
210,7006,152,101.9658,-59.3101
210,7006,160,102.0717,-59.5835
210,7006,168,102.1444,-59.7752
210,7006,176,102.3333,-60.2844
210,7006,184,102.5240,-60.8109
210,7006,192,102.8438,-61.7145
210,7006,200,102.8899,-61.8464
210,7006,208,103.3476,-63.1109
210,7006,216,103.5406,-63.6208
210,7006,224,103.8593,-64.3971
210,7006,232,104.5045,-65.7925
210,7006,240,104.5480,-65.8793
210,7006,248,104.7439,-66.2481
210,7006,256,104.9435,-66.5751
210,7006,264,105.2005,-66.9481
210,7006,272,105.3516,-67.1466
210,7006,280,105.5251,-67.3560
210,7006,288,105.8275,-67.6610
210,7006,296,106.2672,-68.0660
210,7006,304,106.3778,-68.1615
210,7006,312,106.4550,-68.2201
210,7006,320,107.0161,-68.5671
210,7006,328,107.2762,-68.7343
210,7006,336,107.5413,-68.9039
210,7006,344,108.1488,-69.2675
210,7006,352,108.2011,-69.2979
210,7006,360,108.2749,-69.3370
210,7006,368,108.3266,-69.3615
210,7006,376,108.4148,-69.3918
210,7006,384,108.6176,-69.4151
210,7006,392,108.8144,-69.4005
210,7006,400,108.9938,-69.3714
210,7006,408,109.1782,-69.3266
210,7006,416,109.2594,-69.3038
210,7006,424,109.3899,-69.2605
210,7006,432,109.4328,-69.2460
210,7006,440,109.6570,-69.1461
210,7006,448,109.8283,-69.0653
210,7006,456,110.0705,-68.9644
210,7006,464,110.8260,-68.8746
210,7006,472,110.9131,-68.8900
210,7006,480,111.2107,-68.9488
210,7006,488,111.3429,-68.9782
210,7006,496,111.9435,-69.1106
210,7006,504,112.1726,-69.1826
210,7006,512,112.4114,-69.2558
210,7006,520,113.1100,-69.4667
210,7006,528,113.5202,-69.6257
210,7006,536,113.6456,-69.6765
210,7006,544,114.1815,-69.8388
210,7006,552,115.4783,-70.2244
210,7006,560,118.4105,-70.9163
210,7006,568,119.8126,-71.0292
210,7006,576,119.9820,-71.0263
210,7006,584,120.1377,-71.0096
210,7006,592,120.2777,-70.9812
210,7006,600,120.9224,-70.7450
210,7006,608,122.4208,-70.4442
210,7006,616,125.1873,-70.4517
210,7006,624,131.3008,-70.0734
210,7006,632,137.4143,-69.3737
210,7006,640,143.5277,-68.6415
210,7006,648,149.6412,-67.9529
210,7006,656,155.7547,-67.3146
210,7006,664,161.8682,-66.7584
210,7006,672,167.9816,-66.2864
210,7006,680,174.0951,-65.8953
210,7006,688,180.2086,-65.5792
210,7006,696,186.0272,-65.3425
210,7006,704,192.7153,-65.1317
210,7006,712,209.0813,-64.8237
210,7006,720,225.4473,-64.6769
210,7006,728,247.2529,-64.5983
210,7006,736,285.3768,-64.5669
210,7006,744,323.5008,-64.5627
210,7006,752,384.9954,-64.5608
210,7006,760,1486.7547,-64.5610
210,7007,0,0.0000,-65.0000
210,7007,8,0.0699,-64.9855
210,7007,16,0.6811,-64.9173
210,7007,24,5.5147,-64.6276
210,7007,32,14.0905,-64.5433
210,7007,40,22.6664,-64.5540
210,7007,48,36.8228,-64.5609
210,7007,56,100.0000,-64.5618
210,7007,64,100.0395,-64.5361
210,7007,72,100.1640,-64.1096
210,7007,80,100.3378,-62.9651
210,7007,88,100.5276,-61.5117
210,7007,96,100.8014,-59.7561
210,7007,104,101.2054,-58.5218
210,7007,112,101.3093,-58.4448
210,7007,120,101.4224,-58.4449
210,7007,128,101.7638,-58.8534
210,7007,136,101.8371,-59.0065
210,7007,144,101.9165,-59.1889
210,7007,152,101.9658,-59.3101
210,7007,160,102.0717,-59.5835
210,7007,168,102.1444,-59.7752
210,7007,176,102.3333,-60.2844
210,7007,184,102.5240,-60.8109
210,7007,192,102.8438,-61.7145
210,7007,200,102.8899,-61.8464
210,7007,208,103.3476,-63.1109
210,7007,216,103.5406,-63.6208
210,7007,224,103.8593,-64.3971
210,7007,232,104.5045,-65.7925
210,7007,240,104.5480,-65.8793
210,7007,248,104.7439,-66.2481
210,7007,256,104.9435,-66.5751
210,7007,264,105.2005,-66.9481
210,7007,272,105.3516,-67.1466
210,7007,280,105.5251,-67.3560
210,7007,288,105.8275,-67.6610
210,7007,296,106.2672,-68.0660
210,7007,304,106.3778,-68.1615
210,7007,312,106.4550,-68.2201
210,7007,320,107.0161,-68.5671
210,7007,328,107.2762,-68.7343
210,7007,336,107.5413,-68.9039
210,7007,344,108.1488,-69.2675
210,7007,352,108.2011,-69.2979
210,7007,360,108.2749,-69.3370
210,7007,368,108.3266,-69.3615
210,7007,376,108.4148,-69.3918
210,7007,384,108.6176,-69.4151
210,7007,392,108.8144,-69.4005
210,7007,400,108.9938,-69.3714
210,7007,408,109.1782,-69.3266
210,7007,416,109.2594,-69.3038
210,7007,424,109.3899,-69.2605
210,7007,432,109.4328,-69.2460
210,7007,440,109.6570,-69.1461
210,7007,448,109.8283,-69.0653
210,7007,456,110.0705,-68.9644
210,7007,464,110.8260,-68.8746
210,7007,472,110.9131,-68.8900
210,7007,480,111.2107,-68.9488
210,7007,488,111.3429,-68.9782
210,7007,496,111.9435,-69.1106
210,7007,504,112.1726,-69.1826
210,7007,512,112.4114,-69.2558
210,7007,520,113.1100,-69.4667
210,7007,528,113.5202,-69.6257
210,7007,536,113.6456,-69.6765
210,7007,544,114.1815,-69.8388
210,7007,552,115.4783,-70.2244
210,7007,560,118.4105,-70.9163
210,7007,568,119.8126,-71.0292
210,7007,576,119.9820,-71.0263
210,7007,584,120.1377,-71.0096
210,7007,592,120.2777,-70.9812
210,7007,600,120.9224,-70.7450
210,7007,608,122.4208,-70.4442
210,7007,616,125.1873,-70.4517
210,7007,624,131.3008,-70.0734
210,7007,632,137.4143,-69.3737
210,7007,640,143.5277,-68.6415
210,7007,648,149.6412,-67.9529
210,7007,656,155.7547,-67.3146
210,7007,664,161.8682,-66.7584
210,7007,672,167.9816,-66.2864
210,7007,680,174.0951,-65.8953
210,7007,688,180.2086,-65.5792
210,7007,696,186.0272,-65.3425
210,7007,704,192.7153,-65.1317
210,7007,712,209.0813,-64.8237
210,7007,720,225.4473,-64.6769
210,7007,728,247.2529,-64.5983
210,7007,736,285.3768,-64.5669
210,7007,744,323.5008,-64.5627
210,7007,752,384.9954,-64.5608
210,7007,760,1486.7547,-64.5610
210,7008,0,0.0000,-65.0000
210,7008,8,0.0699,-64.9855
210,7008,16,0.6811,-64.9173
210,7008,24,5.5147,-64.6276
210,7008,32,14.0905,-64.5433
210,7008,40,22.6664,-64.5540
210,7008,48,36.8228,-64.5609
210,7008,56,100.0000,-64.5618
210,7008,64,100.0395,-64.5361
210,7008,72,100.1640,-64.1096
210,7008,80,100.3378,-62.9651
210,7008,88,100.5276,-61.5117
210,7008,96,100.8014,-59.7561
210,7008,104,101.2054,-58.5218
210,7008,112,101.3093,-58.4448
210,7008,120,101.4224,-58.4449
210,7008,128,101.7638,-58.8534
210,7008,136,101.8371,-59.0065
210,7008,144,101.9165,-59.1889
210,7008,152,101.9658,-59.3101
210,7008,160,102.0717,-59.5835
210,7008,168,102.1444,-59.7752
210,7008,176,102.3333,-60.2844
210,7008,184,102.5240,-60.8109
210,7008,192,102.8438,-61.7145
210,7008,200,102.8899,-61.8464
210,7008,208,103.3476,-63.1109
210,7008,216,103.5406,-63.6208
210,7008,224,103.8593,-64.3971
210,7008,232,104.5045,-65.7925
210,7008,240,104.5480,-65.8793
210,7008,248,104.7439,-66.2481
210,7008,256,104.9435,-66.5751
210,7008,264,105.2005,-66.9481
210,7008,272,105.3516,-67.1466
210,7008,280,105.5251,-67.3560
210,7008,288,105.8275,-67.6610
210,7008,296,106.2672,-68.0660
210,7008,304,106.3778,-68.1615
210,7008,312,106.4550,-68.2201
210,7008,320,107.0161,-68.5671
210,7008,328,107.2762,-68.7343
210,7008,336,107.5413,-68.9039
210,7008,344,108.1488,-69.2675
210,7008,352,108.2011,-69.2979
210,7008,360,108.2749,-69.3370
210,7008,368,108.3266,-69.3615
210,7008,376,108.4148,-69.3918
210,7008,384,108.6176,-69.4151
210,7008,392,108.8144,-69.4005
210,7008,400,108.9938,-69.3714
210,7008,408,109.1782,-69.3266
210,7008,416,109.2594,-69.3038
210,7008,424,109.3899,-69.2605
210,7008,432,109.4328,-69.2460
210,7008,440,109.6570,-69.1461
210,7008,448,109.8283,-69.0653
210,7008,456,110.0705,-68.9644
210,7008,464,110.8260,-68.8746
210,7008,472,110.9131,-68.8900
210,7008,480,111.2107,-68.9488
210,7008,488,111.3429,-68.9782
210,7008,496,111.9435,-69.1106
210,7008,504,112.1726,-69.1826
210,7008,512,112.4114,-69.2558
210,7008,520,113.1100,-69.4667
210,7008,528,113.5202,-69.6257
210,7008,536,113.6456,-69.6765
210,7008,544,114.1815,-69.8388
210,7008,552,115.4783,-70.2244
210,7008,560,118.4105,-70.9163
210,7008,568,119.8126,-71.0292
210,7008,576,119.9820,-71.0263
210,7008,584,120.1377,-71.0096
210,7008,592,120.2777,-70.9812
210,7008,600,120.9224,-70.7450
210,7008,608,122.4208,-70.4442
210,7008,616,125.1873,-70.4517
210,7008,624,131.3008,-70.0734
210,7008,632,137.4143,-69.3737
210,7008,640,143.5277,-68.6415
210,7008,648,149.6412,-67.9529
210,7008,656,155.7547,-67.3146
210,7008,664,161.8682,-66.7584
210,7008,672,167.9816,-66.2864
210,7008,680,174.0951,-65.8953
210,7008,688,180.2086,-65.5792
210,7008,696,186.0272,-65.3425
210,7008,704,192.7153,-65.1317
210,7008,712,209.0813,-64.8237
210,7008,720,225.4473,-64.6769
210,7008,728,247.2529,-64.5983
210,7008,736,285.3768,-64.5669
210,7008,744,323.5008,-64.5627
210,7008,752,384.9954,-64.5608
210,7008,760,1486.7547,-64.5610
210,7009,0,0.0000,-65.0000
210,7009,8,0.0699,-64.9855
210,7009,16,0.6811,-64.9173
210,7009,24,5.5147,-64.6276
210,7009,32,14.0905,-64.5433
210,7009,40,22.6664,-64.5540
210,7009,48,36.8228,-64.5609
210,7009,56,100.0000,-64.5618
210,7009,64,100.0395,-64.5361
210,7009,72,100.1640,-64.1096
210,7009,80,100.3378,-62.9651
210,7009,88,100.5276,-61.5117
210,7009,96,100.8014,-59.7561
210,7009,104,101.2054,-58.5218
210,7009,112,101.3093,-58.4448
210,7009,120,101.4224,-58.4449
210,7009,128,101.7638,-58.8534
210,7009,136,101.8371,-59.0065
210,7009,144,101.9165,-59.1889
210,7009,152,101.9658,-59.3101
210,7009,160,102.0717,-59.5835
210,7009,168,102.1444,-59.7752
210,7009,176,102.3333,-60.2844
210,7009,184,102.5240,-60.8109
210,7009,192,102.8438,-61.7145
210,7009,200,102.8899,-61.8464
210,7009,208,103.3476,-63.1109
210,7009,216,103.5406,-63.6208
210,7009,224,103.8593,-64.3971
210,7009,232,104.5045,-65.7925
210,7009,240,104.5480,-65.8793
210,7009,248,104.7439,-66.2481
210,7009,256,104.9435,-66.5751
210,7009,264,105.2005,-66.9481
210,7009,272,105.3516,-67.1466
210,7009,280,105.5251,-67.3560
210,7009,288,105.8275,-67.6610
210,7009,296,106.2672,-68.0660
210,7009,304,106.3778,-68.1615
210,7009,312,106.4550,-68.2201
210,7009,320,107.0161,-68.5671
210,7009,328,107.2762,-68.7343
210,7009,336,107.5413,-68.9039
210,7009,344,108.1488,-69.2675
210,7009,352,108.2011,-69.2979
210,7009,360,108.2749,-69.3370
210,7009,368,108.3266,-69.3615
210,7009,376,108.4148,-69.3918
210,7009,384,108.6176,-69.4151
210,7009,392,108.8144,-69.4005
210,7009,400,108.9938,-69.3714
210,7009,408,109.1782,-69.3266
210,7009,416,109.2594,-69.3038
210,7009,424,109.3899,-69.2605
210,7009,432,109.4328,-69.2460
210,7009,440,109.6570,-69.1461
210,7009,448,109.8283,-69.0653
210,7009,456,110.0705,-68.9644
210,7009,464,110.8260,-68.8746
210,7009,472,110.9131,-68.8900
210,7009,480,111.2107,-68.9488
210,7009,488,111.3429,-68.9782
210,7009,496,111.9435,-69.1106
210,7009,504,112.1726,-69.1826
210,7009,512,112.4114,-69.2558
210,7009,520,113.1100,-69.4667
210,7009,528,113.5202,-69.6257
210,7009,536,113.6456,-69.6765
210,7009,544,114.1815,-69.8388
210,7009,552,115.4783,-70.2244
210,7009,560,118.4105,-70.9163
210,7009,568,119.8126,-71.0292
210,7009,576,119.9820,-71.0263
210,7009,584,120.1377,-71.0096
210,7009,592,120.2777,-70.9812
210,7009,600,120.9224,-70.7450
210,7009,608,122.4208,-70.4442
210,7009,616,125.1873,-70.4517
210,7009,624,131.3008,-70.0734
210,7009,632,137.4143,-69.3737
210,7009,640,143.5277,-68.6415
210,7009,648,149.6412,-67.9529
210,7009,656,155.7547,-67.3146
210,7009,664,161.8682,-66.7584
210,7009,672,167.9816,-66.2864
210,7009,680,174.0951,-65.8953
210,7009,688,180.2086,-65.5792
210,7009,696,186.0272,-65.3425
210,7009,704,192.7153,-65.1317
210,7009,712,209.0813,-64.8237
210,7009,720,225.4473,-64.6769
210,7009,728,247.2529,-64.5983
210,7009,736,285.3768,-64.5669
210,7009,744,323.5008,-64.5627
210,7009,752,384.9954,-64.5608
210,7009,760,1486.7547,-64.5610
210,7010,0,0.0000,-65.0000
210,7010,8,0.0699,-64.9855
210,7010,16,0.6811,-64.9173
210,7010,24,5.5147,-64.6276
210,7010,32,14.0905,-64.5433
210,7010,40,22.6664,-64.5540
210,7010,48,36.8228,-64.5609
210,7010,56,100.0000,-64.5618
210,7010,64,100.0395,-64.5361
210,7010,72,100.1640,-64.1096
210,7010,80,100.3378,-62.9651
210,7010,88,100.5276,-61.5117
210,7010,96,100.8014,-59.7561
210,7010,104,101.2054,-58.5218
210,7010,112,101.3093,-58.4448
210,7010,120,101.4224,-58.4449
210,7010,128,101.7638,-58.8534
210,7010,136,101.8371,-59.0065
210,7010,144,101.9165,-59.1889
210,7010,152,101.9658,-59.3101
210,7010,160,102.0717,-59.5835
210,7010,168,102.1444,-59.7752
210,7010,176,102.3333,-60.2844
210,7010,184,102.5240,-60.8109
210,7010,192,102.8438,-61.7145
210,7010,200,102.8899,-61.8464
210,7010,208,103.3476,-63.1109
210,7010,216,103.5406,-63.6208
210,7010,224,103.8593,-64.3971
210,7010,232,104.5045,-65.7925
210,7010,240,104.5480,-65.8793
210,7010,248,104.7439,-66.2481
210,7010,256,104.9435,-66.5751
210,7010,264,105.2005,-66.9481
210,7010,272,105.3516,-67.1466
210,7010,280,105.5251,-67.3560
210,7010,288,105.8275,-67.6610
210,7010,296,106.2672,-68.0660
210,7010,304,106.3778,-68.1615
210,7010,312,106.4550,-68.2201
210,7010,320,107.0161,-68.5671
210,7010,328,107.2762,-68.7343
210,7010,336,107.5413,-68.9039
210,7010,344,108.1488,-69.2675
210,7010,352,108.2011,-69.2979
210,7010,360,108.2749,-69.3370
210,7010,368,108.3266,-69.3615
210,7010,376,108.4148,-69.3918
210,7010,384,108.6176,-69.4151
210,7010,392,108.8144,-69.4005
210,7010,400,108.9938,-69.3714
210,7010,408,109.1782,-69.3266
210,7010,416,109.2594,-69.3038
210,7010,424,109.3899,-69.2605
210,7010,432,109.4328,-69.2460
210,7010,440,109.6570,-69.1461
210,7010,448,109.8283,-69.0653
210,7010,456,110.0705,-68.9644
210,7010,464,110.8260,-68.8746
210,7010,472,110.9131,-68.8900
210,7010,480,111.2107,-68.9488
210,7010,488,111.3429,-68.9782
210,7010,496,111.9435,-69.1106
210,7010,504,112.1726,-69.1826
210,7010,512,112.4114,-69.2558
210,7010,520,113.1100,-69.4667
210,7010,528,113.5202,-69.6257
210,7010,536,113.6456,-69.6765
210,7010,544,114.1815,-69.8388
210,7010,552,115.4783,-70.2244
210,7010,560,118.4105,-70.9163
210,7010,568,119.8126,-71.0292
210,7010,576,119.9820,-71.0263
210,7010,584,120.1377,-71.0096
210,7010,592,120.2777,-70.9812
210,7010,600,120.9224,-70.7450
210,7010,608,122.4208,-70.4442
210,7010,616,125.1873,-70.4517
210,7010,624,131.3008,-70.0734
210,7010,632,137.4143,-69.3737
210,7010,640,143.5277,-68.6415
210,7010,648,149.6412,-67.9529
210,7010,656,155.7547,-67.3146
210,7010,664,161.8682,-66.7584
210,7010,672,167.9816,-66.2864
210,7010,680,174.0951,-65.8953
210,7010,688,180.2086,-65.5792
210,7010,696,186.0272,-65.3425
210,7010,704,192.7153,-65.1317
210,7010,712,209.0813,-64.8237
210,7010,720,225.4473,-64.6769
210,7010,728,247.2529,-64.5983
210,7010,736,285.3768,-64.5669
210,7010,744,323.5008,-64.5627
210,7010,752,384.9954,-64.5608
210,7010,760,1486.7547,-64.5610
240,8001,0,0.0000,-65.0000
240,8001,8,0.0699,-64.9855
240,8001,16,0.6811,-64.9173
240,8001,24,5.5147,-64.6276
240,8001,32,14.0905,-64.5433
240,8001,40,22.6664,-64.5540
240,8001,48,36.8228,-64.5609
240,8001,56,100.0000,-64.5618
240,8001,64,100.0426,-64.5303
240,8001,72,100.1961,-63.9477
240,8001,80,100.6055,-61.1267
240,8001,88,100.9680,-59.3544
240,8001,96,101.2136,-58.8289
240,8001,104,101.2870,-58.7650
240,8001,112,101.3590,-58.7367
240,8001,120,101.5211,-58.7730
240,8001,128,101.6113,-58.8492
240,8001,136,102.1154,-59.8070
240,8001,144,102.2933,-60.3074
240,8001,152,102.6664,-61.4521
240,8001,160,102.7453,-61.7005
240,8001,168,102.8763,-62.1079
240,8001,176,103.1033,-62.7768
240,8001,184,103.3605,-63.4826
240,8001,192,103.6333,-64.1677
240,8001,200,103.8199,-64.6004
240,8001,208,103.8530,-64.6742
240,8001,216,103.9042,-64.7843
240,8001,224,104.0811,-65.1210
240,8001,232,104.1899,-65.2972
240,8001,240,104.2982,-65.4537
240,8001,248,104.5982,-65.8129
240,8001,256,104.6778,-65.8989
240,8001,264,104.9622,-66.1817
240,8001,272,105.0493,-66.2657
240,8001,280,105.5418,-66.7332
240,8001,288,105.7422,-66.9385
240,8001,296,106.0021,-67.2008
240,8001,304,106.8682,-68.0715
240,8001,312,107.0134,-68.2209
240,8001,320,107.4732,-68.6208
240,8001,328,108.3152,-69.2789
240,8001,336,108.4586,-69.3761
240,8001,344,109.2120,-69.7770
240,8001,352,109.6640,-70.0041
240,8001,360,109.7563,-70.0487
240,8001,368,109.9404,-70.1075
240,8001,376,110.0470,-70.1265
240,8001,384,110.4085,-70.1122
240,8001,392,110.7134,-70.0856
240,8001,400,110.8515,-70.0703
240,8001,408,110.9562,-70.0560
240,8001,416,111.0807,-70.0304
240,8001,424,111.2281,-69.9936
240,8001,432,111.5321,-69.8966
240,8001,440,111.7817,-69.8244
240,8001,448,111.8722,-69.8011
240,8001,456,112.1134,-69.7217
240,8001,464,112.2616,-69.6676
240,8001,472,112.3006,-69.6528
240,8001,480,112.5649,-69.5303
240,8001,488,113.2249,-69.2719
240,8001,496,113.3941,-69.2491
240,8001,504,113.5037,-69.2407
240,8001,512,113.5751,-69.2354
240,8001,520,113.7767,-69.2035
240,8001,528,114.4581,-69.0425
240,8001,536,115.7084,-69.2536
240,8001,544,116.9865,-69.7786
240,8001,552,117.1259,-69.8290
240,8001,560,117.6975,-69.9446
240,8001,568,117.9907,-69.9857
240,8001,576,118.2202,-70.0080
240,8001,584,118.9841,-69.9985
240,8001,592,119.7467,-70.0376
240,8001,600,119.9444,-70.0510
240,8001,608,120.0292,-70.0516
240,8001,616,120.3128,-70.0193
240,8001,624,121.1889,-69.8248
240,8001,632,122.9321,-69.8615
240,8001,640,126.0667,-70.1400
240,8001,648,126.1452,-70.1417
240,8001,656,126.3446,-70.1320
240,8001,664,126.4344,-70.1189
240,8001,672,126.6039,-70.0738
240,8001,680,126.7302,-70.0236
240,8001,688,127.3113,-69.6805
240,8001,696,128.4729,-69.2032
240,8001,704,131.1930,-69.1949
240,8001,712,135.0382,-69.2563
240,8001,720,141.0788,-68.7580
240,8001,728,149.5890,-67.8208
240,8001,736,159.5810,-66.8498
240,8001,744,169.5730,-66.0941
240,8001,752,179.5650,-65.5518
240,8001,760,189.5570,-65.1864
240,8001,768,207.5761,-64.8207
240,8001,776,238.9387,-64.6159
240,8001,784,299.1711,-64.5662
240,8001,792,344.5209,-64.5623
240,8001,800,368.7067,-64.5601
240,8001,808,560.8571,-64.5611
240,8002,0,0.0000,-65.0000
240,8002,8,0.0699,-64.9855
240,8002,16,0.6811,-64.9173
240,8002,24,5.5147,-64.6276
240,8002,32,14.0905,-64.5433
240,8002,40,22.6664,-64.5540
240,8002,48,36.8228,-64.5609
240,8002,56,100.0000,-64.5618
240,8002,64,100.0426,-64.5303
240,8002,72,100.1961,-63.9477
240,8002,80,100.6055,-61.1267
240,8002,88,100.9680,-59.3544
240,8002,96,101.2136,-58.8289
240,8002,104,101.2870,-58.7650
240,8002,112,101.3590,-58.7367
240,8002,120,101.5211,-58.7730
240,8002,128,101.6113,-58.8492
240,8002,136,102.1154,-59.8070
240,8002,144,102.2933,-60.3074
240,8002,152,102.6664,-61.4521
240,8002,160,102.7453,-61.7005
240,8002,168,102.8763,-62.1079
240,8002,176,103.1033,-62.7768
240,8002,184,103.3605,-63.4826
240,8002,192,103.6333,-64.1677
240,8002,200,103.8199,-64.6004
240,8002,208,103.8530,-64.6742
240,8002,216,103.9042,-64.7843
240,8002,224,104.0811,-65.1210
240,8002,232,104.1899,-65.2972
240,8002,240,104.2982,-65.4537
240,8002,248,104.5982,-65.8129
240,8002,256,104.6778,-65.8989
240,8002,264,104.9622,-66.1817
240,8002,272,105.0493,-66.2657
240,8002,280,105.5418,-66.7332
240,8002,288,105.7422,-66.9385
240,8002,296,106.0021,-67.2008
240,8002,304,106.8682,-68.0715
240,8002,312,107.0134,-68.2209
240,8002,320,107.4732,-68.6208
240,8002,328,108.3152,-69.2789
240,8002,336,108.4586,-69.3761
240,8002,344,109.2120,-69.7770
240,8002,352,109.6640,-70.0041
240,8002,360,109.7563,-70.0487
240,8002,368,109.9404,-70.1075
240,8002,376,110.0470,-70.1265
240,8002,384,110.4085,-70.1122
240,8002,392,110.7134,-70.0856
240,8002,400,110.8515,-70.0703
240,8002,408,110.9562,-70.0560
240,8002,416,111.0807,-70.0304
240,8002,424,111.2281,-69.9936
240,8002,432,111.5321,-69.8966
240,8002,440,111.7817,-69.8244
240,8002,448,111.8722,-69.8011
240,8002,456,112.1134,-69.7217
240,8002,464,112.2616,-69.6676
240,8002,472,112.3006,-69.6528
240,8002,480,112.5649,-69.5303
240,8002,488,113.2249,-69.2719
240,8002,496,113.3941,-69.2491
240,8002,504,113.5037,-69.2407
240,8002,512,113.5751,-69.2354
240,8002,520,113.7767,-69.2035
240,8002,528,114.4581,-69.0425
240,8002,536,115.7084,-69.2536
240,8002,544,116.9865,-69.7786
240,8002,552,117.1259,-69.8290
240,8002,560,117.6975,-69.9446
240,8002,568,117.9907,-69.9857
240,8002,576,118.2202,-70.0080
240,8002,584,118.9841,-69.9985
240,8002,592,119.7467,-70.0376
240,8002,600,119.9444,-70.0510
240,8002,608,120.0292,-70.0516
240,8002,616,120.3128,-70.0193
240,8002,624,121.1889,-69.8248
240,8002,632,122.9321,-69.8615
240,8002,640,126.0667,-70.1400
240,8002,648,126.1452,-70.1417
240,8002,656,126.3446,-70.1320
240,8002,664,126.4344,-70.1189
240,8002,672,126.6039,-70.0738
240,8002,680,126.7302,-70.0236
240,8002,688,127.3113,-69.6805
240,8002,696,128.4729,-69.2032
240,8002,704,131.1930,-69.1949
240,8002,712,135.0382,-69.2563
240,8002,720,141.0788,-68.7580
240,8002,728,149.5890,-67.8208
240,8002,736,159.5810,-66.8498
240,8002,744,169.5730,-66.0941
240,8002,752,179.5650,-65.5518
240,8002,760,189.5570,-65.1864
240,8002,768,207.5761,-64.8207
240,8002,776,238.9387,-64.6159
240,8002,784,299.1711,-64.5662
240,8002,792,344.5209,-64.5623
240,8002,800,368.7067,-64.5601
240,8002,808,560.8571,-64.5611
240,8003,0,0.0000,-65.0000
240,8003,8,0.0699,-64.9855
240,8003,16,0.6811,-64.9173
240,8003,24,5.5147,-64.6276
240,8003,32,14.0905,-64.5433
240,8003,40,22.6664,-64.5540
240,8003,48,36.8228,-64.5609
240,8003,56,100.0000,-64.5618
240,8003,64,100.0426,-64.5303
240,8003,72,100.1961,-63.9477
240,8003,80,100.6055,-61.1267
240,8003,88,100.9680,-59.3544
240,8003,96,101.2136,-58.8289
240,8003,104,101.2870,-58.7650
240,8003,112,101.3590,-58.7367
240,8003,120,101.5211,-58.7730
240,8003,128,101.6113,-58.8492
240,8003,136,102.1154,-59.8070
240,8003,144,102.2933,-60.3074
240,8003,152,102.6664,-61.4521
240,8003,160,102.7453,-61.7005
240,8003,168,102.8763,-62.1079
240,8003,176,103.1033,-62.7768
240,8003,184,103.3605,-63.4826
240,8003,192,103.6333,-64.1677
240,8003,200,103.8199,-64.6004
240,8003,208,103.8530,-64.6742
240,8003,216,103.9042,-64.7843
240,8003,224,104.0811,-65.1210
240,8003,232,104.1899,-65.2972
240,8003,240,104.2982,-65.4537
240,8003,248,104.5982,-65.8129
240,8003,256,104.6778,-65.8989
240,8003,264,104.9622,-66.1817
240,8003,272,105.0493,-66.2657
240,8003,280,105.5418,-66.7332
240,8003,288,105.7422,-66.9385
240,8003,296,106.0021,-67.2008
240,8003,304,106.8682,-68.0715
240,8003,312,107.0134,-68.2209
240,8003,320,107.4732,-68.6208
240,8003,328,108.3152,-69.2789
240,8003,336,108.4586,-69.3761
240,8003,344,109.2120,-69.7770
240,8003,352,109.6640,-70.0041
240,8003,360,109.7563,-70.0487
240,8003,368,109.9404,-70.1075
240,8003,376,110.0470,-70.1265
240,8003,384,110.4085,-70.1122
240,8003,392,110.7134,-70.0856
240,8003,400,110.8515,-70.0703
240,8003,408,110.9562,-70.0560
240,8003,416,111.0807,-70.0304
240,8003,424,111.2281,-69.9936
240,8003,432,111.5321,-69.8966
240,8003,440,111.7817,-69.8244
240,8003,448,111.8722,-69.8011
240,8003,456,112.1134,-69.7217
240,8003,464,112.2616,-69.6676
240,8003,472,112.3006,-69.6528
240,8003,480,112.5649,-69.5303
240,8003,488,113.2249,-69.2719
240,8003,496,113.3941,-69.2491
240,8003,504,113.5037,-69.2407
240,8003,512,113.5751,-69.2354
240,8003,520,113.7767,-69.2035
240,8003,528,114.4581,-69.0425
240,8003,536,115.7084,-69.2536
240,8003,544,116.9865,-69.7786
240,8003,552,117.1259,-69.8290
240,8003,560,117.6975,-69.9446
240,8003,568,117.9907,-69.9857
240,8003,576,118.2202,-70.0080
240,8003,584,118.9841,-69.9985
240,8003,592,119.7467,-70.0376
240,8003,600,119.9444,-70.0510
240,8003,608,120.0292,-70.0516
240,8003,616,120.3128,-70.0193
240,8003,624,121.1889,-69.8248
240,8003,632,122.9321,-69.8615
240,8003,640,126.0667,-70.1400
240,8003,648,126.1452,-70.1417
240,8003,656,126.3446,-70.1320
240,8003,664,126.4344,-70.1189
240,8003,672,126.6039,-70.0738
240,8003,680,126.7302,-70.0236
240,8003,688,127.3113,-69.6805
240,8003,696,128.4729,-69.2032
240,8003,704,131.1930,-69.1949
240,8003,712,135.0382,-69.2563
240,8003,720,141.0788,-68.7580
240,8003,728,149.5890,-67.8208
240,8003,736,159.5810,-66.8498
240,8003,744,169.5730,-66.0941
240,8003,752,179.5650,-65.5518
240,8003,760,189.5570,-65.1864
240,8003,768,207.5761,-64.8207
240,8003,776,238.9387,-64.6159
240,8003,784,299.1711,-64.5662
240,8003,792,344.5209,-64.5623
240,8003,800,368.7067,-64.5601
240,8003,808,560.8571,-64.5611
240,8004,0,0.0000,-65.0000
240,8004,8,0.0699,-64.9855
240,8004,16,0.6811,-64.9173
240,8004,24,5.5147,-64.6276
240,8004,32,14.0905,-64.5433
240,8004,40,22.6664,-64.5540
240,8004,48,36.8228,-64.5609
240,8004,56,100.0000,-64.5618
240,8004,64,100.0426,-64.5303
240,8004,72,100.1961,-63.9477
240,8004,80,100.6055,-61.1267
240,8004,88,100.9680,-59.3544
240,8004,96,101.2136,-58.8289
240,8004,104,101.2870,-58.7650
240,8004,112,101.3590,-58.7367
240,8004,120,101.5211,-58.7730
240,8004,128,101.6113,-58.8492
240,8004,136,102.1154,-59.8070
240,8004,144,102.2933,-60.3074
240,8004,152,102.6664,-61.4521
240,8004,160,102.7453,-61.7005
240,8004,168,102.8763,-62.1079
240,8004,176,103.1033,-62.7768
240,8004,184,103.3605,-63.4826
240,8004,192,103.6333,-64.1677
240,8004,200,103.8199,-64.6004
240,8004,208,103.8530,-64.6742
240,8004,216,103.9042,-64.7843
240,8004,224,104.0811,-65.1210
240,8004,232,104.1899,-65.2972
240,8004,240,104.2982,-65.4537
240,8004,248,104.5982,-65.8129
240,8004,256,104.6778,-65.8989
240,8004,264,104.9622,-66.1817
240,8004,272,105.0493,-66.2657
240,8004,280,105.5418,-66.7332
240,8004,288,105.7422,-66.9385
240,8004,296,106.0021,-67.2008
240,8004,304,106.8682,-68.0715
240,8004,312,107.0134,-68.2209
240,8004,320,107.4732,-68.6208
240,8004,328,108.3152,-69.2789
240,8004,336,108.4586,-69.3761
240,8004,344,109.2120,-69.7770
240,8004,352,109.6640,-70.0041
240,8004,360,109.7563,-70.0487
240,8004,368,109.9404,-70.1075
240,8004,376,110.0470,-70.1265
240,8004,384,110.4085,-70.1122
240,8004,392,110.7134,-70.0856
240,8004,400,110.8515,-70.0703
240,8004,408,110.9562,-70.0560
240,8004,416,111.0807,-70.0304
240,8004,424,111.2281,-69.9936
240,8004,432,111.5321,-69.8966
240,8004,440,111.7817,-69.8244
240,8004,448,111.8722,-69.8011
240,8004,456,112.1134,-69.7217
240,8004,464,112.2616,-69.6676
240,8004,472,112.3006,-69.6528
240,8004,480,112.5649,-69.5303
240,8004,488,113.2249,-69.2719
240,8004,496,113.3941,-69.2491
240,8004,504,113.5037,-69.2407
240,8004,512,113.5751,-69.2354
240,8004,520,113.7767,-69.2035
240,8004,528,114.4581,-69.0425
240,8004,536,115.7084,-69.2536
240,8004,544,116.9865,-69.7786
240,8004,552,117.1259,-69.8290
240,8004,560,117.6975,-69.9446
240,8004,568,117.9907,-69.9857
240,8004,576,118.2202,-70.0080
240,8004,584,118.9841,-69.9985
240,8004,592,119.7467,-70.0376
240,8004,600,119.9444,-70.0510
240,8004,608,120.0292,-70.0516
240,8004,616,120.3128,-70.0193
240,8004,624,121.1889,-69.8248
240,8004,632,122.9321,-69.8615
240,8004,640,126.0667,-70.1400
240,8004,648,126.1452,-70.1417
240,8004,656,126.3446,-70.1320
240,8004,664,126.4344,-70.1189
240,8004,672,126.6039,-70.0738
240,8004,680,126.7302,-70.0236
240,8004,688,127.3113,-69.6805
240,8004,696,128.4729,-69.2032
240,8004,704,131.1930,-69.1949
240,8004,712,135.0382,-69.2563
240,8004,720,141.0788,-68.7580
240,8004,728,149.5890,-67.8208
240,8004,736,159.5810,-66.8498
240,8004,744,169.5730,-66.0941
240,8004,752,179.5650,-65.5518
240,8004,760,189.5570,-65.1864
240,8004,768,207.5761,-64.8207
240,8004,776,238.9387,-64.6159
240,8004,784,299.1711,-64.5662
240,8004,792,344.5209,-64.5623
240,8004,800,368.7067,-64.5601
240,8004,808,560.8571,-64.5611
240,8005,0,0.0000,-65.0000
240,8005,8,0.0699,-64.9855
240,8005,16,0.6811,-64.9173
240,8005,24,5.5147,-64.6276
240,8005,32,14.0905,-64.5433
240,8005,40,22.6664,-64.5540
240,8005,48,36.8228,-64.5609
240,8005,56,100.0000,-64.5618
240,8005,64,100.0426,-64.5303
240,8005,72,100.1961,-63.9477
240,8005,80,100.6055,-61.1267
240,8005,88,100.9680,-59.3544
240,8005,96,101.2136,-58.8289
240,8005,104,101.2870,-58.7650
240,8005,112,101.3590,-58.7367
240,8005,120,101.5211,-58.7730
240,8005,128,101.6113,-58.8492
240,8005,136,102.1154,-59.8070
240,8005,144,102.2933,-60.3074
240,8005,152,102.6664,-61.4521
240,8005,160,102.7453,-61.7005
240,8005,168,102.8763,-62.1079
240,8005,176,103.1033,-62.7768
240,8005,184,103.3605,-63.4826
240,8005,192,103.6333,-64.1677
240,8005,200,103.8199,-64.6004
240,8005,208,103.8530,-64.6742
240,8005,216,103.9042,-64.7843
240,8005,224,104.0811,-65.1210
240,8005,232,104.1899,-65.2972
240,8005,240,104.2982,-65.4537
240,8005,248,104.5982,-65.8129
240,8005,256,104.6778,-65.8989
240,8005,264,104.9622,-66.1817
240,8005,272,105.0493,-66.2657
240,8005,280,105.5418,-66.7332
240,8005,288,105.7422,-66.9385
240,8005,296,106.0021,-67.2008
240,8005,304,106.8682,-68.0715
240,8005,312,107.0134,-68.2209
240,8005,320,107.4732,-68.6208
240,8005,328,108.3152,-69.2789
240,8005,336,108.4586,-69.3761
240,8005,344,109.2120,-69.7770
240,8005,352,109.6640,-70.0041
240,8005,360,109.7563,-70.0487
240,8005,368,109.9404,-70.1075
240,8005,376,110.0470,-70.1265
240,8005,384,110.4085,-70.1122
240,8005,392,110.7134,-70.0856
240,8005,400,110.8515,-70.0703
240,8005,408,110.9562,-70.0560
240,8005,416,111.0807,-70.0304
240,8005,424,111.2281,-69.9936
240,8005,432,111.5321,-69.8966
240,8005,440,111.7817,-69.8244
240,8005,448,111.8722,-69.8011
240,8005,456,112.1134,-69.7217
240,8005,464,112.2616,-69.6676
240,8005,472,112.3006,-69.6528
240,8005,480,112.5649,-69.5303
240,8005,488,113.2249,-69.2719
240,8005,496,113.3941,-69.2491
240,8005,504,113.5037,-69.2407
240,8005,512,113.5751,-69.2354
240,8005,520,113.7767,-69.2035
240,8005,528,114.4581,-69.0425
240,8005,536,115.7084,-69.2536
240,8005,544,116.9865,-69.7786
240,8005,552,117.1259,-69.8290
240,8005,560,117.6975,-69.9446
240,8005,568,117.9907,-69.9857
240,8005,576,118.2202,-70.0080
240,8005,584,118.9841,-69.9985
240,8005,592,119.7467,-70.0376
240,8005,600,119.9444,-70.0510
240,8005,608,120.0292,-70.0516
240,8005,616,120.3128,-70.0193
240,8005,624,121.1889,-69.8248
240,8005,632,122.9321,-69.8615
240,8005,640,126.0667,-70.1400
240,8005,648,126.1452,-70.1417
240,8005,656,126.3446,-70.1320
240,8005,664,126.4344,-70.1189
240,8005,672,126.6039,-70.0738
240,8005,680,126.7302,-70.0236
240,8005,688,127.3113,-69.6805
240,8005,696,128.4729,-69.2032
240,8005,704,131.1930,-69.1949
240,8005,712,135.0382,-69.2563
240,8005,720,141.0788,-68.7580
240,8005,728,149.5890,-67.8208
240,8005,736,159.5810,-66.8498
240,8005,744,169.5730,-66.0941
240,8005,752,179.5650,-65.5518
240,8005,760,189.5570,-65.1864
240,8005,768,207.5761,-64.8207
240,8005,776,238.9387,-64.6159
240,8005,784,299.1711,-64.5662
240,8005,792,344.5209,-64.5623
240,8005,800,368.7067,-64.5601
240,8005,808,560.8571,-64.5611
240,8006,0,0.0000,-65.0000
240,8006,8,0.0699,-64.9855
240,8006,16,0.6811,-64.9173
240,8006,24,5.5147,-64.6276
240,8006,32,14.0905,-64.5433
240,8006,40,22.6664,-64.5540
240,8006,48,36.8228,-64.5609
240,8006,56,100.0000,-64.5618
240,8006,64,100.0426,-64.5303
240,8006,72,100.1961,-63.9477
240,8006,80,100.6055,-61.1267
240,8006,88,100.9680,-59.3544
240,8006,96,101.2136,-58.8289
240,8006,104,101.2870,-58.7650
240,8006,112,101.3590,-58.7367
240,8006,120,101.5211,-58.7730
240,8006,128,101.6113,-58.8492
240,8006,136,102.1154,-59.8070
240,8006,144,102.2933,-60.3074
240,8006,152,102.6664,-61.4521
240,8006,160,102.7453,-61.7005
240,8006,168,102.8763,-62.1079
240,8006,176,103.1033,-62.7768
240,8006,184,103.3605,-63.4826
240,8006,192,103.6333,-64.1677
240,8006,200,103.8199,-64.6004
240,8006,208,103.8530,-64.6742
240,8006,216,103.9042,-64.7843
240,8006,224,104.0811,-65.1210
240,8006,232,104.1899,-65.2972
240,8006,240,104.2982,-65.4537
240,8006,248,104.5982,-65.8129
240,8006,256,104.6778,-65.8989
240,8006,264,104.9622,-66.1817
240,8006,272,105.0493,-66.2657
240,8006,280,105.5418,-66.7332
240,8006,288,105.7422,-66.9385
240,8006,296,106.0021,-67.2008
240,8006,304,106.8682,-68.0715
240,8006,312,107.0134,-68.2209
240,8006,320,107.4732,-68.6208
240,8006,328,108.3152,-69.2789
240,8006,336,108.4586,-69.3761
240,8006,344,109.2120,-69.7770
240,8006,352,109.6640,-70.0041
240,8006,360,109.7563,-70.0487
240,8006,368,109.9404,-70.1075
240,8006,376,110.0470,-70.1265
240,8006,384,110.4085,-70.1122
240,8006,392,110.7134,-70.0856
240,8006,400,110.8515,-70.0703
240,8006,408,110.9562,-70.0560
240,8006,416,111.0807,-70.0304
240,8006,424,111.2281,-69.9936
240,8006,432,111.5321,-69.8966
240,8006,440,111.7817,-69.8244
240,8006,448,111.8722,-69.8011
240,8006,456,112.1134,-69.7217
240,8006,464,112.2616,-69.6676
240,8006,472,112.3006,-69.6528
240,8006,480,112.5649,-69.5303
240,8006,488,113.2249,-69.2719
240,8006,496,113.3941,-69.2491
240,8006,504,113.5037,-69.2407
240,8006,512,113.5751,-69.2354
240,8006,520,113.7767,-69.2035
240,8006,528,114.4581,-69.0425
240,8006,536,115.7084,-69.2536
240,8006,544,116.9865,-69.7786
240,8006,552,117.1259,-69.8290
240,8006,560,117.6975,-69.9446
240,8006,568,117.9907,-69.9857
240,8006,576,118.2202,-70.0080
240,8006,584,118.9841,-69.9985
240,8006,592,119.7467,-70.0376
240,8006,600,119.9444,-70.0510
240,8006,608,120.0292,-70.0516
240,8006,616,120.3128,-70.0193
240,8006,624,121.1889,-69.8248
240,8006,632,122.9321,-69.8615
240,8006,640,126.0667,-70.1400
240,8006,648,126.1452,-70.1417
240,8006,656,126.3446,-70.1320
240,8006,664,126.4344,-70.1189
240,8006,672,126.6039,-70.0738
240,8006,680,126.7302,-70.0236
240,8006,688,127.3113,-69.6805
240,8006,696,128.4729,-69.2032
240,8006,704,131.1930,-69.1949
240,8006,712,135.0382,-69.2563
240,8006,720,141.0788,-68.7580
240,8006,728,149.5890,-67.8208
240,8006,736,159.5810,-66.8498
240,8006,744,169.5730,-66.0941
240,8006,752,179.5650,-65.5518
240,8006,760,189.5570,-65.1864
240,8006,768,207.5761,-64.8207
240,8006,776,238.9387,-64.6159
240,8006,784,299.1711,-64.5662
240,8006,792,344.5209,-64.5623
240,8006,800,368.7067,-64.5601
240,8006,808,560.8571,-64.5611
240,8007,0,0.0000,-65.0000
240,8007,8,0.0699,-64.9855
240,8007,16,0.6811,-64.9173
240,8007,24,5.5147,-64.6276
240,8007,32,14.0905,-64.5433
240,8007,40,22.6664,-64.5540
240,8007,48,36.8228,-64.5609
240,8007,56,100.0000,-64.5618
240,8007,64,100.0426,-64.5303
240,8007,72,100.1961,-63.9477
240,8007,80,100.6055,-61.1267
240,8007,88,100.9680,-59.3544
240,8007,96,101.2136,-58.8289
240,8007,104,101.2870,-58.7650
240,8007,112,101.3590,-58.7367
240,8007,120,101.5211,-58.7730
240,8007,128,101.6113,-58.8492
240,8007,136,102.1154,-59.8070
240,8007,144,102.2933,-60.3074
240,8007,152,102.6664,-61.4521
240,8007,160,102.7453,-61.7005
240,8007,168,102.8763,-62.1079
240,8007,176,103.1033,-62.7768
240,8007,184,103.3605,-63.4826
240,8007,192,103.6333,-64.1677
240,8007,200,103.8199,-64.6004
240,8007,208,103.8530,-64.6742
240,8007,216,103.9042,-64.7843
240,8007,224,104.0811,-65.1210
240,8007,232,104.1899,-65.2972
240,8007,240,104.2982,-65.4537
240,8007,248,104.5982,-65.8129
240,8007,256,104.6778,-65.8989
240,8007,264,104.9622,-66.1817
240,8007,272,105.0493,-66.2657
240,8007,280,105.5418,-66.7332
240,8007,288,105.7422,-66.9385
240,8007,296,106.0021,-67.2008
240,8007,304,106.8682,-68.0715
240,8007,312,107.0134,-68.2209
240,8007,320,107.4732,-68.6208
240,8007,328,108.3152,-69.2789
240,8007,336,108.4586,-69.3761
240,8007,344,109.2120,-69.7770
240,8007,352,109.6640,-70.0041
240,8007,360,109.7563,-70.0487
240,8007,368,109.9404,-70.1075
240,8007,376,110.0470,-70.1265
240,8007,384,110.4085,-70.1122
240,8007,392,110.7134,-70.0856
240,8007,400,110.8515,-70.0703
240,8007,408,110.9562,-70.0560
240,8007,416,111.0807,-70.0304
240,8007,424,111.2281,-69.9936
240,8007,432,111.5321,-69.8966
240,8007,440,111.7817,-69.8244
240,8007,448,111.8722,-69.8011
240,8007,456,112.1134,-69.7217
240,8007,464,112.2616,-69.6676
240,8007,472,112.3006,-69.6528
240,8007,480,112.5649,-69.5303
240,8007,488,113.2249,-69.2719
240,8007,496,113.3941,-69.2491
240,8007,504,113.5037,-69.2407
240,8007,512,113.5751,-69.2354
240,8007,520,113.7767,-69.2035
240,8007,528,114.4581,-69.0425
240,8007,536,115.7084,-69.2536
240,8007,544,116.9865,-69.7786
240,8007,552,117.1259,-69.8290
240,8007,560,117.6975,-69.9446
240,8007,568,117.9907,-69.9857
240,8007,576,118.2202,-70.0080
240,8007,584,118.9841,-69.9985
240,8007,592,119.7467,-70.0376
240,8007,600,119.9444,-70.0510
240,8007,608,120.0292,-70.0516
240,8007,616,120.3128,-70.0193
240,8007,624,121.1889,-69.8248
240,8007,632,122.9321,-69.8615
240,8007,640,126.0667,-70.1400
240,8007,648,126.1452,-70.1417
240,8007,656,126.3446,-70.1320
240,8007,664,126.4344,-70.1189
240,8007,672,126.6039,-70.0738
240,8007,680,126.7302,-70.0236
240,8007,688,127.3113,-69.6805
240,8007,696,128.4729,-69.2032
240,8007,704,131.1930,-69.1949
240,8007,712,135.0382,-69.2563
240,8007,720,141.0788,-68.7580
240,8007,728,149.5890,-67.8208
240,8007,736,159.5810,-66.8498
240,8007,744,169.5730,-66.0941
240,8007,752,179.5650,-65.5518
240,8007,760,189.5570,-65.1864
240,8007,768,207.5761,-64.8207
240,8007,776,238.9387,-64.6159
240,8007,784,299.1711,-64.5662
240,8007,792,344.5209,-64.5623
240,8007,800,368.7067,-64.5601
240,8007,808,560.8571,-64.5611
240,8008,0,0.0000,-65.0000
240,8008,8,0.0699,-64.9855
240,8008,16,0.6811,-64.9173
240,8008,24,5.5147,-64.6276
240,8008,32,14.0905,-64.5433
240,8008,40,22.6664,-64.5540
240,8008,48,36.8228,-64.5609
240,8008,56,100.0000,-64.5618
240,8008,64,100.0426,-64.5303
240,8008,72,100.1961,-63.9477
240,8008,80,100.6055,-61.1267
240,8008,88,100.9680,-59.3544
240,8008,96,101.2136,-58.8289
240,8008,104,101.2870,-58.7650
240,8008,112,101.3590,-58.7367
240,8008,120,101.5211,-58.7730
240,8008,128,101.6113,-58.8492
240,8008,136,102.1154,-59.8070
240,8008,144,102.2933,-60.3074
240,8008,152,102.6664,-61.4521
240,8008,160,102.7453,-61.7005
240,8008,168,102.8763,-62.1079
240,8008,176,103.1033,-62.7768
240,8008,184,103.3605,-63.4826
240,8008,192,103.6333,-64.1677
240,8008,200,103.8199,-64.6004
240,8008,208,103.8530,-64.6742
240,8008,216,103.9042,-64.7843
240,8008,224,104.0811,-65.1210
240,8008,232,104.1899,-65.2972
240,8008,240,104.2982,-65.4537
240,8008,248,104.5982,-65.8129
240,8008,256,104.6778,-65.8989
240,8008,264,104.9622,-66.1817
240,8008,272,105.0493,-66.2657
240,8008,280,105.5418,-66.7332
240,8008,288,105.7422,-66.9385
240,8008,296,106.0021,-67.2008
240,8008,304,106.8682,-68.0715
240,8008,312,107.0134,-68.2209
240,8008,320,107.4732,-68.6208
240,8008,328,108.3152,-69.2789
240,8008,336,108.4586,-69.3761
240,8008,344,109.2120,-69.7770
240,8008,352,109.6640,-70.0041
240,8008,360,109.7563,-70.0487
240,8008,368,109.9404,-70.1075
240,8008,376,110.0470,-70.1265
240,8008,384,110.4085,-70.1122
240,8008,392,110.7134,-70.0856
240,8008,400,110.8515,-70.0703
240,8008,408,110.9562,-70.0560
240,8008,416,111.0807,-70.0304
240,8008,424,111.2281,-69.9936
240,8008,432,111.5321,-69.8966
240,8008,440,111.7817,-69.8244
240,8008,448,111.8722,-69.8011
240,8008,456,112.1134,-69.7217
240,8008,464,112.2616,-69.6676
240,8008,472,112.3006,-69.6528
240,8008,480,112.5649,-69.5303
240,8008,488,113.2249,-69.2719
240,8008,496,113.3941,-69.2491
240,8008,504,113.5037,-69.2407
240,8008,512,113.5751,-69.2354
240,8008,520,113.7767,-69.2035
240,8008,528,114.4581,-69.0425
240,8008,536,115.7084,-69.2536
240,8008,544,116.9865,-69.7786
240,8008,552,117.1259,-69.8290
240,8008,560,117.6975,-69.9446
240,8008,568,117.9907,-69.9857
240,8008,576,118.2202,-70.0080
240,8008,584,118.9841,-69.9985
240,8008,592,119.7467,-70.0376
240,8008,600,119.9444,-70.0510
240,8008,608,120.0292,-70.0516
240,8008,616,120.3128,-70.0193
240,8008,624,121.1889,-69.8248
240,8008,632,122.9321,-69.8615
240,8008,640,126.0667,-70.1400
240,8008,648,126.1452,-70.1417
240,8008,656,126.3446,-70.1320
240,8008,664,126.4344,-70.1189
240,8008,672,126.6039,-70.0738
240,8008,680,126.7302,-70.0236
240,8008,688,127.3113,-69.6805
240,8008,696,128.4729,-69.2032
240,8008,704,131.1930,-69.1949
240,8008,712,135.0382,-69.2563
240,8008,720,141.0788,-68.7580
240,8008,728,149.5890,-67.8208
240,8008,736,159.5810,-66.8498
240,8008,744,169.5730,-66.0941
240,8008,752,179.5650,-65.5518
240,8008,760,189.5570,-65.1864
240,8008,768,207.5761,-64.8207
240,8008,776,238.9387,-64.6159
240,8008,784,299.1711,-64.5662
240,8008,792,344.5209,-64.5623
240,8008,800,368.7067,-64.5601
240,8008,808,560.8571,-64.5611
240,8009,0,0.0000,-65.0000
240,8009,8,0.0699,-64.9855
240,8009,16,0.6811,-64.9173
240,8009,24,5.5147,-64.6276
240,8009,32,14.0905,-64.5433
240,8009,40,22.6664,-64.5540
240,8009,48,36.8228,-64.5609
240,8009,56,100.0000,-64.5618
240,8009,64,100.0426,-64.5303
240,8009,72,100.1961,-63.9477
240,8009,80,100.6055,-61.1267
240,8009,88,100.9680,-59.3544
240,8009,96,101.2136,-58.8289
240,8009,104,101.2870,-58.7650
240,8009,112,101.3590,-58.7367
240,8009,120,101.5211,-58.7730
240,8009,128,101.6113,-58.8492
240,8009,136,102.1154,-59.8070
240,8009,144,102.2933,-60.3074
240,8009,152,102.6664,-61.4521
240,8009,160,102.7453,-61.7005
240,8009,168,102.8763,-62.1079
240,8009,176,103.1033,-62.7768
240,8009,184,103.3605,-63.4826
240,8009,192,103.6333,-64.1677
240,8009,200,103.8199,-64.6004
240,8009,208,103.8530,-64.6742
240,8009,216,103.9042,-64.7843
240,8009,224,104.0811,-65.1210
240,8009,232,104.1899,-65.2972
240,8009,240,104.2982,-65.4537
240,8009,248,104.5982,-65.8129
240,8009,256,104.6778,-65.8989
240,8009,264,104.9622,-66.1817
240,8009,272,105.0493,-66.2657
240,8009,280,105.5418,-66.7332
240,8009,288,105.7422,-66.9385
240,8009,296,106.0021,-67.2008
240,8009,304,106.8682,-68.0715
240,8009,312,107.0134,-68.2209
240,8009,320,107.4732,-68.6208
240,8009,328,108.3152,-69.2789
240,8009,336,108.4586,-69.3761
240,8009,344,109.2120,-69.7770
240,8009,352,109.6640,-70.0041
240,8009,360,109.7563,-70.0487
240,8009,368,109.9404,-70.1075
240,8009,376,110.0470,-70.1265
240,8009,384,110.4085,-70.1122
240,8009,392,110.7134,-70.0856
240,8009,400,110.8515,-70.0703
240,8009,408,110.9562,-70.0560
240,8009,416,111.0807,-70.0304
240,8009,424,111.2281,-69.9936
240,8009,432,111.5321,-69.8966
240,8009,440,111.7817,-69.8244
240,8009,448,111.8722,-69.8011
240,8009,456,112.1134,-69.7217
240,8009,464,112.2616,-69.6676
240,8009,472,112.3006,-69.6528
240,8009,480,112.5649,-69.5303
240,8009,488,113.2249,-69.2719
240,8009,496,113.3941,-69.2491
240,8009,504,113.5037,-69.2407
240,8009,512,113.5751,-69.2354
240,8009,520,113.7767,-69.2035
240,8009,528,114.4581,-69.0425
240,8009,536,115.7084,-69.2536
240,8009,544,116.9865,-69.7786
240,8009,552,117.1259,-69.8290
240,8009,560,117.6975,-69.9446
240,8009,568,117.9907,-69.9857
240,8009,576,118.2202,-70.0080
240,8009,584,118.9841,-69.9985
240,8009,592,119.7467,-70.0376
240,8009,600,119.9444,-70.0510
240,8009,608,120.0292,-70.0516
240,8009,616,120.3128,-70.0193
240,8009,624,121.1889,-69.8248
240,8009,632,122.9321,-69.8615
240,8009,640,126.0667,-70.1400
240,8009,648,126.1452,-70.1417
240,8009,656,126.3446,-70.1320
240,8009,664,126.4344,-70.1189
240,8009,672,126.6039,-70.0738
240,8009,680,126.7302,-70.0236
240,8009,688,127.3113,-69.6805
240,8009,696,128.4729,-69.2032
240,8009,704,131.1930,-69.1949
240,8009,712,135.0382,-69.2563
240,8009,720,141.0788,-68.7580
240,8009,728,149.5890,-67.8208
240,8009,736,159.5810,-66.8498
240,8009,744,169.5730,-66.0941
240,8009,752,179.5650,-65.5518
240,8009,760,189.5570,-65.1864
240,8009,768,207.5761,-64.8207
240,8009,776,238.9387,-64.6159
240,8009,784,299.1711,-64.5662
240,8009,792,344.5209,-64.5623
240,8009,800,368.7067,-64.5601
240,8009,808,560.8571,-64.5611
240,8010,0,0.0000,-65.0000
240,8010,8,0.0699,-64.9855
240,8010,16,0.6811,-64.9173
240,8010,24,5.5147,-64.6276
240,8010,32,14.0905,-64.5433
240,8010,40,22.6664,-64.5540
240,8010,48,36.8228,-64.5609
240,8010,56,100.0000,-64.5618
240,8010,64,100.0426,-64.5303
240,8010,72,100.1961,-63.9477
240,8010,80,100.6055,-61.1267
240,8010,88,100.9680,-59.3544
240,8010,96,101.2136,-58.8289
240,8010,104,101.2870,-58.7650
240,8010,112,101.3590,-58.7367
240,8010,120,101.5211,-58.7730
240,8010,128,101.6113,-58.8492
240,8010,136,102.1154,-59.8070
240,8010,144,102.2933,-60.3074
240,8010,152,102.6664,-61.4521
240,8010,160,102.7453,-61.7005
240,8010,168,102.8763,-62.1079
240,8010,176,103.1033,-62.7768
240,8010,184,103.3605,-63.4826
240,8010,192,103.6333,-64.1677
240,8010,200,103.8199,-64.6004
240,8010,208,103.8530,-64.6742
240,8010,216,103.9042,-64.7843
240,8010,224,104.0811,-65.1210
240,8010,232,104.1899,-65.2972
240,8010,240,104.2982,-65.4537
240,8010,248,104.5982,-65.8129
240,8010,256,104.6778,-65.8989
240,8010,264,104.9622,-66.1817
240,8010,272,105.0493,-66.2657
240,8010,280,105.5418,-66.7332
240,8010,288,105.7422,-66.9385
240,8010,296,106.0021,-67.2008
240,8010,304,106.8682,-68.0715
240,8010,312,107.0134,-68.2209
240,8010,320,107.4732,-68.6208
240,8010,328,108.3152,-69.2789
240,8010,336,108.4586,-69.3761
240,8010,344,109.2120,-69.7770
240,8010,352,109.6640,-70.0041
240,8010,360,109.7563,-70.0487
240,8010,368,109.9404,-70.1075
240,8010,376,110.0470,-70.1265
240,8010,384,110.4085,-70.1122
240,8010,392,110.7134,-70.0856
240,8010,400,110.8515,-70.0703
240,8010,408,110.9562,-70.0560
240,8010,416,111.0807,-70.0304
240,8010,424,111.2281,-69.9936
240,8010,432,111.5321,-69.8966
240,8010,440,111.7817,-69.8244
240,8010,448,111.8722,-69.8011
240,8010,456,112.1134,-69.7217
240,8010,464,112.2616,-69.6676
240,8010,472,112.3006,-69.6528
240,8010,480,112.5649,-69.5303
240,8010,488,113.2249,-69.2719
240,8010,496,113.3941,-69.2491
240,8010,504,113.5037,-69.2407
240,8010,512,113.5751,-69.2354
240,8010,520,113.7767,-69.2035
240,8010,528,114.4581,-69.0425
240,8010,536,115.7084,-69.2536
240,8010,544,116.9865,-69.7786
240,8010,552,117.1259,-69.8290
240,8010,560,117.6975,-69.9446
240,8010,568,117.9907,-69.9857
240,8010,576,118.2202,-70.0080
240,8010,584,118.9841,-69.9985
240,8010,592,119.7467,-70.0376
240,8010,600,119.9444,-70.0510
240,8010,608,120.0292,-70.0516
240,8010,616,120.3128,-70.0193
240,8010,624,121.1889,-69.8248
240,8010,632,122.9321,-69.8615
240,8010,640,126.0667,-70.1400
240,8010,648,126.1452,-70.1417
240,8010,656,126.3446,-70.1320
240,8010,664,126.4344,-70.1189
240,8010,672,126.6039,-70.0738
240,8010,680,126.7302,-70.0236
240,8010,688,127.3113,-69.6805
240,8010,696,128.4729,-69.2032
240,8010,704,131.1930,-69.1949
240,8010,712,135.0382,-69.2563
240,8010,720,141.0788,-68.7580
240,8010,728,149.5890,-67.8208
240,8010,736,159.5810,-66.8498
240,8010,744,169.5730,-66.0941
240,8010,752,179.5650,-65.5518
240,8010,760,189.5570,-65.1864
240,8010,768,207.5761,-64.8207
240,8010,776,238.9387,-64.6159
240,8010,784,299.1711,-64.5662
240,8010,792,344.5209,-64.5623
240,8010,800,368.7067,-64.5601
240,8010,808,560.8571,-64.5611
270,9001,0,0.0000,-65.0000
270,9001,8,0.0699,-64.9855
270,9001,16,0.6811,-64.9173
270,9001,24,5.5147,-64.6276
270,9001,32,14.0905,-64.5433
270,9001,40,22.6664,-64.5540
270,9001,48,36.8228,-64.5609
270,9001,56,100.0000,-64.5618
270,9001,64,100.0090,-64.5607
270,9001,72,100.0924,-64.4335
270,9001,80,100.3488,-63.1768
270,9001,88,100.6952,-61.1098
270,9001,96,100.8180,-60.5203
270,9001,104,100.8989,-60.1879
270,9001,112,100.9676,-59.9420
270,9001,120,101.2000,-59.3238
270,9001,128,101.2792,-59.1871
270,9001,136,101.3624,-59.0795
270,9001,144,101.6602,-58.9545
270,9001,152,101.8616,-59.0695
270,9001,160,101.9101,-59.1156
270,9001,168,102.2851,-59.6656
270,9001,176,102.3256,-59.7449
270,9001,184,102.4767,-60.0504
270,9001,192,103.1341,-61.6166
270,9001,200,103.4418,-62.4340
270,9001,208,103.5688,-62.7710
270,9001,216,103.6974,-63.1029
270,9001,224,103.7699,-63.2809
270,9001,232,104.0900,-63.9773
270,9001,240,104.1477,-64.0908
270,9001,248,104.5450,-64.7908
270,9001,256,104.5911,-64.8661
270,9001,264,104.6859,-65.0162
270,9001,272,104.7258,-65.0771
270,9001,280,104.7546,-65.1195
270,9001,288,104.8386,-65.2334
270,9001,296,104.9119,-65.3206
270,9001,304,104.9547,-65.3661
270,9001,312,105.2304,-65.5618
270,9001,320,105.6500,-65.7345
270,9001,328,105.7250,-65.7691
270,9001,336,105.7700,-65.7883
270,9001,344,105.8822,-65.8291
270,9001,352,106.4166,-65.9979
270,9001,360,107.2300,-66.5651
270,9001,368,107.3012,-66.6308
270,9001,376,107.8489,-67.1168
270,9001,384,107.9059,-67.1676
270,9001,392,107.9450,-67.2010
270,9001,400,107.9956,-67.2398
270,9001,408,108.1355,-67.3242
270,9001,416,108.1674,-67.3385
270,9001,424,108.4128,-67.3785
270,9001,432,109.1717,-67.4345
270,9001,440,109.5602,-67.5834
270,9001,448,109.8701,-67.7166
270,9001,456,110.2608,-67.9035
270,9001,464,110.4000,-67.9708
270,9001,472,110.4689,-67.9972
270,9001,480,111.0100,-68.1356
270,9001,488,111.9250,-68.4903
270,9001,496,111.9883,-68.5219
270,9001,504,112.1327,-68.5891
270,9001,512,112.2648,-68.6370
270,9001,520,112.4904,-68.6760
270,9001,528,112.6050,-68.6801
270,9001,536,112.8600,-68.6485
270,9001,544,112.9450,-68.6296
270,9001,552,113.0279,-68.6046
270,9001,560,113.3775,-68.4473
270,9001,568,113.8801,-68.2757
270,9001,576,114.0258,-68.2521
270,9001,584,114.6782,-68.2107
270,9001,592,116.0907,-68.6365
270,9001,600,116.2778,-68.7207
270,9001,608,116.6396,-68.8534
270,9001,616,117.6643,-69.1088
270,9001,624,118.5966,-69.3645
270,9001,632,118.7776,-69.4047
270,9001,640,119.4260,-69.4506
270,9001,648,120.8995,-69.5656
270,9001,656,122.5302,-69.7519
270,9001,664,122.6814,-69.7615
270,9001,672,123.2200,-69.7127
270,9001,680,123.2573,-69.7069
270,9001,688,123.5215,-69.6472
270,9001,696,124.3762,-69.3783
270,9001,704,124.4432,-69.3610
270,9001,712,124.9111,-69.2112
270,9001,720,124.9706,-69.1905
270,9001,728,125.2118,-69.0974
270,9001,736,125.2852,-69.0655
270,9001,744,125.6198,-68.8894
270,9001,752,125.8386,-68.7607
270,9001,760,125.9450,-68.6968
270,9001,768,125.9716,-68.6802
270,9001,776,126.1762,-68.5346
270,9001,784,126.8318,-68.0446
270,9001,792,128.0726,-67.6626
270,9001,800,130.4107,-68.0434
270,9001,808,131.6427,-68.2950
270,9001,816,131.7988,-68.3179
270,9001,824,132.3975,-68.3053
270,9001,832,133.8452,-68.2166
270,9001,840,136.7103,-68.2772
270,9001,848,142.2530,-68.0606
270,9001,856,150.5312,-67.2854
270,9001,864,168.1680,-65.9194
270,9001,872,188.0214,-65.1096
270,9001,880,214.4847,-64.7104
270,9001,888,246.2926,-64.5916
270,9001,896,312.1071,-64.5626
270,9001,904,416.5523,-64.5610
270,9002,0,0.0000,-65.0000
270,9002,8,0.0699,-64.9855
270,9002,16,0.6811,-64.9173
270,9002,24,5.5147,-64.6276
270,9002,32,14.0905,-64.5433
270,9002,40,22.6664,-64.5540
270,9002,48,36.8228,-64.5609
270,9002,56,100.0000,-64.5618
270,9002,64,100.0090,-64.5607
270,9002,72,100.0924,-64.4335
270,9002,80,100.3488,-63.1768
270,9002,88,100.6952,-61.1098
270,9002,96,100.8180,-60.5203
270,9002,104,100.8989,-60.1879
270,9002,112,100.9676,-59.9420
270,9002,120,101.2000,-59.3238
270,9002,128,101.2792,-59.1871
270,9002,136,101.3624,-59.0795
270,9002,144,101.6602,-58.9545
270,9002,152,101.8616,-59.0695
270,9002,160,101.9101,-59.1156
270,9002,168,102.2851,-59.6656
270,9002,176,102.3256,-59.7449
270,9002,184,102.4767,-60.0504
270,9002,192,103.1341,-61.6166
270,9002,200,103.4418,-62.4340
270,9002,208,103.5688,-62.7710
270,9002,216,103.6974,-63.1029
270,9002,224,103.7699,-63.2809
270,9002,232,104.0900,-63.9773
270,9002,240,104.1477,-64.0908
270,9002,248,104.5450,-64.7908
270,9002,256,104.5911,-64.8661
270,9002,264,104.6859,-65.0162
270,9002,272,104.7258,-65.0771
270,9002,280,104.7546,-65.1195
270,9002,288,104.8386,-65.2334
270,9002,296,104.9119,-65.3206
270,9002,304,104.9547,-65.3661
270,9002,312,105.2304,-65.5618
270,9002,320,105.6500,-65.7345
270,9002,328,105.7250,-65.7691
270,9002,336,105.7700,-65.7883
270,9002,344,105.8822,-65.8291
270,9002,352,106.4166,-65.9979
270,9002,360,107.2300,-66.5651
270,9002,368,107.3012,-66.6308
270,9002,376,107.8489,-67.1168
270,9002,384,107.9059,-67.1676
270,9002,392,107.9450,-67.2010
270,9002,400,107.9956,-67.2398
270,9002,408,108.1355,-67.3242
270,9002,416,108.1674,-67.3385
270,9002,424,108.4128,-67.3785
270,9002,432,109.1717,-67.4345
270,9002,440,109.5602,-67.5834
270,9002,448,109.8701,-67.7166
270,9002,456,110.2608,-67.9035
270,9002,464,110.4000,-67.9708
270,9002,472,110.4689,-67.9972
270,9002,480,111.0100,-68.1356
270,9002,488,111.9250,-68.4903
270,9002,496,111.9883,-68.5219
270,9002,504,112.1327,-68.5891
270,9002,512,112.2648,-68.6370
270,9002,520,112.4904,-68.6760
270,9002,528,112.6050,-68.6801
270,9002,536,112.8600,-68.6485
270,9002,544,112.9450,-68.6296
270,9002,552,113.0279,-68.6046
270,9002,560,113.3775,-68.4473
270,9002,568,113.8801,-68.2757
270,9002,576,114.0258,-68.2521
270,9002,584,114.6782,-68.2107
270,9002,592,116.0907,-68.6365
270,9002,600,116.2778,-68.7207
270,9002,608,116.6396,-68.8534
270,9002,616,117.6643,-69.1088
270,9002,624,118.5966,-69.3645
270,9002,632,118.7776,-69.4047
270,9002,640,119.4260,-69.4506
270,9002,648,120.8995,-69.5656
270,9002,656,122.5302,-69.7519
270,9002,664,122.6814,-69.7615
270,9002,672,123.2200,-69.7127
270,9002,680,123.2573,-69.7069
270,9002,688,123.5215,-69.6472
270,9002,696,124.3762,-69.3783
270,9002,704,124.4432,-69.3610
270,9002,712,124.9111,-69.2112
270,9002,720,124.9706,-69.1905
270,9002,728,125.2118,-69.0974
270,9002,736,125.2852,-69.0655
270,9002,744,125.6198,-68.8894
270,9002,752,125.8386,-68.7607
270,9002,760,125.9450,-68.6968
270,9002,768,125.9716,-68.6802
270,9002,776,126.1762,-68.5346
270,9002,784,126.8318,-68.0446
270,9002,792,128.0726,-67.6626
270,9002,800,130.4107,-68.0434
270,9002,808,131.6427,-68.2950
270,9002,816,131.7988,-68.3179
270,9002,824,132.3975,-68.3053
270,9002,832,133.8452,-68.2166
270,9002,840,136.7103,-68.2772
270,9002,848,142.2530,-68.0606
270,9002,856,150.5312,-67.2854
270,9002,864,168.1680,-65.9194
270,9002,872,188.0214,-65.1096
270,9002,880,214.4847,-64.7104
270,9002,888,246.2926,-64.5916
270,9002,896,312.1071,-64.5626
270,9002,904,416.5523,-64.5610
270,9003,0,0.0000,-65.0000
270,9003,8,0.0699,-64.9855
270,9003,16,0.6811,-64.9173
270,9003,24,5.5147,-64.6276
270,9003,32,14.0905,-64.5433
270,9003,40,22.6664,-64.5540
270,9003,48,36.8228,-64.5609
270,9003,56,100.0000,-64.5618
270,9003,64,100.0090,-64.5607
270,9003,72,100.0924,-64.4335
270,9003,80,100.3488,-63.1768
270,9003,88,100.6952,-61.1098
270,9003,96,100.8180,-60.5203
270,9003,104,100.8989,-60.1879
270,9003,112,100.9676,-59.9420
270,9003,120,101.2000,-59.3238
270,9003,128,101.2792,-59.1871
270,9003,136,101.3624,-59.0795
270,9003,144,101.6602,-58.9545
270,9003,152,101.8616,-59.0695
270,9003,160,101.9101,-59.1156
270,9003,168,102.2851,-59.6656
270,9003,176,102.3256,-59.7449
270,9003,184,102.4767,-60.0504
270,9003,192,103.1341,-61.6166
270,9003,200,103.4418,-62.4340
270,9003,208,103.5688,-62.7710
270,9003,216,103.6974,-63.1029
270,9003,224,103.7699,-63.2809
270,9003,232,104.0900,-63.9773
270,9003,240,104.1477,-64.0908
270,9003,248,104.5450,-64.7908
270,9003,256,104.5911,-64.8661
270,9003,264,104.6859,-65.0162
270,9003,272,104.7258,-65.0771
270,9003,280,104.7546,-65.1195
270,9003,288,104.8386,-65.2334
270,9003,296,104.9119,-65.3206
270,9003,304,104.9547,-65.3661
270,9003,312,105.2304,-65.5618
270,9003,320,105.6500,-65.7345
270,9003,328,105.7250,-65.7691
270,9003,336,105.7700,-65.7883
270,9003,344,105.8822,-65.8291
270,9003,352,106.4166,-65.9979
270,9003,360,107.2300,-66.5651
270,9003,368,107.3012,-66.6308
270,9003,376,107.8489,-67.1168
270,9003,384,107.9059,-67.1676
270,9003,392,107.9450,-67.2010
270,9003,400,107.9956,-67.2398
270,9003,408,108.1355,-67.3242
270,9003,416,108.1674,-67.3385
270,9003,424,108.4128,-67.3785
270,9003,432,109.1717,-67.4345
270,9003,440,109.5602,-67.5834
270,9003,448,109.8701,-67.7166
270,9003,456,110.2608,-67.9035
270,9003,464,110.4000,-67.9708
270,9003,472,110.4689,-67.9972
270,9003,480,111.0100,-68.1356
270,9003,488,111.9250,-68.4903
270,9003,496,111.9883,-68.5219
270,9003,504,112.1327,-68.5891
270,9003,512,112.2648,-68.6370
270,9003,520,112.4904,-68.6760
270,9003,528,112.6050,-68.6801
270,9003,536,112.8600,-68.6485
270,9003,544,112.9450,-68.6296
270,9003,552,113.0279,-68.6046
270,9003,560,113.3775,-68.4473
270,9003,568,113.8801,-68.2757
270,9003,576,114.0258,-68.2521
270,9003,584,114.6782,-68.2107
270,9003,592,116.0907,-68.6365
270,9003,600,116.2778,-68.7207
270,9003,608,116.6396,-68.8534
270,9003,616,117.6643,-69.1088
270,9003,624,118.5966,-69.3645
270,9003,632,118.7776,-69.4047
270,9003,640,119.4260,-69.4506
270,9003,648,120.8995,-69.5656
270,9003,656,122.5302,-69.7519
270,9003,664,122.6814,-69.7615
270,9003,672,123.2200,-69.7127
270,9003,680,123.2573,-69.7069
270,9003,688,123.5215,-69.6472
270,9003,696,124.3762,-69.3783
270,9003,704,124.4432,-69.3610
270,9003,712,124.9111,-69.2112
270,9003,720,124.9706,-69.1905
270,9003,728,125.2118,-69.0974
270,9003,736,125.2852,-69.0655
270,9003,744,125.6198,-68.8894
270,9003,752,125.8386,-68.7607
270,9003,760,125.9450,-68.6968
270,9003,768,125.9716,-68.6802
270,9003,776,126.1762,-68.5346
270,9003,784,126.8318,-68.0446
270,9003,792,128.0726,-67.6626
270,9003,800,130.4107,-68.0434
270,9003,808,131.6427,-68.2950
270,9003,816,131.7988,-68.3179
270,9003,824,132.3975,-68.3053
270,9003,832,133.8452,-68.2166
270,9003,840,136.7103,-68.2772
270,9003,848,142.2530,-68.0606
270,9003,856,150.5312,-67.2854
270,9003,864,168.1680,-65.9194
270,9003,872,188.0214,-65.1096
270,9003,880,214.4847,-64.7104
270,9003,888,246.2926,-64.5916
270,9003,896,312.1071,-64.5626
270,9003,904,416.5523,-64.5610
270,9004,0,0.0000,-65.0000
270,9004,8,0.0699,-64.9855
270,9004,16,0.6811,-64.9173
270,9004,24,5.5147,-64.6276
270,9004,32,14.0905,-64.5433
270,9004,40,22.6664,-64.5540
270,9004,48,36.8228,-64.5609
270,9004,56,100.0000,-64.5618
270,9004,64,100.0090,-64.5607
270,9004,72,100.0924,-64.4335
270,9004,80,100.3488,-63.1768
270,9004,88,100.6952,-61.1098
270,9004,96,100.8180,-60.5203
270,9004,104,100.8989,-60.1879
270,9004,112,100.9676,-59.9420
270,9004,120,101.2000,-59.3238
270,9004,128,101.2792,-59.1871
270,9004,136,101.3624,-59.0795
270,9004,144,101.6602,-58.9545
270,9004,152,101.8616,-59.0695
270,9004,160,101.9101,-59.1156
270,9004,168,102.2851,-59.6656
270,9004,176,102.3256,-59.7449
270,9004,184,102.4767,-60.0504
270,9004,192,103.1341,-61.6166
270,9004,200,103.4418,-62.4340
270,9004,208,103.5688,-62.7710
270,9004,216,103.6974,-63.1029
270,9004,224,103.7699,-63.2809
270,9004,232,104.0900,-63.9773
270,9004,240,104.1477,-64.0908
270,9004,248,104.5450,-64.7908
270,9004,256,104.5911,-64.8661
270,9004,264,104.6859,-65.0162
270,9004,272,104.7258,-65.0771
270,9004,280,104.7546,-65.1195
270,9004,288,104.8386,-65.2334
270,9004,296,104.9119,-65.3206
270,9004,304,104.9547,-65.3661
270,9004,312,105.2304,-65.5618
270,9004,320,105.6500,-65.7345
270,9004,328,105.7250,-65.7691
270,9004,336,105.7700,-65.7883
270,9004,344,105.8822,-65.8291
270,9004,352,106.4166,-65.9979
270,9004,360,107.2300,-66.5651
270,9004,368,107.3012,-66.6308
270,9004,376,107.8489,-67.1168
270,9004,384,107.9059,-67.1676
270,9004,392,107.9450,-67.2010
270,9004,400,107.9956,-67.2398
270,9004,408,108.1355,-67.3242
270,9004,416,108.1674,-67.3385
270,9004,424,108.4128,-67.3785
270,9004,432,109.1717,-67.4345
270,9004,440,109.5602,-67.5834
270,9004,448,109.8701,-67.7166
270,9004,456,110.2608,-67.9035
270,9004,464,110.4000,-67.9708
270,9004,472,110.4689,-67.9972
270,9004,480,111.0100,-68.1356
270,9004,488,111.9250,-68.4903
270,9004,496,111.9883,-68.5219
270,9004,504,112.1327,-68.5891
270,9004,512,112.2648,-68.6370
270,9004,520,112.4904,-68.6760
270,9004,528,112.6050,-68.6801
270,9004,536,112.8600,-68.6485
270,9004,544,112.9450,-68.6296
270,9004,552,113.0279,-68.6046
270,9004,560,113.3775,-68.4473
270,9004,568,113.8801,-68.2757
270,9004,576,114.0258,-68.2521
270,9004,584,114.6782,-68.2107
270,9004,592,116.0907,-68.6365
270,9004,600,116.2778,-68.7207
270,9004,608,116.6396,-68.8534
270,9004,616,117.6643,-69.1088
270,9004,624,118.5966,-69.3645
270,9004,632,118.7776,-69.4047
270,9004,640,119.4260,-69.4506
270,9004,648,120.8995,-69.5656
270,9004,656,122.5302,-69.7519
270,9004,664,122.6814,-69.7615
270,9004,672,123.2200,-69.7127
270,9004,680,123.2573,-69.7069
270,9004,688,123.5215,-69.6472
270,9004,696,124.3762,-69.3783
270,9004,704,124.4432,-69.3610
270,9004,712,124.9111,-69.2112
270,9004,720,124.9706,-69.1905
270,9004,728,125.2118,-69.0974
270,9004,736,125.2852,-69.0655
270,9004,744,125.6198,-68.8894
270,9004,752,125.8386,-68.7607
270,9004,760,125.9450,-68.6968
270,9004,768,125.9716,-68.6802
270,9004,776,126.1762,-68.5346
270,9004,784,126.8318,-68.0446
270,9004,792,128.0726,-67.6626
270,9004,800,130.4107,-68.0434
270,9004,808,131.6427,-68.2950
270,9004,816,131.7988,-68.3179
270,9004,824,132.3975,-68.3053
270,9004,832,133.8452,-68.2166
270,9004,840,136.7103,-68.2772
270,9004,848,142.2530,-68.0606
270,9004,856,150.5312,-67.2854
270,9004,864,168.1680,-65.9194
270,9004,872,188.0214,-65.1096
270,9004,880,214.4847,-64.7104
270,9004,888,246.2926,-64.5916
270,9004,896,312.1071,-64.5626
270,9004,904,416.5523,-64.5610
270,9005,0,0.0000,-65.0000
270,9005,8,0.0699,-64.9855
270,9005,16,0.6811,-64.9173
270,9005,24,5.5147,-64.6276
270,9005,32,14.0905,-64.5433
270,9005,40,22.6664,-64.5540
270,9005,48,36.8228,-64.5609
270,9005,56,100.0000,-64.5618
270,9005,64,100.0090,-64.5607
270,9005,72,100.0924,-64.4335
270,9005,80,100.3488,-63.1768
270,9005,88,100.6952,-61.1098
270,9005,96,100.8180,-60.5203
270,9005,104,100.8989,-60.1879
270,9005,112,100.9676,-59.9420
270,9005,120,101.2000,-59.3238
270,9005,128,101.2792,-59.1871
270,9005,136,101.3624,-59.0795
270,9005,144,101.6602,-58.9545
270,9005,152,101.8616,-59.0695
270,9005,160,101.9101,-59.1156
270,9005,168,102.2851,-59.6656
270,9005,176,102.3256,-59.7449
270,9005,184,102.4767,-60.0504
270,9005,192,103.1341,-61.6166
270,9005,200,103.4418,-62.4340
270,9005,208,103.5688,-62.7710
270,9005,216,103.6974,-63.1029
270,9005,224,103.7699,-63.2809
270,9005,232,104.0900,-63.9773
270,9005,240,104.1477,-64.0908
270,9005,248,104.5450,-64.7908
270,9005,256,104.5911,-64.8661
270,9005,264,104.6859,-65.0162
270,9005,272,104.7258,-65.0771
270,9005,280,104.7546,-65.1195
270,9005,288,104.8386,-65.2334
270,9005,296,104.9119,-65.3206
270,9005,304,104.9547,-65.3661
270,9005,312,105.2304,-65.5618
270,9005,320,105.6500,-65.7345
270,9005,328,105.7250,-65.7691
270,9005,336,105.7700,-65.7883
270,9005,344,105.8822,-65.8291
270,9005,352,106.4166,-65.9979
270,9005,360,107.2300,-66.5651
270,9005,368,107.3012,-66.6308
270,9005,376,107.8489,-67.1168
270,9005,384,107.9059,-67.1676
270,9005,392,107.9450,-67.2010
270,9005,400,107.9956,-67.2398
270,9005,408,108.1355,-67.3242
270,9005,416,108.1674,-67.3385
270,9005,424,108.4128,-67.3785
270,9005,432,109.1717,-67.4345
270,9005,440,109.5602,-67.5834
270,9005,448,109.8701,-67.7166
270,9005,456,110.2608,-67.9035
270,9005,464,110.4000,-67.9708
270,9005,472,110.4689,-67.9972
270,9005,480,111.0100,-68.1356
270,9005,488,111.9250,-68.4903
270,9005,496,111.9883,-68.5219
270,9005,504,112.1327,-68.5891
270,9005,512,112.2648,-68.6370
270,9005,520,112.4904,-68.6760
270,9005,528,112.6050,-68.6801
270,9005,536,112.8600,-68.6485
270,9005,544,112.9450,-68.6296
270,9005,552,113.0279,-68.6046
270,9005,560,113.3775,-68.4473
270,9005,568,113.8801,-68.2757
270,9005,576,114.0258,-68.2521
270,9005,584,114.6782,-68.2107
270,9005,592,116.0907,-68.6365
270,9005,600,116.2778,-68.7207
270,9005,608,116.6396,-68.8534
270,9005,616,117.6643,-69.1088
270,9005,624,118.5966,-69.3645
270,9005,632,118.7776,-69.4047
270,9005,640,119.4260,-69.4506
270,9005,648,120.8995,-69.5656
270,9005,656,122.5302,-69.7519
270,9005,664,122.6814,-69.7615
270,9005,672,123.2200,-69.7127
270,9005,680,123.2573,-69.7069
270,9005,688,123.5215,-69.6472
270,9005,696,124.3762,-69.3783
270,9005,704,124.4432,-69.3610
270,9005,712,124.9111,-69.2112
270,9005,720,124.9706,-69.1905
270,9005,728,125.2118,-69.0974
270,9005,736,125.2852,-69.0655
270,9005,744,125.6198,-68.8894
270,9005,752,125.8386,-68.7607
270,9005,760,125.9450,-68.6968
270,9005,768,125.9716,-68.6802
270,9005,776,126.1762,-68.5346
270,9005,784,126.8318,-68.0446
270,9005,792,128.0726,-67.6626
270,9005,800,130.4107,-68.0434
270,9005,808,131.6427,-68.2950
270,9005,816,131.7988,-68.3179
270,9005,824,132.3975,-68.3053
270,9005,832,133.8452,-68.2166
270,9005,840,136.7103,-68.2772
270,9005,848,142.2530,-68.0606
270,9005,856,150.5312,-67.2854
270,9005,864,168.1680,-65.9194
270,9005,872,188.0214,-65.1096
270,9005,880,214.4847,-64.7104
270,9005,888,246.2926,-64.5916
270,9005,896,312.1071,-64.5626
270,9005,904,416.5523,-64.5610
270,9006,0,0.0000,-65.0000
270,9006,8,0.0699,-64.9855
270,9006,16,0.6811,-64.9173
270,9006,24,5.5147,-64.6276
270,9006,32,14.0905,-64.5433
270,9006,40,22.6664,-64.5540
270,9006,48,36.8228,-64.5609
270,9006,56,100.0000,-64.5618
270,9006,64,100.0090,-64.5607
270,9006,72,100.0924,-64.4335
270,9006,80,100.3488,-63.1768
270,9006,88,100.6952,-61.1098
270,9006,96,100.8180,-60.5203
270,9006,104,100.8989,-60.1879
270,9006,112,100.9676,-59.9420
270,9006,120,101.2000,-59.3238
270,9006,128,101.2792,-59.1871
270,9006,136,101.3624,-59.0795
270,9006,144,101.6602,-58.9545
270,9006,152,101.8616,-59.0695
270,9006,160,101.9101,-59.1156
270,9006,168,102.2851,-59.6656
270,9006,176,102.3256,-59.7449
270,9006,184,102.4767,-60.0504
270,9006,192,103.1341,-61.6166
270,9006,200,103.4418,-62.4340
270,9006,208,103.5688,-62.7710
270,9006,216,103.6974,-63.1029
270,9006,224,103.7699,-63.2809
270,9006,232,104.0900,-63.9773
270,9006,240,104.1477,-64.0908
270,9006,248,104.5450,-64.7908
270,9006,256,104.5911,-64.8661
270,9006,264,104.6859,-65.0162
270,9006,272,104.7258,-65.0771
270,9006,280,104.7546,-65.1195
270,9006,288,104.8386,-65.2334
270,9006,296,104.9119,-65.3206
270,9006,304,104.9547,-65.3661
270,9006,312,105.2304,-65.5618
270,9006,320,105.6500,-65.7345
270,9006,328,105.7250,-65.7691
270,9006,336,105.7700,-65.7883
270,9006,344,105.8822,-65.8291
270,9006,352,106.4166,-65.9979
270,9006,360,107.2300,-66.5651
270,9006,368,107.3012,-66.6308
270,9006,376,107.8489,-67.1168
270,9006,384,107.9059,-67.1676
270,9006,392,107.9450,-67.2010
270,9006,400,107.9956,-67.2398
270,9006,408,108.1355,-67.3242
270,9006,416,108.1674,-67.3385
270,9006,424,108.4128,-67.3785
270,9006,432,109.1717,-67.4345
270,9006,440,109.5602,-67.5834
270,9006,448,109.8701,-67.7166
270,9006,456,110.2608,-67.9035
270,9006,464,110.4000,-67.9708
270,9006,472,110.4689,-67.9972
270,9006,480,111.0100,-68.1356
270,9006,488,111.9250,-68.4903
270,9006,496,111.9883,-68.5219
270,9006,504,112.1327,-68.5891
270,9006,512,112.2648,-68.6370
270,9006,520,112.4904,-68.6760
270,9006,528,112.6050,-68.6801
270,9006,536,112.8600,-68.6485
270,9006,544,112.9450,-68.6296
270,9006,552,113.0279,-68.6046
270,9006,560,113.3775,-68.4473
270,9006,568,113.8801,-68.2757
270,9006,576,114.0258,-68.2521
270,9006,584,114.6782,-68.2107
270,9006,592,116.0907,-68.6365
270,9006,600,116.2778,-68.7207
270,9006,608,116.6396,-68.8534
270,9006,616,117.6643,-69.1088
270,9006,624,118.5966,-69.3645
270,9006,632,118.7776,-69.4047
270,9006,640,119.4260,-69.4506
270,9006,648,120.8995,-69.5656
270,9006,656,122.5302,-69.7519
270,9006,664,122.6814,-69.7615
270,9006,672,123.2200,-69.7127
270,9006,680,123.2573,-69.7069
270,9006,688,123.5215,-69.6472
270,9006,696,124.3762,-69.3783
270,9006,704,124.4432,-69.3610
270,9006,712,124.9111,-69.2112
270,9006,720,124.9706,-69.1905
270,9006,728,125.2118,-69.0974
270,9006,736,125.2852,-69.0655
270,9006,744,125.6198,-68.8894
270,9006,752,125.8386,-68.7607
270,9006,760,125.9450,-68.6968
270,9006,768,125.9716,-68.6802
270,9006,776,126.1762,-68.5346
270,9006,784,126.8318,-68.0446
270,9006,792,128.0726,-67.6626
270,9006,800,130.4107,-68.0434
270,9006,808,131.6427,-68.2950
270,9006,816,131.7988,-68.3179
270,9006,824,132.3975,-68.3053
270,9006,832,133.8452,-68.2166
270,9006,840,136.7103,-68.2772
270,9006,848,142.2530,-68.0606
270,9006,856,150.5312,-67.2854
270,9006,864,168.1680,-65.9194
270,9006,872,188.0214,-65.1096
270,9006,880,214.4847,-64.7104
270,9006,888,246.2926,-64.5916
270,9006,896,312.1071,-64.5626
270,9006,904,416.5523,-64.5610
270,9007,0,0.0000,-65.0000
270,9007,8,0.0699,-64.9855
270,9007,16,0.6811,-64.9173
270,9007,24,5.5147,-64.6276
270,9007,32,14.0905,-64.5433
270,9007,40,22.6664,-64.5540
270,9007,48,36.8228,-64.5609
270,9007,56,100.0000,-64.5618
270,9007,64,100.0090,-64.5607
270,9007,72,100.0924,-64.4335
270,9007,80,100.3488,-63.1768
270,9007,88,100.6952,-61.1098
270,9007,96,100.8180,-60.5203
270,9007,104,100.8989,-60.1879
270,9007,112,100.9676,-59.9420
270,9007,120,101.2000,-59.3238
270,9007,128,101.2792,-59.1871
270,9007,136,101.3624,-59.0795
270,9007,144,101.6602,-58.9545
270,9007,152,101.8616,-59.0695
270,9007,160,101.9101,-59.1156
270,9007,168,102.2851,-59.6656
270,9007,176,102.3256,-59.7449
270,9007,184,102.4767,-60.0504
270,9007,192,103.1341,-61.6166
270,9007,200,103.4418,-62.4340
270,9007,208,103.5688,-62.7710
270,9007,216,103.6974,-63.1029
270,9007,224,103.7699,-63.2809
270,9007,232,104.0900,-63.9773
270,9007,240,104.1477,-64.0908
270,9007,248,104.5450,-64.7908
270,9007,256,104.5911,-64.8661
270,9007,264,104.6859,-65.0162
270,9007,272,104.7258,-65.0771
270,9007,280,104.7546,-65.1195
270,9007,288,104.8386,-65.2334
270,9007,296,104.9119,-65.3206
270,9007,304,104.9547,-65.3661
270,9007,312,105.2304,-65.5618
270,9007,320,105.6500,-65.7345
270,9007,328,105.7250,-65.7691
270,9007,336,105.7700,-65.7883
270,9007,344,105.8822,-65.8291
270,9007,352,106.4166,-65.9979
270,9007,360,107.2300,-66.5651
270,9007,368,107.3012,-66.6308
270,9007,376,107.8489,-67.1168
270,9007,384,107.9059,-67.1676
270,9007,392,107.9450,-67.2010
270,9007,400,107.9956,-67.2398
270,9007,408,108.1355,-67.3242
270,9007,416,108.1674,-67.3385
270,9007,424,108.4128,-67.3785
270,9007,432,109.1717,-67.4345
270,9007,440,109.5602,-67.5834
270,9007,448,109.8701,-67.7166
270,9007,456,110.2608,-67.9035
270,9007,464,110.4000,-67.9708
270,9007,472,110.4689,-67.9972
270,9007,480,111.0100,-68.1356
270,9007,488,111.9250,-68.4903
270,9007,496,111.9883,-68.5219
270,9007,504,112.1327,-68.5891
270,9007,512,112.2648,-68.6370
270,9007,520,112.4904,-68.6760
270,9007,528,112.6050,-68.6801
270,9007,536,112.8600,-68.6485
270,9007,544,112.9450,-68.6296
270,9007,552,113.0279,-68.6046
270,9007,560,113.3775,-68.4473
270,9007,568,113.8801,-68.2757
270,9007,576,114.0258,-68.2521
270,9007,584,114.6782,-68.2107
270,9007,592,116.0907,-68.6365
270,9007,600,116.2778,-68.7207
270,9007,608,116.6396,-68.8534
270,9007,616,117.6643,-69.1088
270,9007,624,118.5966,-69.3645
270,9007,632,118.7776,-69.4047
270,9007,640,119.4260,-69.4506
270,9007,648,120.8995,-69.5656
270,9007,656,122.5302,-69.7519
270,9007,664,122.6814,-69.7615
270,9007,672,123.2200,-69.7127
270,9007,680,123.2573,-69.7069
270,9007,688,123.5215,-69.6472
270,9007,696,124.3762,-69.3783
270,9007,704,124.4432,-69.3610
270,9007,712,124.9111,-69.2112
270,9007,720,124.9706,-69.1905
270,9007,728,125.2118,-69.0974
270,9007,736,125.2852,-69.0655
270,9007,744,125.6198,-68.8894
270,9007,752,125.8386,-68.7607
270,9007,760,125.9450,-68.6968
270,9007,768,125.9716,-68.6802
270,9007,776,126.1762,-68.5346
270,9007,784,126.8318,-68.0446
270,9007,792,128.0726,-67.6626
270,9007,800,130.4107,-68.0434
270,9007,808,131.6427,-68.2950
270,9007,816,131.7988,-68.3179
270,9007,824,132.3975,-68.3053
270,9007,832,133.8452,-68.2166
270,9007,840,136.7103,-68.2772
270,9007,848,142.2530,-68.0606
270,9007,856,150.5312,-67.2854
270,9007,864,168.1680,-65.9194
270,9007,872,188.0214,-65.1096
270,9007,880,214.4847,-64.7104
270,9007,888,246.2926,-64.5916
270,9007,896,312.1071,-64.5626
270,9007,904,416.5523,-64.5610
270,9008,0,0.0000,-65.0000
270,9008,8,0.0699,-64.9855
270,9008,16,0.6811,-64.9173
270,9008,24,5.5147,-64.6276
270,9008,32,14.0905,-64.5433
270,9008,40,22.6664,-64.5540
270,9008,48,36.8228,-64.5609
270,9008,56,100.0000,-64.5618
270,9008,64,100.0090,-64.5607
270,9008,72,100.0924,-64.4335
270,9008,80,100.3488,-63.1768
270,9008,88,100.6952,-61.1098
270,9008,96,100.8180,-60.5203
270,9008,104,100.8989,-60.1879
270,9008,112,100.9676,-59.9420
270,9008,120,101.2000,-59.3238
270,9008,128,101.2792,-59.1871
270,9008,136,101.3624,-59.0795
270,9008,144,101.6602,-58.9545
270,9008,152,101.8616,-59.0695
270,9008,160,101.9101,-59.1156
270,9008,168,102.2851,-59.6656
270,9008,176,102.3256,-59.7449
270,9008,184,102.4767,-60.0504
270,9008,192,103.1341,-61.6166
270,9008,200,103.4418,-62.4340
270,9008,208,103.5688,-62.7710
270,9008,216,103.6974,-63.1029
270,9008,224,103.7699,-63.2809
270,9008,232,104.0900,-63.9773
270,9008,240,104.1477,-64.0908
270,9008,248,104.5450,-64.7908
270,9008,256,104.5911,-64.8661
270,9008,264,104.6859,-65.0162
270,9008,272,104.7258,-65.0771
270,9008,280,104.7546,-65.1195
270,9008,288,104.8386,-65.2334
270,9008,296,104.9119,-65.3206
270,9008,304,104.9547,-65.3661
270,9008,312,105.2304,-65.5618
270,9008,320,105.6500,-65.7345
270,9008,328,105.7250,-65.7691
270,9008,336,105.7700,-65.7883
270,9008,344,105.8822,-65.8291
270,9008,352,106.4166,-65.9979
270,9008,360,107.2300,-66.5651
270,9008,368,107.3012,-66.6308
270,9008,376,107.8489,-67.1168
270,9008,384,107.9059,-67.1676
270,9008,392,107.9450,-67.2010
270,9008,400,107.9956,-67.2398
270,9008,408,108.1355,-67.3242
270,9008,416,108.1674,-67.3385
270,9008,424,108.4128,-67.3785
270,9008,432,109.1717,-67.4345
270,9008,440,109.5602,-67.5834
270,9008,448,109.8701,-67.7166
270,9008,456,110.2608,-67.9035
270,9008,464,110.4000,-67.9708
270,9008,472,110.4689,-67.9972
270,9008,480,111.0100,-68.1356
270,9008,488,111.9250,-68.4903
270,9008,496,111.9883,-68.5219
270,9008,504,112.1327,-68.5891
270,9008,512,112.2648,-68.6370
270,9008,520,112.4904,-68.6760
270,9008,528,112.6050,-68.6801
270,9008,536,112.8600,-68.6485
270,9008,544,112.9450,-68.6296
270,9008,552,113.0279,-68.6046
270,9008,560,113.3775,-68.4473
270,9008,568,113.8801,-68.2757
270,9008,576,114.0258,-68.2521
270,9008,584,114.6782,-68.2107
270,9008,592,116.0907,-68.6365
270,9008,600,116.2778,-68.7207
270,9008,608,116.6396,-68.8534
270,9008,616,117.6643,-69.1088
270,9008,624,118.5966,-69.3645
270,9008,632,118.7776,-69.4047
270,9008,640,119.4260,-69.4506
270,9008,648,120.8995,-69.5656
270,9008,656,122.5302,-69.7519
270,9008,664,122.6814,-69.7615
270,9008,672,123.2200,-69.7127
270,9008,680,123.2573,-69.7069
270,9008,688,123.5215,-69.6472
270,9008,696,124.3762,-69.3783
270,9008,704,124.4432,-69.3610
270,9008,712,124.9111,-69.2112
270,9008,720,124.9706,-69.1905
270,9008,728,125.2118,-69.0974
270,9008,736,125.2852,-69.0655
270,9008,744,125.6198,-68.8894
270,9008,752,125.8386,-68.7607
270,9008,760,125.9450,-68.6968
270,9008,768,125.9716,-68.6802
270,9008,776,126.1762,-68.5346
270,9008,784,126.8318,-68.0446
270,9008,792,128.0726,-67.6626
270,9008,800,130.4107,-68.0434
270,9008,808,131.6427,-68.2950
270,9008,816,131.7988,-68.3179
270,9008,824,132.3975,-68.3053
270,9008,832,133.8452,-68.2166
270,9008,840,136.7103,-68.2772
270,9008,848,142.2530,-68.0606
270,9008,856,150.5312,-67.2854
270,9008,864,168.1680,-65.9194
270,9008,872,188.0214,-65.1096
270,9008,880,214.4847,-64.7104
270,9008,888,246.2926,-64.5916
270,9008,896,312.1071,-64.5626
270,9008,904,416.5523,-64.5610
270,9009,0,0.0000,-65.0000
270,9009,8,0.0699,-64.9855
270,9009,16,0.6811,-64.9173
270,9009,24,5.5147,-64.6276
270,9009,32,14.0905,-64.5433
270,9009,40,22.6664,-64.5540
270,9009,48,36.8228,-64.5609
270,9009,56,100.0000,-64.5618
270,9009,64,100.0090,-64.5607
270,9009,72,100.0924,-64.4335
270,9009,80,100.3488,-63.1768
270,9009,88,100.6952,-61.1098
270,9009,96,100.8180,-60.5203
270,9009,104,100.8989,-60.1879
270,9009,112,100.9676,-59.9420
270,9009,120,101.2000,-59.3238
270,9009,128,101.2792,-59.1871
270,9009,136,101.3624,-59.0795
270,9009,144,101.6602,-58.9545
270,9009,152,101.8616,-59.0695
270,9009,160,101.9101,-59.1156
270,9009,168,102.2851,-59.6656
270,9009,176,102.3256,-59.7449
270,9009,184,102.4767,-60.0504
270,9009,192,103.1341,-61.6166
270,9009,200,103.4418,-62.4340
270,9009,208,103.5688,-62.7710
270,9009,216,103.6974,-63.1029
270,9009,224,103.7699,-63.2809
270,9009,232,104.0900,-63.9773
270,9009,240,104.1477,-64.0908
270,9009,248,104.5450,-64.7908
270,9009,256,104.5911,-64.8661
270,9009,264,104.6859,-65.0162
270,9009,272,104.7258,-65.0771
270,9009,280,104.7546,-65.1195
270,9009,288,104.8386,-65.2334
270,9009,296,104.9119,-65.3206
270,9009,304,104.9547,-65.3661
270,9009,312,105.2304,-65.5618
270,9009,320,105.6500,-65.7345
270,9009,328,105.7250,-65.7691
270,9009,336,105.7700,-65.7883
270,9009,344,105.8822,-65.8291
270,9009,352,106.4166,-65.9979
270,9009,360,107.2300,-66.5651
270,9009,368,107.3012,-66.6308
270,9009,376,107.8489,-67.1168
270,9009,384,107.9059,-67.1676
270,9009,392,107.9450,-67.2010
270,9009,400,107.9956,-67.2398
270,9009,408,108.1355,-67.3242
270,9009,416,108.1674,-67.3385
270,9009,424,108.4128,-67.3785
270,9009,432,109.1717,-67.4345
270,9009,440,109.5602,-67.5834
270,9009,448,109.8701,-67.7166
270,9009,456,110.2608,-67.9035
270,9009,464,110.4000,-67.9708
270,9009,472,110.4689,-67.9972
270,9009,480,111.0100,-68.1356
270,9009,488,111.9250,-68.4903
270,9009,496,111.9883,-68.5219
270,9009,504,112.1327,-68.5891
270,9009,512,112.2648,-68.6370
270,9009,520,112.4904,-68.6760
270,9009,528,112.6050,-68.6801
270,9009,536,112.8600,-68.6485
270,9009,544,112.9450,-68.6296
270,9009,552,113.0279,-68.6046
270,9009,560,113.3775,-68.4473
270,9009,568,113.8801,-68.2757
270,9009,576,114.0258,-68.2521
270,9009,584,114.6782,-68.2107
270,9009,592,116.0907,-68.6365
270,9009,600,116.2778,-68.7207
270,9009,608,116.6396,-68.8534
270,9009,616,117.6643,-69.1088
270,9009,624,118.5966,-69.3645
270,9009,632,118.7776,-69.4047
270,9009,640,119.4260,-69.4506
270,9009,648,120.8995,-69.5656
270,9009,656,122.5302,-69.7519
270,9009,664,122.6814,-69.7615
270,9009,672,123.2200,-69.7127
270,9009,680,123.2573,-69.7069
270,9009,688,123.5215,-69.6472
270,9009,696,124.3762,-69.3783
270,9009,704,124.4432,-69.3610
270,9009,712,124.9111,-69.2112
270,9009,720,124.9706,-69.1905
270,9009,728,125.2118,-69.0974
270,9009,736,125.2852,-69.0655
270,9009,744,125.6198,-68.8894
270,9009,752,125.8386,-68.7607
270,9009,760,125.9450,-68.6968
270,9009,768,125.9716,-68.6802
270,9009,776,126.1762,-68.5346
270,9009,784,126.8318,-68.0446
270,9009,792,128.0726,-67.6626
270,9009,800,130.4107,-68.0434
270,9009,808,131.6427,-68.2950
270,9009,816,131.7988,-68.3179
270,9009,824,132.3975,-68.3053
270,9009,832,133.8452,-68.2166
270,9009,840,136.7103,-68.2772
270,9009,848,142.2530,-68.0606
270,9009,856,150.5312,-67.2854
270,9009,864,168.1680,-65.9194
270,9009,872,188.0214,-65.1096
270,9009,880,214.4847,-64.7104
270,9009,888,246.2926,-64.5916
270,9009,896,312.1071,-64.5626
270,9009,904,416.5523,-64.5610
270,9010,0,0.0000,-65.0000
270,9010,8,0.0699,-64.9855
270,9010,16,0.6811,-64.9173
270,9010,24,5.5147,-64.6276
270,9010,32,14.0905,-64.5433
270,9010,40,22.6664,-64.5540
270,9010,48,36.8228,-64.5609
270,9010,56,100.0000,-64.5618
270,9010,64,100.0090,-64.5607
270,9010,72,100.0924,-64.4335
270,9010,80,100.3488,-63.1768
270,9010,88,100.6952,-61.1098
270,9010,96,100.8180,-60.5203
270,9010,104,100.8989,-60.1879
270,9010,112,100.9676,-59.9420
270,9010,120,101.2000,-59.3238
270,9010,128,101.2792,-59.1871
270,9010,136,101.3624,-59.0795
270,9010,144,101.6602,-58.9545
270,9010,152,101.8616,-59.0695
270,9010,160,101.9101,-59.1156
270,9010,168,102.2851,-59.6656
270,9010,176,102.3256,-59.7449
270,9010,184,102.4767,-60.0504
270,9010,192,103.1341,-61.6166
270,9010,200,103.4418,-62.4340
270,9010,208,103.5688,-62.7710
270,9010,216,103.6974,-63.1029
270,9010,224,103.7699,-63.2809
270,9010,232,104.0900,-63.9773
270,9010,240,104.1477,-64.0908
270,9010,248,104.5450,-64.7908
270,9010,256,104.5911,-64.8661
270,9010,264,104.6859,-65.0162
270,9010,272,104.7258,-65.0771
270,9010,280,104.7546,-65.1195
270,9010,288,104.8386,-65.2334
270,9010,296,104.9119,-65.3206
270,9010,304,104.9547,-65.3661
270,9010,312,105.2304,-65.5618
270,9010,320,105.6500,-65.7345
270,9010,328,105.7250,-65.7691
270,9010,336,105.7700,-65.7883
270,9010,344,105.8822,-65.8291
270,9010,352,106.4166,-65.9979
270,9010,360,107.2300,-66.5651
270,9010,368,107.3012,-66.6308
270,9010,376,107.8489,-67.1168
270,9010,384,107.9059,-67.1676
270,9010,392,107.9450,-67.2010
270,9010,400,107.9956,-67.2398
270,9010,408,108.1355,-67.3242
270,9010,416,108.1674,-67.3385
270,9010,424,108.4128,-67.3785
270,9010,432,109.1717,-67.4345
270,9010,440,109.5602,-67.5834
270,9010,448,109.8701,-67.7166
270,9010,456,110.2608,-67.9035
270,9010,464,110.4000,-67.9708
270,9010,472,110.4689,-67.9972
270,9010,480,111.0100,-68.1356
270,9010,488,111.9250,-68.4903
270,9010,496,111.9883,-68.5219
270,9010,504,112.1327,-68.5891
270,9010,512,112.2648,-68.6370
270,9010,520,112.4904,-68.6760
270,9010,528,112.6050,-68.6801
270,9010,536,112.8600,-68.6485
270,9010,544,112.9450,-68.6296
270,9010,552,113.0279,-68.6046
270,9010,560,113.3775,-68.4473
270,9010,568,113.8801,-68.2757
270,9010,576,114.0258,-68.2521
270,9010,584,114.6782,-68.2107
270,9010,592,116.0907,-68.6365
270,9010,600,116.2778,-68.7207
270,9010,608,116.6396,-68.8534
270,9010,616,117.6643,-69.1088
270,9010,624,118.5966,-69.3645
270,9010,632,118.7776,-69.4047
270,9010,640,119.4260,-69.4506
270,9010,648,120.8995,-69.5656
270,9010,656,122.5302,-69.7519
270,9010,664,122.6814,-69.7615
270,9010,672,123.2200,-69.7127
270,9010,680,123.2573,-69.7069
270,9010,688,123.5215,-69.6472
270,9010,696,124.3762,-69.3783
270,9010,704,124.4432,-69.3610
270,9010,712,124.9111,-69.2112
270,9010,720,124.9706,-69.1905
270,9010,728,125.2118,-69.0974
270,9010,736,125.2852,-69.0655
270,9010,744,125.6198,-68.8894
270,9010,752,125.8386,-68.7607
270,9010,760,125.9450,-68.6968
270,9010,768,125.9716,-68.6802
270,9010,776,126.1762,-68.5346
270,9010,784,126.8318,-68.0446
270,9010,792,128.0726,-67.6626
270,9010,800,130.4107,-68.0434
270,9010,808,131.6427,-68.2950
270,9010,816,131.7988,-68.3179
270,9010,824,132.3975,-68.3053
270,9010,832,133.8452,-68.2166
270,9010,840,136.7103,-68.2772
270,9010,848,142.2530,-68.0606
270,9010,856,150.5312,-67.2854
270,9010,864,168.1680,-65.9194
270,9010,872,188.0214,-65.1096
270,9010,880,214.4847,-64.7104
270,9010,888,246.2926,-64.5916
270,9010,896,312.1071,-64.5626
270,9010,904,416.5523,-64.5610
300,10001,0,0.0000,-65.0000
300,10001,8,0.0699,-64.9855
300,10001,16,0.6811,-64.9173
300,10001,24,5.5147,-64.6276
300,10001,32,14.0905,-64.5433
300,10001,40,22.6664,-64.5540
300,10001,48,36.8228,-64.5609
300,10001,56,100.0000,-64.5618
300,10001,64,100.0318,-64.5503
300,10001,72,100.0521,-64.5290
300,10001,80,100.1097,-64.4190
300,10001,88,100.3160,-63.6284
300,10001,96,100.8207,-61.2803
300,10001,104,101.0043,-60.6815
300,10001,112,101.2914,-60.0778
300,10001,120,101.3289,-60.0284
300,10001,128,101.3433,-60.0107
300,10001,136,101.4259,-59.9191
300,10001,144,101.5603,-59.8073
300,10001,152,101.6512,-59.7508
300,10001,160,102.1220,-59.7540
300,10001,168,102.1568,-59.7759
300,10001,176,102.1907,-59.7974
300,10001,184,102.4545,-59.9843
300,10001,192,102.5241,-60.0453
300,10001,200,102.6666,-60.1841
300,10001,208,102.8251,-60.3603
300,10001,216,102.9216,-60.4730
300,10001,224,102.9917,-60.5529
300,10001,232,103.1411,-60.7216
300,10001,240,103.2714,-60.8708
300,10001,248,103.4056,-61.0247
300,10001,256,103.5294,-61.1676
300,10001,264,103.8297,-61.5087
300,10001,272,103.9772,-61.6865
300,10001,280,104.1041,-61.8406
300,10001,288,104.1385,-61.8821
300,10001,296,104.2862,-62.0508
300,10001,304,104.3713,-62.1425
300,10001,312,104.4464,-62.2188
300,10001,320,104.5533,-62.3196
300,10001,328,104.8418,-62.5556
300,10001,336,105.3851,-63.0337
300,10001,344,105.5039,-63.1599
300,10001,352,105.5719,-63.2325
300,10001,360,105.7106,-63.3667
300,10001,368,105.7751,-63.4227
300,10001,376,105.8311,-63.4647
300,10001,384,106.1126,-63.6276
300,10001,392,106.2658,-63.6973
300,10001,400,106.3673,-63.7411
300,10001,408,106.5920,-63.8379
300,10001,416,106.9236,-64.0053
300,10001,424,107.1947,-64.1606
300,10001,432,107.3042,-64.2291
300,10001,440,107.3889,-64.2807
300,10001,448,107.8428,-64.5257
300,10001,456,108.7070,-65.1920
300,10001,464,108.7750,-65.2579
300,10001,472,109.2032,-65.6561
300,10001,480,109.2637,-65.7098
300,10001,488,109.3996,-65.8234
300,10001,496,109.7788,-66.0719
300,10001,504,110.0630,-66.2308
300,10001,512,110.1218,-66.2624
300,10001,520,110.3172,-66.3477
300,10001,528,110.3421,-66.3561
300,10001,536,110.5485,-66.3791
300,10001,544,110.9594,-66.2924
300,10001,552,111.0400,-66.2714
300,10001,560,111.1365,-66.2431
300,10001,568,111.1940,-66.2247
300,10001,576,111.3920,-66.1404
300,10001,584,111.6121,-66.0346
300,10001,592,111.8771,-65.9188
300,10001,600,112.4931,-65.7955
300,10001,608,112.5744,-65.7990
300,10001,616,113.0899,-65.8570
300,10001,624,113.5368,-66.0130
300,10001,632,113.7334,-66.0965
300,10001,640,114.3854,-66.3804
300,10001,648,114.4735,-66.4246
300,10001,656,114.5839,-66.4774
300,10001,664,114.8547,-66.5781
300,10001,672,115.1814,-66.6600
300,10001,680,115.2216,-66.6689
300,10001,688,115.3536,-66.6850
300,10001,696,115.6788,-66.6727
300,10001,704,115.7813,-66.6632
300,10001,712,116.3863,-66.5862
300,10001,720,117.8232,-66.9181
300,10001,728,117.8656,-66.9368
300,10001,736,118.2363,-67.0623
300,10001,744,118.3565,-67.0973
300,10001,752,118.4019,-67.1096
300,10001,760,118.5322,-67.1339
300,10001,768,118.9221,-67.1316
300,10001,776,118.9992,-67.1233
300,10001,784,119.4920,-67.0166
300,10001,792,120.5850,-67.0082
300,10001,800,121.0651,-67.1261
300,10001,808,121.3808,-67.2034
300,10001,816,122.3688,-67.3737
300,10001,824,122.5154,-67.4055
300,10001,832,122.9212,-67.4644
300,10001,840,123.7440,-67.5243
300,10001,848,123.8087,-67.5310
300,10001,856,124.2520,-67.5400
300,10001,864,125.3814,-67.5471
300,10001,872,127.9474,-67.9643
300,10001,880,127.9755,-67.9690
300,10001,888,128.2025,-67.9941
300,10001,896,128.7267,-67.9713
300,10001,904,128.7613,-67.9681
300,10001,912,129.0445,-67.9216
300,10001,920,129.7130,-67.7378
300,10001,928,129.7708,-67.7228
300,10001,936,130.0903,-67.6231
300,10001,944,131.1001,-67.3126
300,10001,952,132.8687,-67.2420
300,10001,960,136.1365,-67.5242
300,10001,968,142.6445,-67.3911
300,10001,976,150.1213,-66.7766
300,10001,984,157.5982,-66.2094
300,10001,992,167.8190,-65.6146
300,10001,1000,180.8124,-65.1431
300,10001,1008,197.3961,-64.8218
300,10001,1016,222.9232,-64.6339
300,10001,1024,282.0105,-64.5648
300,10001,1032,390.9460,-64.5611
300,10002,0,0.0000,-65.0000
300,10002,8,0.0699,-64.9855
300,10002,16,0.6811,-64.9173
300,10002,24,5.5147,-64.6276
300,10002,32,14.0905,-64.5433
300,10002,40,22.6664,-64.5540
300,10002,48,36.8228,-64.5609
300,10002,56,100.0000,-64.5618
300,10002,64,100.0318,-64.5503
300,10002,72,100.0521,-64.5290
300,10002,80,100.1097,-64.4190
300,10002,88,100.3160,-63.6284
300,10002,96,100.8207,-61.2803
300,10002,104,101.0043,-60.6815
300,10002,112,101.2914,-60.0778
300,10002,120,101.3289,-60.0284
300,10002,128,101.3433,-60.0107
300,10002,136,101.4259,-59.9191
300,10002,144,101.5603,-59.8073
300,10002,152,101.6512,-59.7508
300,10002,160,102.1220,-59.7540
300,10002,168,102.1568,-59.7759
300,10002,176,102.1907,-59.7974
300,10002,184,102.4545,-59.9843
300,10002,192,102.5241,-60.0453
300,10002,200,102.6666,-60.1841
300,10002,208,102.8251,-60.3603
300,10002,216,102.9216,-60.4730
300,10002,224,102.9917,-60.5529
300,10002,232,103.1411,-60.7216
300,10002,240,103.2714,-60.8708
300,10002,248,103.4056,-61.0247
300,10002,256,103.5294,-61.1676
300,10002,264,103.8297,-61.5087
300,10002,272,103.9772,-61.6865
300,10002,280,104.1041,-61.8406
300,10002,288,104.1385,-61.8821
300,10002,296,104.2862,-62.0508
300,10002,304,104.3713,-62.1425
300,10002,312,104.4464,-62.2188
300,10002,320,104.5533,-62.3196
300,10002,328,104.8418,-62.5556
300,10002,336,105.3851,-63.0337
300,10002,344,105.5039,-63.1599
300,10002,352,105.5719,-63.2325
300,10002,360,105.7106,-63.3667
300,10002,368,105.7751,-63.4227
300,10002,376,105.8311,-63.4647
300,10002,384,106.1126,-63.6276
300,10002,392,106.2658,-63.6973
300,10002,400,106.3673,-63.7411
300,10002,408,106.5920,-63.8379
300,10002,416,106.9236,-64.0053
300,10002,424,107.1947,-64.1606
300,10002,432,107.3042,-64.2291
300,10002,440,107.3889,-64.2807
300,10002,448,107.8428,-64.5257
300,10002,456,108.7070,-65.1920
300,10002,464,108.7750,-65.2579
300,10002,472,109.2032,-65.6561
300,10002,480,109.2637,-65.7098
300,10002,488,109.3996,-65.8234
300,10002,496,109.7788,-66.0719
300,10002,504,110.0630,-66.2308
300,10002,512,110.1218,-66.2624
300,10002,520,110.3172,-66.3477
300,10002,528,110.3421,-66.3561
300,10002,536,110.5485,-66.3791
300,10002,544,110.9594,-66.2924
300,10002,552,111.0400,-66.2714
300,10002,560,111.1365,-66.2431
300,10002,568,111.1940,-66.2247
300,10002,576,111.3920,-66.1404
300,10002,584,111.6121,-66.0346
300,10002,592,111.8771,-65.9188
300,10002,600,112.4931,-65.7955
300,10002,608,112.5744,-65.7990
300,10002,616,113.0899,-65.8570
300,10002,624,113.5368,-66.0130
300,10002,632,113.7334,-66.0965
300,10002,640,114.3854,-66.3804
300,10002,648,114.4735,-66.4246
300,10002,656,114.5839,-66.4774
300,10002,664,114.8547,-66.5781
300,10002,672,115.1814,-66.6600
300,10002,680,115.2216,-66.6689
300,10002,688,115.3536,-66.6850
300,10002,696,115.6788,-66.6727
300,10002,704,115.7813,-66.6632
300,10002,712,116.3863,-66.5862
300,10002,720,117.8232,-66.9181
300,10002,728,117.8656,-66.9368
300,10002,736,118.2363,-67.0623
300,10002,744,118.3565,-67.0973
300,10002,752,118.4019,-67.1096
300,10002,760,118.5322,-67.1339
300,10002,768,118.9221,-67.1316
300,10002,776,118.9992,-67.1233
300,10002,784,119.4920,-67.0166
300,10002,792,120.5850,-67.0082
300,10002,800,121.0651,-67.1261
300,10002,808,121.3808,-67.2034
300,10002,816,122.3688,-67.3737
300,10002,824,122.5154,-67.4055
300,10002,832,122.9212,-67.4644
300,10002,840,123.7440,-67.5243
300,10002,848,123.8087,-67.5310
300,10002,856,124.2520,-67.5400
300,10002,864,125.3814,-67.5471
300,10002,872,127.9474,-67.9643
300,10002,880,127.9755,-67.9690
300,10002,888,128.2025,-67.9941
300,10002,896,128.7267,-67.9713
300,10002,904,128.7613,-67.9681
300,10002,912,129.0445,-67.9216
300,10002,920,129.7130,-67.7378
300,10002,928,129.7708,-67.7228
300,10002,936,130.0903,-67.6231
300,10002,944,131.1001,-67.3126
300,10002,952,132.8687,-67.2420
300,10002,960,136.1365,-67.5242
300,10002,968,142.6445,-67.3911
300,10002,976,150.1213,-66.7766
300,10002,984,157.5982,-66.2094
300,10002,992,167.8190,-65.6146
300,10002,1000,180.8124,-65.1431
300,10002,1008,197.3961,-64.8218
300,10002,1016,222.9232,-64.6339
300,10002,1024,282.0105,-64.5648
300,10002,1032,390.9460,-64.5611
300,10003,0,0.0000,-65.0000
300,10003,8,0.0699,-64.9855
300,10003,16,0.6811,-64.9173
300,10003,24,5.5147,-64.6276
300,10003,32,14.0905,-64.5433
300,10003,40,22.6664,-64.5540
300,10003,48,36.8228,-64.5609
300,10003,56,100.0000,-64.5618
300,10003,64,100.0318,-64.5503
300,10003,72,100.0521,-64.5290
300,10003,80,100.1097,-64.4190
300,10003,88,100.3160,-63.6284
300,10003,96,100.8207,-61.2803
300,10003,104,101.0043,-60.6815
300,10003,112,101.2914,-60.0778
300,10003,120,101.3289,-60.0284
300,10003,128,101.3433,-60.0107
300,10003,136,101.4259,-59.9191
300,10003,144,101.5603,-59.8073
300,10003,152,101.6512,-59.7508
300,10003,160,102.1220,-59.7540
300,10003,168,102.1568,-59.7759
300,10003,176,102.1907,-59.7974
300,10003,184,102.4545,-59.9843
300,10003,192,102.5241,-60.0453
300,10003,200,102.6666,-60.1841
300,10003,208,102.8251,-60.3603
300,10003,216,102.9216,-60.4730
300,10003,224,102.9917,-60.5529
300,10003,232,103.1411,-60.7216
300,10003,240,103.2714,-60.8708
300,10003,248,103.4056,-61.0247
300,10003,256,103.5294,-61.1676
300,10003,264,103.8297,-61.5087
300,10003,272,103.9772,-61.6865
300,10003,280,104.1041,-61.8406
300,10003,288,104.1385,-61.8821
300,10003,296,104.2862,-62.0508
300,10003,304,104.3713,-62.1425
300,10003,312,104.4464,-62.2188
300,10003,320,104.5533,-62.3196
300,10003,328,104.8418,-62.5556
300,10003,336,105.3851,-63.0337
300,10003,344,105.5039,-63.1599
300,10003,352,105.5719,-63.2325
300,10003,360,105.7106,-63.3667
300,10003,368,105.7751,-63.4227
300,10003,376,105.8311,-63.4647
300,10003,384,106.1126,-63.6276
300,10003,392,106.2658,-63.6973
300,10003,400,106.3673,-63.7411
300,10003,408,106.5920,-63.8379
300,10003,416,106.9236,-64.0053
300,10003,424,107.1947,-64.1606
300,10003,432,107.3042,-64.2291
300,10003,440,107.3889,-64.2807
300,10003,448,107.8428,-64.5257
300,10003,456,108.7070,-65.1920
300,10003,464,108.7750,-65.2579
300,10003,472,109.2032,-65.6561
300,10003,480,109.2637,-65.7098
300,10003,488,109.3996,-65.8234
300,10003,496,109.7788,-66.0719
300,10003,504,110.0630,-66.2308
300,10003,512,110.1218,-66.2624
300,10003,520,110.3172,-66.3477
300,10003,528,110.3421,-66.3561
300,10003,536,110.5485,-66.3791
300,10003,544,110.9594,-66.2924
300,10003,552,111.0400,-66.2714
300,10003,560,111.1365,-66.2431
300,10003,568,111.1940,-66.2247
300,10003,576,111.3920,-66.1404
300,10003,584,111.6121,-66.0346
300,10003,592,111.8771,-65.9188
300,10003,600,112.4931,-65.7955
300,10003,608,112.5744,-65.7990
300,10003,616,113.0899,-65.8570
300,10003,624,113.5368,-66.0130
300,10003,632,113.7334,-66.0965
300,10003,640,114.3854,-66.3804
300,10003,648,114.4735,-66.4246
300,10003,656,114.5839,-66.4774
300,10003,664,114.8547,-66.5781
300,10003,672,115.1814,-66.6600
300,10003,680,115.2216,-66.6689
300,10003,688,115.3536,-66.6850
300,10003,696,115.6788,-66.6727
300,10003,704,115.7813,-66.6632
300,10003,712,116.3863,-66.5862
300,10003,720,117.8232,-66.9181
300,10003,728,117.8656,-66.9368
300,10003,736,118.2363,-67.0623
300,10003,744,118.3565,-67.0973
300,10003,752,118.4019,-67.1096
300,10003,760,118.5322,-67.1339
300,10003,768,118.9221,-67.1316
300,10003,776,118.9992,-67.1233
300,10003,784,119.4920,-67.0166
300,10003,792,120.5850,-67.0082
300,10003,800,121.0651,-67.1261
300,10003,808,121.3808,-67.2034
300,10003,816,122.3688,-67.3737
300,10003,824,122.5154,-67.4055
300,10003,832,122.9212,-67.4644
300,10003,840,123.7440,-67.5243
300,10003,848,123.8087,-67.5310
300,10003,856,124.2520,-67.5400
300,10003,864,125.3814,-67.5471
300,10003,872,127.9474,-67.9643
300,10003,880,127.9755,-67.9690
300,10003,888,128.2025,-67.9941
300,10003,896,128.7267,-67.9713
300,10003,904,128.7613,-67.9681
300,10003,912,129.0445,-67.9216
300,10003,920,129.7130,-67.7378
300,10003,928,129.7708,-67.7228
300,10003,936,130.0903,-67.6231
300,10003,944,131.1001,-67.3126
300,10003,952,132.8687,-67.2420
300,10003,960,136.1365,-67.5242
300,10003,968,142.6445,-67.3911
300,10003,976,150.1213,-66.7766
300,10003,984,157.5982,-66.2094
300,10003,992,167.8190,-65.6146
300,10003,1000,180.8124,-65.1431
300,10003,1008,197.3961,-64.8218
300,10003,1016,222.9232,-64.6339
300,10003,1024,282.0105,-64.5648
300,10003,1032,390.9460,-64.5611
300,10004,0,0.0000,-65.0000
300,10004,8,0.0699,-64.9855
300,10004,16,0.6811,-64.9173
300,10004,24,5.5147,-64.6276
300,10004,32,14.0905,-64.5433
300,10004,40,22.6664,-64.5540
300,10004,48,36.8228,-64.5609
300,10004,56,100.0000,-64.5618
300,10004,64,100.0318,-64.5503
300,10004,72,100.0521,-64.5290
300,10004,80,100.1097,-64.4190
300,10004,88,100.3160,-63.6284
300,10004,96,100.8207,-61.2803
300,10004,104,101.0043,-60.6815
300,10004,112,101.2914,-60.0778
300,10004,120,101.3289,-60.0284
300,10004,128,101.3433,-60.0107
300,10004,136,101.4259,-59.9191
300,10004,144,101.5603,-59.8073
300,10004,152,101.6512,-59.7508
300,10004,160,102.1220,-59.7540
300,10004,168,102.1568,-59.7759
300,10004,176,102.1907,-59.7974
300,10004,184,102.4545,-59.9843
300,10004,192,102.5241,-60.0453
300,10004,200,102.6666,-60.1841
300,10004,208,102.8251,-60.3603
300,10004,216,102.9216,-60.4730
300,10004,224,102.9917,-60.5529
300,10004,232,103.1411,-60.7216
300,10004,240,103.2714,-60.8708
300,10004,248,103.4056,-61.0247
300,10004,256,103.5294,-61.1676
300,10004,264,103.8297,-61.5087
300,10004,272,103.9772,-61.6865
300,10004,280,104.1041,-61.8406
300,10004,288,104.1385,-61.8821
300,10004,296,104.2862,-62.0508
300,10004,304,104.3713,-62.1425
300,10004,312,104.4464,-62.2188
300,10004,320,104.5533,-62.3196
300,10004,328,104.8418,-62.5556
300,10004,336,105.3851,-63.0337
300,10004,344,105.5039,-63.1599
300,10004,352,105.5719,-63.2325
300,10004,360,105.7106,-63.3667
300,10004,368,105.7751,-63.4227
300,10004,376,105.8311,-63.4647
300,10004,384,106.1126,-63.6276
300,10004,392,106.2658,-63.6973
300,10004,400,106.3673,-63.7411
300,10004,408,106.5920,-63.8379
300,10004,416,106.9236,-64.0053
300,10004,424,107.1947,-64.1606
300,10004,432,107.3042,-64.2291
300,10004,440,107.3889,-64.2807
300,10004,448,107.8428,-64.5257
300,10004,456,108.7070,-65.1920
300,10004,464,108.7750,-65.2579
300,10004,472,109.2032,-65.6561
300,10004,480,109.2637,-65.7098
300,10004,488,109.3996,-65.8234
300,10004,496,109.7788,-66.0719
300,10004,504,110.0630,-66.2308
300,10004,512,110.1218,-66.2624
300,10004,520,110.3172,-66.3477
300,10004,528,110.3421,-66.3561
300,10004,536,110.5485,-66.3791
300,10004,544,110.9594,-66.2924
300,10004,552,111.0400,-66.2714
300,10004,560,111.1365,-66.2431
300,10004,568,111.1940,-66.2247
300,10004,576,111.3920,-66.1404
300,10004,584,111.6121,-66.0346
300,10004,592,111.8771,-65.9188
300,10004,600,112.4931,-65.7955
300,10004,608,112.5744,-65.7990
300,10004,616,113.0899,-65.8570
300,10004,624,113.5368,-66.0130
300,10004,632,113.7334,-66.0965
300,10004,640,114.3854,-66.3804
300,10004,648,114.4735,-66.4246
300,10004,656,114.5839,-66.4774
300,10004,664,114.8547,-66.5781
300,10004,672,115.1814,-66.6600
300,10004,680,115.2216,-66.6689
300,10004,688,115.3536,-66.6850
300,10004,696,115.6788,-66.6727
300,10004,704,115.7813,-66.6632
300,10004,712,116.3863,-66.5862
300,10004,720,117.8232,-66.9181
300,10004,728,117.8656,-66.9368
300,10004,736,118.2363,-67.0623
300,10004,744,118.3565,-67.0973
300,10004,752,118.4019,-67.1096
300,10004,760,118.5322,-67.1339
300,10004,768,118.9221,-67.1316
300,10004,776,118.9992,-67.1233
300,10004,784,119.4920,-67.0166
300,10004,792,120.5850,-67.0082
300,10004,800,121.0651,-67.1261
300,10004,808,121.3808,-67.2034
300,10004,816,122.3688,-67.3737
300,10004,824,122.5154,-67.4055
300,10004,832,122.9212,-67.4644
300,10004,840,123.7440,-67.5243
300,10004,848,123.8087,-67.5310
300,10004,856,124.2520,-67.5400
300,10004,864,125.3814,-67.5471
300,10004,872,127.9474,-67.9643
300,10004,880,127.9755,-67.9690
300,10004,888,128.2025,-67.9941
300,10004,896,128.7267,-67.9713
300,10004,904,128.7613,-67.9681
300,10004,912,129.0445,-67.9216
300,10004,920,129.7130,-67.7378
300,10004,928,129.7708,-67.7228
300,10004,936,130.0903,-67.6231
300,10004,944,131.1001,-67.3126
300,10004,952,132.8687,-67.2420
300,10004,960,136.1365,-67.5242
300,10004,968,142.6445,-67.3911
300,10004,976,150.1213,-66.7766
300,10004,984,157.5982,-66.2094
300,10004,992,167.8190,-65.6146
300,10004,1000,180.8124,-65.1431
300,10004,1008,197.3961,-64.8218
300,10004,1016,222.9232,-64.6339
300,10004,1024,282.0105,-64.5648
300,10004,1032,390.9460,-64.5611
300,10005,0,0.0000,-65.0000
300,10005,8,0.0699,-64.9855
300,10005,16,0.6811,-64.9173
300,10005,24,5.5147,-64.6276
300,10005,32,14.0905,-64.5433
300,10005,40,22.6664,-64.5540
300,10005,48,36.8228,-64.5609
300,10005,56,100.0000,-64.5618
300,10005,64,100.0318,-64.5503
300,10005,72,100.0521,-64.5290
300,10005,80,100.1097,-64.4190
300,10005,88,100.3160,-63.6284
300,10005,96,100.8207,-61.2803
300,10005,104,101.0043,-60.6815
300,10005,112,101.2914,-60.0778
300,10005,120,101.3289,-60.0284
300,10005,128,101.3433,-60.0107
300,10005,136,101.4259,-59.9191
300,10005,144,101.5603,-59.8073
300,10005,152,101.6512,-59.7508
300,10005,160,102.1220,-59.7540
300,10005,168,102.1568,-59.7759
300,10005,176,102.1907,-59.7974
300,10005,184,102.4545,-59.9843
300,10005,192,102.5241,-60.0453
300,10005,200,102.6666,-60.1841
300,10005,208,102.8251,-60.3603
300,10005,216,102.9216,-60.4730
300,10005,224,102.9917,-60.5529
300,10005,232,103.1411,-60.7216
300,10005,240,103.2714,-60.8708
300,10005,248,103.4056,-61.0247
300,10005,256,103.5294,-61.1676
300,10005,264,103.8297,-61.5087
300,10005,272,103.9772,-61.6865
300,10005,280,104.1041,-61.8406
300,10005,288,104.1385,-61.8821
300,10005,296,104.2862,-62.0508
300,10005,304,104.3713,-62.1425
300,10005,312,104.4464,-62.2188
300,10005,320,104.5533,-62.3196
300,10005,328,104.8418,-62.5556
300,10005,336,105.3851,-63.0337
300,10005,344,105.5039,-63.1599
300,10005,352,105.5719,-63.2325
300,10005,360,105.7106,-63.3667
300,10005,368,105.7751,-63.4227
300,10005,376,105.8311,-63.4647
300,10005,384,106.1126,-63.6276
300,10005,392,106.2658,-63.6973
300,10005,400,106.3673,-63.7411
300,10005,408,106.5920,-63.8379
300,10005,416,106.9236,-64.0053
300,10005,424,107.1947,-64.1606
300,10005,432,107.3042,-64.2291
300,10005,440,107.3889,-64.2807
300,10005,448,107.8428,-64.5257
300,10005,456,108.7070,-65.1920
300,10005,464,108.7750,-65.2579
300,10005,472,109.2032,-65.6561
300,10005,480,109.2637,-65.7098
300,10005,488,109.3996,-65.8234
300,10005,496,109.7788,-66.0719
300,10005,504,110.0630,-66.2308
300,10005,512,110.1218,-66.2624
300,10005,520,110.3172,-66.3477
300,10005,528,110.3421,-66.3561
300,10005,536,110.5485,-66.3791
300,10005,544,110.9594,-66.2924
300,10005,552,111.0400,-66.2714
300,10005,560,111.1365,-66.2431
300,10005,568,111.1940,-66.2247
300,10005,576,111.3920,-66.1404
300,10005,584,111.6121,-66.0346
300,10005,592,111.8771,-65.9188
300,10005,600,112.4931,-65.7955
300,10005,608,112.5744,-65.7990
300,10005,616,113.0899,-65.8570
300,10005,624,113.5368,-66.0130
300,10005,632,113.7334,-66.0965
300,10005,640,114.3854,-66.3804
300,10005,648,114.4735,-66.4246
300,10005,656,114.5839,-66.4774
300,10005,664,114.8547,-66.5781
300,10005,672,115.1814,-66.6600
300,10005,680,115.2216,-66.6689
300,10005,688,115.3536,-66.6850
300,10005,696,115.6788,-66.6727
300,10005,704,115.7813,-66.6632
300,10005,712,116.3863,-66.5862
300,10005,720,117.8232,-66.9181
300,10005,728,117.8656,-66.9368
300,10005,736,118.2363,-67.0623
300,10005,744,118.3565,-67.0973
300,10005,752,118.4019,-67.1096
300,10005,760,118.5322,-67.1339
300,10005,768,118.9221,-67.1316
300,10005,776,118.9992,-67.1233
300,10005,784,119.4920,-67.0166
300,10005,792,120.5850,-67.0082
300,10005,800,121.0651,-67.1261
300,10005,808,121.3808,-67.2034
300,10005,816,122.3688,-67.3737
300,10005,824,122.5154,-67.4055
300,10005,832,122.9212,-67.4644
300,10005,840,123.7440,-67.5243
300,10005,848,123.8087,-67.5310
300,10005,856,124.2520,-67.5400
300,10005,864,125.3814,-67.5471
300,10005,872,127.9474,-67.9643
300,10005,880,127.9755,-67.9690
300,10005,888,128.2025,-67.9941
300,10005,896,128.7267,-67.9713
300,10005,904,128.7613,-67.9681
300,10005,912,129.0445,-67.9216
300,10005,920,129.7130,-67.7378
300,10005,928,129.7708,-67.7228
300,10005,936,130.0903,-67.6231
300,10005,944,131.1001,-67.3126
300,10005,952,132.8687,-67.2420
300,10005,960,136.1365,-67.5242
300,10005,968,142.6445,-67.3911
300,10005,976,150.1213,-66.7766
300,10005,984,157.5982,-66.2094
300,10005,992,167.8190,-65.6146
300,10005,1000,180.8124,-65.1431
300,10005,1008,197.3961,-64.8218
300,10005,1016,222.9232,-64.6339
300,10005,1024,282.0105,-64.5648
300,10005,1032,390.9460,-64.5611
300,10006,0,0.0000,-65.0000
300,10006,8,0.0699,-64.9855
300,10006,16,0.6811,-64.9173
300,10006,24,5.5147,-64.6276
300,10006,32,14.0905,-64.5433
300,10006,40,22.6664,-64.5540
300,10006,48,36.8228,-64.5609
300,10006,56,100.0000,-64.5618
300,10006,64,100.0318,-64.5503
300,10006,72,100.0521,-64.5290
300,10006,80,100.1097,-64.4190
300,10006,88,100.3160,-63.6284
300,10006,96,100.8207,-61.2803
300,10006,104,101.0043,-60.6815
300,10006,112,101.2914,-60.0778
300,10006,120,101.3289,-60.0284
300,10006,128,101.3433,-60.0107
300,10006,136,101.4259,-59.9191
300,10006,144,101.5603,-59.8073
300,10006,152,101.6512,-59.7508
300,10006,160,102.1220,-59.7540
300,10006,168,102.1568,-59.7759
300,10006,176,102.1907,-59.7974
300,10006,184,102.4545,-59.9843
300,10006,192,102.5241,-60.0453
300,10006,200,102.6666,-60.1841
300,10006,208,102.8251,-60.3603
300,10006,216,102.9216,-60.4730
300,10006,224,102.9917,-60.5529
300,10006,232,103.1411,-60.7216
300,10006,240,103.2714,-60.8708
300,10006,248,103.4056,-61.0247
300,10006,256,103.5294,-61.1676
300,10006,264,103.8297,-61.5087
300,10006,272,103.9772,-61.6865
300,10006,280,104.1041,-61.8406
300,10006,288,104.1385,-61.8821
300,10006,296,104.2862,-62.0508
300,10006,304,104.3713,-62.1425
300,10006,312,104.4464,-62.2188
300,10006,320,104.5533,-62.3196
300,10006,328,104.8418,-62.5556
300,10006,336,105.3851,-63.0337
300,10006,344,105.5039,-63.1599
300,10006,352,105.5719,-63.2325
300,10006,360,105.7106,-63.3667
300,10006,368,105.7751,-63.4227
300,10006,376,105.8311,-63.4647
300,10006,384,106.1126,-63.6276
300,10006,392,106.2658,-63.6973
300,10006,400,106.3673,-63.7411
300,10006,408,106.5920,-63.8379
300,10006,416,106.9236,-64.0053
300,10006,424,107.1947,-64.1606
300,10006,432,107.3042,-64.2291
300,10006,440,107.3889,-64.2807
300,10006,448,107.8428,-64.5257
300,10006,456,108.7070,-65.1920
300,10006,464,108.7750,-65.2579
300,10006,472,109.2032,-65.6561
300,10006,480,109.2637,-65.7098
300,10006,488,109.3996,-65.8234
300,10006,496,109.7788,-66.0719
300,10006,504,110.0630,-66.2308
300,10006,512,110.1218,-66.2624
300,10006,520,110.3172,-66.3477
300,10006,528,110.3421,-66.3561
300,10006,536,110.5485,-66.3791
300,10006,544,110.9594,-66.2924
300,10006,552,111.0400,-66.2714
300,10006,560,111.1365,-66.2431
300,10006,568,111.1940,-66.2247
300,10006,576,111.3920,-66.1404
300,10006,584,111.6121,-66.0346
300,10006,592,111.8771,-65.9188
300,10006,600,112.4931,-65.7955
300,10006,608,112.5744,-65.7990
300,10006,616,113.0899,-65.8570
300,10006,624,113.5368,-66.0130
300,10006,632,113.7334,-66.0965
300,10006,640,114.3854,-66.3804
300,10006,648,114.4735,-66.4246
300,10006,656,114.5839,-66.4774
300,10006,664,114.8547,-66.5781
300,10006,672,115.1814,-66.6600
300,10006,680,115.2216,-66.6689
300,10006,688,115.3536,-66.6850
300,10006,696,115.6788,-66.6727
300,10006,704,115.7813,-66.6632
300,10006,712,116.3863,-66.5862
300,10006,720,117.8232,-66.9181
300,10006,728,117.8656,-66.9368
300,10006,736,118.2363,-67.0623
300,10006,744,118.3565,-67.0973
300,10006,752,118.4019,-67.1096
300,10006,760,118.5322,-67.1339
300,10006,768,118.9221,-67.1316
300,10006,776,118.9992,-67.1233
300,10006,784,119.4920,-67.0166
300,10006,792,120.5850,-67.0082
300,10006,800,121.0651,-67.1261
300,10006,808,121.3808,-67.2034
300,10006,816,122.3688,-67.3737
300,10006,824,122.5154,-67.4055
300,10006,832,122.9212,-67.4644
300,10006,840,123.7440,-67.5243
300,10006,848,123.8087,-67.5310
300,10006,856,124.2520,-67.5400
300,10006,864,125.3814,-67.5471
300,10006,872,127.9474,-67.9643
300,10006,880,127.9755,-67.9690
300,10006,888,128.2025,-67.9941
300,10006,896,128.7267,-67.9713
300,10006,904,128.7613,-67.9681
300,10006,912,129.0445,-67.9216
300,10006,920,129.7130,-67.7378
300,10006,928,129.7708,-67.7228
300,10006,936,130.0903,-67.6231
300,10006,944,131.1001,-67.3126
300,10006,952,132.8687,-67.2420
300,10006,960,136.1365,-67.5242
300,10006,968,142.6445,-67.3911
300,10006,976,150.1213,-66.7766
300,10006,984,157.5982,-66.2094
300,10006,992,167.8190,-65.6146
300,10006,1000,180.8124,-65.1431
300,10006,1008,197.3961,-64.8218
300,10006,1016,222.9232,-64.6339
300,10006,1024,282.0105,-64.5648
300,10006,1032,390.9460,-64.5611
300,10007,0,0.0000,-65.0000
300,10007,8,0.0699,-64.9855
300,10007,16,0.6811,-64.9173
300,10007,24,5.5147,-64.6276
300,10007,32,14.0905,-64.5433
300,10007,40,22.6664,-64.5540
300,10007,48,36.8228,-64.5609
300,10007,56,100.0000,-64.5618
300,10007,64,100.0318,-64.5503
300,10007,72,100.0521,-64.5290
300,10007,80,100.1097,-64.4190
300,10007,88,100.3160,-63.6284
300,10007,96,100.8207,-61.2803
300,10007,104,101.0043,-60.6815
300,10007,112,101.2914,-60.0778
300,10007,120,101.3289,-60.0284
300,10007,128,101.3433,-60.0107
300,10007,136,101.4259,-59.9191
300,10007,144,101.5603,-59.8073
300,10007,152,101.6512,-59.7508
300,10007,160,102.1220,-59.7540
300,10007,168,102.1568,-59.7759
300,10007,176,102.1907,-59.7974
300,10007,184,102.4545,-59.9843
300,10007,192,102.5241,-60.0453
300,10007,200,102.6666,-60.1841
300,10007,208,102.8251,-60.3603
300,10007,216,102.9216,-60.4730
300,10007,224,102.9917,-60.5529
300,10007,232,103.1411,-60.7216
300,10007,240,103.2714,-60.8708
300,10007,248,103.4056,-61.0247
300,10007,256,103.5294,-61.1676
300,10007,264,103.8297,-61.5087
300,10007,272,103.9772,-61.6865
300,10007,280,104.1041,-61.8406
300,10007,288,104.1385,-61.8821
300,10007,296,104.2862,-62.0508
300,10007,304,104.3713,-62.1425
300,10007,312,104.4464,-62.2188
300,10007,320,104.5533,-62.3196
300,10007,328,104.8418,-62.5556
300,10007,336,105.3851,-63.0337
300,10007,344,105.5039,-63.1599
300,10007,352,105.5719,-63.2325
300,10007,360,105.7106,-63.3667
300,10007,368,105.7751,-63.4227
300,10007,376,105.8311,-63.4647
300,10007,384,106.1126,-63.6276
300,10007,392,106.2658,-63.6973
300,10007,400,106.3673,-63.7411
300,10007,408,106.5920,-63.8379
300,10007,416,106.9236,-64.0053
300,10007,424,107.1947,-64.1606
300,10007,432,107.3042,-64.2291
300,10007,440,107.3889,-64.2807
300,10007,448,107.8428,-64.5257
300,10007,456,108.7070,-65.1920
300,10007,464,108.7750,-65.2579
300,10007,472,109.2032,-65.6561
300,10007,480,109.2637,-65.7098
300,10007,488,109.3996,-65.8234
300,10007,496,109.7788,-66.0719
300,10007,504,110.0630,-66.2308
300,10007,512,110.1218,-66.2624
300,10007,520,110.3172,-66.3477
300,10007,528,110.3421,-66.3561
300,10007,536,110.5485,-66.3791
300,10007,544,110.9594,-66.2924
300,10007,552,111.0400,-66.2714
300,10007,560,111.1365,-66.2431
300,10007,568,111.1940,-66.2247
300,10007,576,111.3920,-66.1404
300,10007,584,111.6121,-66.0346
300,10007,592,111.8771,-65.9188
300,10007,600,112.4931,-65.7955
300,10007,608,112.5744,-65.7990
300,10007,616,113.0899,-65.8570
300,10007,624,113.5368,-66.0130
300,10007,632,113.7334,-66.0965
300,10007,640,114.3854,-66.3804
300,10007,648,114.4735,-66.4246
300,10007,656,114.5839,-66.4774
300,10007,664,114.8547,-66.5781
300,10007,672,115.1814,-66.6600
300,10007,680,115.2216,-66.6689
300,10007,688,115.3536,-66.6850
300,10007,696,115.6788,-66.6727
300,10007,704,115.7813,-66.6632
300,10007,712,116.3863,-66.5862
300,10007,720,117.8232,-66.9181
300,10007,728,117.8656,-66.9368
300,10007,736,118.2363,-67.0623
300,10007,744,118.3565,-67.0973
300,10007,752,118.4019,-67.1096
300,10007,760,118.5322,-67.1339
300,10007,768,118.9221,-67.1316
300,10007,776,118.9992,-67.1233
300,10007,784,119.4920,-67.0166
300,10007,792,120.5850,-67.0082
300,10007,800,121.0651,-67.1261
300,10007,808,121.3808,-67.2034
300,10007,816,122.3688,-67.3737
300,10007,824,122.5154,-67.4055
300,10007,832,122.9212,-67.4644
300,10007,840,123.7440,-67.5243
300,10007,848,123.8087,-67.5310
300,10007,856,124.2520,-67.5400
300,10007,864,125.3814,-67.5471
300,10007,872,127.9474,-67.9643
300,10007,880,127.9755,-67.9690
300,10007,888,128.2025,-67.9941
300,10007,896,128.7267,-67.9713
300,10007,904,128.7613,-67.9681
300,10007,912,129.0445,-67.9216
300,10007,920,129.7130,-67.7378
300,10007,928,129.7708,-67.7228
300,10007,936,130.0903,-67.6231
300,10007,944,131.1001,-67.3126
300,10007,952,132.8687,-67.2420
300,10007,960,136.1365,-67.5242
300,10007,968,142.6445,-67.3911
300,10007,976,150.1213,-66.7766
300,10007,984,157.5982,-66.2094
300,10007,992,167.8190,-65.6146
300,10007,1000,180.8124,-65.1431
300,10007,1008,197.3961,-64.8218
300,10007,1016,222.9232,-64.6339
300,10007,1024,282.0105,-64.5648
300,10007,1032,390.9460,-64.5611
300,10008,0,0.0000,-65.0000
300,10008,8,0.0699,-64.9855
300,10008,16,0.6811,-64.9173
300,10008,24,5.5147,-64.6276
300,10008,32,14.0905,-64.5433
300,10008,40,22.6664,-64.5540
300,10008,48,36.8228,-64.5609
300,10008,56,100.0000,-64.5618
300,10008,64,100.0318,-64.5503
300,10008,72,100.0521,-64.5290
300,10008,80,100.1097,-64.4190
300,10008,88,100.3160,-63.6284
300,10008,96,100.8207,-61.2803
300,10008,104,101.0043,-60.6815
300,10008,112,101.2914,-60.0778
300,10008,120,101.3289,-60.0284
300,10008,128,101.3433,-60.0107
300,10008,136,101.4259,-59.9191
300,10008,144,101.5603,-59.8073
300,10008,152,101.6512,-59.7508
300,10008,160,102.1220,-59.7540
300,10008,168,102.1568,-59.7759
300,10008,176,102.1907,-59.7974
300,10008,184,102.4545,-59.9843
300,10008,192,102.5241,-60.0453
300,10008,200,102.6666,-60.1841
300,10008,208,102.8251,-60.3603
300,10008,216,102.9216,-60.4730
300,10008,224,102.9917,-60.5529
300,10008,232,103.1411,-60.7216
300,10008,240,103.2714,-60.8708
300,10008,248,103.4056,-61.0247
300,10008,256,103.5294,-61.1676
300,10008,264,103.8297,-61.5087
300,10008,272,103.9772,-61.6865
300,10008,280,104.1041,-61.8406
300,10008,288,104.1385,-61.8821
300,10008,296,104.2862,-62.0508
300,10008,304,104.3713,-62.1425
300,10008,312,104.4464,-62.2188
300,10008,320,104.5533,-62.3196
300,10008,328,104.8418,-62.5556
300,10008,336,105.3851,-63.0337
300,10008,344,105.5039,-63.1599
300,10008,352,105.5719,-63.2325
300,10008,360,105.7106,-63.3667
300,10008,368,105.7751,-63.4227
300,10008,376,105.8311,-63.4647
300,10008,384,106.1126,-63.6276
300,10008,392,106.2658,-63.6973
300,10008,400,106.3673,-63.7411
300,10008,408,106.5920,-63.8379
300,10008,416,106.9236,-64.0053
300,10008,424,107.1947,-64.1606
300,10008,432,107.3042,-64.2291
300,10008,440,107.3889,-64.2807
300,10008,448,107.8428,-64.5257
300,10008,456,108.7070,-65.1920
300,10008,464,108.7750,-65.2579
300,10008,472,109.2032,-65.6561
300,10008,480,109.2637,-65.7098
300,10008,488,109.3996,-65.8234
300,10008,496,109.7788,-66.0719
300,10008,504,110.0630,-66.2308
300,10008,512,110.1218,-66.2624
300,10008,520,110.3172,-66.3477
300,10008,528,110.3421,-66.3561
300,10008,536,110.5485,-66.3791
300,10008,544,110.9594,-66.2924
300,10008,552,111.0400,-66.2714
300,10008,560,111.1365,-66.2431
300,10008,568,111.1940,-66.2247
300,10008,576,111.3920,-66.1404
300,10008,584,111.6121,-66.0346
300,10008,592,111.8771,-65.9188
300,10008,600,112.4931,-65.7955
300,10008,608,112.5744,-65.7990
300,10008,616,113.0899,-65.8570
300,10008,624,113.5368,-66.0130
300,10008,632,113.7334,-66.0965
300,10008,640,114.3854,-66.3804
300,10008,648,114.4735,-66.4246
300,10008,656,114.5839,-66.4774
300,10008,664,114.8547,-66.5781
300,10008,672,115.1814,-66.6600
300,10008,680,115.2216,-66.6689
300,10008,688,115.3536,-66.6850
300,10008,696,115.6788,-66.6727
300,10008,704,115.7813,-66.6632
300,10008,712,116.3863,-66.5862
300,10008,720,117.8232,-66.9181
300,10008,728,117.8656,-66.9368
300,10008,736,118.2363,-67.0623
300,10008,744,118.3565,-67.0973
300,10008,752,118.4019,-67.1096
300,10008,760,118.5322,-67.1339
300,10008,768,118.9221,-67.1316
300,10008,776,118.9992,-67.1233
300,10008,784,119.4920,-67.0166
300,10008,792,120.5850,-67.0082
300,10008,800,121.0651,-67.1261
300,10008,808,121.3808,-67.2034
300,10008,816,122.3688,-67.3737
300,10008,824,122.5154,-67.4055
300,10008,832,122.9212,-67.4644
300,10008,840,123.7440,-67.5243
300,10008,848,123.8087,-67.5310
300,10008,856,124.2520,-67.5400
300,10008,864,125.3814,-67.5471
300,10008,872,127.9474,-67.9643
300,10008,880,127.9755,-67.9690
300,10008,888,128.2025,-67.9941
300,10008,896,128.7267,-67.9713
300,10008,904,128.7613,-67.9681
300,10008,912,129.0445,-67.9216
300,10008,920,129.7130,-67.7378
300,10008,928,129.7708,-67.7228
300,10008,936,130.0903,-67.6231
300,10008,944,131.1001,-67.3126
300,10008,952,132.8687,-67.2420
300,10008,960,136.1365,-67.5242
300,10008,968,142.6445,-67.3911
300,10008,976,150.1213,-66.7766
300,10008,984,157.5982,-66.2094
300,10008,992,167.8190,-65.6146
300,10008,1000,180.8124,-65.1431
300,10008,1008,197.3961,-64.8218
300,10008,1016,222.9232,-64.6339
300,10008,1024,282.0105,-64.5648
300,10008,1032,390.9460,-64.5611
300,10009,0,0.0000,-65.0000
300,10009,8,0.0699,-64.9855
300,10009,16,0.6811,-64.9173
300,10009,24,5.5147,-64.6276
300,10009,32,14.0905,-64.5433
300,10009,40,22.6664,-64.5540
300,10009,48,36.8228,-64.5609
300,10009,56,100.0000,-64.5618
300,10009,64,100.0318,-64.5503
300,10009,72,100.0521,-64.5290
300,10009,80,100.1097,-64.4190
300,10009,88,100.3160,-63.6284
300,10009,96,100.8207,-61.2803
300,10009,104,101.0043,-60.6815
300,10009,112,101.2914,-60.0778
300,10009,120,101.3289,-60.0284
300,10009,128,101.3433,-60.0107
300,10009,136,101.4259,-59.9191
300,10009,144,101.5603,-59.8073
300,10009,152,101.6512,-59.7508
300,10009,160,102.1220,-59.7540
300,10009,168,102.1568,-59.7759
300,10009,176,102.1907,-59.7974
300,10009,184,102.4545,-59.9843
300,10009,192,102.5241,-60.0453
300,10009,200,102.6666,-60.1841
300,10009,208,102.8251,-60.3603
300,10009,216,102.9216,-60.4730
300,10009,224,102.9917,-60.5529
300,10009,232,103.1411,-60.7216
300,10009,240,103.2714,-60.8708
300,10009,248,103.4056,-61.0247
300,10009,256,103.5294,-61.1676
300,10009,264,103.8297,-61.5087
300,10009,272,103.9772,-61.6865
300,10009,280,104.1041,-61.8406
300,10009,288,104.1385,-61.8821
300,10009,296,104.2862,-62.0508
300,10009,304,104.3713,-62.1425
300,10009,312,104.4464,-62.2188
300,10009,320,104.5533,-62.3196
300,10009,328,104.8418,-62.5556
300,10009,336,105.3851,-63.0337
300,10009,344,105.5039,-63.1599
300,10009,352,105.5719,-63.2325
300,10009,360,105.7106,-63.3667
300,10009,368,105.7751,-63.4227
300,10009,376,105.8311,-63.4647
300,10009,384,106.1126,-63.6276
300,10009,392,106.2658,-63.6973
300,10009,400,106.3673,-63.7411
300,10009,408,106.5920,-63.8379
300,10009,416,106.9236,-64.0053
300,10009,424,107.1947,-64.1606
300,10009,432,107.3042,-64.2291
300,10009,440,107.3889,-64.2807
300,10009,448,107.8428,-64.5257
300,10009,456,108.7070,-65.1920
300,10009,464,108.7750,-65.2579
300,10009,472,109.2032,-65.6561
300,10009,480,109.2637,-65.7098
300,10009,488,109.3996,-65.8234
300,10009,496,109.7788,-66.0719
300,10009,504,110.0630,-66.2308
300,10009,512,110.1218,-66.2624
300,10009,520,110.3172,-66.3477
300,10009,528,110.3421,-66.3561
300,10009,536,110.5485,-66.3791
300,10009,544,110.9594,-66.2924
300,10009,552,111.0400,-66.2714
300,10009,560,111.1365,-66.2431
300,10009,568,111.1940,-66.2247
300,10009,576,111.3920,-66.1404
300,10009,584,111.6121,-66.0346
300,10009,592,111.8771,-65.9188
300,10009,600,112.4931,-65.7955
300,10009,608,112.5744,-65.7990
300,10009,616,113.0899,-65.8570
300,10009,624,113.5368,-66.0130
300,10009,632,113.7334,-66.0965
300,10009,640,114.3854,-66.3804
300,10009,648,114.4735,-66.4246
300,10009,656,114.5839,-66.4774
300,10009,664,114.8547,-66.5781
300,10009,672,115.1814,-66.6600
300,10009,680,115.2216,-66.6689
300,10009,688,115.3536,-66.6850
300,10009,696,115.6788,-66.6727
300,10009,704,115.7813,-66.6632
300,10009,712,116.3863,-66.5862
300,10009,720,117.8232,-66.9181
300,10009,728,117.8656,-66.9368
300,10009,736,118.2363,-67.0623
300,10009,744,118.3565,-67.0973
300,10009,752,118.4019,-67.1096
300,10009,760,118.5322,-67.1339
300,10009,768,118.9221,-67.1316
300,10009,776,118.9992,-67.1233
300,10009,784,119.4920,-67.0166
300,10009,792,120.5850,-67.0082
300,10009,800,121.0651,-67.1261
300,10009,808,121.3808,-67.2034
300,10009,816,122.3688,-67.3737
300,10009,824,122.5154,-67.4055
300,10009,832,122.9212,-67.4644
300,10009,840,123.7440,-67.5243
300,10009,848,123.8087,-67.5310
300,10009,856,124.2520,-67.5400
300,10009,864,125.3814,-67.5471
300,10009,872,127.9474,-67.9643
300,10009,880,127.9755,-67.9690
300,10009,888,128.2025,-67.9941
300,10009,896,128.7267,-67.9713
300,10009,904,128.7613,-67.9681
300,10009,912,129.0445,-67.9216
300,10009,920,129.7130,-67.7378
300,10009,928,129.7708,-67.7228
300,10009,936,130.0903,-67.6231
300,10009,944,131.1001,-67.3126
300,10009,952,132.8687,-67.2420
300,10009,960,136.1365,-67.5242
300,10009,968,142.6445,-67.3911
300,10009,976,150.1213,-66.7766
300,10009,984,157.5982,-66.2094
300,10009,992,167.8190,-65.6146
300,10009,1000,180.8124,-65.1431
300,10009,1008,197.3961,-64.8218
300,10009,1016,222.9232,-64.6339
300,10009,1024,282.0105,-64.5648
300,10009,1032,390.9460,-64.5611
300,10010,0,0.0000,-65.0000
300,10010,8,0.0699,-64.9855
300,10010,16,0.6811,-64.9173
300,10010,24,5.5147,-64.6276
300,10010,32,14.0905,-64.5433
300,10010,40,22.6664,-64.5540
300,10010,48,36.8228,-64.5609
300,10010,56,100.0000,-64.5618
300,10010,64,100.0318,-64.5503
300,10010,72,100.0521,-64.5290
300,10010,80,100.1097,-64.4190
300,10010,88,100.3160,-63.6284
300,10010,96,100.8207,-61.2803
300,10010,104,101.0043,-60.6815
300,10010,112,101.2914,-60.0778
300,10010,120,101.3289,-60.0284
300,10010,128,101.3433,-60.0107
300,10010,136,101.4259,-59.9191
300,10010,144,101.5603,-59.8073
300,10010,152,101.6512,-59.7508
300,10010,160,102.1220,-59.7540
300,10010,168,102.1568,-59.7759
300,10010,176,102.1907,-59.7974
300,10010,184,102.4545,-59.9843
300,10010,192,102.5241,-60.0453
300,10010,200,102.6666,-60.1841
300,10010,208,102.8251,-60.3603
300,10010,216,102.9216,-60.4730
300,10010,224,102.9917,-60.5529
300,10010,232,103.1411,-60.7216
300,10010,240,103.2714,-60.8708
300,10010,248,103.4056,-61.0247
300,10010,256,103.5294,-61.1676
300,10010,264,103.8297,-61.5087
300,10010,272,103.9772,-61.6865
300,10010,280,104.1041,-61.8406
300,10010,288,104.1385,-61.8821
300,10010,296,104.2862,-62.0508
300,10010,304,104.3713,-62.1425
300,10010,312,104.4464,-62.2188
300,10010,320,104.5533,-62.3196
300,10010,328,104.8418,-62.5556
300,10010,336,105.3851,-63.0337
300,10010,344,105.5039,-63.1599
300,10010,352,105.5719,-63.2325
300,10010,360,105.7106,-63.3667
300,10010,368,105.7751,-63.4227
300,10010,376,105.8311,-63.4647
300,10010,384,106.1126,-63.6276
300,10010,392,106.2658,-63.6973
300,10010,400,106.3673,-63.7411
300,10010,408,106.5920,-63.8379
300,10010,416,106.9236,-64.0053
300,10010,424,107.1947,-64.1606
300,10010,432,107.3042,-64.2291
300,10010,440,107.3889,-64.2807
300,10010,448,107.8428,-64.5257
300,10010,456,108.7070,-65.1920
300,10010,464,108.7750,-65.2579
300,10010,472,109.2032,-65.6561
300,10010,480,109.2637,-65.7098
300,10010,488,109.3996,-65.8234
300,10010,496,109.7788,-66.0719
300,10010,504,110.0630,-66.2308
300,10010,512,110.1218,-66.2624
300,10010,520,110.3172,-66.3477
300,10010,528,110.3421,-66.3561
300,10010,536,110.5485,-66.3791
300,10010,544,110.9594,-66.2924
300,10010,552,111.0400,-66.2714
300,10010,560,111.1365,-66.2431
300,10010,568,111.1940,-66.2247
300,10010,576,111.3920,-66.1404
300,10010,584,111.6121,-66.0346
300,10010,592,111.8771,-65.9188
300,10010,600,112.4931,-65.7955
300,10010,608,112.5744,-65.7990
300,10010,616,113.0899,-65.8570
300,10010,624,113.5368,-66.0130
300,10010,632,113.7334,-66.0965
300,10010,640,114.3854,-66.3804
300,10010,648,114.4735,-66.4246
300,10010,656,114.5839,-66.4774
300,10010,664,114.8547,-66.5781
300,10010,672,115.1814,-66.6600
300,10010,680,115.2216,-66.6689
300,10010,688,115.3536,-66.6850
300,10010,696,115.6788,-66.6727
300,10010,704,115.7813,-66.6632
300,10010,712,116.3863,-66.5862
300,10010,720,117.8232,-66.9181
300,10010,728,117.8656,-66.9368
300,10010,736,118.2363,-67.0623
300,10010,744,118.3565,-67.0973
300,10010,752,118.4019,-67.1096
300,10010,760,118.5322,-67.1339
300,10010,768,118.9221,-67.1316
300,10010,776,118.9992,-67.1233
300,10010,784,119.4920,-67.0166
300,10010,792,120.5850,-67.0082
300,10010,800,121.0651,-67.1261
300,10010,808,121.3808,-67.2034
300,10010,816,122.3688,-67.3737
300,10010,824,122.5154,-67.4055
300,10010,832,122.9212,-67.4644
300,10010,840,123.7440,-67.5243
300,10010,848,123.8087,-67.5310
300,10010,856,124.2520,-67.5400
300,10010,864,125.3814,-67.5471
300,10010,872,127.9474,-67.9643
300,10010,880,127.9755,-67.9690
300,10010,888,128.2025,-67.9941
300,10010,896,128.7267,-67.9713
300,10010,904,128.7613,-67.9681
300,10010,912,129.0445,-67.9216
300,10010,920,129.7130,-67.7378
300,10010,928,129.7708,-67.7228
300,10010,936,130.0903,-67.6231
300,10010,944,131.1001,-67.3126
300,10010,952,132.8687,-67.2420
300,10010,960,136.1365,-67.5242
300,10010,968,142.6445,-67.3911
300,10010,976,150.1213,-66.7766
300,10010,984,157.5982,-66.2094
300,10010,992,167.8190,-65.6146
300,10010,1000,180.8124,-65.1431
300,10010,1008,197.3961,-64.8218
300,10010,1016,222.9232,-64.6339
300,10010,1024,282.0105,-64.5648
300,10010,1032,390.9460,-64.5611
330,11001,0,0.0000,-65.0000
330,11001,8,0.0699,-64.9855
330,11001,16,0.6811,-64.9173
330,11001,24,5.5147,-64.6276
330,11001,32,14.0905,-64.5433
330,11001,40,22.6664,-64.5540
330,11001,48,36.8228,-64.5609
330,11001,56,100.0000,-64.5618
330,11001,64,100.0330,-64.5492
330,11001,72,100.0706,-64.5045
330,11001,80,100.1015,-64.4458
330,11001,88,100.1464,-64.3288
330,11001,96,100.3508,-63.4901
330,11001,104,100.7144,-61.7344
330,11001,112,100.7799,-61.4593
330,11001,120,100.9941,-60.6956
330,11001,128,101.1394,-60.2974
330,11001,136,101.6733,-59.6297
330,11001,144,101.7522,-59.6260
330,11001,152,101.8850,-59.6586
330,11001,160,101.9264,-59.6768
330,11001,168,102.1779,-59.8333
330,11001,176,102.2647,-59.9109
330,11001,184,102.5223,-60.1932
330,11001,192,102.7533,-60.5197
330,11001,200,102.7984,-60.5912
330,11001,208,102.8539,-60.6776
330,11001,216,103.0145,-60.9225
330,11001,224,103.0925,-61.0357
330,11001,232,103.2340,-61.2334
330,11001,240,103.3977,-61.4457
330,11001,248,103.5423,-61.6207
330,11001,256,103.6754,-61.7771
330,11001,264,103.7915,-61.9081
330,11001,272,103.8429,-61.9631
330,11001,280,103.9781,-62.0957
330,11001,288,104.1680,-62.2592
330,11001,296,104.5335,-62.5640
330,11001,304,104.6403,-62.6608
330,11001,312,104.7813,-62.7872
330,11001,320,104.8986,-62.8863
330,11001,328,105.4705,-63.3566
330,11001,336,105.8189,-63.7118
330,11001,344,105.9669,-63.8774
330,11001,352,106.0453,-63.9649
330,11001,360,106.2716,-64.2058
330,11001,368,106.4648,-64.4020
330,11001,376,106.6369,-64.5706
330,11001,384,106.6927,-64.6229
330,11001,392,107.0835,-64.9425
330,11001,400,107.2322,-65.0558
330,11001,408,107.4914,-65.2440
330,11001,416,107.5684,-65.2943
330,11001,424,107.7694,-65.4069
330,11001,432,107.9576,-65.4984
330,11001,440,108.1907,-65.6001
330,11001,448,108.3067,-65.6490
330,11001,456,108.3313,-65.6582
330,11001,464,108.6024,-65.6977
330,11001,472,108.9379,-65.7068
330,11001,480,108.9958,-65.7089
330,11001,488,109.2828,-65.7008
330,11001,496,109.3464,-65.6976
330,11001,504,109.4167,-65.6933
330,11001,512,109.6071,-65.6709
330,11001,520,109.7364,-65.6459
330,11001,528,109.8021,-65.6302
330,11001,536,109.9017,-65.6028
330,11001,544,110.1030,-65.5278
330,11001,552,110.2298,-65.4698
330,11001,560,110.3941,-65.3881
330,11001,568,110.5814,-65.2959
330,11001,576,111.0363,-65.1280
330,11001,584,111.0969,-65.1172
330,11001,592,111.5042,-65.0900
330,11001,600,112.5214,-65.4726
330,11001,608,112.5774,-65.5099
330,11001,616,112.9599,-65.7559
330,11001,624,113.0566,-65.8152
330,11001,632,113.1840,-65.8846
330,11001,640,113.2918,-65.9280
330,11001,648,113.6833,-65.9903
330,11001,656,113.7041,-65.9919
330,11001,664,113.9150,-65.9736
330,11001,672,113.9719,-65.9614
330,11001,680,114.4211,-65.8250
330,11001,688,114.4875,-65.8059
330,11001,696,114.5942,-65.7749
330,11001,704,114.6791,-65.7486
330,11001,712,114.9900,-65.6050
330,11001,720,115.8016,-65.3643
330,11001,728,115.8469,-65.3650
330,11001,736,115.9105,-65.3668
330,11001,744,116.2600,-65.3639
330,11001,752,117.1522,-65.4842
330,11001,760,117.2180,-65.5067
330,11001,768,117.3098,-65.5314
330,11001,776,117.7696,-65.5874
330,11001,784,117.9511,-65.6126
330,11001,792,118.1212,-65.6317
330,11001,800,118.2198,-65.6390
330,11001,808,118.6640,-65.6428
330,11001,816,119.1285,-65.6806
330,11001,824,119.2915,-65.7024
330,11001,832,119.3789,-65.7101
330,11001,840,119.8705,-65.7155
330,11001,848,120.2034,-65.7336
330,11001,856,120.4245,-65.7477
330,11001,864,121.2106,-65.8381
330,11001,872,123.2938,-66.7619
330,11001,880,125.2023,-67.6218
330,11001,888,125.2665,-67.6445
330,11001,896,125.6057,-67.7259
330,11001,904,125.9487,-67.7594
330,11001,912,126.1073,-67.7573
330,11001,920,126.5195,-67.6929
330,11001,928,126.5824,-67.6808
330,11001,936,126.6349,-67.6686
330,11001,944,127.0208,-67.4956
330,11001,952,128.0145,-67.0348
330,11001,960,130.0727,-67.0110
330,11001,968,133.2127,-67.5225
330,11001,976,138.2034,-67.6412
330,11001,984,143.4586,-67.2643
330,11001,992,149.1593,-66.7711
330,11001,1000,164.2045,-65.7432
330,11001,1008,182.8713,-65.0597
330,11001,1016,216.0613,-64.6576
330,11001,1024,249.2513,-64.5784
330,11001,1032,292.9166,-64.5632
330,11001,1040,949.9025,-64.5611
330,11002,0,0.0000,-65.0000
330,11002,8,0.0699,-64.9855
330,11002,16,0.6811,-64.9173
330,11002,24,5.5147,-64.6276
330,11002,32,14.0905,-64.5433
330,11002,40,22.6664,-64.5540
330,11002,48,36.8228,-64.5609
330,11002,56,100.0000,-64.5618
330,11002,64,100.0330,-64.5492
330,11002,72,100.0706,-64.5045
330,11002,80,100.1015,-64.4458
330,11002,88,100.1464,-64.3288
330,11002,96,100.3508,-63.4901
330,11002,104,100.7144,-61.7344
330,11002,112,100.7799,-61.4593
330,11002,120,100.9941,-60.6956
330,11002,128,101.1394,-60.2974
330,11002,136,101.6733,-59.6297
330,11002,144,101.7522,-59.6260
330,11002,152,101.8850,-59.6586
330,11002,160,101.9264,-59.6768
330,11002,168,102.1779,-59.8333
330,11002,176,102.2647,-59.9109
330,11002,184,102.5223,-60.1932
330,11002,192,102.7533,-60.5197
330,11002,200,102.7984,-60.5912
330,11002,208,102.8539,-60.6776
330,11002,216,103.0145,-60.9225
330,11002,224,103.0925,-61.0357
330,11002,232,103.2340,-61.2334
330,11002,240,103.3977,-61.4457
330,11002,248,103.5423,-61.6207
330,11002,256,103.6754,-61.7771
330,11002,264,103.7915,-61.9081
330,11002,272,103.8429,-61.9631
330,11002,280,103.9781,-62.0957
330,11002,288,104.1680,-62.2592
330,11002,296,104.5335,-62.5640
330,11002,304,104.6403,-62.6608
330,11002,312,104.7813,-62.7872
330,11002,320,104.8986,-62.8863
330,11002,328,105.4705,-63.3566
330,11002,336,105.8189,-63.7118
330,11002,344,105.9669,-63.8774
330,11002,352,106.0453,-63.9649
330,11002,360,106.2716,-64.2058
330,11002,368,106.4648,-64.4020
330,11002,376,106.6369,-64.5706
330,11002,384,106.6927,-64.6229
330,11002,392,107.0835,-64.9425
330,11002,400,107.2322,-65.0558
330,11002,408,107.4914,-65.2440
330,11002,416,107.5684,-65.2943
330,11002,424,107.7694,-65.4069
330,11002,432,107.9576,-65.4984
330,11002,440,108.1907,-65.6001
330,11002,448,108.3067,-65.6490
330,11002,456,108.3313,-65.6582
330,11002,464,108.6024,-65.6977
330,11002,472,108.9379,-65.7068
330,11002,480,108.9958,-65.7089
330,11002,488,109.2828,-65.7008
330,11002,496,109.3464,-65.6976
330,11002,504,109.4167,-65.6933
330,11002,512,109.6071,-65.6709
330,11002,520,109.7364,-65.6459
330,11002,528,109.8021,-65.6302
330,11002,536,109.9017,-65.6028
330,11002,544,110.1030,-65.5278
330,11002,552,110.2298,-65.4698
330,11002,560,110.3941,-65.3881
330,11002,568,110.5814,-65.2959
330,11002,576,111.0363,-65.1280
330,11002,584,111.0969,-65.1172
330,11002,592,111.5042,-65.0900
330,11002,600,112.5214,-65.4726
330,11002,608,112.5774,-65.5099
330,11002,616,112.9599,-65.7559
330,11002,624,113.0566,-65.8152
330,11002,632,113.1840,-65.8846
330,11002,640,113.2918,-65.9280
330,11002,648,113.6833,-65.9903
330,11002,656,113.7041,-65.9919
330,11002,664,113.9150,-65.9736
330,11002,672,113.9719,-65.9614
330,11002,680,114.4211,-65.8250
330,11002,688,114.4875,-65.8059
330,11002,696,114.5942,-65.7749
330,11002,704,114.6791,-65.7486
330,11002,712,114.9900,-65.6050
330,11002,720,115.8016,-65.3643
330,11002,728,115.8469,-65.3650
330,11002,736,115.9105,-65.3668
330,11002,744,116.2600,-65.3639
330,11002,752,117.1522,-65.4842
330,11002,760,117.2180,-65.5067
330,11002,768,117.3098,-65.5314
330,11002,776,117.7696,-65.5874
330,11002,784,117.9511,-65.6126
330,11002,792,118.1212,-65.6317
330,11002,800,118.2198,-65.6390
330,11002,808,118.6640,-65.6428
330,11002,816,119.1285,-65.6806
330,11002,824,119.2915,-65.7024
330,11002,832,119.3789,-65.7101
330,11002,840,119.8705,-65.7155
330,11002,848,120.2034,-65.7336
330,11002,856,120.4245,-65.7477
330,11002,864,121.2106,-65.8381
330,11002,872,123.2938,-66.7619
330,11002,880,125.2023,-67.6218
330,11002,888,125.2665,-67.6445
330,11002,896,125.6057,-67.7259
330,11002,904,125.9487,-67.7594
330,11002,912,126.1073,-67.7573
330,11002,920,126.5195,-67.6929
330,11002,928,126.5824,-67.6808
330,11002,936,126.6349,-67.6686
330,11002,944,127.0208,-67.4956
330,11002,952,128.0145,-67.0348
330,11002,960,130.0727,-67.0110
330,11002,968,133.2127,-67.5225
330,11002,976,138.2034,-67.6412
330,11002,984,143.4586,-67.2643
330,11002,992,149.1593,-66.7711
330,11002,1000,164.2045,-65.7432
330,11002,1008,182.8713,-65.0597
330,11002,1016,216.0613,-64.6576
330,11002,1024,249.2513,-64.5784
330,11002,1032,292.9166,-64.5632
330,11002,1040,949.9025,-64.5611
330,11003,0,0.0000,-65.0000
330,11003,8,0.0699,-64.9855
330,11003,16,0.6811,-64.9173
330,11003,24,5.5147,-64.6276
330,11003,32,14.0905,-64.5433
330,11003,40,22.6664,-64.5540
330,11003,48,36.8228,-64.5609
330,11003,56,100.0000,-64.5618
330,11003,64,100.0330,-64.5492
330,11003,72,100.0706,-64.5045
330,11003,80,100.1015,-64.4458
330,11003,88,100.1464,-64.3288
330,11003,96,100.3508,-63.4901
330,11003,104,100.7144,-61.7344
330,11003,112,100.7799,-61.4593
330,11003,120,100.9941,-60.6956
330,11003,128,101.1394,-60.2974
330,11003,136,101.6733,-59.6297
330,11003,144,101.7522,-59.6260
330,11003,152,101.8850,-59.6586
330,11003,160,101.9264,-59.6768
330,11003,168,102.1779,-59.8333
330,11003,176,102.2647,-59.9109
330,11003,184,102.5223,-60.1932
330,11003,192,102.7533,-60.5197
330,11003,200,102.7984,-60.5912
330,11003,208,102.8539,-60.6776
330,11003,216,103.0145,-60.9225
330,11003,224,103.0925,-61.0357
330,11003,232,103.2340,-61.2334
330,11003,240,103.3977,-61.4457
330,11003,248,103.5423,-61.6207
330,11003,256,103.6754,-61.7771
330,11003,264,103.7915,-61.9081
330,11003,272,103.8429,-61.9631
330,11003,280,103.9781,-62.0957
330,11003,288,104.1680,-62.2592
330,11003,296,104.5335,-62.5640
330,11003,304,104.6403,-62.6608
330,11003,312,104.7813,-62.7872
330,11003,320,104.8986,-62.8863
330,11003,328,105.4705,-63.3566
330,11003,336,105.8189,-63.7118
330,11003,344,105.9669,-63.8774
330,11003,352,106.0453,-63.9649
330,11003,360,106.2716,-64.2058
330,11003,368,106.4648,-64.4020
330,11003,376,106.6369,-64.5706
330,11003,384,106.6927,-64.6229
330,11003,392,107.0835,-64.9425
330,11003,400,107.2322,-65.0558
330,11003,408,107.4914,-65.2440
330,11003,416,107.5684,-65.2943
330,11003,424,107.7694,-65.4069
330,11003,432,107.9576,-65.4984
330,11003,440,108.1907,-65.6001
330,11003,448,108.3067,-65.6490
330,11003,456,108.3313,-65.6582
330,11003,464,108.6024,-65.6977
330,11003,472,108.9379,-65.7068
330,11003,480,108.9958,-65.7089
330,11003,488,109.2828,-65.7008
330,11003,496,109.3464,-65.6976
330,11003,504,109.4167,-65.6933
330,11003,512,109.6071,-65.6709
330,11003,520,109.7364,-65.6459
330,11003,528,109.8021,-65.6302
330,11003,536,109.9017,-65.6028
330,11003,544,110.1030,-65.5278
330,11003,552,110.2298,-65.4698
330,11003,560,110.3941,-65.3881
330,11003,568,110.5814,-65.2959
330,11003,576,111.0363,-65.1280
330,11003,584,111.0969,-65.1172
330,11003,592,111.5042,-65.0900
330,11003,600,112.5214,-65.4726
330,11003,608,112.5774,-65.5099
330,11003,616,112.9599,-65.7559
330,11003,624,113.0566,-65.8152
330,11003,632,113.1840,-65.8846
330,11003,640,113.2918,-65.9280
330,11003,648,113.6833,-65.9903
330,11003,656,113.7041,-65.9919
330,11003,664,113.9150,-65.9736
330,11003,672,113.9719,-65.9614
330,11003,680,114.4211,-65.8250
330,11003,688,114.4875,-65.8059
330,11003,696,114.5942,-65.7749
330,11003,704,114.6791,-65.7486
330,11003,712,114.9900,-65.6050
330,11003,720,115.8016,-65.3643
330,11003,728,115.8469,-65.3650
330,11003,736,115.9105,-65.3668
330,11003,744,116.2600,-65.3639
330,11003,752,117.1522,-65.4842
330,11003,760,117.2180,-65.5067
330,11003,768,117.3098,-65.5314
330,11003,776,117.7696,-65.5874
330,11003,784,117.9511,-65.6126
330,11003,792,118.1212,-65.6317
330,11003,800,118.2198,-65.6390
330,11003,808,118.6640,-65.6428
330,11003,816,119.1285,-65.6806
330,11003,824,119.2915,-65.7024
330,11003,832,119.3789,-65.7101
330,11003,840,119.8705,-65.7155
330,11003,848,120.2034,-65.7336
330,11003,856,120.4245,-65.7477
330,11003,864,121.2106,-65.8381
330,11003,872,123.2938,-66.7619
330,11003,880,125.2023,-67.6218
330,11003,888,125.2665,-67.6445
330,11003,896,125.6057,-67.7259
330,11003,904,125.9487,-67.7594
330,11003,912,126.1073,-67.7573
330,11003,920,126.5195,-67.6929
330,11003,928,126.5824,-67.6808
330,11003,936,126.6349,-67.6686
330,11003,944,127.0208,-67.4956
330,11003,952,128.0145,-67.0348
330,11003,960,130.0727,-67.0110
330,11003,968,133.2127,-67.5225
330,11003,976,138.2034,-67.6412
330,11003,984,143.4586,-67.2643
330,11003,992,149.1593,-66.7711
330,11003,1000,164.2045,-65.7432
330,11003,1008,182.8713,-65.0597
330,11003,1016,216.0613,-64.6576
330,11003,1024,249.2513,-64.5784
330,11003,1032,292.9166,-64.5632
330,11003,1040,949.9025,-64.5611
330,11004,0,0.0000,-65.0000
330,11004,8,0.0699,-64.9855
330,11004,16,0.6811,-64.9173
330,11004,24,5.5147,-64.6276
330,11004,32,14.0905,-64.5433
330,11004,40,22.6664,-64.5540
330,11004,48,36.8228,-64.5609
330,11004,56,100.0000,-64.5618
330,11004,64,100.0330,-64.5492
330,11004,72,100.0706,-64.5045
330,11004,80,100.1015,-64.4458
330,11004,88,100.1464,-64.3288
330,11004,96,100.3508,-63.4901
330,11004,104,100.7144,-61.7344
330,11004,112,100.7799,-61.4593
330,11004,120,100.9941,-60.6956
330,11004,128,101.1394,-60.2974
330,11004,136,101.6733,-59.6297
330,11004,144,101.7522,-59.6260
330,11004,152,101.8850,-59.6586
330,11004,160,101.9264,-59.6768
330,11004,168,102.1779,-59.8333
330,11004,176,102.2647,-59.9109
330,11004,184,102.5223,-60.1932
330,11004,192,102.7533,-60.5197
330,11004,200,102.7984,-60.5912
330,11004,208,102.8539,-60.6776
330,11004,216,103.0145,-60.9225
330,11004,224,103.0925,-61.0357
330,11004,232,103.2340,-61.2334
330,11004,240,103.3977,-61.4457
330,11004,248,103.5423,-61.6207
330,11004,256,103.6754,-61.7771
330,11004,264,103.7915,-61.9081
330,11004,272,103.8429,-61.9631
330,11004,280,103.9781,-62.0957
330,11004,288,104.1680,-62.2592
330,11004,296,104.5335,-62.5640
330,11004,304,104.6403,-62.6608
330,11004,312,104.7813,-62.7872
330,11004,320,104.8986,-62.8863
330,11004,328,105.4705,-63.3566
330,11004,336,105.8189,-63.7118
330,11004,344,105.9669,-63.8774
330,11004,352,106.0453,-63.9649
330,11004,360,106.2716,-64.2058
330,11004,368,106.4648,-64.4020
330,11004,376,106.6369,-64.5706
330,11004,384,106.6927,-64.6229
330,11004,392,107.0835,-64.9425
330,11004,400,107.2322,-65.0558
330,11004,408,107.4914,-65.2440
330,11004,416,107.5684,-65.2943
330,11004,424,107.7694,-65.4069
330,11004,432,107.9576,-65.4984
330,11004,440,108.1907,-65.6001
330,11004,448,108.3067,-65.6490
330,11004,456,108.3313,-65.6582
330,11004,464,108.6024,-65.6977
330,11004,472,108.9379,-65.7068
330,11004,480,108.9958,-65.7089
330,11004,488,109.2828,-65.7008
330,11004,496,109.3464,-65.6976
330,11004,504,109.4167,-65.6933
330,11004,512,109.6071,-65.6709
330,11004,520,109.7364,-65.6459
330,11004,528,109.8021,-65.6302
330,11004,536,109.9017,-65.6028
330,11004,544,110.1030,-65.5278
330,11004,552,110.2298,-65.4698
330,11004,560,110.3941,-65.3881
330,11004,568,110.5814,-65.2959
330,11004,576,111.0363,-65.1280
330,11004,584,111.0969,-65.1172
330,11004,592,111.5042,-65.0900
330,11004,600,112.5214,-65.4726
330,11004,608,112.5774,-65.5099
330,11004,616,112.9599,-65.7559
330,11004,624,113.0566,-65.8152
330,11004,632,113.1840,-65.8846
330,11004,640,113.2918,-65.9280
330,11004,648,113.6833,-65.9903
330,11004,656,113.7041,-65.9919
330,11004,664,113.9150,-65.9736
330,11004,672,113.9719,-65.9614
330,11004,680,114.4211,-65.8250
330,11004,688,114.4875,-65.8059
330,11004,696,114.5942,-65.7749
330,11004,704,114.6791,-65.7486
330,11004,712,114.9900,-65.6050
330,11004,720,115.8016,-65.3643
330,11004,728,115.8469,-65.3650
330,11004,736,115.9105,-65.3668
330,11004,744,116.2600,-65.3639
330,11004,752,117.1522,-65.4842
330,11004,760,117.2180,-65.5067
330,11004,768,117.3098,-65.5314
330,11004,776,117.7696,-65.5874
330,11004,784,117.9511,-65.6126
330,11004,792,118.1212,-65.6317
330,11004,800,118.2198,-65.6390
330,11004,808,118.6640,-65.6428
330,11004,816,119.1285,-65.6806
330,11004,824,119.2915,-65.7024
330,11004,832,119.3789,-65.7101
330,11004,840,119.8705,-65.7155
330,11004,848,120.2034,-65.7336
330,11004,856,120.4245,-65.7477
330,11004,864,121.2106,-65.8381
330,11004,872,123.2938,-66.7619
330,11004,880,125.2023,-67.6218
330,11004,888,125.2665,-67.6445
330,11004,896,125.6057,-67.7259
330,11004,904,125.9487,-67.7594
330,11004,912,126.1073,-67.7573
330,11004,920,126.5195,-67.6929
330,11004,928,126.5824,-67.6808
330,11004,936,126.6349,-67.6686
330,11004,944,127.0208,-67.4956
330,11004,952,128.0145,-67.0348
330,11004,960,130.0727,-67.0110
330,11004,968,133.2127,-67.5225
330,11004,976,138.2034,-67.6412
330,11004,984,143.4586,-67.2643
330,11004,992,149.1593,-66.7711
330,11004,1000,164.2045,-65.7432
330,11004,1008,182.8713,-65.0597
330,11004,1016,216.0613,-64.6576
330,11004,1024,249.2513,-64.5784
330,11004,1032,292.9166,-64.5632
330,11004,1040,949.9025,-64.5611
330,11005,0,0.0000,-65.0000
330,11005,8,0.0699,-64.9855
330,11005,16,0.6811,-64.9173
330,11005,24,5.5147,-64.6276
330,11005,32,14.0905,-64.5433
330,11005,40,22.6664,-64.5540
330,11005,48,36.8228,-64.5609
330,11005,56,100.0000,-64.5618
330,11005,64,100.0330,-64.5492
330,11005,72,100.0706,-64.5045
330,11005,80,100.1015,-64.4458
330,11005,88,100.1464,-64.3288
330,11005,96,100.3508,-63.4901
330,11005,104,100.7144,-61.7344
330,11005,112,100.7799,-61.4593
330,11005,120,100.9941,-60.6956
330,11005,128,101.1394,-60.2974
330,11005,136,101.6733,-59.6297
330,11005,144,101.7522,-59.6260
330,11005,152,101.8850,-59.6586
330,11005,160,101.9264,-59.6768
330,11005,168,102.1779,-59.8333
330,11005,176,102.2647,-59.9109
330,11005,184,102.5223,-60.1932
330,11005,192,102.7533,-60.5197
330,11005,200,102.7984,-60.5912
330,11005,208,102.8539,-60.6776
330,11005,216,103.0145,-60.9225
330,11005,224,103.0925,-61.0357
330,11005,232,103.2340,-61.2334
330,11005,240,103.3977,-61.4457
330,11005,248,103.5423,-61.6207
330,11005,256,103.6754,-61.7771
330,11005,264,103.7915,-61.9081
330,11005,272,103.8429,-61.9631
330,11005,280,103.9781,-62.0957
330,11005,288,104.1680,-62.2592
330,11005,296,104.5335,-62.5640
330,11005,304,104.6403,-62.6608
330,11005,312,104.7813,-62.7872
330,11005,320,104.8986,-62.8863
330,11005,328,105.4705,-63.3566
330,11005,336,105.8189,-63.7118
330,11005,344,105.9669,-63.8774
330,11005,352,106.0453,-63.9649
330,11005,360,106.2716,-64.2058
330,11005,368,106.4648,-64.4020
330,11005,376,106.6369,-64.5706
330,11005,384,106.6927,-64.6229
330,11005,392,107.0835,-64.9425
330,11005,400,107.2322,-65.0558
330,11005,408,107.4914,-65.2440
330,11005,416,107.5684,-65.2943
330,11005,424,107.7694,-65.4069
330,11005,432,107.9576,-65.4984
330,11005,440,108.1907,-65.6001
330,11005,448,108.3067,-65.6490
330,11005,456,108.3313,-65.6582
330,11005,464,108.6024,-65.6977
330,11005,472,108.9379,-65.7068
330,11005,480,108.9958,-65.7089
330,11005,488,109.2828,-65.7008
330,11005,496,109.3464,-65.6976
330,11005,504,109.4167,-65.6933
330,11005,512,109.6071,-65.6709
330,11005,520,109.7364,-65.6459
330,11005,528,109.8021,-65.6302
330,11005,536,109.9017,-65.6028
330,11005,544,110.1030,-65.5278
330,11005,552,110.2298,-65.4698
330,11005,560,110.3941,-65.3881
330,11005,568,110.5814,-65.2959
330,11005,576,111.0363,-65.1280
330,11005,584,111.0969,-65.1172
330,11005,592,111.5042,-65.0900
330,11005,600,112.5214,-65.4726
330,11005,608,112.5774,-65.5099
330,11005,616,112.9599,-65.7559
330,11005,624,113.0566,-65.8152
330,11005,632,113.1840,-65.8846
330,11005,640,113.2918,-65.9280
330,11005,648,113.6833,-65.9903
330,11005,656,113.7041,-65.9919
330,11005,664,113.9150,-65.9736
330,11005,672,113.9719,-65.9614
330,11005,680,114.4211,-65.8250
330,11005,688,114.4875,-65.8059
330,11005,696,114.5942,-65.7749
330,11005,704,114.6791,-65.7486
330,11005,712,114.9900,-65.6050
330,11005,720,115.8016,-65.3643
330,11005,728,115.8469,-65.3650
330,11005,736,115.9105,-65.3668
330,11005,744,116.2600,-65.3639
330,11005,752,117.1522,-65.4842
330,11005,760,117.2180,-65.5067
330,11005,768,117.3098,-65.5314
330,11005,776,117.7696,-65.5874
330,11005,784,117.9511,-65.6126
330,11005,792,118.1212,-65.6317
330,11005,800,118.2198,-65.6390
330,11005,808,118.6640,-65.6428
330,11005,816,119.1285,-65.6806
330,11005,824,119.2915,-65.7024
330,11005,832,119.3789,-65.7101
330,11005,840,119.8705,-65.7155
330,11005,848,120.2034,-65.7336
330,11005,856,120.4245,-65.7477
330,11005,864,121.2106,-65.8381
330,11005,872,123.2938,-66.7619
330,11005,880,125.2023,-67.6218
330,11005,888,125.2665,-67.6445
330,11005,896,125.6057,-67.7259
330,11005,904,125.9487,-67.7594
330,11005,912,126.1073,-67.7573
330,11005,920,126.5195,-67.6929
330,11005,928,126.5824,-67.6808
330,11005,936,126.6349,-67.6686
330,11005,944,127.0208,-67.4956
330,11005,952,128.0145,-67.0348
330,11005,960,130.0727,-67.0110
330,11005,968,133.2127,-67.5225
330,11005,976,138.2034,-67.6412
330,11005,984,143.4586,-67.2643
330,11005,992,149.1593,-66.7711
330,11005,1000,164.2045,-65.7432
330,11005,1008,182.8713,-65.0597
330,11005,1016,216.0613,-64.6576
330,11005,1024,249.2513,-64.5784
330,11005,1032,292.9166,-64.5632
330,11005,1040,949.9025,-64.5611
330,11006,0,0.0000,-65.0000
330,11006,8,0.0699,-64.9855
330,11006,16,0.6811,-64.9173
330,11006,24,5.5147,-64.6276
330,11006,32,14.0905,-64.5433
330,11006,40,22.6664,-64.5540
330,11006,48,36.8228,-64.5609
330,11006,56,100.0000,-64.5618
330,11006,64,100.0330,-64.5492
330,11006,72,100.0706,-64.5045
330,11006,80,100.1015,-64.4458
330,11006,88,100.1464,-64.3288
330,11006,96,100.3508,-63.4901
330,11006,104,100.7144,-61.7344
330,11006,112,100.7799,-61.4593
330,11006,120,100.9941,-60.6956
330,11006,128,101.1394,-60.2974
330,11006,136,101.6733,-59.6297
330,11006,144,101.7522,-59.6260
330,11006,152,101.8850,-59.6586
330,11006,160,101.9264,-59.6768
330,11006,168,102.1779,-59.8333
330,11006,176,102.2647,-59.9109
330,11006,184,102.5223,-60.1932
330,11006,192,102.7533,-60.5197
330,11006,200,102.7984,-60.5912
330,11006,208,102.8539,-60.6776
330,11006,216,103.0145,-60.9225
330,11006,224,103.0925,-61.0357
330,11006,232,103.2340,-61.2334
330,11006,240,103.3977,-61.4457
330,11006,248,103.5423,-61.6207
330,11006,256,103.6754,-61.7771
330,11006,264,103.7915,-61.9081
330,11006,272,103.8429,-61.9631
330,11006,280,103.9781,-62.0957
330,11006,288,104.1680,-62.2592
330,11006,296,104.5335,-62.5640
330,11006,304,104.6403,-62.6608
330,11006,312,104.7813,-62.7872
330,11006,320,104.8986,-62.8863
330,11006,328,105.4705,-63.3566
330,11006,336,105.8189,-63.7118
330,11006,344,105.9669,-63.8774
330,11006,352,106.0453,-63.9649
330,11006,360,106.2716,-64.2058
330,11006,368,106.4648,-64.4020
330,11006,376,106.6369,-64.5706
330,11006,384,106.6927,-64.6229
330,11006,392,107.0835,-64.9425
330,11006,400,107.2322,-65.0558
330,11006,408,107.4914,-65.2440
330,11006,416,107.5684,-65.2943
330,11006,424,107.7694,-65.4069
330,11006,432,107.9576,-65.4984
330,11006,440,108.1907,-65.6001
330,11006,448,108.3067,-65.6490
330,11006,456,108.3313,-65.6582
330,11006,464,108.6024,-65.6977
330,11006,472,108.9379,-65.7068
330,11006,480,108.9958,-65.7089
330,11006,488,109.2828,-65.7008
330,11006,496,109.3464,-65.6976
330,11006,504,109.4167,-65.6933
330,11006,512,109.6071,-65.6709
330,11006,520,109.7364,-65.6459
330,11006,528,109.8021,-65.6302
330,11006,536,109.9017,-65.6028
330,11006,544,110.1030,-65.5278
330,11006,552,110.2298,-65.4698
330,11006,560,110.3941,-65.3881
330,11006,568,110.5814,-65.2959
330,11006,576,111.0363,-65.1280
330,11006,584,111.0969,-65.1172
330,11006,592,111.5042,-65.0900
330,11006,600,112.5214,-65.4726
330,11006,608,112.5774,-65.5099
330,11006,616,112.9599,-65.7559
330,11006,624,113.0566,-65.8152
330,11006,632,113.1840,-65.8846
330,11006,640,113.2918,-65.9280
330,11006,648,113.6833,-65.9903
330,11006,656,113.7041,-65.9919
330,11006,664,113.9150,-65.9736
330,11006,672,113.9719,-65.9614
330,11006,680,114.4211,-65.8250
330,11006,688,114.4875,-65.8059
330,11006,696,114.5942,-65.7749
330,11006,704,114.6791,-65.7486
330,11006,712,114.9900,-65.6050
330,11006,720,115.8016,-65.3643
330,11006,728,115.8469,-65.3650
330,11006,736,115.9105,-65.3668
330,11006,744,116.2600,-65.3639
330,11006,752,117.1522,-65.4842
330,11006,760,117.2180,-65.5067
330,11006,768,117.3098,-65.5314
330,11006,776,117.7696,-65.5874
330,11006,784,117.9511,-65.6126
330,11006,792,118.1212,-65.6317
330,11006,800,118.2198,-65.6390
330,11006,808,118.6640,-65.6428
330,11006,816,119.1285,-65.6806
330,11006,824,119.2915,-65.7024
330,11006,832,119.3789,-65.7101
330,11006,840,119.8705,-65.7155
330,11006,848,120.2034,-65.7336
330,11006,856,120.4245,-65.7477
330,11006,864,121.2106,-65.8381
330,11006,872,123.2938,-66.7619
330,11006,880,125.2023,-67.6218
330,11006,888,125.2665,-67.6445
330,11006,896,125.6057,-67.7259
330,11006,904,125.9487,-67.7594
330,11006,912,126.1073,-67.7573
330,11006,920,126.5195,-67.6929
330,11006,928,126.5824,-67.6808
330,11006,936,126.6349,-67.6686
330,11006,944,127.0208,-67.4956
330,11006,952,128.0145,-67.0348
330,11006,960,130.0727,-67.0110
330,11006,968,133.2127,-67.5225
330,11006,976,138.2034,-67.6412
330,11006,984,143.4586,-67.2643
330,11006,992,149.1593,-66.7711
330,11006,1000,164.2045,-65.7432
330,11006,1008,182.8713,-65.0597
330,11006,1016,216.0613,-64.6576
330,11006,1024,249.2513,-64.5784
330,11006,1032,292.9166,-64.5632
330,11006,1040,949.9025,-64.5611
330,11007,0,0.0000,-65.0000
330,11007,8,0.0699,-64.9855
330,11007,16,0.6811,-64.9173
330,11007,24,5.5147,-64.6276
330,11007,32,14.0905,-64.5433
330,11007,40,22.6664,-64.5540
330,11007,48,36.8228,-64.5609
330,11007,56,100.0000,-64.5618
330,11007,64,100.0330,-64.5492
330,11007,72,100.0706,-64.5045
330,11007,80,100.1015,-64.4458
330,11007,88,100.1464,-64.3288
330,11007,96,100.3508,-63.4901
330,11007,104,100.7144,-61.7344
330,11007,112,100.7799,-61.4593
330,11007,120,100.9941,-60.6956
330,11007,128,101.1394,-60.2974
330,11007,136,101.6733,-59.6297
330,11007,144,101.7522,-59.6260
330,11007,152,101.8850,-59.6586
330,11007,160,101.9264,-59.6768
330,11007,168,102.1779,-59.8333
330,11007,176,102.2647,-59.9109
330,11007,184,102.5223,-60.1932
330,11007,192,102.7533,-60.5197
330,11007,200,102.7984,-60.5912
330,11007,208,102.8539,-60.6776
330,11007,216,103.0145,-60.9225
330,11007,224,103.0925,-61.0357
330,11007,232,103.2340,-61.2334
330,11007,240,103.3977,-61.4457
330,11007,248,103.5423,-61.6207
330,11007,256,103.6754,-61.7771
330,11007,264,103.7915,-61.9081
330,11007,272,103.8429,-61.9631
330,11007,280,103.9781,-62.0957
330,11007,288,104.1680,-62.2592
330,11007,296,104.5335,-62.5640
330,11007,304,104.6403,-62.6608
330,11007,312,104.7813,-62.7872
330,11007,320,104.8986,-62.8863
330,11007,328,105.4705,-63.3566
330,11007,336,105.8189,-63.7118
330,11007,344,105.9669,-63.8774
330,11007,352,106.0453,-63.9649
330,11007,360,106.2716,-64.2058
330,11007,368,106.4648,-64.4020
330,11007,376,106.6369,-64.5706
330,11007,384,106.6927,-64.6229
330,11007,392,107.0835,-64.9425
330,11007,400,107.2322,-65.0558
330,11007,408,107.4914,-65.2440
330,11007,416,107.5684,-65.2943
330,11007,424,107.7694,-65.4069
330,11007,432,107.9576,-65.4984
330,11007,440,108.1907,-65.6001
330,11007,448,108.3067,-65.6490
330,11007,456,108.3313,-65.6582
330,11007,464,108.6024,-65.6977
330,11007,472,108.9379,-65.7068
330,11007,480,108.9958,-65.7089
330,11007,488,109.2828,-65.7008
330,11007,496,109.3464,-65.6976
330,11007,504,109.4167,-65.6933
330,11007,512,109.6071,-65.6709
330,11007,520,109.7364,-65.6459
330,11007,528,109.8021,-65.6302
330,11007,536,109.9017,-65.6028
330,11007,544,110.1030,-65.5278
330,11007,552,110.2298,-65.4698
330,11007,560,110.3941,-65.3881
330,11007,568,110.5814,-65.2959
330,11007,576,111.0363,-65.1280
330,11007,584,111.0969,-65.1172
330,11007,592,111.5042,-65.0900
330,11007,600,112.5214,-65.4726
330,11007,608,112.5774,-65.5099
330,11007,616,112.9599,-65.7559
330,11007,624,113.0566,-65.8152
330,11007,632,113.1840,-65.8846
330,11007,640,113.2918,-65.9280
330,11007,648,113.6833,-65.9903
330,11007,656,113.7041,-65.9919
330,11007,664,113.9150,-65.9736
330,11007,672,113.9719,-65.9614
330,11007,680,114.4211,-65.8250
330,11007,688,114.4875,-65.8059
330,11007,696,114.5942,-65.7749
330,11007,704,114.6791,-65.7486
330,11007,712,114.9900,-65.6050
330,11007,720,115.8016,-65.3643
330,11007,728,115.8469,-65.3650
330,11007,736,115.9105,-65.3668
330,11007,744,116.2600,-65.3639
330,11007,752,117.1522,-65.4842
330,11007,760,117.2180,-65.5067
330,11007,768,117.3098,-65.5314
330,11007,776,117.7696,-65.5874
330,11007,784,117.9511,-65.6126
330,11007,792,118.1212,-65.6317
330,11007,800,118.2198,-65.6390
330,11007,808,118.6640,-65.6428
330,11007,816,119.1285,-65.6806
330,11007,824,119.2915,-65.7024
330,11007,832,119.3789,-65.7101
330,11007,840,119.8705,-65.7155
330,11007,848,120.2034,-65.7336
330,11007,856,120.4245,-65.7477
330,11007,864,121.2106,-65.8381
330,11007,872,123.2938,-66.7619
330,11007,880,125.2023,-67.6218
330,11007,888,125.2665,-67.6445
330,11007,896,125.6057,-67.7259
330,11007,904,125.9487,-67.7594
330,11007,912,126.1073,-67.7573
330,11007,920,126.5195,-67.6929
330,11007,928,126.5824,-67.6808
330,11007,936,126.6349,-67.6686
330,11007,944,127.0208,-67.4956
330,11007,952,128.0145,-67.0348
330,11007,960,130.0727,-67.0110
330,11007,968,133.2127,-67.5225
330,11007,976,138.2034,-67.6412
330,11007,984,143.4586,-67.2643
330,11007,992,149.1593,-66.7711
330,11007,1000,164.2045,-65.7432
330,11007,1008,182.8713,-65.0597
330,11007,1016,216.0613,-64.6576
330,11007,1024,249.2513,-64.5784
330,11007,1032,292.9166,-64.5632
330,11007,1040,949.9025,-64.5611
330,11008,0,0.0000,-65.0000
330,11008,8,0.0699,-64.9855
330,11008,16,0.6811,-64.9173
330,11008,24,5.5147,-64.6276
330,11008,32,14.0905,-64.5433
330,11008,40,22.6664,-64.5540
330,11008,48,36.8228,-64.5609
330,11008,56,100.0000,-64.5618
330,11008,64,100.0330,-64.5492
330,11008,72,100.0706,-64.5045
330,11008,80,100.1015,-64.4458
330,11008,88,100.1464,-64.3288
330,11008,96,100.3508,-63.4901
330,11008,104,100.7144,-61.7344
330,11008,112,100.7799,-61.4593
330,11008,120,100.9941,-60.6956
330,11008,128,101.1394,-60.2974
330,11008,136,101.6733,-59.6297
330,11008,144,101.7522,-59.6260
330,11008,152,101.8850,-59.6586
330,11008,160,101.9264,-59.6768
330,11008,168,102.1779,-59.8333
330,11008,176,102.2647,-59.9109
330,11008,184,102.5223,-60.1932
330,11008,192,102.7533,-60.5197
330,11008,200,102.7984,-60.5912
330,11008,208,102.8539,-60.6776
330,11008,216,103.0145,-60.9225
330,11008,224,103.0925,-61.0357
330,11008,232,103.2340,-61.2334
330,11008,240,103.3977,-61.4457
330,11008,248,103.5423,-61.6207
330,11008,256,103.6754,-61.7771
330,11008,264,103.7915,-61.9081
330,11008,272,103.8429,-61.9631
330,11008,280,103.9781,-62.0957
330,11008,288,104.1680,-62.2592
330,11008,296,104.5335,-62.5640
330,11008,304,104.6403,-62.6608
330,11008,312,104.7813,-62.7872
330,11008,320,104.8986,-62.8863
330,11008,328,105.4705,-63.3566
330,11008,336,105.8189,-63.7118
330,11008,344,105.9669,-63.8774
330,11008,352,106.0453,-63.9649
330,11008,360,106.2716,-64.2058
330,11008,368,106.4648,-64.4020
330,11008,376,106.6369,-64.5706
330,11008,384,106.6927,-64.6229
330,11008,392,107.0835,-64.9425
330,11008,400,107.2322,-65.0558
330,11008,408,107.4914,-65.2440
330,11008,416,107.5684,-65.2943
330,11008,424,107.7694,-65.4069
330,11008,432,107.9576,-65.4984
330,11008,440,108.1907,-65.6001
330,11008,448,108.3067,-65.6490
330,11008,456,108.3313,-65.6582
330,11008,464,108.6024,-65.6977
330,11008,472,108.9379,-65.7068
330,11008,480,108.9958,-65.7089
330,11008,488,109.2828,-65.7008
330,11008,496,109.3464,-65.6976
330,11008,504,109.4167,-65.6933
330,11008,512,109.6071,-65.6709
330,11008,520,109.7364,-65.6459
330,11008,528,109.8021,-65.6302
330,11008,536,109.9017,-65.6028
330,11008,544,110.1030,-65.5278
330,11008,552,110.2298,-65.4698
330,11008,560,110.3941,-65.3881
330,11008,568,110.5814,-65.2959
330,11008,576,111.0363,-65.1280
330,11008,584,111.0969,-65.1172
330,11008,592,111.5042,-65.0900
330,11008,600,112.5214,-65.4726
330,11008,608,112.5774,-65.5099
330,11008,616,112.9599,-65.7559
330,11008,624,113.0566,-65.8152
330,11008,632,113.1840,-65.8846
330,11008,640,113.2918,-65.9280
330,11008,648,113.6833,-65.9903
330,11008,656,113.7041,-65.9919
330,11008,664,113.9150,-65.9736
330,11008,672,113.9719,-65.9614
330,11008,680,114.4211,-65.8250
330,11008,688,114.4875,-65.8059
330,11008,696,114.5942,-65.7749
330,11008,704,114.6791,-65.7486
330,11008,712,114.9900,-65.6050
330,11008,720,115.8016,-65.3643
330,11008,728,115.8469,-65.3650
330,11008,736,115.9105,-65.3668
330,11008,744,116.2600,-65.3639
330,11008,752,117.1522,-65.4842
330,11008,760,117.2180,-65.5067
330,11008,768,117.3098,-65.5314
330,11008,776,117.7696,-65.5874
330,11008,784,117.9511,-65.6126
330,11008,792,118.1212,-65.6317
330,11008,800,118.2198,-65.6390
330,11008,808,118.6640,-65.6428
330,11008,816,119.1285,-65.6806
330,11008,824,119.2915,-65.7024
330,11008,832,119.3789,-65.7101
330,11008,840,119.8705,-65.7155
330,11008,848,120.2034,-65.7336
330,11008,856,120.4245,-65.7477
330,11008,864,121.2106,-65.8381
330,11008,872,123.2938,-66.7619
330,11008,880,125.2023,-67.6218
330,11008,888,125.2665,-67.6445
330,11008,896,125.6057,-67.7259
330,11008,904,125.9487,-67.7594
330,11008,912,126.1073,-67.7573
330,11008,920,126.5195,-67.6929
330,11008,928,126.5824,-67.6808
330,11008,936,126.6349,-67.6686
330,11008,944,127.0208,-67.4956
330,11008,952,128.0145,-67.0348
330,11008,960,130.0727,-67.0110
330,11008,968,133.2127,-67.5225
330,11008,976,138.2034,-67.6412
330,11008,984,143.4586,-67.2643
330,11008,992,149.1593,-66.7711
330,11008,1000,164.2045,-65.7432
330,11008,1008,182.8713,-65.0597
330,11008,1016,216.0613,-64.6576
330,11008,1024,249.2513,-64.5784
330,11008,1032,292.9166,-64.5632
330,11008,1040,949.9025,-64.5611
330,11009,0,0.0000,-65.0000
330,11009,8,0.0699,-64.9855
330,11009,16,0.6811,-64.9173
330,11009,24,5.5147,-64.6276
330,11009,32,14.0905,-64.5433
330,11009,40,22.6664,-64.5540
330,11009,48,36.8228,-64.5609
330,11009,56,100.0000,-64.5618
330,11009,64,100.0330,-64.5492
330,11009,72,100.0706,-64.5045
330,11009,80,100.1015,-64.4458
330,11009,88,100.1464,-64.3288
330,11009,96,100.3508,-63.4901
330,11009,104,100.7144,-61.7344
330,11009,112,100.7799,-61.4593
330,11009,120,100.9941,-60.6956
330,11009,128,101.1394,-60.2974
330,11009,136,101.6733,-59.6297
330,11009,144,101.7522,-59.6260
330,11009,152,101.8850,-59.6586
330,11009,160,101.9264,-59.6768
330,11009,168,102.1779,-59.8333
330,11009,176,102.2647,-59.9109
330,11009,184,102.5223,-60.1932
330,11009,192,102.7533,-60.5197
330,11009,200,102.7984,-60.5912
330,11009,208,102.8539,-60.6776
330,11009,216,103.0145,-60.9225
330,11009,224,103.0925,-61.0357
330,11009,232,103.2340,-61.2334
330,11009,240,103.3977,-61.4457
330,11009,248,103.5423,-61.6207
330,11009,256,103.6754,-61.7771
330,11009,264,103.7915,-61.9081
330,11009,272,103.8429,-61.9631
330,11009,280,103.9781,-62.0957
330,11009,288,104.1680,-62.2592
330,11009,296,104.5335,-62.5640
330,11009,304,104.6403,-62.6608
330,11009,312,104.7813,-62.7872
330,11009,320,104.8986,-62.8863
330,11009,328,105.4705,-63.3566
330,11009,336,105.8189,-63.7118
330,11009,344,105.9669,-63.8774
330,11009,352,106.0453,-63.9649
330,11009,360,106.2716,-64.2058
330,11009,368,106.4648,-64.4020
330,11009,376,106.6369,-64.5706
330,11009,384,106.6927,-64.6229
330,11009,392,107.0835,-64.9425
330,11009,400,107.2322,-65.0558
330,11009,408,107.4914,-65.2440
330,11009,416,107.5684,-65.2943
330,11009,424,107.7694,-65.4069
330,11009,432,107.9576,-65.4984
330,11009,440,108.1907,-65.6001
330,11009,448,108.3067,-65.6490
330,11009,456,108.3313,-65.6582
330,11009,464,108.6024,-65.6977
330,11009,472,108.9379,-65.7068
330,11009,480,108.9958,-65.7089
330,11009,488,109.2828,-65.7008
330,11009,496,109.3464,-65.6976
330,11009,504,109.4167,-65.6933
330,11009,512,109.6071,-65.6709
330,11009,520,109.7364,-65.6459
330,11009,528,109.8021,-65.6302
330,11009,536,109.9017,-65.6028
330,11009,544,110.1030,-65.5278
330,11009,552,110.2298,-65.4698
330,11009,560,110.3941,-65.3881
330,11009,568,110.5814,-65.2959
330,11009,576,111.0363,-65.1280
330,11009,584,111.0969,-65.1172
330,11009,592,111.5042,-65.0900
330,11009,600,112.5214,-65.4726
330,11009,608,112.5774,-65.5099
330,11009,616,112.9599,-65.7559
330,11009,624,113.0566,-65.8152
330,11009,632,113.1840,-65.8846
330,11009,640,113.2918,-65.9280
330,11009,648,113.6833,-65.9903
330,11009,656,113.7041,-65.9919
330,11009,664,113.9150,-65.9736
330,11009,672,113.9719,-65.9614
330,11009,680,114.4211,-65.8250
330,11009,688,114.4875,-65.8059
330,11009,696,114.5942,-65.7749
330,11009,704,114.6791,-65.7486
330,11009,712,114.9900,-65.6050
330,11009,720,115.8016,-65.3643
330,11009,728,115.8469,-65.3650
330,11009,736,115.9105,-65.3668
330,11009,744,116.2600,-65.3639
330,11009,752,117.1522,-65.4842
330,11009,760,117.2180,-65.5067
330,11009,768,117.3098,-65.5314
330,11009,776,117.7696,-65.5874
330,11009,784,117.9511,-65.6126
330,11009,792,118.1212,-65.6317
330,11009,800,118.2198,-65.6390
330,11009,808,118.6640,-65.6428
330,11009,816,119.1285,-65.6806
330,11009,824,119.2915,-65.7024
330,11009,832,119.3789,-65.7101
330,11009,840,119.8705,-65.7155
330,11009,848,120.2034,-65.7336
330,11009,856,120.4245,-65.7477
330,11009,864,121.2106,-65.8381
330,11009,872,123.2938,-66.7619
330,11009,880,125.2023,-67.6218
330,11009,888,125.2665,-67.6445
330,11009,896,125.6057,-67.7259
330,11009,904,125.9487,-67.7594
330,11009,912,126.1073,-67.7573
330,11009,920,126.5195,-67.6929
330,11009,928,126.5824,-67.6808
330,11009,936,126.6349,-67.6686
330,11009,944,127.0208,-67.4956
330,11009,952,128.0145,-67.0348
330,11009,960,130.0727,-67.0110
330,11009,968,133.2127,-67.5225
330,11009,976,138.2034,-67.6412
330,11009,984,143.4586,-67.2643
330,11009,992,149.1593,-66.7711
330,11009,1000,164.2045,-65.7432
330,11009,1008,182.8713,-65.0597
330,11009,1016,216.0613,-64.6576
330,11009,1024,249.2513,-64.5784
330,11009,1032,292.9166,-64.5632
330,11009,1040,949.9025,-64.5611
330,11010,0,0.0000,-65.0000
330,11010,8,0.0699,-64.9855
330,11010,16,0.6811,-64.9173
330,11010,24,5.5147,-64.6276
330,11010,32,14.0905,-64.5433
330,11010,40,22.6664,-64.5540
330,11010,48,36.8228,-64.5609
330,11010,56,100.0000,-64.5618
330,11010,64,100.0330,-64.5492
330,11010,72,100.0706,-64.5045
330,11010,80,100.1015,-64.4458
330,11010,88,100.1464,-64.3288
330,11010,96,100.3508,-63.4901
330,11010,104,100.7144,-61.7344
330,11010,112,100.7799,-61.4593
330,11010,120,100.9941,-60.6956
330,11010,128,101.1394,-60.2974
330,11010,136,101.6733,-59.6297
330,11010,144,101.7522,-59.6260
330,11010,152,101.8850,-59.6586
330,11010,160,101.9264,-59.6768
330,11010,168,102.1779,-59.8333
330,11010,176,102.2647,-59.9109
330,11010,184,102.5223,-60.1932
330,11010,192,102.7533,-60.5197
330,11010,200,102.7984,-60.5912
330,11010,208,102.8539,-60.6776
330,11010,216,103.0145,-60.9225
330,11010,224,103.0925,-61.0357
330,11010,232,103.2340,-61.2334
330,11010,240,103.3977,-61.4457
330,11010,248,103.5423,-61.6207
330,11010,256,103.6754,-61.7771
330,11010,264,103.7915,-61.9081
330,11010,272,103.8429,-61.9631
330,11010,280,103.9781,-62.0957
330,11010,288,104.1680,-62.2592
330,11010,296,104.5335,-62.5640
330,11010,304,104.6403,-62.6608
330,11010,312,104.7813,-62.7872
330,11010,320,104.8986,-62.8863
330,11010,328,105.4705,-63.3566
330,11010,336,105.8189,-63.7118
330,11010,344,105.9669,-63.8774
330,11010,352,106.0453,-63.9649
330,11010,360,106.2716,-64.2058
330,11010,368,106.4648,-64.4020
330,11010,376,106.6369,-64.5706
330,11010,384,106.6927,-64.6229
330,11010,392,107.0835,-64.9425
330,11010,400,107.2322,-65.0558
330,11010,408,107.4914,-65.2440
330,11010,416,107.5684,-65.2943
330,11010,424,107.7694,-65.4069
330,11010,432,107.9576,-65.4984
330,11010,440,108.1907,-65.6001
330,11010,448,108.3067,-65.6490
330,11010,456,108.3313,-65.6582
330,11010,464,108.6024,-65.6977
330,11010,472,108.9379,-65.7068
330,11010,480,108.9958,-65.7089
330,11010,488,109.2828,-65.7008
330,11010,496,109.3464,-65.6976
330,11010,504,109.4167,-65.6933
330,11010,512,109.6071,-65.6709
330,11010,520,109.7364,-65.6459
330,11010,528,109.8021,-65.6302
330,11010,536,109.9017,-65.6028
330,11010,544,110.1030,-65.5278
330,11010,552,110.2298,-65.4698
330,11010,560,110.3941,-65.3881
330,11010,568,110.5814,-65.2959
330,11010,576,111.0363,-65.1280
330,11010,584,111.0969,-65.1172
330,11010,592,111.5042,-65.0900
330,11010,600,112.5214,-65.4726
330,11010,608,112.5774,-65.5099
330,11010,616,112.9599,-65.7559
330,11010,624,113.0566,-65.8152
330,11010,632,113.1840,-65.8846
330,11010,640,113.2918,-65.9280
330,11010,648,113.6833,-65.9903
330,11010,656,113.7041,-65.9919
330,11010,664,113.9150,-65.9736
330,11010,672,113.9719,-65.9614
330,11010,680,114.4211,-65.8250
330,11010,688,114.4875,-65.8059
330,11010,696,114.5942,-65.7749
330,11010,704,114.6791,-65.7486
330,11010,712,114.9900,-65.6050
330,11010,720,115.8016,-65.3643
330,11010,728,115.8469,-65.3650
330,11010,736,115.9105,-65.3668
330,11010,744,116.2600,-65.3639
330,11010,752,117.1522,-65.4842
330,11010,760,117.2180,-65.5067
330,11010,768,117.3098,-65.5314
330,11010,776,117.7696,-65.5874
330,11010,784,117.9511,-65.6126
330,11010,792,118.1212,-65.6317
330,11010,800,118.2198,-65.6390
330,11010,808,118.6640,-65.6428
330,11010,816,119.1285,-65.6806
330,11010,824,119.2915,-65.7024
330,11010,832,119.3789,-65.7101
330,11010,840,119.8705,-65.7155
330,11010,848,120.2034,-65.7336
330,11010,856,120.4245,-65.7477
330,11010,864,121.2106,-65.8381
330,11010,872,123.2938,-66.7619
330,11010,880,125.2023,-67.6218
330,11010,888,125.2665,-67.6445
330,11010,896,125.6057,-67.7259
330,11010,904,125.9487,-67.7594
330,11010,912,126.1073,-67.7573
330,11010,920,126.5195,-67.6929
330,11010,928,126.5824,-67.6808
330,11010,936,126.6349,-67.6686
330,11010,944,127.0208,-67.4956
330,11010,952,128.0145,-67.0348
330,11010,960,130.0727,-67.0110
330,11010,968,133.2127,-67.5225
330,11010,976,138.2034,-67.6412
330,11010,984,143.4586,-67.2643
330,11010,992,149.1593,-66.7711
330,11010,1000,164.2045,-65.7432
330,11010,1008,182.8713,-65.0597
330,11010,1016,216.0613,-64.6576
330,11010,1024,249.2513,-64.5784
330,11010,1032,292.9166,-64.5632
330,11010,1040,949.9025,-64.5611
