{
  "0.50": 353.07557678222656,
  "0.75": 342.20323610305786,
  "1.00": 369.1871874332428,
  "1.25": 373.7132959365845,
  "1.50": 437.3800826072693,
  "1.75": 332.70735478401184,
  "2.00": 333.5766770839691
}
